run_id,true_label,predicted_label,prob_class_0,prob_class_1
gue_emp_H3K4me1_frozen__bert-base-uncased__20260518T063955Z,1,1,0.4686373472213745,0.5313626527786255
gue_emp_H3K4me1_frozen__bert-base-uncased__20260518T063955Z,0,1,0.46819159388542175,0.5318083763122559
gue_emp_H3K4me1_frozen__bert-base-uncased__20260518T063955Z,0,1,0.4679049551486969,0.5320950150489807
gue_emp_H3K4me1_frozen__bert-base-uncased__20260518T063955Z,0,1,0.4648139476776123,0.5351860523223877
gue_emp_H3K4me1_frozen__bert-base-uncased__20260518T063955Z,0,1,0.472002774477005,0.5279971957206726
gue_emp_H3K4me1_frozen__bert-base-uncased__20260518T063955Z,1,1,0.4687650799751282,0.5312349200248718
gue_emp_H3K4me1_frozen__bert-base-uncased__20260518T063955Z,0,1,0.4741521179676056,0.525847852230072
gue_emp_H3K4me1_frozen__bert-base-uncased__20260518T063955Z,1,1,0.4743683934211731,0.5256316065788269
gue_emp_H3K4me1_frozen__bert-base-uncased__20260518T063955Z,0,1,0.4753846824169159,0.5246152877807617
gue_emp_H3K4me1_frozen__bert-base-uncased__20260518T063955Z,0,1,0.47056955099105835,0.5294304490089417
gue_emp_H3K4me1_frozen__bert-base-uncased__20260518T063955Z,0,1,0.46782419085502625,0.5321758389472961
gue_emp_H3K4me1_frozen__bert-base-uncased__20260518T063955Z,0,1,0.47121918201446533,0.5287808179855347
gue_emp_H3K4me1_frozen__bert-base-uncased__20260518T063955Z,0,1,0.4719368517398834,0.528063178062439
gue_emp_H3K4me1_frozen__bert-base-uncased__20260518T063955Z,1,1,0.47602030634880066,0.5239797234535217
gue_emp_H3K4me1_frozen__bert-base-uncased__20260518T063955Z,1,1,0.4711291790008545,0.5288708209991455
gue_emp_H3K4me1_frozen__bert-base-uncased__20260518T063955Z,1,1,0.4739401936531067,0.5260598063468933
gue_emp_H3K4me1_frozen__bert-base-uncased__20260518T063955Z,1,1,0.469148725271225,0.5308513045310974
gue_emp_H3K4me1_frozen__bert-base-uncased__20260518T063955Z,0,1,0.46225059032440186,0.5377494096755981
gue_emp_H3K4me1_frozen__bert-base-uncased__20260518T063955Z,1,1,0.474944531917572,0.5250554084777832
gue_emp_H3K4me1_frozen__bert-base-uncased__20260518T063955Z,0,1,0.4718784689903259,0.5281215906143188
gue_emp_H3K4me1_frozen__bert-base-uncased__20260518T063955Z,1,1,0.4751790761947632,0.524820864200592
gue_emp_H3K4me1_frozen__bert-base-uncased__20260518T063955Z,1,1,0.46888044476509094,0.5311195850372314
gue_emp_H3K4me1_frozen__bert-base-uncased__20260518T063955Z,1,1,0.4717699885368347,0.5282300710678101
gue_emp_H3K4me1_frozen__bert-base-uncased__20260518T063955Z,0,1,0.4660320580005646,0.533967912197113
gue_emp_H3K4me1_frozen__bert-base-uncased__20260518T063955Z,0,1,0.4741182327270508,0.5258817672729492
gue_emp_H3K4me1_frozen__bert-base-uncased__20260518T063955Z,1,1,0.46828100085258484,0.5317190289497375
gue_emp_H3K4me1_frozen__bert-base-uncased__20260518T063955Z,0,1,0.46957045793533325,0.5304296016693115
gue_emp_H3K4me1_frozen__bert-base-uncased__20260518T063955Z,1,1,0.4675736427307129,0.5324264168739319
gue_emp_H3K4me1_frozen__bert-base-uncased__20260518T063955Z,1,1,0.46859806776046753,0.5314019322395325
gue_emp_H3K4me1_frozen__bert-base-uncased__20260518T063955Z,0,1,0.47008419036865234,0.5299158096313477
gue_emp_H3K4me1_frozen__bert-base-uncased__20260518T063955Z,0,1,0.4675086736679077,0.5324913859367371
gue_emp_H3K4me1_frozen__bert-base-uncased__20260518T063955Z,0,1,0.4661288559436798,0.5338711142539978
gue_emp_H3K4me1_frozen__bert-base-uncased__20260518T063955Z,1,1,0.46751531958580017,0.5324846506118774
gue_emp_H3K4me1_frozen__bert-base-uncased__20260518T063955Z,0,1,0.4690069556236267,0.5309930443763733
gue_emp_H3K4me1_frozen__bert-base-uncased__20260518T063955Z,1,1,0.4745037257671356,0.5254963040351868
gue_emp_H3K4me1_frozen__bert-base-uncased__20260518T063955Z,1,1,0.4673278033733368,0.5326721668243408
gue_emp_H3K4me1_frozen__bert-base-uncased__20260518T063955Z,1,1,0.47250524163246155,0.5274947881698608
gue_emp_H3K4me1_frozen__bert-base-uncased__20260518T063955Z,0,1,0.46871238946914673,0.5312876105308533
gue_emp_H3K4me1_frozen__bert-base-uncased__20260518T063955Z,0,1,0.46808862686157227,0.5319113731384277
gue_emp_H3K4me1_frozen__bert-base-uncased__20260518T063955Z,1,1,0.47051310539245605,0.529486894607544
gue_emp_H3K4me1_frozen__bert-base-uncased__20260518T063955Z,0,1,0.4659900367259979,0.5340099334716797
gue_emp_H3K4me1_frozen__bert-base-uncased__20260518T063955Z,0,1,0.469040185213089,0.5309598445892334
gue_emp_H3K4me1_frozen__bert-base-uncased__20260518T063955Z,1,1,0.4725102484226227,0.5274897813796997
gue_emp_H3K4me1_frozen__bert-base-uncased__20260518T063955Z,0,1,0.4646439552307129,0.5353560447692871
gue_emp_H3K4me1_frozen__bert-base-uncased__20260518T063955Z,1,1,0.46781960129737854,0.5321803689002991
gue_emp_H3K4me1_frozen__bert-base-uncased__20260518T063955Z,1,1,0.4748971462249756,0.5251028537750244
gue_emp_H3K4me1_frozen__bert-base-uncased__20260518T063955Z,1,1,0.46879056096076965,0.5312094688415527
gue_emp_H3K4me1_frozen__bert-base-uncased__20260518T063955Z,1,1,0.4761069715023041,0.5238929986953735
gue_emp_H3K4me1_frozen__bert-base-uncased__20260518T063955Z,1,1,0.47324252128601074,0.5267574191093445
gue_emp_H3K4me1_frozen__bert-base-uncased__20260518T063955Z,0,1,0.47141602635383606,0.5285839438438416
gue_emp_H3K4me1_frozen__bert-base-uncased__20260518T063955Z,1,1,0.4641624689102173,0.5358375310897827
gue_emp_H3K4me1_frozen__bert-base-uncased__20260518T063955Z,0,1,0.46861031651496887,0.5313897132873535
gue_emp_H3K4me1_frozen__bert-base-uncased__20260518T063955Z,0,1,0.4692429006099701,0.5307571291923523
gue_emp_H3K4me1_frozen__bert-base-uncased__20260518T063955Z,1,1,0.47344791889190674,0.5265520811080933
gue_emp_H3K4me1_frozen__bert-base-uncased__20260518T063955Z,0,1,0.4666818082332611,0.5333182215690613
gue_emp_H3K4me1_frozen__bert-base-uncased__20260518T063955Z,1,1,0.4713362157344818,0.5286637544631958
gue_emp_H3K4me1_frozen__bert-base-uncased__20260518T063955Z,1,1,0.4706427752971649,0.5293572545051575
gue_emp_H3K4me1_frozen__bert-base-uncased__20260518T063955Z,0,1,0.46770164370536804,0.5322983860969543
gue_emp_H3K4me1_frozen__bert-base-uncased__20260518T063955Z,0,1,0.4752935469150543,0.5247064828872681
gue_emp_H3K4me1_frozen__bert-base-uncased__20260518T063955Z,1,1,0.46924492716789246,0.5307550430297852
gue_emp_H3K4me1_frozen__bert-base-uncased__20260518T063955Z,0,1,0.46975433826446533,0.5302456617355347
gue_emp_H3K4me1_frozen__bert-base-uncased__20260518T063955Z,0,1,0.4687395691871643,0.5312604904174805
gue_emp_H3K4me1_frozen__bert-base-uncased__20260518T063955Z,0,1,0.4708796739578247,0.5291203260421753
gue_emp_H3K4me1_frozen__bert-base-uncased__20260518T063955Z,1,1,0.47468301653862,0.5253169536590576
gue_emp_H3K4me1_frozen__bert-base-uncased__20260518T063955Z,1,1,0.4708554148674011,0.5291446447372437
gue_emp_H3K4me1_frozen__bert-base-uncased__20260518T063955Z,0,1,0.4730934500694275,0.5269065499305725
gue_emp_H3K4me1_frozen__bert-base-uncased__20260518T063955Z,0,1,0.4704429507255554,0.5295570492744446
gue_emp_H3K4me1_frozen__bert-base-uncased__20260518T063955Z,0,1,0.4784308969974518,0.5215690732002258
gue_emp_H3K4me1_frozen__bert-base-uncased__20260518T063955Z,1,1,0.462701678276062,0.537298321723938
gue_emp_H3K4me1_frozen__bert-base-uncased__20260518T063955Z,1,1,0.4641680121421814,0.5358320474624634
gue_emp_H3K4me1_frozen__bert-base-uncased__20260518T063955Z,0,1,0.47277286648750305,0.5272271037101746
gue_emp_H3K4me1_frozen__bert-base-uncased__20260518T063955Z,0,1,0.47548574209213257,0.5245142579078674
gue_emp_H3K4me1_frozen__bert-base-uncased__20260518T063955Z,0,1,0.4692283272743225,0.5307716727256775
gue_emp_H3K4me1_frozen__bert-base-uncased__20260518T063955Z,1,1,0.47257471084594727,0.5274253487586975
gue_emp_H3K4me1_frozen__bert-base-uncased__20260518T063955Z,1,1,0.4726918041706085,0.5273081660270691
gue_emp_H3K4me1_frozen__bert-base-uncased__20260518T063955Z,1,1,0.47090011835098267,0.5290998816490173
gue_emp_H3K4me1_frozen__bert-base-uncased__20260518T063955Z,1,1,0.4645243287086487,0.5354756712913513
gue_emp_H3K4me1_frozen__bert-base-uncased__20260518T063955Z,0,1,0.47216811776161194,0.5278319120407104
gue_emp_H3K4me1_frozen__bert-base-uncased__20260518T063955Z,0,1,0.4731903076171875,0.5268096923828125
gue_emp_H3K4me1_frozen__bert-base-uncased__20260518T063955Z,1,1,0.47122445702552795,0.5287755727767944
gue_emp_H3K4me1_frozen__bert-base-uncased__20260518T063955Z,0,1,0.469834566116333,0.530165433883667
gue_emp_H3K4me1_frozen__bert-base-uncased__20260518T063955Z,1,1,0.47143667936325073,0.5285632610321045
gue_emp_H3K4me1_frozen__bert-base-uncased__20260518T063955Z,1,1,0.4714961647987366,0.5285038352012634
gue_emp_H3K4me1_frozen__bert-base-uncased__20260518T063955Z,1,1,0.47841644287109375,0.5215835571289062
gue_emp_H3K4me1_frozen__bert-base-uncased__20260518T063955Z,0,1,0.4704919457435608,0.5295079946517944
gue_emp_H3K4me1_frozen__bert-base-uncased__20260518T063955Z,1,1,0.46441417932510376,0.5355857610702515
gue_emp_H3K4me1_frozen__bert-base-uncased__20260518T063955Z,0,1,0.46993276476860046,0.5300672054290771
gue_emp_H3K4me1_frozen__bert-base-uncased__20260518T063955Z,1,1,0.4713701903820038,0.5286298394203186
gue_emp_H3K4me1_frozen__bert-base-uncased__20260518T063955Z,1,1,0.46640485525131226,0.5335951447486877
gue_emp_H3K4me1_frozen__bert-base-uncased__20260518T063955Z,1,1,0.4650397002696991,0.5349602699279785
gue_emp_H3K4me1_frozen__bert-base-uncased__20260518T063955Z,0,1,0.4673073887825012,0.5326926112174988
gue_emp_H3K4me1_frozen__bert-base-uncased__20260518T063955Z,1,1,0.4692484736442566,0.5307515263557434
gue_emp_H3K4me1_frozen__bert-base-uncased__20260518T063955Z,0,1,0.478704571723938,0.521295428276062
gue_emp_H3K4me1_frozen__bert-base-uncased__20260518T063955Z,1,1,0.47487786412239075,0.5251221060752869
gue_emp_H3K4me1_frozen__bert-base-uncased__20260518T063955Z,1,1,0.4719453454017639,0.5280546545982361
gue_emp_H3K4me1_frozen__bert-base-uncased__20260518T063955Z,0,1,0.47233909368515015,0.5276609063148499
gue_emp_H3K4me1_frozen__bert-base-uncased__20260518T063955Z,1,1,0.4671415686607361,0.5328584313392639
gue_emp_H3K4me1_frozen__bert-base-uncased__20260518T063955Z,1,1,0.4701853394508362,0.5298147201538086
gue_emp_H3K4me1_frozen__bert-base-uncased__20260518T063955Z,0,1,0.4724282920360565,0.5275716781616211
gue_emp_H3K4me1_frozen__bert-base-uncased__20260518T063955Z,1,1,0.46923208236694336,0.5307679176330566
gue_emp_H3K4me1_frozen__bert-base-uncased__20260518T063955Z,1,1,0.47232702374458313,0.5276730060577393
gue_emp_H3K4me1_frozen__bert-base-uncased__20260518T063955Z,1,1,0.46746379137039185,0.5325362086296082
gue_emp_H3K4me1_frozen__bert-base-uncased__20260518T063955Z,0,1,0.47322288155555725,0.5267770886421204
gue_emp_H3K4me1_frozen__bert-base-uncased__20260518T063955Z,1,1,0.46438172459602356,0.535618245601654
gue_emp_H3K4me1_frozen__bert-base-uncased__20260518T063955Z,0,1,0.4695146977901459,0.5304852724075317
gue_emp_H3K4me1_frozen__bert-base-uncased__20260518T063955Z,1,1,0.46909579634666443,0.5309041738510132
gue_emp_H3K4me1_frozen__bert-base-uncased__20260518T063955Z,0,1,0.4677603840827942,0.5322396159172058
gue_emp_H3K4me1_frozen__bert-base-uncased__20260518T063955Z,0,1,0.46855252981185913,0.5314474701881409
gue_emp_H3K4me1_frozen__bert-base-uncased__20260518T063955Z,0,1,0.47026127576828003,0.52973872423172
gue_emp_H3K4me1_frozen__bert-base-uncased__20260518T063955Z,0,1,0.4740678668022156,0.5259321331977844
gue_emp_H3K4me1_frozen__bert-base-uncased__20260518T063955Z,0,1,0.46987736225128174,0.5301226377487183
gue_emp_H3K4me1_frozen__bert-base-uncased__20260518T063955Z,1,1,0.47023338079452515,0.5297665596008301
gue_emp_H3K4me1_frozen__bert-base-uncased__20260518T063955Z,1,1,0.4688390791416168,0.5311608910560608
gue_emp_H3K4me1_frozen__bert-base-uncased__20260518T063955Z,1,1,0.4659499228000641,0.5340500473976135
gue_emp_H3K4me1_frozen__bert-base-uncased__20260518T063955Z,0,1,0.47154176235198975,0.5284581780433655
gue_emp_H3K4me1_frozen__bert-base-uncased__20260518T063955Z,1,1,0.46926382184028625,0.5307362079620361
gue_emp_H3K4me1_frozen__bert-base-uncased__20260518T063955Z,1,1,0.46637898683547974,0.5336210131645203
gue_emp_H3K4me1_frozen__bert-base-uncased__20260518T063955Z,0,1,0.46692943572998047,0.5330705642700195
gue_emp_H3K4me1_frozen__bert-base-uncased__20260518T063955Z,0,1,0.46645089983940125,0.5335490703582764
gue_emp_H3K4me1_frozen__bert-base-uncased__20260518T063955Z,0,1,0.476341187953949,0.523658812046051
gue_emp_H3K4me1_frozen__bert-base-uncased__20260518T063955Z,1,1,0.46634137630462646,0.5336586236953735
gue_emp_H3K4me1_frozen__bert-base-uncased__20260518T063955Z,1,1,0.4756321310997009,0.5243679285049438
gue_emp_H3K4me1_frozen__bert-base-uncased__20260518T063955Z,0,1,0.4651685059070587,0.5348315238952637
gue_emp_H3K4me1_frozen__bert-base-uncased__20260518T063955Z,1,1,0.4735979437828064,0.5264021158218384
gue_emp_H3K4me1_frozen__bert-base-uncased__20260518T063955Z,0,1,0.47621864080429077,0.5237813591957092
gue_emp_H3K4me1_frozen__bert-base-uncased__20260518T063955Z,1,1,0.46916618943214417,0.5308338403701782
gue_emp_H3K4me1_frozen__bert-base-uncased__20260518T063955Z,0,1,0.47129228711128235,0.52870774269104
gue_emp_H3K4me1_frozen__bert-base-uncased__20260518T063955Z,1,1,0.4637116491794586,0.5362883806228638
gue_emp_H3K4me1_frozen__bert-base-uncased__20260518T063955Z,1,1,0.4708327353000641,0.5291672348976135
gue_emp_H3K4me1_frozen__bert-base-uncased__20260518T063955Z,1,1,0.4690956771373749,0.5309043526649475
gue_emp_H3K4me1_frozen__bert-base-uncased__20260518T063955Z,0,1,0.4724259078502655,0.5275740623474121
gue_emp_H3K4me1_frozen__bert-base-uncased__20260518T063955Z,0,1,0.47127729654312134,0.5287227034568787
gue_emp_H3K4me1_frozen__bert-base-uncased__20260518T063955Z,1,1,0.4668099582195282,0.5331900119781494
gue_emp_H3K4me1_frozen__bert-base-uncased__20260518T063955Z,1,1,0.4712662994861603,0.5287336707115173
gue_emp_H3K4me1_frozen__bert-base-uncased__20260518T063955Z,1,1,0.47027596831321716,0.5297240018844604
gue_emp_H3K4me1_frozen__bert-base-uncased__20260518T063955Z,1,1,0.46572545170783997,0.5342745780944824
gue_emp_H3K4me1_frozen__bert-base-uncased__20260518T063955Z,1,1,0.4707264304161072,0.5292735695838928
gue_emp_H3K4me1_frozen__bert-base-uncased__20260518T063955Z,1,1,0.4684734344482422,0.531526505947113
gue_emp_H3K4me1_frozen__bert-base-uncased__20260518T063955Z,0,1,0.4670707881450653,0.5329292416572571
gue_emp_H3K4me1_frozen__bert-base-uncased__20260518T063955Z,0,1,0.46840032935142517,0.5315997004508972
gue_emp_H3K4me1_frozen__bert-base-uncased__20260518T063955Z,1,1,0.47837725281715393,0.5216227173805237
gue_emp_H3K4me1_frozen__bert-base-uncased__20260518T063955Z,0,1,0.4748000502586365,0.5251999497413635
gue_emp_H3K4me1_frozen__bert-base-uncased__20260518T063955Z,1,1,0.4722517728805542,0.5277482271194458
gue_emp_H3K4me1_frozen__bert-base-uncased__20260518T063955Z,1,1,0.47217294573783875,0.5278270840644836
gue_emp_H3K4me1_frozen__bert-base-uncased__20260518T063955Z,0,1,0.46699047088623047,0.5330095291137695
gue_emp_H3K4me1_frozen__bert-base-uncased__20260518T063955Z,0,1,0.47131359577178955,0.5286864042282104
gue_emp_H3K4me1_frozen__bert-base-uncased__20260518T063955Z,1,1,0.467644602060318,0.5323553681373596
gue_emp_H3K4me1_frozen__bert-base-uncased__20260518T063955Z,1,1,0.4663209617137909,0.5336790680885315
gue_emp_H3K4me1_frozen__bert-base-uncased__20260518T063955Z,1,1,0.4719809591770172,0.5280190706253052
gue_emp_H3K4me1_frozen__bert-base-uncased__20260518T063955Z,1,1,0.4705085754394531,0.5294914245605469
gue_emp_H3K4me1_frozen__bert-base-uncased__20260518T063955Z,0,1,0.47011303901672363,0.5298869609832764
gue_emp_H3K4me1_frozen__bert-base-uncased__20260518T063955Z,1,1,0.4709532856941223,0.5290467143058777
gue_emp_H3K4me1_frozen__bert-base-uncased__20260518T063955Z,1,1,0.4584611654281616,0.5415388345718384
gue_emp_H3K4me1_frozen__bert-base-uncased__20260518T063955Z,0,1,0.46774187684059143,0.532258152961731
gue_emp_H3K4me1_frozen__bert-base-uncased__20260518T063955Z,0,1,0.47351953387260437,0.5264804363250732
gue_emp_H3K4me1_frozen__bert-base-uncased__20260518T063955Z,0,1,0.4714222252368927,0.5285777449607849
gue_emp_H3K4me1_frozen__bert-base-uncased__20260518T063955Z,0,1,0.4708651304244995,0.5291348695755005
gue_emp_H3K4me1_frozen__bert-base-uncased__20260518T063955Z,1,1,0.4684588611125946,0.5315411686897278
gue_emp_H3K4me1_frozen__bert-base-uncased__20260518T063955Z,0,1,0.471821129322052,0.528178870677948
gue_emp_H3K4me1_frozen__bert-base-uncased__20260518T063955Z,1,1,0.4732730984687805,0.5267269015312195
gue_emp_H3K4me1_frozen__bert-base-uncased__20260518T063955Z,0,1,0.46557852625846863,0.5344215035438538
gue_emp_H3K4me1_frozen__bert-base-uncased__20260518T063955Z,0,1,0.4719391167163849,0.5280608534812927
gue_emp_H3K4me1_frozen__bert-base-uncased__20260518T063955Z,1,1,0.4606966972351074,0.5393033027648926
gue_emp_H3K4me1_frozen__bert-base-uncased__20260518T063955Z,0,1,0.47355756163597107,0.5264424085617065
gue_emp_H3K4me1_frozen__bert-base-uncased__20260518T063955Z,1,1,0.4677143692970276,0.5322856307029724
gue_emp_H3K4me1_frozen__bert-base-uncased__20260518T063955Z,1,1,0.4679415822029114,0.5320583581924438
gue_emp_H3K4me1_frozen__bert-base-uncased__20260518T063955Z,1,1,0.47492721676826477,0.5250728130340576
gue_emp_H3K4me1_frozen__bert-base-uncased__20260518T063955Z,1,1,0.4634680449962616,0.5365319848060608
gue_emp_H3K4me1_frozen__bert-base-uncased__20260518T063955Z,1,1,0.4713073670864105,0.5286926627159119
gue_emp_H3K4me1_frozen__bert-base-uncased__20260518T063955Z,1,1,0.46767735481262207,0.5323227047920227
gue_emp_H3K4me1_frozen__bert-base-uncased__20260518T063955Z,1,1,0.4712733328342438,0.5287266373634338
gue_emp_H3K4me1_frozen__bert-base-uncased__20260518T063955Z,0,1,0.4708162844181061,0.5291836857795715
gue_emp_H3K4me1_frozen__bert-base-uncased__20260518T063955Z,0,1,0.4656996726989746,0.5343003273010254
gue_emp_H3K4me1_frozen__bert-base-uncased__20260518T063955Z,0,1,0.47435569763183594,0.5256443023681641
gue_emp_H3K4me1_frozen__bert-base-uncased__20260518T063955Z,1,1,0.46396318078041077,0.5360368490219116
gue_emp_H3K4me1_frozen__bert-base-uncased__20260518T063955Z,0,1,0.4751589298248291,0.5248410701751709
gue_emp_H3K4me1_frozen__bert-base-uncased__20260518T063955Z,0,1,0.4651543200016022,0.5348457098007202
gue_emp_H3K4me1_frozen__bert-base-uncased__20260518T063955Z,1,1,0.47104334831237793,0.5289566516876221
gue_emp_H3K4me1_frozen__bert-base-uncased__20260518T063955Z,1,1,0.4676876366138458,0.5323123931884766
gue_emp_H3K4me1_frozen__bert-base-uncased__20260518T063955Z,1,1,0.47099748253822327,0.5290024876594543
gue_emp_H3K4me1_frozen__bert-base-uncased__20260518T063955Z,1,1,0.4689355194568634,0.531064510345459
gue_emp_H3K4me1_frozen__bert-base-uncased__20260518T063955Z,0,1,0.4668603539466858,0.5331396460533142
gue_emp_H3K4me1_frozen__bert-base-uncased__20260518T063955Z,0,1,0.4683820903301239,0.5316179394721985
gue_emp_H3K4me1_frozen__bert-base-uncased__20260518T063955Z,0,1,0.47164398431777954,0.5283560156822205
gue_emp_H3K4me1_frozen__bert-base-uncased__20260518T063955Z,1,1,0.4673069417476654,0.532693088054657
gue_emp_H3K4me1_frozen__bert-base-uncased__20260518T063955Z,1,1,0.46685439348220825,0.5331456065177917
gue_emp_H3K4me1_frozen__bert-base-uncased__20260518T063955Z,1,1,0.4701690077781677,0.5298309326171875
gue_emp_H3K4me1_frozen__bert-base-uncased__20260518T063955Z,1,1,0.47210386395454407,0.5278961062431335
gue_emp_H3K4me1_frozen__bert-base-uncased__20260518T063955Z,0,1,0.47084078192710876,0.5291592478752136
gue_emp_H3K4me1_frozen__bert-base-uncased__20260518T063955Z,1,1,0.46982342004776,0.53017657995224
gue_emp_H3K4me1_frozen__bert-base-uncased__20260518T063955Z,0,1,0.46906033158302307,0.5309396982192993
gue_emp_H3K4me1_frozen__bert-base-uncased__20260518T063955Z,1,1,0.4600793719291687,0.5399206876754761
gue_emp_H3K4me1_frozen__bert-base-uncased__20260518T063955Z,1,1,0.4698442816734314,0.5301557183265686
gue_emp_H3K4me1_frozen__bert-base-uncased__20260518T063955Z,0,1,0.4721197485923767,0.5278802514076233
gue_emp_H3K4me1_frozen__bert-base-uncased__20260518T063955Z,0,1,0.4737744927406311,0.5262255072593689
gue_emp_H3K4me1_frozen__bert-base-uncased__20260518T063955Z,1,1,0.4639769494533539,0.5360230803489685
gue_emp_H3K4me1_frozen__bert-base-uncased__20260518T063955Z,1,1,0.47272124886512756,0.5272787809371948
gue_emp_H3K4me1_frozen__bert-base-uncased__20260518T063955Z,1,1,0.4726109802722931,0.5273889899253845
gue_emp_H3K4me1_frozen__bert-base-uncased__20260518T063955Z,0,1,0.46831443905830383,0.5316855907440186
gue_emp_H3K4me1_frozen__bert-base-uncased__20260518T063955Z,1,1,0.4718745946884155,0.5281254053115845
gue_emp_H3K4me1_frozen__bert-base-uncased__20260518T063955Z,0,1,0.4722679853439331,0.5277319550514221
gue_emp_H3K4me1_frozen__bert-base-uncased__20260518T063955Z,0,1,0.47161948680877686,0.5283805131912231
gue_emp_H3K4me1_frozen__bert-base-uncased__20260518T063955Z,1,1,0.4708496630191803,0.5291503071784973
gue_emp_H3K4me1_frozen__bert-base-uncased__20260518T063955Z,0,1,0.46640777587890625,0.5335922241210938
gue_emp_H3K4me1_frozen__bert-base-uncased__20260518T063955Z,1,1,0.4664261043071747,0.5335738658905029
gue_emp_H3K4me1_frozen__bert-base-uncased__20260518T063955Z,1,1,0.4683493971824646,0.5316505432128906
gue_emp_H3K4me1_frozen__bert-base-uncased__20260518T063955Z,1,1,0.4711211025714874,0.528878927230835
gue_emp_H3K4me1_frozen__bert-base-uncased__20260518T063955Z,0,1,0.4691302478313446,0.5308697819709778
gue_emp_H3K4me1_frozen__bert-base-uncased__20260518T063955Z,1,1,0.4725845754146576,0.5274154543876648
gue_emp_H3K4me1_frozen__bert-base-uncased__20260518T063955Z,0,1,0.47300484776496887,0.5269951820373535
gue_emp_H3K4me1_frozen__bert-base-uncased__20260518T063955Z,0,1,0.4676658809185028,0.5323340892791748
gue_emp_H3K4me1_frozen__bert-base-uncased__20260518T063955Z,1,1,0.4781757593154907,0.521824300289154
gue_emp_H3K4me1_frozen__bert-base-uncased__20260518T063955Z,0,1,0.4710564613342285,0.5289435386657715
gue_emp_H3K4me1_frozen__bert-base-uncased__20260518T063955Z,0,1,0.4689684510231018,0.5310315489768982
gue_emp_H3K4me1_frozen__bert-base-uncased__20260518T063955Z,1,1,0.4726684093475342,0.5273316502571106
gue_emp_H3K4me1_frozen__bert-base-uncased__20260518T063955Z,0,1,0.46934643387794495,0.5306535363197327
gue_emp_H3K4me1_frozen__bert-base-uncased__20260518T063955Z,0,1,0.4746015965938568,0.5253983736038208
gue_emp_H3K4me1_frozen__bert-base-uncased__20260518T063955Z,1,1,0.468696266412735,0.5313037037849426
gue_emp_H3K4me1_frozen__bert-base-uncased__20260518T063955Z,1,1,0.4764882028102875,0.5235117673873901
gue_emp_H3K4me1_frozen__bert-base-uncased__20260518T063955Z,1,1,0.4613555371761322,0.5386444330215454
gue_emp_H3K4me1_frozen__bert-base-uncased__20260518T063955Z,1,1,0.4658255875110626,0.5341744422912598
gue_emp_H3K4me1_frozen__bert-base-uncased__20260518T063955Z,1,1,0.4722130596637726,0.5277869701385498
gue_emp_H3K4me1_frozen__bert-base-uncased__20260518T063955Z,0,1,0.46884045004844666,0.531159520149231
gue_emp_H3K4me1_frozen__bert-base-uncased__20260518T063955Z,1,1,0.47598788142204285,0.5240120887756348
gue_emp_H3K4me1_frozen__bert-base-uncased__20260518T063955Z,1,1,0.4582042992115021,0.5417956709861755
gue_emp_H3K4me1_frozen__bert-base-uncased__20260518T063955Z,0,1,0.46266135573387146,0.5373386740684509
gue_emp_H3K4me1_frozen__bert-base-uncased__20260518T063955Z,1,1,0.4652884304523468,0.5347115397453308
gue_emp_H3K4me1_frozen__bert-base-uncased__20260518T063955Z,0,1,0.47509655356407166,0.5249034762382507
gue_emp_H3K4me1_frozen__bert-base-uncased__20260518T063955Z,0,1,0.4759206175804138,0.5240793824195862
gue_emp_H3K4me1_frozen__bert-base-uncased__20260518T063955Z,1,1,0.47460365295410156,0.5253964066505432
gue_emp_H3K4me1_frozen__bert-base-uncased__20260518T063955Z,1,1,0.4681369662284851,0.5318629741668701
gue_emp_H3K4me1_frozen__bert-base-uncased__20260518T063955Z,1,1,0.4770067036151886,0.5229933261871338
gue_emp_H3K4me1_frozen__bert-base-uncased__20260518T063955Z,0,1,0.4731234312057495,0.5268765687942505
gue_emp_H3K4me1_frozen__bert-base-uncased__20260518T063955Z,0,1,0.4740665853023529,0.5259334444999695
gue_emp_H3K4me1_frozen__bert-base-uncased__20260518T063955Z,0,1,0.4693867266178131,0.5306133031845093
gue_emp_H3K4me1_frozen__bert-base-uncased__20260518T063955Z,1,1,0.4727165400981903,0.5272834300994873
gue_emp_H3K4me1_frozen__bert-base-uncased__20260518T063955Z,1,1,0.4632773697376251,0.5367226004600525
gue_emp_H3K4me1_frozen__bert-base-uncased__20260518T063955Z,1,1,0.4736986756324768,0.5263013243675232
gue_emp_H3K4me1_frozen__bert-base-uncased__20260518T063955Z,1,1,0.4666440784931183,0.5333558917045593
gue_emp_H3K4me1_frozen__bert-base-uncased__20260518T063955Z,1,1,0.4713691473007202,0.5286308526992798
gue_emp_H3K4me1_frozen__bert-base-uncased__20260518T063955Z,1,1,0.47493499517440796,0.5250649452209473
gue_emp_H3K4me1_frozen__bert-base-uncased__20260518T063955Z,1,1,0.469188928604126,0.530811071395874
gue_emp_H3K4me1_frozen__bert-base-uncased__20260518T063955Z,0,1,0.468788743019104,0.531211256980896
gue_emp_H3K4me1_frozen__bert-base-uncased__20260518T063955Z,0,1,0.46602663397789,0.5339733958244324
gue_emp_H3K4me1_frozen__bert-base-uncased__20260518T063955Z,0,1,0.468210369348526,0.5317896008491516
gue_emp_H3K4me1_frozen__bert-base-uncased__20260518T063955Z,1,1,0.4700551927089691,0.5299447774887085
gue_emp_H3K4me1_frozen__bert-base-uncased__20260518T063955Z,1,1,0.4712284505367279,0.5287715792655945
gue_emp_H3K4me1_frozen__bert-base-uncased__20260518T063955Z,1,1,0.4628129303455353,0.5371870994567871
gue_emp_H3K4me1_frozen__bert-base-uncased__20260518T063955Z,1,1,0.46495696902275085,0.5350430607795715
gue_emp_H3K4me1_frozen__bert-base-uncased__20260518T063955Z,0,1,0.4707770347595215,0.5292230248451233
gue_emp_H3K4me1_frozen__bert-base-uncased__20260518T063955Z,0,1,0.4671175181865692,0.5328825116157532
gue_emp_H3K4me1_frozen__bert-base-uncased__20260518T063955Z,1,1,0.47572430968284607,0.5242756605148315
gue_emp_H3K4me1_frozen__bert-base-uncased__20260518T063955Z,0,1,0.47157639265060425,0.5284236669540405
gue_emp_H3K4me1_frozen__bert-base-uncased__20260518T063955Z,1,1,0.4715083837509155,0.5284916162490845
gue_emp_H3K4me1_frozen__bert-base-uncased__20260518T063955Z,0,1,0.46046918630599976,0.5395308136940002
gue_emp_H3K4me1_frozen__bert-base-uncased__20260518T063955Z,1,1,0.46896371245384216,0.5310362577438354
gue_emp_H3K4me1_frozen__bert-base-uncased__20260518T063955Z,1,1,0.4713156521320343,0.5286843180656433
gue_emp_H3K4me1_frozen__bert-base-uncased__20260518T063955Z,0,1,0.4657043516635895,0.5342956185340881
gue_emp_H3K4me1_frozen__bert-base-uncased__20260518T063955Z,0,1,0.46218371391296387,0.5378162860870361
gue_emp_H3K4me1_frozen__bert-base-uncased__20260518T063955Z,0,1,0.4697108864784241,0.5302890539169312
gue_emp_H3K4me1_frozen__bert-base-uncased__20260518T063955Z,1,1,0.47379302978515625,0.5262070298194885
gue_emp_H3K4me1_frozen__bert-base-uncased__20260518T063955Z,1,1,0.471740186214447,0.528259813785553
gue_emp_H3K4me1_frozen__bert-base-uncased__20260518T063955Z,0,1,0.4699684679508209,0.5300315022468567
gue_emp_H3K4me1_frozen__bert-base-uncased__20260518T063955Z,0,1,0.4721909761428833,0.5278090238571167
gue_emp_H3K4me1_frozen__bert-base-uncased__20260518T063955Z,0,1,0.4794735908508301,0.5205264091491699
gue_emp_H3K4me1_frozen__bert-base-uncased__20260518T063955Z,1,1,0.4647005796432495,0.5352994203567505
gue_emp_H3K4me1_frozen__bert-base-uncased__20260518T063955Z,0,1,0.4687421917915344,0.5312577486038208
gue_emp_H3K4me1_frozen__bert-base-uncased__20260518T063955Z,0,1,0.4671672582626343,0.5328328013420105
gue_emp_H3K4me1_frozen__bert-base-uncased__20260518T063955Z,0,1,0.46697503328323364,0.5330249667167664
gue_emp_H3K4me1_frozen__bert-base-uncased__20260518T063955Z,0,1,0.4648533761501312,0.5351466536521912
gue_emp_H3K4me1_frozen__bert-base-uncased__20260518T063955Z,0,1,0.46849384903907776,0.5315061211585999
gue_emp_H3K4me1_frozen__bert-base-uncased__20260518T063955Z,1,1,0.47371888160705566,0.5262811779975891
gue_emp_H3K4me1_frozen__bert-base-uncased__20260518T063955Z,1,1,0.4753097891807556,0.5246902108192444
gue_emp_H3K4me1_frozen__bert-base-uncased__20260518T063955Z,0,1,0.4640653729438782,0.5359346866607666
gue_emp_H3K4me1_frozen__bert-base-uncased__20260518T063955Z,0,1,0.46578261256217957,0.5342174172401428
gue_emp_H3K4me1_frozen__bert-base-uncased__20260518T063955Z,1,1,0.4647056758403778,0.5352942943572998
gue_emp_H3K4me1_frozen__bert-base-uncased__20260518T063955Z,1,1,0.4639846980571747,0.5360152721405029
gue_emp_H3K4me1_frozen__bert-base-uncased__20260518T063955Z,0,1,0.47263696789741516,0.5273630023002625
gue_emp_H3K4me1_frozen__bert-base-uncased__20260518T063955Z,1,1,0.47078844904899597,0.5292115211486816
gue_emp_H3K4me1_frozen__bert-base-uncased__20260518T063955Z,0,1,0.47111570835113525,0.5288842916488647
gue_emp_H3K4me1_frozen__bert-base-uncased__20260518T063955Z,1,1,0.47280529141426086,0.5271946787834167
gue_emp_H3K4me1_frozen__bert-base-uncased__20260518T063955Z,0,1,0.46323907375335693,0.5367609262466431
gue_emp_H3K4me1_frozen__bert-base-uncased__20260518T063955Z,0,1,0.468257337808609,0.5317426919937134
gue_emp_H3K4me1_frozen__bert-base-uncased__20260518T063955Z,0,1,0.4697348177433014,0.5302651524543762
gue_emp_H3K4me1_frozen__bert-base-uncased__20260518T063955Z,1,1,0.4756660461425781,0.5243339538574219
gue_emp_H3K4me1_frozen__bert-base-uncased__20260518T063955Z,1,1,0.4736080467700958,0.5263919830322266
gue_emp_H3K4me1_frozen__bert-base-uncased__20260518T063955Z,1,1,0.46284767985343933,0.5371523499488831
gue_emp_H3K4me1_frozen__bert-base-uncased__20260518T063955Z,1,1,0.47160467505455017,0.5283952951431274
gue_emp_H3K4me1_frozen__bert-base-uncased__20260518T063955Z,0,1,0.46850699186325073,0.5314930081367493
gue_emp_H3K4me1_frozen__bert-base-uncased__20260518T063955Z,0,1,0.4656331539154053,0.5343668460845947
gue_emp_H3K4me1_frozen__bert-base-uncased__20260518T063955Z,1,1,0.4712981581687927,0.5287018418312073
gue_emp_H3K4me1_frozen__bert-base-uncased__20260518T063955Z,0,1,0.46677643060684204,0.533223569393158
gue_emp_H3K4me1_frozen__bert-base-uncased__20260518T063955Z,1,1,0.4679911136627197,0.5320088863372803
gue_emp_H3K4me1_frozen__bert-base-uncased__20260518T063955Z,0,1,0.46842318773269653,0.5315768122673035
gue_emp_H3K4me1_frozen__bert-base-uncased__20260518T063955Z,1,1,0.4765027165412903,0.5234972834587097
gue_emp_H3K4me1_frozen__bert-base-uncased__20260518T063955Z,0,1,0.47045645117759705,0.5295435190200806
gue_emp_H3K4me1_frozen__bert-base-uncased__20260518T063955Z,0,1,0.46525099873542786,0.5347490310668945
gue_emp_H3K4me1_frozen__bert-base-uncased__20260518T063955Z,0,1,0.4687153100967407,0.5312846899032593
gue_emp_H3K4me1_frozen__bert-base-uncased__20260518T063955Z,1,1,0.471847265958786,0.5281527638435364
gue_emp_H3K4me1_frozen__bert-base-uncased__20260518T063955Z,1,1,0.46746084094047546,0.5325391888618469
gue_emp_H3K4me1_frozen__bert-base-uncased__20260518T063955Z,0,1,0.465506374835968,0.534493625164032
gue_emp_H3K4me1_frozen__bert-base-uncased__20260518T063955Z,0,1,0.46381545066833496,0.536184549331665
gue_emp_H3K4me1_frozen__bert-base-uncased__20260518T063955Z,1,1,0.46599113941192627,0.5340088605880737
gue_emp_H3K4me1_frozen__bert-base-uncased__20260518T063955Z,1,1,0.470882773399353,0.529117226600647
gue_emp_H3K4me1_frozen__bert-base-uncased__20260518T063955Z,1,1,0.4725523293018341,0.5274477005004883
gue_emp_H3K4me1_frozen__bert-base-uncased__20260518T063955Z,0,1,0.46913838386535645,0.5308616161346436
gue_emp_H3K4me1_frozen__bert-base-uncased__20260518T063955Z,1,1,0.4733063578605652,0.5266936421394348
gue_emp_H3K4me1_frozen__bert-base-uncased__20260518T063955Z,1,1,0.47097882628440857,0.5290212035179138
gue_emp_H3K4me1_frozen__bert-base-uncased__20260518T063955Z,1,1,0.4699825644493103,0.5300174355506897
gue_emp_H3K4me1_frozen__bert-base-uncased__20260518T063955Z,0,1,0.47039520740509033,0.5296047925949097
gue_emp_H3K4me1_frozen__bert-base-uncased__20260518T063955Z,1,1,0.4702807664871216,0.5297192931175232
gue_emp_H3K4me1_frozen__bert-base-uncased__20260518T063955Z,1,1,0.47176167368888855,0.5282383561134338
gue_emp_H3K4me1_frozen__bert-base-uncased__20260518T063955Z,1,1,0.45824509859085083,0.5417549014091492
gue_emp_H3K4me1_frozen__bert-base-uncased__20260518T063955Z,0,1,0.4724141061306,0.5275858640670776
gue_emp_H3K4me1_frozen__bert-base-uncased__20260518T063955Z,1,1,0.47187528014183044,0.5281247496604919
gue_emp_H3K4me1_frozen__bert-base-uncased__20260518T063955Z,1,1,0.46866753697395325,0.5313324928283691
gue_emp_H3K4me1_frozen__bert-base-uncased__20260518T063955Z,0,1,0.46847549080848694,0.5315244793891907
gue_emp_H3K4me1_frozen__bert-base-uncased__20260518T063955Z,0,1,0.46943289041519165,0.5305671095848083
gue_emp_H3K4me1_frozen__bert-base-uncased__20260518T063955Z,1,1,0.4678979814052582,0.5321019887924194
gue_emp_H3K4me1_frozen__bert-base-uncased__20260518T063955Z,0,1,0.47563496232032776,0.5243650078773499
gue_emp_H3K4me1_frozen__bert-base-uncased__20260518T063955Z,0,1,0.4697146713733673,0.5302852988243103
gue_emp_H3K4me1_frozen__bert-base-uncased__20260518T063955Z,0,1,0.4765940010547638,0.5234059691429138
gue_emp_H3K4me1_frozen__bert-base-uncased__20260518T063955Z,0,1,0.47073134779930115,0.5292686223983765
gue_emp_H3K4me1_frozen__bert-base-uncased__20260518T063955Z,1,1,0.4727615714073181,0.5272384285926819
gue_emp_H3K4me1_frozen__bert-base-uncased__20260518T063955Z,1,1,0.48018479347229004,0.51981520652771
gue_emp_H3K4me1_frozen__bert-base-uncased__20260518T063955Z,0,1,0.46962103247642517,0.5303789377212524
gue_emp_H3K4me1_frozen__bert-base-uncased__20260518T063955Z,1,1,0.4660496711730957,0.5339503884315491
gue_emp_H3K4me1_frozen__bert-base-uncased__20260518T063955Z,0,1,0.47001269459724426,0.5299872756004333
gue_emp_H3K4me1_frozen__bert-base-uncased__20260518T063955Z,1,1,0.4636531472206116,0.5363468527793884
gue_emp_H3K4me1_frozen__bert-base-uncased__20260518T063955Z,1,1,0.4714123606681824,0.5285875797271729
gue_emp_H3K4me1_frozen__bert-base-uncased__20260518T063955Z,0,1,0.4654790163040161,0.5345209836959839
gue_emp_H3K4me1_frozen__bert-base-uncased__20260518T063955Z,1,1,0.4746417999267578,0.5253582000732422
gue_emp_H3K4me1_frozen__bert-base-uncased__20260518T063955Z,0,1,0.47495967149734497,0.525040328502655
gue_emp_H3K4me1_frozen__bert-base-uncased__20260518T063955Z,0,1,0.46969783306121826,0.5303021669387817
gue_emp_H3K4me1_frozen__bert-base-uncased__20260518T063955Z,1,1,0.47673147916793823,0.523268461227417
gue_emp_H3K4me1_frozen__bert-base-uncased__20260518T063955Z,0,1,0.46822038292884827,0.5317795872688293
gue_emp_H3K4me1_frozen__bert-base-uncased__20260518T063955Z,0,1,0.4744246006011963,0.5255753993988037
gue_emp_H3K4me1_frozen__bert-base-uncased__20260518T063955Z,0,1,0.47387486696243286,0.5261251330375671
gue_emp_H3K4me1_frozen__bert-base-uncased__20260518T063955Z,1,1,0.46422672271728516,0.5357732772827148
gue_emp_H3K4me1_frozen__bert-base-uncased__20260518T063955Z,1,1,0.47674018144607544,0.5232598781585693
gue_emp_H3K4me1_frozen__bert-base-uncased__20260518T063955Z,1,1,0.46645304560661316,0.5335469245910645
gue_emp_H3K4me1_frozen__bert-base-uncased__20260518T063955Z,1,1,0.4658468961715698,0.5341531038284302
gue_emp_H3K4me1_frozen__bert-base-uncased__20260518T063955Z,1,1,0.4680992066860199,0.5319008231163025
gue_emp_H3K4me1_frozen__bert-base-uncased__20260518T063955Z,1,1,0.4707379937171936,0.5292620062828064
gue_emp_H3K4me1_frozen__bert-base-uncased__20260518T063955Z,0,1,0.4741479456424713,0.5258520245552063
gue_emp_H3K4me1_frozen__bert-base-uncased__20260518T063955Z,0,1,0.47177207469940186,0.5282279253005981
gue_emp_H3K4me1_frozen__bert-base-uncased__20260518T063955Z,1,1,0.475195050239563,0.524804949760437
gue_emp_H3K4me1_frozen__bert-base-uncased__20260518T063955Z,1,1,0.47352689504623413,0.5264730453491211
gue_emp_H3K4me1_frozen__bert-base-uncased__20260518T063955Z,1,1,0.46509796380996704,0.534902036190033
gue_emp_H3K4me1_frozen__bert-base-uncased__20260518T063955Z,0,1,0.47163185477256775,0.5283681750297546
gue_emp_H3K4me1_frozen__bert-base-uncased__20260518T063955Z,1,1,0.47433149814605713,0.5256685018539429
gue_emp_H3K4me1_frozen__bert-base-uncased__20260518T063955Z,1,1,0.4639516770839691,0.5360482931137085
gue_emp_H3K4me1_frozen__bert-base-uncased__20260518T063955Z,1,1,0.46524593234062195,0.5347540974617004
gue_emp_H3K4me1_frozen__bert-base-uncased__20260518T063955Z,1,1,0.4642444849014282,0.5357555150985718
gue_emp_H3K4me1_frozen__bert-base-uncased__20260518T063955Z,1,1,0.46766477823257446,0.5323352217674255
gue_emp_H3K4me1_frozen__bert-base-uncased__20260518T063955Z,1,1,0.46691423654556274,0.5330857634544373
gue_emp_H3K4me1_frozen__bert-base-uncased__20260518T063955Z,1,1,0.46568772196769714,0.5343122482299805
gue_emp_H3K4me1_frozen__bert-base-uncased__20260518T063955Z,0,1,0.4719370901584625,0.5280629396438599
gue_emp_H3K4me1_frozen__bert-base-uncased__20260518T063955Z,0,1,0.4689459800720215,0.5310540199279785
gue_emp_H3K4me1_frozen__bert-base-uncased__20260518T063955Z,1,1,0.47144412994384766,0.5285558700561523
gue_emp_H3K4me1_frozen__bert-base-uncased__20260518T063955Z,0,1,0.46507593989372253,0.5349240303039551
gue_emp_H3K4me1_frozen__bert-base-uncased__20260518T063955Z,0,1,0.4697858989238739,0.5302140712738037
gue_emp_H3K4me1_frozen__bert-base-uncased__20260518T063955Z,0,1,0.4684118926525116,0.531588077545166
gue_emp_H3K4me1_frozen__bert-base-uncased__20260518T063955Z,0,1,0.47234678268432617,0.5276532173156738
gue_emp_H3K4me1_frozen__bert-base-uncased__20260518T063955Z,0,1,0.46524477005004883,0.5347552299499512
gue_emp_H3K4me1_frozen__bert-base-uncased__20260518T063955Z,0,1,0.4696466028690338,0.5303533673286438
gue_emp_H3K4me1_frozen__bert-base-uncased__20260518T063955Z,1,1,0.4673275053501129,0.5326724648475647
gue_emp_H3K4me1_frozen__bert-base-uncased__20260518T063955Z,1,1,0.4695104658603668,0.5304895639419556
gue_emp_H3K4me1_frozen__bert-base-uncased__20260518T063955Z,1,1,0.4648700952529907,0.5351299047470093
gue_emp_H3K4me1_frozen__bert-base-uncased__20260518T063955Z,1,1,0.4637032747268677,0.5362966656684875
gue_emp_H3K4me1_frozen__bert-base-uncased__20260518T063955Z,0,1,0.4693209230899811,0.5306791067123413
gue_emp_H3K4me1_frozen__bert-base-uncased__20260518T063955Z,1,1,0.4766429662704468,0.523357093334198
gue_emp_H3K4me1_frozen__bert-base-uncased__20260518T063955Z,1,1,0.4719422161579132,0.5280577540397644
gue_emp_H3K4me1_frozen__bert-base-uncased__20260518T063955Z,1,1,0.4676416218280792,0.5323583483695984
gue_emp_H3K4me1_frozen__bert-base-uncased__20260518T063955Z,1,1,0.4763907194137573,0.5236092805862427
gue_emp_H3K4me1_frozen__bert-base-uncased__20260518T063955Z,1,1,0.4661928415298462,0.5338071584701538
gue_emp_H3K4me1_frozen__bert-base-uncased__20260518T063955Z,1,1,0.47477272152900696,0.5252272486686707
gue_emp_H3K4me1_frozen__bert-base-uncased__20260518T063955Z,0,1,0.4686753451824188,0.5313246846199036
gue_emp_H3K4me1_frozen__bert-base-uncased__20260518T063955Z,1,1,0.4688035845756531,0.5311964154243469
gue_emp_H3K4me1_frozen__bert-base-uncased__20260518T063955Z,0,1,0.47288042306900024,0.5271196365356445
gue_emp_H3K4me1_frozen__bert-base-uncased__20260518T063955Z,1,1,0.4692569971084595,0.5307429432868958
gue_emp_H3K4me1_frozen__bert-base-uncased__20260518T063955Z,1,1,0.46809184551239014,0.5319081544876099
gue_emp_H3K4me1_frozen__bert-base-uncased__20260518T063955Z,0,1,0.47343385219573975,0.5265661478042603
gue_emp_H3K4me1_frozen__bert-base-uncased__20260518T063955Z,1,1,0.46704423427581787,0.5329557061195374
gue_emp_H3K4me1_frozen__bert-base-uncased__20260518T063955Z,1,1,0.4739001989364624,0.5260998010635376
gue_emp_H3K4me1_frozen__bert-base-uncased__20260518T063955Z,1,1,0.4684199392795563,0.5315800309181213
gue_emp_H3K4me1_frozen__bert-base-uncased__20260518T063955Z,1,1,0.4742743968963623,0.5257256031036377
gue_emp_H3K4me1_frozen__bert-base-uncased__20260518T063955Z,1,1,0.4741472899913788,0.5258527398109436
gue_emp_H3K4me1_frozen__bert-base-uncased__20260518T063955Z,1,1,0.4666964113712311,0.5333036184310913
gue_emp_H3K4me1_frozen__bert-base-uncased__20260518T063955Z,1,1,0.47294262051582336,0.527057409286499
gue_emp_H3K4me1_frozen__bert-base-uncased__20260518T063955Z,0,1,0.4675467312335968,0.5324532985687256
gue_emp_H3K4me1_frozen__bert-base-uncased__20260518T063955Z,1,1,0.47391730546951294,0.5260827541351318
gue_emp_H3K4me1_frozen__bert-base-uncased__20260518T063955Z,1,1,0.4661605656147003,0.5338394045829773
gue_emp_H3K4me1_frozen__bert-base-uncased__20260518T063955Z,1,1,0.46547290682792664,0.5345271229743958
gue_emp_H3K4me1_frozen__bert-base-uncased__20260518T063955Z,0,1,0.4660450518131256,0.5339549779891968
gue_emp_H3K4me1_frozen__bert-base-uncased__20260518T063955Z,1,1,0.4713139832019806,0.528685986995697
gue_emp_H3K4me1_frozen__bert-base-uncased__20260518T063955Z,0,1,0.4682157337665558,0.5317842960357666
gue_emp_H3K4me1_frozen__bert-base-uncased__20260518T063955Z,1,1,0.4663223922252655,0.5336775779724121
gue_emp_H3K4me1_frozen__bert-base-uncased__20260518T063955Z,1,1,0.46513259410858154,0.5348674058914185
gue_emp_H3K4me1_frozen__bert-base-uncased__20260518T063955Z,0,1,0.4634183347225189,0.5365816950798035
gue_emp_H3K4me1_frozen__bert-base-uncased__20260518T063955Z,1,1,0.46893471479415894,0.5310652852058411
gue_emp_H3K4me1_frozen__bert-base-uncased__20260518T063955Z,1,1,0.4721393585205078,0.5278606414794922
gue_emp_H3K4me1_frozen__bert-base-uncased__20260518T063955Z,0,1,0.47026562690734863,0.5297343134880066
gue_emp_H3K4me1_frozen__bert-base-uncased__20260518T063955Z,1,1,0.47611746191978455,0.5238825678825378
gue_emp_H3K4me1_frozen__bert-base-uncased__20260518T063955Z,0,1,0.47113102674484253,0.5288689732551575
gue_emp_H3K4me1_frozen__bert-base-uncased__20260518T063955Z,0,1,0.46709752082824707,0.5329024195671082
gue_emp_H3K4me1_frozen__bert-base-uncased__20260518T063955Z,0,1,0.470265656709671,0.5297343134880066
gue_emp_H3K4me1_frozen__bert-base-uncased__20260518T063955Z,1,1,0.4689537286758423,0.5310462713241577
gue_emp_H3K4me1_frozen__bert-base-uncased__20260518T063955Z,1,1,0.4681010842323303,0.5318989157676697
gue_emp_H3K4me1_frozen__bert-base-uncased__20260518T063955Z,1,1,0.4684413969516754,0.5315585732460022
gue_emp_H3K4me1_frozen__bert-base-uncased__20260518T063955Z,0,1,0.4675282835960388,0.5324717164039612
gue_emp_H3K4me1_frozen__bert-base-uncased__20260518T063955Z,1,1,0.468512624502182,0.5314874053001404
gue_emp_H3K4me1_frozen__bert-base-uncased__20260518T063955Z,1,1,0.4721449911594391,0.5278550386428833
gue_emp_H3K4me1_frozen__bert-base-uncased__20260518T063955Z,1,1,0.4686402380466461,0.5313597917556763
gue_emp_H3K4me1_frozen__bert-base-uncased__20260518T063955Z,0,1,0.46635353565216064,0.5336464643478394
gue_emp_H3K4me1_frozen__bert-base-uncased__20260518T063955Z,0,1,0.4639934301376343,0.5360065698623657
gue_emp_H3K4me1_frozen__bert-base-uncased__20260518T063955Z,1,1,0.47043508291244507,0.5295649170875549
gue_emp_H3K4me1_frozen__bert-base-uncased__20260518T063955Z,0,1,0.4717997610569,0.5282002687454224
gue_emp_H3K4me1_frozen__bert-base-uncased__20260518T063955Z,0,1,0.4616161286830902,0.5383838415145874
gue_emp_H3K4me1_frozen__bert-base-uncased__20260518T063955Z,1,1,0.46870851516723633,0.5312914848327637
gue_emp_H3K4me1_frozen__bert-base-uncased__20260518T063955Z,1,1,0.473323792219162,0.5266762375831604
gue_emp_H3K4me1_frozen__bert-base-uncased__20260518T063955Z,0,1,0.4731661379337311,0.5268338322639465
gue_emp_H3K4me1_frozen__bert-base-uncased__20260518T063955Z,0,1,0.46999454498291016,0.5300054550170898
gue_emp_H3K4me1_frozen__bert-base-uncased__20260518T063955Z,0,1,0.47430136799812317,0.5256986618041992
gue_emp_H3K4me1_frozen__bert-base-uncased__20260518T063955Z,1,1,0.470348596572876,0.529651403427124
gue_emp_H3K4me1_frozen__bert-base-uncased__20260518T063955Z,1,1,0.46864521503448486,0.5313547253608704
gue_emp_H3K4me1_frozen__bert-base-uncased__20260518T063955Z,0,1,0.4692096412181854,0.5307903289794922
gue_emp_H3K4me1_frozen__bert-base-uncased__20260518T063955Z,1,1,0.461835116147995,0.5381649136543274
gue_emp_H3K4me1_frozen__bert-base-uncased__20260518T063955Z,1,1,0.4705086648464203,0.5294913649559021
gue_emp_H3K4me1_frozen__bert-base-uncased__20260518T063955Z,0,1,0.4669176936149597,0.5330823063850403
gue_emp_H3K4me1_frozen__bert-base-uncased__20260518T063955Z,0,1,0.4670831859111786,0.532916784286499
gue_emp_H3K4me1_frozen__bert-base-uncased__20260518T063955Z,0,1,0.46843913197517395,0.5315608978271484
gue_emp_H3K4me1_frozen__bert-base-uncased__20260518T063955Z,0,1,0.47260013222694397,0.5273998379707336
gue_emp_H3K4me1_frozen__bert-base-uncased__20260518T063955Z,0,1,0.4677925109863281,0.5322074890136719
gue_emp_H3K4me1_frozen__bert-base-uncased__20260518T063955Z,1,1,0.47080695629119873,0.5291930437088013
gue_emp_H3K4me1_frozen__bert-base-uncased__20260518T063955Z,0,1,0.4657818675041199,0.5342181324958801
gue_emp_H3K4me1_frozen__bert-base-uncased__20260518T063955Z,1,1,0.47673454880714417,0.5232654809951782
gue_emp_H3K4me1_frozen__bert-base-uncased__20260518T063955Z,0,1,0.4713517427444458,0.5286481976509094
gue_emp_H3K4me1_frozen__bert-base-uncased__20260518T063955Z,0,1,0.4680776298046112,0.5319223999977112
gue_emp_H3K4me1_frozen__bert-base-uncased__20260518T063955Z,1,1,0.47123944759368896,0.528760552406311
gue_emp_H3K4me1_frozen__bert-base-uncased__20260518T063955Z,1,1,0.47308704257011414,0.5269129276275635
gue_emp_H3K4me1_frozen__bert-base-uncased__20260518T063955Z,1,1,0.47223445773124695,0.5277655720710754
gue_emp_H3K4me1_frozen__bert-base-uncased__20260518T063955Z,1,1,0.4723289906978607,0.5276710391044617
gue_emp_H3K4me1_frozen__bert-base-uncased__20260518T063955Z,1,1,0.4671724736690521,0.5328274965286255
gue_emp_H3K4me1_frozen__bert-base-uncased__20260518T063955Z,1,1,0.4714997410774231,0.5285001993179321
gue_emp_H3K4me1_frozen__bert-base-uncased__20260518T063955Z,1,1,0.4664519131183624,0.53354811668396
gue_emp_H3K4me1_frozen__bert-base-uncased__20260518T063955Z,1,1,0.4758961796760559,0.5241038203239441
gue_emp_H3K4me1_frozen__bert-base-uncased__20260518T063955Z,0,1,0.46428051590919495,0.5357194542884827
gue_emp_H3K4me1_frozen__bert-base-uncased__20260518T063955Z,0,1,0.4668119251728058,0.5331881046295166
gue_emp_H3K4me1_frozen__bert-base-uncased__20260518T063955Z,1,1,0.4717285633087158,0.5282714366912842
gue_emp_H3K4me1_frozen__bert-base-uncased__20260518T063955Z,1,1,0.47010549902915955,0.5298944711685181
gue_emp_H3K4me1_frozen__bert-base-uncased__20260518T063955Z,0,1,0.47157445549964905,0.5284255743026733
gue_emp_H3K4me1_frozen__bert-base-uncased__20260518T063955Z,1,1,0.4789133369922638,0.5210866928100586
gue_emp_H3K4me1_frozen__bert-base-uncased__20260518T063955Z,0,1,0.46908220648765564,0.5309178233146667
gue_emp_H3K4me1_frozen__bert-base-uncased__20260518T063955Z,0,1,0.46818748116493225,0.5318124890327454
gue_emp_H3K4me1_frozen__bert-base-uncased__20260518T063955Z,1,1,0.4677848517894745,0.5322151184082031
gue_emp_H3K4me1_frozen__bert-base-uncased__20260518T063955Z,0,1,0.4651296138763428,0.5348703265190125
gue_emp_H3K4me1_frozen__bert-base-uncased__20260518T063955Z,1,1,0.4782651364803314,0.521734893321991
gue_emp_H3K4me1_frozen__bert-base-uncased__20260518T063955Z,1,1,0.466021329164505,0.5339787006378174
gue_emp_H3K4me1_frozen__bert-base-uncased__20260518T063955Z,1,1,0.4705899953842163,0.5294100046157837
gue_emp_H3K4me1_frozen__bert-base-uncased__20260518T063955Z,0,1,0.4700932204723358,0.5299068093299866
gue_emp_H3K4me1_frozen__bert-base-uncased__20260518T063955Z,1,1,0.4688662588596344,0.531133770942688
gue_emp_H3K4me1_frozen__bert-base-uncased__20260518T063955Z,1,1,0.4668300151824951,0.5331699848175049
gue_emp_H3K4me1_frozen__bert-base-uncased__20260518T063955Z,0,1,0.46844059228897095,0.531559407711029
gue_emp_H3K4me1_frozen__bert-base-uncased__20260518T063955Z,1,1,0.46920114755630493,0.5307988524436951
gue_emp_H3K4me1_frozen__bert-base-uncased__20260518T063955Z,0,1,0.4678194522857666,0.5321804881095886
gue_emp_H3K4me1_frozen__bert-base-uncased__20260518T063955Z,0,1,0.4659050405025482,0.5340949892997742
gue_emp_H3K4me1_frozen__bert-base-uncased__20260518T063955Z,0,1,0.4702013432979584,0.529798686504364
gue_emp_H3K4me1_frozen__bert-base-uncased__20260518T063955Z,1,1,0.4652256965637207,0.5347743034362793
gue_emp_H3K4me1_frozen__bert-base-uncased__20260518T063955Z,1,1,0.4764789938926697,0.5235210061073303
gue_emp_H3K4me1_frozen__bert-base-uncased__20260518T063955Z,1,1,0.46978461742401123,0.5302153825759888
gue_emp_H3K4me1_frozen__bert-base-uncased__20260518T063955Z,0,1,0.47238799929618835,0.527612030506134
gue_emp_H3K4me1_frozen__bert-base-uncased__20260518T063955Z,1,1,0.47026047110557556,0.529739499092102
gue_emp_H3K4me1_frozen__bert-base-uncased__20260518T063955Z,1,1,0.467774361371994,0.5322256088256836
gue_emp_H3K4me1_frozen__bert-base-uncased__20260518T063955Z,1,1,0.46813997626304626,0.5318600535392761
gue_emp_H3K4me1_frozen__bert-base-uncased__20260518T063955Z,0,1,0.4701368808746338,0.529863178730011
gue_emp_H3K4me1_frozen__bert-base-uncased__20260518T063955Z,1,1,0.47387272119522095,0.526127278804779
gue_emp_H3K4me1_frozen__bert-base-uncased__20260518T063955Z,1,1,0.4761839509010315,0.5238160490989685
gue_emp_H3K4me1_frozen__bert-base-uncased__20260518T063955Z,1,1,0.4712557792663574,0.5287442207336426
gue_emp_H3K4me1_frozen__bert-base-uncased__20260518T063955Z,0,1,0.46794643998146057,0.532053530216217
gue_emp_H3K4me1_frozen__bert-base-uncased__20260518T063955Z,1,1,0.4743542969226837,0.5256456732749939
gue_emp_H3K4me1_frozen__bert-base-uncased__20260518T063955Z,1,1,0.4747433364391327,0.5252566933631897
gue_emp_H3K4me1_frozen__bert-base-uncased__20260518T063955Z,0,1,0.47268015146255493,0.5273199081420898
gue_emp_H3K4me1_frozen__bert-base-uncased__20260518T063955Z,1,1,0.46760356426239014,0.5323964357376099
gue_emp_H3K4me1_frozen__bert-base-uncased__20260518T063955Z,1,1,0.47087064385414124,0.5291293859481812
gue_emp_H3K4me1_frozen__bert-base-uncased__20260518T063955Z,1,1,0.46930986642837524,0.5306901335716248
gue_emp_H3K4me1_frozen__bert-base-uncased__20260518T063955Z,0,1,0.4761183559894562,0.5238816738128662
gue_emp_H3K4me1_frozen__bert-base-uncased__20260518T063955Z,1,1,0.4720277786254883,0.5279721617698669
gue_emp_H3K4me1_frozen__bert-base-uncased__20260518T063955Z,1,1,0.4615958333015442,0.5384041666984558
gue_emp_H3K4me1_frozen__bert-base-uncased__20260518T063955Z,0,1,0.4694770872592926,0.530522882938385
gue_emp_H3K4me1_frozen__bert-base-uncased__20260518T063955Z,0,1,0.47193625569343567,0.5280637741088867
gue_emp_H3K4me1_frozen__bert-base-uncased__20260518T063955Z,1,1,0.4663920998573303,0.5336079001426697
gue_emp_H3K4me1_frozen__bert-base-uncased__20260518T063955Z,0,1,0.4734051823616028,0.5265948176383972
gue_emp_H3K4me1_frozen__bert-base-uncased__20260518T063955Z,1,1,0.47502630949020386,0.5249736905097961
gue_emp_H3K4me1_frozen__bert-base-uncased__20260518T063955Z,0,1,0.4724910855293274,0.5275089144706726
gue_emp_H3K4me1_frozen__bert-base-uncased__20260518T063955Z,0,1,0.47399383783340454,0.5260061621665955
gue_emp_H3K4me1_frozen__bert-base-uncased__20260518T063955Z,0,1,0.47119390964508057,0.5288060903549194
gue_emp_H3K4me1_frozen__bert-base-uncased__20260518T063955Z,1,1,0.476211279630661,0.5237886905670166
gue_emp_H3K4me1_frozen__bert-base-uncased__20260518T063955Z,1,1,0.46484804153442383,0.5351518988609314
gue_emp_H3K4me1_frozen__bert-base-uncased__20260518T063955Z,1,1,0.46554243564605713,0.5344575047492981
gue_emp_H3K4me1_frozen__bert-base-uncased__20260518T063955Z,0,1,0.464275598526001,0.535724401473999
gue_emp_H3K4me1_frozen__bert-base-uncased__20260518T063955Z,1,1,0.47023698687553406,0.5297630429267883
gue_emp_H3K4me1_frozen__bert-base-uncased__20260518T063955Z,0,1,0.4688728451728821,0.5311272144317627
gue_emp_H3K4me1_frozen__bert-base-uncased__20260518T063955Z,1,1,0.4664120674133301,0.5335879325866699
gue_emp_H3K4me1_frozen__bert-base-uncased__20260518T063955Z,0,1,0.47091785073280334,0.5290821194648743
gue_emp_H3K4me1_frozen__bert-base-uncased__20260518T063955Z,1,1,0.4745875298976898,0.5254124999046326
gue_emp_H3K4me1_frozen__bert-base-uncased__20260518T063955Z,1,1,0.46018263697624207,0.5398173928260803
gue_emp_H3K4me1_frozen__bert-base-uncased__20260518T063955Z,1,1,0.4729294776916504,0.5270705223083496
gue_emp_H3K4me1_frozen__bert-base-uncased__20260518T063955Z,0,1,0.46922779083251953,0.5307721495628357
gue_emp_H3K4me1_frozen__bert-base-uncased__20260518T063955Z,0,1,0.4662979245185852,0.5337020754814148
gue_emp_H3K4me1_frozen__bert-base-uncased__20260518T063955Z,0,1,0.4670906662940979,0.5329093337059021
gue_emp_H3K4me1_frozen__bert-base-uncased__20260518T063955Z,1,1,0.4718339443206787,0.5281660556793213
gue_emp_H3K4me1_frozen__bert-base-uncased__20260518T063955Z,0,1,0.4673152565956116,0.5326846837997437
gue_emp_H3K4me1_frozen__bert-base-uncased__20260518T063955Z,1,1,0.4701099097728729,0.5298901200294495
gue_emp_H3K4me1_frozen__bert-base-uncased__20260518T063955Z,0,1,0.4719093441963196,0.5280906558036804
gue_emp_H3K4me1_frozen__bert-base-uncased__20260518T063955Z,1,1,0.47075217962265015,0.5292478203773499
gue_emp_H3K4me1_frozen__bert-base-uncased__20260518T063955Z,1,1,0.4612245559692383,0.5387754440307617
gue_emp_H3K4me1_frozen__bert-base-uncased__20260518T063955Z,1,1,0.4750966429710388,0.5249033570289612
gue_emp_H3K4me1_frozen__bert-base-uncased__20260518T063955Z,1,1,0.4636249840259552,0.5363749861717224
gue_emp_H3K4me1_frozen__bert-base-uncased__20260518T063955Z,1,1,0.47362324595451355,0.5263767242431641
gue_emp_H3K4me1_frozen__bert-base-uncased__20260518T063955Z,0,1,0.4706795811653137,0.5293204188346863
gue_emp_H3K4me1_frozen__bert-base-uncased__20260518T063955Z,0,1,0.4709724187850952,0.5290276408195496
gue_emp_H3K4me1_frozen__bert-base-uncased__20260518T063955Z,1,1,0.46749207377433777,0.5325078964233398
gue_emp_H3K4me1_frozen__bert-base-uncased__20260518T063955Z,0,1,0.47019678354263306,0.5298032164573669
gue_emp_H3K4me1_frozen__bert-base-uncased__20260518T063955Z,1,1,0.471272736787796,0.5287272334098816
gue_emp_H3K4me1_frozen__bert-base-uncased__20260518T063955Z,0,1,0.46574854850769043,0.5342514514923096
gue_emp_H3K4me1_frozen__bert-base-uncased__20260518T063955Z,0,1,0.46988487243652344,0.5301151871681213
gue_emp_H3K4me1_frozen__bert-base-uncased__20260518T063955Z,0,1,0.467634379863739,0.5323655605316162
gue_emp_H3K4me1_frozen__bert-base-uncased__20260518T063955Z,0,1,0.47306981682777405,0.5269302129745483
gue_emp_H3K4me1_frozen__bert-base-uncased__20260518T063955Z,0,1,0.47300565242767334,0.5269942879676819
gue_emp_H3K4me1_frozen__bert-base-uncased__20260518T063955Z,0,1,0.4712214469909668,0.5287785530090332
gue_emp_H3K4me1_frozen__bert-base-uncased__20260518T063955Z,1,1,0.4730938971042633,0.5269060730934143
gue_emp_H3K4me1_frozen__bert-base-uncased__20260518T063955Z,1,1,0.4724101126194,0.5275899171829224
gue_emp_H3K4me1_frozen__bert-base-uncased__20260518T063955Z,0,1,0.47484639286994934,0.525153636932373
gue_emp_H3K4me1_frozen__bert-base-uncased__20260518T063955Z,1,1,0.4715663492679596,0.528433620929718
gue_emp_H3K4me1_frozen__bert-base-uncased__20260518T063955Z,1,1,0.47178682684898376,0.5282132029533386
gue_emp_H3K4me1_frozen__bert-base-uncased__20260518T063955Z,1,1,0.4651815891265869,0.5348184704780579
gue_emp_H3K4me1_frozen__bert-base-uncased__20260518T063955Z,1,1,0.47204723954200745,0.5279527902603149
gue_emp_H3K4me1_frozen__bert-base-uncased__20260518T063955Z,1,1,0.47514382004737854,0.5248562097549438
gue_emp_H3K4me1_frozen__bert-base-uncased__20260518T063955Z,0,1,0.4711607098579407,0.5288393497467041
gue_emp_H3K4me1_frozen__bert-base-uncased__20260518T063955Z,1,1,0.46739906072616577,0.5326009392738342
gue_emp_H3K4me1_frozen__bert-base-uncased__20260518T063955Z,0,1,0.4729706346988678,0.5270293354988098
gue_emp_H3K4me1_frozen__bert-base-uncased__20260518T063955Z,0,1,0.4670318365097046,0.5329681038856506
gue_emp_H3K4me1_frozen__bert-base-uncased__20260518T063955Z,1,1,0.4725787043571472,0.5274212956428528
gue_emp_H3K4me1_frozen__bert-base-uncased__20260518T063955Z,1,1,0.46662935614585876,0.5333706140518188
gue_emp_H3K4me1_frozen__bert-base-uncased__20260518T063955Z,0,1,0.47189122438430786,0.5281087160110474
gue_emp_H3K4me1_frozen__bert-base-uncased__20260518T063955Z,0,1,0.47704556584358215,0.5229544639587402
gue_emp_H3K4me1_frozen__bert-base-uncased__20260518T063955Z,0,1,0.4723432660102844,0.5276567339897156
gue_emp_H3K4me1_frozen__bert-base-uncased__20260518T063955Z,1,1,0.46918487548828125,0.5308151245117188
gue_emp_H3K4me1_frozen__bert-base-uncased__20260518T063955Z,1,1,0.472756564617157,0.5272433757781982
gue_emp_H3K4me1_frozen__bert-base-uncased__20260518T063955Z,0,1,0.46747449040412903,0.5325254797935486
gue_emp_H3K4me1_frozen__bert-base-uncased__20260518T063955Z,0,1,0.4695582687854767,0.5304417014122009
gue_emp_H3K4me1_frozen__bert-base-uncased__20260518T063955Z,1,1,0.4751811921596527,0.5248187780380249
gue_emp_H3K4me1_frozen__bert-base-uncased__20260518T063955Z,1,1,0.4665886461734772,0.5334113240242004
gue_emp_H3K4me1_frozen__bert-base-uncased__20260518T063955Z,0,1,0.4670272469520569,0.5329727530479431
gue_emp_H3K4me1_frozen__bert-base-uncased__20260518T063955Z,0,1,0.45271968841552734,0.5472802519798279
gue_emp_H3K4me1_frozen__bert-base-uncased__20260518T063955Z,1,1,0.4702847898006439,0.5297151803970337
gue_emp_H3K4me1_frozen__bert-base-uncased__20260518T063955Z,1,1,0.47166886925697327,0.5283311009407043
gue_emp_H3K4me1_frozen__bert-base-uncased__20260518T063955Z,0,1,0.4718829095363617,0.5281170606613159
gue_emp_H3K4me1_frozen__bert-base-uncased__20260518T063955Z,1,1,0.4751274287700653,0.5248726010322571
gue_emp_H3K4me1_frozen__bert-base-uncased__20260518T063955Z,1,1,0.4678732752799988,0.5321267247200012
gue_emp_H3K4me1_frozen__bert-base-uncased__20260518T063955Z,1,1,0.4743092954158783,0.5256907343864441
gue_emp_H3K4me1_frozen__bert-base-uncased__20260518T063955Z,0,1,0.46873748302459717,0.5312625169754028
gue_emp_H3K4me1_frozen__bert-base-uncased__20260518T063955Z,1,1,0.47054556012153625,0.5294544696807861
gue_emp_H3K4me1_frozen__bert-base-uncased__20260518T063955Z,1,1,0.47047263383865356,0.5295273661613464
gue_emp_H3K4me1_frozen__bert-base-uncased__20260518T063955Z,1,1,0.46825140714645386,0.5317486524581909
gue_emp_H3K4me1_frozen__bert-base-uncased__20260518T063955Z,0,1,0.4716249108314514,0.5283750295639038
gue_emp_H3K4me1_frozen__bert-base-uncased__20260518T063955Z,1,1,0.47793030738830566,0.5220696330070496
gue_emp_H3K4me1_frozen__bert-base-uncased__20260518T063955Z,1,1,0.47444844245910645,0.5255515575408936
gue_emp_H3K4me1_frozen__bert-base-uncased__20260518T063955Z,0,1,0.4698590040206909,0.5301409959793091
gue_emp_H3K4me1_frozen__bert-base-uncased__20260518T063955Z,1,1,0.4680696129798889,0.5319303870201111
gue_emp_H3K4me1_frozen__bert-base-uncased__20260518T063955Z,1,1,0.4694165289402008,0.5305835008621216
gue_emp_H3K4me1_frozen__bert-base-uncased__20260518T063955Z,0,1,0.47120895981788635,0.528791069984436
gue_emp_H3K4me1_frozen__bert-base-uncased__20260518T063955Z,0,1,0.4675033390522003,0.5324966907501221
gue_emp_H3K4me1_frozen__bert-base-uncased__20260518T063955Z,1,1,0.46637293696403503,0.5336270928382874
gue_emp_H3K4me1_frozen__bert-base-uncased__20260518T063955Z,0,1,0.46740302443504333,0.532597005367279
gue_emp_H3K4me1_frozen__bert-base-uncased__20260518T063955Z,1,1,0.46698322892189026,0.5330168008804321
gue_emp_H3K4me1_frozen__bert-base-uncased__20260518T063955Z,1,1,0.4771662652492523,0.5228337645530701
gue_emp_H3K4me1_frozen__bert-base-uncased__20260518T063955Z,0,1,0.4674729108810425,0.5325271487236023
gue_emp_H3K4me1_frozen__bert-base-uncased__20260518T063955Z,0,1,0.47106269001960754,0.5289372801780701
gue_emp_H3K4me1_frozen__bert-base-uncased__20260518T063955Z,1,1,0.4704900085926056,0.5295100212097168
gue_emp_H3K4me1_frozen__bert-base-uncased__20260518T063955Z,1,1,0.47453129291534424,0.5254687070846558
gue_emp_H3K4me1_frozen__bert-base-uncased__20260518T063955Z,0,1,0.4652501344680786,0.5347498655319214
gue_emp_H3K4me1_frozen__bert-base-uncased__20260518T063955Z,1,1,0.46579211950302124,0.5342078804969788
gue_emp_H3K4me1_frozen__bert-base-uncased__20260518T063955Z,1,1,0.46865710616111755,0.5313429236412048
gue_emp_H3K4me1_frozen__bert-base-uncased__20260518T063955Z,1,1,0.4725562036037445,0.5274437665939331
gue_emp_H3K4me1_frozen__bert-base-uncased__20260518T063955Z,0,1,0.46949779987335205,0.530502200126648
gue_emp_H3K4me1_frozen__bert-base-uncased__20260518T063955Z,1,1,0.47243279218673706,0.5275672078132629
gue_emp_H3K4me1_frozen__bert-base-uncased__20260518T063955Z,0,1,0.4712158441543579,0.5287840962409973
gue_emp_H3K4me1_frozen__bert-base-uncased__20260518T063955Z,1,1,0.46657073497772217,0.5334292650222778
gue_emp_H3K4me1_frozen__bert-base-uncased__20260518T063955Z,1,1,0.4720912277698517,0.5279087424278259
gue_emp_H3K4me1_frozen__bert-base-uncased__20260518T063955Z,1,1,0.4651843309402466,0.5348156690597534
gue_emp_H3K4me1_frozen__bert-base-uncased__20260518T063955Z,1,1,0.4716888666152954,0.5283111333847046
gue_emp_H3K4me1_frozen__bert-base-uncased__20260518T063955Z,1,1,0.46442312002182007,0.5355768799781799
gue_emp_H3K4me1_frozen__bert-base-uncased__20260518T063955Z,0,1,0.472166508436203,0.5278334617614746
gue_emp_H3K4me1_frozen__bert-base-uncased__20260518T063955Z,1,1,0.4658615291118622,0.5341385006904602
gue_emp_H3K4me1_frozen__bert-base-uncased__20260518T063955Z,1,1,0.4746391475200653,0.5253608822822571
gue_emp_H3K4me1_frozen__bert-base-uncased__20260518T063955Z,1,1,0.4696451723575592,0.5303548574447632
gue_emp_H3K4me1_frozen__bert-base-uncased__20260518T063955Z,1,1,0.47337037324905396,0.5266296863555908
gue_emp_H3K4me1_frozen__bert-base-uncased__20260518T063955Z,1,1,0.47149285674095154,0.5285071134567261
gue_emp_H3K4me1_frozen__bert-base-uncased__20260518T063955Z,0,1,0.47206467390060425,0.5279353260993958
gue_emp_H3K4me1_frozen__bert-base-uncased__20260518T063955Z,0,1,0.4718298316001892,0.5281701683998108
gue_emp_H3K4me1_frozen__bert-base-uncased__20260518T063955Z,0,1,0.4777478575706482,0.5222521424293518
gue_emp_H3K4me1_frozen__bert-base-uncased__20260518T063955Z,1,1,0.4719226062297821,0.5280774235725403
gue_emp_H3K4me1_frozen__bert-base-uncased__20260518T063955Z,0,1,0.47169753909111023,0.5283024907112122
gue_emp_H3K4me1_frozen__bert-base-uncased__20260518T063955Z,1,1,0.46909067034721375,0.5309092998504639
gue_emp_H3K4me1_frozen__bert-base-uncased__20260518T063955Z,0,1,0.46560725569725037,0.534392774105072
gue_emp_H3K4me1_frozen__bert-base-uncased__20260518T063955Z,1,1,0.4756856858730316,0.524314284324646
gue_emp_H3K4me1_frozen__bert-base-uncased__20260518T063955Z,1,1,0.46366649866104126,0.5363335013389587
gue_emp_H3K4me1_frozen__bert-base-uncased__20260518T063955Z,1,1,0.4671150743961334,0.5328848958015442
gue_emp_H3K4me1_frozen__bert-base-uncased__20260518T063955Z,0,1,0.4667069911956787,0.5332930088043213
gue_emp_H3K4me1_frozen__bert-base-uncased__20260518T063955Z,1,1,0.4714747965335846,0.528525173664093
gue_emp_H3K4me1_frozen__bert-base-uncased__20260518T063955Z,0,1,0.473391592502594,0.5266083478927612
gue_emp_H3K4me1_frozen__bert-base-uncased__20260518T063955Z,0,1,0.46796682476997375,0.5320331454277039
gue_emp_H3K4me1_frozen__bert-base-uncased__20260518T063955Z,1,1,0.47037607431411743,0.5296239256858826
gue_emp_H3K4me1_frozen__bert-base-uncased__20260518T063955Z,0,1,0.47184839844703674,0.5281515717506409
gue_emp_H3K4me1_frozen__bert-base-uncased__20260518T063955Z,0,1,0.4720606207847595,0.5279393792152405
gue_emp_H3K4me1_frozen__bert-base-uncased__20260518T063955Z,1,1,0.4696996808052063,0.5303003191947937
gue_emp_H3K4me1_frozen__bert-base-uncased__20260518T063955Z,1,1,0.47151386737823486,0.5284861326217651
gue_emp_H3K4me1_frozen__bert-base-uncased__20260518T063955Z,0,1,0.4689435660839081,0.5310564637184143
gue_emp_H3K4me1_frozen__bert-base-uncased__20260518T063955Z,0,1,0.46685922145843506,0.5331407785415649
gue_emp_H3K4me1_frozen__bert-base-uncased__20260518T063955Z,0,1,0.46486982703208923,0.5351301431655884
gue_emp_H3K4me1_frozen__bert-base-uncased__20260518T063955Z,0,1,0.4691896438598633,0.5308103561401367
gue_emp_H3K4me1_frozen__bert-base-uncased__20260518T063955Z,0,1,0.4677543044090271,0.5322457551956177
gue_emp_H3K4me1_frozen__bert-base-uncased__20260518T063955Z,0,1,0.4705241322517395,0.5294758677482605
gue_emp_H3K4me1_frozen__bert-base-uncased__20260518T063955Z,1,1,0.48058459162712097,0.5194153785705566
gue_emp_H3K4me1_frozen__bert-base-uncased__20260518T063955Z,1,1,0.46714702248573303,0.5328529477119446
gue_emp_H3K4me1_frozen__bert-base-uncased__20260518T063955Z,0,1,0.4690283536911011,0.5309715867042542
gue_emp_H3K4me1_frozen__bert-base-uncased__20260518T063955Z,1,1,0.4689927399158478,0.5310072898864746
gue_emp_H3K4me1_frozen__bert-base-uncased__20260518T063955Z,1,1,0.4754774868488312,0.5245225429534912
gue_emp_H3K4me1_frozen__bert-base-uncased__20260518T063955Z,1,1,0.47268104553222656,0.5273189544677734
gue_emp_H3K4me1_frozen__bert-base-uncased__20260518T063955Z,0,1,0.46797674894332886,0.5320231914520264
gue_emp_H3K4me1_frozen__bert-base-uncased__20260518T063955Z,1,1,0.474420428276062,0.525579571723938
gue_emp_H3K4me1_frozen__bert-base-uncased__20260518T063955Z,0,1,0.47010719776153564,0.5298928022384644
gue_emp_H3K4me1_frozen__bert-base-uncased__20260518T063955Z,0,1,0.46561020612716675,0.5343897938728333
gue_emp_H3K4me1_frozen__bert-base-uncased__20260518T063955Z,0,1,0.4691007435321808,0.5308992266654968
gue_emp_H3K4me1_frozen__bert-base-uncased__20260518T063955Z,1,1,0.4684840142726898,0.5315160155296326
gue_emp_H3K4me1_frozen__bert-base-uncased__20260518T063955Z,1,1,0.4696327745914459,0.5303672552108765
gue_emp_H3K4me1_frozen__bert-base-uncased__20260518T063955Z,0,1,0.45968472957611084,0.5403153300285339
gue_emp_H3K4me1_frozen__bert-base-uncased__20260518T063955Z,1,1,0.4677771329879761,0.5322229266166687
gue_emp_H3K4me1_frozen__bert-base-uncased__20260518T063955Z,0,1,0.45511072874069214,0.5448892116546631
gue_emp_H3K4me1_frozen__bert-base-uncased__20260518T063955Z,0,1,0.46665051579475403,0.5333494544029236
gue_emp_H3K4me1_frozen__bert-base-uncased__20260518T063955Z,1,1,0.47364872694015503,0.5263512134552002
gue_emp_H3K4me1_frozen__bert-base-uncased__20260518T063955Z,1,1,0.45639875531196594,0.5436012744903564
gue_emp_H3K4me1_frozen__bert-base-uncased__20260518T063955Z,1,1,0.47221753001213074,0.5277824401855469
gue_emp_H3K4me1_frozen__bert-base-uncased__20260518T063955Z,0,1,0.46877676248550415,0.5312232375144958
gue_emp_H3K4me1_frozen__bert-base-uncased__20260518T063955Z,0,1,0.471749484539032,0.5282504558563232
gue_emp_H3K4me1_frozen__bert-base-uncased__20260518T063955Z,1,1,0.4628555178642273,0.5371444821357727
gue_emp_H3K4me1_frozen__bert-base-uncased__20260518T063955Z,1,1,0.46544086933135986,0.5345591306686401
gue_emp_H3K4me1_frozen__bert-base-uncased__20260518T063955Z,1,1,0.47179174423217773,0.5282082557678223
gue_emp_H3K4me1_frozen__bert-base-uncased__20260518T063955Z,0,1,0.4697221517562866,0.5302778482437134
gue_emp_H3K4me1_frozen__bert-base-uncased__20260518T063955Z,1,1,0.47489210963249207,0.5251078605651855
gue_emp_H3K4me1_frozen__bert-base-uncased__20260518T063955Z,1,1,0.46290406584739685,0.5370959043502808
gue_emp_H3K4me1_frozen__bert-base-uncased__20260518T063955Z,1,1,0.4731144309043884,0.5268855690956116
gue_emp_H3K4me1_frozen__bert-base-uncased__20260518T063955Z,1,1,0.47326043248176575,0.5267395973205566
gue_emp_H3K4me1_frozen__bert-base-uncased__20260518T063955Z,1,1,0.47215574979782104,0.527844250202179
gue_emp_H3K4me1_frozen__bert-base-uncased__20260518T063955Z,0,1,0.46894216537475586,0.5310578346252441
gue_emp_H3K4me1_frozen__bert-base-uncased__20260518T063955Z,1,1,0.47558972239494324,0.5244103074073792
gue_emp_H3K4me1_frozen__bert-base-uncased__20260518T063955Z,1,1,0.47457003593444824,0.5254299640655518
gue_emp_H3K4me1_frozen__bert-base-uncased__20260518T063955Z,0,1,0.4740976393222809,0.5259023904800415
gue_emp_H3K4me1_frozen__bert-base-uncased__20260518T063955Z,1,1,0.46977880597114563,0.530221164226532
gue_emp_H3K4me1_frozen__bert-base-uncased__20260518T063955Z,0,1,0.4723014533519745,0.5276985764503479
gue_emp_H3K4me1_frozen__bert-base-uncased__20260518T063955Z,1,1,0.47130969166755676,0.5286902785301208
gue_emp_H3K4me1_frozen__bert-base-uncased__20260518T063955Z,0,1,0.4702279567718506,0.5297720432281494
gue_emp_H3K4me1_frozen__bert-base-uncased__20260518T063955Z,0,1,0.4703957736492157,0.5296042561531067
gue_emp_H3K4me1_frozen__bert-base-uncased__20260518T063955Z,0,1,0.4656098484992981,0.5343901515007019
gue_emp_H3K4me1_frozen__bert-base-uncased__20260518T063955Z,0,1,0.46862852573394775,0.5313714742660522
gue_emp_H3K4me1_frozen__bert-base-uncased__20260518T063955Z,1,1,0.4720844030380249,0.5279155969619751
gue_emp_H3K4me1_frozen__bert-base-uncased__20260518T063955Z,1,1,0.47149336338043213,0.5285065770149231
gue_emp_H3K4me1_frozen__bert-base-uncased__20260518T063955Z,0,1,0.4725912809371948,0.5274087190628052
gue_emp_H3K4me1_frozen__bert-base-uncased__20260518T063955Z,0,1,0.4665484130382538,0.5334516167640686
gue_emp_H3K4me1_frozen__bert-base-uncased__20260518T063955Z,0,1,0.46792829036712646,0.5320717096328735
gue_emp_H3K4me1_frozen__bert-base-uncased__20260518T063955Z,0,1,0.4707152545452118,0.5292847156524658
gue_emp_H3K4me1_frozen__bert-base-uncased__20260518T063955Z,1,1,0.471818745136261,0.5281811952590942
gue_emp_H3K4me1_frozen__bert-base-uncased__20260518T063955Z,0,1,0.47174158692359924,0.5282584428787231
gue_emp_H3K4me1_frozen__bert-base-uncased__20260518T063955Z,1,1,0.4691978394985199,0.5308021903038025
gue_emp_H3K4me1_frozen__bert-base-uncased__20260518T063955Z,0,1,0.4769698679447174,0.5230301022529602
gue_emp_H3K4me1_frozen__bert-base-uncased__20260518T063955Z,1,1,0.4630220830440521,0.5369779467582703
gue_emp_H3K4me1_frozen__bert-base-uncased__20260518T063955Z,0,1,0.4681025445461273,0.5318974852561951
gue_emp_H3K4me1_frozen__bert-base-uncased__20260518T063955Z,1,1,0.47483792901039124,0.5251620411872864
gue_emp_H3K4me1_frozen__bert-base-uncased__20260518T063955Z,1,1,0.471371591091156,0.528628408908844
gue_emp_H3K4me1_frozen__bert-base-uncased__20260518T063955Z,0,1,0.46218380331993103,0.5378161668777466
gue_emp_H3K4me1_frozen__bert-base-uncased__20260518T063955Z,1,1,0.47154220938682556,0.5284578204154968
gue_emp_H3K4me1_frozen__bert-base-uncased__20260518T063955Z,1,1,0.47322818636894226,0.5267718434333801
gue_emp_H3K4me1_frozen__bert-base-uncased__20260518T063955Z,1,1,0.4734404981136322,0.5265595316886902
gue_emp_H3K4me1_frozen__bert-base-uncased__20260518T063955Z,0,1,0.47307920455932617,0.526920735836029
gue_emp_H3K4me1_frozen__bert-base-uncased__20260518T063955Z,0,1,0.47219720482826233,0.5278027653694153
gue_emp_H3K4me1_frozen__bert-base-uncased__20260518T063955Z,0,1,0.4700380861759186,0.529961884021759
gue_emp_H3K4me1_frozen__bert-base-uncased__20260518T063955Z,1,1,0.4727581739425659,0.5272418260574341
gue_emp_H3K4me1_frozen__bert-base-uncased__20260518T063955Z,1,1,0.46026286482810974,0.5397371053695679
gue_emp_H3K4me1_frozen__bert-base-uncased__20260518T063955Z,0,1,0.4731869399547577,0.5268130302429199
gue_emp_H3K4me1_frozen__bert-base-uncased__20260518T063955Z,1,1,0.47169360518455505,0.5283064246177673
gue_emp_H3K4me1_frozen__bert-base-uncased__20260518T063955Z,0,1,0.4691039025783539,0.5308961272239685
gue_emp_H3K4me1_frozen__bert-base-uncased__20260518T063955Z,1,1,0.47180259227752686,0.5281974673271179
gue_emp_H3K4me1_frozen__bert-base-uncased__20260518T063955Z,0,1,0.4671393036842346,0.5328606963157654
gue_emp_H3K4me1_frozen__bert-base-uncased__20260518T063955Z,1,1,0.46389490365982056,0.5361050963401794
gue_emp_H3K4me1_frozen__bert-base-uncased__20260518T063955Z,0,1,0.47489747405052185,0.5251024961471558
gue_emp_H3K4me1_frozen__bert-base-uncased__20260518T063955Z,0,1,0.46979132294654846,0.5302086472511292
gue_emp_H3K4me1_frozen__bert-base-uncased__20260518T063955Z,1,1,0.47057226300239563,0.5294277667999268
gue_emp_H3K4me1_frozen__bert-base-uncased__20260518T063955Z,1,1,0.472759485244751,0.5272404551506042
gue_emp_H3K4me1_frozen__bert-base-uncased__20260518T063955Z,0,1,0.46407344937324524,0.5359265208244324
gue_emp_H3K4me1_frozen__bert-base-uncased__20260518T063955Z,1,1,0.4754352569580078,0.524564802646637
gue_emp_H3K4me1_frozen__bert-base-uncased__20260518T063955Z,0,1,0.4688767194747925,0.5311232805252075
gue_emp_H3K4me1_frozen__bert-base-uncased__20260518T063955Z,0,1,0.46043527126312256,0.5395647883415222
gue_emp_H3K4me1_frozen__bert-base-uncased__20260518T063955Z,1,1,0.47204169631004333,0.5279582738876343
gue_emp_H3K4me1_frozen__bert-base-uncased__20260518T063955Z,0,1,0.470293253660202,0.5297067761421204
gue_emp_H3K4me1_frozen__bert-base-uncased__20260518T063955Z,0,1,0.47352665662765503,0.526473343372345
gue_emp_H3K4me1_frozen__bert-base-uncased__20260518T063955Z,1,1,0.4782819151878357,0.5217180848121643
gue_emp_H3K4me1_frozen__bert-base-uncased__20260518T063955Z,0,1,0.4721432030200958,0.5278568267822266
gue_emp_H3K4me1_frozen__bert-base-uncased__20260518T063955Z,1,1,0.46505212783813477,0.5349478125572205
gue_emp_H3K4me1_frozen__bert-base-uncased__20260518T063955Z,1,1,0.4669932425022125,0.5330067873001099
gue_emp_H3K4me1_frozen__bert-base-uncased__20260518T063955Z,0,1,0.466787189245224,0.5332127809524536
gue_emp_H3K4me1_frozen__bert-base-uncased__20260518T063955Z,1,1,0.47497954964637756,0.5250204801559448
gue_emp_H3K4me1_frozen__bert-base-uncased__20260518T063955Z,0,1,0.47677576541900635,0.5232242345809937
gue_emp_H3K4me1_frozen__bert-base-uncased__20260518T063955Z,0,1,0.46304577589035034,0.5369542241096497
gue_emp_H3K4me1_frozen__bert-base-uncased__20260518T063955Z,0,1,0.4730002284049988,0.5269997715950012
gue_emp_H3K4me1_frozen__bert-base-uncased__20260518T063955Z,0,1,0.47428223490715027,0.5257177352905273
gue_emp_H3K4me1_frozen__bert-base-uncased__20260518T063955Z,1,1,0.4724460244178772,0.5275540351867676
gue_emp_H3K4me1_frozen__bert-base-uncased__20260518T063955Z,1,1,0.4708818793296814,0.5291181206703186
gue_emp_H3K4me1_frozen__bert-base-uncased__20260518T063955Z,0,1,0.46600914001464844,0.5339908599853516
gue_emp_H3K4me1_frozen__bert-base-uncased__20260518T063955Z,0,1,0.4675196707248688,0.5324803590774536
gue_emp_H3K4me1_frozen__bert-base-uncased__20260518T063955Z,1,1,0.4688251316547394,0.531174898147583
gue_emp_H3K4me1_frozen__bert-base-uncased__20260518T063955Z,1,1,0.4720596671104431,0.5279402732849121
gue_emp_H3K4me1_frozen__bert-base-uncased__20260518T063955Z,1,1,0.47041893005371094,0.5295810103416443
gue_emp_H3K4me1_frozen__bert-base-uncased__20260518T063955Z,1,1,0.47021976113319397,0.5297802090644836
gue_emp_H3K4me1_frozen__bert-base-uncased__20260518T063955Z,1,1,0.4712313711643219,0.5287686586380005
gue_emp_H3K4me1_frozen__bert-base-uncased__20260518T063955Z,1,1,0.4686668813228607,0.5313331484794617
gue_emp_H3K4me1_frozen__bert-base-uncased__20260518T063955Z,1,1,0.4630347490310669,0.5369652509689331
gue_emp_H3K4me1_frozen__bert-base-uncased__20260518T063955Z,1,1,0.46749991178512573,0.5325000882148743
gue_emp_H3K4me1_frozen__bert-base-uncased__20260518T063955Z,0,1,0.4656792879104614,0.5343207120895386
gue_emp_H3K4me1_frozen__bert-base-uncased__20260518T063955Z,0,1,0.48243266344070435,0.5175673365592957
gue_emp_H3K4me1_frozen__bert-base-uncased__20260518T063955Z,0,1,0.4702680706977844,0.5297319293022156
gue_emp_H3K4me1_frozen__bert-base-uncased__20260518T063955Z,1,1,0.4697220027446747,0.5302780270576477
gue_emp_H3K4me1_frozen__bert-base-uncased__20260518T063955Z,1,1,0.47745731472969055,0.5225426554679871
gue_emp_H3K4me1_frozen__bert-base-uncased__20260518T063955Z,0,1,0.4718882441520691,0.5281117558479309
gue_emp_H3K4me1_frozen__bert-base-uncased__20260518T063955Z,0,1,0.4662957489490509,0.5337042808532715
gue_emp_H3K4me1_frozen__bert-base-uncased__20260518T063955Z,1,1,0.47329166531562805,0.5267083048820496
gue_emp_H3K4me1_frozen__bert-base-uncased__20260518T063955Z,0,1,0.4691288471221924,0.5308711528778076
gue_emp_H3K4me1_frozen__bert-base-uncased__20260518T063955Z,0,1,0.4718782603740692,0.5281217098236084
gue_emp_H3K4me1_frozen__bert-base-uncased__20260518T063955Z,0,1,0.468948632478714,0.5310513973236084
gue_emp_H3K4me1_frozen__bert-base-uncased__20260518T063955Z,0,1,0.4665325880050659,0.5334674119949341
gue_emp_H3K4me1_frozen__bert-base-uncased__20260518T063955Z,0,1,0.4693318009376526,0.5306681990623474
gue_emp_H3K4me1_frozen__bert-base-uncased__20260518T063955Z,1,1,0.47599363327026367,0.5240064263343811
gue_emp_H3K4me1_frozen__bert-base-uncased__20260518T063955Z,1,1,0.4746522605419159,0.5253477692604065
gue_emp_H3K4me1_frozen__bert-base-uncased__20260518T063955Z,1,1,0.4673962891101837,0.5326036810874939
gue_emp_H3K4me1_frozen__bert-base-uncased__20260518T063955Z,0,1,0.4682161509990692,0.5317838191986084
gue_emp_H3K4me1_frozen__bert-base-uncased__20260518T063955Z,1,1,0.4727707803249359,0.5272291898727417
gue_emp_H3K4me1_frozen__bert-base-uncased__20260518T063955Z,1,1,0.4688178300857544,0.5311821699142456
gue_emp_H3K4me1_frozen__bert-base-uncased__20260518T063955Z,1,1,0.4688431918621063,0.5311568379402161
gue_emp_H3K4me1_frozen__bert-base-uncased__20260518T063955Z,0,1,0.4654144048690796,0.5345855951309204
gue_emp_H3K4me1_frozen__bert-base-uncased__20260518T063955Z,1,1,0.4708521068096161,0.5291478633880615
gue_emp_H3K4me1_frozen__bert-base-uncased__20260518T063955Z,1,1,0.4763764441013336,0.523623526096344
gue_emp_H3K4me1_frozen__bert-base-uncased__20260518T063955Z,1,1,0.47582322359085083,0.5241767168045044
gue_emp_H3K4me1_frozen__bert-base-uncased__20260518T063955Z,1,1,0.47805529832839966,0.5219447016716003
gue_emp_H3K4me1_frozen__bert-base-uncased__20260518T063955Z,0,1,0.47405877709388733,0.5259412527084351
gue_emp_H3K4me1_frozen__bert-base-uncased__20260518T063955Z,0,1,0.47140976786613464,0.5285902619361877
gue_emp_H3K4me1_frozen__bert-base-uncased__20260518T063955Z,1,1,0.47307342290878296,0.526926577091217
gue_emp_H3K4me1_frozen__bert-base-uncased__20260518T063955Z,0,1,0.47134295105934143,0.528657078742981
gue_emp_H3K4me1_frozen__bert-base-uncased__20260518T063955Z,1,1,0.4703928828239441,0.5296071171760559
gue_emp_H3K4me1_frozen__bert-base-uncased__20260518T063955Z,0,1,0.46746742725372314,0.5325325131416321
gue_emp_H3K4me1_frozen__bert-base-uncased__20260518T063955Z,1,1,0.4730706810951233,0.5269293785095215
gue_emp_H3K4me1_frozen__bert-base-uncased__20260518T063955Z,0,1,0.47357890009880066,0.526421070098877
gue_emp_H3K4me1_frozen__bert-base-uncased__20260518T063955Z,1,1,0.48072728514671326,0.5192727446556091
gue_emp_H3K4me1_frozen__bert-base-uncased__20260518T063955Z,1,1,0.470538467168808,0.5294615626335144
gue_emp_H3K4me1_frozen__bert-base-uncased__20260518T063955Z,1,1,0.47165361046791077,0.5283463597297668
gue_emp_H3K4me1_frozen__bert-base-uncased__20260518T063955Z,1,1,0.4756966531276703,0.5243033170700073
gue_emp_H3K4me1_frozen__bert-base-uncased__20260518T063955Z,1,1,0.46306082606315613,0.5369391441345215
gue_emp_H3K4me1_frozen__bert-base-uncased__20260518T063955Z,1,1,0.4622640609741211,0.5377358794212341
gue_emp_H3K4me1_frozen__bert-base-uncased__20260518T063955Z,0,1,0.4694480001926422,0.5305520296096802
gue_emp_H3K4me1_frozen__bert-base-uncased__20260518T063955Z,0,1,0.46030914783477783,0.5396908521652222
gue_emp_H3K4me1_frozen__bert-base-uncased__20260518T063955Z,0,1,0.4706920087337494,0.5293079614639282
gue_emp_H3K4me1_frozen__bert-base-uncased__20260518T063955Z,1,1,0.4654107689857483,0.5345891714096069
gue_emp_H3K4me1_frozen__bert-base-uncased__20260518T063955Z,1,1,0.47239410877227783,0.5276058316230774
gue_emp_H3K4me1_frozen__bert-base-uncased__20260518T063955Z,1,1,0.4683305621147156,0.5316694378852844
gue_emp_H3K4me1_frozen__bert-base-uncased__20260518T063955Z,1,1,0.4698120355606079,0.5301879644393921
gue_emp_H3K4me1_frozen__bert-base-uncased__20260518T063955Z,1,1,0.47462865710258484,0.5253713130950928
gue_emp_H3K4me1_frozen__bert-base-uncased__20260518T063955Z,1,1,0.46912702918052673,0.5308730006217957
gue_emp_H3K4me1_frozen__bert-base-uncased__20260518T063955Z,1,1,0.4807420074939728,0.5192579627037048
gue_emp_H3K4me1_frozen__bert-base-uncased__20260518T063955Z,1,1,0.47184666991233826,0.5281533598899841
gue_emp_H3K4me1_frozen__bert-base-uncased__20260518T063955Z,1,1,0.46709927916526794,0.5329007506370544
gue_emp_H3K4me1_frozen__bert-base-uncased__20260518T063955Z,0,1,0.4699905216693878,0.5300095081329346
gue_emp_H3K4me1_frozen__bert-base-uncased__20260518T063955Z,1,1,0.466400682926178,0.533599317073822
gue_emp_H3K4me1_frozen__bert-base-uncased__20260518T063955Z,1,1,0.4688393175601959,0.5311607122421265
gue_emp_H3K4me1_frozen__bert-base-uncased__20260518T063955Z,0,1,0.4743238091468811,0.5256761908531189
gue_emp_H3K4me1_frozen__bert-base-uncased__20260518T063955Z,0,1,0.4694306552410126,0.530569314956665
gue_emp_H3K4me1_frozen__bert-base-uncased__20260518T063955Z,1,1,0.47051626443862915,0.5294836759567261
gue_emp_H3K4me1_frozen__bert-base-uncased__20260518T063955Z,1,1,0.4621073007583618,0.5378926992416382
gue_emp_H3K4me1_frozen__bert-base-uncased__20260518T063955Z,1,1,0.4668946862220764,0.5331053137779236
gue_emp_H3K4me1_frozen__bert-base-uncased__20260518T063955Z,1,1,0.46614664793014526,0.53385329246521
gue_emp_H3K4me1_frozen__bert-base-uncased__20260518T063955Z,0,1,0.46945175528526306,0.5305482149124146
gue_emp_H3K4me1_frozen__bert-base-uncased__20260518T063955Z,1,1,0.4678255319595337,0.5321744680404663
gue_emp_H3K4me1_frozen__bert-base-uncased__20260518T063955Z,1,1,0.4696156084537506,0.530384361743927
gue_emp_H3K4me1_frozen__bert-base-uncased__20260518T063955Z,0,1,0.4667074680328369,0.5332925319671631
gue_emp_H3K4me1_frozen__bert-base-uncased__20260518T063955Z,0,1,0.46895328164100647,0.5310467481613159
gue_emp_H3K4me1_frozen__bert-base-uncased__20260518T063955Z,1,1,0.4697684645652771,0.5302314758300781
gue_emp_H3K4me1_frozen__bert-base-uncased__20260518T063955Z,1,1,0.47353827953338623,0.5264617204666138
gue_emp_H3K4me1_frozen__bert-base-uncased__20260518T063955Z,1,1,0.4716888666152954,0.5283111333847046
gue_emp_H3K4me1_frozen__bert-base-uncased__20260518T063955Z,1,1,0.47054487466812134,0.5294551253318787
gue_emp_H3K4me1_frozen__bert-base-uncased__20260518T063955Z,1,1,0.47130635380744934,0.5286936163902283
gue_emp_H3K4me1_frozen__bert-base-uncased__20260518T063955Z,0,1,0.4731520712375641,0.5268479585647583
gue_emp_H3K4me1_frozen__bert-base-uncased__20260518T063955Z,1,1,0.4702574610710144,0.5297425389289856
gue_emp_H3K4me1_frozen__bert-base-uncased__20260518T063955Z,1,1,0.47235915064811707,0.5276408791542053
gue_emp_H3K4me1_frozen__bert-base-uncased__20260518T063955Z,1,1,0.46243321895599365,0.5375667810440063
gue_emp_H3K4me1_frozen__bert-base-uncased__20260518T063955Z,0,1,0.47098496556282043,0.529015064239502
gue_emp_H3K4me1_frozen__bert-base-uncased__20260518T063955Z,0,1,0.4663180410861969,0.5336819291114807
gue_emp_H3K4me1_frozen__bert-base-uncased__20260518T063955Z,1,1,0.4703558087348938,0.5296441912651062
gue_emp_H3K4me1_frozen__bert-base-uncased__20260518T063955Z,1,1,0.46736639738082886,0.5326335430145264
gue_emp_H3K4me1_frozen__bert-base-uncased__20260518T063955Z,1,1,0.47587382793426514,0.5241261720657349
gue_emp_H3K4me1_frozen__bert-base-uncased__20260518T063955Z,0,1,0.4600137174129486,0.539986252784729
gue_emp_H3K4me1_frozen__bert-base-uncased__20260518T063955Z,1,1,0.4728705883026123,0.5271294116973877
gue_emp_H3K4me1_frozen__bert-base-uncased__20260518T063955Z,1,1,0.47885334491729736,0.5211466550827026
gue_emp_H3K4me1_frozen__bert-base-uncased__20260518T063955Z,1,1,0.47351130843162537,0.5264886617660522
gue_emp_H3K4me1_frozen__bert-base-uncased__20260518T063955Z,0,1,0.46806231141090393,0.5319376587867737
gue_emp_H3K4me1_frozen__bert-base-uncased__20260518T063955Z,1,1,0.4700336456298828,0.5299662947654724
gue_emp_H3K4me1_frozen__bert-base-uncased__20260518T063955Z,1,1,0.4732029438018799,0.5267970561981201
gue_emp_H3K4me1_frozen__bert-base-uncased__20260518T063955Z,1,1,0.47462260723114014,0.5253773927688599
gue_emp_H3K4me1_frozen__bert-base-uncased__20260518T063955Z,0,1,0.4735555946826935,0.5264444351196289
gue_emp_H3K4me1_frozen__bert-base-uncased__20260518T063955Z,1,1,0.47364434599876404,0.5263556838035583
gue_emp_H3K4me1_frozen__bert-base-uncased__20260518T063955Z,1,1,0.46225717663764954,0.5377428531646729
gue_emp_H3K4me1_frozen__bert-base-uncased__20260518T063955Z,1,1,0.4840288758277893,0.5159711241722107
gue_emp_H3K4me1_frozen__bert-base-uncased__20260518T063955Z,1,1,0.4723529517650604,0.527647078037262
gue_emp_H3K4me1_frozen__bert-base-uncased__20260518T063955Z,1,1,0.47250956296920776,0.5274903774261475
gue_emp_H3K4me1_frozen__bert-base-uncased__20260518T063955Z,0,1,0.4749547839164734,0.5250451564788818
gue_emp_H3K4me1_frozen__bert-base-uncased__20260518T063955Z,0,1,0.46552494168281555,0.5344750285148621
gue_emp_H3K4me1_frozen__bert-base-uncased__20260518T063955Z,1,1,0.46693891286849976,0.5330610275268555
gue_emp_H3K4me1_frozen__bert-base-uncased__20260518T063955Z,0,1,0.4721238911151886,0.527876079082489
gue_emp_H3K4me1_frozen__bert-base-uncased__20260518T063955Z,1,1,0.47318345308303833,0.5268165469169617
gue_emp_H3K4me1_frozen__bert-base-uncased__20260518T063955Z,0,1,0.4700963795185089,0.5299036502838135
gue_emp_H3K4me1_frozen__bert-base-uncased__20260518T063955Z,1,1,0.4747360348701477,0.5252639651298523
gue_emp_H3K4me1_frozen__bert-base-uncased__20260518T063955Z,1,1,0.4718540608882904,0.528145968914032
gue_emp_H3K4me1_frozen__bert-base-uncased__20260518T063955Z,0,1,0.46419697999954224,0.5358030200004578
gue_emp_H3K4me1_frozen__bert-base-uncased__20260518T063955Z,0,1,0.47145089507102966,0.528549075126648
gue_emp_H3K4me1_frozen__bert-base-uncased__20260518T063955Z,1,1,0.4657681882381439,0.5342317819595337
gue_emp_H3K4me1_frozen__bert-base-uncased__20260518T063955Z,1,1,0.47589606046676636,0.5241039395332336
gue_emp_H3K4me1_frozen__bert-base-uncased__20260518T063955Z,0,1,0.46805140376091003,0.5319485664367676
gue_emp_H3K4me1_frozen__bert-base-uncased__20260518T063955Z,0,1,0.47585925459861755,0.5241407155990601
gue_emp_H3K4me1_frozen__bert-base-uncased__20260518T063955Z,0,1,0.46841514110565186,0.5315848588943481
gue_emp_H3K4me1_frozen__bert-base-uncased__20260518T063955Z,0,1,0.46854132413864136,0.5314586758613586
gue_emp_H3K4me1_frozen__bert-base-uncased__20260518T063955Z,0,1,0.46957412362098694,0.5304259061813354
gue_emp_H3K4me1_frozen__bert-base-uncased__20260518T063955Z,1,1,0.46911585330963135,0.5308841466903687
gue_emp_H3K4me1_frozen__bert-base-uncased__20260518T063955Z,0,1,0.4666989743709564,0.533301055431366
gue_emp_H3K4me1_frozen__bert-base-uncased__20260518T063955Z,0,1,0.47416120767593384,0.5258387923240662
gue_emp_H3K4me1_frozen__bert-base-uncased__20260518T063955Z,0,1,0.4691997170448303,0.5308002829551697
gue_emp_H3K4me1_frozen__bert-base-uncased__20260518T063955Z,1,1,0.47466036677360535,0.5253396034240723
gue_emp_H3K4me1_frozen__bert-base-uncased__20260518T063955Z,1,1,0.4745207130908966,0.5254793167114258
gue_emp_H3K4me1_frozen__bert-base-uncased__20260518T063955Z,1,1,0.4651073217391968,0.5348926186561584
gue_emp_H3K4me1_frozen__bert-base-uncased__20260518T063955Z,1,1,0.47680750489234924,0.5231925249099731
gue_emp_H3K4me1_frozen__bert-base-uncased__20260518T063955Z,0,1,0.46725043654441833,0.5327495336532593
gue_emp_H3K4me1_frozen__bert-base-uncased__20260518T063955Z,1,1,0.4705445170402527,0.5294554829597473
gue_emp_H3K4me1_frozen__bert-base-uncased__20260518T063955Z,0,1,0.4658246636390686,0.5341753363609314
gue_emp_H3K4me1_frozen__bert-base-uncased__20260518T063955Z,1,1,0.47147056460380554,0.5285294651985168
gue_emp_H3K4me1_frozen__bert-base-uncased__20260518T063955Z,0,1,0.46705716848373413,0.5329427719116211
gue_emp_H3K4me1_frozen__bert-base-uncased__20260518T063955Z,1,1,0.4654039740562439,0.5345960259437561
gue_emp_H3K4me1_frozen__bert-base-uncased__20260518T063955Z,1,1,0.47269096970558167,0.527309000492096
gue_emp_H3K4me1_frozen__bert-base-uncased__20260518T063955Z,1,1,0.4700655937194824,0.5299344062805176
gue_emp_H3K4me1_frozen__bert-base-uncased__20260518T063955Z,0,1,0.46416953206062317,0.5358304381370544
gue_emp_H3K4me1_frozen__bert-base-uncased__20260518T063955Z,0,1,0.47136199474334717,0.5286380052566528
gue_emp_H3K4me1_frozen__bert-base-uncased__20260518T063955Z,1,1,0.47379937767982483,0.5262005925178528
gue_emp_H3K4me1_frozen__bert-base-uncased__20260518T063955Z,0,1,0.47371363639831543,0.5262863636016846
gue_emp_H3K4me1_frozen__bert-base-uncased__20260518T063955Z,0,1,0.45652705430984497,0.543472945690155
gue_emp_H3K4me1_frozen__bert-base-uncased__20260518T063955Z,0,1,0.4725688099861145,0.5274311900138855
gue_emp_H3K4me1_frozen__bert-base-uncased__20260518T063955Z,0,1,0.4702129662036896,0.529787003993988
gue_emp_H3K4me1_frozen__bert-base-uncased__20260518T063955Z,0,1,0.47401466965675354,0.5259853601455688
gue_emp_H3K4me1_frozen__bert-base-uncased__20260518T063955Z,1,1,0.4782249629497528,0.5217750072479248
gue_emp_H3K4me1_frozen__bert-base-uncased__20260518T063955Z,0,1,0.467203289270401,0.5327966809272766
gue_emp_H3K4me1_frozen__bert-base-uncased__20260518T063955Z,0,1,0.4636898934841156,0.536310076713562
gue_emp_H3K4me1_frozen__bert-base-uncased__20260518T063955Z,1,1,0.4653405547142029,0.5346594452857971
gue_emp_H3K4me1_frozen__bert-base-uncased__20260518T063955Z,1,1,0.4724266827106476,0.5275733470916748
gue_emp_H3K4me1_frozen__bert-base-uncased__20260518T063955Z,0,1,0.4661373496055603,0.5338626503944397
gue_emp_H3K4me1_frozen__bert-base-uncased__20260518T063955Z,0,1,0.46675458550453186,0.5332454442977905
gue_emp_H3K4me1_frozen__bert-base-uncased__20260518T063955Z,1,1,0.4649611711502075,0.5350388288497925
gue_emp_H3K4me1_frozen__bert-base-uncased__20260518T063955Z,0,1,0.4675016403198242,0.5324983596801758
gue_emp_H3K4me1_frozen__bert-base-uncased__20260518T063955Z,1,1,0.4751339554786682,0.5248660445213318
gue_emp_H3K4me1_frozen__bert-base-uncased__20260518T063955Z,0,1,0.4741929769515991,0.5258070826530457
gue_emp_H3K4me1_frozen__bert-base-uncased__20260518T063955Z,1,1,0.47084298729896545,0.5291569828987122
gue_emp_H3K4me1_frozen__bert-base-uncased__20260518T063955Z,1,1,0.4693790674209595,0.5306209325790405
gue_emp_H3K4me1_frozen__bert-base-uncased__20260518T063955Z,0,1,0.47223514318466187,0.5277648568153381
gue_emp_H3K4me1_frozen__bert-base-uncased__20260518T063955Z,0,1,0.47377923130989075,0.5262207388877869
gue_emp_H3K4me1_frozen__bert-base-uncased__20260518T063955Z,0,1,0.4627559781074524,0.5372440218925476
gue_emp_H3K4me1_frozen__bert-base-uncased__20260518T063955Z,1,1,0.47424572706222534,0.5257542729377747
gue_emp_H3K4me1_frozen__bert-base-uncased__20260518T063955Z,1,1,0.47198566794395447,0.5280143022537231
gue_emp_H3K4me1_frozen__bert-base-uncased__20260518T063955Z,1,1,0.4726496636867523,0.5273503065109253
gue_emp_H3K4me1_frozen__bert-base-uncased__20260518T063955Z,0,1,0.47230562567710876,0.5276943445205688
gue_emp_H3K4me1_frozen__bert-base-uncased__20260518T063955Z,0,1,0.47086480259895325,0.5291352272033691
gue_emp_H3K4me1_frozen__bert-base-uncased__20260518T063955Z,0,1,0.4672063887119293,0.5327936410903931
gue_emp_H3K4me1_frozen__bert-base-uncased__20260518T063955Z,0,1,0.47476956248283386,0.5252304673194885
gue_emp_H3K4me1_frozen__bert-base-uncased__20260518T063955Z,1,1,0.4720796048641205,0.5279203653335571
gue_emp_H3K4me1_frozen__bert-base-uncased__20260518T063955Z,1,1,0.4629758596420288,0.5370241403579712
gue_emp_H3K4me1_frozen__bert-base-uncased__20260518T063955Z,1,1,0.47272542119026184,0.5272746086120605
gue_emp_H3K4me1_frozen__bert-base-uncased__20260518T063955Z,1,1,0.4678040146827698,0.5321959853172302
gue_emp_H3K4me1_frozen__bert-base-uncased__20260518T063955Z,1,1,0.47304022312164307,0.5269597768783569
gue_emp_H3K4me1_frozen__bert-base-uncased__20260518T063955Z,0,1,0.4734482169151306,0.5265517830848694
gue_emp_H3K4me1_frozen__bert-base-uncased__20260518T063955Z,0,1,0.4694902002811432,0.5305097699165344
gue_emp_H3K4me1_frozen__bert-base-uncased__20260518T063955Z,0,1,0.46979954838752747,0.5302004814147949
gue_emp_H3K4me1_frozen__bert-base-uncased__20260518T063955Z,0,1,0.4685567021369934,0.5314432978630066
gue_emp_H3K4me1_frozen__bert-base-uncased__20260518T063955Z,0,1,0.4708441495895386,0.5291558504104614
gue_emp_H3K4me1_frozen__bert-base-uncased__20260518T063955Z,1,1,0.47433650493621826,0.5256634950637817
gue_emp_H3K4me1_frozen__bert-base-uncased__20260518T063955Z,0,1,0.47247278690338135,0.5275272130966187
gue_emp_H3K4me1_frozen__bert-base-uncased__20260518T063955Z,0,1,0.47325557470321655,0.5267444252967834
gue_emp_H3K4me1_frozen__bert-base-uncased__20260518T063955Z,0,1,0.4684302806854248,0.5315697193145752
gue_emp_H3K4me1_frozen__bert-base-uncased__20260518T063955Z,1,1,0.4678136110305786,0.5321863889694214
gue_emp_H3K4me1_frozen__bert-base-uncased__20260518T063955Z,1,1,0.471582293510437,0.528417706489563
gue_emp_H3K4me1_frozen__bert-base-uncased__20260518T063955Z,1,1,0.4717557430267334,0.5282442569732666
gue_emp_H3K4me1_frozen__bert-base-uncased__20260518T063955Z,0,1,0.46420472860336304,0.535795271396637
gue_emp_H3K4me1_frozen__bert-base-uncased__20260518T063955Z,1,1,0.4716528654098511,0.5283471345901489
gue_emp_H3K4me1_frozen__bert-base-uncased__20260518T063955Z,1,1,0.4686330258846283,0.5313669443130493
gue_emp_H3K4me1_frozen__bert-base-uncased__20260518T063955Z,1,1,0.47476476430892944,0.5252351760864258
gue_emp_H3K4me1_frozen__bert-base-uncased__20260518T063955Z,1,1,0.4688085913658142,0.531191349029541
gue_emp_H3K4me1_frozen__bert-base-uncased__20260518T063955Z,1,1,0.4706365764141083,0.5293633937835693
gue_emp_H3K4me1_frozen__bert-base-uncased__20260518T063955Z,0,1,0.4703289866447449,0.5296710729598999
gue_emp_H3K4me1_frozen__bert-base-uncased__20260518T063955Z,0,1,0.47180384397506714,0.5281960964202881
gue_emp_H3K4me1_frozen__bert-base-uncased__20260518T063955Z,1,1,0.46686631441116333,0.5331336855888367
gue_emp_H3K4me1_frozen__bert-base-uncased__20260518T063955Z,0,1,0.46636855602264404,0.5336315035820007
gue_emp_H3K4me1_frozen__bert-base-uncased__20260518T063955Z,1,1,0.46767234802246094,0.5323276519775391
gue_emp_H3K4me1_frozen__bert-base-uncased__20260518T063955Z,0,1,0.46812862157821655,0.5318713784217834
gue_emp_H3K4me1_frozen__bert-base-uncased__20260518T063955Z,1,1,0.47025173902511597,0.529748260974884
gue_emp_H3K4me1_frozen__bert-base-uncased__20260518T063955Z,1,1,0.46820101141929626,0.5317990183830261
gue_emp_H3K4me1_frozen__bert-base-uncased__20260518T063955Z,1,1,0.4707423746585846,0.5292576551437378
gue_emp_H3K4me1_frozen__bert-base-uncased__20260518T063955Z,0,1,0.4702525734901428,0.5297474265098572
gue_emp_H3K4me1_frozen__bert-base-uncased__20260518T063955Z,0,1,0.46945860981941223,0.5305413603782654
gue_emp_H3K4me1_frozen__bert-base-uncased__20260518T063955Z,1,1,0.4720452129840851,0.5279547572135925
gue_emp_H3K4me1_frozen__bert-base-uncased__20260518T063955Z,1,1,0.46473562717437744,0.5352643728256226
gue_emp_H3K4me1_frozen__bert-base-uncased__20260518T063955Z,0,1,0.46884873509407043,0.531151294708252
gue_emp_H3K4me1_frozen__bert-base-uncased__20260518T063955Z,0,1,0.4660903215408325,0.5339096784591675
gue_emp_H3K4me1_frozen__bert-base-uncased__20260518T063955Z,1,1,0.4716080129146576,0.5283920168876648
gue_emp_H3K4me1_frozen__bert-base-uncased__20260518T063955Z,0,1,0.46994730830192566,0.530052661895752
gue_emp_H3K4me1_frozen__bert-base-uncased__20260518T063955Z,1,1,0.4667632579803467,0.5332366824150085
gue_emp_H3K4me1_frozen__bert-base-uncased__20260518T063955Z,1,1,0.46616607904434204,0.5338338613510132
gue_emp_H3K4me1_frozen__bert-base-uncased__20260518T063955Z,0,1,0.47115758061408997,0.5288424491882324
gue_emp_H3K4me1_frozen__bert-base-uncased__20260518T063955Z,1,1,0.4708656668663025,0.5291343331336975
gue_emp_H3K4me1_frozen__bert-base-uncased__20260518T063955Z,1,1,0.4728708565235138,0.5271291732788086
gue_emp_H3K4me1_frozen__bert-base-uncased__20260518T063955Z,0,1,0.467019259929657,0.532980740070343
gue_emp_H3K4me1_frozen__bert-base-uncased__20260518T063955Z,0,1,0.4716888666152954,0.5283111333847046
gue_emp_H3K4me1_frozen__bert-base-uncased__20260518T063955Z,0,1,0.4655359387397766,0.5344640612602234
gue_emp_H3K4me1_frozen__bert-base-uncased__20260518T063955Z,1,1,0.4735037088394165,0.5264962315559387
gue_emp_H3K4me1_frozen__bert-base-uncased__20260518T063955Z,1,1,0.47641801834106445,0.5235819816589355
gue_emp_H3K4me1_frozen__bert-base-uncased__20260518T063955Z,1,1,0.46312829852104187,0.5368716716766357
gue_emp_H3K4me1_frozen__bert-base-uncased__20260518T063955Z,1,1,0.46920260787010193,0.5307973623275757
gue_emp_H3K4me1_frozen__bert-base-uncased__20260518T063955Z,1,1,0.4635569751262665,0.5364429950714111
gue_emp_H3K4me1_frozen__bert-base-uncased__20260518T063955Z,1,1,0.4648333787918091,0.5351666212081909
gue_emp_H3K4me1_frozen__bert-base-uncased__20260518T063955Z,1,1,0.4775630235671997,0.5224369168281555
gue_emp_H3K4me1_frozen__bert-base-uncased__20260518T063955Z,1,1,0.4666679799556732,0.5333319902420044
gue_emp_H3K4me1_frozen__bert-base-uncased__20260518T063955Z,1,1,0.4732968211174011,0.5267031788825989
gue_emp_H3K4me1_frozen__bert-base-uncased__20260518T063955Z,0,1,0.4730953872203827,0.5269045829772949
gue_emp_H3K4me1_frozen__bert-base-uncased__20260518T063955Z,1,1,0.4715440571308136,0.528455913066864
gue_emp_H3K4me1_frozen__bert-base-uncased__20260518T063955Z,0,1,0.470417857170105,0.5295820832252502
gue_emp_H3K4me1_frozen__bert-base-uncased__20260518T063955Z,1,1,0.47329479455947876,0.5267052054405212
gue_emp_H3K4me1_frozen__bert-base-uncased__20260518T063955Z,0,1,0.4734128713607788,0.5265871286392212
gue_emp_H3K4me1_frozen__bert-base-uncased__20260518T063955Z,1,1,0.46911686658859253,0.5308831334114075
gue_emp_H3K4me1_frozen__bert-base-uncased__20260518T063955Z,0,1,0.47687625885009766,0.5231237411499023
gue_emp_H3K4me1_frozen__bert-base-uncased__20260518T063955Z,1,1,0.4651363790035248,0.5348635911941528
gue_emp_H3K4me1_frozen__bert-base-uncased__20260518T063955Z,1,1,0.47019529342651367,0.5298047065734863
gue_emp_H3K4me1_frozen__bert-base-uncased__20260518T063955Z,0,1,0.46098747849464417,0.5390124917030334
gue_emp_H3K4me1_frozen__bert-base-uncased__20260518T063955Z,1,1,0.474069207906723,0.5259308218955994
gue_emp_H3K4me1_frozen__bert-base-uncased__20260518T063955Z,1,1,0.47347933053970337,0.5265206694602966
gue_emp_H3K4me1_frozen__bert-base-uncased__20260518T063955Z,0,1,0.46943625807762146,0.5305637121200562
gue_emp_H3K4me1_frozen__bert-base-uncased__20260518T063955Z,1,1,0.4714820981025696,0.5285179018974304
gue_emp_H3K4me1_frozen__bert-base-uncased__20260518T063955Z,0,1,0.47463029623031616,0.5253697633743286
gue_emp_H3K4me1_frozen__bert-base-uncased__20260518T063955Z,1,1,0.4756077527999878,0.5243922472000122
gue_emp_H3K4me1_frozen__bert-base-uncased__20260518T063955Z,1,1,0.4693204462528229,0.5306795835494995
gue_emp_H3K4me1_frozen__bert-base-uncased__20260518T063955Z,0,1,0.47244909405708313,0.5275508761405945
gue_emp_H3K4me1_frozen__bert-base-uncased__20260518T063955Z,1,1,0.4745856821537018,0.5254143476486206
gue_emp_H3K4me1_frozen__bert-base-uncased__20260518T063955Z,1,1,0.47304069995880127,0.5269593000411987
gue_emp_H3K4me1_frozen__bert-base-uncased__20260518T063955Z,0,1,0.4700014293193817,0.5299986004829407
gue_emp_H3K4me1_frozen__bert-base-uncased__20260518T063955Z,0,1,0.4741029143333435,0.5258970856666565
gue_emp_H3K4me1_frozen__bert-base-uncased__20260518T063955Z,1,1,0.47123366594314575,0.5287663340568542
gue_emp_H3K4me1_frozen__bert-base-uncased__20260518T063955Z,0,1,0.47254419326782227,0.527455747127533
gue_emp_H3K4me1_frozen__bert-base-uncased__20260518T063955Z,1,1,0.4738653600215912,0.5261346101760864
gue_emp_H3K4me1_frozen__bert-base-uncased__20260518T063955Z,0,1,0.4678264856338501,0.5321735739707947
gue_emp_H3K4me1_frozen__bert-base-uncased__20260518T063955Z,0,1,0.4692763388156891,0.5307236313819885
gue_emp_H3K4me1_frozen__bert-base-uncased__20260518T063955Z,0,1,0.47395700216293335,0.5260429978370667
gue_emp_H3K4me1_frozen__bert-base-uncased__20260518T063955Z,0,1,0.46354201436042786,0.5364579558372498
gue_emp_H3K4me1_frozen__bert-base-uncased__20260518T063955Z,1,1,0.46943169832229614,0.5305683016777039
gue_emp_H3K4me1_frozen__bert-base-uncased__20260518T063955Z,1,1,0.46719440817832947,0.5328055620193481
gue_emp_H3K4me1_frozen__bert-base-uncased__20260518T063955Z,1,1,0.47192448377609253,0.5280755162239075
gue_emp_H3K4me1_frozen__bert-base-uncased__20260518T063955Z,0,1,0.4655512869358063,0.5344486832618713
gue_emp_H3K4me1_frozen__bert-base-uncased__20260518T063955Z,0,1,0.46879884600639343,0.531201183795929
gue_emp_H3K4me1_frozen__bert-base-uncased__20260518T063955Z,0,1,0.46386197209358215,0.5361379981040955
gue_emp_H3K4me1_frozen__bert-base-uncased__20260518T063955Z,0,1,0.46846914291381836,0.5315308570861816
gue_emp_H3K4me1_frozen__bert-base-uncased__20260518T063955Z,0,1,0.4585913419723511,0.5414087176322937
gue_emp_H3K4me1_frozen__bert-base-uncased__20260518T063955Z,0,1,0.4740045964717865,0.5259953737258911
gue_emp_H3K4me1_frozen__bert-base-uncased__20260518T063955Z,1,1,0.4671354293823242,0.5328645706176758
gue_emp_H3K4me1_frozen__bert-base-uncased__20260518T063955Z,0,1,0.4772200286388397,0.5227800011634827
gue_emp_H3K4me1_frozen__bert-base-uncased__20260518T063955Z,1,1,0.47105592489242554,0.5289440751075745
gue_emp_H3K4me1_frozen__bert-base-uncased__20260518T063955Z,0,1,0.47070443630218506,0.5292956233024597
gue_emp_H3K4me1_frozen__bert-base-uncased__20260518T063955Z,1,1,0.4638442397117615,0.5361557602882385
gue_emp_H3K4me1_frozen__bert-base-uncased__20260518T063955Z,0,1,0.47139057517051697,0.5286094546318054
gue_emp_H3K4me1_frozen__bert-base-uncased__20260518T063955Z,0,1,0.47234848141670227,0.5276514887809753
gue_emp_H3K4me1_frozen__bert-base-uncased__20260518T063955Z,0,1,0.46729788184165955,0.5327021479606628
gue_emp_H3K4me1_frozen__bert-base-uncased__20260518T063955Z,1,1,0.4688069820404053,0.5311930179595947
gue_emp_H3K4me1_frozen__bert-base-uncased__20260518T063955Z,0,1,0.4742708206176758,0.5257291793823242
gue_emp_H3K4me1_frozen__bert-base-uncased__20260518T063955Z,1,1,0.4713403582572937,0.5286596417427063
gue_emp_H3K4me1_frozen__bert-base-uncased__20260518T063955Z,0,1,0.4687657356262207,0.5312342643737793
gue_emp_H3K4me1_frozen__bert-base-uncased__20260518T063955Z,1,1,0.47114482522010803,0.5288552045822144
gue_emp_H3K4me1_frozen__bert-base-uncased__20260518T063955Z,1,1,0.4709031283855438,0.5290968418121338
gue_emp_H3K4me1_frozen__bert-base-uncased__20260518T063955Z,1,1,0.47300148010253906,0.5269984602928162
gue_emp_H3K4me1_frozen__bert-base-uncased__20260518T063955Z,1,1,0.47219470143318176,0.5278052687644958
gue_emp_H3K4me1_frozen__bert-base-uncased__20260518T063955Z,0,1,0.46934106945991516,0.5306589007377625
gue_emp_H3K4me1_frozen__bert-base-uncased__20260518T063955Z,1,1,0.4731374979019165,0.5268625020980835
gue_emp_H3K4me1_frozen__bert-base-uncased__20260518T063955Z,0,1,0.47086140513420105,0.5291385650634766
gue_emp_H3K4me1_frozen__bert-base-uncased__20260518T063955Z,1,1,0.4699619710445404,0.5300379991531372
gue_emp_H3K4me1_frozen__bert-base-uncased__20260518T063955Z,1,1,0.47338399291038513,0.5266159772872925
gue_emp_H3K4me1_frozen__bert-base-uncased__20260518T063955Z,0,1,0.4667706787586212,0.5332293510437012
gue_emp_H3K4me1_frozen__bert-base-uncased__20260518T063955Z,1,1,0.4760396480560303,0.5239603519439697
gue_emp_H3K4me1_frozen__bert-base-uncased__20260518T063955Z,0,1,0.4685983657836914,0.5314016342163086
gue_emp_H3K4me1_frozen__bert-base-uncased__20260518T063955Z,0,1,0.4661214351654053,0.53387850522995
gue_emp_H3K4me1_frozen__bert-base-uncased__20260518T063955Z,1,1,0.4750024080276489,0.5249975919723511
gue_emp_H3K4me1_frozen__bert-base-uncased__20260518T063955Z,0,1,0.46948039531707764,0.5305196046829224
gue_emp_H3K4me1_frozen__bert-base-uncased__20260518T063955Z,0,1,0.46912992000579834,0.5308700799942017
gue_emp_H3K4me1_frozen__bert-base-uncased__20260518T063955Z,0,1,0.4730819761753082,0.5269179940223694
gue_emp_H3K4me1_frozen__bert-base-uncased__20260518T063955Z,1,1,0.47332197427749634,0.5266780257225037
gue_emp_H3K4me1_frozen__bert-base-uncased__20260518T063955Z,0,1,0.4708770513534546,0.5291229486465454
gue_emp_H3K4me1_frozen__bert-base-uncased__20260518T063955Z,1,1,0.47808128595352173,0.5219187140464783
gue_emp_H3K4me1_frozen__bert-base-uncased__20260518T063955Z,0,1,0.4632236659526825,0.5367763638496399
gue_emp_H3K4me1_frozen__bert-base-uncased__20260518T063955Z,1,1,0.4743562638759613,0.5256437063217163
gue_emp_H3K4me1_frozen__bert-base-uncased__20260518T063955Z,0,1,0.47062429785728455,0.5293756723403931
gue_emp_H3K4me1_frozen__bert-base-uncased__20260518T063955Z,0,1,0.4723460078239441,0.5276539921760559
gue_emp_H3K4me1_frozen__bert-base-uncased__20260518T063955Z,1,1,0.4660229980945587,0.5339770317077637
gue_emp_H3K4me1_frozen__bert-base-uncased__20260518T063955Z,0,1,0.4724947214126587,0.5275053381919861
gue_emp_H3K4me1_frozen__bert-base-uncased__20260518T063955Z,1,1,0.4747191369533539,0.5252808332443237
gue_emp_H3K4me1_frozen__bert-base-uncased__20260518T063955Z,0,1,0.47204750776290894,0.5279524922370911
gue_emp_H3K4me1_frozen__bert-base-uncased__20260518T063955Z,1,1,0.4767666161060333,0.5232334136962891
gue_emp_H3K4me1_frozen__bert-base-uncased__20260518T063955Z,1,1,0.47665640711784363,0.523343563079834
gue_emp_H3K4me1_frozen__bert-base-uncased__20260518T063955Z,0,1,0.4723886549472809,0.5276113748550415
gue_emp_H3K4me1_frozen__bert-base-uncased__20260518T063955Z,0,1,0.46259286999702454,0.5374071002006531
gue_emp_H3K4me1_frozen__bert-base-uncased__20260518T063955Z,1,1,0.45689570903778076,0.543104350566864
gue_emp_H3K4me1_frozen__bert-base-uncased__20260518T063955Z,0,1,0.47107067704200745,0.5289292931556702
gue_emp_H3K4me1_frozen__bert-base-uncased__20260518T063955Z,0,1,0.4676016867160797,0.5323982834815979
gue_emp_H3K4me1_frozen__bert-base-uncased__20260518T063955Z,0,1,0.4739629030227661,0.5260370969772339
gue_emp_H3K4me1_frozen__bert-base-uncased__20260518T063955Z,1,1,0.47041061520576477,0.5295894145965576
gue_emp_H3K4me1_frozen__bert-base-uncased__20260518T063955Z,1,1,0.46586406230926514,0.5341359376907349
gue_emp_H3K4me1_frozen__bert-base-uncased__20260518T063955Z,0,1,0.47221094369888306,0.5277890563011169
gue_emp_H3K4me1_frozen__bert-base-uncased__20260518T063955Z,0,1,0.47390875220298767,0.5260912179946899
gue_emp_H3K4me1_frozen__bert-base-uncased__20260518T063955Z,1,1,0.4656193256378174,0.5343806743621826
gue_emp_H3K4me1_frozen__bert-base-uncased__20260518T063955Z,1,1,0.46967071294784546,0.5303292274475098
gue_emp_H3K4me1_frozen__bert-base-uncased__20260518T063955Z,0,1,0.4735395014286041,0.5264605283737183
gue_emp_H3K4me1_frozen__bert-base-uncased__20260518T063955Z,0,1,0.47331503033638,0.5266849994659424
gue_emp_H3K4me1_frozen__bert-base-uncased__20260518T063955Z,0,1,0.4685385525226593,0.5314614176750183
gue_emp_H3K4me1_frozen__bert-base-uncased__20260518T063955Z,0,1,0.4641079306602478,0.5358920693397522
gue_emp_H3K4me1_frozen__bert-base-uncased__20260518T063955Z,0,1,0.4624495208263397,0.5375504493713379
gue_emp_H3K4me1_frozen__bert-base-uncased__20260518T063955Z,1,1,0.4718262553215027,0.5281736850738525
gue_emp_H3K4me1_frozen__bert-base-uncased__20260518T063955Z,0,1,0.47203075885772705,0.5279691815376282
gue_emp_H3K4me1_frozen__bert-base-uncased__20260518T063955Z,1,1,0.4702802896499634,0.5297197103500366
gue_emp_H3K4me1_frozen__bert-base-uncased__20260518T063955Z,1,1,0.47159403562545776,0.5284059643745422
gue_emp_H3K4me1_frozen__bert-base-uncased__20260518T063955Z,0,1,0.4740162491798401,0.5259837508201599
gue_emp_H3K4me1_frozen__bert-base-uncased__20260518T063955Z,0,1,0.4724409282207489,0.5275590419769287
gue_emp_H3K4me1_frozen__bert-base-uncased__20260518T063955Z,1,1,0.4737003445625305,0.5262996554374695
gue_emp_H3K4me1_frozen__bert-base-uncased__20260518T063955Z,1,1,0.47844064235687256,0.5215594172477722
gue_emp_H3K4me1_frozen__bert-base-uncased__20260518T063955Z,1,1,0.4725605249404907,0.5274394750595093
gue_emp_H3K4me1_frozen__bert-base-uncased__20260518T063955Z,1,1,0.4707304835319519,0.5292695760726929
gue_emp_H3K4me1_frozen__bert-base-uncased__20260518T063955Z,0,1,0.473172664642334,0.526827335357666
gue_emp_H3K4me1_frozen__bert-base-uncased__20260518T063955Z,1,1,0.4712385833263397,0.5287614464759827
gue_emp_H3K4me1_frozen__bert-base-uncased__20260518T063955Z,0,1,0.4754906892776489,0.5245092511177063
gue_emp_H3K4me1_frozen__bert-base-uncased__20260518T063955Z,0,1,0.46753618121147156,0.532463788986206
gue_emp_H3K4me1_frozen__bert-base-uncased__20260518T063955Z,0,1,0.46505656838417053,0.5349434614181519
gue_emp_H3K4me1_frozen__bert-base-uncased__20260518T063955Z,0,1,0.47109371423721313,0.5289062857627869
gue_emp_H3K4me1_frozen__bert-base-uncased__20260518T063955Z,0,1,0.47474250197410583,0.5252574682235718
gue_emp_H3K4me1_frozen__bert-base-uncased__20260518T063955Z,1,1,0.4754069149494171,0.5245930552482605
gue_emp_H3K4me1_frozen__bert-base-uncased__20260518T063955Z,1,1,0.474446177482605,0.5255538821220398
gue_emp_H3K4me1_frozen__bert-base-uncased__20260518T063955Z,1,1,0.4763454496860504,0.5236545205116272
gue_emp_H3K4me1_frozen__bert-base-uncased__20260518T063955Z,0,1,0.46856993436813354,0.5314300656318665
gue_emp_H3K4me1_frozen__bert-base-uncased__20260518T063955Z,0,1,0.4722384512424469,0.5277615189552307
gue_emp_H3K4me1_frozen__bert-base-uncased__20260518T063955Z,1,1,0.47310155630111694,0.5268984436988831
gue_emp_H3K4me1_frozen__bert-base-uncased__20260518T063955Z,1,1,0.4706692397594452,0.5293307900428772
gue_emp_H3K4me1_frozen__bert-base-uncased__20260518T063955Z,1,1,0.4690535068511963,0.5309464931488037
gue_emp_H3K4me1_frozen__bert-base-uncased__20260518T063955Z,1,1,0.4692239463329315,0.5307760834693909
gue_emp_H3K4me1_frozen__bert-base-uncased__20260518T063955Z,0,1,0.4663830101490021,0.5336169600486755
gue_emp_H3K4me1_frozen__bert-base-uncased__20260518T063955Z,1,1,0.467354953289032,0.532645046710968
gue_emp_H3K4me1_frozen__bert-base-uncased__20260518T063955Z,1,1,0.4691506028175354,0.5308493375778198
gue_emp_H3K4me1_frozen__bert-base-uncased__20260518T063955Z,1,1,0.4728371202945709,0.5271629095077515
gue_emp_H3K4me1_frozen__bert-base-uncased__20260518T063955Z,1,1,0.4714108407497406,0.5285891890525818
gue_emp_H3K4me1_frozen__bert-base-uncased__20260518T063955Z,1,1,0.47464561462402344,0.5253543853759766
gue_emp_H3K4me1_frozen__bert-base-uncased__20260518T063955Z,1,1,0.4676186442375183,0.5323814153671265
gue_emp_H3K4me1_frozen__bert-base-uncased__20260518T063955Z,0,1,0.4708826541900635,0.5291173458099365
gue_emp_H3K4me1_frozen__bert-base-uncased__20260518T063955Z,0,1,0.4635486304759979,0.5364513397216797
gue_emp_H3K4me1_frozen__bert-base-uncased__20260518T063955Z,1,1,0.4698546528816223,0.5301454067230225
gue_emp_H3K4me1_frozen__bert-base-uncased__20260518T063955Z,0,1,0.46862316131591797,0.531376838684082
gue_emp_H3K4me1_frozen__bert-base-uncased__20260518T063955Z,1,1,0.47020795941352844,0.529792070388794
gue_emp_H3K4me1_frozen__bert-base-uncased__20260518T063955Z,0,1,0.4662622809410095,0.5337377190589905
gue_emp_H3K4me1_frozen__bert-base-uncased__20260518T063955Z,0,1,0.47276929020881653,0.5272306799888611
gue_emp_H3K4me1_frozen__bert-base-uncased__20260518T063955Z,1,1,0.47207874059677124,0.527921199798584
gue_emp_H3K4me1_frozen__bert-base-uncased__20260518T063955Z,1,1,0.4683625102043152,0.5316374897956848
gue_emp_H3K4me1_frozen__bert-base-uncased__20260518T063955Z,1,1,0.47142601013183594,0.5285739898681641
gue_emp_H3K4me1_frozen__bert-base-uncased__20260518T063955Z,1,1,0.47245344519615173,0.5275465250015259
gue_emp_H3K4me1_frozen__bert-base-uncased__20260518T063955Z,1,1,0.47549352049827576,0.5245064496994019
gue_emp_H3K4me1_frozen__bert-base-uncased__20260518T063955Z,1,1,0.4744110703468323,0.525588870048523
gue_emp_H3K4me1_frozen__bert-base-uncased__20260518T063955Z,0,1,0.47168558835983276,0.5283144116401672
gue_emp_H3K4me1_frozen__bert-base-uncased__20260518T063955Z,1,1,0.4733177721500397,0.5266822576522827
gue_emp_H3K4me1_frozen__bert-base-uncased__20260518T063955Z,1,1,0.46547040343284607,0.5345295667648315
gue_emp_H3K4me1_frozen__bert-base-uncased__20260518T063955Z,1,1,0.4685967266559601,0.5314033031463623
gue_emp_H3K4me1_frozen__bert-base-uncased__20260518T063955Z,1,1,0.47445935010910034,0.5255406498908997
gue_emp_H3K4me1_frozen__bert-base-uncased__20260518T063955Z,1,1,0.4698915183544159,0.5301084518432617
gue_emp_H3K4me1_frozen__bert-base-uncased__20260518T063955Z,0,1,0.4583780765533447,0.5416219234466553
gue_emp_H3K4me1_frozen__bert-base-uncased__20260518T063955Z,0,1,0.46655240654945374,0.5334476232528687
gue_emp_H3K4me1_frozen__bert-base-uncased__20260518T063955Z,1,1,0.471055269241333,0.5289446711540222
gue_emp_H3K4me1_frozen__bert-base-uncased__20260518T063955Z,1,1,0.4733002185821533,0.5266997814178467
gue_emp_H3K4me1_frozen__bert-base-uncased__20260518T063955Z,1,1,0.47790807485580444,0.5220919251441956
gue_emp_H3K4me1_frozen__bert-base-uncased__20260518T063955Z,1,1,0.4675350487232208,0.5324649214744568
gue_emp_H3K4me1_frozen__bert-base-uncased__20260518T063955Z,1,1,0.47265860438346863,0.5273414254188538
gue_emp_H3K4me1_frozen__bert-base-uncased__20260518T063955Z,1,1,0.4651627838611603,0.5348372459411621
gue_emp_H3K4me1_frozen__bert-base-uncased__20260518T063955Z,0,1,0.4687357246875763,0.5312642455101013
gue_emp_H3K4me1_frozen__bert-base-uncased__20260518T063955Z,1,1,0.4725284278392792,0.5274715423583984
gue_emp_H3K4me1_frozen__bert-base-uncased__20260518T063955Z,0,1,0.47056105732917786,0.5294389128684998
gue_emp_H3K4me1_frozen__bert-base-uncased__20260518T063955Z,0,1,0.47115182876586914,0.5288481712341309
gue_emp_H3K4me1_frozen__bert-base-uncased__20260518T063955Z,0,1,0.47332656383514404,0.526673436164856
gue_emp_H3K4me1_frozen__bert-base-uncased__20260518T063955Z,0,1,0.4659281373023987,0.5340718626976013
gue_emp_H3K4me1_frozen__bert-base-uncased__20260518T063955Z,0,1,0.4657708704471588,0.5342291593551636
gue_emp_H3K4me1_frozen__bert-base-uncased__20260518T063955Z,1,1,0.4704638421535492,0.5295361876487732
gue_emp_H3K4me1_frozen__bert-base-uncased__20260518T063955Z,0,1,0.4673202931880951,0.5326796770095825
gue_emp_H3K4me1_frozen__bert-base-uncased__20260518T063955Z,0,1,0.4690839350223541,0.5309160351753235
gue_emp_H3K4me1_frozen__bert-base-uncased__20260518T063955Z,1,1,0.47008031606674194,0.5299197435379028
gue_emp_H3K4me1_frozen__bert-base-uncased__20260518T063955Z,0,1,0.468422532081604,0.531577467918396
gue_emp_H3K4me1_frozen__bert-base-uncased__20260518T063955Z,0,1,0.4691064655780792,0.5308935642242432
gue_emp_H3K4me1_frozen__bert-base-uncased__20260518T063955Z,0,1,0.4711739122867584,0.528826117515564
gue_emp_H3K4me1_frozen__bert-base-uncased__20260518T063955Z,1,1,0.4724636673927307,0.5275363326072693
gue_emp_H3K4me1_frozen__bert-base-uncased__20260518T063955Z,1,1,0.46519795060157776,0.5348020195960999
gue_emp_H3K4me1_frozen__bert-base-uncased__20260518T063955Z,1,1,0.47290167212486267,0.5270983576774597
gue_emp_H3K4me1_frozen__bert-base-uncased__20260518T063955Z,0,1,0.4669739305973053,0.5330260396003723
gue_emp_H3K4me1_frozen__bert-base-uncased__20260518T063955Z,0,1,0.47578832507133484,0.5242116451263428
gue_emp_H3K4me1_frozen__bert-base-uncased__20260518T063955Z,0,1,0.4690522849559784,0.530947744846344
gue_emp_H3K4me1_frozen__bert-base-uncased__20260518T063955Z,1,1,0.47244977951049805,0.527550220489502
gue_emp_H3K4me1_frozen__bert-base-uncased__20260518T063955Z,1,1,0.4667539596557617,0.5332460403442383
gue_emp_H3K4me1_frozen__bert-base-uncased__20260518T063955Z,0,1,0.4681765139102936,0.531823456287384
gue_emp_H3K4me1_frozen__bert-base-uncased__20260518T063955Z,0,1,0.47247132658958435,0.527528703212738
gue_emp_H3K4me1_frozen__bert-base-uncased__20260518T063955Z,1,1,0.4657178223133087,0.5342822074890137
gue_emp_H3K4me1_frozen__bert-base-uncased__20260518T063955Z,1,1,0.4741443693637848,0.5258556604385376
gue_emp_H3K4me1_frozen__bert-base-uncased__20260518T063955Z,1,1,0.46226537227630615,0.5377345681190491
gue_emp_H3K4me1_frozen__bert-base-uncased__20260518T063955Z,1,1,0.4680282473564148,0.5319717526435852
gue_emp_H3K4me1_frozen__bert-base-uncased__20260518T063955Z,0,1,0.4700230360031128,0.5299769639968872
gue_emp_H3K4me1_frozen__bert-base-uncased__20260518T063955Z,1,1,0.4717990458011627,0.5282009840011597
gue_emp_H3K4me1_frozen__bert-base-uncased__20260518T063955Z,1,1,0.47083279490470886,0.5291671752929688
gue_emp_H3K4me1_frozen__bert-base-uncased__20260518T063955Z,0,1,0.4708103537559509,0.5291896462440491
gue_emp_H3K4me1_frozen__bert-base-uncased__20260518T063955Z,1,1,0.4651544392108917,0.5348455309867859
gue_emp_H3K4me1_frozen__bert-base-uncased__20260518T063955Z,1,1,0.46932658553123474,0.5306734442710876
gue_emp_H3K4me1_frozen__bert-base-uncased__20260518T063955Z,0,1,0.4666334092617035,0.5333666205406189
gue_emp_H3K4me1_frozen__bert-base-uncased__20260518T063955Z,0,1,0.4693853557109833,0.5306146740913391
gue_emp_H3K4me1_frozen__bert-base-uncased__20260518T063955Z,1,1,0.4637158215045929,0.5362841486930847
gue_emp_H3K4me1_frozen__bert-base-uncased__20260518T063955Z,0,1,0.46792465448379517,0.5320753455162048
gue_emp_H3K4me1_frozen__bert-base-uncased__20260518T063955Z,0,1,0.47113409638404846,0.5288658738136292
gue_emp_H3K4me1_frozen__bert-base-uncased__20260518T063955Z,1,1,0.4692818820476532,0.5307180881500244
gue_emp_H3K4me1_frozen__bert-base-uncased__20260518T063955Z,0,1,0.4732115864753723,0.5267884135246277
gue_emp_H3K4me1_frozen__bert-base-uncased__20260518T063955Z,1,1,0.4655691087245941,0.5344309210777283
gue_emp_H3K4me1_frozen__bert-base-uncased__20260518T063955Z,1,1,0.46337318420410156,0.5366268157958984
gue_emp_H3K4me1_frozen__bert-base-uncased__20260518T063955Z,0,1,0.4740956127643585,0.5259044170379639
gue_emp_H3K4me1_frozen__bert-base-uncased__20260518T063955Z,1,1,0.4686984419822693,0.5313015580177307
gue_emp_H3K4me1_frozen__bert-base-uncased__20260518T063955Z,0,1,0.45744937658309937,0.5425506830215454
gue_emp_H3K4me1_frozen__bert-base-uncased__20260518T063955Z,0,1,0.4646846652030945,0.5353153347969055
gue_emp_H3K4me1_frozen__bert-base-uncased__20260518T063955Z,1,1,0.4704466760158539,0.5295532941818237
gue_emp_H3K4me1_frozen__bert-base-uncased__20260518T063955Z,0,1,0.47442445158958435,0.525575578212738
gue_emp_H3K4me1_frozen__bert-base-uncased__20260518T063955Z,1,1,0.47168660163879395,0.528313398361206
gue_emp_H3K4me1_frozen__bert-base-uncased__20260518T063955Z,0,1,0.4751420021057129,0.5248579978942871
gue_emp_H3K4me1_frozen__bert-base-uncased__20260518T063955Z,0,1,0.47151780128479004,0.5284822583198547
gue_emp_H3K4me1_frozen__bert-base-uncased__20260518T063955Z,0,1,0.4700107276439667,0.5299892425537109
gue_emp_H3K4me1_frozen__bert-base-uncased__20260518T063955Z,1,1,0.4695883095264435,0.5304117202758789
gue_emp_H3K4me1_frozen__bert-base-uncased__20260518T063955Z,0,1,0.4737911820411682,0.5262088179588318
gue_emp_H3K4me1_frozen__bert-base-uncased__20260518T063955Z,1,1,0.47305288910865784,0.5269470810890198
gue_emp_H3K4me1_frozen__bert-base-uncased__20260518T063955Z,1,1,0.4707828760147095,0.5292171239852905
gue_emp_H3K4me1_frozen__bert-base-uncased__20260518T063955Z,1,1,0.4707116484642029,0.5292884111404419
gue_emp_H3K4me1_frozen__bert-base-uncased__20260518T063955Z,0,1,0.4710421860218048,0.5289578437805176
gue_emp_H3K4me1_frozen__bert-base-uncased__20260518T063955Z,0,1,0.4710519015789032,0.5289481282234192
gue_emp_H3K4me1_frozen__bert-base-uncased__20260518T063955Z,1,1,0.46952182054519653,0.5304782390594482
gue_emp_H3K4me1_frozen__bert-base-uncased__20260518T063955Z,1,1,0.465536504983902,0.5344635248184204
gue_emp_H3K4me1_frozen__bert-base-uncased__20260518T063955Z,0,1,0.4635881781578064,0.5364118218421936
gue_emp_H3K4me1_frozen__bert-base-uncased__20260518T063955Z,0,1,0.4683677554130554,0.5316322445869446
gue_emp_H3K4me1_frozen__bert-base-uncased__20260518T063955Z,0,1,0.4623298943042755,0.5376700758934021
gue_emp_H3K4me1_frozen__bert-base-uncased__20260518T063955Z,1,1,0.4622255265712738,0.5377745032310486
gue_emp_H3K4me1_frozen__bert-base-uncased__20260518T063955Z,0,1,0.4759124219417572,0.5240875482559204
gue_emp_H3K4me1_frozen__bert-base-uncased__20260518T063955Z,0,1,0.47015872597694397,0.5298412442207336
gue_emp_H3K4me1_frozen__bert-base-uncased__20260518T063955Z,0,1,0.4634692072868347,0.5365307927131653
gue_emp_H3K4me1_frozen__bert-base-uncased__20260518T063955Z,1,1,0.47361746430397034,0.526382565498352
gue_emp_H3K4me1_frozen__bert-base-uncased__20260518T063955Z,1,1,0.47357067465782166,0.526429295539856
gue_emp_H3K4me1_frozen__bert-base-uncased__20260518T063955Z,0,1,0.4636085629463196,0.5363914370536804
gue_emp_H3K4me1_frozen__bert-base-uncased__20260518T063955Z,1,1,0.47169390320777893,0.5283061265945435
gue_emp_H3K4me1_frozen__bert-base-uncased__20260518T063955Z,0,1,0.47165441513061523,0.5283456444740295
gue_emp_H3K4me1_frozen__bert-base-uncased__20260518T063955Z,1,1,0.4704018235206604,0.5295981764793396
gue_emp_H3K4me1_frozen__bert-base-uncased__20260518T063955Z,1,1,0.464778333902359,0.5352216362953186
gue_emp_H3K4me1_frozen__bert-base-uncased__20260518T063955Z,1,1,0.47181329131126404,0.5281866788864136
gue_emp_H3K4me1_frozen__bert-base-uncased__20260518T063955Z,0,1,0.470640629529953,0.5293593406677246
gue_emp_H3K4me1_frozen__bert-base-uncased__20260518T063955Z,0,1,0.4718349874019623,0.5281649827957153
gue_emp_H3K4me1_frozen__bert-base-uncased__20260518T063955Z,1,1,0.47087109088897705,0.529128909111023
gue_emp_H3K4me1_frozen__bert-base-uncased__20260518T063955Z,0,1,0.4635685682296753,0.5364314317703247
gue_emp_H3K4me1_frozen__bert-base-uncased__20260518T063955Z,1,1,0.46235740184783936,0.5376425981521606
gue_emp_H3K4me1_frozen__bert-base-uncased__20260518T063955Z,0,1,0.4678317606449127,0.5321682691574097
gue_emp_H3K4me1_frozen__bert-base-uncased__20260518T063955Z,0,1,0.4703778028488159,0.5296221971511841
gue_emp_H3K4me1_frozen__bert-base-uncased__20260518T063955Z,0,1,0.47059935331344604,0.529400646686554
gue_emp_H3K4me1_frozen__bert-base-uncased__20260518T063955Z,1,1,0.46616023778915405,0.533839762210846
gue_emp_H3K4me1_frozen__bert-base-uncased__20260518T063955Z,0,1,0.4690324068069458,0.530967652797699
gue_emp_H3K4me1_frozen__bert-base-uncased__20260518T063955Z,1,1,0.4766676425933838,0.523332417011261
gue_emp_H3K4me1_frozen__bert-base-uncased__20260518T063955Z,0,1,0.4714037775993347,0.5285962820053101
gue_emp_H3K4me1_frozen__bert-base-uncased__20260518T063955Z,1,1,0.47702470421791077,0.5229752659797668
gue_emp_H3K4me1_frozen__bert-base-uncased__20260518T063955Z,0,1,0.4716593027114868,0.5283406972885132
gue_emp_H3K4me1_frozen__bert-base-uncased__20260518T063955Z,0,1,0.46711695194244385,0.5328829884529114
gue_emp_H3K4me1_frozen__bert-base-uncased__20260518T063955Z,1,1,0.47149208188056946,0.5285079479217529
gue_emp_H3K4me1_frozen__bert-base-uncased__20260518T063955Z,1,1,0.470417857170105,0.5295820832252502
gue_emp_H3K4me1_frozen__bert-base-uncased__20260518T063955Z,1,1,0.471905916929245,0.5280941128730774
gue_emp_H3K4me1_frozen__bert-base-uncased__20260518T063955Z,0,1,0.4711258113384247,0.5288742184638977
gue_emp_H3K4me1_frozen__bert-base-uncased__20260518T063955Z,0,1,0.4738730788230896,0.5261269211769104
gue_emp_H3K4me1_frozen__bert-base-uncased__20260518T063955Z,0,1,0.4706335663795471,0.5293664336204529
gue_emp_H3K4me1_frozen__bert-base-uncased__20260518T063955Z,0,1,0.4703831076622009,0.5296168923377991
gue_emp_H3K4me1_frozen__bert-base-uncased__20260518T063955Z,0,1,0.47231462597846985,0.5276853442192078
gue_emp_H3K4me1_frozen__bert-base-uncased__20260518T063955Z,1,1,0.47053205966949463,0.5294679999351501
gue_emp_H3K4me1_frozen__bert-base-uncased__20260518T063955Z,0,1,0.47210392355918884,0.5278960466384888
gue_emp_H3K4me1_frozen__bert-base-uncased__20260518T063955Z,1,1,0.4668416678905487,0.5331583023071289
gue_emp_H3K4me1_frozen__bert-base-uncased__20260518T063955Z,1,1,0.4626063108444214,0.5373936891555786
gue_emp_H3K4me1_frozen__bert-base-uncased__20260518T063955Z,0,1,0.4747675359249115,0.5252324938774109
gue_emp_H3K4me1_frozen__bert-base-uncased__20260518T063955Z,0,1,0.46913695335388184,0.5308630466461182
gue_emp_H3K4me1_frozen__bert-base-uncased__20260518T063955Z,1,1,0.47506746649742126,0.5249325037002563
gue_emp_H3K4me1_frozen__bert-base-uncased__20260518T063955Z,1,1,0.47633838653564453,0.5236616134643555
gue_emp_H3K4me1_frozen__bert-base-uncased__20260518T063955Z,1,1,0.46764782071113586,0.5323521494865417
gue_emp_H3K4me1_frozen__bert-base-uncased__20260518T063955Z,0,1,0.47140517830848694,0.5285947918891907
gue_emp_H3K4me1_frozen__bert-base-uncased__20260518T063955Z,1,1,0.4677198529243469,0.5322801470756531
gue_emp_H3K4me1_frozen__bert-base-uncased__20260518T063955Z,0,1,0.4675595164299011,0.5324405431747437
gue_emp_H3K4me1_frozen__bert-base-uncased__20260518T063955Z,1,1,0.46757858991622925,0.5324214100837708
gue_emp_H3K4me1_frozen__bert-base-uncased__20260518T063955Z,0,1,0.4698610305786133,0.5301389694213867
gue_emp_H3K4me1_frozen__bert-base-uncased__20260518T063955Z,0,1,0.4697587192058563,0.5302413105964661
gue_emp_H3K4me1_frozen__bert-base-uncased__20260518T063955Z,1,1,0.4714416563510895,0.5285583734512329
gue_emp_H3K4me1_frozen__bert-base-uncased__20260518T063955Z,1,1,0.46815428137779236,0.53184574842453
gue_emp_H3K4me1_frozen__bert-base-uncased__20260518T063955Z,0,1,0.46942612528800964,0.5305739045143127
gue_emp_H3K4me1_frozen__bert-base-uncased__20260518T063955Z,1,1,0.47250884771347046,0.5274912118911743
gue_emp_H3K4me1_frozen__bert-base-uncased__20260518T063955Z,0,1,0.4695093333721161,0.5304906368255615
gue_emp_H3K4me1_frozen__bert-base-uncased__20260518T063955Z,1,1,0.46128547191619873,0.538714587688446
gue_emp_H3K4me1_frozen__bert-base-uncased__20260518T063955Z,0,1,0.4713353216648102,0.5286647081375122
gue_emp_H3K4me1_frozen__bert-base-uncased__20260518T063955Z,1,1,0.4711204767227173,0.5288795232772827
gue_emp_H3K4me1_frozen__bert-base-uncased__20260518T063955Z,1,1,0.4692418873310089,0.5307580828666687
gue_emp_H3K4me1_frozen__bert-base-uncased__20260518T063955Z,1,1,0.4703518748283386,0.5296481251716614
gue_emp_H3K4me1_frozen__bert-base-uncased__20260518T063955Z,0,1,0.47017979621887207,0.5298202037811279
gue_emp_H3K4me1_frozen__bert-base-uncased__20260518T063955Z,1,1,0.47233933210372925,0.5276606678962708
gue_emp_H3K4me1_frozen__bert-base-uncased__20260518T063955Z,0,1,0.47533154487609863,0.5246684551239014
gue_emp_H3K4me1_frozen__bert-base-uncased__20260518T063955Z,0,1,0.4663214683532715,0.5336785316467285
gue_emp_H3K4me1_frozen__bert-base-uncased__20260518T063955Z,1,1,0.4713445007801056,0.528655469417572
gue_emp_H3K4me1_frozen__bert-base-uncased__20260518T063955Z,1,1,0.4644942283630371,0.5355057716369629
gue_emp_H3K4me1_frozen__bert-base-uncased__20260518T063955Z,0,1,0.4664331078529358,0.533566951751709
gue_emp_H3K4me1_frozen__bert-base-uncased__20260518T063955Z,1,1,0.4705633223056793,0.5294366478919983
gue_emp_H3K4me1_frozen__bert-base-uncased__20260518T063955Z,0,1,0.47156161069869995,0.5284384489059448
gue_emp_H3K4me1_frozen__bert-base-uncased__20260518T063955Z,0,1,0.46519529819488525,0.53480464220047
gue_emp_H3K4me1_frozen__bert-base-uncased__20260518T063955Z,1,1,0.47555530071258545,0.5244446992874146
gue_emp_H3K4me1_frozen__bert-base-uncased__20260518T063955Z,1,1,0.46704795956611633,0.5329520106315613
gue_emp_H3K4me1_frozen__bert-base-uncased__20260518T063955Z,1,1,0.4737946689128876,0.5262053608894348
gue_emp_H3K4me1_frozen__bert-base-uncased__20260518T063955Z,0,1,0.46958300471305847,0.5304170250892639
gue_emp_H3K4me1_frozen__bert-base-uncased__20260518T063955Z,0,1,0.4729248881340027,0.5270751118659973
gue_emp_H3K4me1_frozen__bert-base-uncased__20260518T063955Z,0,1,0.4634974002838135,0.5365025997161865
gue_emp_H3K4me1_frozen__bert-base-uncased__20260518T063955Z,1,1,0.46672433614730835,0.5332756042480469
gue_emp_H3K4me1_frozen__bert-base-uncased__20260518T063955Z,1,1,0.4615713059902191,0.5384286642074585
gue_emp_H3K4me1_frozen__bert-base-uncased__20260518T063955Z,0,1,0.46839219331741333,0.5316078066825867
gue_emp_H3K4me1_frozen__bert-base-uncased__20260518T063955Z,1,1,0.47389498353004456,0.5261050462722778
gue_emp_H3K4me1_frozen__bert-base-uncased__20260518T063955Z,1,1,0.4674992859363556,0.532500684261322
gue_emp_H3K4me1_frozen__bert-base-uncased__20260518T063955Z,1,1,0.46892133355140686,0.5310786962509155
gue_emp_H3K4me1_frozen__bert-base-uncased__20260518T063955Z,1,1,0.4763205349445343,0.5236794352531433
gue_emp_H3K4me1_frozen__bert-base-uncased__20260518T063955Z,0,1,0.47479963302612305,0.525200366973877
gue_emp_H3K4me1_frozen__bert-base-uncased__20260518T063955Z,0,1,0.46361881494522095,0.536381185054779
gue_emp_H3K4me1_frozen__bert-base-uncased__20260518T063955Z,0,1,0.4683462381362915,0.5316537022590637
gue_emp_H3K4me1_frozen__bert-base-uncased__20260518T063955Z,0,1,0.47685980796813965,0.5231402516365051
gue_emp_H3K4me1_frozen__bert-base-uncased__20260518T063955Z,1,1,0.46954360604286194,0.5304564237594604
gue_emp_H3K4me1_frozen__bert-base-uncased__20260518T063955Z,0,1,0.4677557051181793,0.5322443246841431
gue_emp_H3K4me1_frozen__bert-base-uncased__20260518T063955Z,1,1,0.4673967659473419,0.5326032638549805
gue_emp_H3K4me1_frozen__bert-base-uncased__20260518T063955Z,0,1,0.47172415256500244,0.5282759070396423
gue_emp_H3K4me1_frozen__bert-base-uncased__20260518T063955Z,0,1,0.4658326804637909,0.5341673493385315
gue_emp_H3K4me1_frozen__bert-base-uncased__20260518T063955Z,1,1,0.47198277711868286,0.5280172228813171
gue_emp_H3K4me1_frozen__bert-base-uncased__20260518T063955Z,1,1,0.46365246176719666,0.5363475680351257
gue_emp_H3K4me1_frozen__bert-base-uncased__20260518T063955Z,0,1,0.47072362899780273,0.5292763710021973
gue_emp_H3K4me1_frozen__bert-base-uncased__20260518T063955Z,0,1,0.46914058923721313,0.5308593511581421
gue_emp_H3K4me1_frozen__bert-base-uncased__20260518T063955Z,1,1,0.4677695035934448,0.5322304964065552
gue_emp_H3K4me1_frozen__bert-base-uncased__20260518T063955Z,0,1,0.47126051783561707,0.5287395119667053
gue_emp_H3K4me1_frozen__bert-base-uncased__20260518T063955Z,0,1,0.46578681468963623,0.5342131853103638
gue_emp_H3K4me1_frozen__bert-base-uncased__20260518T063955Z,1,1,0.47144919633865356,0.5285508036613464
gue_emp_H3K4me1_frozen__bert-base-uncased__20260518T063955Z,1,1,0.46251678466796875,0.5374832153320312
gue_emp_H3K4me1_frozen__bert-base-uncased__20260518T063955Z,1,1,0.46826016902923584,0.5317398309707642
gue_emp_H3K4me1_frozen__bert-base-uncased__20260518T063955Z,1,1,0.4694977104663849,0.5305023193359375
gue_emp_H3K4me1_frozen__bert-base-uncased__20260518T063955Z,0,1,0.471486359834671,0.5285136103630066
gue_emp_H3K4me1_frozen__bert-base-uncased__20260518T063955Z,1,1,0.4658714532852173,0.5341285467147827
gue_emp_H3K4me1_frozen__bert-base-uncased__20260518T063955Z,1,1,0.46095219254493713,0.5390477776527405
gue_emp_H3K4me1_frozen__bert-base-uncased__20260518T063955Z,1,1,0.47376734018325806,0.5262326002120972
gue_emp_H3K4me1_frozen__bert-base-uncased__20260518T063955Z,0,1,0.46456268429756165,0.535437285900116
gue_emp_H3K4me1_frozen__bert-base-uncased__20260518T063955Z,1,1,0.4723648726940155,0.5276350975036621
gue_emp_H3K4me1_frozen__bert-base-uncased__20260518T063955Z,1,1,0.4744473993778229,0.5255526304244995
gue_emp_H3K4me1_frozen__bert-base-uncased__20260518T063955Z,0,1,0.46878552436828613,0.5312144756317139
gue_emp_H3K4me1_frozen__bert-base-uncased__20260518T063955Z,1,1,0.46984004974365234,0.5301600098609924
gue_emp_H3K4me1_frozen__bert-base-uncased__20260518T063955Z,1,1,0.47126132249832153,0.5287386775016785
gue_emp_H3K4me1_frozen__bert-base-uncased__20260518T063955Z,0,1,0.4650059938430786,0.5349940061569214
gue_emp_H3K4me1_frozen__bert-base-uncased__20260518T063955Z,1,1,0.47275757789611816,0.5272424221038818
gue_emp_H3K4me1_frozen__bert-base-uncased__20260518T063955Z,1,1,0.4719793200492859,0.5280206203460693
gue_emp_H3K4me1_frozen__bert-base-uncased__20260518T063955Z,1,1,0.4637281000614166,0.5362719297409058
gue_emp_H3K4me1_frozen__bert-base-uncased__20260518T063955Z,1,1,0.47285622358322144,0.5271437764167786
gue_emp_H3K4me1_frozen__bert-base-uncased__20260518T063955Z,1,1,0.470791220664978,0.529208779335022
gue_emp_H3K4me1_frozen__bert-base-uncased__20260518T063955Z,1,1,0.4721079170703888,0.5278920531272888
gue_emp_H3K4me1_frozen__bert-base-uncased__20260518T063955Z,0,1,0.4722127318382263,0.5277872681617737
gue_emp_H3K4me1_frozen__bert-base-uncased__20260518T063955Z,1,1,0.47177553176879883,0.5282244682312012
gue_emp_H3K4me1_frozen__bert-base-uncased__20260518T063955Z,0,1,0.4674193561077118,0.5325806736946106
gue_emp_H3K4me1_frozen__bert-base-uncased__20260518T063955Z,1,1,0.46585536003112793,0.5341446399688721
gue_emp_H3K4me1_frozen__bert-base-uncased__20260518T063955Z,1,1,0.46577227115631104,0.534227728843689
gue_emp_H3K4me1_frozen__bert-base-uncased__20260518T063955Z,1,1,0.4693238139152527,0.5306761264801025
gue_emp_H3K4me1_frozen__bert-base-uncased__20260518T063955Z,1,1,0.4719153642654419,0.5280846357345581
gue_emp_H3K4me1_frozen__bert-base-uncased__20260518T063955Z,0,1,0.46912679076194763,0.5308732390403748
gue_emp_H3K4me1_frozen__bert-base-uncased__20260518T063955Z,1,1,0.47059839963912964,0.5294016003608704
gue_emp_H3K4me1_frozen__bert-base-uncased__20260518T063955Z,0,1,0.467608243227005,0.5323917865753174
gue_emp_H3K4me1_frozen__bert-base-uncased__20260518T063955Z,1,1,0.471780389547348,0.5282195806503296
gue_emp_H3K4me1_frozen__bert-base-uncased__20260518T063955Z,0,1,0.4707200527191162,0.529279887676239
gue_emp_H3K4me1_frozen__bert-base-uncased__20260518T063955Z,0,1,0.46876657009124756,0.5312334299087524
gue_emp_H3K4me1_frozen__bert-base-uncased__20260518T063955Z,1,1,0.4700617790222168,0.5299382209777832
gue_emp_H3K4me1_frozen__bert-base-uncased__20260518T063955Z,1,1,0.47537198662757874,0.5246280431747437
gue_emp_H3K4me1_frozen__bert-base-uncased__20260518T063955Z,0,1,0.47120893001556396,0.528791069984436
gue_emp_H3K4me1_frozen__bert-base-uncased__20260518T063955Z,0,1,0.4705947935581207,0.5294052362442017
gue_emp_H3K4me1_frozen__bert-base-uncased__20260518T063955Z,1,1,0.46937814354896545,0.5306218862533569
gue_emp_H3K4me1_frozen__bert-base-uncased__20260518T063955Z,1,1,0.47277963161468506,0.5272203683853149
gue_emp_H3K4me1_frozen__bert-base-uncased__20260518T063955Z,0,1,0.47635146975517273,0.5236485600471497
gue_emp_H3K4me1_frozen__bert-base-uncased__20260518T063955Z,1,1,0.46977177262306213,0.5302281975746155
gue_emp_H3K4me1_frozen__bert-base-uncased__20260518T063955Z,1,1,0.46753042936325073,0.5324695110321045
gue_emp_H3K4me1_frozen__bert-base-uncased__20260518T063955Z,0,1,0.47070229053497314,0.5292977094650269
gue_emp_H3K4me1_frozen__bert-base-uncased__20260518T063955Z,1,1,0.46995463967323303,0.5300453305244446
gue_emp_H3K4me1_frozen__bert-base-uncased__20260518T063955Z,0,1,0.46590426564216614,0.5340957045555115
gue_emp_H3K4me1_frozen__bert-base-uncased__20260518T063955Z,1,1,0.4697205126285553,0.5302795171737671
gue_emp_H3K4me1_frozen__bert-base-uncased__20260518T063955Z,1,1,0.4673786163330078,0.5326213836669922
gue_emp_H3K4me1_frozen__bert-base-uncased__20260518T063955Z,1,1,0.4626012444496155,0.5373986959457397
gue_emp_H3K4me1_frozen__bert-base-uncased__20260518T063955Z,0,1,0.4660039246082306,0.533996045589447
gue_emp_H3K4me1_frozen__bert-base-uncased__20260518T063955Z,0,1,0.46903252601623535,0.5309675335884094
gue_emp_H3K4me1_frozen__bert-base-uncased__20260518T063955Z,0,1,0.46518057584762573,0.534819483757019
gue_emp_H3K4me1_frozen__bert-base-uncased__20260518T063955Z,0,1,0.47477447986602783,0.5252255201339722
gue_emp_H3K4me1_frozen__bert-base-uncased__20260518T063955Z,0,1,0.47096142172813416,0.5290385484695435
gue_emp_H3K4me1_frozen__bert-base-uncased__20260518T063955Z,1,1,0.4796406030654907,0.5203593373298645
gue_emp_H3K4me1_frozen__bert-base-uncased__20260518T063955Z,0,1,0.46652477979660034,0.5334752202033997
gue_emp_H3K4me1_frozen__bert-base-uncased__20260518T063955Z,1,1,0.4646734595298767,0.5353265404701233
gue_emp_H3K4me1_frozen__bert-base-uncased__20260518T063955Z,1,1,0.46585988998413086,0.5341401100158691
gue_emp_H3K4me1_frozen__bert-base-uncased__20260518T063955Z,1,1,0.468978613615036,0.5310213565826416
gue_emp_H3K4me1_frozen__bert-base-uncased__20260518T063955Z,0,1,0.46616247296333313,0.5338375568389893
gue_emp_H3K4me1_frozen__bert-base-uncased__20260518T063955Z,0,1,0.47149088978767395,0.5285090804100037
gue_emp_H3K4me1_frozen__bert-base-uncased__20260518T063955Z,1,1,0.46798282861709595,0.532017171382904
gue_emp_H3K4me1_frozen__bert-base-uncased__20260518T063955Z,0,1,0.47245046496391296,0.5275495052337646
gue_emp_H3K4me1_frozen__bert-base-uncased__20260518T063955Z,0,1,0.4666293263435364,0.5333706736564636
gue_emp_H3K4me1_frozen__bert-base-uncased__20260518T063955Z,1,1,0.46855446696281433,0.5314455032348633
gue_emp_H3K4me1_frozen__bert-base-uncased__20260518T063955Z,1,1,0.4663779139518738,0.5336220860481262
gue_emp_H3K4me1_frozen__bert-base-uncased__20260518T063955Z,1,1,0.4717920124530792,0.5282080173492432
gue_emp_H3K4me1_frozen__bert-base-uncased__20260518T063955Z,1,1,0.47370338439941406,0.5262966156005859
gue_emp_H3K4me1_frozen__bert-base-uncased__20260518T063955Z,1,1,0.46589648723602295,0.5341035723686218
gue_emp_H3K4me1_frozen__bert-base-uncased__20260518T063955Z,1,1,0.4739530086517334,0.5260470509529114
gue_emp_H3K4me1_frozen__bert-base-uncased__20260518T063955Z,0,1,0.46475648880004883,0.5352435111999512
gue_emp_H3K4me1_frozen__bert-base-uncased__20260518T063955Z,1,1,0.47529876232147217,0.5247012376785278
gue_emp_H3K4me1_frozen__bert-base-uncased__20260518T063955Z,0,1,0.4757859408855438,0.5242140293121338
gue_emp_H3K4me1_frozen__bert-base-uncased__20260518T063955Z,0,1,0.4755397140979767,0.5244602560997009
gue_emp_H3K4me1_frozen__bert-base-uncased__20260518T063955Z,1,1,0.4683285057544708,0.5316714644432068
gue_emp_H3K4me1_frozen__bert-base-uncased__20260518T063955Z,0,1,0.46865180134773254,0.5313481688499451
gue_emp_H3K4me1_frozen__bert-base-uncased__20260518T063955Z,1,1,0.46400606632232666,0.5359939336776733
gue_emp_H3K4me1_frozen__bert-base-uncased__20260518T063955Z,0,1,0.46683111786842346,0.5331689119338989
gue_emp_H3K4me1_frozen__bert-base-uncased__20260518T063955Z,1,1,0.4623834192752838,0.5376166105270386
gue_emp_H3K4me1_frozen__bert-base-uncased__20260518T063955Z,0,1,0.4630742073059082,0.536925733089447
gue_emp_H3K4me1_frozen__bert-base-uncased__20260518T063955Z,1,1,0.46819868683815,0.5318013429641724
gue_emp_H3K4me1_frozen__bert-base-uncased__20260518T063955Z,1,1,0.47373273968696594,0.5262672901153564
gue_emp_H3K4me1_frozen__bert-base-uncased__20260518T063955Z,1,1,0.4720238447189331,0.5279761552810669
gue_emp_H3K4me1_frozen__bert-base-uncased__20260518T063955Z,1,1,0.4715484380722046,0.5284515619277954
gue_emp_H3K4me1_frozen__bert-base-uncased__20260518T063955Z,0,1,0.471942663192749,0.528057336807251
gue_emp_H3K4me1_frozen__bert-base-uncased__20260518T063955Z,0,1,0.46262988448143005,0.5373701453208923
gue_emp_H3K4me1_frozen__bert-base-uncased__20260518T063955Z,1,1,0.46963778138160706,0.5303621888160706
gue_emp_H3K4me1_frozen__bert-base-uncased__20260518T063955Z,0,1,0.4669528603553772,0.5330471396446228
gue_emp_H3K4me1_frozen__bert-base-uncased__20260518T063955Z,1,1,0.469735324382782,0.530264675617218
gue_emp_H3K4me1_frozen__bert-base-uncased__20260518T063955Z,0,1,0.4688596725463867,0.5311403274536133
gue_emp_H3K4me1_frozen__bert-base-uncased__20260518T063955Z,0,1,0.4694436490535736,0.5305563807487488
gue_emp_H3K4me1_frozen__bert-base-uncased__20260518T063955Z,0,1,0.47143077850341797,0.528569221496582
gue_emp_H3K4me1_frozen__bert-base-uncased__20260518T063955Z,0,1,0.4639861583709717,0.5360138416290283
gue_emp_H3K4me1_frozen__bert-base-uncased__20260518T063955Z,0,1,0.46299299597740173,0.5370070338249207
gue_emp_H3K4me1_frozen__bert-base-uncased__20260518T063955Z,0,1,0.4750608801841736,0.5249391198158264
gue_emp_H3K4me1_frozen__bert-base-uncased__20260518T063955Z,0,1,0.47231611609458923,0.5276838541030884
gue_emp_H3K4me1_frozen__bert-base-uncased__20260518T063955Z,0,1,0.46986740827560425,0.5301325917243958
gue_emp_H3K4me1_frozen__bert-base-uncased__20260518T063955Z,1,1,0.46647390723228455,0.5335260629653931
gue_emp_H3K4me1_frozen__bert-base-uncased__20260518T063955Z,0,1,0.4799758493900299,0.5200241208076477
gue_emp_H3K4me1_frozen__bert-base-uncased__20260518T063955Z,1,1,0.47333207726478577,0.5266678929328918
gue_emp_H3K4me1_frozen__bert-base-uncased__20260518T063955Z,0,1,0.46239757537841797,0.5376024842262268
gue_emp_H3K4me1_frozen__bert-base-uncased__20260518T063955Z,1,1,0.47054916620254517,0.5294508337974548
gue_emp_H3K4me1_frozen__bert-base-uncased__20260518T063955Z,1,1,0.46854454278945923,0.5314554572105408
gue_emp_H3K4me1_frozen__bert-base-uncased__20260518T063955Z,1,1,0.471535861492157,0.528464138507843
gue_emp_H3K4me1_frozen__bert-base-uncased__20260518T063955Z,1,1,0.4624935984611511,0.5375064015388489
gue_emp_H3K4me1_frozen__bert-base-uncased__20260518T063955Z,1,1,0.47159531712532043,0.5284046530723572
gue_emp_H3K4me1_frozen__bert-base-uncased__20260518T063955Z,0,1,0.4676866829395294,0.532313346862793
gue_emp_H3K4me1_frozen__bert-base-uncased__20260518T063955Z,1,1,0.4732784628868103,0.5267215371131897
gue_emp_H3K4me1_frozen__bert-base-uncased__20260518T063955Z,0,1,0.4683297872543335,0.5316702127456665
gue_emp_H3K4me1_frozen__bert-base-uncased__20260518T063955Z,1,1,0.46501705050468445,0.5349829792976379
gue_emp_H3K4me1_frozen__bert-base-uncased__20260518T063955Z,0,1,0.4743037521839142,0.5256962180137634
gue_emp_H3K4me1_frozen__bert-base-uncased__20260518T063955Z,0,1,0.4656991958618164,0.5343008041381836
gue_emp_H3K4me1_frozen__bert-base-uncased__20260518T063955Z,0,1,0.4679919183254242,0.5320080518722534
gue_emp_H3K4me1_frozen__bert-base-uncased__20260518T063955Z,0,1,0.4659838080406189,0.5340161919593811
gue_emp_H3K4me1_frozen__bert-base-uncased__20260518T063955Z,1,1,0.474810928106308,0.5251891016960144
gue_emp_H3K4me1_frozen__bert-base-uncased__20260518T063955Z,1,1,0.46618592739105225,0.5338141322135925
gue_emp_H3K4me1_frozen__bert-base-uncased__20260518T063955Z,1,1,0.47422829270362854,0.5257717370986938
gue_emp_H3K4me1_frozen__bert-base-uncased__20260518T063955Z,1,1,0.46706393361091614,0.5329360961914062
gue_emp_H3K4me1_frozen__bert-base-uncased__20260518T063955Z,1,1,0.4740488529205322,0.5259511470794678
gue_emp_H3K4me1_frozen__bert-base-uncased__20260518T063955Z,1,1,0.4739716053009033,0.5260284543037415
gue_emp_H3K4me1_frozen__bert-base-uncased__20260518T063955Z,0,1,0.4720688462257385,0.5279311537742615
gue_emp_H3K4me1_frozen__bert-base-uncased__20260518T063955Z,1,1,0.47149330377578735,0.5285066962242126
gue_emp_H3K4me1_frozen__bert-base-uncased__20260518T063955Z,1,1,0.47369787096977234,0.52630215883255
gue_emp_H3K4me1_frozen__bert-base-uncased__20260518T063955Z,0,1,0.46783900260925293,0.5321609973907471
gue_emp_H3K4me1_frozen__bert-base-uncased__20260518T063955Z,1,1,0.4649348258972168,0.5350651741027832
gue_emp_H3K4me1_frozen__bert-base-uncased__20260518T063955Z,0,1,0.4656316041946411,0.5343683958053589
gue_emp_H3K4me1_frozen__bert-base-uncased__20260518T063955Z,0,1,0.4765191972255707,0.5234807729721069
gue_emp_H3K4me1_frozen__bert-base-uncased__20260518T063955Z,0,1,0.4684395492076874,0.5315604209899902
gue_emp_H3K4me1_frozen__bert-base-uncased__20260518T063955Z,1,1,0.46618303656578064,0.5338169932365417
gue_emp_H3K4me1_frozen__bert-base-uncased__20260518T063955Z,1,1,0.46897634863853455,0.5310236215591431
gue_emp_H3K4me1_frozen__bert-base-uncased__20260518T063955Z,0,1,0.46292680501937866,0.5370731949806213
gue_emp_H3K4me1_frozen__bert-base-uncased__20260518T063955Z,0,1,0.47316643595695496,0.5268335342407227
gue_emp_H3K4me1_frozen__bert-base-uncased__20260518T063955Z,1,1,0.4675140082836151,0.5324859619140625
gue_emp_H3K4me1_frozen__bert-base-uncased__20260518T063955Z,1,1,0.46804529428482056,0.5319547057151794
gue_emp_H3K4me1_frozen__bert-base-uncased__20260518T063955Z,0,1,0.4662171006202698,0.5337828993797302
gue_emp_H3K4me1_frozen__bert-base-uncased__20260518T063955Z,0,1,0.4727073013782501,0.5272927284240723
gue_emp_H3K4me1_frozen__bert-base-uncased__20260518T063955Z,0,1,0.47589659690856934,0.5241034030914307
gue_emp_H3K4me1_frozen__bert-base-uncased__20260518T063955Z,1,1,0.4719512462615967,0.5280487537384033
gue_emp_H3K4me1_frozen__bert-base-uncased__20260518T063955Z,0,1,0.4669753611087799,0.5330246686935425
gue_emp_H3K4me1_frozen__bert-base-uncased__20260518T063955Z,1,1,0.464557409286499,0.535442590713501
gue_emp_H3K4me1_frozen__bert-base-uncased__20260518T063955Z,1,1,0.4720541834831238,0.5279458165168762
gue_emp_H3K4me1_frozen__bert-base-uncased__20260518T063955Z,1,1,0.4713882505893707,0.5286117196083069
gue_emp_H3K4me1_frozen__bert-base-uncased__20260518T063955Z,1,1,0.46803057193756104,0.531969428062439
gue_emp_H3K4me1_frozen__bert-base-uncased__20260518T063955Z,1,1,0.46846669912338257,0.5315332412719727
gue_emp_H3K4me1_frozen__bert-base-uncased__20260518T063955Z,1,1,0.4741864502429962,0.5258135199546814
gue_emp_H3K4me1_frozen__bert-base-uncased__20260518T063955Z,1,1,0.46955811977386475,0.53044193983078
gue_emp_H3K4me1_frozen__bert-base-uncased__20260518T063955Z,0,1,0.47245195508003235,0.52754807472229
gue_emp_H3K4me1_frozen__bert-base-uncased__20260518T063955Z,1,1,0.4649417996406555,0.5350582003593445
gue_emp_H3K4me1_frozen__bert-base-uncased__20260518T063955Z,0,1,0.4684223234653473,0.5315777063369751
gue_emp_H3K4me1_frozen__bert-base-uncased__20260518T063955Z,0,1,0.4718967378139496,0.5281032919883728
gue_emp_H3K4me1_frozen__bert-base-uncased__20260518T063955Z,1,1,0.4645472466945648,0.5354527831077576
gue_emp_H3K4me1_frozen__bert-base-uncased__20260518T063955Z,1,1,0.467691570520401,0.5323083996772766
gue_emp_H3K4me1_frozen__bert-base-uncased__20260518T063955Z,1,1,0.4714900255203247,0.5285099744796753
gue_emp_H3K4me1_frozen__bert-base-uncased__20260518T063955Z,1,1,0.4737600088119507,0.5262400507926941
gue_emp_H3K4me1_frozen__bert-base-uncased__20260518T063955Z,0,1,0.4710105061531067,0.5289894938468933
gue_emp_H3K4me1_frozen__bert-base-uncased__20260518T063955Z,1,1,0.469674676656723,0.5303253531455994
gue_emp_H3K4me1_frozen__bert-base-uncased__20260518T063955Z,1,1,0.4577385187149048,0.5422614812850952
gue_emp_H3K4me1_frozen__bert-base-uncased__20260518T063955Z,0,1,0.4710080325603485,0.5289919972419739
gue_emp_H3K4me1_frozen__bert-base-uncased__20260518T063955Z,0,1,0.47150087356567383,0.5284990668296814
gue_emp_H3K4me1_frozen__bert-base-uncased__20260518T063955Z,0,1,0.46688252687454224,0.5331174731254578
gue_emp_H3K4me1_frozen__bert-base-uncased__20260518T063955Z,0,1,0.4742354154586792,0.5257645845413208
gue_emp_H3K4me1_frozen__bert-base-uncased__20260518T063955Z,0,1,0.46885946393013,0.5311405658721924
gue_emp_H3K4me1_frozen__bert-base-uncased__20260518T063955Z,0,1,0.4680554270744324,0.5319445729255676
gue_emp_H3K4me1_frozen__bert-base-uncased__20260518T063955Z,1,1,0.4720972776412964,0.5279027223587036
gue_emp_H3K4me1_frozen__bert-base-uncased__20260518T063955Z,0,1,0.46805325150489807,0.5319467186927795
gue_emp_H3K4me1_frozen__bert-base-uncased__20260518T063955Z,1,1,0.46881675720214844,0.5311832427978516
gue_emp_H3K4me1_frozen__bert-base-uncased__20260518T063955Z,0,1,0.47085273265838623,0.5291472673416138
gue_emp_H3K4me1_frozen__bert-base-uncased__20260518T063955Z,1,1,0.46170127391815186,0.5382987260818481
gue_emp_H3K4me1_frozen__bert-base-uncased__20260518T063955Z,1,1,0.47672608494758606,0.5232738852500916
gue_emp_H3K4me1_frozen__bert-base-uncased__20260518T063955Z,1,1,0.4667780101299286,0.5332220196723938
gue_emp_H3K4me1_frozen__bert-base-uncased__20260518T063955Z,1,1,0.47052067518234253,0.5294792652130127
gue_emp_H3K4me1_frozen__bert-base-uncased__20260518T063955Z,0,1,0.46935880184173584,0.5306412577629089
gue_emp_H3K4me1_frozen__bert-base-uncased__20260518T063955Z,1,1,0.4710453450679779,0.5289546251296997
gue_emp_H3K4me1_frozen__bert-base-uncased__20260518T063955Z,0,1,0.4735614061355591,0.5264385938644409
gue_emp_H3K4me1_frozen__bert-base-uncased__20260518T063955Z,1,1,0.4678555130958557,0.5321444869041443
gue_emp_H3K4me1_frozen__bert-base-uncased__20260518T063955Z,1,1,0.4759213924407959,0.5240786075592041
gue_emp_H3K4me1_frozen__bert-base-uncased__20260518T063955Z,0,1,0.47195664048194885,0.5280433893203735
gue_emp_H3K4me1_frozen__bert-base-uncased__20260518T063955Z,0,1,0.4716494083404541,0.5283505916595459
gue_emp_H3K4me1_frozen__bert-base-uncased__20260518T063955Z,1,1,0.466314435005188,0.5336855053901672
gue_emp_H3K4me1_frozen__bert-base-uncased__20260518T063955Z,0,1,0.46685537695884705,0.5331445932388306
gue_emp_H3K4me1_frozen__bert-base-uncased__20260518T063955Z,1,1,0.47662681341171265,0.5233731865882874
gue_emp_H3K4me1_frozen__bert-base-uncased__20260518T063955Z,0,1,0.4659332036972046,0.5340667963027954
gue_emp_H3K4me1_frozen__bert-base-uncased__20260518T063955Z,0,1,0.47225651144981384,0.5277435183525085
gue_emp_H3K4me1_frozen__bert-base-uncased__20260518T063955Z,0,1,0.46670088171958923,0.5332991480827332
gue_emp_H3K4me1_frozen__bert-base-uncased__20260518T063955Z,1,1,0.4648004472255707,0.5351995229721069
gue_emp_H3K4me1_frozen__bert-base-uncased__20260518T063955Z,1,1,0.4667718708515167,0.5332280993461609
gue_emp_H3K4me1_frozen__bert-base-uncased__20260518T063955Z,0,1,0.4678957164287567,0.5321042537689209
gue_emp_H3K4me1_frozen__bert-base-uncased__20260518T063955Z,1,1,0.4654684066772461,0.5345316529273987
gue_emp_H3K4me1_frozen__bert-base-uncased__20260518T063955Z,1,1,0.4763696491718292,0.5236303806304932
gue_emp_H3K4me1_frozen__bert-base-uncased__20260518T063955Z,1,1,0.47194409370422363,0.5280559062957764
gue_emp_H3K4me1_frozen__bert-base-uncased__20260518T063955Z,1,1,0.4629817306995392,0.5370182991027832
gue_emp_H3K4me1_frozen__bert-base-uncased__20260518T063955Z,0,1,0.47113198041915894,0.5288680195808411
gue_emp_H3K4me1_frozen__bert-base-uncased__20260518T063955Z,1,1,0.4678124487400055,0.5321875214576721
gue_emp_H3K4me1_frozen__bert-base-uncased__20260518T063955Z,1,1,0.47135066986083984,0.5286492705345154
gue_emp_H3K4me1_frozen__bert-base-uncased__20260518T063955Z,0,1,0.46900442242622375,0.5309955477714539
gue_emp_H3K4me1_frozen__bert-base-uncased__20260518T063955Z,1,1,0.46667811274528503,0.5333218574523926
gue_emp_H3K4me1_frozen__bert-base-uncased__20260518T063955Z,1,1,0.4654037356376648,0.5345962643623352
gue_emp_H3K4me1_frozen__bert-base-uncased__20260518T063955Z,1,1,0.4698246419429779,0.5301753878593445
gue_emp_H3K4me1_frozen__bert-base-uncased__20260518T063955Z,0,1,0.47254133224487305,0.527458667755127
gue_emp_H3K4me1_frozen__bert-base-uncased__20260518T063955Z,0,1,0.46909764409065247,0.5309023857116699
gue_emp_H3K4me1_frozen__bert-base-uncased__20260518T063955Z,1,1,0.46653592586517334,0.5334640741348267
gue_emp_H3K4me1_frozen__bert-base-uncased__20260518T063955Z,1,1,0.47103938460350037,0.5289605855941772
gue_emp_H3K4me1_frozen__bert-base-uncased__20260518T063955Z,1,1,0.46851903200149536,0.5314809679985046
gue_emp_H3K4me1_frozen__bert-base-uncased__20260518T063955Z,1,1,0.4689054489135742,0.5310945510864258
gue_emp_H3K4me1_frozen__bert-base-uncased__20260518T063955Z,1,1,0.4695555567741394,0.5304443836212158
gue_emp_H3K4me1_frozen__bert-base-uncased__20260518T063955Z,1,1,0.46345019340515137,0.5365498661994934
gue_emp_H3K4me1_frozen__bert-base-uncased__20260518T063955Z,1,1,0.46948352456092834,0.5305164456367493
gue_emp_H3K4me1_frozen__bert-base-uncased__20260518T063955Z,0,1,0.4715889096260071,0.5284110903739929
gue_emp_H3K4me1_frozen__bert-base-uncased__20260518T063955Z,1,1,0.4737890362739563,0.5262109637260437
gue_emp_H3K4me1_frozen__bert-base-uncased__20260518T063955Z,1,1,0.46491071581840515,0.5350893139839172
gue_emp_H3K4me1_frozen__bert-base-uncased__20260518T063955Z,0,1,0.464422345161438,0.535577654838562
gue_emp_H3K4me1_frozen__bert-base-uncased__20260518T063955Z,1,1,0.4650059938430786,0.5349939465522766
gue_emp_H3K4me1_frozen__bert-base-uncased__20260518T063955Z,0,1,0.470359206199646,0.529640793800354
gue_emp_H3K4me1_frozen__bert-base-uncased__20260518T063955Z,0,1,0.4657677114009857,0.5342322587966919
gue_emp_H3K4me1_frozen__bert-base-uncased__20260518T063955Z,1,1,0.4681720733642578,0.5318279266357422
gue_emp_H3K4me1_frozen__bert-base-uncased__20260518T063955Z,1,1,0.466651976108551,0.533348023891449
gue_emp_H3K4me1_frozen__bert-base-uncased__20260518T063955Z,0,1,0.47199326753616333,0.5280067324638367
gue_emp_H3K4me1_frozen__bert-base-uncased__20260518T063955Z,1,1,0.4666207432746887,0.5333792567253113
gue_emp_H3K4me1_frozen__bert-base-uncased__20260518T063955Z,0,1,0.4697052538394928,0.5302947163581848
gue_emp_H3K4me1_frozen__bert-base-uncased__20260518T063955Z,0,1,0.4702501893043518,0.529749870300293
gue_emp_H3K4me1_frozen__bert-base-uncased__20260518T063955Z,0,1,0.4759232997894287,0.5240767598152161
gue_emp_H3K4me1_frozen__bert-base-uncased__20260518T063955Z,1,1,0.47364428639411926,0.5263557434082031
gue_emp_H3K4me1_frozen__bert-base-uncased__20260518T063955Z,0,1,0.4682457447052002,0.5317542552947998
gue_emp_H3K4me1_frozen__bert-base-uncased__20260518T063955Z,1,1,0.4745388627052307,0.5254611372947693
gue_emp_H3K4me1_frozen__bert-base-uncased__20260518T063955Z,1,1,0.4650687873363495,0.5349312424659729
gue_emp_H3K4me1_frozen__bert-base-uncased__20260518T063955Z,0,1,0.4653558135032654,0.5346441864967346
gue_emp_H3K4me1_frozen__bert-base-uncased__20260518T063955Z,0,1,0.4684123396873474,0.5315876603126526
gue_emp_H3K4me1_frozen__bert-base-uncased__20260518T063955Z,1,1,0.46477648615837097,0.5352235436439514
gue_emp_H3K4me1_frozen__bert-base-uncased__20260518T063955Z,0,1,0.4656050205230713,0.5343950390815735
gue_emp_H3K4me1_frozen__bert-base-uncased__20260518T063955Z,0,1,0.46781447529792786,0.5321854948997498
gue_emp_H3K4me1_frozen__bert-base-uncased__20260518T063955Z,0,1,0.46952080726623535,0.5304791331291199
gue_emp_H3K4me1_frozen__bert-base-uncased__20260518T063955Z,0,1,0.47574087977409363,0.524259090423584
gue_emp_H3K4me1_frozen__bert-base-uncased__20260518T063955Z,0,1,0.47867000102996826,0.5213300585746765
gue_emp_H3K4me1_frozen__bert-base-uncased__20260518T063955Z,1,1,0.47207728028297424,0.5279226899147034
gue_emp_H3K4me1_frozen__bert-base-uncased__20260518T063955Z,1,1,0.4731252193450928,0.526874840259552
gue_emp_H3K4me1_frozen__bert-base-uncased__20260518T063955Z,1,1,0.47251299023628235,0.52748703956604
gue_emp_H3K4me1_frozen__bert-base-uncased__20260518T063955Z,1,1,0.4692072868347168,0.5307927131652832
gue_emp_H3K4me1_frozen__bert-base-uncased__20260518T063955Z,1,1,0.4707137942314148,0.5292862057685852
gue_emp_H3K4me1_frozen__bert-base-uncased__20260518T063955Z,1,1,0.46922436356544495,0.5307756066322327
gue_emp_H3K4me1_frozen__bert-base-uncased__20260518T063955Z,1,1,0.46834245324134827,0.5316575765609741
gue_emp_H3K4me1_frozen__bert-base-uncased__20260518T063955Z,1,1,0.47131356596946716,0.5286864638328552
gue_emp_H3K4me1_frozen__bert-base-uncased__20260518T063955Z,0,1,0.46956032514572144,0.5304396152496338
gue_emp_H3K4me1_frozen__bert-base-uncased__20260518T063955Z,0,1,0.4691010117530823,0.5308989882469177
gue_emp_H3K4me1_frozen__bert-base-uncased__20260518T063955Z,0,1,0.47818732261657715,0.5218126773834229
gue_emp_H3K4me1_frozen__bert-base-uncased__20260518T063955Z,1,1,0.46949830651283264,0.5305017232894897
gue_emp_H3K4me1_frozen__bert-base-uncased__20260518T063955Z,0,1,0.4630836248397827,0.5369163155555725
gue_emp_H3K4me1_frozen__bert-base-uncased__20260518T063955Z,0,1,0.4602689743041992,0.5397310256958008
gue_emp_H3K4me1_frozen__bert-base-uncased__20260518T063955Z,0,1,0.46675553917884827,0.5332444906234741
gue_emp_H3K4me1_frozen__bert-base-uncased__20260518T063955Z,1,1,0.46185973286628723,0.5381402969360352
gue_emp_H3K4me1_frozen__bert-base-uncased__20260518T063955Z,1,1,0.47632256150245667,0.5236774682998657
gue_emp_H3K4me1_frozen__bert-base-uncased__20260518T063955Z,0,1,0.4676465690135956,0.532353401184082
gue_emp_H3K4me1_frozen__bert-base-uncased__20260518T063955Z,0,1,0.47118571400642395,0.5288143157958984
gue_emp_H3K4me1_frozen__bert-base-uncased__20260518T063955Z,0,1,0.4716636538505554,0.5283364057540894
gue_emp_H3K4me1_frozen__bert-base-uncased__20260518T063955Z,1,1,0.4717385768890381,0.5282614231109619
gue_emp_H3K4me1_frozen__bert-base-uncased__20260518T063955Z,1,1,0.47351211309432983,0.5264879465103149
gue_emp_H3K4me1_frozen__bert-base-uncased__20260518T063955Z,1,1,0.46795177459716797,0.5320482850074768
gue_emp_H3K4me1_frozen__bert-base-uncased__20260518T063955Z,1,1,0.4720187485218048,0.5279812216758728
gue_emp_H3K4me1_frozen__bert-base-uncased__20260518T063955Z,0,1,0.4673910439014435,0.5326089262962341
gue_emp_H3K4me1_frozen__bert-base-uncased__20260518T063955Z,0,1,0.4634787440299988,0.5365211963653564
gue_emp_H3K4me1_frozen__bert-base-uncased__20260518T063955Z,1,1,0.4676128625869751,0.5323871374130249
gue_emp_H3K4me1_frozen__bert-base-uncased__20260518T063955Z,0,1,0.46872463822364807,0.5312753915786743
gue_emp_H3K4me1_frozen__bert-base-uncased__20260518T063955Z,0,1,0.46986886858940125,0.5301311016082764
gue_emp_H3K4me1_frozen__bert-base-uncased__20260518T063955Z,0,1,0.4710509181022644,0.5289490818977356
gue_emp_H3K4me1_frozen__bert-base-uncased__20260518T063955Z,0,1,0.47273924946784973,0.5272607803344727
gue_emp_H3K4me1_frozen__bert-base-uncased__20260518T063955Z,0,1,0.46114128828048706,0.5388586521148682
gue_emp_H3K4me1_frozen__bert-base-uncased__20260518T063955Z,1,1,0.469039648771286,0.5309603214263916
gue_emp_H3K4me1_frozen__bert-base-uncased__20260518T063955Z,0,1,0.4728727340698242,0.5271272659301758
gue_emp_H3K4me1_frozen__bert-base-uncased__20260518T063955Z,1,1,0.4699413478374481,0.5300586819648743
gue_emp_H3K4me1_frozen__bert-base-uncased__20260518T063955Z,1,1,0.4779605269432068,0.522039532661438
gue_emp_H3K4me1_frozen__bert-base-uncased__20260518T063955Z,0,1,0.4672915041446686,0.5327085256576538
gue_emp_H3K4me1_frozen__bert-base-uncased__20260518T063955Z,0,1,0.46733835339546204,0.5326616168022156
gue_emp_H3K4me1_frozen__bert-base-uncased__20260518T063955Z,1,1,0.4702455997467041,0.5297544002532959
gue_emp_H3K4me1_frozen__bert-base-uncased__20260518T063955Z,0,1,0.4669664204120636,0.533033549785614
gue_emp_H3K4me1_frozen__bert-base-uncased__20260518T063955Z,0,1,0.4711511731147766,0.5288488864898682
gue_emp_H3K4me1_frozen__bert-base-uncased__20260518T063955Z,1,1,0.47505277395248413,0.5249472260475159
gue_emp_H3K4me1_frozen__bert-base-uncased__20260518T063955Z,1,1,0.46435433626174927,0.5356456637382507
gue_emp_H3K4me1_frozen__bert-base-uncased__20260518T063955Z,1,1,0.47701936960220337,0.5229806303977966
gue_emp_H3K4me1_frozen__bert-base-uncased__20260518T063955Z,1,1,0.4711793065071106,0.5288206934928894
gue_emp_H3K4me1_frozen__bert-base-uncased__20260518T063955Z,1,1,0.4686938524246216,0.5313061475753784
gue_emp_H3K4me1_frozen__bert-base-uncased__20260518T063955Z,0,1,0.4718061685562134,0.5281937718391418
gue_emp_H3K4me1_frozen__bert-base-uncased__20260518T063955Z,0,1,0.4695822298526764,0.530417799949646
gue_emp_H3K4me1_frozen__bert-base-uncased__20260518T063955Z,0,1,0.46905606985092163,0.5309439301490784
gue_emp_H3K4me1_frozen__bert-base-uncased__20260518T063955Z,1,1,0.46951502561569214,0.5304849743843079
gue_emp_H3K4me1_frozen__bert-base-uncased__20260518T063955Z,1,1,0.4735304117202759,0.5264695286750793
gue_emp_H3K4me1_frozen__bert-base-uncased__20260518T063955Z,0,1,0.4675501883029938,0.5324498414993286
gue_emp_H3K4me1_frozen__bert-base-uncased__20260518T063955Z,1,1,0.46147558093070984,0.5385244488716125
gue_emp_H3K4me1_frozen__bert-base-uncased__20260518T063955Z,1,1,0.46943190693855286,0.5305681228637695
gue_emp_H3K4me1_frozen__bert-base-uncased__20260518T063955Z,1,1,0.47430118918418884,0.5256988406181335
gue_emp_H3K4me1_frozen__bert-base-uncased__20260518T063955Z,1,1,0.4754137396812439,0.5245862007141113
gue_emp_H3K4me1_frozen__bert-base-uncased__20260518T063955Z,1,1,0.4648478329181671,0.5351521372795105
gue_emp_H3K4me1_frozen__bert-base-uncased__20260518T063955Z,0,1,0.4676915407180786,0.5323083996772766
gue_emp_H3K4me1_frozen__bert-base-uncased__20260518T063955Z,0,1,0.46735700964927673,0.5326430201530457
gue_emp_H3K4me1_frozen__bert-base-uncased__20260518T063955Z,1,1,0.46997684240341187,0.5300230979919434
gue_emp_H3K4me1_frozen__bert-base-uncased__20260518T063955Z,0,1,0.4683369994163513,0.5316630005836487
gue_emp_H3K4me1_frozen__bert-base-uncased__20260518T063955Z,1,1,0.4667458236217499,0.5332542061805725
gue_emp_H3K4me1_frozen__bert-base-uncased__20260518T063955Z,1,1,0.47099733352661133,0.5290026664733887
gue_emp_H3K4me1_frozen__bert-base-uncased__20260518T063955Z,0,1,0.4762972593307495,0.5237026810646057
gue_emp_H3K4me1_frozen__bert-base-uncased__20260518T063955Z,1,1,0.4687691926956177,0.5312308073043823
gue_emp_H3K4me1_frozen__bert-base-uncased__20260518T063955Z,1,1,0.4698927104473114,0.5301072597503662
gue_emp_H3K4me1_frozen__bert-base-uncased__20260518T063955Z,1,1,0.47132089734077454,0.5286791324615479
gue_emp_H3K4me1_frozen__bert-base-uncased__20260518T063955Z,1,1,0.4668104350566864,0.533189594745636
gue_emp_H3K4me1_frozen__bert-base-uncased__20260518T063955Z,1,1,0.46759268641471863,0.532407283782959
gue_emp_H3K4me1_frozen__bert-base-uncased__20260518T063955Z,0,1,0.473621129989624,0.526378870010376
gue_emp_H3K4me1_frozen__bert-base-uncased__20260518T063955Z,1,1,0.4650273025035858,0.5349726676940918
gue_emp_H3K4me1_frozen__bert-base-uncased__20260518T063955Z,1,1,0.47545573115348816,0.5245442390441895
gue_emp_H3K4me1_frozen__bert-base-uncased__20260518T063955Z,1,1,0.46407079696655273,0.5359292030334473
gue_emp_H3K4me1_frozen__bert-base-uncased__20260518T063955Z,1,1,0.46841955184936523,0.5315804481506348
gue_emp_H3K4me1_frozen__bert-base-uncased__20260518T063955Z,0,1,0.4699782133102417,0.5300217866897583
gue_emp_H3K4me1_frozen__bert-base-uncased__20260518T063955Z,0,1,0.47035279870033264,0.5296472311019897
gue_emp_H3K4me1_frozen__bert-base-uncased__20260518T063955Z,0,1,0.46000513434410095,0.5399948358535767
gue_emp_H3K4me1_frozen__bert-base-uncased__20260518T063955Z,1,1,0.46735718846321106,0.5326427817344666
gue_emp_H3K4me1_frozen__bert-base-uncased__20260518T063955Z,1,1,0.4730611741542816,0.5269388556480408
gue_emp_H3K4me1_frozen__bert-base-uncased__20260518T063955Z,1,1,0.464584082365036,0.5354158878326416
gue_emp_H3K4me1_frozen__bert-base-uncased__20260518T063955Z,0,1,0.46289220452308655,0.5371077656745911
gue_emp_H3K4me1_frozen__bert-base-uncased__20260518T063955Z,0,1,0.47694727778434753,0.5230526924133301
gue_emp_H3K4me1_frozen__bert-base-uncased__20260518T063955Z,0,1,0.4656370282173157,0.5343630313873291
gue_emp_H3K4me1_frozen__bert-base-uncased__20260518T063955Z,0,1,0.4718624949455261,0.5281375050544739
gue_emp_H3K4me1_frozen__bert-base-uncased__20260518T063955Z,1,1,0.4731117784976959,0.5268881916999817
gue_emp_H3K4me1_frozen__bert-base-uncased__20260518T063955Z,1,1,0.4667559564113617,0.5332440137863159
gue_emp_H3K4me1_frozen__bert-base-uncased__20260518T063955Z,0,1,0.46458593010902405,0.5354140996932983
gue_emp_H3K4me1_frozen__bert-base-uncased__20260518T063955Z,0,1,0.4642147421836853,0.5357852578163147
gue_emp_H3K4me1_frozen__bert-base-uncased__20260518T063955Z,0,1,0.47054898738861084,0.5294510126113892
gue_emp_H3K4me1_frozen__bert-base-uncased__20260518T063955Z,1,1,0.4731954336166382,0.5268046259880066
gue_emp_H3K4me1_frozen__bert-base-uncased__20260518T063955Z,0,1,0.4735938310623169,0.5264061689376831
gue_emp_H3K4me1_frozen__bert-base-uncased__20260518T063955Z,0,1,0.4751931428909302,0.5248069167137146
gue_emp_H3K4me1_frozen__bert-base-uncased__20260518T063955Z,0,1,0.4718744158744812,0.5281255841255188
gue_emp_H3K4me1_frozen__bert-base-uncased__20260518T063955Z,1,1,0.46721673011779785,0.5327832102775574
gue_emp_H3K4me1_frozen__bert-base-uncased__20260518T063955Z,1,1,0.46730807423591614,0.5326918959617615
gue_emp_H3K4me1_frozen__bert-base-uncased__20260518T063955Z,1,1,0.473930299282074,0.5260696411132812
gue_emp_H3K4me1_frozen__bert-base-uncased__20260518T063955Z,0,1,0.4752541184425354,0.5247458219528198
gue_emp_H3K4me1_frozen__bert-base-uncased__20260518T063955Z,0,1,0.4730139970779419,0.5269860625267029
gue_emp_H3K4me1_frozen__bert-base-uncased__20260518T063955Z,1,1,0.46356508135795593,0.5364348888397217
gue_emp_H3K4me1_frozen__bert-base-uncased__20260518T063955Z,0,1,0.47066307067871094,0.5293369293212891
gue_emp_H3K4me1_frozen__bert-base-uncased__20260518T063955Z,0,1,0.46958884596824646,0.5304111838340759
gue_emp_H3K4me1_frozen__bert-base-uncased__20260518T063955Z,1,1,0.47733283042907715,0.5226671695709229
gue_emp_H3K4me1_frozen__bert-base-uncased__20260518T063955Z,1,1,0.47229504585266113,0.5277049541473389
gue_emp_H3K4me1_frozen__bert-base-uncased__20260518T063955Z,0,1,0.4785819947719574,0.5214179754257202
gue_emp_H3K4me1_frozen__bert-base-uncased__20260518T063955Z,0,1,0.4648549556732178,0.5351450443267822
gue_emp_H3K4me1_frozen__bert-base-uncased__20260518T063955Z,0,1,0.4668983519077301,0.5331016182899475
gue_emp_H3K4me1_frozen__bert-base-uncased__20260518T063955Z,0,1,0.4750930368900299,0.5249069929122925
gue_emp_H3K4me1_frozen__bert-base-uncased__20260518T063955Z,0,1,0.46956735849380493,0.5304325819015503
gue_emp_H3K4me1_frozen__bert-base-uncased__20260518T063955Z,1,1,0.47043395042419434,0.5295660495758057
gue_emp_H3K4me1_frozen__bert-base-uncased__20260518T063955Z,1,1,0.4720219373703003,0.5279780626296997
gue_emp_H3K4me1_frozen__bert-base-uncased__20260518T063955Z,0,1,0.4738883376121521,0.5261117219924927
gue_emp_H3K4me1_frozen__bert-base-uncased__20260518T063955Z,0,1,0.46471309661865234,0.5352869033813477
gue_emp_H3K4me1_frozen__bert-base-uncased__20260518T063955Z,0,1,0.47417300939559937,0.5258269906044006
gue_emp_H3K4me1_frozen__bert-base-uncased__20260518T063955Z,1,1,0.4745161533355713,0.5254838466644287
gue_emp_H3K4me1_frozen__bert-base-uncased__20260518T063955Z,1,1,0.46859210729599,0.53140789270401
gue_emp_H3K4me1_frozen__bert-base-uncased__20260518T063955Z,1,1,0.4743325412273407,0.5256674289703369
gue_emp_H3K4me1_frozen__bert-base-uncased__20260518T063955Z,1,1,0.4772459864616394,0.5227539539337158
gue_emp_H3K4me1_frozen__bert-base-uncased__20260518T063955Z,1,1,0.4734860956668854,0.5265138745307922
gue_emp_H3K4me1_frozen__bert-base-uncased__20260518T063955Z,1,1,0.4714808464050293,0.5285192131996155
gue_emp_H3K4me1_frozen__bert-base-uncased__20260518T063955Z,1,1,0.4595526158809662,0.5404473543167114
gue_emp_H3K4me1_frozen__bert-base-uncased__20260518T063955Z,0,1,0.46885374188423157,0.531146228313446
gue_emp_H3K4me1_frozen__bert-base-uncased__20260518T063955Z,1,1,0.47022977471351624,0.5297702550888062
gue_emp_H3K4me1_frozen__bert-base-uncased__20260518T063955Z,1,1,0.46823930740356445,0.5317606925964355
gue_emp_H3K4me1_frozen__bert-base-uncased__20260518T063955Z,1,1,0.4681288003921509,0.5318711996078491
gue_emp_H3K4me1_frozen__bert-base-uncased__20260518T063955Z,1,1,0.47134077548980713,0.5286592245101929
gue_emp_H3K4me1_frozen__bert-base-uncased__20260518T063955Z,1,1,0.46503692865371704,0.534963071346283
gue_emp_H3K4me1_frozen__bert-base-uncased__20260518T063955Z,0,1,0.4711637496948242,0.5288362503051758
gue_emp_H3K4me1_frozen__bert-base-uncased__20260518T063955Z,1,1,0.46078169345855713,0.5392183065414429
gue_emp_H3K4me1_frozen__bert-base-uncased__20260518T063955Z,0,1,0.4715616703033447,0.5284382700920105
gue_emp_H3K4me1_frozen__bert-base-uncased__20260518T063955Z,0,1,0.4730841815471649,0.5269158482551575
gue_emp_H3K4me1_frozen__bert-base-uncased__20260518T063955Z,1,1,0.46732160449028015,0.5326784253120422
gue_emp_H3K4me1_frozen__bert-base-uncased__20260518T063955Z,1,1,0.47328323125839233,0.5267167687416077
gue_emp_H3K4me1_frozen__bert-base-uncased__20260518T063955Z,1,1,0.4752046763896942,0.5247952938079834
gue_emp_H3K4me1_frozen__bert-base-uncased__20260518T063955Z,1,1,0.46940675377845764,0.53059321641922
gue_emp_H3K4me1_frozen__bert-base-uncased__20260518T063955Z,1,1,0.4631750285625458,0.5368249416351318
gue_emp_H3K4me1_frozen__bert-base-uncased__20260518T063955Z,1,1,0.4723086953163147,0.5276913046836853
gue_emp_H3K4me1_frozen__bert-base-uncased__20260518T063955Z,1,1,0.4658406376838684,0.5341593027114868
gue_emp_H3K4me1_frozen__bert-base-uncased__20260518T063955Z,1,1,0.4747406244277954,0.5252593755722046
gue_emp_H3K4me1_frozen__bert-base-uncased__20260518T063955Z,1,1,0.46690890192985535,0.533091127872467
gue_emp_H3K4me1_frozen__bert-base-uncased__20260518T063955Z,0,1,0.4689381420612335,0.5310618281364441
gue_emp_H3K4me1_frozen__bert-base-uncased__20260518T063955Z,0,1,0.472523033618927,0.527476966381073
gue_emp_H3K4me1_frozen__bert-base-uncased__20260518T063955Z,1,1,0.4672086834907532,0.532791256904602
gue_emp_H3K4me1_frozen__bert-base-uncased__20260518T063955Z,1,1,0.46789371967315674,0.5321062207221985
gue_emp_H3K4me1_frozen__bert-base-uncased__20260518T063955Z,1,1,0.468967467546463,0.5310325622558594
gue_emp_H3K4me1_frozen__bert-base-uncased__20260518T063955Z,0,1,0.4738093316555023,0.5261906981468201
gue_emp_H3K4me1_frozen__bert-base-uncased__20260518T063955Z,1,1,0.46542951464653015,0.5345704555511475
gue_emp_H3K4me1_frozen__bert-base-uncased__20260518T063955Z,1,1,0.46505045890808105,0.534949541091919
gue_emp_H3K4me1_frozen__bert-base-uncased__20260518T063955Z,1,1,0.4640955626964569,0.5359044075012207
gue_emp_H3K4me1_frozen__bert-base-uncased__20260518T063955Z,0,1,0.47061413526535034,0.5293858647346497
gue_emp_H3K4me1_frozen__bert-base-uncased__20260518T063955Z,0,1,0.46987059712409973,0.5301294326782227
gue_emp_H3K4me1_frozen__bert-base-uncased__20260518T063955Z,1,1,0.4609834849834442,0.5390164852142334
gue_emp_H3K4me1_frozen__bert-base-uncased__20260518T063955Z,1,1,0.4665510356426239,0.5334489345550537
gue_emp_H3K4me1_frozen__bert-base-uncased__20260518T063955Z,1,1,0.4684498608112335,0.5315501689910889
gue_emp_H3K4me1_frozen__bert-base-uncased__20260518T063955Z,1,1,0.46557512879371643,0.534424901008606
gue_emp_H3K4me1_frozen__bert-base-uncased__20260518T063955Z,1,1,0.46971526741981506,0.5302847027778625
gue_emp_H3K4me1_frozen__bert-base-uncased__20260518T063955Z,1,1,0.4692680239677429,0.5307319760322571
gue_emp_H3K4me1_frozen__bert-base-uncased__20260518T063955Z,1,1,0.4623863995075226,0.537613570690155
gue_emp_H3K4me1_frozen__bert-base-uncased__20260518T063955Z,0,1,0.4650968909263611,0.5349031090736389
gue_emp_H3K4me1_frozen__bert-base-uncased__20260518T063955Z,0,1,0.4719453454017639,0.5280546545982361
gue_emp_H3K4me1_frozen__bert-base-uncased__20260518T063955Z,0,1,0.4730271100997925,0.5269728899002075
gue_emp_H3K4me1_frozen__bert-base-uncased__20260518T063955Z,1,1,0.47021013498306274,0.5297898650169373
gue_emp_H3K4me1_frozen__bert-base-uncased__20260518T063955Z,0,1,0.46630239486694336,0.5336976051330566
gue_emp_H3K4me1_frozen__bert-base-uncased__20260518T063955Z,0,1,0.4663114845752716,0.5336885452270508
gue_emp_H3K4me1_frozen__bert-base-uncased__20260518T063955Z,1,1,0.4708425998687744,0.5291574597358704
gue_emp_H3K4me1_frozen__bert-base-uncased__20260518T063955Z,1,1,0.4687596261501312,0.5312404036521912
gue_emp_H3K4me1_frozen__bert-base-uncased__20260518T063955Z,1,1,0.4778860807418823,0.5221139192581177
gue_emp_H3K4me1_frozen__bert-base-uncased__20260518T063955Z,1,1,0.46736013889312744,0.5326398611068726
gue_emp_H3K4me1_frozen__bert-base-uncased__20260518T063955Z,0,1,0.47140011191368103,0.5285999178886414
gue_emp_H3K4me1_frozen__bert-base-uncased__20260518T063955Z,1,1,0.46945881843566895,0.530541181564331
gue_emp_H3K4me1_frozen__bert-base-uncased__20260518T063955Z,1,1,0.4771442711353302,0.5228557586669922
gue_emp_H3K4me1_frozen__bert-base-uncased__20260518T063955Z,1,1,0.47113773226737976,0.5288622379302979
gue_emp_H3K4me1_frozen__bert-base-uncased__20260518T063955Z,1,1,0.4737548232078552,0.5262451767921448
gue_emp_H3K4me1_frozen__bert-base-uncased__20260518T063955Z,0,1,0.4709978997707367,0.5290020704269409
gue_emp_H3K4me1_frozen__bert-base-uncased__20260518T063955Z,0,1,0.47464248538017273,0.5253574848175049
gue_emp_H3K4me1_frozen__bert-base-uncased__20260518T063955Z,0,1,0.4703146517276764,0.529685378074646
gue_emp_H3K4me1_frozen__bert-base-uncased__20260518T063955Z,0,1,0.4686928689479828,0.5313071012496948
gue_emp_H3K4me1_frozen__bert-base-uncased__20260518T063955Z,1,1,0.46989116072654724,0.5301088094711304
gue_emp_H3K4me1_frozen__bert-base-uncased__20260518T063955Z,0,1,0.4738841652870178,0.5261158347129822
gue_emp_H3K4me1_frozen__bert-base-uncased__20260518T063955Z,1,1,0.4687921404838562,0.5312078595161438
gue_emp_H3K4me1_frozen__bert-base-uncased__20260518T063955Z,0,1,0.4690570533275604,0.5309429168701172
gue_emp_H3K4me1_frozen__bert-base-uncased__20260518T063955Z,1,1,0.47197678685188293,0.5280232429504395
gue_emp_H3K4me1_frozen__bert-base-uncased__20260518T063955Z,1,1,0.469995379447937,0.530004620552063
gue_emp_H3K4me1_frozen__bert-base-uncased__20260518T063955Z,0,1,0.47076261043548584,0.5292374491691589
gue_emp_H3K4me1_frozen__bert-base-uncased__20260518T063955Z,1,1,0.460345983505249,0.539654016494751
gue_emp_H3K4me1_frozen__bert-base-uncased__20260518T063955Z,1,1,0.4721502959728241,0.5278496742248535
gue_emp_H3K4me1_frozen__bert-base-uncased__20260518T063955Z,0,1,0.4707687497138977,0.5292311906814575
gue_emp_H3K4me1_frozen__bert-base-uncased__20260518T063955Z,1,1,0.4732529819011688,0.5267470479011536
gue_emp_H3K4me1_frozen__bert-base-uncased__20260518T063955Z,0,1,0.4694812297821045,0.5305188298225403
gue_emp_H3K4me1_frozen__bert-base-uncased__20260518T063955Z,0,1,0.47315505146980286,0.5268449187278748
gue_emp_H3K4me1_frozen__bert-base-uncased__20260518T063955Z,1,1,0.4696921706199646,0.5303078293800354
gue_emp_H3K4me1_frozen__bert-base-uncased__20260518T063955Z,1,1,0.47041839361190796,0.529581606388092
gue_emp_H3K4me1_frozen__bert-base-uncased__20260518T063955Z,1,1,0.4701542258262634,0.5298457741737366
gue_emp_H3K4me1_frozen__bert-base-uncased__20260518T063955Z,0,1,0.4718416929244995,0.5281583070755005
gue_emp_H3K4me1_frozen__bert-base-uncased__20260518T063955Z,1,1,0.4722406268119812,0.5277593731880188
gue_emp_H3K4me1_frozen__bert-base-uncased__20260518T063955Z,1,1,0.46658819913864136,0.5334118008613586
gue_emp_H3K4me1_frozen__bert-base-uncased__20260518T063955Z,0,1,0.4721727669239044,0.5278272032737732
gue_emp_H3K4me1_frozen__bert-base-uncased__20260518T063955Z,1,1,0.45856186747550964,0.541438102722168
gue_emp_H3K4me1_frozen__bert-base-uncased__20260518T063955Z,0,1,0.4758445918560028,0.5241554379463196
gue_emp_H3K4me1_frozen__bert-base-uncased__20260518T063955Z,1,1,0.47184401750564575,0.5281559228897095
gue_emp_H3K4me1_frozen__bert-base-uncased__20260518T063955Z,1,1,0.4735311269760132,0.5264688730239868
gue_emp_H3K4me1_frozen__bert-base-uncased__20260518T063955Z,1,1,0.4695724546909332,0.5304275155067444
gue_emp_H3K4me1_frozen__bert-base-uncased__20260518T063955Z,1,1,0.4683508276939392,0.5316492319107056
gue_emp_H3K4me1_frozen__bert-base-uncased__20260518T063955Z,0,1,0.47284093499183655,0.5271590948104858
gue_emp_H3K4me1_frozen__bert-base-uncased__20260518T063955Z,0,1,0.47312870621681213,0.5268712639808655
gue_emp_H3K4me1_frozen__bert-base-uncased__20260518T063955Z,1,1,0.47292542457580566,0.5270745754241943
gue_emp_H3K4me1_frozen__bert-base-uncased__20260518T063955Z,1,1,0.46837931871414185,0.5316206812858582
gue_emp_H3K4me1_frozen__bert-base-uncased__20260518T063955Z,0,1,0.4665555953979492,0.5334444642066956
gue_emp_H3K4me1_frozen__bert-base-uncased__20260518T063955Z,1,1,0.46987780928611755,0.5301222205162048
gue_emp_H3K4me1_frozen__bert-base-uncased__20260518T063955Z,1,1,0.47700923681259155,0.5229907631874084
gue_emp_H3K4me1_frozen__bert-base-uncased__20260518T063955Z,1,1,0.4685748517513275,0.5314251184463501
gue_emp_H3K4me1_frozen__bert-base-uncased__20260518T063955Z,0,1,0.46655938029289246,0.5334405899047852
gue_emp_H3K4me1_frozen__bert-base-uncased__20260518T063955Z,1,1,0.4766427278518677,0.5233572721481323
gue_emp_H3K4me1_frozen__bert-base-uncased__20260518T063955Z,1,1,0.4730333685874939,0.5269666314125061
gue_emp_H3K4me1_frozen__bert-base-uncased__20260518T063955Z,1,1,0.4674621522426605,0.5325378179550171
gue_emp_H3K4me1_frozen__bert-base-uncased__20260518T063955Z,0,1,0.4703053832054138,0.5296946167945862
gue_emp_H3K4me1_frozen__bert-base-uncased__20260518T063955Z,0,1,0.47722122073173523,0.5227787494659424
gue_emp_H3K4me1_frozen__bert-base-uncased__20260518T063955Z,0,1,0.47458571195602417,0.5254142880439758
gue_emp_H3K4me1_frozen__bert-base-uncased__20260518T063955Z,1,1,0.46970224380493164,0.5302978157997131
gue_emp_H3K4me1_frozen__bert-base-uncased__20260518T063955Z,1,1,0.4647708833217621,0.5352290868759155
gue_emp_H3K4me1_frozen__bert-base-uncased__20260518T063955Z,0,1,0.4682937264442444,0.5317062735557556
gue_emp_H3K4me1_frozen__bert-base-uncased__20260518T063955Z,0,1,0.4744337201118469,0.5255662798881531
gue_emp_H3K4me1_frozen__bert-base-uncased__20260518T063955Z,1,1,0.4743120074272156,0.5256879925727844
gue_emp_H3K4me1_frozen__bert-base-uncased__20260518T063955Z,1,1,0.47059866786003113,0.5294013023376465
gue_emp_H3K4me1_frozen__bert-base-uncased__20260518T063955Z,0,1,0.4651278257369995,0.5348721742630005
gue_emp_H3K4me1_frozen__bert-base-uncased__20260518T063955Z,1,1,0.4732367694377899,0.5267632603645325
gue_emp_H3K4me1_frozen__bert-base-uncased__20260518T063955Z,1,1,0.4752965271472931,0.5247034430503845
gue_emp_H3K4me1_frozen__bert-base-uncased__20260518T063955Z,1,1,0.47364529967308044,0.5263546705245972
gue_emp_H3K4me1_frozen__bert-base-uncased__20260518T063955Z,1,1,0.469579815864563,0.530420184135437
gue_emp_H3K4me1_frozen__bert-base-uncased__20260518T063955Z,1,1,0.46481043100357056,0.5351895689964294
gue_emp_H3K4me1_frozen__bert-base-uncased__20260518T063955Z,0,1,0.46862757205963135,0.5313724279403687
gue_emp_H3K4me1_frozen__bert-base-uncased__20260518T063955Z,1,1,0.47133010625839233,0.5286698937416077
gue_emp_H3K4me1_frozen__bert-base-uncased__20260518T063955Z,1,1,0.45986515283584595,0.540134847164154
gue_emp_H3K4me1_frozen__bert-base-uncased__20260518T063955Z,0,1,0.4674401879310608,0.5325598120689392
gue_emp_H3K4me1_frozen__bert-base-uncased__20260518T063955Z,1,1,0.4700249433517456,0.5299750566482544
gue_emp_H3K4me1_frozen__bert-base-uncased__20260518T063955Z,0,1,0.468637079000473,0.5313629508018494
gue_emp_H3K4me1_frozen__bert-base-uncased__20260518T063955Z,1,1,0.47169047594070435,0.5283095836639404
gue_emp_H3K4me1_frozen__bert-base-uncased__20260518T063955Z,0,1,0.4784340262413025,0.5215660333633423
gue_emp_H3K4me1_frozen__bert-base-uncased__20260518T063955Z,0,1,0.467246949672699,0.532753050327301
gue_emp_H3K4me1_frozen__bert-base-uncased__20260518T063955Z,0,1,0.47800835967063904,0.5219916105270386
gue_emp_H3K4me1_frozen__bert-base-uncased__20260518T063955Z,1,1,0.46985185146331787,0.5301482081413269
gue_emp_H3K4me1_frozen__bert-base-uncased__20260518T063955Z,1,1,0.4760107696056366,0.523989200592041
gue_emp_H3K4me1_frozen__bert-base-uncased__20260518T063955Z,1,1,0.46739912033081055,0.5326008796691895
gue_emp_H3K4me1_frozen__bert-base-uncased__20260518T063955Z,1,1,0.4777514636516571,0.5222485661506653
gue_emp_H3K4me1_frozen__bert-base-uncased__20260518T063955Z,0,1,0.4634510278701782,0.5365489721298218
gue_emp_H3K4me1_frozen__bert-base-uncased__20260518T063955Z,1,1,0.4683976173400879,0.5316023826599121
gue_emp_H3K4me1_frozen__bert-base-uncased__20260518T063955Z,1,1,0.4637455940246582,0.5362544059753418
gue_emp_H3K4me1_frozen__bert-base-uncased__20260518T063955Z,1,1,0.47301241755485535,0.526987612247467
gue_emp_H3K4me1_frozen__bert-base-uncased__20260518T063955Z,0,1,0.4647682309150696,0.5352317690849304
gue_emp_H3K4me1_frozen__bert-base-uncased__20260518T063955Z,1,1,0.47319296002388,0.5268070697784424
gue_emp_H3K4me1_frozen__bert-base-uncased__20260518T063955Z,1,1,0.4723201096057892,0.5276799201965332
gue_emp_H3K4me1_frozen__bert-base-uncased__20260518T063955Z,0,1,0.46727579832077026,0.5327242016792297
gue_emp_H3K4me1_frozen__bert-base-uncased__20260518T063955Z,1,1,0.4774307608604431,0.5225692391395569
gue_emp_H3K4me1_frozen__bert-base-uncased__20260518T063955Z,0,1,0.47145554423332214,0.5285444855690002
gue_emp_H3K4me1_frozen__bert-base-uncased__20260518T063955Z,1,1,0.4733771085739136,0.5266228318214417
gue_emp_H3K4me1_frozen__bert-base-uncased__20260518T063955Z,0,1,0.46505483984947205,0.5349451899528503
gue_emp_H3K4me1_frozen__bert-base-uncased__20260518T063955Z,0,1,0.4687051773071289,0.5312947630882263
gue_emp_H3K4me1_frozen__bert-base-uncased__20260518T063955Z,0,1,0.4759815037250519,0.5240184664726257
gue_emp_H3K4me1_frozen__bert-base-uncased__20260518T063955Z,1,1,0.47245416045188904,0.5275458693504333
gue_emp_H3K4me1_frozen__bert-base-uncased__20260518T063955Z,0,1,0.46781256794929504,0.5321874022483826
gue_emp_H3K4me1_frozen__bert-base-uncased__20260518T063955Z,1,1,0.47502779960632324,0.5249722003936768
gue_emp_H3K4me1_frozen__bert-base-uncased__20260518T063955Z,0,1,0.4677424728870392,0.5322574973106384
gue_emp_H3K4me1_frozen__bert-base-uncased__20260518T063955Z,1,1,0.4801539182662964,0.5198460221290588
gue_emp_H3K4me1_frozen__bert-base-uncased__20260518T063955Z,1,1,0.4600045680999756,0.5399954319000244
gue_emp_H3K4me1_frozen__bert-base-uncased__20260518T063955Z,1,1,0.47026491165161133,0.5297351479530334
gue_emp_H3K4me1_frozen__bert-base-uncased__20260518T063955Z,0,1,0.4734780788421631,0.5265219211578369
gue_emp_H3K4me1_frozen__bert-base-uncased__20260518T063955Z,1,1,0.47416436672210693,0.5258356928825378
gue_emp_H3K4me1_frozen__bert-base-uncased__20260518T063955Z,1,1,0.472834050655365,0.527165949344635
gue_emp_H3K4me1_frozen__bert-base-uncased__20260518T063955Z,1,1,0.4709521234035492,0.5290478467941284
gue_emp_H3K4me1_frozen__bert-base-uncased__20260518T063955Z,0,1,0.46346619725227356,0.5365338325500488
gue_emp_H3K4me1_frozen__bert-base-uncased__20260518T063955Z,1,1,0.4706990420818329,0.5293009281158447
gue_emp_H3K4me1_frozen__bert-base-uncased__20260518T063955Z,1,1,0.47589510679244995,0.52410489320755
gue_emp_H3K4me1_frozen__bert-base-uncased__20260518T063955Z,0,1,0.4659906029701233,0.5340094566345215
gue_emp_H3K4me1_frozen__bert-base-uncased__20260518T063955Z,0,1,0.4693809449672699,0.5306190252304077
gue_emp_H3K4me1_frozen__bert-base-uncased__20260518T063955Z,0,1,0.4690559208393097,0.5309441089630127
gue_emp_H3K4me1_frozen__bert-base-uncased__20260518T063955Z,1,1,0.4739961326122284,0.526003897190094
gue_emp_H3K4me1_frozen__bert-base-uncased__20260518T063955Z,0,1,0.47577887773513794,0.5242211222648621
gue_emp_H3K4me1_frozen__bert-base-uncased__20260518T063955Z,0,1,0.46130818128585815,0.5386918187141418
gue_emp_H3K4me1_frozen__bert-base-uncased__20260518T063955Z,1,1,0.46274104714393616,0.5372589230537415
gue_emp_H3K4me1_frozen__bert-base-uncased__20260518T063955Z,1,1,0.4711262285709381,0.5288737416267395
gue_emp_H3K4me1_frozen__bert-base-uncased__20260518T063955Z,1,1,0.46134093403816223,0.5386590957641602
gue_emp_H3K4me1_frozen__bert-base-uncased__20260518T063955Z,1,1,0.47002914547920227,0.5299708247184753
gue_emp_H3K4me1_frozen__bert-base-uncased__20260518T063955Z,1,1,0.4703837037086487,0.5296163558959961
gue_emp_H3K4me1_frozen__bert-base-uncased__20260518T063955Z,1,1,0.46654805541038513,0.5334519743919373
gue_emp_H3K4me1_frozen__bert-base-uncased__20260518T063955Z,1,1,0.4690757989883423,0.5309242010116577
gue_emp_H3K4me1_frozen__bert-base-uncased__20260518T063955Z,1,1,0.46856963634490967,0.5314303636550903
gue_emp_H3K4me1_frozen__bert-base-uncased__20260518T063955Z,0,1,0.47553959488868713,0.5244604349136353
gue_emp_H3K4me1_frozen__bert-base-uncased__20260518T063955Z,0,1,0.4713842272758484,0.5286157727241516
gue_emp_H3K4me1_frozen__bert-base-uncased__20260518T063955Z,0,1,0.4674219787120819,0.5325779914855957
gue_emp_H3K4me1_frozen__bert-base-uncased__20260518T063955Z,1,1,0.4701443910598755,0.5298556089401245
gue_emp_H3K4me1_frozen__bert-base-uncased__20260518T063955Z,0,1,0.46291738748550415,0.5370826721191406
gue_emp_H3K4me1_frozen__bert-base-uncased__20260518T063955Z,1,1,0.47242310643196106,0.5275768637657166
gue_emp_H3K4me1_frozen__bert-base-uncased__20260518T063955Z,1,1,0.47076138854026794,0.5292386412620544
gue_emp_H3K4me1_frozen__bert-base-uncased__20260518T063955Z,1,1,0.4715358316898346,0.5284641981124878
gue_emp_H3K4me1_frozen__bert-base-uncased__20260518T063955Z,0,1,0.4654299020767212,0.5345700979232788
gue_emp_H3K4me1_frozen__bert-base-uncased__20260518T063955Z,0,1,0.46888482570648193,0.5311151742935181
gue_emp_H3K4me1_frozen__bert-base-uncased__20260518T063955Z,1,1,0.4721604287624359,0.5278395414352417
gue_emp_H3K4me1_frozen__bert-base-uncased__20260518T063955Z,1,1,0.4706762433052063,0.5293236970901489
gue_emp_H3K4me1_frozen__bert-base-uncased__20260518T063955Z,1,1,0.47491395473480225,0.5250860452651978
gue_emp_H3K4me1_frozen__bert-base-uncased__20260518T063955Z,0,1,0.4755457043647766,0.5244542956352234
gue_emp_H3K4me1_frozen__bert-base-uncased__20260518T063955Z,1,1,0.4709494411945343,0.5290505886077881
gue_emp_H3K4me1_frozen__bert-base-uncased__20260518T063955Z,0,1,0.46800869703292847,0.5319913029670715
gue_emp_H3K4me1_frozen__bert-base-uncased__20260518T063955Z,1,1,0.46972960233688354,0.5302703976631165
gue_emp_H3K4me1_frozen__bert-base-uncased__20260518T063955Z,1,1,0.46851789951324463,0.5314821600914001
gue_emp_H3K4me1_frozen__bert-base-uncased__20260518T063955Z,1,1,0.4690999388694763,0.5309001207351685
gue_emp_H3K4me1_frozen__bert-base-uncased__20260518T063955Z,1,1,0.4686443507671356,0.531355619430542
gue_emp_H3K4me1_frozen__bert-base-uncased__20260518T063955Z,1,1,0.4712408781051636,0.5287591218948364
gue_emp_H3K4me1_frozen__bert-base-uncased__20260518T063955Z,1,1,0.46614396572113037,0.5338560342788696
gue_emp_H3K4me1_frozen__bert-base-uncased__20260518T063955Z,1,1,0.4705597162246704,0.5294402837753296
gue_emp_H3K4me1_frozen__bert-base-uncased__20260518T063955Z,1,1,0.46873873472213745,0.5312612652778625
gue_emp_H3K4me1_frozen__bert-base-uncased__20260518T063955Z,0,1,0.46709224581718445,0.5329077243804932
gue_emp_H3K4me1_frozen__bert-base-uncased__20260518T063955Z,1,1,0.4700928330421448,0.5299071669578552
gue_emp_H3K4me1_frozen__bert-base-uncased__20260518T063955Z,0,1,0.46725451946258545,0.5327454805374146
gue_emp_H3K4me1_frozen__bert-base-uncased__20260518T063955Z,0,1,0.47051310539245605,0.529486894607544
gue_emp_H3K4me1_frozen__bert-base-uncased__20260518T063955Z,0,1,0.47161298990249634,0.5283870100975037
gue_emp_H3K4me1_frozen__bert-base-uncased__20260518T063955Z,1,1,0.4712661802768707,0.5287337899208069
gue_emp_H3K4me1_frozen__bert-base-uncased__20260518T063955Z,0,1,0.47258520126342773,0.5274147987365723
gue_emp_H3K4me1_frozen__bert-base-uncased__20260518T063955Z,1,1,0.4664632976055145,0.5335366725921631
gue_emp_H3K4me1_frozen__bert-base-uncased__20260518T063955Z,1,1,0.47873762249946594,0.5212624073028564
gue_emp_H3K4me1_frozen__bert-base-uncased__20260518T063955Z,1,1,0.4778376817703247,0.5221622586250305
gue_emp_H3K4me1_frozen__bert-base-uncased__20260518T063955Z,1,1,0.46883630752563477,0.5311636328697205
gue_emp_H3K4me1_frozen__bert-base-uncased__20260518T063955Z,1,1,0.4608059823513031,0.5391940474510193
gue_emp_H3K4me1_frozen__bert-base-uncased__20260518T063955Z,0,1,0.46817782521247864,0.5318222045898438
gue_emp_H3K4me1_frozen__bert-base-uncased__20260518T063955Z,1,1,0.47397199273109436,0.5260279774665833
gue_emp_H3K4me1_frozen__bert-base-uncased__20260518T063955Z,1,1,0.4712761640548706,0.5287238359451294
gue_emp_H3K4me1_frozen__bert-base-uncased__20260518T063955Z,0,1,0.46120041608810425,0.5387995839118958
gue_emp_H3K4me1_frozen__bert-base-uncased__20260518T063955Z,0,1,0.4697146415710449,0.5302852988243103
gue_emp_H3K4me1_frozen__bert-base-uncased__20260518T063955Z,1,1,0.4648752212524414,0.5351248383522034
gue_emp_H3K4me1_frozen__bert-base-uncased__20260518T063955Z,0,1,0.4696884751319885,0.5303115248680115
gue_emp_H3K4me1_frozen__bert-base-uncased__20260518T063955Z,0,1,0.4695377051830292,0.5304622650146484
gue_emp_H3K4me1_frozen__bert-base-uncased__20260518T063955Z,1,1,0.47102776169776917,0.5289722681045532
gue_emp_H3K4me1_frozen__bert-base-uncased__20260518T063955Z,1,1,0.47158780694007874,0.5284121632575989
gue_emp_H3K4me1_frozen__bert-base-uncased__20260518T063955Z,0,1,0.46757882833480835,0.5324211716651917
gue_emp_H3K4me1_frozen__bert-base-uncased__20260518T063955Z,0,1,0.4733767807483673,0.5266231894493103
gue_emp_H3K4me1_frozen__bert-base-uncased__20260518T063955Z,1,1,0.45543918013572693,0.5445607900619507
gue_emp_H3K4me1_frozen__bert-base-uncased__20260518T063955Z,0,1,0.46456822752952576,0.5354318022727966
gue_emp_H3K4me1_frozen__bert-base-uncased__20260518T063955Z,0,1,0.4737173616886139,0.5262826085090637
gue_emp_H3K4me1_frozen__bert-base-uncased__20260518T063955Z,0,1,0.46608197689056396,0.533918023109436
gue_emp_H3K4me1_frozen__bert-base-uncased__20260518T063955Z,0,1,0.4759044647216797,0.5240955352783203
gue_emp_H3K4me1_frozen__bert-base-uncased__20260518T063955Z,0,1,0.4757697284221649,0.5242302417755127
gue_emp_H3K4me1_frozen__bert-base-uncased__20260518T063955Z,0,1,0.4711129367351532,0.5288870930671692
gue_emp_H3K4me1_frozen__bert-base-uncased__20260518T063955Z,0,1,0.46330347657203674,0.5366965532302856
gue_emp_H3K4me1_frozen__bert-base-uncased__20260518T063955Z,0,1,0.46664944291114807,0.5333505868911743
gue_emp_H3K4me1_frozen__bert-base-uncased__20260518T063955Z,1,1,0.47274860739707947,0.5272513628005981
gue_emp_H3K4me1_frozen__bert-base-uncased__20260518T063955Z,1,1,0.47276321053504944,0.527236819267273
gue_emp_H3K4me1_frozen__bert-base-uncased__20260518T063955Z,1,1,0.46530357003211975,0.5346964001655579
gue_emp_H3K4me1_frozen__bert-base-uncased__20260518T063955Z,0,1,0.4723677635192871,0.5276321768760681
gue_emp_H3K4me1_frozen__bert-base-uncased__20260518T063955Z,1,1,0.472650408744812,0.527349591255188
gue_emp_H3K4me1_frozen__bert-base-uncased__20260518T063955Z,0,1,0.46970465779304504,0.5302953124046326
gue_emp_H3K4me1_frozen__bert-base-uncased__20260518T063955Z,1,1,0.46922919154167175,0.5307707786560059
gue_emp_H3K4me1_frozen__bert-base-uncased__20260518T063955Z,0,1,0.4739859998226166,0.526013970375061
gue_emp_H3K4me1_frozen__bert-base-uncased__20260518T063955Z,1,1,0.46898922324180603,0.5310108065605164
gue_emp_H3K4me1_frozen__bert-base-uncased__20260518T063955Z,0,1,0.4635443091392517,0.5364556908607483
gue_emp_H3K4me1_frozen__bert-base-uncased__20260518T063955Z,0,1,0.4769251048564911,0.5230748653411865
gue_emp_H3K4me1_frozen__bert-base-uncased__20260518T063955Z,1,1,0.46573665738105774,0.5342633128166199
gue_emp_H3K4me1_frozen__bert-base-uncased__20260518T063955Z,1,1,0.46976783871650696,0.5302321910858154
gue_emp_H3K4me1_frozen__bert-base-uncased__20260518T063955Z,0,1,0.4737005829811096,0.5262994766235352
gue_emp_H3K4me1_frozen__bert-base-uncased__20260518T063955Z,0,1,0.46860677003860474,0.5313931703567505
gue_emp_H3K4me1_frozen__bert-base-uncased__20260518T063955Z,1,1,0.47030386328697205,0.5296961069107056
gue_emp_H3K4me1_frozen__bert-base-uncased__20260518T063955Z,1,1,0.4753452241420746,0.524654746055603
gue_emp_H3K4me1_frozen__bert-base-uncased__20260518T063955Z,0,1,0.46964651346206665,0.5303535461425781
gue_emp_H3K4me1_frozen__bert-base-uncased__20260518T063955Z,1,1,0.4660232365131378,0.5339767932891846
gue_emp_H3K4me1_frozen__bert-base-uncased__20260518T063955Z,0,1,0.46896234154701233,0.5310376286506653
gue_emp_H3K4me1_frozen__bert-base-uncased__20260518T063955Z,0,1,0.47146764397621155,0.5285323262214661
gue_emp_H3K4me1_frozen__bert-base-uncased__20260518T063955Z,0,1,0.4645572602748871,0.5354427695274353
gue_emp_H3K4me1_frozen__bert-base-uncased__20260518T063955Z,1,1,0.4754207730293274,0.5245792269706726
gue_emp_H3K4me1_frozen__bert-base-uncased__20260518T063955Z,1,1,0.46994197368621826,0.5300580263137817
gue_emp_H3K4me1_frozen__bert-base-uncased__20260518T063955Z,1,1,0.4677296280860901,0.5322703719139099
gue_emp_H3K4me1_frozen__bert-base-uncased__20260518T063955Z,0,1,0.4755302965641022,0.5244696736335754
gue_emp_H3K4me1_frozen__bert-base-uncased__20260518T063955Z,0,1,0.47293558716773987,0.5270643830299377
gue_emp_H3K4me1_frozen__bert-base-uncased__20260518T063955Z,0,1,0.4726584851741791,0.5273414850234985
gue_emp_H3K4me1_frozen__bert-base-uncased__20260518T063955Z,0,1,0.4641932547092438,0.5358067154884338
gue_emp_H3K4me1_frozen__bert-base-uncased__20260518T063955Z,0,1,0.4643617570400238,0.5356382131576538
gue_emp_H3K4me1_frozen__bert-base-uncased__20260518T063955Z,0,1,0.4723360538482666,0.5276639461517334
gue_emp_H3K4me1_frozen__bert-base-uncased__20260518T063955Z,1,1,0.47454121708869934,0.525458812713623
gue_emp_H3K4me1_frozen__bert-base-uncased__20260518T063955Z,0,1,0.47366762161254883,0.5263323187828064
gue_emp_H3K4me1_frozen__bert-base-uncased__20260518T063955Z,1,1,0.470954954624176,0.529045045375824
gue_emp_H3K4me1_frozen__bert-base-uncased__20260518T063955Z,0,1,0.46696609258651733,0.5330339074134827
gue_emp_H3K4me1_frozen__bert-base-uncased__20260518T063955Z,0,1,0.4744925796985626,0.525507390499115
gue_emp_H3K4me1_frozen__bert-base-uncased__20260518T063955Z,1,1,0.4671321213245392,0.5328679084777832
gue_emp_H3K4me1_frozen__bert-base-uncased__20260518T063955Z,1,1,0.46651512384414673,0.5334848761558533
gue_emp_H3K4me1_frozen__bert-base-uncased__20260518T063955Z,1,1,0.4673222303390503,0.5326777696609497
gue_emp_H3K4me1_frozen__bert-base-uncased__20260518T063955Z,1,1,0.46962153911590576,0.5303784608840942
gue_emp_H3K4me1_frozen__bert-base-uncased__20260518T063955Z,1,1,0.4770784080028534,0.522921621799469
gue_emp_H3K4me1_frozen__bert-base-uncased__20260518T063955Z,1,1,0.4683840274810791,0.5316159129142761
gue_emp_H3K4me1_frozen__bert-base-uncased__20260518T063955Z,1,1,0.47496137022972107,0.5250385999679565
gue_emp_H3K4me1_frozen__bert-base-uncased__20260518T063955Z,0,1,0.4736041724681854,0.5263957977294922
gue_emp_H3K4me1_frozen__bert-base-uncased__20260518T063955Z,1,1,0.47466346621513367,0.525336503982544
gue_emp_H3K4me1_frozen__bert-base-uncased__20260518T063955Z,1,1,0.46989938616752625,0.5301006436347961
gue_emp_H3K4me1_frozen__bert-base-uncased__20260518T063955Z,0,1,0.47009825706481934,0.5299016833305359
gue_emp_H3K4me1_frozen__bert-base-uncased__20260518T063955Z,1,1,0.46912068128585815,0.5308793187141418
gue_emp_H3K4me1_frozen__bert-base-uncased__20260518T063955Z,1,1,0.46585050225257874,0.5341495275497437
gue_emp_H3K4me1_frozen__bert-base-uncased__20260518T063955Z,0,1,0.46811407804489136,0.5318859219551086
gue_emp_H3K4me1_frozen__bert-base-uncased__20260518T063955Z,0,1,0.467410683631897,0.532589316368103
gue_emp_H3K4me1_frozen__bert-base-uncased__20260518T063955Z,1,1,0.4731052815914154,0.5268946886062622
gue_emp_H3K4me1_frozen__bert-base-uncased__20260518T063955Z,0,1,0.4770515561103821,0.5229484438896179
gue_emp_H3K4me1_frozen__bert-base-uncased__20260518T063955Z,0,1,0.4714680016040802,0.5285320281982422
gue_emp_H3K4me1_frozen__bert-base-uncased__20260518T063955Z,0,1,0.4676053524017334,0.5323946475982666
gue_emp_H3K4me1_frozen__bert-base-uncased__20260518T063955Z,1,1,0.47259360551834106,0.5274063348770142
gue_emp_H3K4me1_frozen__bert-base-uncased__20260518T063955Z,0,1,0.4681464731693268,0.5318534970283508
gue_emp_H3K4me1_frozen__bert-base-uncased__20260518T063955Z,1,1,0.4742201864719391,0.5257798433303833
gue_emp_H3K4me1_frozen__bert-base-uncased__20260518T063955Z,0,1,0.47145798802375793,0.5285420417785645
gue_emp_H3K4me1_frozen__bert-base-uncased__20260518T063955Z,1,1,0.46984320878982544,0.5301567912101746
gue_emp_H3K4me1_frozen__bert-base-uncased__20260518T063955Z,0,1,0.471274733543396,0.528725266456604
gue_emp_H3K4me1_frozen__bert-base-uncased__20260518T063955Z,0,1,0.46683767437934875,0.5331622958183289
gue_emp_H3K4me1_frozen__bert-base-uncased__20260518T063955Z,0,1,0.472994327545166,0.5270056128501892
gue_emp_H3K4me1_frozen__bert-base-uncased__20260518T063955Z,1,1,0.46631836891174316,0.5336815714836121
gue_emp_H3K4me1_frozen__bert-base-uncased__20260518T063955Z,0,1,0.4667486250400543,0.5332513451576233
gue_emp_H3K4me1_frozen__bert-base-uncased__20260518T063955Z,1,1,0.4684400260448456,0.531559944152832
gue_emp_H3K4me1_frozen__bert-base-uncased__20260518T063955Z,1,1,0.4637139141559601,0.5362861156463623
gue_emp_H3K4me1_frozen__bert-base-uncased__20260518T063955Z,0,1,0.47268298268318176,0.5273170471191406
gue_emp_H3K4me1_frozen__bert-base-uncased__20260518T063955Z,1,1,0.4721522331237793,0.5278477668762207
gue_emp_H3K4me1_frozen__bert-base-uncased__20260518T063955Z,0,1,0.4750988781452179,0.5249010920524597
gue_emp_H3K4me1_frozen__bert-base-uncased__20260518T063955Z,0,1,0.4655046761035919,0.5344953536987305
gue_emp_H3K4me1_frozen__bert-base-uncased__20260518T063955Z,0,1,0.47074276208877563,0.5292571783065796
gue_emp_H3K4me1_frozen__bert-base-uncased__20260518T063955Z,1,1,0.4587348401546478,0.5412651896476746
gue_emp_H3K4me1_frozen__bert-base-uncased__20260518T063955Z,1,1,0.4697607457637787,0.5302392840385437
gue_emp_H3K4me1_frozen__bert-base-uncased__20260518T063955Z,1,1,0.47023671865463257,0.5297632813453674
gue_emp_H3K4me1_frozen__bert-base-uncased__20260518T063955Z,1,1,0.4725833237171173,0.5274166464805603
gue_emp_H3K4me1_frozen__bert-base-uncased__20260518T063955Z,0,1,0.4658357501029968,0.5341642498970032
gue_emp_H3K4me1_frozen__bert-base-uncased__20260518T063955Z,0,1,0.46535781025886536,0.5346421599388123
gue_emp_H3K4me1_frozen__bert-base-uncased__20260518T063955Z,0,1,0.4690282344818115,0.5309717655181885
gue_emp_H3K4me1_frozen__bert-base-uncased__20260518T063955Z,0,1,0.4757553040981293,0.5242446660995483
gue_emp_H3K4me1_frozen__bert-base-uncased__20260518T063955Z,1,1,0.4715031385421753,0.5284968018531799
gue_emp_H3K4me1_frozen__bert-base-uncased__20260518T063955Z,1,1,0.47766992449760437,0.522330105304718
gue_emp_H3K4me1_frozen__bert-base-uncased__20260518T063955Z,1,1,0.47403308749198914,0.5259668827056885
gue_emp_H3K4me1_frozen__bert-base-uncased__20260518T063955Z,1,1,0.47289639711380005,0.5271036028862
gue_emp_H3K4me1_frozen__bert-base-uncased__20260518T063955Z,1,1,0.46933817863464355,0.5306618213653564
gue_emp_H3K4me1_frozen__bert-base-uncased__20260518T063955Z,0,1,0.4743872880935669,0.5256127119064331
gue_emp_H3K4me1_frozen__bert-base-uncased__20260518T063955Z,0,1,0.4728017747402191,0.5271981954574585
gue_emp_H3K4me1_frozen__bert-base-uncased__20260518T063955Z,1,1,0.4663587808609009,0.5336412191390991
gue_emp_H3K4me1_frozen__bert-base-uncased__20260518T063955Z,0,1,0.4749844968318939,0.5250155329704285
gue_emp_H3K4me1_frozen__bert-base-uncased__20260518T063955Z,1,1,0.47223806381225586,0.5277619361877441
gue_emp_H3K4me1_frozen__bert-base-uncased__20260518T063955Z,1,1,0.47656768560409546,0.5234323143959045
gue_emp_H3K4me1_frozen__bert-base-uncased__20260518T063955Z,1,1,0.469659686088562,0.530340313911438
gue_emp_H3K4me1_frozen__bert-base-uncased__20260518T063955Z,1,1,0.46544572710990906,0.5345543026924133
gue_emp_H3K4me1_frozen__bert-base-uncased__20260518T063955Z,0,1,0.4694697856903076,0.5305302143096924
gue_emp_H3K4me1_frozen__bert-base-uncased__20260518T063955Z,0,1,0.4682290256023407,0.5317710041999817
gue_emp_H3K4me1_frozen__bert-base-uncased__20260518T063955Z,0,1,0.4663867950439453,0.5336132049560547
gue_emp_H3K4me1_frozen__bert-base-uncased__20260518T063955Z,1,1,0.46800848841667175,0.5319914817810059
gue_emp_H3K4me1_frozen__bert-base-uncased__20260518T063955Z,0,1,0.46247604489326477,0.5375239849090576
gue_emp_H3K4me1_frozen__bert-base-uncased__20260518T063955Z,0,1,0.46247225999832153,0.5375277400016785
gue_emp_H3K4me1_frozen__bert-base-uncased__20260518T063955Z,1,1,0.4707905948162079,0.5292094349861145
gue_emp_H3K4me1_frozen__bert-base-uncased__20260518T063955Z,1,1,0.4711637794971466,0.528836190700531
gue_emp_H3K4me1_frozen__bert-base-uncased__20260518T063955Z,0,1,0.4694089889526367,0.5305910110473633
gue_emp_H3K4me1_frozen__bert-base-uncased__20260518T063955Z,0,1,0.4719202220439911,0.5280797481536865
gue_emp_H3K4me1_frozen__bert-base-uncased__20260518T063955Z,0,1,0.46349459886550903,0.5365054607391357
gue_emp_H3K4me1_frozen__bert-base-uncased__20260518T063955Z,0,1,0.47213149070739746,0.5278685092926025
gue_emp_H3K4me1_frozen__bert-base-uncased__20260518T063955Z,1,1,0.47345060110092163,0.5265493988990784
gue_emp_H3K4me1_frozen__bert-base-uncased__20260518T063955Z,1,1,0.47253286838531494,0.5274671912193298
gue_emp_H3K4me1_frozen__bert-base-uncased__20260518T063955Z,1,1,0.46033135056495667,0.5396686792373657
gue_emp_H3K4me1_frozen__bert-base-uncased__20260518T063955Z,0,1,0.46894943714141846,0.5310505032539368
gue_emp_H3K4me1_frozen__bert-base-uncased__20260518T063955Z,1,1,0.46942541003227234,0.5305745601654053
gue_emp_H3K4me1_frozen__bert-base-uncased__20260518T063955Z,0,1,0.4753642976284027,0.5246356725692749
gue_emp_H3K4me1_frozen__bert-base-uncased__20260518T063955Z,0,1,0.46236133575439453,0.5376386642456055
gue_emp_H3K4me1_frozen__bert-base-uncased__20260518T063955Z,1,1,0.47016453742980957,0.5298354625701904
gue_emp_H3K4me1_frozen__bert-base-uncased__20260518T063955Z,1,1,0.4686179757118225,0.5313820242881775
gue_emp_H3K4me1_frozen__bert-base-uncased__20260518T063955Z,1,1,0.4730086326599121,0.5269913077354431
gue_emp_H3K4me1_frozen__bert-base-uncased__20260518T063955Z,1,1,0.47016552090644836,0.5298344492912292
gue_emp_H3K4me1_frozen__bert-base-uncased__20260518T063955Z,0,1,0.4676770269870758,0.5323230028152466
gue_emp_H3K4me1_frozen__bert-base-uncased__20260518T063955Z,0,1,0.47185075283050537,0.5281492471694946
gue_emp_H3K4me1_frozen__bert-base-uncased__20260518T063955Z,1,1,0.46989884972572327,0.5301011800765991
gue_emp_H3K4me1_frozen__bert-base-uncased__20260518T063955Z,1,1,0.47008517384529114,0.5299148559570312
gue_emp_H3K4me1_frozen__bert-base-uncased__20260518T063955Z,1,1,0.4693900942802429,0.5306099057197571
gue_emp_H3K4me1_frozen__bert-base-uncased__20260518T063955Z,0,1,0.4691074788570404,0.5308924913406372
gue_emp_H3K4me1_frozen__bert-base-uncased__20260518T063955Z,1,1,0.47704994678497314,0.5229500532150269
gue_emp_H3K4me1_frozen__bert-base-uncased__20260518T063955Z,0,1,0.47002071142196655,0.5299792289733887
gue_emp_H3K4me1_frozen__bert-base-uncased__20260518T063955Z,0,1,0.475313663482666,0.5246862769126892
gue_emp_H3K4me1_frozen__bert-base-uncased__20260518T063955Z,0,1,0.4684091806411743,0.5315908193588257
gue_emp_H3K4me1_frozen__bert-base-uncased__20260518T063955Z,1,1,0.4723227024078369,0.5276773571968079
gue_emp_H3K4me1_frozen__bert-base-uncased__20260518T063955Z,1,1,0.4599045515060425,0.5400954484939575
gue_emp_H3K4me1_frozen__bert-base-uncased__20260518T063955Z,0,1,0.4682398736476898,0.5317601561546326
gue_emp_H3K4me1_frozen__bert-base-uncased__20260518T063955Z,0,1,0.4694504737854004,0.5305495262145996
gue_emp_H3K4me1_frozen__bert-base-uncased__20260518T063955Z,0,1,0.46520647406578064,0.5347935557365417
gue_emp_H3K4me1_frozen__bert-base-uncased__20260518T063955Z,0,1,0.4737115502357483,0.5262884497642517
gue_emp_H3K4me1_frozen__bert-base-uncased__20260518T063955Z,0,1,0.46787863969802856,0.5321213603019714
gue_emp_H3K4me1_frozen__bert-base-uncased__20260518T063955Z,0,1,0.47001737356185913,0.5299826860427856
gue_emp_H3K4me1_frozen__bert-base-uncased__20260518T063955Z,1,1,0.4729681611061096,0.5270318388938904
gue_emp_H3K4me1_frozen__bert-base-uncased__20260518T063955Z,1,1,0.47033119201660156,0.5296687483787537
gue_emp_H3K4me1_frozen__bert-base-uncased__20260518T063955Z,1,1,0.4701830744743347,0.5298169255256653
gue_emp_H3K4me1_frozen__bert-base-uncased__20260518T063955Z,1,1,0.47887125611305237,0.52112877368927
gue_emp_H3K4me1_frozen__bert-base-uncased__20260518T063955Z,1,1,0.47245296835899353,0.5275470018386841
gue_emp_H3K4me1_frozen__bert-base-uncased__20260518T063955Z,1,1,0.4689474403858185,0.5310525298118591
gue_emp_H3K4me1_frozen__bert-base-uncased__20260518T063955Z,0,1,0.4694502353668213,0.5305497646331787
gue_emp_H3K4me1_frozen__bert-base-uncased__20260518T063955Z,0,1,0.47008147835731506,0.5299184918403625
gue_emp_H3K4me1_frozen__bert-base-uncased__20260518T063955Z,0,1,0.4629366993904114,0.5370632410049438
gue_emp_H3K4me1_frozen__bert-base-uncased__20260518T063955Z,0,1,0.4712735712528229,0.5287263989448547
gue_emp_H3K4me1_frozen__bert-base-uncased__20260518T063955Z,1,1,0.4661814272403717,0.5338186025619507
gue_emp_H3K4me1_frozen__bert-base-uncased__20260518T063955Z,1,1,0.47869810461997986,0.5213018655776978
gue_emp_H3K4me1_frozen__bert-base-uncased__20260518T063955Z,0,1,0.4686347246170044,0.5313652753829956
gue_emp_H3K4me1_frozen__bert-base-uncased__20260518T063955Z,1,1,0.47404855489730835,0.5259514451026917
gue_emp_H3K4me1_frozen__bert-base-uncased__20260518T063955Z,0,1,0.4612421691417694,0.5387578010559082
gue_emp_H3K4me1_frozen__bert-base-uncased__20260518T063955Z,0,1,0.4673686921596527,0.5326313376426697
gue_emp_H3K4me1_frozen__bert-base-uncased__20260518T063955Z,1,1,0.467462420463562,0.532537579536438
gue_emp_H3K4me1_frozen__bert-base-uncased__20260518T063955Z,0,1,0.46555858850479126,0.5344414114952087
gue_emp_H3K4me1_frozen__bert-base-uncased__20260518T063955Z,0,1,0.46902406215667725,0.5309759378433228
gue_emp_H3K4me1_frozen__bert-base-uncased__20260518T063955Z,1,1,0.4701950252056122,0.5298050045967102
gue_emp_H3K4me1_frozen__bert-base-uncased__20260518T063955Z,0,1,0.4646511375904083,0.5353488922119141
gue_emp_H3K4me1_frozen__bert-base-uncased__20260518T063955Z,1,1,0.4636898934841156,0.5363101363182068
gue_emp_H3K4me1_frozen__bert-base-uncased__20260518T063955Z,0,1,0.46840474009513855,0.5315952301025391
gue_emp_H3K4me1_frozen__bert-base-uncased__20260518T063955Z,0,1,0.46879783272743225,0.5312021374702454
gue_emp_H3K4me1_frozen__bert-base-uncased__20260518T063955Z,1,1,0.47072455286979675,0.5292754173278809
gue_emp_H3K4me1_frozen__bert-base-uncased__20260518T063955Z,1,1,0.46771103143692017,0.5322889685630798
gue_emp_H3K4me1_frozen__bert-base-uncased__20260518T063955Z,1,1,0.47257325053215027,0.5274267792701721
gue_emp_H3K4me1_frozen__bert-base-uncased__20260518T063955Z,1,1,0.4708322584629059,0.5291677713394165
gue_emp_H3K4me1_frozen__bert-base-uncased__20260518T063955Z,0,1,0.47460582852363586,0.5253941416740417
gue_emp_H3K4me1_frozen__bert-base-uncased__20260518T063955Z,0,1,0.4709900915622711,0.5290099382400513
gue_emp_H3K4me1_frozen__bert-base-uncased__20260518T063955Z,1,1,0.4643232822418213,0.5356767773628235
gue_emp_H3K4me1_frozen__bert-base-uncased__20260518T063955Z,0,1,0.4692372679710388,0.5307627320289612
gue_emp_H3K4me1_frozen__bert-base-uncased__20260518T063955Z,1,1,0.4764872193336487,0.5235127806663513
gue_emp_H3K4me1_frozen__bert-base-uncased__20260518T063955Z,0,1,0.4667785167694092,0.5332214832305908
gue_emp_H3K4me1_frozen__bert-base-uncased__20260518T063955Z,0,1,0.4701285660266876,0.5298714637756348
gue_emp_H3K4me1_frozen__bert-base-uncased__20260518T063955Z,1,1,0.476364403963089,0.5236355662345886
gue_emp_H3K4me1_frozen__bert-base-uncased__20260518T063955Z,1,1,0.47124549746513367,0.528754472732544
gue_emp_H3K4me1_frozen__bert-base-uncased__20260518T063955Z,1,1,0.46811795234680176,0.5318819880485535
gue_emp_H3K4me1_frozen__bert-base-uncased__20260518T063955Z,1,1,0.46457457542419434,0.5354254245758057
gue_emp_H3K4me1_frozen__bert-base-uncased__20260518T063955Z,0,1,0.46914923191070557,0.5308507680892944
gue_emp_H3K4me1_frozen__bert-base-uncased__20260518T063955Z,0,1,0.4733884930610657,0.5266114473342896
gue_emp_H3K4me1_frozen__bert-base-uncased__20260518T063955Z,0,1,0.47275233268737793,0.5272476673126221
gue_emp_H3K4me1_frozen__bert-base-uncased__20260518T063955Z,1,1,0.47176092863082886,0.5282390713691711
gue_emp_H3K4me1_frozen__bert-base-uncased__20260518T063955Z,1,1,0.4593620300292969,0.5406379699707031
gue_emp_H3K4me1_frozen__bert-base-uncased__20260518T063955Z,1,1,0.4736384451389313,0.5263615846633911
gue_emp_H3K4me1_frozen__bert-base-uncased__20260518T063955Z,0,1,0.4671231210231781,0.5328768491744995
gue_emp_H3K4me1_frozen__bert-base-uncased__20260518T063955Z,0,1,0.460180401802063,0.539819598197937
gue_emp_H3K4me1_frozen__bert-base-uncased__20260518T063955Z,0,1,0.47226858139038086,0.5277314186096191
gue_emp_H3K4me1_frozen__bert-base-uncased__20260518T063955Z,0,1,0.4688776135444641,0.5311224460601807
gue_emp_H3K4me1_frozen__bert-base-uncased__20260518T063955Z,0,1,0.4741669297218323,0.5258330702781677
gue_emp_H3K4me1_frozen__bert-base-uncased__20260518T063955Z,1,1,0.46304672956466675,0.5369532704353333
gue_emp_H3K4me1_frozen__bert-base-uncased__20260518T063955Z,0,1,0.46429672837257385,0.5357032418251038
gue_emp_H3K4me1_frozen__bert-base-uncased__20260518T063955Z,0,1,0.4737929701805115,0.5262070298194885
gue_emp_H3K4me1_frozen__bert-base-uncased__20260518T063955Z,1,1,0.4718632400035858,0.5281367897987366
gue_emp_H3K4me1_frozen__bert-base-uncased__20260518T063955Z,0,1,0.46005579829216003,0.5399442315101624
gue_emp_H3K4me1_frozen__bert-base-uncased__20260518T063955Z,0,1,0.47285133600234985,0.5271487236022949
gue_emp_H3K4me1_frozen__bert-base-uncased__20260518T063955Z,1,1,0.47622978687286377,0.5237702131271362
gue_emp_H3K4me1_frozen__bert-base-uncased__20260518T063955Z,1,1,0.46905362606048584,0.5309463143348694
gue_emp_H3K4me1_frozen__bert-base-uncased__20260518T063955Z,0,1,0.4671068787574768,0.5328931212425232
gue_emp_H3K4me1_frozen__bert-base-uncased__20260518T063955Z,0,1,0.47010087966918945,0.5298991203308105
gue_emp_H3K4me1_frozen__bert-base-uncased__20260518T063955Z,1,1,0.46792274713516235,0.5320771932601929
gue_emp_H3K4me1_frozen__bert-base-uncased__20260518T063955Z,0,1,0.47196900844573975,0.5280309915542603
gue_emp_H3K4me1_frozen__bert-base-uncased__20260518T063955Z,1,1,0.47405096888542175,0.5259490013122559
gue_emp_H3K4me1_frozen__bert-base-uncased__20260518T063955Z,0,1,0.47231993079185486,0.5276800394058228
gue_emp_H3K4me1_frozen__bert-base-uncased__20260518T063955Z,1,1,0.4755936563014984,0.524406373500824
gue_emp_H3K4me1_frozen__bert-base-uncased__20260518T063955Z,0,1,0.4698478579521179,0.5301521420478821
gue_emp_H3K4me1_frozen__bert-base-uncased__20260518T063955Z,1,1,0.46681761741638184,0.5331823229789734
gue_emp_H3K4me1_frozen__bert-base-uncased__20260518T063955Z,1,1,0.47583743929862976,0.5241625905036926
gue_emp_H3K4me1_frozen__bert-base-uncased__20260518T063955Z,0,1,0.46960774064064026,0.5303922295570374
gue_emp_H3K4me1_frozen__bert-base-uncased__20260518T063955Z,0,1,0.47090548276901245,0.5290945172309875
gue_emp_H3K4me1_frozen__bert-base-uncased__20260518T063955Z,1,1,0.47032463550567627,0.529675304889679
gue_emp_H3K4me1_frozen__bert-base-uncased__20260518T063955Z,1,1,0.47091689705848694,0.5290831327438354
gue_emp_H3K4me1_frozen__bert-base-uncased__20260518T063955Z,0,1,0.4692184329032898,0.5307815670967102
gue_emp_H3K4me1_frozen__bert-base-uncased__20260518T063955Z,0,1,0.4742971658706665,0.5257027745246887
gue_emp_H3K4me1_frozen__bert-base-uncased__20260518T063955Z,0,1,0.4723847508430481,0.5276152491569519
gue_emp_H3K4me1_frozen__bert-base-uncased__20260518T063955Z,1,1,0.4774194359779358,0.522580623626709
gue_emp_H3K4me1_frozen__bert-base-uncased__20260518T063955Z,1,1,0.46968740224838257,0.5303125977516174
gue_emp_H3K4me1_frozen__bert-base-uncased__20260518T063955Z,1,1,0.476018488407135,0.523981511592865
gue_emp_H3K4me1_frozen__bert-base-uncased__20260518T063955Z,1,1,0.4754616916179657,0.5245382785797119
gue_emp_H3K4me1_frozen__bert-base-uncased__20260518T063955Z,1,1,0.4696759581565857,0.5303240418434143
gue_emp_H3K4me1_frozen__bert-base-uncased__20260518T063955Z,1,1,0.47309622168540955,0.5269038081169128
gue_emp_H3K4me1_frozen__bert-base-uncased__20260518T063955Z,0,1,0.4729401171207428,0.5270598530769348
gue_emp_H3K4me1_frozen__bert-base-uncased__20260518T063955Z,0,1,0.4657153785228729,0.5342845916748047
gue_emp_H3K4me1_frozen__bert-base-uncased__20260518T063955Z,1,1,0.47391849756240845,0.5260815024375916
gue_emp_H3K4me1_frozen__bert-base-uncased__20260518T063955Z,1,1,0.4771381914615631,0.5228617787361145
gue_emp_H3K4me1_frozen__bert-base-uncased__20260518T063955Z,0,1,0.47073087096214294,0.5292690992355347
gue_emp_H3K4me1_frozen__bert-base-uncased__20260518T063955Z,0,1,0.4715437889099121,0.5284562110900879
gue_emp_H3K4me1_frozen__bert-base-uncased__20260518T063955Z,1,1,0.4719667434692383,0.5280332565307617
gue_emp_H3K4me1_frozen__bert-base-uncased__20260518T063955Z,1,1,0.46539735794067383,0.5346026420593262
gue_emp_H3K4me1_frozen__bert-base-uncased__20260518T063955Z,0,1,0.4719747304916382,0.5280252695083618
gue_emp_H3K4me1_frozen__bert-base-uncased__20260518T063955Z,1,1,0.4709224998950958,0.5290775299072266
gue_emp_H3K4me1_frozen__bert-base-uncased__20260518T063955Z,0,1,0.4718973934650421,0.5281026363372803
gue_emp_H3K4me1_frozen__bert-base-uncased__20260518T063955Z,1,1,0.4719015955924988,0.5280984044075012
gue_emp_H3K4me1_frozen__bert-base-uncased__20260518T063955Z,1,1,0.46955302357673645,0.5304470062255859
gue_emp_H3K4me1_frozen__bert-base-uncased__20260518T063955Z,1,1,0.47054213285446167,0.5294578671455383
gue_emp_H3K4me1_frozen__bert-base-uncased__20260518T063955Z,0,1,0.4702843725681305,0.5297155976295471
gue_emp_H3K4me1_frozen__bert-base-uncased__20260518T063955Z,1,1,0.46954354643821716,0.5304564237594604
gue_emp_H3K4me1_frozen__bert-base-uncased__20260518T063955Z,0,1,0.4741141200065613,0.525885820388794
gue_emp_H3K4me1_frozen__bert-base-uncased__20260518T063955Z,1,1,0.4637815058231354,0.536218523979187
gue_emp_H3K4me1_frozen__bert-base-uncased__20260518T063955Z,1,1,0.4683181345462799,0.5316818356513977
gue_emp_H3K4me1_frozen__bert-base-uncased__20260518T063955Z,1,1,0.46391576528549194,0.5360841751098633
gue_emp_H3K4me1_frozen__bert-base-uncased__20260518T063955Z,1,1,0.4744984209537506,0.5255016088485718
gue_emp_H3K4me1_frozen__bert-base-uncased__20260518T063955Z,0,1,0.46958258748054504,0.5304173827171326
gue_emp_H3K4me1_frozen__bert-base-uncased__20260518T063955Z,0,1,0.4721580147743225,0.5278419852256775
gue_emp_H3K4me1_frozen__bert-base-uncased__20260518T063955Z,1,1,0.4742368757724762,0.5257631540298462
gue_emp_H3K4me1_frozen__bert-base-uncased__20260518T063955Z,0,1,0.4715813994407654,0.5284186005592346
gue_emp_H3K4me1_frozen__bert-base-uncased__20260518T063955Z,0,1,0.4684739112854004,0.5315260887145996
gue_emp_H3K4me1_frozen__bert-base-uncased__20260518T063955Z,0,1,0.4727005660533905,0.5272994041442871
gue_emp_H3K4me1_frozen__bert-base-uncased__20260518T063955Z,0,1,0.46860772371292114,0.5313922762870789
gue_emp_H3K4me1_frozen__bert-base-uncased__20260518T063955Z,1,1,0.4797549843788147,0.5202450156211853
gue_emp_H3K4me1_frozen__bert-base-uncased__20260518T063955Z,1,1,0.47029539942741394,0.5297045707702637
gue_emp_H3K4me1_frozen__bert-base-uncased__20260518T063955Z,0,1,0.47342610359191895,0.526573896408081
gue_emp_H3K4me1_frozen__bert-base-uncased__20260518T063955Z,0,1,0.4731581211090088,0.5268418788909912
gue_emp_H3K4me1_frozen__bert-base-uncased__20260518T063955Z,0,1,0.4767807722091675,0.5232192277908325
gue_emp_H3K4me1_frozen__bert-base-uncased__20260518T063955Z,1,1,0.46744805574417114,0.5325519442558289
gue_emp_H3K4me1_frozen__bert-base-uncased__20260518T063955Z,0,1,0.4644368290901184,0.5355631709098816
gue_emp_H3K4me1_frozen__bert-base-uncased__20260518T063955Z,1,1,0.471235990524292,0.528764009475708
gue_emp_H3K4me1_frozen__bert-base-uncased__20260518T063955Z,1,1,0.47523653507232666,0.5247635245323181
gue_emp_H3K4me1_frozen__bert-base-uncased__20260518T063955Z,0,1,0.46269845962524414,0.5373015403747559
gue_emp_H3K4me1_frozen__bert-base-uncased__20260518T063955Z,0,1,0.4631231427192688,0.5368768572807312
gue_emp_H3K4me1_frozen__bert-base-uncased__20260518T063955Z,1,1,0.46901652216911316,0.5309835076332092
gue_emp_H3K4me1_frozen__bert-base-uncased__20260518T063955Z,0,1,0.46766403317451477,0.5323359370231628
gue_emp_H3K4me1_frozen__bert-base-uncased__20260518T063955Z,0,1,0.46864768862724304,0.5313523411750793
gue_emp_H3K4me1_frozen__bert-base-uncased__20260518T063955Z,1,1,0.4747607707977295,0.5252392292022705
gue_emp_H3K4me1_frozen__bert-base-uncased__20260518T063955Z,1,1,0.46843820810317993,0.5315617322921753
gue_emp_H3K4me1_frozen__bert-base-uncased__20260518T063955Z,1,1,0.47320523858070374,0.5267947316169739
gue_emp_H3K4me1_frozen__bert-base-uncased__20260518T063955Z,1,1,0.4715506136417389,0.5284494161605835
gue_emp_H3K4me1_frozen__bert-base-uncased__20260518T063955Z,0,1,0.4711150527000427,0.5288849472999573
gue_emp_H3K4me1_frozen__bert-base-uncased__20260518T063955Z,0,1,0.467892587184906,0.532107412815094
gue_emp_H3K4me1_frozen__bert-base-uncased__20260518T063955Z,1,1,0.47336071729660034,0.5266392230987549
gue_emp_H3K4me1_frozen__bert-base-uncased__20260518T063955Z,1,1,0.4688255488872528,0.5311744213104248
gue_emp_H3K4me1_frozen__bert-base-uncased__20260518T063955Z,0,1,0.4628322422504425,0.5371677279472351
gue_emp_H3K4me1_frozen__bert-base-uncased__20260518T063955Z,0,1,0.46630534529685974,0.5336946845054626
gue_emp_H3K4me1_frozen__bert-base-uncased__20260518T063955Z,0,1,0.4717177450656891,0.5282822847366333
gue_emp_H3K4me1_frozen__bert-base-uncased__20260518T063955Z,0,1,0.47473371028900146,0.5252662897109985
gue_emp_H3K4me1_frozen__bert-base-uncased__20260518T063955Z,1,1,0.46938371658325195,0.530616283416748
gue_emp_H3K4me1_frozen__bert-base-uncased__20260518T063955Z,1,1,0.4701157808303833,0.5298842191696167
gue_emp_H3K4me1_frozen__bert-base-uncased__20260518T063955Z,0,1,0.4699450135231018,0.5300549864768982
gue_emp_H3K4me1_frozen__bert-base-uncased__20260518T063955Z,1,1,0.4724982976913452,0.52750164270401
gue_emp_H3K4me1_frozen__bert-base-uncased__20260518T063955Z,1,1,0.47678253054618835,0.5232174396514893
gue_emp_H3K4me1_frozen__bert-base-uncased__20260518T063955Z,0,1,0.46473366022109985,0.5352663397789001
gue_emp_H3K4me1_frozen__bert-base-uncased__20260518T063955Z,1,1,0.47160276770591736,0.5283972024917603
gue_emp_H3K4me1_frozen__bert-base-uncased__20260518T063955Z,0,1,0.46983054280281067,0.5301694273948669
gue_emp_H3K4me1_frozen__bert-base-uncased__20260518T063955Z,0,1,0.47115030884742737,0.528849720954895
gue_emp_H3K4me1_frozen__bert-base-uncased__20260518T063955Z,1,1,0.47192367911338806,0.5280763506889343
gue_emp_H3K4me1_frozen__bert-base-uncased__20260518T063955Z,0,1,0.4669996201992035,0.5330003499984741
gue_emp_H3K4me1_frozen__bert-base-uncased__20260518T063955Z,0,1,0.4708101451396942,0.5291898846626282
gue_emp_H3K4me1_frozen__bert-base-uncased__20260518T063955Z,0,1,0.4690648317337036,0.5309351682662964
gue_emp_H3K4me1_frozen__bert-base-uncased__20260518T063955Z,0,1,0.46869298815727234,0.5313069820404053
gue_emp_H3K4me1_frozen__bert-base-uncased__20260518T063955Z,1,1,0.47983381152153015,0.5201662182807922
gue_emp_H3K4me1_frozen__bert-base-uncased__20260518T063955Z,0,1,0.46793442964553833,0.5320655107498169
gue_emp_H3K4me1_frozen__bert-base-uncased__20260518T063955Z,0,1,0.46823906898498535,0.5317609906196594
gue_emp_H3K4me1_frozen__bert-base-uncased__20260518T063955Z,0,1,0.4703333377838135,0.5296666026115417
gue_emp_H3K4me1_frozen__bert-base-uncased__20260518T063955Z,1,1,0.47735679149627686,0.5226431488990784
gue_emp_H3K4me1_frozen__bert-base-uncased__20260518T063955Z,0,1,0.4716399610042572,0.5283600687980652
gue_emp_H3K4me1_frozen__bert-base-uncased__20260518T063955Z,1,1,0.46333402395248413,0.5366659164428711
gue_emp_H3K4me1_frozen__bert-base-uncased__20260518T063955Z,0,1,0.4657999575138092,0.5342000722885132
gue_emp_H3K4me1_frozen__bert-base-uncased__20260518T063955Z,1,1,0.47382989525794983,0.5261701345443726
gue_emp_H3K4me1_frozen__bert-base-uncased__20260518T063955Z,1,1,0.4681938886642456,0.5318061113357544
gue_emp_H3K4me1_frozen__bert-base-uncased__20260518T063955Z,1,1,0.4731315076351166,0.526868462562561
gue_emp_H3K4me1_frozen__bert-base-uncased__20260518T063955Z,1,1,0.46788886189460754,0.5321111083030701
gue_emp_H3K4me1_frozen__bert-base-uncased__20260518T063955Z,0,1,0.4662313461303711,0.5337686538696289
gue_emp_H3K4me1_frozen__bert-base-uncased__20260518T063955Z,0,1,0.46882978081703186,0.5311701893806458
gue_emp_H3K4me1_frozen__bert-base-uncased__20260518T063955Z,1,1,0.47234418988227844,0.527655839920044
gue_emp_H3K4me1_frozen__bert-base-uncased__20260518T063955Z,1,1,0.46702060103416443,0.5329793691635132
gue_emp_H3K4me1_frozen__bert-base-uncased__20260518T063955Z,1,1,0.46746769547462463,0.532532274723053
gue_emp_H3K4me1_frozen__bert-base-uncased__20260518T063955Z,0,1,0.46662718057632446,0.5333728194236755
gue_emp_H3K4me1_frozen__bert-base-uncased__20260518T063955Z,0,1,0.4723540246486664,0.5276459455490112
gue_emp_H3K4me1_frozen__bert-base-uncased__20260518T063955Z,0,1,0.4713641405105591,0.5286359190940857
gue_emp_H3K4me1_frozen__bert-base-uncased__20260518T063955Z,0,1,0.4780866503715515,0.5219133496284485
gue_emp_H3K4me1_frozen__bert-base-uncased__20260518T063955Z,0,1,0.4689484238624573,0.5310515761375427
gue_emp_H3K4me1_frozen__bert-base-uncased__20260518T063955Z,0,1,0.46977195143699646,0.5302280187606812
gue_emp_H3K4me1_frozen__bert-base-uncased__20260518T063955Z,1,1,0.468087375164032,0.531912624835968
gue_emp_H3K4me1_frozen__bert-base-uncased__20260518T063955Z,0,1,0.4655117988586426,0.5344882607460022
gue_emp_H3K4me1_frozen__bert-base-uncased__20260518T063955Z,1,1,0.47330543398857117,0.5266945362091064
gue_emp_H3K4me1_frozen__bert-base-uncased__20260518T063955Z,0,1,0.46504706144332886,0.5349529385566711
gue_emp_H3K4me1_frozen__bert-base-uncased__20260518T063955Z,1,1,0.47305524349212646,0.5269448161125183
gue_emp_H3K4me1_frozen__bert-base-uncased__20260518T063955Z,1,1,0.46976977586746216,0.5302302241325378
gue_emp_H3K4me1_frozen__bert-base-uncased__20260518T063955Z,0,1,0.47394105792045593,0.5260589718818665
gue_emp_H3K4me1_frozen__bert-base-uncased__20260518T063955Z,1,1,0.46985265612602234,0.5301473140716553
gue_emp_H3K4me1_frozen__bert-base-uncased__20260518T063955Z,0,1,0.47284838557243347,0.5271516442298889
gue_emp_H3K4me1_frozen__bert-base-uncased__20260518T063955Z,0,1,0.4705125093460083,0.5294874906539917
gue_emp_H3K4me1_frozen__bert-base-uncased__20260518T063955Z,0,1,0.46747416257858276,0.5325258374214172
gue_emp_H3K4me1_frozen__bert-base-uncased__20260518T063955Z,0,1,0.4688486158847809,0.5311513543128967
gue_emp_H3K4me1_frozen__bert-base-uncased__20260518T063955Z,1,1,0.47284477949142456,0.5271552205085754
gue_emp_H3K4me1_frozen__bert-base-uncased__20260518T063955Z,1,1,0.47182711958885193,0.5281729102134705
gue_emp_H3K4me1_frozen__bert-base-uncased__20260518T063955Z,1,1,0.47441011667251587,0.5255898833274841
gue_emp_H3K4me1_frozen__bert-base-uncased__20260518T063955Z,0,1,0.4737623929977417,0.5262376666069031
gue_emp_H3K4me1_frozen__bert-base-uncased__20260518T063955Z,1,1,0.47297006845474243,0.5270299315452576
gue_emp_H3K4me1_frozen__bert-base-uncased__20260518T063955Z,0,1,0.47223803400993347,0.5277619957923889
gue_emp_H3K4me1_frozen__bert-base-uncased__20260518T063955Z,0,1,0.48005688190460205,0.5199431777000427
gue_emp_H3K4me1_frozen__bert-base-uncased__20260518T063955Z,0,1,0.4662712514400482,0.5337287187576294
gue_emp_H3K4me1_frozen__bert-base-uncased__20260518T063955Z,1,1,0.4708282947540283,0.5291716456413269
gue_emp_H3K4me1_frozen__bert-base-uncased__20260518T063955Z,1,1,0.4651862680912018,0.5348137617111206
gue_emp_H3K4me1_frozen__bert-base-uncased__20260518T063955Z,1,1,0.4700629711151123,0.5299370288848877
gue_emp_H3K4me1_frozen__bert-base-uncased__20260518T063955Z,1,1,0.4612421691417694,0.5387578010559082
gue_emp_H3K4me1_frozen__bert-base-uncased__20260518T063955Z,1,1,0.46728968620300293,0.5327102541923523
gue_emp_H3K4me1_frozen__bert-base-uncased__20260518T063955Z,0,1,0.4707487225532532,0.5292512774467468
gue_emp_H3K4me1_frozen__bert-base-uncased__20260518T063955Z,1,1,0.4729854166507721,0.5270145535469055
gue_emp_H3K4me1_frozen__bert-base-uncased__20260518T063955Z,1,1,0.47114071249961853,0.5288592576980591
gue_emp_H3K4me1_frozen__bert-base-uncased__20260518T063955Z,0,1,0.4691513180732727,0.5308486819267273
gue_emp_H3K4me1_frozen__bert-base-uncased__20260518T063955Z,0,1,0.4670785069465637,0.5329214334487915
gue_emp_H3K4me1_frozen__bert-base-uncased__20260518T063955Z,1,1,0.4652007520198822,0.5347992181777954
gue_emp_H3K4me1_frozen__bert-base-uncased__20260518T063955Z,0,1,0.46521756052970886,0.5347824096679688
gue_emp_H3K4me1_frozen__bert-base-uncased__20260518T063955Z,1,1,0.46070215106010437,0.539297878742218
gue_emp_H3K4me1_frozen__bert-base-uncased__20260518T063955Z,0,1,0.46335259079933167,0.536647379398346
gue_emp_H3K4me1_frozen__bert-base-uncased__20260518T063955Z,0,1,0.47361835837364197,0.5263816714286804
gue_emp_H3K4me1_frozen__bert-base-uncased__20260518T063955Z,1,1,0.4737814664840698,0.526218593120575
gue_emp_H3K4me1_frozen__bert-base-uncased__20260518T063955Z,1,1,0.4741658568382263,0.5258341431617737
gue_emp_H3K4me1_frozen__bert-base-uncased__20260518T063955Z,1,1,0.47219526767730713,0.5278046727180481
gue_emp_H3K4me1_frozen__bert-base-uncased__20260518T063955Z,1,1,0.4699189066886902,0.5300811529159546
gue_emp_H3K4me1_frozen__bert-base-uncased__20260518T063955Z,1,1,0.466018408536911,0.5339815616607666
gue_emp_H3K4me1_frozen__bert-base-uncased__20260518T063955Z,0,1,0.46846914291381836,0.5315308570861816
gue_emp_H3K4me1_frozen__bert-base-uncased__20260518T063955Z,1,1,0.4757772982120514,0.5242226719856262
gue_emp_H3K4me1_frozen__bert-base-uncased__20260518T063955Z,0,1,0.4698173403739929,0.5301826596260071
gue_emp_H3K4me1_frozen__bert-base-uncased__20260518T063955Z,1,1,0.4657459855079651,0.5342539548873901
gue_emp_H3K4me1_frozen__bert-base-uncased__20260518T063955Z,0,1,0.47110962867736816,0.5288904309272766
gue_emp_H3K4me1_frozen__bert-base-uncased__20260518T063955Z,1,1,0.4727441072463989,0.5272558331489563
gue_emp_H3K4me1_frozen__bert-base-uncased__20260518T063955Z,0,1,0.4672721028327942,0.5327278971672058
gue_emp_H3K4me1_frozen__bert-base-uncased__20260518T063955Z,1,1,0.4615970551967621,0.5384029150009155
gue_emp_H3K4me1_frozen__bert-base-uncased__20260518T063955Z,1,1,0.4612616300582886,0.5387383699417114
gue_emp_H3K4me1_frozen__bert-base-uncased__20260518T063955Z,1,1,0.4671262800693512,0.5328737497329712
gue_emp_H3K4me1_frozen__bert-base-uncased__20260518T063955Z,1,1,0.4701474606990814,0.529852569103241
gue_emp_H3K4me1_frozen__bert-base-uncased__20260518T063955Z,0,1,0.46979019045829773,0.5302098393440247
gue_emp_H3K4me1_frozen__bert-base-uncased__20260518T063955Z,1,1,0.4680067002773285,0.5319932699203491
gue_emp_H3K4me1_frozen__bert-base-uncased__20260518T063955Z,0,1,0.4664418399333954,0.533558189868927
gue_emp_H3K4me1_frozen__bert-base-uncased__20260518T063955Z,0,1,0.47263550758361816,0.5273644924163818
gue_emp_H3K4me1_frozen__bert-base-uncased__20260518T063955Z,0,1,0.47055068612098694,0.5294493436813354
gue_emp_H3K4me1_frozen__bert-base-uncased__20260518T063955Z,0,1,0.4717481732368469,0.5282518863677979
gue_emp_H3K4me1_frozen__bert-base-uncased__20260518T063955Z,0,1,0.4660685658454895,0.5339314937591553
gue_emp_H3K4me1_frozen__bert-base-uncased__20260518T063955Z,0,1,0.458523690700531,0.541476309299469
gue_emp_H3K4me1_frozen__bert-base-uncased__20260518T063955Z,0,1,0.4681468605995178,0.5318531394004822
gue_emp_H3K4me1_frozen__bert-base-uncased__20260518T063955Z,1,1,0.47608834505081177,0.5239116549491882
gue_emp_H3K4me1_frozen__bert-base-uncased__20260518T063955Z,0,1,0.47082629799842834,0.5291736721992493
gue_emp_H3K4me1_frozen__bert-base-uncased__20260518T063955Z,1,1,0.4746299684047699,0.5253700613975525
gue_emp_H3K4me1_frozen__bert-base-uncased__20260518T063955Z,0,1,0.47270533442497253,0.5272946357727051
gue_emp_H3K4me1_frozen__bert-base-uncased__20260518T063955Z,0,1,0.47198277711868286,0.5280172228813171
gue_emp_H3K4me1_frozen__bert-base-uncased__20260518T063955Z,0,1,0.47127535939216614,0.5287246704101562
gue_emp_H3K4me1_frozen__bert-base-uncased__20260518T063955Z,1,1,0.4712115228176117,0.5287885069847107
gue_emp_H3K4me1_frozen__bert-base-uncased__20260518T063955Z,1,1,0.47396227717399597,0.5260377526283264
gue_emp_H3K4me1_frozen__bert-base-uncased__20260518T063955Z,1,1,0.46546220779418945,0.5345377922058105
gue_emp_H3K4me1_frozen__bert-base-uncased__20260518T063955Z,1,1,0.4636469781398773,0.5363529920578003
gue_emp_H3K4me1_frozen__bert-base-uncased__20260518T063955Z,0,1,0.4666920602321625,0.5333079099655151
gue_emp_H3K4me1_frozen__bert-base-uncased__20260518T063955Z,0,1,0.4718764126300812,0.5281236171722412
gue_emp_H3K4me1_frozen__bert-base-uncased__20260518T063955Z,1,1,0.4711143970489502,0.5288856029510498
gue_emp_H3K4me1_frozen__bert-base-uncased__20260518T063955Z,1,1,0.47218894958496094,0.5278109908103943
gue_emp_H3K4me1_frozen__bert-base-uncased__20260518T063955Z,1,1,0.47270700335502625,0.5272930264472961
gue_emp_H3K4me1_frozen__bert-base-uncased__20260518T063955Z,1,1,0.4745638966560364,0.5254361629486084
gue_emp_H3K4me1_frozen__bert-base-uncased__20260518T063955Z,1,1,0.4712899625301361,0.5287100076675415
gue_emp_H3K4me1_frozen__bert-base-uncased__20260518T063955Z,1,1,0.47342628240585327,0.5265737175941467
gue_emp_H3K4me1_frozen__bert-base-uncased__20260518T063955Z,0,1,0.4692123532295227,0.5307876467704773
gue_emp_H3K4me1_frozen__bert-base-uncased__20260518T063955Z,0,1,0.4720611274242401,0.5279388427734375
gue_emp_H3K4me1_frozen__bert-base-uncased__20260518T063955Z,0,1,0.4679223597049713,0.5320776700973511
gue_emp_H3K4me1_frozen__bert-base-uncased__20260518T063955Z,1,1,0.4708765149116516,0.5291235446929932
gue_emp_H3K4me1_frozen__bert-base-uncased__20260518T063955Z,0,1,0.4711432456970215,0.5288567543029785
gue_emp_H3K4me1_frozen__bert-base-uncased__20260518T063955Z,1,1,0.4722408056259155,0.5277591943740845
gue_emp_H3K4me1_frozen__bert-base-uncased__20260518T063955Z,1,1,0.46856042742729187,0.5314396023750305
gue_emp_H3K4me1_frozen__bert-base-uncased__20260518T063955Z,0,1,0.471171110868454,0.5288288593292236
gue_emp_H3K4me1_frozen__bert-base-uncased__20260518T063955Z,1,1,0.4742712378501892,0.5257287621498108
gue_emp_H3K4me1_frozen__bert-base-uncased__20260518T063955Z,0,1,0.4650266766548157,0.5349732637405396
gue_emp_H3K4me1_frozen__bert-base-uncased__20260518T063955Z,1,1,0.4665899872779846,0.5334100723266602
gue_emp_H3K4me1_frozen__bert-base-uncased__20260518T063955Z,1,1,0.4659404754638672,0.5340595245361328
gue_emp_H3K4me1_frozen__bert-base-uncased__20260518T063955Z,0,1,0.4738198220729828,0.5261801481246948
gue_emp_H3K4me1_frozen__bert-base-uncased__20260518T063955Z,1,1,0.4734584391117096,0.5265415906906128
gue_emp_H3K4me1_frozen__bert-base-uncased__20260518T063955Z,1,1,0.46944311261177063,0.5305569171905518
gue_emp_H3K4me1_frozen__bert-base-uncased__20260518T063955Z,1,1,0.4656701385974884,0.534329891204834
gue_emp_H3K4me1_frozen__bert-base-uncased__20260518T063955Z,0,1,0.4726302921772003,0.5273697376251221
gue_emp_H3K4me1_frozen__bert-base-uncased__20260518T063955Z,0,1,0.471699595451355,0.528300404548645
gue_emp_H3K4me1_frozen__bert-base-uncased__20260518T063955Z,0,1,0.4662720561027527,0.5337278842926025
gue_emp_H3K4me1_frozen__bert-base-uncased__20260518T063955Z,1,1,0.4799681305885315,0.5200318694114685
gue_emp_H3K4me1_frozen__bert-base-uncased__20260518T063955Z,1,1,0.47383350133895874,0.5261664986610413
gue_emp_H3K4me1_frozen__bert-base-uncased__20260518T063955Z,1,1,0.4786757230758667,0.5213242769241333
gue_emp_H3K4me1_frozen__bert-base-uncased__20260518T063955Z,1,1,0.46392932534217834,0.5360706448554993
gue_emp_H3K4me1_frozen__bert-base-uncased__20260518T063955Z,1,1,0.4673699140548706,0.5326300263404846
gue_emp_H3K4me1_frozen__bert-base-uncased__20260518T063955Z,1,1,0.47501176595687866,0.5249882340431213
gue_emp_H3K4me1_frozen__bert-base-uncased__20260518T063955Z,1,1,0.4625093936920166,0.5374906063079834
gue_emp_H3K4me1_frozen__bert-base-uncased__20260518T063955Z,0,1,0.46665480732917786,0.5333452224731445
gue_emp_H3K4me1_frozen__bert-base-uncased__20260518T063955Z,0,1,0.4691562056541443,0.5308437943458557
gue_emp_H3K4me1_frozen__bert-base-uncased__20260518T063955Z,0,1,0.47045454382896423,0.5295454859733582
gue_emp_H3K4me1_frozen__bert-base-uncased__20260518T063955Z,1,1,0.473585844039917,0.5264142155647278
gue_emp_H3K4me1_frozen__bert-base-uncased__20260518T063955Z,0,1,0.4652862548828125,0.5347137451171875
gue_emp_H3K4me1_frozen__bert-base-uncased__20260518T063955Z,0,1,0.47114697098731995,0.5288529992103577
gue_emp_H3K4me1_frozen__bert-base-uncased__20260518T063955Z,1,1,0.4678516089916229,0.5321484208106995
gue_emp_H3K4me1_frozen__bert-base-uncased__20260518T063955Z,1,1,0.46823495626449585,0.5317651033401489
gue_emp_H3K4me1_frozen__bert-base-uncased__20260518T063955Z,0,1,0.46336671710014343,0.5366332530975342
gue_emp_H3K4me1_frozen__bert-base-uncased__20260518T063955Z,0,1,0.4681069552898407,0.5318930149078369
gue_emp_H3K4me1_frozen__bert-base-uncased__20260518T063955Z,1,1,0.46768006682395935,0.5323199033737183
gue_emp_H3K4me1_frozen__bert-base-uncased__20260518T063955Z,1,1,0.4700525104999542,0.5299475193023682
gue_emp_H3K4me1_frozen__bert-base-uncased__20260518T063955Z,0,1,0.47333240509033203,0.526667594909668
gue_emp_H3K4me1_frozen__bert-base-uncased__20260518T063955Z,1,1,0.4734741151332855,0.5265259146690369
gue_emp_H3K4me1_frozen__bert-base-uncased__20260518T063955Z,0,1,0.47197383642196655,0.5280261635780334
gue_emp_H3K4me1_frozen__bert-base-uncased__20260518T063955Z,1,1,0.4765937328338623,0.5234062671661377
gue_emp_H3K4me1_frozen__bert-base-uncased__20260518T063955Z,1,1,0.4682959318161011,0.5317040681838989
gue_emp_H3K4me1_frozen__bert-base-uncased__20260518T063955Z,1,1,0.4734976291656494,0.5265024304389954
gue_emp_H3K4me1_frozen__bert-base-uncased__20260518T063955Z,1,1,0.47180506587028503,0.5281949043273926
gue_emp_H3K4me1_frozen__bert-base-uncased__20260518T063955Z,1,1,0.4717656075954437,0.5282343626022339
gue_emp_H3K4me1_frozen__bert-base-uncased__20260518T063955Z,1,1,0.4693194627761841,0.5306805372238159
gue_emp_H3K4me1_frozen__bert-base-uncased__20260518T063955Z,0,1,0.47521570324897766,0.5247843265533447
gue_emp_H3K4me1_frozen__bert-base-uncased__20260518T063955Z,1,1,0.4728475511074066,0.527152419090271
gue_emp_H3K4me1_frozen__bert-base-uncased__20260518T063955Z,0,1,0.469925194978714,0.5300748348236084
gue_emp_H3K4me1_frozen__bert-base-uncased__20260518T063955Z,1,1,0.4727995693683624,0.52720046043396
gue_emp_H3K4me1_frozen__bert-base-uncased__20260518T063955Z,0,1,0.47321876883506775,0.5267812609672546
gue_emp_H3K4me1_frozen__bert-base-uncased__20260518T063955Z,1,1,0.4691951870918274,0.5308048129081726
gue_emp_H3K4me1_frozen__bert-base-uncased__20260518T063955Z,1,1,0.46279847621917725,0.5372015237808228
gue_emp_H3K4me1_frozen__bert-base-uncased__20260518T063955Z,1,1,0.4667850732803345,0.5332148671150208
gue_emp_H3K4me1_frozen__bert-base-uncased__20260518T063955Z,0,1,0.4638407826423645,0.5361592173576355
gue_emp_H3K4me1_frozen__bert-base-uncased__20260518T063955Z,0,1,0.4700426757335663,0.5299572944641113
gue_emp_H3K4me1_frozen__bert-base-uncased__20260518T063955Z,1,1,0.458185076713562,0.541814923286438
gue_emp_H3K4me1_frozen__bert-base-uncased__20260518T063955Z,1,1,0.4695394039154053,0.5304605960845947
gue_emp_H3K4me1_frozen__bert-base-uncased__20260518T063955Z,0,1,0.4670434892177582,0.5329564809799194
gue_emp_H3K4me1_frozen__bert-base-uncased__20260518T063955Z,0,1,0.4746595025062561,0.5253404974937439
gue_emp_H3K4me1_frozen__bert-base-uncased__20260518T063955Z,1,1,0.4697822034358978,0.5302177667617798
gue_emp_H3K4me1_frozen__bert-base-uncased__20260518T063955Z,0,1,0.46829473972320557,0.5317052602767944
gue_emp_H3K4me1_frozen__bert-base-uncased__20260518T063955Z,0,1,0.4667957127094269,0.5332042574882507
gue_emp_H3K4me1_frozen__bert-base-uncased__20260518T063955Z,0,1,0.47525104880332947,0.5247489809989929
gue_emp_H3K4me1_frozen__bert-base-uncased__20260518T063955Z,0,1,0.4704315960407257,0.5295683741569519
gue_emp_H3K4me1_frozen__bert-base-uncased__20260518T063955Z,0,1,0.4695037603378296,0.5304962396621704
gue_emp_H3K4me1_frozen__bert-base-uncased__20260518T063955Z,1,1,0.4674514830112457,0.5325485467910767
gue_emp_H3K4me1_frozen__bert-base-uncased__20260518T063955Z,0,1,0.4842863380908966,0.515713632106781
gue_emp_H3K4me1_frozen__bert-base-uncased__20260518T063955Z,0,1,0.46787524223327637,0.5321247577667236
gue_emp_H3K4me1_frozen__bert-base-uncased__20260518T063955Z,1,1,0.4701702892780304,0.529829740524292
gue_emp_H3K4me1_frozen__bert-base-uncased__20260518T063955Z,0,1,0.46625882387161255,0.5337411761283875
gue_emp_H3K4me1_frozen__bert-base-uncased__20260518T063955Z,0,1,0.4668838679790497,0.5331161618232727
gue_emp_H3K4me1_frozen__bert-base-uncased__20260518T063955Z,1,1,0.45977166295051575,0.5402283668518066
gue_emp_H3K4me1_frozen__bert-base-uncased__20260518T063955Z,0,1,0.46933430433273315,0.5306656956672668
gue_emp_H3K4me1_frozen__bert-base-uncased__20260518T063955Z,1,1,0.47435998916625977,0.5256400108337402
gue_emp_H3K4me1_frozen__bert-base-uncased__20260518T063955Z,1,1,0.4619719386100769,0.5380280613899231
gue_emp_H3K4me1_frozen__bert-base-uncased__20260518T063955Z,1,1,0.470503568649292,0.5294963717460632
gue_emp_H3K4me1_frozen__bert-base-uncased__20260518T063955Z,0,1,0.46081045269966125,0.5391895771026611
gue_emp_H3K4me1_frozen__bert-base-uncased__20260518T063955Z,1,1,0.4749979078769684,0.5250020623207092
gue_emp_H3K4me1_frozen__bert-base-uncased__20260518T063955Z,0,1,0.47016704082489014,0.5298329591751099
gue_emp_H3K4me1_frozen__bert-base-uncased__20260518T063955Z,1,1,0.47659972310066223,0.5234003067016602
gue_emp_H3K4me1_frozen__bert-base-uncased__20260518T063955Z,1,1,0.4663214385509491,0.5336785912513733
gue_emp_H3K4me1_frozen__bert-base-uncased__20260518T063955Z,1,1,0.46698909997940063,0.5330109000205994
gue_emp_H3K4me1_frozen__bert-base-uncased__20260518T063955Z,1,1,0.4648893177509308,0.5351106524467468
gue_emp_H3K4me1_frozen__bert-base-uncased__20260518T063955Z,1,1,0.4705989360809326,0.5294010639190674
gue_emp_H3K4me1_frozen__bert-base-uncased__20260518T063955Z,0,1,0.4717627465724945,0.5282372832298279
gue_emp_H3K4me1_frozen__bert-base-uncased__20260518T063955Z,1,1,0.47192782163619995,0.5280721783638
gue_emp_H3K4me1_frozen__bert-base-uncased__20260518T063955Z,0,1,0.46941888332366943,0.5305811166763306
gue_emp_H3K4me1_frozen__bert-base-uncased__20260518T063955Z,1,1,0.4732801616191864,0.5267198085784912
gue_emp_H3K4me1_frozen__bert-base-uncased__20260518T063955Z,1,1,0.4705791771411896,0.5294208526611328
gue_emp_H3K4me1_frozen__bert-base-uncased__20260518T063955Z,1,1,0.47659388184547424,0.5234061479568481
gue_emp_H3K4me1_frozen__bert-base-uncased__20260518T063955Z,1,1,0.4732878506183624,0.52671217918396
gue_emp_H3K4me1_frozen__bert-base-uncased__20260518T063955Z,1,1,0.461882621049881,0.5381174087524414
gue_emp_H3K4me1_frozen__bert-base-uncased__20260518T063955Z,1,1,0.4656538963317871,0.5343461036682129
gue_emp_H3K4me1_frozen__bert-base-uncased__20260518T063955Z,0,1,0.46936649084091187,0.5306335091590881
gue_emp_H3K4me1_frozen__bert-base-uncased__20260518T063955Z,0,1,0.4748647212982178,0.5251352190971375
gue_emp_H3K4me1_frozen__bert-base-uncased__20260518T063955Z,1,1,0.4775729179382324,0.5224270820617676
gue_emp_H3K4me1_frozen__bert-base-uncased__20260518T063955Z,0,1,0.4729052782058716,0.5270947217941284
gue_emp_H3K4me1_frozen__bert-base-uncased__20260518T063955Z,0,1,0.4639444351196289,0.5360555648803711
gue_emp_H3K4me1_frozen__bert-base-uncased__20260518T063955Z,1,1,0.47227343916893005,0.5277265310287476
gue_emp_H3K4me1_frozen__bert-base-uncased__20260518T063955Z,0,1,0.4718630313873291,0.5281369686126709
gue_emp_H3K4me1_frozen__bert-base-uncased__20260518T063955Z,0,1,0.4575147032737732,0.5424852967262268
gue_emp_H3K4me1_frozen__bert-base-uncased__20260518T063955Z,1,1,0.4690944254398346,0.530905544757843
gue_emp_H3K4me1_frozen__bert-base-uncased__20260518T063955Z,0,1,0.4676409065723419,0.5323591232299805
gue_emp_H3K4me1_frozen__bert-base-uncased__20260518T063955Z,1,1,0.46553418040275574,0.5344658493995667
gue_emp_H3K4me1_frozen__bert-base-uncased__20260518T063955Z,1,1,0.4641570746898651,0.5358428955078125
gue_emp_H3K4me1_frozen__bert-base-uncased__20260518T063955Z,0,1,0.46697044372558594,0.5330295562744141
gue_emp_H3K4me1_frozen__bert-base-uncased__20260518T063955Z,0,1,0.4692651927471161,0.5307347774505615
gue_emp_H3K4me1_frozen__bert-base-uncased__20260518T063955Z,0,1,0.47093573212623596,0.5290642380714417
gue_emp_H3K4me1_frozen__bert-base-uncased__20260518T063955Z,1,1,0.47133344411849976,0.5286665558815002
gue_emp_H3K4me1_frozen__bert-base-uncased__20260518T063955Z,0,1,0.47635743021965027,0.5236425995826721
gue_emp_H3K4me1_frozen__bert-base-uncased__20260518T063955Z,1,1,0.4665544331073761,0.5334455966949463
gue_emp_H3K4me1_frozen__bert-base-uncased__20260518T063955Z,0,1,0.4761984348297119,0.5238015055656433
gue_emp_H3K4me1_frozen__bert-base-uncased__20260518T063955Z,0,1,0.4684516191482544,0.5315484404563904
gue_emp_H3K4me1_frozen__bert-base-uncased__20260518T063955Z,1,1,0.47042474150657654,0.5295752286911011
gue_emp_H3K4me1_frozen__bert-base-uncased__20260518T063955Z,1,1,0.4603828489780426,0.539617121219635
gue_emp_H3K4me1_frozen__bert-base-uncased__20260518T063955Z,0,1,0.47193431854248047,0.5280656218528748
gue_emp_H3K4me1_frozen__bert-base-uncased__20260518T063955Z,0,1,0.4701804220676422,0.5298196077346802
gue_emp_H3K4me1_frozen__bert-base-uncased__20260518T063955Z,1,1,0.47066453099250793,0.5293354988098145
gue_emp_H3K4me1_frozen__bert-base-uncased__20260518T063955Z,1,1,0.4776258170604706,0.5223742127418518
gue_emp_H3K4me1_frozen__bert-base-uncased__20260518T063955Z,1,1,0.46704837679862976,0.5329516530036926
gue_emp_H3K4me1_frozen__bert-base-uncased__20260518T063955Z,0,1,0.4636247158050537,0.5363752841949463
gue_emp_H3K4me1_frozen__bert-base-uncased__20260518T063955Z,0,1,0.47096484899520874,0.5290351510047913
gue_emp_H3K4me1_frozen__bert-base-uncased__20260518T063955Z,0,1,0.46724703907966614,0.5327529907226562
gue_emp_H3K4me1_frozen__bert-base-uncased__20260518T063955Z,1,1,0.46844911575317383,0.5315508842468262
gue_emp_H3K4me1_frozen__bert-base-uncased__20260518T063955Z,1,1,0.47528958320617676,0.5247104167938232
gue_emp_H3K4me1_frozen__bert-base-uncased__20260518T063955Z,0,1,0.4727218747138977,0.5272781252861023
gue_emp_H3K4me1_frozen__bert-base-uncased__20260518T063955Z,1,1,0.46709591150283813,0.5329040884971619
gue_emp_H3K4me1_frozen__bert-base-uncased__20260518T063955Z,1,1,0.4618707001209259,0.5381292700767517
gue_emp_H3K4me1_frozen__bert-base-uncased__20260518T063955Z,0,1,0.4788399040699005,0.5211601257324219
gue_emp_H3K4me1_frozen__bert-base-uncased__20260518T063955Z,1,1,0.4740975797176361,0.5259023904800415
gue_emp_H3K4me1_frozen__bert-base-uncased__20260518T063955Z,0,1,0.4707145094871521,0.5292854905128479
gue_emp_H3K4me1_frozen__bert-base-uncased__20260518T063955Z,0,1,0.47275203466415405,0.527247965335846
gue_emp_H3K4me1_frozen__bert-base-uncased__20260518T063955Z,1,1,0.4695045053958893,0.5304954648017883
gue_emp_H3K4me1_frozen__bert-base-uncased__20260518T063955Z,1,1,0.4739162027835846,0.526083767414093
gue_emp_H3K4me1_frozen__bert-base-uncased__20260518T063955Z,0,1,0.4684803783893585,0.5315196514129639
gue_emp_H3K4me1_frozen__bert-base-uncased__20260518T063955Z,0,1,0.47069644927978516,0.5293035507202148
gue_emp_H3K4me1_frozen__bert-base-uncased__20260518T063955Z,1,1,0.47422513365745544,0.5257748365402222
gue_emp_H3K4me1_frozen__bert-base-uncased__20260518T063955Z,1,1,0.47118595242500305,0.5288140773773193
gue_emp_H3K4me1_frozen__bert-base-uncased__20260518T063955Z,1,1,0.4672686755657196,0.5327313542366028
gue_emp_H3K4me1_frozen__bert-base-uncased__20260518T063955Z,1,1,0.4713492691516876,0.52865070104599
gue_emp_H3K4me1_frozen__bert-base-uncased__20260518T063955Z,1,1,0.47274911403656006,0.5272508859634399
gue_emp_H3K4me1_frozen__bert-base-uncased__20260518T063955Z,0,1,0.46801361441612244,0.5319863557815552
gue_emp_H3K4me1_frozen__bert-base-uncased__20260518T063955Z,1,1,0.474974662065506,0.5250253081321716
gue_emp_H3K4me1_frozen__bert-base-uncased__20260518T063955Z,1,1,0.4701343774795532,0.5298656225204468
gue_emp_H3K4me1_frozen__bert-base-uncased__20260518T063955Z,0,1,0.47024595737457275,0.5297539830207825
gue_emp_H3K4me1_frozen__bert-base-uncased__20260518T063955Z,1,1,0.47352805733680725,0.5264719128608704
gue_emp_H3K4me1_frozen__bert-base-uncased__20260518T063955Z,1,1,0.4706360399723053,0.5293639302253723
gue_emp_H3K4me1_frozen__bert-base-uncased__20260518T063955Z,0,1,0.47401389479637146,0.5259861350059509
gue_emp_H3K4me1_frozen__bert-base-uncased__20260518T063955Z,0,1,0.4720459580421448,0.5279540419578552
gue_emp_H3K4me1_frozen__bert-base-uncased__20260518T063955Z,0,1,0.47629857063293457,0.5237013697624207
gue_emp_H3K4me1_frozen__bert-base-uncased__20260518T063955Z,0,1,0.4729214012622833,0.5270785689353943
gue_emp_H3K4me1_frozen__bert-base-uncased__20260518T063955Z,0,1,0.4695940613746643,0.5304059386253357
gue_emp_H3K4me1_frozen__bert-base-uncased__20260518T063955Z,0,1,0.4720212519168854,0.5279787182807922
gue_emp_H3K4me1_frozen__bert-base-uncased__20260518T063955Z,1,1,0.4686877727508545,0.5313122272491455
gue_emp_H3K4me1_frozen__bert-base-uncased__20260518T063955Z,0,1,0.4731762409210205,0.5268237590789795
gue_emp_H3K4me1_frozen__bert-base-uncased__20260518T063955Z,0,1,0.4735933244228363,0.5264066457748413
gue_emp_H3K4me1_frozen__bert-base-uncased__20260518T063955Z,1,1,0.4665873348712921,0.5334126353263855
gue_emp_H3K4me1_frozen__bert-base-uncased__20260518T063955Z,1,1,0.467491090297699,0.5325088500976562
gue_emp_H3K4me1_frozen__bert-base-uncased__20260518T063955Z,0,1,0.47154074907302856,0.5284592509269714
gue_emp_H3K4me1_frozen__bert-base-uncased__20260518T063955Z,0,1,0.46808677911758423,0.5319132208824158
gue_emp_H3K4me1_frozen__bert-base-uncased__20260518T063955Z,0,1,0.4694030284881592,0.530596911907196
gue_emp_H3K4me1_frozen__bert-base-uncased__20260518T063955Z,1,1,0.4813615381717682,0.5186384916305542
gue_emp_H3K4me1_frozen__bert-base-uncased__20260518T063955Z,1,1,0.4683813452720642,0.531618595123291
gue_emp_H3K4me1_frozen__bert-base-uncased__20260518T063955Z,0,1,0.4695844054222107,0.5304156541824341
gue_emp_H3K4me1_frozen__bert-base-uncased__20260518T063955Z,0,1,0.4696322977542877,0.5303676724433899
gue_emp_H3K4me1_frozen__bert-base-uncased__20260518T063955Z,0,1,0.46946215629577637,0.5305378437042236
gue_emp_H3K4me1_frozen__bert-base-uncased__20260518T063955Z,0,1,0.4639100134372711,0.5360899567604065
gue_emp_H3K4me1_frozen__bert-base-uncased__20260518T063955Z,1,1,0.467953622341156,0.532046377658844
gue_emp_H3K4me1_frozen__bert-base-uncased__20260518T063955Z,0,1,0.47231611609458923,0.5276838541030884
gue_emp_H3K4me1_frozen__bert-base-uncased__20260518T063955Z,1,1,0.4666914641857147,0.5333085656166077
gue_emp_H3K4me1_frozen__bert-base-uncased__20260518T063955Z,0,1,0.46945592761039734,0.530544102191925
gue_emp_H3K4me1_frozen__bert-base-uncased__20260518T063955Z,0,1,0.4649640917778015,0.5350358486175537
gue_emp_H3K4me1_frozen__bert-base-uncased__20260518T063955Z,1,1,0.4713849723339081,0.5286150574684143
gue_emp_H3K4me1_frozen__bert-base-uncased__20260518T063955Z,1,1,0.470651775598526,0.5293482542037964
gue_emp_H3K4me1_frozen__bert-base-uncased__20260518T063955Z,0,1,0.47524669766426086,0.5247533321380615
gue_emp_H3K4me1_frozen__bert-base-uncased__20260518T063955Z,1,1,0.46782708168029785,0.5321729183197021
gue_emp_H3K4me1_frozen__bert-base-uncased__20260518T063955Z,0,1,0.47912129759788513,0.5208787322044373
gue_emp_H3K4me1_frozen__bert-base-uncased__20260518T063955Z,1,1,0.46513405442237854,0.5348659157752991
gue_emp_H3K4me1_frozen__bert-base-uncased__20260518T063955Z,1,1,0.4744318723678589,0.5255681276321411
gue_emp_H3K4me1_frozen__bert-base-uncased__20260518T063955Z,1,1,0.470767080783844,0.5292329788208008
gue_emp_H3K4me1_frozen__bert-base-uncased__20260518T063955Z,1,1,0.4664967656135559,0.5335032343864441
gue_emp_H3K4me1_frozen__bert-base-uncased__20260518T063955Z,1,1,0.4733085334300995,0.5266914963722229
gue_emp_H3K4me1_frozen__bert-base-uncased__20260518T063955Z,1,1,0.46562325954437256,0.5343766808509827
gue_emp_H3K4me1_frozen__bert-base-uncased__20260518T063955Z,0,1,0.46432825922966003,0.5356717109680176
gue_emp_H3K4me1_frozen__bert-base-uncased__20260518T063955Z,0,1,0.46482500433921814,0.5351750254631042
gue_emp_H3K4me1_frozen__bert-base-uncased__20260518T063955Z,0,1,0.47450196743011475,0.5254980325698853
gue_emp_H3K4me1_frozen__bert-base-uncased__20260518T063955Z,0,1,0.46678468585014343,0.5332152843475342
gue_emp_H3K4me1_frozen__bert-base-uncased__20260518T063955Z,0,1,0.4723820388317108,0.5276179909706116
gue_emp_H3K4me1_frozen__bert-base-uncased__20260518T063955Z,0,1,0.46839699149131775,0.5316029787063599
gue_emp_H3K4me1_frozen__bert-base-uncased__20260518T063955Z,1,1,0.4749612808227539,0.5250387191772461
gue_emp_H3K4me1_frozen__bert-base-uncased__20260518T063955Z,0,1,0.4746645390987396,0.525335431098938
gue_emp_H3K4me1_frozen__bert-base-uncased__20260518T063955Z,1,1,0.47233664989471436,0.5276633501052856
gue_emp_H3K4me1_frozen__bert-base-uncased__20260518T063955Z,1,1,0.47350454330444336,0.5264954566955566
gue_emp_H3K4me1_frozen__bert-base-uncased__20260518T063955Z,0,1,0.46559059619903564,0.5344094038009644
gue_emp_H3K4me1_frozen__bert-base-uncased__20260518T063955Z,1,1,0.4709727466106415,0.5290272235870361
gue_emp_H3K4me1_frozen__bert-base-uncased__20260518T063955Z,1,1,0.4675869047641754,0.5324130654335022
gue_emp_H3K4me1_frozen__bert-base-uncased__20260518T063955Z,0,1,0.4691992402076721,0.5308007597923279
gue_emp_H3K4me1_frozen__bert-base-uncased__20260518T063955Z,1,1,0.4650242328643799,0.5349757671356201
gue_emp_H3K4me1_frozen__bert-base-uncased__20260518T063955Z,1,1,0.4620967209339142,0.5379032492637634
gue_emp_H3K4me1_frozen__bert-base-uncased__20260518T063955Z,1,1,0.4760897159576416,0.5239102840423584
gue_emp_H3K4me1_frozen__bert-base-uncased__20260518T063955Z,1,1,0.47283363342285156,0.5271663069725037
gue_emp_H3K4me1_frozen__bert-base-uncased__20260518T063955Z,0,1,0.4704962968826294,0.5295037031173706
gue_emp_H3K4me1_frozen__bert-base-uncased__20260518T063955Z,0,1,0.4688994288444519,0.5311005711555481
gue_emp_H3K4me1_frozen__bert-base-uncased__20260518T063955Z,1,1,0.4669066071510315,0.5330934524536133
gue_emp_H3K4me1_frozen__bert-base-uncased__20260518T063955Z,1,1,0.468472421169281,0.531527578830719
gue_emp_H3K4me1_frozen__bert-base-uncased__20260518T063955Z,1,1,0.47900861501693726,0.5209913849830627
gue_emp_H3K4me1_frozen__bert-base-uncased__20260518T063955Z,0,1,0.4696814715862274,0.5303184986114502
gue_emp_H3K4me1_frozen__bert-base-uncased__20260518T063955Z,1,1,0.4684056043624878,0.5315943956375122
gue_emp_H3K4me1_frozen__bert-base-uncased__20260518T063955Z,1,1,0.46872004866600037,0.5312799215316772
gue_emp_H3K4me1_frozen__bert-base-uncased__20260518T063955Z,0,1,0.4706023633480072,0.5293976664543152
gue_emp_H3K4me1_frozen__bert-base-uncased__20260518T063955Z,1,1,0.4716307818889618,0.5283692479133606
gue_emp_H3K4me1_frozen__bert-base-uncased__20260518T063955Z,0,1,0.4666729271411896,0.5333271026611328
gue_emp_H3K4me1_frozen__bert-base-uncased__20260518T063955Z,0,1,0.4732801020145416,0.5267199277877808
gue_emp_H3K4me1_frozen__bert-base-uncased__20260518T063955Z,1,1,0.47457414865493774,0.5254257917404175
gue_emp_H3K4me1_frozen__bert-base-uncased__20260518T063955Z,1,1,0.4664610028266907,0.5335390567779541
gue_emp_H3K4me1_frozen__bert-base-uncased__20260518T063955Z,1,1,0.47029975056648254,0.5297002196311951
gue_emp_H3K4me1_frozen__bert-base-uncased__20260518T063955Z,0,1,0.4703323245048523,0.5296676754951477
gue_emp_H3K4me1_frozen__bert-base-uncased__20260518T063955Z,0,1,0.4675443172454834,0.5324556827545166
gue_emp_H3K4me1_frozen__bert-base-uncased__20260518T063955Z,1,1,0.4641056954860687,0.5358942747116089
gue_emp_H3K4me1_frozen__bert-base-uncased__20260518T063955Z,1,1,0.4723265767097473,0.5276734232902527
gue_emp_H3K4me1_frozen__bert-base-uncased__20260518T063955Z,1,1,0.46616098284721375,0.5338390469551086
gue_emp_H3K4me1_frozen__bert-base-uncased__20260518T063955Z,0,1,0.4686278998851776,0.5313721299171448
gue_emp_H3K4me1_frozen__bert-base-uncased__20260518T063955Z,0,1,0.47327959537506104,0.526720404624939
gue_emp_H3K4me1_frozen__bert-base-uncased__20260518T063955Z,0,1,0.4715557098388672,0.5284442901611328
gue_emp_H3K4me1_frozen__bert-base-uncased__20260518T063955Z,1,1,0.46911150217056274,0.5308884978294373
gue_emp_H3K4me1_frozen__bert-base-uncased__20260518T063955Z,1,1,0.4751201570034027,0.5248798131942749
gue_emp_H3K4me1_frozen__bert-base-uncased__20260518T063955Z,1,1,0.47606831789016724,0.5239317417144775
gue_emp_H3K4me1_frozen__bert-base-uncased__20260518T063955Z,1,1,0.47177085280418396,0.5282291769981384
gue_emp_H3K4me1_frozen__bert-base-uncased__20260518T063955Z,1,1,0.4708426594734192,0.5291573405265808
gue_emp_H3K4me1_frozen__bert-base-uncased__20260518T063955Z,0,1,0.47101864218711853,0.5289813280105591
gue_emp_H3K4me1_frozen__bert-base-uncased__20260518T063955Z,1,1,0.468517005443573,0.5314829349517822
gue_emp_H3K4me1_frozen__bert-base-uncased__20260518T063955Z,1,1,0.47327640652656555,0.5267235636711121
gue_emp_H3K4me1_frozen__bert-base-uncased__20260518T063955Z,1,1,0.4738618731498718,0.5261381268501282
gue_emp_H3K4me1_frozen__bert-base-uncased__20260518T063955Z,0,1,0.4695434868335724,0.5304564833641052
gue_emp_H3K4me1_frozen__bert-base-uncased__20260518T063955Z,1,1,0.4716227948665619,0.5283772349357605
gue_emp_H3K4me1_frozen__bert-base-uncased__20260518T063955Z,1,1,0.47070416808128357,0.529295802116394
gue_emp_H3K4me1_frozen__bert-base-uncased__20260518T063955Z,0,1,0.46967729926109314,0.5303226709365845
gue_emp_H3K4me1_frozen__bert-base-uncased__20260518T063955Z,0,1,0.4752999544143677,0.5247000455856323
gue_emp_H3K4me1_frozen__bert-base-uncased__20260518T063955Z,0,1,0.4685174822807312,0.5314825177192688
gue_emp_H3K4me1_frozen__bert-base-uncased__20260518T063955Z,0,1,0.46679309010505676,0.5332069396972656
gue_emp_H3K4me1_frozen__bert-base-uncased__20260518T063955Z,0,1,0.46667975187301636,0.5333202481269836
gue_emp_H3K4me1_frozen__bert-base-uncased__20260518T063955Z,1,1,0.46533793210983276,0.5346620678901672
gue_emp_H3K4me1_frozen__bert-base-uncased__20260518T063955Z,1,1,0.4702851176261902,0.5297148823738098
gue_emp_H3K4me1_frozen__bert-base-uncased__20260518T063955Z,0,1,0.4705445468425751,0.5294554829597473
gue_emp_H3K4me1_frozen__bert-base-uncased__20260518T063955Z,0,1,0.46644893288612366,0.5335510969161987
gue_emp_H3K4me1_frozen__bert-base-uncased__20260518T063955Z,0,1,0.46999621391296387,0.5300038456916809
gue_emp_H3K4me1_frozen__bert-base-uncased__20260518T063955Z,0,1,0.46559521555900574,0.5344048142433167
gue_emp_H3K4me1_frozen__bert-base-uncased__20260518T063955Z,0,1,0.46396714448928833,0.5360327959060669
gue_emp_H3K4me1_frozen__bert-base-uncased__20260518T063955Z,0,1,0.4660755693912506,0.5339244604110718
gue_emp_H3K4me1_frozen__bert-base-uncased__20260518T063955Z,1,1,0.47010093927383423,0.5298990607261658
gue_emp_H3K4me1_frozen__bert-base-uncased__20260518T063955Z,1,1,0.46779635548591614,0.5322036743164062
gue_emp_H3K4me1_frozen__bert-base-uncased__20260518T063955Z,1,1,0.4730501174926758,0.5269498825073242
gue_emp_H3K4me1_frozen__bert-base-uncased__20260518T063955Z,1,1,0.46660327911376953,0.5333967208862305
gue_emp_H3K4me1_frozen__bert-base-uncased__20260518T063955Z,0,1,0.4553654193878174,0.5446345806121826
gue_emp_H3K4me1_frozen__bert-base-uncased__20260518T063955Z,1,1,0.4688178300857544,0.5311822295188904
gue_emp_H3K4me1_frozen__bert-base-uncased__20260518T063955Z,0,1,0.45790714025497437,0.5420929193496704
gue_emp_H3K4me1_frozen__bert-base-uncased__20260518T063955Z,1,1,0.4681890606880188,0.5318109393119812
gue_emp_H3K4me1_frozen__bert-base-uncased__20260518T063955Z,0,1,0.47235962748527527,0.5276403427124023
gue_emp_H3K4me1_frozen__bert-base-uncased__20260518T063955Z,0,1,0.46028757095336914,0.5397124290466309
gue_emp_H3K4me1_frozen__bert-base-uncased__20260518T063955Z,0,1,0.4659774601459503,0.5340225100517273
gue_emp_H3K4me1_frozen__bert-base-uncased__20260518T063955Z,1,1,0.4774633049964905,0.5225366950035095
gue_emp_H3K4me1_frozen__bert-base-uncased__20260518T063955Z,1,1,0.4710736870765686,0.5289263725280762
gue_emp_H3K4me1_frozen__bert-base-uncased__20260518T063955Z,0,1,0.46792280673980713,0.5320771932601929
gue_emp_H3K4me1_frozen__bert-base-uncased__20260518T063955Z,0,1,0.4696860611438751,0.5303139686584473
gue_emp_H3K4me1_frozen__bert-base-uncased__20260518T063955Z,1,1,0.4731149971485138,0.5268850326538086
gue_emp_H3K4me1_frozen__bert-base-uncased__20260518T063955Z,1,1,0.47505518794059753,0.5249448418617249
gue_emp_H3K4me1_frozen__bert-base-uncased__20260518T063955Z,1,1,0.47039473056793213,0.5296053290367126
gue_emp_H3K4me1_frozen__bert-base-uncased__20260518T063955Z,0,1,0.47006404399871826,0.5299359560012817
gue_emp_H3K4me1_frozen__bert-base-uncased__20260518T063955Z,0,1,0.4690907895565033,0.5309091806411743
gue_emp_H3K4me1_frozen__bert-base-uncased__20260518T063955Z,1,1,0.4673083424568176,0.5326916575431824
gue_emp_H3K4me1_frozen__bert-base-uncased__20260518T063955Z,1,1,0.4735146164894104,0.5264853239059448
gue_emp_H3K4me1_frozen__bert-base-uncased__20260518T063955Z,1,1,0.4692184627056122,0.5307815670967102
gue_emp_H3K4me1_frozen__bert-base-uncased__20260518T063955Z,0,1,0.47740769386291504,0.522592306137085
gue_emp_H3K4me1_frozen__bert-base-uncased__20260518T063955Z,1,1,0.47479599714279175,0.5252040028572083
gue_emp_H3K4me1_frozen__bert-base-uncased__20260518T063955Z,0,1,0.47461140155792236,0.5253885984420776
gue_emp_H3K4me1_frozen__bert-base-uncased__20260518T063955Z,1,1,0.46228933334350586,0.5377106666564941
gue_emp_H3K4me1_frozen__bert-base-uncased__20260518T063955Z,1,1,0.4684964716434479,0.5315034985542297
gue_emp_H3K4me1_frozen__bert-base-uncased__20260518T063955Z,0,1,0.47261664271354675,0.5273833274841309
gue_emp_H3K4me1_frozen__bert-base-uncased__20260518T063955Z,1,1,0.46983301639556885,0.5301670432090759
gue_emp_H3K4me1_frozen__bert-base-uncased__20260518T063955Z,1,1,0.4741152226924896,0.5258848071098328
gue_emp_H3K4me1_frozen__bert-base-uncased__20260518T063955Z,0,1,0.4645048677921295,0.5354951024055481
gue_emp_H3K4me1_frozen__bert-base-uncased__20260518T063955Z,0,1,0.46929749846458435,0.530702531337738
gue_emp_H3K4me1_frozen__bert-base-uncased__20260518T063955Z,1,1,0.470840722322464,0.5291593074798584
gue_emp_H3K4me1_frozen__bert-base-uncased__20260518T063955Z,0,1,0.46476030349731445,0.5352397561073303
gue_emp_H3K4me1_frozen__bert-base-uncased__20260518T063955Z,1,1,0.47815778851509094,0.5218422412872314
gue_emp_H3K4me1_frozen__bert-base-uncased__20260518T063955Z,0,1,0.4714565873146057,0.5285434126853943
gue_emp_H3K4me1_frozen__bert-base-uncased__20260518T063955Z,1,1,0.4724867045879364,0.5275132656097412
gue_emp_H3K4me1_frozen__bert-base-uncased__20260518T063955Z,0,1,0.47063568234443665,0.529364287853241
gue_emp_H3K4me1_frozen__bert-base-uncased__20260518T063955Z,0,1,0.4689983129501343,0.531001627445221
gue_emp_H3K4me1_frozen__bert-base-uncased__20260518T063955Z,1,1,0.4761308431625366,0.5238691568374634
gue_emp_H3K4me1_frozen__bert-base-uncased__20260518T063955Z,0,1,0.4671437740325928,0.5328562259674072
gue_emp_H3K4me1_frozen__bert-base-uncased__20260518T063955Z,1,1,0.4723908603191376,0.52760910987854
gue_emp_H3K4me1_frozen__bert-base-uncased__20260518T063955Z,0,1,0.47128236293792725,0.5287176370620728
gue_emp_H3K4me1_frozen__bert-base-uncased__20260518T063955Z,1,1,0.4706507921218872,0.5293492078781128
gue_emp_H3K4me1_frozen__bert-base-uncased__20260518T063955Z,0,1,0.4692198634147644,0.5307800769805908
gue_emp_H3K4me1_frozen__bert-base-uncased__20260518T063955Z,1,1,0.47207602858543396,0.5279240012168884
gue_emp_H3K4me1_frozen__bert-base-uncased__20260518T063955Z,0,1,0.4722349941730499,0.5277649760246277
gue_emp_H3K4me1_frozen__bert-base-uncased__20260518T063955Z,0,1,0.4738347828388214,0.526165246963501
gue_emp_H3K4me1_frozen__bert-base-uncased__20260518T063955Z,0,1,0.47012457251548767,0.5298754572868347
gue_emp_H3K4me1_frozen__bert-base-uncased__20260518T063955Z,1,1,0.46670371294021606,0.5332962870597839
gue_emp_H3K4me1_frozen__bert-base-uncased__20260518T063955Z,0,1,0.4727416932582855,0.5272583365440369
gue_emp_H3K4me1_frozen__bert-base-uncased__20260518T063955Z,0,1,0.4687163233757019,0.5312836766242981
gue_emp_H3K4me1_frozen__bert-base-uncased__20260518T063955Z,0,1,0.4711480438709259,0.5288519859313965
gue_emp_H3K4me1_frozen__bert-base-uncased__20260518T063955Z,0,1,0.47117504477500916,0.5288249850273132
gue_emp_H3K4me1_frozen__bert-base-uncased__20260518T063955Z,1,1,0.4753356873989105,0.5246643424034119
gue_emp_H3K4me1_frozen__bert-base-uncased__20260518T063955Z,0,1,0.46735328435897827,0.5326467752456665
gue_emp_H3K4me1_frozen__bert-base-uncased__20260518T063955Z,1,1,0.4692084491252899,0.5307915806770325
gue_emp_H3K4me1_frozen__bert-base-uncased__20260518T063955Z,0,1,0.46900612115859985,0.5309938788414001
gue_emp_H3K4me1_frozen__bert-base-uncased__20260518T063955Z,1,1,0.47725778818130493,0.5227422714233398
gue_emp_H3K4me1_frozen__bert-base-uncased__20260518T063955Z,0,1,0.47429895401000977,0.525701105594635
gue_emp_H3K4me1_frozen__bert-base-uncased__20260518T063955Z,1,1,0.46550047397613525,0.5344995260238647
gue_emp_H3K4me1_frozen__bert-base-uncased__20260518T063955Z,0,1,0.4709855020046234,0.5290144681930542
gue_emp_H3K4me1_frozen__bert-base-uncased__20260518T063955Z,1,1,0.47212332487106323,0.527876615524292
gue_emp_H3K4me1_frozen__bert-base-uncased__20260518T063955Z,1,1,0.4582800567150116,0.541719913482666
gue_emp_H3K4me1_frozen__bert-base-uncased__20260518T063955Z,0,1,0.4706164002418518,0.5293835997581482
gue_emp_H3K4me1_frozen__bert-base-uncased__20260518T063955Z,1,1,0.47569629549980164,0.5243037343025208
gue_emp_H3K4me1_frozen__bert-base-uncased__20260518T063955Z,0,1,0.47450733184814453,0.5254926681518555
gue_emp_H3K4me1_frozen__bert-base-uncased__20260518T063955Z,0,1,0.46672460436820984,0.5332753658294678
gue_emp_H3K4me1_frozen__bert-base-uncased__20260518T063955Z,0,1,0.4667712450027466,0.5332287549972534
gue_emp_H3K4me1_frozen__bert-base-uncased__20260518T063955Z,1,1,0.47123172879219055,0.5287682414054871
gue_emp_H3K4me1_frozen__bert-base-uncased__20260518T063955Z,1,1,0.4728606641292572,0.5271393656730652
gue_emp_H3K4me1_frozen__bert-base-uncased__20260518T063955Z,0,1,0.46317896246910095,0.5368210077285767
gue_emp_H3K4me1_frozen__bert-base-uncased__20260518T063955Z,0,1,0.46802419424057007,0.5319758653640747
gue_emp_H3K4me1_frozen__bert-base-uncased__20260518T063955Z,1,1,0.4746294617652893,0.5253705382347107
gue_emp_H3K4me1_frozen__bert-base-uncased__20260518T063955Z,1,1,0.470994770526886,0.529005229473114
gue_emp_H3K4me1_frozen__bert-base-uncased__20260518T063955Z,1,1,0.4696429967880249,0.5303570032119751
gue_emp_H3K4me1_frozen__bert-base-uncased__20260518T063955Z,1,1,0.4676376283168793,0.5323623418807983
gue_emp_H3K4me1_frozen__bert-base-uncased__20260518T063955Z,1,1,0.46759647130966187,0.5324035882949829
gue_emp_H3K4me1_frozen__bert-base-uncased__20260518T063955Z,0,1,0.46513059735298157,0.534869372844696
gue_emp_H3K4me1_frozen__bert-base-uncased__20260518T063955Z,1,1,0.47097837924957275,0.5290216207504272
gue_emp_H3K4me1_frozen__bert-base-uncased__20260518T063955Z,1,1,0.4710330665111542,0.5289669632911682
gue_emp_H3K4me1_frozen__bert-base-uncased__20260518T063955Z,0,1,0.47037577629089355,0.5296242237091064
gue_emp_H3K4me1_frozen__bert-base-uncased__20260518T063955Z,0,1,0.4693979322910309,0.5306020379066467
gue_emp_H3K4me1_frozen__bert-base-uncased__20260518T063955Z,1,1,0.4694592356681824,0.5305407643318176
gue_emp_H3K4me1_frozen__bert-base-uncased__20260518T063955Z,1,1,0.4697756767272949,0.5302243232727051
gue_emp_H3K4me1_frozen__bert-base-uncased__20260518T063955Z,0,1,0.4681093096733093,0.5318906903266907
gue_emp_H3K4me1_frozen__bert-base-uncased__20260518T063955Z,1,1,0.4663556218147278,0.5336443781852722
gue_emp_H3K4me1_frozen__bert-base-uncased__20260518T063955Z,1,1,0.4617649018764496,0.538235068321228
gue_emp_H3K4me1_frozen__bert-base-uncased__20260518T063955Z,1,1,0.4669945240020752,0.53300541639328
gue_emp_H3K4me1_frozen__bert-base-uncased__20260518T063955Z,1,1,0.47242552042007446,0.5275744795799255
gue_emp_H3K4me1_frozen__bert-base-uncased__20260518T063955Z,1,1,0.4712245464324951,0.5287754535675049
gue_emp_H3K4me1_frozen__bert-base-uncased__20260518T063955Z,1,1,0.4769614338874817,0.5230385661125183
gue_emp_H3K4me1_frozen__bert-base-uncased__20260518T063955Z,1,1,0.4672076106071472,0.5327924489974976
gue_emp_H3K4me1_frozen__bert-base-uncased__20260518T063955Z,1,1,0.4657783806324005,0.5342215895652771
gue_emp_H3K4me1_frozen__bert-base-uncased__20260518T063955Z,1,1,0.4720190465450287,0.5279809832572937
gue_emp_H3K4me1_frozen__bert-base-uncased__20260518T063955Z,0,1,0.4663117527961731,0.5336882472038269
gue_emp_H3K4me1_frozen__bert-base-uncased__20260518T063955Z,0,1,0.47441020607948303,0.5255897641181946
gue_emp_H3K4me1_frozen__bert-base-uncased__20260518T063955Z,1,1,0.4751311242580414,0.524868905544281
gue_emp_H3K4me1_frozen__bert-base-uncased__20260518T063955Z,0,1,0.46773484349250793,0.5322651267051697
gue_emp_H3K4me1_frozen__bert-base-uncased__20260518T063955Z,0,1,0.4771517217159271,0.5228482484817505
gue_emp_H3K4me1_frozen__bert-base-uncased__20260518T063955Z,1,1,0.46270880103111267,0.5372911691665649
gue_emp_H3K4me1_frozen__bert-base-uncased__20260518T063955Z,1,1,0.4772525429725647,0.5227474570274353
gue_emp_H3K4me1_frozen__bert-base-uncased__20260518T063955Z,1,1,0.4689365327358246,0.5310634970664978
gue_emp_H3K4me1_frozen__bert-base-uncased__20260518T063955Z,1,1,0.46801912784576416,0.5319808721542358
gue_emp_H3K4me1_frozen__bert-base-uncased__20260518T063955Z,1,1,0.464449942111969,0.535550057888031
gue_emp_H3K4me1_frozen__bert-base-uncased__20260518T063955Z,0,1,0.45833808183670044,0.5416619181632996
gue_emp_H3K4me1_frozen__bert-base-uncased__20260518T063955Z,1,1,0.47163915634155273,0.5283608436584473
gue_emp_H3K4me1_frozen__bert-base-uncased__20260518T063955Z,0,1,0.47156691551208496,0.528433084487915
gue_emp_H3K4me1_frozen__bert-base-uncased__20260518T063955Z,1,1,0.46370410919189453,0.5362958908081055
gue_emp_H3K4me1_frozen__bert-base-uncased__20260518T063955Z,0,1,0.4636324346065521,0.5363675355911255
gue_emp_H3K4me1_frozen__bert-base-uncased__20260518T063955Z,0,1,0.46498045325279236,0.53501957654953
gue_emp_H3K4me1_frozen__bert-base-uncased__20260518T063955Z,1,1,0.4761432707309723,0.5238567590713501
gue_emp_H3K4me1_frozen__bert-base-uncased__20260518T063955Z,0,1,0.4715783894062042,0.5284215807914734
gue_emp_H3K4me1_frozen__bert-base-uncased__20260518T063955Z,1,1,0.47143062949180603,0.5285694003105164
gue_emp_H3K4me1_frozen__bert-base-uncased__20260518T063955Z,1,1,0.4718197286128998,0.5281803011894226
gue_emp_H3K4me1_frozen__bert-base-uncased__20260518T063955Z,0,1,0.47229984402656555,0.5277001261711121
gue_emp_H3K4me1_frozen__bert-base-uncased__20260518T063955Z,1,1,0.4654073119163513,0.5345926880836487
gue_emp_H3K4me1_frozen__bert-base-uncased__20260518T063955Z,0,1,0.46885380148887634,0.531146228313446
gue_emp_H3K4me1_frozen__bert-base-uncased__20260518T063955Z,1,1,0.4703865051269531,0.5296134948730469
gue_emp_H3K4me1_frozen__bert-base-uncased__20260518T063955Z,1,1,0.46767303347587585,0.5323269963264465
gue_emp_H3K4me1_frozen__bert-base-uncased__20260518T063955Z,0,1,0.4675085246562958,0.5324914455413818
gue_emp_H3K4me1_frozen__bert-base-uncased__20260518T063955Z,1,1,0.46805912256240845,0.5319408774375916
gue_emp_H3K4me1_frozen__bert-base-uncased__20260518T063955Z,1,1,0.4703129529953003,0.5296870470046997
gue_emp_H3K4me1_frozen__bert-base-uncased__20260518T063955Z,0,1,0.47262996435165405,0.527370035648346
gue_emp_H3K4me1_frozen__bert-base-uncased__20260518T063955Z,0,1,0.4696592688560486,0.5303407311439514
gue_emp_H3K4me1_frozen__bert-base-uncased__20260518T063955Z,0,1,0.4697342813014984,0.5302656888961792
gue_emp_H3K4me1_frozen__bert-base-uncased__20260518T063955Z,0,1,0.46851781010627747,0.5314822196960449
gue_emp_H3K4me1_frozen__bert-base-uncased__20260518T063955Z,1,1,0.4711630344390869,0.5288369655609131
gue_emp_H3K4me1_frozen__bert-base-uncased__20260518T063955Z,1,1,0.4685437083244324,0.5314562916755676
gue_emp_H3K4me1_frozen__bert-base-uncased__20260518T063955Z,0,1,0.4700971841812134,0.5299027562141418
gue_emp_H3K4me1_frozen__bert-base-uncased__20260518T063955Z,0,1,0.4703037142753601,0.5296962857246399
gue_emp_H3K4me1_frozen__bert-base-uncased__20260518T063955Z,1,1,0.47131672501564026,0.5286832451820374
gue_emp_H3K4me1_frozen__bert-base-uncased__20260518T063955Z,1,1,0.4684019684791565,0.5315980315208435
gue_emp_H3K4me1_frozen__bert-base-uncased__20260518T063955Z,1,1,0.4716472625732422,0.5283527374267578
gue_emp_H3K4me1_frozen__bert-base-uncased__20260518T063955Z,0,1,0.47260206937789917,0.5273979306221008
gue_emp_H3K4me1_frozen__bert-base-uncased__20260518T063955Z,1,1,0.4685392677783966,0.531460702419281
gue_emp_H3K4me1_frozen__bert-base-uncased__20260518T063955Z,0,1,0.4665018618106842,0.5334981679916382
gue_emp_H3K4me1_frozen__bert-base-uncased__20260518T063955Z,1,1,0.46696195006370544,0.5330380201339722
gue_emp_H3K4me1_frozen__bert-base-uncased__20260518T063955Z,0,1,0.47373199462890625,0.5262680053710938
gue_emp_H3K4me1_frozen__bert-base-uncased__20260518T063955Z,0,1,0.4753897190093994,0.5246102809906006
gue_emp_H3K4me1_frozen__bert-base-uncased__20260518T063955Z,0,1,0.46825212240219116,0.5317478775978088
gue_emp_H3K4me1_frozen__bert-base-uncased__20260518T063955Z,0,1,0.4685436189174652,0.5314564108848572
gue_emp_H3K4me1_frozen__bert-base-uncased__20260518T063955Z,1,1,0.4628203809261322,0.5371796488761902
gue_emp_H3K4me1_frozen__bert-base-uncased__20260518T063955Z,1,1,0.4724976122379303,0.5275024175643921
gue_emp_H3K4me1_frozen__bert-base-uncased__20260518T063955Z,1,1,0.46997490525245667,0.530025064945221
gue_emp_H3K4me1_frozen__bert-base-uncased__20260518T063955Z,1,1,0.462178498506546,0.5378215312957764
gue_emp_H3K4me1_frozen__bert-base-uncased__20260518T063955Z,1,1,0.467511385679245,0.5324885845184326
gue_emp_H3K4me1_frozen__bert-base-uncased__20260518T063955Z,1,1,0.46519333124160767,0.5348067283630371
gue_emp_H3K4me1_frozen__bert-base-uncased__20260518T063955Z,1,1,0.4672234356403351,0.5327765941619873
gue_emp_H3K4me1_frozen__bert-base-uncased__20260518T063955Z,0,1,0.46966683864593506,0.5303332209587097
gue_emp_H3K4me1_frozen__bert-base-uncased__20260518T063955Z,1,1,0.46703171730041504,0.532968282699585
gue_emp_H3K4me1_frozen__bert-base-uncased__20260518T063955Z,0,1,0.4678981900215149,0.5321018099784851
gue_emp_H3K4me1_frozen__bert-base-uncased__20260518T063955Z,1,1,0.47355562448501587,0.5264443755149841
gue_emp_H3K4me1_frozen__bert-base-uncased__20260518T063955Z,0,1,0.46645811200141907,0.5335418581962585
gue_emp_H3K4me1_frozen__bert-base-uncased__20260518T063955Z,1,1,0.47051820158958435,0.5294817686080933
gue_emp_H3K4me1_frozen__bert-base-uncased__20260518T063955Z,1,1,0.46910449862480164,0.5308955311775208
gue_emp_H3K4me1_frozen__bert-base-uncased__20260518T063955Z,0,1,0.4657699167728424,0.53423011302948
gue_emp_H3K4me1_frozen__bert-base-uncased__20260518T063955Z,1,1,0.4731699526309967,0.5268300175666809
gue_emp_H3K4me1_frozen__bert-base-uncased__20260518T063955Z,1,1,0.4630975127220154,0.5369025468826294
gue_emp_H3K4me1_frozen__bert-base-uncased__20260518T063955Z,0,1,0.47264546155929565,0.5273545384407043
gue_emp_H3K4me1_frozen__bert-base-uncased__20260518T063955Z,1,1,0.46913817524909973,0.5308618545532227
gue_emp_H3K4me1_frozen__bert-base-uncased__20260518T063955Z,1,1,0.47139376401901245,0.5286062359809875
gue_emp_H3K4me1_frozen__bert-base-uncased__20260518T063955Z,1,1,0.46887698769569397,0.5311230421066284
gue_emp_H3K4me1_frozen__bert-base-uncased__20260518T063955Z,0,1,0.4681558609008789,0.5318441390991211
gue_emp_H3K4me1_frozen__bert-base-uncased__20260518T063955Z,1,1,0.46174541115760803,0.5382545590400696
gue_emp_H3K4me1_frozen__bert-base-uncased__20260518T063955Z,0,1,0.46690255403518677,0.5330974459648132
gue_emp_H3K4me1_frozen__bert-base-uncased__20260518T063955Z,0,1,0.46798384189605713,0.5320162177085876
gue_emp_H3K4me1_frozen__bert-base-uncased__20260518T063955Z,0,1,0.46932360529899597,0.5306763648986816
gue_emp_H3K4me1_frozen__bert-base-uncased__20260518T063955Z,1,1,0.4715595245361328,0.5284404754638672
gue_emp_H3K4me1_frozen__bert-base-uncased__20260518T063955Z,1,1,0.4782501459121704,0.5217498540878296
gue_emp_H3K4me1_frozen__bert-base-uncased__20260518T063955Z,1,1,0.47600534558296204,0.5239946246147156
gue_emp_H3K4me1_frozen__bert-base-uncased__20260518T063955Z,1,1,0.4732832610607147,0.5267167687416077
gue_emp_H3K4me1_frozen__bert-base-uncased__20260518T063955Z,1,1,0.46610572934150696,0.5338943004608154
gue_emp_H3K4me1_frozen__bert-base-uncased__20260518T063955Z,1,1,0.4659467935562134,0.5340531468391418
gue_emp_H3K4me1_frozen__bert-base-uncased__20260518T063955Z,1,1,0.4680797755718231,0.5319201946258545
gue_emp_H3K4me1_frozen__bert-base-uncased__20260518T063955Z,0,1,0.476086288690567,0.5239136815071106
gue_emp_H3K4me1_frozen__bert-base-uncased__20260518T063955Z,1,1,0.46884775161743164,0.5311523079872131
gue_emp_H3K4me1_frozen__bert-base-uncased__20260518T063955Z,0,1,0.462414413690567,0.5375855565071106
gue_emp_H3K4me1_frozen__bert-base-uncased__20260518T063955Z,1,1,0.4707314968109131,0.5292685031890869
gue_emp_H3K4me1_frozen__bert-base-uncased__20260518T063955Z,1,1,0.4652321934700012,0.5347678661346436
gue_emp_H3K4me1_frozen__bert-base-uncased__20260518T063955Z,1,1,0.46988940238952637,0.5301105976104736
gue_emp_H3K4me1_frozen__bert-base-uncased__20260518T063955Z,0,1,0.4714415669441223,0.5285584330558777
gue_emp_H3K4me1_frozen__bert-base-uncased__20260518T063955Z,1,1,0.47245463728904724,0.5275453329086304
gue_emp_H3K4me1_frozen__bert-base-uncased__20260518T063955Z,1,1,0.47492915391921997,0.52507084608078
gue_emp_H3K4me1_frozen__bert-base-uncased__20260518T063955Z,1,1,0.4751666784286499,0.5248333811759949
gue_emp_H3K4me1_frozen__bert-base-uncased__20260518T063955Z,0,1,0.4692709147930145,0.5307290554046631
gue_emp_H3K4me1_frozen__bert-base-uncased__20260518T063955Z,1,1,0.46609756350517273,0.5339024662971497
gue_emp_H3K4me1_frozen__bert-base-uncased__20260518T063955Z,0,1,0.47244682908058167,0.527553141117096
gue_emp_H3K4me1_frozen__bert-base-uncased__20260518T063955Z,1,1,0.46561509370803833,0.5343848466873169
gue_emp_H3K4me1_frozen__bert-base-uncased__20260518T063955Z,0,1,0.4753723740577698,0.5246276259422302
gue_emp_H3K4me1_frozen__bert-base-uncased__20260518T063955Z,1,1,0.47530439496040344,0.524695634841919
gue_emp_H3K4me1_frozen__bert-base-uncased__20260518T063955Z,0,1,0.46698278188705444,0.5330172181129456
gue_emp_H3K4me1_frozen__bert-base-uncased__20260518T063955Z,1,1,0.47150087356567383,0.5284991264343262
gue_emp_H3K4me1_frozen__bert-base-uncased__20260518T063955Z,0,1,0.4713262915611267,0.5286737680435181
gue_emp_H3K4me1_frozen__bert-base-uncased__20260518T063955Z,0,1,0.4696311354637146,0.5303688645362854
gue_emp_H3K4me1_frozen__bert-base-uncased__20260518T063955Z,1,1,0.46880826354026794,0.5311917662620544
gue_emp_H3K4me1_frozen__bert-base-uncased__20260518T063955Z,0,1,0.46793168783187866,0.5320683121681213
gue_emp_H3K4me1_frozen__bert-base-uncased__20260518T063955Z,1,1,0.4700644314289093,0.5299355983734131
gue_emp_H3K4me1_frozen__bert-base-uncased__20260518T063955Z,0,1,0.46999356150627136,0.5300064086914062
gue_emp_H3K4me1_frozen__bert-base-uncased__20260518T063955Z,1,1,0.4777120053768158,0.5222880244255066
gue_emp_H3K4me1_frozen__bert-base-uncased__20260518T063955Z,0,1,0.4691462218761444,0.5308537483215332
gue_emp_H3K4me1_frozen__bert-base-uncased__20260518T063955Z,1,1,0.4642654061317444,0.5357345938682556
gue_emp_H3K4me1_frozen__bert-base-uncased__20260518T063955Z,1,1,0.4621943533420563,0.5378056764602661
gue_emp_H3K4me1_frozen__bert-base-uncased__20260518T063955Z,0,1,0.4730486273765564,0.5269513726234436
gue_emp_H3K4me1_frozen__bert-base-uncased__20260518T063955Z,1,1,0.4718540608882904,0.528145968914032
gue_emp_H3K4me1_frozen__bert-base-uncased__20260518T063955Z,1,1,0.47391974925994873,0.5260802507400513
gue_emp_H3K4me1_frozen__bert-base-uncased__20260518T063955Z,1,1,0.4684958755970001,0.5315040946006775
gue_emp_H3K4me1_frozen__bert-base-uncased__20260518T063955Z,0,1,0.47015342116355896,0.5298466086387634
gue_emp_H3K4me1_frozen__bert-base-uncased__20260518T063955Z,0,1,0.47083598375320435,0.5291640162467957
gue_emp_H3K4me1_frozen__bert-base-uncased__20260518T063955Z,1,1,0.4650469422340393,0.5349529981613159
gue_emp_H3K4me1_frozen__bert-base-uncased__20260518T063955Z,1,1,0.4713297486305237,0.5286701917648315
gue_emp_H3K4me1_frozen__bert-base-uncased__20260518T063955Z,0,1,0.466436505317688,0.533563494682312
gue_emp_H3K4me1_frozen__bert-base-uncased__20260518T063955Z,1,1,0.46213024854660034,0.5378697514533997
gue_emp_H3K4me1_frozen__bert-base-uncased__20260518T063955Z,0,1,0.4697101414203644,0.530289888381958
gue_emp_H3K4me1_frozen__bert-base-uncased__20260518T063955Z,0,1,0.4690052270889282,0.5309947729110718
gue_emp_H3K4me1_frozen__bert-base-uncased__20260518T063955Z,1,1,0.46756818890571594,0.5324317812919617
gue_emp_H3K4me1_frozen__bert-base-uncased__20260518T063955Z,1,1,0.4696972072124481,0.5303027629852295
gue_emp_H3K4me1_frozen__bert-base-uncased__20260518T063955Z,1,1,0.47015276551246643,0.5298472046852112
gue_emp_H3K4me1_frozen__bert-base-uncased__20260518T063955Z,1,1,0.47500163316726685,0.5249983668327332
gue_emp_H3K4me1_frozen__bert-base-uncased__20260518T063955Z,1,1,0.4736453592777252,0.5263546705245972
gue_emp_H3K4me1_frozen__bert-base-uncased__20260518T063955Z,1,1,0.4680415093898773,0.5319585204124451
gue_emp_H3K4me1_frozen__bert-base-uncased__20260518T063955Z,1,1,0.470951646566391,0.5290483236312866
gue_emp_H3K4me1_frozen__bert-base-uncased__20260518T063955Z,1,1,0.4679551422595978,0.5320448279380798
gue_emp_H3K4me1_frozen__bert-base-uncased__20260518T063955Z,1,1,0.47559261322021484,0.5244073867797852
gue_emp_H3K4me1_frozen__bert-base-uncased__20260518T063955Z,0,1,0.4713085889816284,0.5286914110183716
gue_emp_H3K4me1_frozen__bert-base-uncased__20260518T063955Z,0,1,0.4710284471511841,0.5289715528488159
gue_emp_H3K4me1_frozen__bert-base-uncased__20260518T063955Z,0,1,0.4711514413356781,0.5288485288619995
gue_emp_H3K4me1_frozen__bert-base-uncased__20260518T063955Z,1,1,0.4659053087234497,0.5340946316719055
gue_emp_H3K4me1_frozen__bert-base-uncased__20260518T063955Z,1,1,0.4664001762866974,0.5335997939109802
gue_emp_H3K4me1_frozen__bert-base-uncased__20260518T063955Z,0,1,0.46937596797943115,0.5306240320205688
gue_emp_H3K4me1_frozen__bert-base-uncased__20260518T063955Z,1,1,0.4746409058570862,0.5253590941429138
gue_emp_H3K4me1_frozen__bert-base-uncased__20260518T063955Z,0,1,0.47298741340637207,0.5270125865936279
gue_emp_H3K4me1_frozen__bert-base-uncased__20260518T063955Z,0,1,0.469797283411026,0.5302027463912964
gue_emp_H3K4me1_frozen__bert-base-uncased__20260518T063955Z,1,1,0.47208619117736816,0.5279137492179871
gue_emp_H3K4me1_frozen__bert-base-uncased__20260518T063955Z,0,1,0.46918511390686035,0.5308148860931396
gue_emp_H3K4me1_frozen__bert-base-uncased__20260518T063955Z,0,1,0.47113001346588135,0.5288699865341187
gue_emp_H3K4me1_frozen__bert-base-uncased__20260518T063955Z,0,1,0.4749092161655426,0.5250908136367798
gue_emp_H3K4me1_frozen__bert-base-uncased__20260518T063955Z,1,1,0.47328776121139526,0.5267122387886047
gue_emp_H3K4me1_frozen__bert-base-uncased__20260518T063955Z,1,1,0.4705672562122345,0.5294327735900879
gue_emp_H3K4me1_frozen__bert-base-uncased__20260518T063955Z,0,1,0.46900179982185364,0.530998170375824
gue_emp_H3K4me1_frozen__bert-base-uncased__20260518T063955Z,1,1,0.46568337082862854,0.5343165993690491
gue_emp_H3K4me1_frozen__bert-base-uncased__20260518T063955Z,1,1,0.4688951373100281,0.5311048626899719
gue_emp_H3K4me1_frozen__bert-base-uncased__20260518T063955Z,1,1,0.46696892380714417,0.5330310463905334
gue_emp_H3K4me1_frozen__bert-base-uncased__20260518T063955Z,1,1,0.47161146998405457,0.528388500213623
gue_emp_H3K4me1_frozen__bert-base-uncased__20260518T063955Z,0,1,0.4729004204273224,0.527099609375
gue_emp_H3K4me1_frozen__bert-base-uncased__20260518T063955Z,1,1,0.4666234850883484,0.5333765149116516
gue_emp_H3K4me1_frozen__bert-base-uncased__20260518T063955Z,1,1,0.4761489927768707,0.5238510370254517
gue_emp_H3K4me1_frozen__bert-base-uncased__20260518T063955Z,1,1,0.46820831298828125,0.5317916870117188
gue_emp_H3K4me1_frozen__bert-base-uncased__20260518T063955Z,1,1,0.46363359689712524,0.5363664031028748
gue_emp_H3K4me1_frozen__bert-base-uncased__20260518T063955Z,0,1,0.4620651602745056,0.5379348993301392
gue_emp_H3K4me1_frozen__bert-base-uncased__20260518T063955Z,1,1,0.4723108112812042,0.5276891589164734
gue_emp_H3K4me1_frozen__bert-base-uncased__20260518T063955Z,0,1,0.4684813916683197,0.5315186381340027
gue_emp_H3K4me1_frozen__bert-base-uncased__20260518T063955Z,0,1,0.47190725803375244,0.5280927419662476
gue_emp_H3K4me1_frozen__bert-base-uncased__20260518T063955Z,0,1,0.47230634093284607,0.5276936888694763
gue_emp_H3K4me1_frozen__bert-base-uncased__20260518T063955Z,1,1,0.4717167317867279,0.5282832980155945
gue_emp_H3K4me1_frozen__bert-base-uncased__20260518T063955Z,1,1,0.46780455112457275,0.532195508480072
gue_emp_H3K4me1_frozen__bert-base-uncased__20260518T063955Z,1,1,0.4652145802974701,0.5347854495048523
gue_emp_H3K4me1_frozen__bert-base-uncased__20260518T063955Z,1,1,0.47235435247421265,0.5276456475257874
gue_emp_H3K4me1_frozen__bert-base-uncased__20260518T063955Z,1,1,0.47193923592567444,0.5280607342720032
gue_emp_H3K4me1_frozen__bert-base-uncased__20260518T063955Z,0,1,0.46062976121902466,0.5393702983856201
gue_emp_H3K4me1_frozen__bert-base-uncased__20260518T063955Z,1,1,0.46854928135871887,0.5314507484436035
gue_emp_H3K4me1_frozen__bert-base-uncased__20260518T063955Z,0,1,0.4742433428764343,0.5257567167282104
gue_emp_H3K4me1_frozen__bert-base-uncased__20260518T063955Z,1,1,0.472484827041626,0.527515172958374
gue_emp_H3K4me1_frozen__bert-base-uncased__20260518T063955Z,1,1,0.47669777274131775,0.5233022570610046
gue_emp_H3K4me1_frozen__bert-base-uncased__20260518T063955Z,1,1,0.4666423499584198,0.5333576202392578
gue_emp_H3K4me1_frozen__bert-base-uncased__20260518T063955Z,0,1,0.46885085105895996,0.5311490893363953
gue_emp_H3K4me1_frozen__bert-base-uncased__20260518T063955Z,1,1,0.47609081864356995,0.5239092111587524
gue_emp_H3K4me1_frozen__bert-base-uncased__20260518T063955Z,0,1,0.47682833671569824,0.5231716632843018
gue_emp_H3K4me1_frozen__bert-base-uncased__20260518T063955Z,1,1,0.4692576229572296,0.5307424068450928
gue_emp_H3K4me1_frozen__bert-base-uncased__20260518T063955Z,1,1,0.4699234068393707,0.5300766229629517
gue_emp_H3K4me1_frozen__bert-base-uncased__20260518T063955Z,1,1,0.4535357654094696,0.546464204788208
gue_emp_H3K4me1_frozen__bert-base-uncased__20260518T063955Z,0,1,0.4655625522136688,0.5344374179840088
gue_emp_H3K4me1_frozen__bert-base-uncased__20260518T063955Z,0,1,0.46778279542922974,0.532217264175415
gue_emp_H3K4me1_frozen__bert-base-uncased__20260518T063955Z,1,1,0.4675104320049286,0.532489538192749
gue_emp_H3K4me1_frozen__bert-base-uncased__20260518T063955Z,1,1,0.475176066160202,0.5248239636421204
gue_emp_H3K4me1_frozen__bert-base-uncased__20260518T063955Z,1,1,0.46899527311325073,0.5310047268867493
gue_emp_H3K4me1_frozen__bert-base-uncased__20260518T063955Z,0,1,0.472433477640152,0.5275665521621704
gue_emp_H3K4me1_frozen__bert-base-uncased__20260518T063955Z,0,1,0.4709109663963318,0.5290890336036682
gue_emp_H3K4me1_frozen__bert-base-uncased__20260518T063955Z,0,1,0.4713948369026184,0.5286051630973816
gue_emp_H3K4me1_frozen__bert-base-uncased__20260518T063955Z,1,1,0.4710880517959595,0.5289119482040405
gue_emp_H3K4me1_frozen__bert-base-uncased__20260518T063955Z,0,1,0.47466355562210083,0.5253364443778992
gue_emp_H3K4me1_frozen__bert-base-uncased__20260518T063955Z,0,1,0.4726996123790741,0.5273004174232483
gue_emp_H3K4me1_frozen__bert-base-uncased__20260518T063955Z,1,1,0.4693276584148407,0.5306723117828369
gue_emp_H3K4me1_frozen__bert-base-uncased__20260518T063955Z,1,1,0.4697420597076416,0.5302579402923584
gue_emp_H3K4me1_frozen__bert-base-uncased__20260518T063955Z,0,1,0.46397024393081665,0.5360298156738281
gue_emp_H3K4me1_frozen__bert-base-uncased__20260518T063955Z,1,1,0.4703100919723511,0.5296899080276489
gue_emp_H3K4me1_frozen__bert-base-uncased__20260518T063955Z,1,1,0.4735370874404907,0.5264629125595093
gue_emp_H3K4me1_frozen__bert-base-uncased__20260518T063955Z,1,1,0.4606195092201233,0.5393804907798767
gue_emp_H3K4me1_frozen__bert-base-uncased__20260518T063955Z,0,1,0.46985745429992676,0.5301425457000732
gue_emp_H3K4me1_frozen__bert-base-uncased__20260518T063955Z,0,1,0.4691305458545685,0.5308694243431091
gue_emp_H3K4me1_frozen__bert-base-uncased__20260518T063955Z,1,1,0.46843409538269043,0.5315659046173096
gue_emp_H3K4me1_frozen__bert-base-uncased__20260518T063955Z,0,1,0.4676003158092499,0.5323997139930725
gue_emp_H3K4me1_frozen__bert-base-uncased__20260518T063955Z,0,1,0.4718230068683624,0.5281769633293152
gue_emp_H3K4me1_frozen__bert-base-uncased__20260518T063955Z,1,1,0.4747552275657654,0.5252447128295898
gue_emp_H3K4me1_frozen__bert-base-uncased__20260518T063955Z,0,1,0.4775502383708954,0.5224497318267822
gue_emp_H3K4me1_frozen__bert-base-uncased__20260518T063955Z,1,1,0.4739075303077698,0.5260924100875854
gue_emp_H3K4me1_frozen__bert-base-uncased__20260518T063955Z,0,1,0.47073230147361755,0.5292676687240601
gue_emp_H3K4me1_frozen__bert-base-uncased__20260518T063955Z,1,1,0.4682532846927643,0.5317466855049133
gue_emp_H3K4me1_frozen__bert-base-uncased__20260518T063955Z,0,1,0.465326189994812,0.5346737504005432
gue_emp_H3K4me1_frozen__bert-base-uncased__20260518T063955Z,1,1,0.4741736650466919,0.5258263945579529
gue_emp_H3K4me1_frozen__bert-base-uncased__20260518T063955Z,1,1,0.47519347071647644,0.524806559085846
gue_emp_H3K4me1_frozen__bert-base-uncased__20260518T063955Z,0,1,0.4701671004295349,0.5298328995704651
gue_emp_H3K4me1_frozen__bert-base-uncased__20260518T063955Z,0,1,0.46915557980537415,0.5308444499969482
gue_emp_H3K4me1_frozen__bert-base-uncased__20260518T063955Z,1,1,0.4685662090778351,0.5314338207244873
gue_emp_H3K4me1_frozen__bert-base-uncased__20260518T063955Z,0,1,0.4712471663951874,0.5287528038024902
gue_emp_H3K4me1_frozen__bert-base-uncased__20260518T063955Z,1,1,0.46835997700691223,0.5316400527954102
gue_emp_H3K4me1_frozen__bert-base-uncased__20260518T063955Z,0,1,0.4709441363811493,0.5290558338165283
gue_emp_H3K4me1_frozen__bert-base-uncased__20260518T063955Z,0,1,0.4681895077228546,0.531810462474823
gue_emp_H3K4me1_frozen__bert-base-uncased__20260518T063955Z,0,1,0.4761550724506378,0.5238448977470398
gue_emp_H3K4me1_frozen__bert-base-uncased__20260518T063955Z,1,1,0.47038576006889343,0.5296142101287842
gue_emp_H3K4me1_frozen__bert-base-uncased__20260518T063955Z,0,1,0.4700639843940735,0.5299360156059265
gue_emp_H3K4me1_frozen__bert-base-uncased__20260518T063955Z,1,1,0.4707488715648651,0.5292510986328125
gue_emp_H3K4me1_frozen__bert-base-uncased__20260518T063955Z,1,1,0.46303144097328186,0.5369685888290405
gue_emp_H3K4me1_frozen__bert-base-uncased__20260518T063955Z,1,1,0.4610476493835449,0.5389523506164551
gue_emp_H3K4me1_frozen__bert-base-uncased__20260518T063955Z,1,1,0.4662526249885559,0.5337474346160889
gue_emp_H3K4me1_frozen__bert-base-uncased__20260518T063955Z,1,1,0.4727333188056946,0.5272667407989502
gue_emp_H3K4me1_frozen__bert-base-uncased__20260518T063955Z,0,1,0.47665169835090637,0.5233482718467712
gue_emp_H3K4me1_frozen__bert-base-uncased__20260518T063955Z,1,1,0.47257688641548157,0.5274231433868408
gue_emp_H3K4me1_frozen__bert-base-uncased__20260518T063955Z,0,1,0.47208869457244873,0.5279113054275513
gue_emp_H3K4me1_frozen__bert-base-uncased__20260518T063955Z,0,1,0.46854785084724426,0.5314521193504333
gue_emp_H3K4me1_frozen__bert-base-uncased__20260518T063955Z,1,1,0.468631386756897,0.531368613243103
gue_emp_H3K4me1_frozen__bert-base-uncased__20260518T063955Z,0,1,0.46173185110092163,0.5382681488990784
gue_emp_H3K4me1_frozen__bert-base-uncased__20260518T063955Z,0,1,0.47143101692199707,0.5285689830780029
gue_emp_H3K4me1_frozen__bert-base-uncased__20260518T063955Z,1,1,0.4699963331222534,0.5300036668777466
gue_emp_H3K4me1_frozen__bert-base-uncased__20260518T063955Z,0,1,0.4728657603263855,0.5271341800689697
gue_emp_H3K4me1_frozen__bert-base-uncased__20260518T063955Z,0,1,0.4768170714378357,0.5231829881668091
gue_emp_H3K4me1_frozen__bert-base-uncased__20260518T063955Z,0,1,0.46807557344436646,0.5319244265556335
gue_emp_H3K4me1_frozen__bert-base-uncased__20260518T063955Z,1,1,0.4754759669303894,0.5245240330696106
gue_emp_H3K4me1_frozen__bert-base-uncased__20260518T063955Z,0,1,0.4744378626346588,0.5255621075630188
gue_emp_H3K4me1_frozen__bert-base-uncased__20260518T063955Z,1,1,0.4736732542514801,0.5263267159461975
gue_emp_H3K4me1_frozen__bert-base-uncased__20260518T063955Z,0,1,0.46951019763946533,0.5304898023605347
gue_emp_H3K4me1_frozen__bert-base-uncased__20260518T063955Z,0,1,0.465620756149292,0.5343793034553528
gue_emp_H3K4me1_frozen__bert-base-uncased__20260518T063955Z,1,1,0.4715307056903839,0.5284692645072937
gue_emp_H3K4me1_frozen__bert-base-uncased__20260518T063955Z,1,1,0.474419504404068,0.5255804657936096
gue_emp_H3K4me1_frozen__bert-base-uncased__20260518T063955Z,0,1,0.4735047519207001,0.5264952778816223
gue_emp_H3K4me1_frozen__bert-base-uncased__20260518T063955Z,0,1,0.4715079367160797,0.5284920334815979
gue_emp_H3K4me1_frozen__bert-base-uncased__20260518T063955Z,1,1,0.4680720269680023,0.5319279432296753
gue_emp_H3K4me1_frozen__bert-base-uncased__20260518T063955Z,1,1,0.48153913021087646,0.5184608101844788
gue_emp_H3K4me1_frozen__bert-base-uncased__20260518T063955Z,0,1,0.4763811528682709,0.5236188173294067
gue_emp_H3K4me1_frozen__bert-base-uncased__20260518T063955Z,1,1,0.4745648205280304,0.5254351496696472
gue_emp_H3K4me1_frozen__bert-base-uncased__20260518T063955Z,1,1,0.4743236303329468,0.5256763696670532
gue_emp_H3K4me1_frozen__bert-base-uncased__20260518T063955Z,1,1,0.47178199887275696,0.5282180309295654
gue_emp_H3K4me1_frozen__bert-base-uncased__20260518T063955Z,0,1,0.4695277810096741,0.5304722189903259
gue_emp_H3K4me1_frozen__bert-base-uncased__20260518T063955Z,0,1,0.46395379304885864,0.5360462069511414
gue_emp_H3K4me1_frozen__bert-base-uncased__20260518T063955Z,0,1,0.4736308753490448,0.5263691544532776
gue_emp_H3K4me1_frozen__bert-base-uncased__20260518T063955Z,1,1,0.47550255060195923,0.524497389793396
gue_emp_H3K4me1_frozen__bert-base-uncased__20260518T063955Z,1,1,0.4622049629688263,0.5377950072288513
gue_emp_H3K4me1_frozen__bert-base-uncased__20260518T063955Z,0,1,0.4693202078342438,0.5306798219680786
gue_emp_H3K4me1_frozen__bert-base-uncased__20260518T063955Z,0,1,0.4691227078437805,0.5308772921562195
gue_emp_H3K4me1_frozen__bert-base-uncased__20260518T063955Z,1,1,0.46962347626686096,0.5303764939308167
gue_emp_H3K4me1_frozen__bert-base-uncased__20260518T063955Z,1,1,0.4760587513446808,0.5239412784576416
gue_emp_H3K4me1_frozen__bert-base-uncased__20260518T063955Z,1,1,0.47114473581314087,0.5288552641868591
gue_emp_H3K4me1_frozen__bert-base-uncased__20260518T063955Z,1,1,0.47041192650794983,0.5295881032943726
gue_emp_H3K4me1_frozen__bert-base-uncased__20260518T063955Z,1,1,0.47128671407699585,0.5287133455276489
gue_emp_H3K4me1_frozen__bert-base-uncased__20260518T063955Z,1,1,0.47005927562713623,0.5299407243728638
gue_emp_H3K4me1_frozen__bert-base-uncased__20260518T063955Z,1,1,0.474081426858902,0.5259186029434204
gue_emp_H3K4me1_frozen__bert-base-uncased__20260518T063955Z,1,1,0.4721277356147766,0.5278722643852234
gue_emp_H3K4me1_frozen__bert-base-uncased__20260518T063955Z,0,1,0.46735718846321106,0.5326427817344666
gue_emp_H3K4me1_frozen__bert-base-uncased__20260518T063955Z,1,1,0.4663015902042389,0.5336983799934387
gue_emp_H3K4me1_frozen__bert-base-uncased__20260518T063955Z,1,1,0.47283703088760376,0.5271629691123962
gue_emp_H3K4me1_frozen__bert-base-uncased__20260518T063955Z,1,1,0.4623909592628479,0.5376090407371521
gue_emp_H3K4me1_frozen__bert-base-uncased__20260518T063955Z,1,1,0.476200670003891,0.5237993001937866
gue_emp_H3K4me1_frozen__bert-base-uncased__20260518T063955Z,1,1,0.4707740247249603,0.5292259454727173
gue_emp_H3K4me1_frozen__bert-base-uncased__20260518T063955Z,0,1,0.4713800549507141,0.5286199450492859
gue_emp_H3K4me1_frozen__bert-base-uncased__20260518T063955Z,1,1,0.4743202328681946,0.5256797671318054
gue_emp_H3K4me1_frozen__bert-base-uncased__20260518T063955Z,1,1,0.4685532748699188,0.5314466953277588
gue_emp_H3K4me1_frozen__bert-base-uncased__20260518T063955Z,1,1,0.4710393249988556,0.5289607048034668
gue_emp_H3K4me1_frozen__bert-base-uncased__20260518T063955Z,0,1,0.4629637598991394,0.5370362401008606
gue_emp_H3K4me1_frozen__bert-base-uncased__20260518T063955Z,0,1,0.4635215103626251,0.5364785194396973
gue_emp_H3K4me1_frozen__bert-base-uncased__20260518T063955Z,1,1,0.470682293176651,0.5293177366256714
gue_emp_H3K4me1_frozen__bert-base-uncased__20260518T063955Z,0,1,0.4732184410095215,0.5267815589904785
gue_emp_H3K4me1_frozen__bert-base-uncased__20260518T063955Z,1,1,0.4668053388595581,0.5331946611404419
gue_emp_H3K4me1_frozen__bert-base-uncased__20260518T063955Z,0,1,0.46882471442222595,0.5311752557754517
gue_emp_H3K4me1_frozen__bert-base-uncased__20260518T063955Z,1,1,0.4729694724082947,0.5270305275917053
gue_emp_H3K4me1_frozen__bert-base-uncased__20260518T063955Z,1,1,0.47315913438796997,0.52684086561203
gue_emp_H3K4me1_frozen__bert-base-uncased__20260518T063955Z,1,1,0.47358593344688416,0.5264140367507935
gue_emp_H3K4me1_frozen__bert-base-uncased__20260518T063955Z,1,1,0.47123193740844727,0.5287680625915527
gue_emp_H3K4me1_frozen__bert-base-uncased__20260518T063955Z,0,1,0.4707179367542267,0.5292820334434509
gue_emp_H3K4me1_frozen__bert-base-uncased__20260518T063955Z,0,1,0.46915000677108765,0.5308499932289124
gue_emp_H3K4me1_frozen__bert-base-uncased__20260518T063955Z,1,1,0.46733757853507996,0.5326623916625977
gue_emp_H3K4me1_frozen__bert-base-uncased__20260518T063955Z,0,1,0.4705438017845154,0.5294561982154846
gue_emp_H3K4me1_frozen__bert-base-uncased__20260518T063955Z,0,1,0.46891549229621887,0.5310844779014587
gue_emp_H3K4me1_frozen__bert-base-uncased__20260518T063955Z,1,1,0.4703408181667328,0.5296592116355896
gue_emp_H3K4me1_frozen__bert-base-uncased__20260518T063955Z,1,1,0.4710950255393982,0.5289050340652466
gue_emp_H3K4me1_frozen__bert-base-uncased__20260518T063955Z,0,1,0.47347864508628845,0.5265213847160339
gue_emp_H3K4me1_frozen__bert-base-uncased__20260518T063955Z,1,1,0.46754351258277893,0.5324564576148987
gue_emp_H3K4me1_frozen__bert-base-uncased__20260518T063955Z,1,1,0.4642500877380371,0.5357499122619629
gue_emp_H3K4me1_frozen__bert-base-uncased__20260518T063955Z,1,1,0.47572454810142517,0.5242754817008972
gue_emp_H3K4me1_frozen__bert-base-uncased__20260518T063955Z,0,1,0.47237154841423035,0.5276284217834473
gue_emp_H3K4me1_frozen__bert-base-uncased__20260518T063955Z,1,1,0.4633823037147522,0.5366176962852478
gue_emp_H3K4me1_frozen__bert-base-uncased__20260518T063955Z,0,1,0.4665623903274536,0.5334376096725464
gue_emp_H3K4me1_frozen__bert-base-uncased__20260518T063955Z,0,1,0.46893978118896484,0.5310602188110352
gue_emp_H3K4me1_frozen__bert-base-uncased__20260518T063955Z,0,1,0.47099924087524414,0.5290007591247559
gue_emp_H3K4me1_frozen__bert-base-uncased__20260518T063955Z,0,1,0.4710032343864441,0.5289967060089111
gue_emp_H3K4me1_frozen__bert-base-uncased__20260518T063955Z,1,1,0.47535547614097595,0.5246445536613464
gue_emp_H3K4me1_frozen__bert-base-uncased__20260518T063955Z,1,1,0.46876823902130127,0.531231701374054
gue_emp_H3K4me1_frozen__bert-base-uncased__20260518T063955Z,1,1,0.4747712314128876,0.52522873878479
gue_emp_H3K4me1_frozen__bert-base-uncased__20260518T063955Z,0,1,0.4714698791503906,0.5285301208496094
gue_emp_H3K4me1_frozen__bert-base-uncased__20260518T063955Z,1,1,0.47400233149528503,0.5259976387023926
gue_emp_H3K4me1_frozen__bert-base-uncased__20260518T063955Z,0,1,0.4720582067966461,0.5279417634010315
gue_emp_H3K4me1_frozen__bert-base-uncased__20260518T063955Z,0,1,0.46562471985816956,0.5343752503395081
gue_emp_H3K4me1_frozen__bert-base-uncased__20260518T063955Z,1,1,0.4668630361557007,0.5331369638442993
gue_emp_H3K4me1_frozen__bert-base-uncased__20260518T063955Z,1,1,0.46869778633117676,0.531302273273468
gue_emp_H3K4me1_frozen__bert-base-uncased__20260518T063955Z,1,1,0.47466352581977844,0.5253364443778992
gue_emp_H3K4me1_frozen__bert-base-uncased__20260518T063955Z,0,1,0.47095900774002075,0.5290409922599792
gue_emp_H3K4me1_frozen__bert-base-uncased__20260518T063955Z,0,1,0.4623359739780426,0.537663996219635
gue_emp_H3K4me1_frozen__bert-base-uncased__20260518T063955Z,0,1,0.46720951795578003,0.53279048204422
gue_emp_H3K4me1_frozen__bert-base-uncased__20260518T063955Z,0,1,0.47239288687705994,0.5276070833206177
gue_emp_H3K4me1_frozen__bert-base-uncased__20260518T063955Z,1,1,0.4637112021446228,0.5362887978553772
gue_emp_H3K4me1_frozen__bert-base-uncased__20260518T063955Z,1,1,0.4662494957447052,0.5337504744529724
gue_emp_H3K4me1_frozen__bert-base-uncased__20260518T063955Z,0,1,0.4669344127178192,0.5330656170845032
gue_emp_H3K4me1_frozen__bert-base-uncased__20260518T063955Z,1,1,0.47350138425827026,0.526498556137085
gue_emp_H3K4me1_frozen__bert-base-uncased__20260518T063955Z,1,1,0.46456587314605713,0.5354341268539429
gue_emp_H3K4me1_frozen__bert-base-uncased__20260518T063955Z,0,1,0.47144100069999695,0.5285589694976807
gue_emp_H3K4me1_frozen__bert-base-uncased__20260518T063955Z,0,1,0.46815451979637146,0.5318454504013062
gue_emp_H3K4me1_frozen__bert-base-uncased__20260518T063955Z,1,1,0.47195965051651,0.5280404090881348
gue_emp_H3K4me1_frozen__bert-base-uncased__20260518T063955Z,1,1,0.4739609956741333,0.5260390043258667
gue_emp_H3K4me1_frozen__bert-base-uncased__20260518T063955Z,1,1,0.47157514095306396,0.528424859046936
gue_emp_H3K4me1_frozen__bert-base-uncased__20260518T063955Z,0,1,0.469862699508667,0.5301372408866882
gue_emp_H3K4me1_frozen__bert-base-uncased__20260518T063955Z,1,1,0.47193634510040283,0.5280636548995972
gue_emp_H3K4me1_frozen__bert-base-uncased__20260518T063955Z,1,1,0.47476208209991455,0.5252379775047302
gue_emp_H3K4me1_frozen__bert-base-uncased__20260518T063955Z,0,1,0.4687667191028595,0.5312332510948181
gue_emp_H3K4me1_frozen__bert-base-uncased__20260518T063955Z,1,1,0.46529680490493774,0.5347031950950623
gue_emp_H3K4me1_frozen__bert-base-uncased__20260518T063955Z,1,1,0.46798908710479736,0.5320108532905579
gue_emp_H3K4me1_frozen__bert-base-uncased__20260518T063955Z,0,1,0.4634805917739868,0.5365194082260132
gue_emp_H3K4me1_frozen__bert-base-uncased__20260518T063955Z,0,1,0.47852933406829834,0.5214706063270569
gue_emp_H3K4me1_frozen__bert-base-uncased__20260518T063955Z,1,1,0.47061753273010254,0.5293824672698975
gue_emp_H3K4me1_frozen__bert-base-uncased__20260518T063955Z,0,1,0.4767400026321411,0.5232599973678589
gue_emp_H3K4me1_frozen__bert-base-uncased__20260518T063955Z,0,1,0.46985143423080444,0.5301485061645508
gue_emp_H3K4me1_frozen__bert-base-uncased__20260518T063955Z,0,1,0.4738495349884033,0.5261504650115967
gue_emp_H3K4me1_frozen__bert-base-uncased__20260518T063955Z,1,1,0.4687747061252594,0.5312252640724182
gue_emp_H3K4me1_frozen__bert-base-uncased__20260518T063955Z,0,1,0.4657271206378937,0.5342729091644287
gue_emp_H3K4me1_frozen__bert-base-uncased__20260518T063955Z,0,1,0.4688069224357605,0.5311931371688843
gue_emp_H3K4me1_frozen__bert-base-uncased__20260518T063955Z,0,1,0.4648047983646393,0.5351952314376831
gue_emp_H3K4me1_frozen__bert-base-uncased__20260518T063955Z,0,1,0.4704357087612152,0.5295642614364624
gue_emp_H3K4me1_frozen__bert-base-uncased__20260518T063955Z,1,1,0.47257372736930847,0.5274263024330139
gue_emp_H3K4me1_frozen__bert-base-uncased__20260518T063955Z,1,1,0.47196251153945923,0.5280374884605408
gue_emp_H3K4me1_frozen__bert-base-uncased__20260518T063955Z,0,1,0.4687986373901367,0.5312013626098633
gue_emp_H3K4me1_frozen__bert-base-uncased__20260518T063955Z,1,1,0.4686298966407776,0.5313701033592224
gue_emp_H3K4me1_frozen__bert-base-uncased__20260518T063955Z,1,1,0.4731072187423706,0.5268927812576294
gue_emp_H3K4me1_frozen__bert-base-uncased__20260518T063955Z,1,1,0.4727902412414551,0.5272097587585449
gue_emp_H3K4me1_frozen__bert-base-uncased__20260518T063955Z,1,1,0.47201839089393616,0.5279816389083862
gue_emp_H3K4me1_frozen__bert-base-uncased__20260518T063955Z,1,1,0.4690369963645935,0.5309630036354065
gue_emp_H3K4me1_frozen__bert-base-uncased__20260518T063955Z,1,1,0.4666194021701813,0.5333806276321411
gue_emp_H3K4me1_frozen__bert-base-uncased__20260518T063955Z,0,1,0.4687510132789612,0.531248927116394
gue_emp_H3K4me1_frozen__bert-base-uncased__20260518T063955Z,1,1,0.47608059644699097,0.523919403553009
gue_emp_H3K4me1_frozen__bert-base-uncased__20260518T063955Z,1,1,0.47432905435562134,0.5256708860397339
gue_emp_H3K4me1_frozen__bert-base-uncased__20260518T063955Z,0,1,0.4701995849609375,0.5298004150390625
gue_emp_H3K4me1_frozen__bert-base-uncased__20260518T063955Z,1,1,0.4727245271205902,0.5272755026817322
gue_emp_H3K4me1_frozen__bert-base-uncased__20260518T063955Z,1,1,0.46778586506843567,0.5322141051292419
gue_emp_H3K4me1_frozen__bert-base-uncased__20260518T063955Z,1,1,0.4680032730102539,0.5319967269897461
gue_emp_H3K4me1_frozen__bert-base-uncased__20260518T063955Z,0,1,0.472867488861084,0.527132511138916
gue_emp_H3K4me1_frozen__bert-base-uncased__20260518T063955Z,1,1,0.4671270549297333,0.5328729748725891
gue_emp_H3K4me1_frozen__bert-base-uncased__20260518T063955Z,1,1,0.4689764380455017,0.5310235619544983
gue_emp_H3K4me1_frozen__bert-base-uncased__20260518T063955Z,1,1,0.4682249128818512,0.5317751169204712
gue_emp_H3K4me1_frozen__bert-base-uncased__20260518T063955Z,0,1,0.47016337513923645,0.5298365950584412
gue_emp_H3K4me1_frozen__bert-base-uncased__20260518T063955Z,0,1,0.46899503469467163,0.5310049653053284
gue_emp_H3K4me1_frozen__bert-base-uncased__20260518T063955Z,1,1,0.47157013416290283,0.5284298658370972
gue_emp_H3K4me1_frozen__bert-base-uncased__20260518T063955Z,0,1,0.471678763628006,0.5283212065696716
gue_emp_H3K4me1_frozen__bert-base-uncased__20260518T063955Z,1,1,0.474915474653244,0.5250844955444336
gue_emp_H3K4me1_frozen__bert-base-uncased__20260518T063955Z,0,1,0.4697280824184418,0.5302719473838806
gue_emp_H3K4me1_frozen__bert-base-uncased__20260518T063955Z,1,1,0.4693644642829895,0.5306355357170105
gue_emp_H3K4me1_frozen__bert-base-uncased__20260518T063955Z,1,1,0.4633009433746338,0.5366990566253662
gue_emp_H3K4me1_frozen__bert-base-uncased__20260518T063955Z,1,1,0.4673571288585663,0.5326429009437561
gue_emp_H3K4me1_frozen__bert-base-uncased__20260518T063955Z,1,1,0.47273021936416626,0.5272697806358337
gue_emp_H3K4me1_frozen__bert-base-uncased__20260518T063955Z,0,1,0.46854105591773987,0.5314589142799377
gue_emp_H3K4me1_frozen__bert-base-uncased__20260518T063955Z,0,1,0.46979713439941406,0.5302028656005859
gue_emp_H3K4me1_frozen__bert-base-uncased__20260518T063955Z,0,1,0.469823956489563,0.530176043510437
gue_emp_H3K4me1_frozen__bert-base-uncased__20260518T063955Z,1,1,0.47029829025268555,0.5297017097473145
gue_emp_H3K4me1_frozen__bert-base-uncased__20260518T063955Z,1,1,0.47475728392601013,0.5252427458763123
gue_emp_H3K4me1_frozen__bert-base-uncased__20260518T063955Z,1,1,0.46800926327705383,0.5319907069206238
gue_emp_H3K4me1_frozen__bert-base-uncased__20260518T063955Z,0,1,0.45865535736083984,0.5413446426391602
gue_emp_H3K4me1_frozen__bert-base-uncased__20260518T063955Z,0,1,0.4723462462425232,0.5276537537574768
gue_emp_H3K4me1_frozen__bert-base-uncased__20260518T063955Z,0,1,0.4632628858089447,0.5367370843887329
gue_emp_H3K4me1_frozen__bert-base-uncased__20260518T063955Z,0,1,0.4680653512477875,0.5319346785545349
gue_emp_H3K4me1_frozen__bert-base-uncased__20260518T063955Z,0,1,0.47301626205444336,0.5269837379455566
gue_emp_H3K4me1_frozen__bert-base-uncased__20260518T063955Z,0,1,0.47140657901763916,0.5285934805870056
gue_emp_H3K4me1_frozen__bert-base-uncased__20260518T063955Z,0,1,0.46965929865837097,0.5303407311439514
gue_emp_H3K4me1_frozen__bert-base-uncased__20260518T063955Z,0,1,0.46537134051322937,0.5346286296844482
gue_emp_H3K4me1_frozen__bert-base-uncased__20260518T063955Z,1,1,0.47696051001548767,0.5230395197868347
gue_emp_H3K4me1_frozen__bert-base-uncased__20260518T063955Z,0,1,0.47096750140190125,0.5290324687957764
gue_emp_H3K4me1_frozen__bert-base-uncased__20260518T063955Z,1,1,0.4694645404815674,0.5305354595184326
gue_emp_H3K4me1_frozen__bert-base-uncased__20260518T063955Z,1,1,0.4760448634624481,0.5239551067352295
gue_emp_H3K4me1_frozen__bert-base-uncased__20260518T063955Z,0,1,0.4661375880241394,0.5338624119758606
gue_emp_H3K4me1_frozen__bert-base-uncased__20260518T063955Z,1,1,0.4694690406322479,0.5305309295654297
gue_emp_H3K4me1_frozen__bert-base-uncased__20260518T063955Z,1,1,0.46071720123291016,0.5392827391624451
gue_emp_H3K4me1_frozen__bert-base-uncased__20260518T063955Z,0,1,0.46886464953422546,0.5311353206634521
gue_emp_H3K4me1_frozen__bert-base-uncased__20260518T063955Z,1,1,0.46944332122802734,0.5305566787719727
gue_emp_H3K4me1_frozen__bert-base-uncased__20260518T063955Z,1,1,0.4654289782047272,0.5345709919929504
gue_emp_H3K4me1_frozen__bert-base-uncased__20260518T063955Z,0,1,0.4688648581504822,0.5311351418495178
gue_emp_H3K4me1_frozen__bert-base-uncased__20260518T063955Z,0,1,0.4742048978805542,0.5257951021194458
gue_emp_H3K4me1_frozen__bert-base-uncased__20260518T063955Z,1,1,0.4707300066947937,0.5292699337005615
gue_emp_H3K4me1_frozen__bert-base-uncased__20260518T063955Z,1,1,0.467605322599411,0.5323946475982666
gue_emp_H3K4me1_frozen__bert-base-uncased__20260518T063955Z,0,1,0.4745878577232361,0.5254121422767639
gue_emp_H3K4me1_frozen__bert-base-uncased__20260518T063955Z,1,1,0.47414538264274597,0.5258546471595764
gue_emp_H3K4me1_frozen__bert-base-uncased__20260518T063955Z,0,1,0.4640262722969055,0.5359737277030945
gue_emp_H3K4me1_frozen__bert-base-uncased__20260518T063955Z,0,1,0.4716280400753021,0.5283719897270203
gue_emp_H3K4me1_frozen__bert-base-uncased__20260518T063955Z,1,1,0.46787625551223755,0.5321238040924072
gue_emp_H3K4me1_frozen__bert-base-uncased__20260518T063955Z,1,1,0.4710257053375244,0.5289742946624756
gue_emp_H3K4me1_frozen__bert-base-uncased__20260518T063955Z,0,1,0.4680309295654297,0.5319691300392151
gue_emp_H3K4me1_frozen__bert-base-uncased__20260518T063955Z,0,1,0.47217270731925964,0.527827262878418
gue_emp_H3K4me1_frozen__bert-base-uncased__20260518T063955Z,1,1,0.4700969457626343,0.5299030542373657
gue_emp_H3K4me1_frozen__bert-base-uncased__20260518T063955Z,0,1,0.4651218056678772,0.5348781943321228
gue_emp_H3K4me1_frozen__bert-base-uncased__20260518T063955Z,0,1,0.4685724973678589,0.5314275026321411
gue_emp_H3K4me1_frozen__bert-base-uncased__20260518T063955Z,0,1,0.4723564684391022,0.5276435613632202
gue_emp_H3K4me1_frozen__bert-base-uncased__20260518T063955Z,1,1,0.4734645187854767,0.5265355110168457
gue_emp_H3K4me1_frozen__bert-base-uncased__20260518T063955Z,1,1,0.4653242230415344,0.5346757769584656
gue_emp_H3K4me1_frozen__bert-base-uncased__20260518T063955Z,0,1,0.4665612280368805,0.5334387421607971
gue_emp_H3K4me1_frozen__bert-base-uncased__20260518T063955Z,1,1,0.47216862440109253,0.5278313159942627
gue_emp_H3K4me1_frozen__bert-base-uncased__20260518T063955Z,1,1,0.46881335973739624,0.5311866402626038
gue_emp_H3K4me1_frozen__bert-base-uncased__20260518T063955Z,0,1,0.4717409014701843,0.5282590389251709
gue_emp_H3K4me1_frozen__bert-base-uncased__20260518T063955Z,1,1,0.46525898575782776,0.5347410440444946
gue_emp_H3K4me1_frozen__bert-base-uncased__20260518T063955Z,0,1,0.468376100063324,0.5316239595413208
gue_emp_H3K4me1_frozen__bert-base-uncased__20260518T063955Z,0,1,0.4724627733230591,0.5275372266769409
gue_emp_H3K4me1_frozen__bert-base-uncased__20260518T063955Z,0,1,0.4763525128364563,0.5236474275588989
gue_emp_H3K4me1_frozen__bert-base-uncased__20260518T063955Z,0,1,0.47194063663482666,0.5280593633651733
gue_emp_H3K4me1_frozen__bert-base-uncased__20260518T063955Z,1,1,0.4683397114276886,0.5316603183746338
gue_emp_H3K4me1_frozen__bert-base-uncased__20260518T063955Z,0,1,0.46255457401275635,0.5374454259872437
gue_emp_H3K4me1_frozen__bert-base-uncased__20260518T063955Z,1,1,0.4734936058521271,0.5265063643455505
gue_emp_H3K4me1_frozen__bert-base-uncased__20260518T063955Z,0,1,0.46917620301246643,0.5308237671852112
gue_emp_H3K4me1_frozen__bert-base-uncased__20260518T063955Z,1,1,0.47678130865097046,0.5232186913490295
gue_emp_H3K4me1_frozen__bert-base-uncased__20260518T063955Z,0,1,0.47314831614494324,0.5268516540527344
gue_emp_H3K4me1_frozen__bert-base-uncased__20260518T063955Z,1,1,0.4680365025997162,0.5319635272026062
gue_emp_H3K4me1_frozen__bert-base-uncased__20260518T063955Z,1,1,0.4720652997493744,0.527934730052948
gue_emp_H3K4me1_frozen__bert-base-uncased__20260518T063955Z,1,1,0.46283653378486633,0.537163496017456
gue_emp_H3K4me1_frozen__bert-base-uncased__20260518T063955Z,0,1,0.4699481129646301,0.5300519466400146
gue_emp_H3K4me1_frozen__bert-base-uncased__20260518T063955Z,1,1,0.46579405665397644,0.5342059135437012
gue_emp_H3K4me1_frozen__bert-base-uncased__20260518T063955Z,1,1,0.46518975496292114,0.5348102450370789
gue_emp_H3K4me1_frozen__bert-base-uncased__20260518T063955Z,0,1,0.47131720185279846,0.5286828279495239
gue_emp_H3K4me1_frozen__bert-base-uncased__20260518T063955Z,1,1,0.4656054377555847,0.5343946218490601
gue_emp_H3K4me1_frozen__bert-base-uncased__20260518T063955Z,0,1,0.46577638387680054,0.5342236161231995
gue_emp_H3K4me1_frozen__bert-base-uncased__20260518T063955Z,1,1,0.47097867727279663,0.5290213227272034
gue_emp_H3K4me1_frozen__bert-base-uncased__20260518T063955Z,1,1,0.4723570942878723,0.5276429653167725
gue_emp_H3K4me1_frozen__bert-base-uncased__20260518T063955Z,0,1,0.47039225697517395,0.5296077728271484
gue_emp_H3K4me1_frozen__bert-base-uncased__20260518T063955Z,0,1,0.4650651812553406,0.5349348187446594
gue_emp_H3K4me1_frozen__bert-base-uncased__20260518T063955Z,0,1,0.4703960716724396,0.5296039581298828
gue_emp_H3K4me1_frozen__bert-base-uncased__20260518T063955Z,1,1,0.4696093499660492,0.5303906202316284
gue_emp_H3K4me1_frozen__bert-base-uncased__20260518T063955Z,1,1,0.4688456058502197,0.5311543941497803
gue_emp_H3K4me1_frozen__bert-base-uncased__20260518T063955Z,1,1,0.4684320092201233,0.5315679311752319
gue_emp_H3K4me1_frozen__bert-base-uncased__20260518T063955Z,1,1,0.4624558687210083,0.5375441312789917
gue_emp_H3K4me1_frozen__bert-base-uncased__20260518T063955Z,0,1,0.4700595438480377,0.5299404263496399
gue_emp_H3K4me1_frozen__bert-base-uncased__20260518T063955Z,1,1,0.46486929059028625,0.5351307392120361
gue_emp_H3K4me1_frozen__bert-base-uncased__20260518T063955Z,1,1,0.4610753357410431,0.5389246344566345
gue_emp_H3K4me1_frozen__bert-base-uncased__20260518T063955Z,1,1,0.47647982835769653,0.5235201716423035
gue_emp_H3K4me1_frozen__bert-base-uncased__20260518T063955Z,1,1,0.47233280539512634,0.5276671648025513
gue_emp_H3K4me1_frozen__bert-base-uncased__20260518T063955Z,1,1,0.46578070521354675,0.5342193245887756
gue_emp_H3K4me1_frozen__bert-base-uncased__20260518T063955Z,0,1,0.4714820981025696,0.5285179018974304
gue_emp_H3K4me1_frozen__bert-base-uncased__20260518T063955Z,0,1,0.47027841210365295,0.5297216176986694
gue_emp_H3K4me1_frozen__bert-base-uncased__20260518T063955Z,0,1,0.4706369936466217,0.5293629765510559
gue_emp_H3K4me1_frozen__bert-base-uncased__20260518T063955Z,0,1,0.4710403382778168,0.5289596915245056
gue_emp_H3K4me1_frozen__bert-base-uncased__20260518T063955Z,0,1,0.4652974009513855,0.5347025990486145
gue_emp_H3K4me1_frozen__bert-base-uncased__20260518T063955Z,1,1,0.47271430492401123,0.5272856950759888
gue_emp_H3K4me1_frozen__bert-base-uncased__20260518T063955Z,1,1,0.4718172252178192,0.5281828045845032
gue_emp_H3K4me1_frozen__bert-base-uncased__20260518T063955Z,0,1,0.465671569108963,0.5343284606933594
gue_emp_H3K4me1_frozen__bert-base-uncased__20260518T063955Z,0,1,0.46993330121040344,0.5300666689872742
gue_emp_H3K4me1_frozen__bert-base-uncased__20260518T063955Z,1,1,0.46975183486938477,0.5302481651306152
gue_emp_H3K4me1_frozen__bert-base-uncased__20260518T063955Z,0,1,0.4680165648460388,0.5319834351539612
gue_emp_H3K4me1_frozen__bert-base-uncased__20260518T063955Z,1,1,0.4675103425979614,0.5324896574020386
gue_emp_H3K4me1_frozen__bert-base-uncased__20260518T063955Z,1,1,0.4654000997543335,0.5345999002456665
gue_emp_H3K4me1_frozen__bert-base-uncased__20260518T063955Z,1,1,0.46850672364234924,0.5314933061599731
gue_emp_H3K4me1_frozen__bert-base-uncased__20260518T063955Z,1,1,0.4765556752681732,0.5234443545341492
gue_emp_H3K4me1_frozen__bert-base-uncased__20260518T063955Z,1,1,0.4707490801811218,0.5292509198188782
gue_emp_H3K4me1_frozen__bert-base-uncased__20260518T063955Z,0,1,0.4668501615524292,0.5331498384475708
gue_emp_H3K4me1_frozen__bert-base-uncased__20260518T063955Z,1,1,0.47007447481155396,0.5299254655838013
gue_emp_H3K4me1_frozen__bert-base-uncased__20260518T063955Z,1,1,0.4675249755382538,0.5324750542640686
gue_emp_H3K4me1_frozen__bert-base-uncased__20260518T063955Z,1,1,0.4719948172569275,0.5280051827430725
gue_emp_H3K4me1_frozen__bert-base-uncased__20260518T063955Z,1,1,0.46765485405921936,0.532345175743103
gue_emp_H3K4me1_frozen__bert-base-uncased__20260518T063955Z,1,1,0.4688670039176941,0.5311329960823059
gue_emp_H3K4me1_frozen__bert-base-uncased__20260518T063955Z,0,1,0.47589436173439026,0.5241056084632874
gue_emp_H3K4me1_frozen__bert-base-uncased__20260518T063955Z,1,1,0.47263890504837036,0.5273610949516296
gue_emp_H3K4me1_frozen__bert-base-uncased__20260518T063955Z,1,1,0.4725058674812317,0.5274941921234131
gue_emp_H3K4me1_frozen__bert-base-uncased__20260518T063955Z,1,1,0.468755304813385,0.531244695186615
gue_emp_H3K4me1_frozen__bert-base-uncased__20260518T063955Z,1,1,0.474269300699234,0.5257307291030884
gue_emp_H3K4me1_frozen__bert-base-uncased__20260518T063955Z,1,1,0.46949532628059387,0.5305046439170837
gue_emp_H3K4me1_frozen__bert-base-uncased__20260518T063955Z,0,1,0.46522510051727295,0.5347749590873718
gue_emp_H3K4me1_frozen__bert-base-uncased__20260518T063955Z,1,1,0.4741159677505493,0.5258840322494507
gue_emp_H3K4me1_frozen__bert-base-uncased__20260518T063955Z,1,1,0.4728260934352875,0.5271739363670349
gue_emp_H3K4me1_frozen__bert-base-uncased__20260518T063955Z,0,1,0.47133389115333557,0.5286661386489868
gue_emp_H3K4me1_frozen__bert-base-uncased__20260518T063955Z,1,1,0.4702925384044647,0.5297074913978577
gue_emp_H3K4me1_frozen__bert-base-uncased__20260518T063955Z,0,1,0.46448463201522827,0.5355153679847717
gue_emp_H3K4me1_frozen__bert-base-uncased__20260518T063955Z,1,1,0.47606706619262695,0.5239329934120178
gue_emp_H3K4me1_frozen__bert-base-uncased__20260518T063955Z,0,1,0.47172167897224426,0.5282783508300781
gue_emp_H3K4me1_frozen__bert-base-uncased__20260518T063955Z,0,1,0.4730684757232666,0.5269315242767334
gue_emp_H3K4me1_frozen__bert-base-uncased__20260518T063955Z,0,1,0.47161486744880676,0.5283851027488708
gue_emp_H3K4me1_frozen__bert-base-uncased__20260518T063955Z,0,1,0.461185485124588,0.5388144850730896
gue_emp_H3K4me1_frozen__bert-base-uncased__20260518T063955Z,0,1,0.4656737744808197,0.5343261957168579
gue_emp_H3K4me1_frozen__bert-base-uncased__20260518T063955Z,1,1,0.4622451961040497,0.5377547740936279
gue_emp_H3K4me1_frozen__bert-base-uncased__20260518T063955Z,1,1,0.4672200679779053,0.5327799320220947
gue_emp_H3K4me1_frozen__bert-base-uncased__20260518T063955Z,1,1,0.47523218393325806,0.5247678160667419
gue_emp_H3K4me1_frozen__bert-base-uncased__20260518T063955Z,0,1,0.4680454432964325,0.5319545865058899
gue_emp_H3K4me1_frozen__bert-base-uncased__20260518T063955Z,0,1,0.46908140182495117,0.5309185981750488
gue_emp_H3K4me1_frozen__bert-base-uncased__20260518T063955Z,0,1,0.4703642427921295,0.5296357870101929
gue_emp_H3K4me1_frozen__bert-base-uncased__20260518T063955Z,0,1,0.47082364559173584,0.5291763544082642
gue_emp_H3K4me1_frozen__bert-base-uncased__20260518T063955Z,1,1,0.4622376263141632,0.5377624034881592
gue_emp_H3K4me1_frozen__bert-base-uncased__20260518T063955Z,1,1,0.46803364157676697,0.5319663286209106
gue_emp_H3K4me1_frozen__bert-base-uncased__20260518T063955Z,1,1,0.47251278162002563,0.5274872183799744
gue_emp_H3K4me1_frozen__bert-base-uncased__20260518T063955Z,1,1,0.4653019309043884,0.5346981287002563
gue_emp_H3K4me1_frozen__bert-base-uncased__20260518T063955Z,1,1,0.4650791883468628,0.5349208116531372
gue_emp_H3K4me1_frozen__bert-base-uncased__20260518T063955Z,1,1,0.4705764949321747,0.5294235348701477
gue_emp_H3K4me1_frozen__bert-base-uncased__20260518T063955Z,1,1,0.4686289429664612,0.5313710570335388
gue_emp_H3K4me1_frozen__bert-base-uncased__20260518T063955Z,0,1,0.4676971435546875,0.5323027968406677
gue_emp_H3K4me1_frozen__bert-base-uncased__20260518T063955Z,0,1,0.4657730758190155,0.5342268943786621
gue_emp_H3K4me1_frozen__bert-base-uncased__20260518T063955Z,0,1,0.46292075514793396,0.5370792746543884
gue_emp_H3K4me1_frozen__bert-base-uncased__20260518T063955Z,0,1,0.46690288186073303,0.5330970883369446
gue_emp_H3K4me1_frozen__bert-base-uncased__20260518T063955Z,0,1,0.470069020986557,0.5299309492111206
gue_emp_H3K4me1_frozen__bert-base-uncased__20260518T063955Z,0,1,0.4776800572872162,0.5223199725151062
gue_emp_H3K4me1_frozen__bert-base-uncased__20260518T063955Z,0,1,0.4695684313774109,0.5304315090179443
gue_emp_H3K4me1_frozen__bert-base-uncased__20260518T063955Z,0,1,0.4728679060935974,0.5271320939064026
gue_emp_H3K4me1_frozen__bert-base-uncased__20260518T063955Z,0,1,0.4695605933666229,0.5304393768310547
gue_emp_H3K4me1_frozen__bert-base-uncased__20260518T063955Z,1,1,0.47582048177719116,0.5241795182228088
gue_emp_H3K4me1_frozen__bert-base-uncased__20260518T063955Z,1,1,0.47351500391960144,0.526485025882721
gue_emp_H3K4me1_frozen__bert-base-uncased__20260518T063955Z,0,1,0.46541252732276917,0.5345874428749084
gue_emp_H3K4me1_frozen__bert-base-uncased__20260518T063955Z,1,1,0.4703165590763092,0.5296834707260132
gue_emp_H3K4me1_frozen__bert-base-uncased__20260518T063955Z,0,1,0.46375083923339844,0.5362491607666016
gue_emp_H3K4me1_frozen__bert-base-uncased__20260518T063955Z,1,1,0.46633225679397583,0.5336677432060242
gue_emp_H3K4me1_frozen__bert-base-uncased__20260518T063955Z,1,1,0.473749041557312,0.526250958442688
gue_emp_H3K4me1_frozen__bert-base-uncased__20260518T063955Z,1,1,0.46746960282325745,0.5325304269790649
gue_emp_H3K4me1_frozen__bert-base-uncased__20260518T063955Z,0,1,0.4718785583972931,0.5281214118003845
gue_emp_H3K4me1_frozen__bert-base-uncased__20260518T063955Z,1,1,0.46912387013435364,0.5308761596679688
gue_emp_H3K4me1_frozen__bert-base-uncased__20260518T063955Z,1,1,0.4657129943370819,0.5342869758605957
gue_emp_H3K4me1_frozen__bert-base-uncased__20260518T063955Z,0,1,0.47299259901046753,0.5270074009895325
gue_emp_H3K4me1_frozen__bert-base-uncased__20260518T063955Z,0,1,0.4707011282444,0.5292989015579224
gue_emp_H3K4me1_frozen__bert-base-uncased__20260518T063955Z,0,1,0.4662282466888428,0.533771812915802
gue_emp_H3K4me1_frozen__bert-base-uncased__20260518T063955Z,1,1,0.4695143699645996,0.5304855704307556
gue_emp_H3K4me1_frozen__bert-base-uncased__20260518T063955Z,0,1,0.46769410371780396,0.5323058366775513
gue_emp_H3K4me1_frozen__bert-base-uncased__20260518T063955Z,1,1,0.4712815582752228,0.5287184715270996
gue_emp_H3K4me1_frozen__bert-base-uncased__20260518T063955Z,0,1,0.47230663895606995,0.5276933908462524
gue_emp_H3K4me1_frozen__bert-base-uncased__20260518T063955Z,1,1,0.46664589643478394,0.5333541035652161
gue_emp_H3K4me1_frozen__bert-base-uncased__20260518T063955Z,1,1,0.46381276845932007,0.5361872911453247
gue_emp_H3K4me1_frozen__bert-base-uncased__20260518T063955Z,1,1,0.4630339741706848,0.5369660258293152
gue_emp_H3K4me1_frozen__bert-base-uncased__20260518T063955Z,0,1,0.47394150495529175,0.5260584354400635
gue_emp_H3K4me1_frozen__bert-base-uncased__20260518T063955Z,1,1,0.476600706577301,0.523399293422699
gue_emp_H3K4me1_frozen__bert-base-uncased__20260518T063955Z,0,1,0.46627169847488403,0.533728301525116
gue_emp_H3K4me1_frozen__bert-base-uncased__20260518T063955Z,0,1,0.4790549874305725,0.5209450125694275
gue_emp_H3K4me1_frozen__bert-base-uncased__20260518T063955Z,1,1,0.46491754055023193,0.5350823998451233
gue_emp_H3K4me1_frozen__bert-base-uncased__20260518T063955Z,0,1,0.4649549424648285,0.5350450873374939
gue_emp_H3K4me1_frozen__bert-base-uncased__20260518T063955Z,1,1,0.4688531458377838,0.5311468839645386
gue_emp_H3K4me1_frozen__bert-base-uncased__20260518T063955Z,1,1,0.4722523093223572,0.5277476906776428
gue_emp_H3K4me1_frozen__bert-base-uncased__20260518T063955Z,1,1,0.4755781888961792,0.5244218111038208
gue_emp_H3K4me1_frozen__bert-base-uncased__20260518T063955Z,0,1,0.4646618068218231,0.5353381633758545
gue_emp_H3K4me1_frozen__bert-base-uncased__20260518T063955Z,0,1,0.471403032541275,0.5285969376564026
gue_emp_H3K4me1_frozen__bert-base-uncased__20260518T063955Z,1,1,0.46497443318367004,0.5350255370140076
gue_emp_H3K4me1_frozen__bert-base-uncased__20260518T063955Z,1,1,0.4707619249820709,0.5292380452156067
gue_emp_H3K4me1_frozen__bert-base-uncased__20260518T063955Z,0,1,0.4663269817829132,0.5336729884147644
gue_emp_H3K4me1_frozen__bert-base-uncased__20260518T063955Z,1,1,0.466592013835907,0.5334079265594482
gue_emp_H3K4me1_frozen__bert-base-uncased__20260518T063955Z,0,1,0.47293931245803833,0.5270606875419617
gue_emp_H3K4me1_frozen__bert-base-uncased__20260518T063955Z,0,1,0.471741646528244,0.5282583236694336
gue_emp_H3K4me1_frozen__bert-base-uncased__20260518T063955Z,1,1,0.4617260694503784,0.5382739305496216
gue_emp_H3K4me1_frozen__bert-base-uncased__20260518T063955Z,0,1,0.4690432548522949,0.5309567451477051
gue_emp_H3K4me1_frozen__bert-base-uncased__20260518T063955Z,1,1,0.47260767221450806,0.5273922681808472
gue_emp_H3K4me1_frozen__bert-base-uncased__20260518T063955Z,0,1,0.4697313904762268,0.5302685499191284
gue_emp_H3K4me1_frozen__bert-base-uncased__20260518T063955Z,1,1,0.4728350341320038,0.5271649360656738
gue_emp_H3K4me1_frozen__bert-base-uncased__20260518T063955Z,0,1,0.4716549515724182,0.5283450484275818
gue_emp_H3K4me1_frozen__bert-base-uncased__20260518T063955Z,1,1,0.47021424770355225,0.5297858119010925
gue_emp_H3K4me1_frozen__bert-base-uncased__20260518T063955Z,1,1,0.480983167886734,0.5190168619155884
gue_emp_H3K4me1_frozen__bert-base-uncased__20260518T063955Z,0,1,0.47164541482925415,0.5283545255661011
gue_emp_H3K4me1_frozen__bert-base-uncased__20260518T063955Z,1,1,0.4708598852157593,0.5291401743888855
gue_emp_H3K4me1_frozen__bert-base-uncased__20260518T063955Z,1,1,0.46825867891311646,0.5317413806915283
gue_emp_H3K4me1_frozen__bert-base-uncased__20260518T063955Z,1,1,0.4672442376613617,0.5327557325363159
gue_emp_H3K4me1_frozen__bert-base-uncased__20260518T063955Z,1,1,0.4755741059780121,0.5244259238243103
gue_emp_H3K4me1_frozen__bert-base-uncased__20260518T063955Z,0,1,0.46837618947029114,0.5316237807273865
gue_emp_H3K4me1_frozen__bert-base-uncased__20260518T063955Z,1,1,0.4711003601551056,0.528899610042572
gue_emp_H3K4me1_frozen__bert-base-uncased__20260518T063955Z,1,1,0.4755350649356842,0.5244649648666382
gue_emp_H3K4me1_frozen__bert-base-uncased__20260518T063955Z,1,1,0.4746539890766144,0.5253459811210632
gue_emp_H3K4me1_frozen__bert-base-uncased__20260518T063955Z,1,1,0.4670675992965698,0.5329324007034302
gue_emp_H3K4me1_frozen__bert-base-uncased__20260518T063955Z,1,1,0.4683697521686554,0.5316302180290222
gue_emp_H3K4me1_frozen__bert-base-uncased__20260518T063955Z,0,1,0.4612305164337158,0.5387694835662842
gue_emp_H3K4me1_frozen__bert-base-uncased__20260518T063955Z,0,1,0.4715556204319,0.5284443497657776
gue_emp_H3K4me1_frozen__bert-base-uncased__20260518T063955Z,1,1,0.47858133912086487,0.5214186906814575
gue_emp_H3K4me1_frozen__bert-base-uncased__20260518T063955Z,0,1,0.46693843603134155,0.5330615639686584
gue_emp_H3K4me1_frozen__bert-base-uncased__20260518T063955Z,0,1,0.46082803606987,0.5391719937324524
gue_emp_H3K4me1_frozen__bert-base-uncased__20260518T063955Z,1,1,0.4716879427433014,0.5283120274543762
gue_emp_H3K4me1_frozen__bert-base-uncased__20260518T063955Z,1,1,0.47155654430389404,0.5284433960914612
gue_emp_H3K4me1_frozen__bert-base-uncased__20260518T063955Z,1,1,0.4673424959182739,0.5326575040817261
gue_emp_H3K4me1_frozen__bert-base-uncased__20260518T063955Z,1,1,0.4752906262874603,0.5247094035148621
gue_emp_H3K4me1_frozen__bert-base-uncased__20260518T063955Z,1,1,0.4728499948978424,0.52715003490448
gue_emp_H3K4me1_frozen__bert-base-uncased__20260518T063955Z,1,1,0.4673556387424469,0.5326443910598755
gue_emp_H3K4me1_frozen__bert-base-uncased__20260518T063955Z,0,1,0.47023746371269226,0.5297625660896301
gue_emp_H3K4me1_frozen__bert-base-uncased__20260518T063955Z,1,1,0.46778160333633423,0.5322183966636658
gue_emp_H3K4me1_frozen__bert-base-uncased__20260518T063955Z,0,1,0.4725881814956665,0.5274118185043335
gue_emp_H3K4me1_frozen__bert-base-uncased__20260518T063955Z,1,1,0.48117244243621826,0.5188275575637817
gue_emp_H3K4me1_frozen__bert-base-uncased__20260518T063955Z,1,1,0.46869441866874695,0.5313056111335754
gue_emp_H3K4me1_frozen__bert-base-uncased__20260518T063955Z,0,1,0.4688926935195923,0.5311073660850525
gue_emp_H3K4me1_frozen__bert-base-uncased__20260518T063955Z,0,1,0.45948898792266846,0.5405110120773315
gue_emp_H3K4me1_frozen__bert-base-uncased__20260518T063955Z,1,1,0.47238919138908386,0.5276108384132385
gue_emp_H3K4me1_frozen__bert-base-uncased__20260518T063955Z,1,1,0.46835485100746155,0.5316451787948608
gue_emp_H3K4me1_frozen__bert-base-uncased__20260518T063955Z,0,1,0.4730699360370636,0.5269300937652588
gue_emp_H3K4me1_frozen__bert-base-uncased__20260518T063955Z,1,1,0.46804869174957275,0.5319513082504272
gue_emp_H3K4me1_frozen__bert-base-uncased__20260518T063955Z,1,1,0.4728388786315918,0.527161180973053
gue_emp_H3K4me1_frozen__bert-base-uncased__20260518T063955Z,1,1,0.47106581926345825,0.5289342403411865
gue_emp_H3K4me1_frozen__bert-base-uncased__20260518T063955Z,0,1,0.46981558203697205,0.5301844477653503
gue_emp_H3K4me1_frozen__bert-base-uncased__20260518T063955Z,1,1,0.4667724072933197,0.5332275629043579
gue_emp_H3K4me1_frozen__bert-base-uncased__20260518T063955Z,0,1,0.46557292342185974,0.5344271063804626
