run_id,true_label,predicted_label,prob_class_0,prob_class_1
gue_human_tf_0__zhihan1996_DNABERT-2-117M__20260520T225104Z,1,1,0.174480602145195,0.8255194425582886
gue_human_tf_0__zhihan1996_DNABERT-2-117M__20260520T225104Z,1,1,0.2864186763763428,0.7135813236236572
gue_human_tf_0__zhihan1996_DNABERT-2-117M__20260520T225104Z,1,1,0.04426587373018265,0.9557340741157532
gue_human_tf_0__zhihan1996_DNABERT-2-117M__20260520T225104Z,1,0,0.814643383026123,0.18535664677619934
gue_human_tf_0__zhihan1996_DNABERT-2-117M__20260520T225104Z,1,1,0.02280263416469097,0.9771973490715027
gue_human_tf_0__zhihan1996_DNABERT-2-117M__20260520T225104Z,1,1,0.05094090849161148,0.9490590691566467
gue_human_tf_0__zhihan1996_DNABERT-2-117M__20260520T225104Z,1,1,0.26985442638397217,0.7301456332206726
gue_human_tf_0__zhihan1996_DNABERT-2-117M__20260520T225104Z,1,1,0.022053316235542297,0.9779467582702637
gue_human_tf_0__zhihan1996_DNABERT-2-117M__20260520T225104Z,1,1,0.1475551873445511,0.8524448275566101
gue_human_tf_0__zhihan1996_DNABERT-2-117M__20260520T225104Z,1,1,0.024774551391601562,0.9752253890037537
gue_human_tf_0__zhihan1996_DNABERT-2-117M__20260520T225104Z,1,1,0.136781245470047,0.8632187843322754
gue_human_tf_0__zhihan1996_DNABERT-2-117M__20260520T225104Z,1,1,0.0637732744216919,0.9362266659736633
gue_human_tf_0__zhihan1996_DNABERT-2-117M__20260520T225104Z,1,1,0.2529372572898865,0.7470627427101135
gue_human_tf_0__zhihan1996_DNABERT-2-117M__20260520T225104Z,1,1,0.10284408181905746,0.8971559405326843
gue_human_tf_0__zhihan1996_DNABERT-2-117M__20260520T225104Z,1,1,0.024774551391601562,0.9752253890037537
gue_human_tf_0__zhihan1996_DNABERT-2-117M__20260520T225104Z,1,1,0.3383503556251526,0.6616496443748474
gue_human_tf_0__zhihan1996_DNABERT-2-117M__20260520T225104Z,1,1,0.033557821065187454,0.9664421677589417
gue_human_tf_0__zhihan1996_DNABERT-2-117M__20260520T225104Z,1,1,0.05084657296538353,0.949153482913971
gue_human_tf_0__zhihan1996_DNABERT-2-117M__20260520T225104Z,1,1,0.04795810580253601,0.9520419239997864
gue_human_tf_0__zhihan1996_DNABERT-2-117M__20260520T225104Z,1,1,0.02190636470913887,0.9780936241149902
gue_human_tf_0__zhihan1996_DNABERT-2-117M__20260520T225104Z,1,1,0.03534407541155815,0.964655876159668
gue_human_tf_0__zhihan1996_DNABERT-2-117M__20260520T225104Z,1,1,0.06928941607475281,0.9307105541229248
gue_human_tf_0__zhihan1996_DNABERT-2-117M__20260520T225104Z,1,1,0.0652465671300888,0.93475341796875
gue_human_tf_0__zhihan1996_DNABERT-2-117M__20260520T225104Z,1,1,0.10913479328155518,0.8908652067184448
gue_human_tf_0__zhihan1996_DNABERT-2-117M__20260520T225104Z,1,0,0.645957887172699,0.354042112827301
gue_human_tf_0__zhihan1996_DNABERT-2-117M__20260520T225104Z,1,1,0.30663084983825684,0.6933691501617432
gue_human_tf_0__zhihan1996_DNABERT-2-117M__20260520T225104Z,1,1,0.03594832122325897,0.9640516638755798
gue_human_tf_0__zhihan1996_DNABERT-2-117M__20260520T225104Z,1,1,0.11162799596786499,0.888372004032135
gue_human_tf_0__zhihan1996_DNABERT-2-117M__20260520T225104Z,1,1,0.06578465551137924,0.9342153072357178
gue_human_tf_0__zhihan1996_DNABERT-2-117M__20260520T225104Z,1,1,0.08144666254520416,0.9185534119606018
gue_human_tf_0__zhihan1996_DNABERT-2-117M__20260520T225104Z,1,1,0.03384403511881828,0.966156005859375
gue_human_tf_0__zhihan1996_DNABERT-2-117M__20260520T225104Z,1,1,0.09260568022727966,0.907394289970398
gue_human_tf_0__zhihan1996_DNABERT-2-117M__20260520T225104Z,1,1,0.03853849321603775,0.9614614844322205
gue_human_tf_0__zhihan1996_DNABERT-2-117M__20260520T225104Z,1,1,0.14057204127311707,0.8594279289245605
gue_human_tf_0__zhihan1996_DNABERT-2-117M__20260520T225104Z,1,1,0.0696682333946228,0.9303317666053772
gue_human_tf_0__zhihan1996_DNABERT-2-117M__20260520T225104Z,1,0,0.5357626676559448,0.4642373323440552
gue_human_tf_0__zhihan1996_DNABERT-2-117M__20260520T225104Z,1,1,0.11056715250015259,0.8894329071044922
gue_human_tf_0__zhihan1996_DNABERT-2-117M__20260520T225104Z,1,1,0.2393493503332138,0.760650634765625
gue_human_tf_0__zhihan1996_DNABERT-2-117M__20260520T225104Z,1,1,0.07450025528669357,0.925499677658081
gue_human_tf_0__zhihan1996_DNABERT-2-117M__20260520T225104Z,1,1,0.046119749546051025,0.953880250453949
gue_human_tf_0__zhihan1996_DNABERT-2-117M__20260520T225104Z,1,1,0.3391159474849701,0.6608840823173523
gue_human_tf_0__zhihan1996_DNABERT-2-117M__20260520T225104Z,1,1,0.02178117260336876,0.9782188534736633
gue_human_tf_0__zhihan1996_DNABERT-2-117M__20260520T225104Z,1,1,0.05839952081441879,0.941600501537323
gue_human_tf_0__zhihan1996_DNABERT-2-117M__20260520T225104Z,1,1,0.02165667526423931,0.9783433079719543
gue_human_tf_0__zhihan1996_DNABERT-2-117M__20260520T225104Z,1,1,0.05670463666319847,0.943295419216156
gue_human_tf_0__zhihan1996_DNABERT-2-117M__20260520T225104Z,1,1,0.03422932326793671,0.9657707214355469
gue_human_tf_0__zhihan1996_DNABERT-2-117M__20260520T225104Z,1,1,0.14681969583034515,0.8531803488731384
gue_human_tf_0__zhihan1996_DNABERT-2-117M__20260520T225104Z,1,1,0.2420264184474945,0.7579735517501831
gue_human_tf_0__zhihan1996_DNABERT-2-117M__20260520T225104Z,1,1,0.028761589899659157,0.9712384939193726
gue_human_tf_0__zhihan1996_DNABERT-2-117M__20260520T225104Z,1,1,0.021801987662911415,0.9781979322433472
gue_human_tf_0__zhihan1996_DNABERT-2-117M__20260520T225104Z,1,1,0.483389288187027,0.5166107416152954
gue_human_tf_0__zhihan1996_DNABERT-2-117M__20260520T225104Z,1,0,0.8139788508415222,0.1860211193561554
gue_human_tf_0__zhihan1996_DNABERT-2-117M__20260520T225104Z,1,1,0.06233103945851326,0.9376689791679382
gue_human_tf_0__zhihan1996_DNABERT-2-117M__20260520T225104Z,1,1,0.025011595338582993,0.9749884009361267
gue_human_tf_0__zhihan1996_DNABERT-2-117M__20260520T225104Z,1,1,0.03252822533249855,0.9674717783927917
gue_human_tf_0__zhihan1996_DNABERT-2-117M__20260520T225104Z,1,1,0.03358950465917587,0.9664104580879211
gue_human_tf_0__zhihan1996_DNABERT-2-117M__20260520T225104Z,1,1,0.03835797682404518,0.9616420269012451
gue_human_tf_0__zhihan1996_DNABERT-2-117M__20260520T225104Z,1,1,0.40321433544158936,0.5967856645584106
gue_human_tf_0__zhihan1996_DNABERT-2-117M__20260520T225104Z,1,1,0.02740250527858734,0.9725975394248962
gue_human_tf_0__zhihan1996_DNABERT-2-117M__20260520T225104Z,1,1,0.16539080440998077,0.8346092104911804
gue_human_tf_0__zhihan1996_DNABERT-2-117M__20260520T225104Z,1,1,0.05660025775432587,0.9433997869491577
gue_human_tf_0__zhihan1996_DNABERT-2-117M__20260520T225104Z,1,1,0.22918997704982758,0.7708100080490112
gue_human_tf_0__zhihan1996_DNABERT-2-117M__20260520T225104Z,1,1,0.024516336619853973,0.9754835963249207
gue_human_tf_0__zhihan1996_DNABERT-2-117M__20260520T225104Z,1,1,0.03390796110033989,0.966092050075531
gue_human_tf_0__zhihan1996_DNABERT-2-117M__20260520T225104Z,1,1,0.0636567622423172,0.9363431930541992
gue_human_tf_0__zhihan1996_DNABERT-2-117M__20260520T225104Z,1,1,0.1032954752445221,0.8967044949531555
gue_human_tf_0__zhihan1996_DNABERT-2-117M__20260520T225104Z,1,1,0.03082132525742054,0.9691786766052246
gue_human_tf_0__zhihan1996_DNABERT-2-117M__20260520T225104Z,1,1,0.02959137223660946,0.9704086184501648
gue_human_tf_0__zhihan1996_DNABERT-2-117M__20260520T225104Z,1,1,0.05510690063238144,0.9448931217193604
gue_human_tf_0__zhihan1996_DNABERT-2-117M__20260520T225104Z,1,1,0.023264102637767792,0.9767358303070068
gue_human_tf_0__zhihan1996_DNABERT-2-117M__20260520T225104Z,1,1,0.12619172036647797,0.8738082647323608
gue_human_tf_0__zhihan1996_DNABERT-2-117M__20260520T225104Z,1,1,0.19915220141410828,0.8008478283882141
gue_human_tf_0__zhihan1996_DNABERT-2-117M__20260520T225104Z,1,1,0.07369626313447952,0.9263036847114563
gue_human_tf_0__zhihan1996_DNABERT-2-117M__20260520T225104Z,1,1,0.024727407842874527,0.975272536277771
gue_human_tf_0__zhihan1996_DNABERT-2-117M__20260520T225104Z,1,1,0.02364434115588665,0.9763556718826294
gue_human_tf_0__zhihan1996_DNABERT-2-117M__20260520T225104Z,1,1,0.3816227912902832,0.6183772087097168
gue_human_tf_0__zhihan1996_DNABERT-2-117M__20260520T225104Z,1,1,0.027040472254157066,0.9729595184326172
gue_human_tf_0__zhihan1996_DNABERT-2-117M__20260520T225104Z,1,1,0.09619517624378204,0.9038048982620239
gue_human_tf_0__zhihan1996_DNABERT-2-117M__20260520T225104Z,1,1,0.022053316235542297,0.9779467582702637
gue_human_tf_0__zhihan1996_DNABERT-2-117M__20260520T225104Z,1,1,0.029063187539577484,0.9709368348121643
gue_human_tf_0__zhihan1996_DNABERT-2-117M__20260520T225104Z,1,1,0.10594828426837921,0.8940516710281372
gue_human_tf_0__zhihan1996_DNABERT-2-117M__20260520T225104Z,1,1,0.03268223628401756,0.9673178195953369
gue_human_tf_0__zhihan1996_DNABERT-2-117M__20260520T225104Z,1,1,0.021927298977971077,0.9780727028846741
gue_human_tf_0__zhihan1996_DNABERT-2-117M__20260520T225104Z,1,1,0.044680871069431305,0.9553191661834717
gue_human_tf_0__zhihan1996_DNABERT-2-117M__20260520T225104Z,1,1,0.24671481549739838,0.7532851696014404
gue_human_tf_0__zhihan1996_DNABERT-2-117M__20260520T225104Z,1,1,0.027040472254157066,0.9729595184326172
gue_human_tf_0__zhihan1996_DNABERT-2-117M__20260520T225104Z,1,1,0.08021325618028641,0.9197867512702942
gue_human_tf_0__zhihan1996_DNABERT-2-117M__20260520T225104Z,1,1,0.17342814803123474,0.8265718221664429
gue_human_tf_0__zhihan1996_DNABERT-2-117M__20260520T225104Z,1,1,0.0938439592719078,0.9061560034751892
gue_human_tf_0__zhihan1996_DNABERT-2-117M__20260520T225104Z,1,1,0.024399830028414726,0.9756001234054565
gue_human_tf_0__zhihan1996_DNABERT-2-117M__20260520T225104Z,1,1,0.23388129472732544,0.7661187648773193
gue_human_tf_0__zhihan1996_DNABERT-2-117M__20260520T225104Z,1,0,0.7853909134864807,0.21460910141468048
gue_human_tf_0__zhihan1996_DNABERT-2-117M__20260520T225104Z,1,1,0.02510703355073929,0.9748929738998413
gue_human_tf_0__zhihan1996_DNABERT-2-117M__20260520T225104Z,1,1,0.02959137223660946,0.9704086184501648
gue_human_tf_0__zhihan1996_DNABERT-2-117M__20260520T225104Z,1,1,0.11797800660133362,0.8820220232009888
gue_human_tf_0__zhihan1996_DNABERT-2-117M__20260520T225104Z,1,1,0.08772001415491104,0.9122800230979919
gue_human_tf_0__zhihan1996_DNABERT-2-117M__20260520T225104Z,1,1,0.03378022834658623,0.9662197828292847
gue_human_tf_0__zhihan1996_DNABERT-2-117M__20260520T225104Z,1,0,0.5611697435379028,0.43883028626441956
gue_human_tf_0__zhihan1996_DNABERT-2-117M__20260520T225104Z,1,1,0.022955456748604774,0.9770445227622986
gue_human_tf_0__zhihan1996_DNABERT-2-117M__20260520T225104Z,1,0,0.6360422968864441,0.3639576733112335
gue_human_tf_0__zhihan1996_DNABERT-2-117M__20260520T225104Z,1,1,0.027690257877111435,0.9723097085952759
gue_human_tf_0__zhihan1996_DNABERT-2-117M__20260520T225104Z,1,1,0.02568713389337063,0.9743129014968872
gue_human_tf_0__zhihan1996_DNABERT-2-117M__20260520T225104Z,1,1,0.03349453583359718,0.9665054082870483
gue_human_tf_0__zhihan1996_DNABERT-2-117M__20260520T225104Z,1,1,0.03941638767719269,0.9605836272239685
gue_human_tf_0__zhihan1996_DNABERT-2-117M__20260520T225104Z,1,1,0.2907794117927551,0.7092205286026001
gue_human_tf_0__zhihan1996_DNABERT-2-117M__20260520T225104Z,1,1,0.2798284888267517,0.7201715111732483
gue_human_tf_0__zhihan1996_DNABERT-2-117M__20260520T225104Z,1,1,0.48789069056510925,0.5121092796325684
gue_human_tf_0__zhihan1996_DNABERT-2-117M__20260520T225104Z,1,1,0.13540348410606384,0.8645965456962585
gue_human_tf_0__zhihan1996_DNABERT-2-117M__20260520T225104Z,1,1,0.27869829535484314,0.7213017344474792
gue_human_tf_0__zhihan1996_DNABERT-2-117M__20260520T225104Z,1,1,0.16125419735908508,0.8387458324432373
gue_human_tf_0__zhihan1996_DNABERT-2-117M__20260520T225104Z,1,1,0.04505753144621849,0.9549424648284912
gue_human_tf_0__zhihan1996_DNABERT-2-117M__20260520T225104Z,1,1,0.16324526071548462,0.8367547988891602
gue_human_tf_0__zhihan1996_DNABERT-2-117M__20260520T225104Z,1,1,0.2707211375236511,0.7292788624763489
gue_human_tf_0__zhihan1996_DNABERT-2-117M__20260520T225104Z,1,1,0.250087708234787,0.7499122619628906
gue_human_tf_0__zhihan1996_DNABERT-2-117M__20260520T225104Z,1,1,0.02615562081336975,0.9738444089889526
gue_human_tf_0__zhihan1996_DNABERT-2-117M__20260520T225104Z,1,1,0.027954399585723877,0.9720456600189209
gue_human_tf_0__zhihan1996_DNABERT-2-117M__20260520T225104Z,1,1,0.46138834953308105,0.538611650466919
gue_human_tf_0__zhihan1996_DNABERT-2-117M__20260520T225104Z,1,1,0.30741000175476074,0.6925899982452393
gue_human_tf_0__zhihan1996_DNABERT-2-117M__20260520T225104Z,1,1,0.4359015226364136,0.5640984773635864
gue_human_tf_0__zhihan1996_DNABERT-2-117M__20260520T225104Z,1,1,0.431853711605072,0.568146288394928
gue_human_tf_0__zhihan1996_DNABERT-2-117M__20260520T225104Z,1,1,0.02843603305518627,0.971563994884491
gue_human_tf_0__zhihan1996_DNABERT-2-117M__20260520T225104Z,1,1,0.23379381000995636,0.7662062048912048
gue_human_tf_0__zhihan1996_DNABERT-2-117M__20260520T225104Z,1,1,0.03102618083357811,0.9689738154411316
gue_human_tf_0__zhihan1996_DNABERT-2-117M__20260520T225104Z,1,1,0.21891973912715912,0.7810802459716797
gue_human_tf_0__zhihan1996_DNABERT-2-117M__20260520T225104Z,1,1,0.20204928517341614,0.7979506850242615
gue_human_tf_0__zhihan1996_DNABERT-2-117M__20260520T225104Z,1,1,0.022264916449785233,0.9777350425720215
gue_human_tf_0__zhihan1996_DNABERT-2-117M__20260520T225104Z,1,1,0.02884354069828987,0.9711564779281616
gue_human_tf_0__zhihan1996_DNABERT-2-117M__20260520T225104Z,1,1,0.181916281580925,0.8180837035179138
gue_human_tf_0__zhihan1996_DNABERT-2-117M__20260520T225104Z,1,1,0.037643998861312866,0.9623559713363647
gue_human_tf_0__zhihan1996_DNABERT-2-117M__20260520T225104Z,1,1,0.07999736815690994,0.9200026392936707
gue_human_tf_0__zhihan1996_DNABERT-2-117M__20260520T225104Z,1,1,0.3453812003135681,0.6546187996864319
gue_human_tf_0__zhihan1996_DNABERT-2-117M__20260520T225104Z,1,1,0.039305612444877625,0.960694432258606
gue_human_tf_0__zhihan1996_DNABERT-2-117M__20260520T225104Z,1,1,0.2536298632621765,0.7463701367378235
gue_human_tf_0__zhihan1996_DNABERT-2-117M__20260520T225104Z,1,0,0.9641530513763428,0.035846926271915436
gue_human_tf_0__zhihan1996_DNABERT-2-117M__20260520T225104Z,1,1,0.025011595338582993,0.9749884009361267
gue_human_tf_0__zhihan1996_DNABERT-2-117M__20260520T225104Z,1,1,0.035111747682094574,0.9648882150650024
gue_human_tf_0__zhihan1996_DNABERT-2-117M__20260520T225104Z,1,1,0.1038394644856453,0.8961604833602905
gue_human_tf_0__zhihan1996_DNABERT-2-117M__20260520T225104Z,1,1,0.0382859967648983,0.961713969707489
gue_human_tf_0__zhihan1996_DNABERT-2-117M__20260520T225104Z,1,1,0.04854108765721321,0.9514589309692383
gue_human_tf_0__zhihan1996_DNABERT-2-117M__20260520T225104Z,1,1,0.2763974666595459,0.7236025333404541
gue_human_tf_0__zhihan1996_DNABERT-2-117M__20260520T225104Z,1,1,0.23775286972522736,0.7622470855712891
gue_human_tf_0__zhihan1996_DNABERT-2-117M__20260520T225104Z,1,1,0.050611432641744614,0.9493886232376099
gue_human_tf_0__zhihan1996_DNABERT-2-117M__20260520T225104Z,1,1,0.03164868429303169,0.9683513641357422
gue_human_tf_0__zhihan1996_DNABERT-2-117M__20260520T225104Z,1,1,0.03432630002498627,0.9656736254692078
gue_human_tf_0__zhihan1996_DNABERT-2-117M__20260520T225104Z,1,1,0.022116588428616524,0.9778834581375122
gue_human_tf_0__zhihan1996_DNABERT-2-117M__20260520T225104Z,1,1,0.21182416379451752,0.7881758809089661
gue_human_tf_0__zhihan1996_DNABERT-2-117M__20260520T225104Z,1,1,0.1605948656797409,0.8394051790237427
gue_human_tf_0__zhihan1996_DNABERT-2-117M__20260520T225104Z,1,1,0.13735881447792053,0.8626412153244019
gue_human_tf_0__zhihan1996_DNABERT-2-117M__20260520T225104Z,1,0,0.8946054577827454,0.10539454966783524
gue_human_tf_0__zhihan1996_DNABERT-2-117M__20260520T225104Z,1,1,0.04324442148208618,0.9567555785179138
gue_human_tf_0__zhihan1996_DNABERT-2-117M__20260520T225104Z,1,1,0.022328782826662064,0.9776712656021118
gue_human_tf_0__zhihan1996_DNABERT-2-117M__20260520T225104Z,1,1,0.06754669547080994,0.9324532747268677
gue_human_tf_0__zhihan1996_DNABERT-2-117M__20260520T225104Z,1,1,0.2724114954471588,0.7275885343551636
gue_human_tf_0__zhihan1996_DNABERT-2-117M__20260520T225104Z,1,1,0.2745944559574127,0.7254055738449097
gue_human_tf_0__zhihan1996_DNABERT-2-117M__20260520T225104Z,1,0,0.5735440850257874,0.42645591497421265
gue_human_tf_0__zhihan1996_DNABERT-2-117M__20260520T225104Z,1,1,0.3907954692840576,0.6092045307159424
gue_human_tf_0__zhihan1996_DNABERT-2-117M__20260520T225104Z,1,1,0.0555151142179966,0.9444848895072937
gue_human_tf_0__zhihan1996_DNABERT-2-117M__20260520T225104Z,1,1,0.0426025390625,0.9573974013328552
gue_human_tf_0__zhihan1996_DNABERT-2-117M__20260520T225104Z,1,0,0.7695135474205017,0.23048648238182068
gue_human_tf_0__zhihan1996_DNABERT-2-117M__20260520T225104Z,1,1,0.021677374839782715,0.9783226251602173
gue_human_tf_0__zhihan1996_DNABERT-2-117M__20260520T225104Z,1,1,0.4591367542743683,0.5408632159233093
gue_human_tf_0__zhihan1996_DNABERT-2-117M__20260520T225104Z,1,1,0.03213106095790863,0.9678689241409302
gue_human_tf_0__zhihan1996_DNABERT-2-117M__20260520T225104Z,1,1,0.026784729212522507,0.9732153415679932
gue_human_tf_0__zhihan1996_DNABERT-2-117M__20260520T225104Z,1,1,0.026455773040652275,0.9735442399978638
gue_human_tf_0__zhihan1996_DNABERT-2-117M__20260520T225104Z,1,1,0.08181270956993103,0.9181873202323914
gue_human_tf_0__zhihan1996_DNABERT-2-117M__20260520T225104Z,1,1,0.06632687896490097,0.9336731433868408
gue_human_tf_0__zhihan1996_DNABERT-2-117M__20260520T225104Z,1,1,0.14318770170211792,0.8568122982978821
gue_human_tf_0__zhihan1996_DNABERT-2-117M__20260520T225104Z,1,1,0.13540348410606384,0.8645965456962585
gue_human_tf_0__zhihan1996_DNABERT-2-117M__20260520T225104Z,1,1,0.08144666254520416,0.9185534119606018
gue_human_tf_0__zhihan1996_DNABERT-2-117M__20260520T225104Z,1,0,0.7744128704071045,0.2255871742963791
gue_human_tf_0__zhihan1996_DNABERT-2-117M__20260520T225104Z,1,1,0.02956334501504898,0.970436692237854
gue_human_tf_0__zhihan1996_DNABERT-2-117M__20260520T225104Z,1,1,0.02588338777422905,0.9741166234016418
gue_human_tf_0__zhihan1996_DNABERT-2-117M__20260520T225104Z,1,1,0.02561391517519951,0.9743860960006714
gue_human_tf_0__zhihan1996_DNABERT-2-117M__20260520T225104Z,1,0,0.6933172941207886,0.3066827356815338
gue_human_tf_0__zhihan1996_DNABERT-2-117M__20260520T225104Z,1,1,0.1880255937576294,0.8119744062423706
gue_human_tf_0__zhihan1996_DNABERT-2-117M__20260520T225104Z,1,0,0.6978148818016052,0.3021851181983948
gue_human_tf_0__zhihan1996_DNABERT-2-117M__20260520T225104Z,1,1,0.06418263912200928,0.9358173608779907
gue_human_tf_0__zhihan1996_DNABERT-2-117M__20260520T225104Z,1,1,0.021267017349600792,0.9787330031394958
gue_human_tf_0__zhihan1996_DNABERT-2-117M__20260520T225104Z,1,1,0.021760370582342148,0.9782395958900452
gue_human_tf_0__zhihan1996_DNABERT-2-117M__20260520T225104Z,1,1,0.41701918840408325,0.5829808115959167
gue_human_tf_0__zhihan1996_DNABERT-2-117M__20260520T225104Z,1,1,0.24400252103805542,0.7559974193572998
gue_human_tf_0__zhihan1996_DNABERT-2-117M__20260520T225104Z,1,1,0.060086652636528015,0.9399133324623108
gue_human_tf_0__zhihan1996_DNABERT-2-117M__20260520T225104Z,1,1,0.046076808124780655,0.953923225402832
gue_human_tf_0__zhihan1996_DNABERT-2-117M__20260520T225104Z,1,1,0.09687653928995132,0.9031234383583069
gue_human_tf_0__zhihan1996_DNABERT-2-117M__20260520T225104Z,1,1,0.1468808799982071,0.8531191349029541
gue_human_tf_0__zhihan1996_DNABERT-2-117M__20260520T225104Z,1,1,0.11313790082931519,0.8868620991706848
gue_human_tf_0__zhihan1996_DNABERT-2-117M__20260520T225104Z,1,1,0.0361519381403923,0.9638481140136719
gue_human_tf_0__zhihan1996_DNABERT-2-117M__20260520T225104Z,1,1,0.25585463643074036,0.744145393371582
gue_human_tf_0__zhihan1996_DNABERT-2-117M__20260520T225104Z,1,1,0.026912305504083633,0.973087728023529
gue_human_tf_0__zhihan1996_DNABERT-2-117M__20260520T225104Z,1,1,0.07892589271068573,0.9210741519927979
gue_human_tf_0__zhihan1996_DNABERT-2-117M__20260520T225104Z,1,1,0.3665046989917755,0.6334953308105469
gue_human_tf_0__zhihan1996_DNABERT-2-117M__20260520T225104Z,1,1,0.12469185888767242,0.875308096408844
gue_human_tf_0__zhihan1996_DNABERT-2-117M__20260520T225104Z,1,1,0.10847194492816925,0.8915280699729919
gue_human_tf_0__zhihan1996_DNABERT-2-117M__20260520T225104Z,1,1,0.043691057711839676,0.956308901309967
gue_human_tf_0__zhihan1996_DNABERT-2-117M__20260520T225104Z,1,1,0.02843603305518627,0.971563994884491
gue_human_tf_0__zhihan1996_DNABERT-2-117M__20260520T225104Z,1,1,0.021969227120280266,0.9780307412147522
gue_human_tf_0__zhihan1996_DNABERT-2-117M__20260520T225104Z,1,1,0.21933749318122864,0.780662477016449
gue_human_tf_0__zhihan1996_DNABERT-2-117M__20260520T225104Z,1,1,0.2146914154291153,0.7853085398674011
gue_human_tf_0__zhihan1996_DNABERT-2-117M__20260520T225104Z,1,1,0.08166611194610596,0.918333888053894
gue_human_tf_0__zhihan1996_DNABERT-2-117M__20260520T225104Z,1,1,0.028517084196209908,0.9714828729629517
gue_human_tf_0__zhihan1996_DNABERT-2-117M__20260520T225104Z,1,1,0.17016297578811646,0.8298370838165283
gue_human_tf_0__zhihan1996_DNABERT-2-117M__20260520T225104Z,1,0,0.6591858267784119,0.3408142030239105
gue_human_tf_0__zhihan1996_DNABERT-2-117M__20260520T225104Z,1,1,0.026056304574012756,0.9739436507225037
gue_human_tf_0__zhihan1996_DNABERT-2-117M__20260520T225104Z,1,1,0.3776841461658478,0.6223158836364746
gue_human_tf_0__zhihan1996_DNABERT-2-117M__20260520T225104Z,1,1,0.039787814021110535,0.960212230682373
gue_human_tf_0__zhihan1996_DNABERT-2-117M__20260520T225104Z,1,1,0.1350608766078949,0.8649391531944275
gue_human_tf_0__zhihan1996_DNABERT-2-117M__20260520T225104Z,1,1,0.13307686150074005,0.8669230937957764
gue_human_tf_0__zhihan1996_DNABERT-2-117M__20260520T225104Z,1,1,0.11813051253557205,0.8818694949150085
gue_human_tf_0__zhihan1996_DNABERT-2-117M__20260520T225104Z,1,1,0.024145422503352165,0.9758545756340027
gue_human_tf_0__zhihan1996_DNABERT-2-117M__20260520T225104Z,1,1,0.054048750549554825,0.9459512829780579
gue_human_tf_0__zhihan1996_DNABERT-2-117M__20260520T225104Z,1,1,0.11792720854282379,0.8820727467536926
gue_human_tf_0__zhihan1996_DNABERT-2-117M__20260520T225104Z,1,1,0.43276742100715637,0.5672325491905212
gue_human_tf_0__zhihan1996_DNABERT-2-117M__20260520T225104Z,1,1,0.03173859044909477,0.9682613611221313
gue_human_tf_0__zhihan1996_DNABERT-2-117M__20260520T225104Z,1,1,0.04564946889877319,0.9543505907058716
gue_human_tf_0__zhihan1996_DNABERT-2-117M__20260520T225104Z,1,1,0.024516336619853973,0.9754835963249207
gue_human_tf_0__zhihan1996_DNABERT-2-117M__20260520T225104Z,1,1,0.30280324816703796,0.6971967220306396
gue_human_tf_0__zhihan1996_DNABERT-2-117M__20260520T225104Z,1,1,0.02830144762992859,0.9716985821723938
gue_human_tf_0__zhihan1996_DNABERT-2-117M__20260520T225104Z,1,1,0.031499382108449936,0.9685006141662598
gue_human_tf_0__zhihan1996_DNABERT-2-117M__20260520T225104Z,1,1,0.04200905188918114,0.9579908847808838
gue_human_tf_0__zhihan1996_DNABERT-2-117M__20260520T225104Z,1,1,0.15027804672718048,0.8497219681739807
gue_human_tf_0__zhihan1996_DNABERT-2-117M__20260520T225104Z,1,1,0.03058880753815174,0.9694111943244934
gue_human_tf_0__zhihan1996_DNABERT-2-117M__20260520T225104Z,1,1,0.10659756511449814,0.8934024572372437
gue_human_tf_0__zhihan1996_DNABERT-2-117M__20260520T225104Z,1,1,0.06791667640209198,0.9320833086967468
gue_human_tf_0__zhihan1996_DNABERT-2-117M__20260520T225104Z,1,1,0.10743748396635056,0.8925625681877136
gue_human_tf_0__zhihan1996_DNABERT-2-117M__20260520T225104Z,1,1,0.09451042115688324,0.9054896235466003
gue_human_tf_0__zhihan1996_DNABERT-2-117M__20260520T225104Z,1,1,0.1763167679309845,0.8236832618713379
gue_human_tf_0__zhihan1996_DNABERT-2-117M__20260520T225104Z,1,1,0.05394897982478142,0.9460510015487671
gue_human_tf_0__zhihan1996_DNABERT-2-117M__20260520T225104Z,1,1,0.039305612444877625,0.960694432258606
gue_human_tf_0__zhihan1996_DNABERT-2-117M__20260520T225104Z,1,1,0.21419788897037506,0.7858021259307861
gue_human_tf_0__zhihan1996_DNABERT-2-117M__20260520T225104Z,1,1,0.204580157995224,0.7954198122024536
gue_human_tf_0__zhihan1996_DNABERT-2-117M__20260520T225104Z,1,1,0.032009802758693695,0.9679902195930481
gue_human_tf_0__zhihan1996_DNABERT-2-117M__20260520T225104Z,1,1,0.2639786899089813,0.7360213398933411
gue_human_tf_0__zhihan1996_DNABERT-2-117M__20260520T225104Z,1,1,0.02673386223614216,0.9732661247253418
gue_human_tf_0__zhihan1996_DNABERT-2-117M__20260520T225104Z,1,1,0.12485181540250778,0.8751482367515564
gue_human_tf_0__zhihan1996_DNABERT-2-117M__20260520T225104Z,1,1,0.025323059409856796,0.9746769666671753
gue_human_tf_0__zhihan1996_DNABERT-2-117M__20260520T225104Z,1,1,0.23466964066028595,0.7653303742408752
gue_human_tf_0__zhihan1996_DNABERT-2-117M__20260520T225104Z,1,1,0.0772387906908989,0.9227612018585205
gue_human_tf_0__zhihan1996_DNABERT-2-117M__20260520T225104Z,1,1,0.10034840553998947,0.8996515870094299
gue_human_tf_0__zhihan1996_DNABERT-2-117M__20260520T225104Z,1,1,0.050611432641744614,0.9493886232376099
gue_human_tf_0__zhihan1996_DNABERT-2-117M__20260520T225104Z,1,1,0.07935290038585663,0.920647144317627
gue_human_tf_0__zhihan1996_DNABERT-2-117M__20260520T225104Z,1,1,0.051082734018564224,0.9489172697067261
gue_human_tf_0__zhihan1996_DNABERT-2-117M__20260520T225104Z,1,1,0.09122006595134735,0.9087799787521362
gue_human_tf_0__zhihan1996_DNABERT-2-117M__20260520T225104Z,1,1,0.06069619953632355,0.9393038749694824
gue_human_tf_0__zhihan1996_DNABERT-2-117M__20260520T225104Z,1,1,0.021553464233875275,0.9784466028213501
gue_human_tf_0__zhihan1996_DNABERT-2-117M__20260520T225104Z,1,1,0.0751764103770256,0.9248236417770386
gue_human_tf_0__zhihan1996_DNABERT-2-117M__20260520T225104Z,1,1,0.18937113881111145,0.8106288909912109
gue_human_tf_0__zhihan1996_DNABERT-2-117M__20260520T225104Z,1,1,0.024423090741038322,0.9755768775939941
gue_human_tf_0__zhihan1996_DNABERT-2-117M__20260520T225104Z,1,1,0.023666895925998688,0.9763330817222595
gue_human_tf_0__zhihan1996_DNABERT-2-117M__20260520T225104Z,1,1,0.02782202512025833,0.9721779823303223
gue_human_tf_0__zhihan1996_DNABERT-2-117M__20260520T225104Z,1,0,0.8578276038169861,0.14217233657836914
gue_human_tf_0__zhihan1996_DNABERT-2-117M__20260520T225104Z,1,1,0.033242542296648026,0.9667574763298035
gue_human_tf_0__zhihan1996_DNABERT-2-117M__20260520T225104Z,1,1,0.025834186002612114,0.9741657972335815
gue_human_tf_0__zhihan1996_DNABERT-2-117M__20260520T225104Z,1,1,0.048002712428569794,0.9519972801208496
gue_human_tf_0__zhihan1996_DNABERT-2-117M__20260520T225104Z,1,1,0.11172487586736679,0.8882750868797302
gue_human_tf_0__zhihan1996_DNABERT-2-117M__20260520T225104Z,1,0,0.7610060572624207,0.23899394273757935
gue_human_tf_0__zhihan1996_DNABERT-2-117M__20260520T225104Z,1,1,0.22295382618904114,0.7770461440086365
gue_human_tf_0__zhihan1996_DNABERT-2-117M__20260520T225104Z,1,0,0.9475268721580505,0.052473101764917374
gue_human_tf_0__zhihan1996_DNABERT-2-117M__20260520T225104Z,1,1,0.06656918674707413,0.9334307909011841
gue_human_tf_0__zhihan1996_DNABERT-2-117M__20260520T225104Z,1,0,0.6522137522697449,0.3477862775325775
gue_human_tf_0__zhihan1996_DNABERT-2-117M__20260520T225104Z,1,1,0.02391638606786728,0.9760836362838745
gue_human_tf_0__zhihan1996_DNABERT-2-117M__20260520T225104Z,1,1,0.48016634583473206,0.5198336243629456
gue_human_tf_0__zhihan1996_DNABERT-2-117M__20260520T225104Z,1,1,0.02784845046699047,0.972151517868042
gue_human_tf_0__zhihan1996_DNABERT-2-117M__20260520T225104Z,1,1,0.06261702626943588,0.9373829364776611
gue_human_tf_0__zhihan1996_DNABERT-2-117M__20260520T225104Z,1,1,0.03663136810064316,0.9633685946464539
gue_human_tf_0__zhihan1996_DNABERT-2-117M__20260520T225104Z,1,1,0.0694785863161087,0.9305214285850525
gue_human_tf_0__zhihan1996_DNABERT-2-117M__20260520T225104Z,1,1,0.029929745942354202,0.9700703024864197
gue_human_tf_0__zhihan1996_DNABERT-2-117M__20260520T225104Z,1,0,0.5928433537483215,0.4071565866470337
gue_human_tf_0__zhihan1996_DNABERT-2-117M__20260520T225104Z,1,1,0.048405956476926804,0.9515940546989441
gue_human_tf_0__zhihan1996_DNABERT-2-117M__20260520T225104Z,1,1,0.10585582256317139,0.8941442370414734
gue_human_tf_0__zhihan1996_DNABERT-2-117M__20260520T225104Z,1,1,0.03277498483657837,0.9672250151634216
gue_human_tf_0__zhihan1996_DNABERT-2-117M__20260520T225104Z,1,1,0.05872255191206932,0.9412774443626404
gue_human_tf_0__zhihan1996_DNABERT-2-117M__20260520T225104Z,1,1,0.02220122702419758,0.9777987599372864
gue_human_tf_0__zhihan1996_DNABERT-2-117M__20260520T225104Z,1,1,0.4420342743396759,0.5579657554626465
gue_human_tf_0__zhihan1996_DNABERT-2-117M__20260520T225104Z,1,1,0.02534717693924904,0.9746528267860413
gue_human_tf_0__zhihan1996_DNABERT-2-117M__20260520T225104Z,1,1,0.05634009465575218,0.9436599016189575
gue_human_tf_0__zhihan1996_DNABERT-2-117M__20260520T225104Z,1,1,0.32279279828071594,0.6772072315216064
gue_human_tf_0__zhihan1996_DNABERT-2-117M__20260520T225104Z,1,1,0.021125193685293198,0.9788748621940613
gue_human_tf_0__zhihan1996_DNABERT-2-117M__20260520T225104Z,1,1,0.41997501254081726,0.5800250172615051
gue_human_tf_0__zhihan1996_DNABERT-2-117M__20260520T225104Z,1,1,0.046378206461668015,0.9536218643188477
gue_human_tf_0__zhihan1996_DNABERT-2-117M__20260520T225104Z,1,1,0.05480259656906128,0.9451974034309387
gue_human_tf_0__zhihan1996_DNABERT-2-117M__20260520T225104Z,1,1,0.022911692038178444,0.9770883321762085
gue_human_tf_0__zhihan1996_DNABERT-2-117M__20260520T225104Z,1,1,0.04480608552694321,0.9551938772201538
gue_human_tf_0__zhihan1996_DNABERT-2-117M__20260520T225104Z,1,1,0.0893750861287117,0.9106248617172241
gue_human_tf_0__zhihan1996_DNABERT-2-117M__20260520T225104Z,1,1,0.05981148034334183,0.940188467502594
gue_human_tf_0__zhihan1996_DNABERT-2-117M__20260520T225104Z,1,1,0.07620120048522949,0.9237988591194153
gue_human_tf_0__zhihan1996_DNABERT-2-117M__20260520T225104Z,1,1,0.02878887951374054,0.9712111353874207
gue_human_tf_0__zhihan1996_DNABERT-2-117M__20260520T225104Z,1,1,0.050988148897886276,0.9490118622779846
gue_human_tf_0__zhihan1996_DNABERT-2-117M__20260520T225104Z,1,1,0.048676565289497375,0.951323390007019
gue_human_tf_0__zhihan1996_DNABERT-2-117M__20260520T225104Z,1,1,0.031768616288900375,0.9682314395904541
gue_human_tf_0__zhihan1996_DNABERT-2-117M__20260520T225104Z,1,1,0.3815939724445343,0.6184059977531433
gue_human_tf_0__zhihan1996_DNABERT-2-117M__20260520T225104Z,1,1,0.05203782394528389,0.9479621648788452
gue_human_tf_0__zhihan1996_DNABERT-2-117M__20260520T225104Z,1,1,0.0222861859947443,0.9777138829231262
gue_human_tf_0__zhihan1996_DNABERT-2-117M__20260520T225104Z,1,1,0.03919513151049614,0.9608049392700195
gue_human_tf_0__zhihan1996_DNABERT-2-117M__20260520T225104Z,1,1,0.02534717693924904,0.9746528267860413
gue_human_tf_0__zhihan1996_DNABERT-2-117M__20260520T225104Z,1,1,0.19521024823188782,0.8047897219657898
gue_human_tf_0__zhihan1996_DNABERT-2-117M__20260520T225104Z,1,1,0.0333368219435215,0.966663122177124
gue_human_tf_0__zhihan1996_DNABERT-2-117M__20260520T225104Z,1,1,0.3912896513938904,0.6087103486061096
gue_human_tf_0__zhihan1996_DNABERT-2-117M__20260520T225104Z,1,1,0.04027567803859711,0.9597243666648865
gue_human_tf_0__zhihan1996_DNABERT-2-117M__20260520T225104Z,1,1,0.06204626336693764,0.9379537105560303
gue_human_tf_0__zhihan1996_DNABERT-2-117M__20260520T225104Z,1,1,0.05155818536877632,0.948441743850708
gue_human_tf_0__zhihan1996_DNABERT-2-117M__20260520T225104Z,1,1,0.4238604009151459,0.5761395692825317
gue_human_tf_0__zhihan1996_DNABERT-2-117M__20260520T225104Z,1,1,0.1813357025384903,0.8186643719673157
gue_human_tf_0__zhihan1996_DNABERT-2-117M__20260520T225104Z,1,1,0.0249165166169405,0.9750834703445435
gue_human_tf_0__zhihan1996_DNABERT-2-117M__20260520T225104Z,1,1,0.13095079362392426,0.8690492510795593
gue_human_tf_0__zhihan1996_DNABERT-2-117M__20260520T225104Z,1,1,0.2623690664768219,0.7376309037208557
gue_human_tf_0__zhihan1996_DNABERT-2-117M__20260520T225104Z,1,1,0.02917362004518509,0.9708263874053955
gue_human_tf_0__zhihan1996_DNABERT-2-117M__20260520T225104Z,1,1,0.0360160693526268,0.9639838933944702
gue_human_tf_0__zhihan1996_DNABERT-2-117M__20260520T225104Z,1,1,0.026632409542798996,0.9733675122261047
gue_human_tf_0__zhihan1996_DNABERT-2-117M__20260520T225104Z,1,0,0.897335946559906,0.10266400873661041
gue_human_tf_0__zhihan1996_DNABERT-2-117M__20260520T225104Z,1,1,0.06244529038667679,0.9375547766685486
gue_human_tf_0__zhihan1996_DNABERT-2-117M__20260520T225104Z,1,1,0.054701510816812515,0.9452984929084778
gue_human_tf_0__zhihan1996_DNABERT-2-117M__20260520T225104Z,1,1,0.22953520715236664,0.7704647779464722
gue_human_tf_0__zhihan1996_DNABERT-2-117M__20260520T225104Z,1,1,0.20260089635849,0.79739910364151
gue_human_tf_0__zhihan1996_DNABERT-2-117M__20260520T225104Z,1,1,0.054903849959373474,0.9450961351394653
gue_human_tf_0__zhihan1996_DNABERT-2-117M__20260520T225104Z,1,1,0.3409787714481354,0.659021258354187
gue_human_tf_0__zhihan1996_DNABERT-2-117M__20260520T225104Z,1,1,0.3806438148021698,0.6193561553955078
gue_human_tf_0__zhihan1996_DNABERT-2-117M__20260520T225104Z,1,1,0.06791667640209198,0.9320833086967468
gue_human_tf_0__zhihan1996_DNABERT-2-117M__20260520T225104Z,1,1,0.18937113881111145,0.8106288909912109
gue_human_tf_0__zhihan1996_DNABERT-2-117M__20260520T225104Z,1,1,0.05296076461672783,0.9470391869544983
gue_human_tf_0__zhihan1996_DNABERT-2-117M__20260520T225104Z,1,1,0.20729495584964752,0.7927050590515137
gue_human_tf_0__zhihan1996_DNABERT-2-117M__20260520T225104Z,1,1,0.07165613770484924,0.9283438920974731
gue_human_tf_0__zhihan1996_DNABERT-2-117M__20260520T225104Z,1,1,0.35723111033439636,0.6427688598632812
gue_human_tf_0__zhihan1996_DNABERT-2-117M__20260520T225104Z,1,1,0.15456733107566833,0.845432698726654
gue_human_tf_0__zhihan1996_DNABERT-2-117M__20260520T225104Z,1,1,0.0541987270116806,0.9458011984825134
gue_human_tf_0__zhihan1996_DNABERT-2-117M__20260520T225104Z,1,1,0.03810662031173706,0.9618934392929077
gue_human_tf_0__zhihan1996_DNABERT-2-117M__20260520T225104Z,1,1,0.03853849321603775,0.9614614844322205
gue_human_tf_0__zhihan1996_DNABERT-2-117M__20260520T225104Z,1,0,0.77167147397995,0.22832852602005005
gue_human_tf_0__zhihan1996_DNABERT-2-117M__20260520T225104Z,1,1,0.0346514917910099,0.965348482131958
gue_human_tf_0__zhihan1996_DNABERT-2-117M__20260520T225104Z,1,0,0.5858269929885864,0.4141730070114136
gue_human_tf_0__zhihan1996_DNABERT-2-117M__20260520T225104Z,1,1,0.03058880753815174,0.9694111943244934
gue_human_tf_0__zhihan1996_DNABERT-2-117M__20260520T225104Z,1,1,0.12289116531610489,0.8771088719367981
gue_human_tf_0__zhihan1996_DNABERT-2-117M__20260520T225104Z,1,1,0.024030638858675957,0.9759693741798401
gue_human_tf_0__zhihan1996_DNABERT-2-117M__20260520T225104Z,1,1,0.24807851016521454,0.751921534538269
gue_human_tf_0__zhihan1996_DNABERT-2-117M__20260520T225104Z,1,1,0.023397617042064667,0.9766023755073547
gue_human_tf_0__zhihan1996_DNABERT-2-117M__20260520T225104Z,1,1,0.09999631345272064,0.9000037312507629
gue_human_tf_0__zhihan1996_DNABERT-2-117M__20260520T225104Z,1,1,0.02884354069828987,0.9711564779281616
gue_human_tf_0__zhihan1996_DNABERT-2-117M__20260520T225104Z,1,1,0.20577459037303925,0.7942253947257996
gue_human_tf_0__zhihan1996_DNABERT-2-117M__20260520T225104Z,1,1,0.3356774151325226,0.664322555065155
gue_human_tf_0__zhihan1996_DNABERT-2-117M__20260520T225104Z,1,1,0.10008423030376434,0.8999157547950745
gue_human_tf_0__zhihan1996_DNABERT-2-117M__20260520T225104Z,1,0,0.5621314644813538,0.43786856532096863
gue_human_tf_0__zhihan1996_DNABERT-2-117M__20260520T225104Z,1,1,0.13034076988697052,0.8696592450141907
gue_human_tf_0__zhihan1996_DNABERT-2-117M__20260520T225104Z,1,1,0.08291985839605331,0.9170801043510437
gue_human_tf_0__zhihan1996_DNABERT-2-117M__20260520T225104Z,1,1,0.032466813921928406,0.9675332307815552
gue_human_tf_0__zhihan1996_DNABERT-2-117M__20260520T225104Z,1,0,0.8225457668304443,0.17745424807071686
gue_human_tf_0__zhihan1996_DNABERT-2-117M__20260520T225104Z,1,1,0.12825192511081696,0.8717480301856995
gue_human_tf_0__zhihan1996_DNABERT-2-117M__20260520T225104Z,1,1,0.17695587873458862,0.8230441212654114
gue_human_tf_0__zhihan1996_DNABERT-2-117M__20260520T225104Z,1,1,0.08725224435329437,0.9127477407455444
gue_human_tf_0__zhihan1996_DNABERT-2-117M__20260520T225104Z,1,1,0.10393038392066956,0.8960696458816528
gue_human_tf_0__zhihan1996_DNABERT-2-117M__20260520T225104Z,1,0,0.8541562557220459,0.1458437740802765
gue_human_tf_0__zhihan1996_DNABERT-2-117M__20260520T225104Z,1,1,0.05237607657909393,0.9476239681243896
gue_human_tf_0__zhihan1996_DNABERT-2-117M__20260520T225104Z,1,1,0.20354917645454407,0.7964508533477783
gue_human_tf_0__zhihan1996_DNABERT-2-117M__20260520T225104Z,1,1,0.05644403025507927,0.9435559511184692
gue_human_tf_0__zhihan1996_DNABERT-2-117M__20260520T225104Z,1,1,0.03158888220787048,0.9684111475944519
gue_human_tf_0__zhihan1996_DNABERT-2-117M__20260520T225104Z,1,1,0.07017629593610764,0.9298236966133118
gue_human_tf_0__zhihan1996_DNABERT-2-117M__20260520T225104Z,1,1,0.0249165166169405,0.9750834703445435
gue_human_tf_0__zhihan1996_DNABERT-2-117M__20260520T225104Z,1,1,0.02525084838271141,0.9747490882873535
gue_human_tf_0__zhihan1996_DNABERT-2-117M__20260520T225104Z,1,1,0.023219766095280647,0.9767802357673645
gue_human_tf_0__zhihan1996_DNABERT-2-117M__20260520T225104Z,1,1,0.025395467877388,0.9746044874191284
gue_human_tf_0__zhihan1996_DNABERT-2-117M__20260520T225104Z,1,1,0.46186238527297974,0.5381376147270203
gue_human_tf_0__zhihan1996_DNABERT-2-117M__20260520T225104Z,1,1,0.10420352965593338,0.8957964777946472
gue_human_tf_0__zhihan1996_DNABERT-2-117M__20260520T225104Z,1,1,0.02098429575562477,0.9790157079696655
gue_human_tf_0__zhihan1996_DNABERT-2-117M__20260520T225104Z,1,0,0.8594869375228882,0.140513077378273
gue_human_tf_0__zhihan1996_DNABERT-2-117M__20260520T225104Z,1,1,0.22118240594863892,0.7788175344467163
gue_human_tf_0__zhihan1996_DNABERT-2-117M__20260520T225104Z,1,1,0.03926875442266464,0.9607312679290771
gue_human_tf_0__zhihan1996_DNABERT-2-117M__20260520T225104Z,1,1,0.08993300050497055,0.9100669622421265
gue_human_tf_0__zhihan1996_DNABERT-2-117M__20260520T225104Z,1,1,0.04377273842692375,0.9562273025512695
gue_human_tf_0__zhihan1996_DNABERT-2-117M__20260520T225104Z,1,1,0.12357699871063232,0.8764230012893677
gue_human_tf_0__zhihan1996_DNABERT-2-117M__20260520T225104Z,1,1,0.022911692038178444,0.9770883321762085
gue_human_tf_0__zhihan1996_DNABERT-2-117M__20260520T225104Z,1,1,0.021594688296318054,0.978405237197876
gue_human_tf_0__zhihan1996_DNABERT-2-117M__20260520T225104Z,1,1,0.27845299243927,0.7215470671653748
gue_human_tf_0__zhihan1996_DNABERT-2-117M__20260520T225104Z,1,1,0.05541279539465904,0.944587230682373
gue_human_tf_0__zhihan1996_DNABERT-2-117M__20260520T225104Z,1,1,0.1625128984451294,0.8374870419502258
gue_human_tf_0__zhihan1996_DNABERT-2-117M__20260520T225104Z,1,1,0.03400405868887901,0.9659959077835083
gue_human_tf_0__zhihan1996_DNABERT-2-117M__20260520T225104Z,1,1,0.04543721675872803,0.954562783241272
gue_human_tf_0__zhihan1996_DNABERT-2-117M__20260520T225104Z,1,1,0.04012494906783104,0.9598750472068787
gue_human_tf_0__zhihan1996_DNABERT-2-117M__20260520T225104Z,1,0,0.8201815485954285,0.17981843650341034
gue_human_tf_0__zhihan1996_DNABERT-2-117M__20260520T225104Z,1,1,0.047030385583639145,0.9529695510864258
gue_human_tf_0__zhihan1996_DNABERT-2-117M__20260520T225104Z,1,1,0.024307016283273697,0.9756929278373718
gue_human_tf_0__zhihan1996_DNABERT-2-117M__20260520T225104Z,1,1,0.022011231631040573,0.9779887795448303
gue_human_tf_0__zhihan1996_DNABERT-2-117M__20260520T225104Z,1,1,0.03645944595336914,0.9635405540466309
gue_human_tf_0__zhihan1996_DNABERT-2-117M__20260520T225104Z,1,1,0.29007506370544434,0.7099249362945557
gue_human_tf_0__zhihan1996_DNABERT-2-117M__20260520T225104Z,1,1,0.08586245030164719,0.9141375422477722
gue_human_tf_0__zhihan1996_DNABERT-2-117M__20260520T225104Z,1,1,0.054752033203840256,0.945248007774353
gue_human_tf_0__zhihan1996_DNABERT-2-117M__20260520T225104Z,1,1,0.04676847159862518,0.9532315135002136
gue_human_tf_0__zhihan1996_DNABERT-2-117M__20260520T225104Z,1,1,0.0363224633038044,0.9636775851249695
gue_human_tf_0__zhihan1996_DNABERT-2-117M__20260520T225104Z,1,1,0.04663803428411484,0.9533619284629822
gue_human_tf_0__zhihan1996_DNABERT-2-117M__20260520T225104Z,1,1,0.02722090296447277,0.9727790951728821
gue_human_tf_0__zhihan1996_DNABERT-2-117M__20260520T225104Z,1,1,0.24481409788131714,0.7551859021186829
gue_human_tf_0__zhihan1996_DNABERT-2-117M__20260520T225104Z,1,0,0.8272008895874023,0.17279909551143646
gue_human_tf_0__zhihan1996_DNABERT-2-117M__20260520T225104Z,1,1,0.32734566926956177,0.6726543307304382
gue_human_tf_0__zhihan1996_DNABERT-2-117M__20260520T225104Z,1,1,0.3388424217700958,0.6611575484275818
gue_human_tf_0__zhihan1996_DNABERT-2-117M__20260520T225104Z,1,1,0.14810879528522491,0.8518912196159363
gue_human_tf_0__zhihan1996_DNABERT-2-117M__20260520T225104Z,1,0,0.6710395812988281,0.32896044850349426
gue_human_tf_0__zhihan1996_DNABERT-2-117M__20260520T225104Z,1,1,0.04057874158024788,0.9594212770462036
gue_human_tf_0__zhihan1996_DNABERT-2-117M__20260520T225104Z,1,1,0.3579041063785553,0.6420959234237671
gue_human_tf_0__zhihan1996_DNABERT-2-117M__20260520T225104Z,1,1,0.02317550964653492,0.9768244624137878
gue_human_tf_0__zhihan1996_DNABERT-2-117M__20260520T225104Z,1,1,0.09859886020421982,0.9014011025428772
gue_human_tf_0__zhihan1996_DNABERT-2-117M__20260520T225104Z,1,1,0.0754484310746193,0.9245515465736389
gue_human_tf_0__zhihan1996_DNABERT-2-117M__20260520T225104Z,1,1,0.05765223503112793,0.9423477053642273
gue_human_tf_0__zhihan1996_DNABERT-2-117M__20260520T225104Z,1,1,0.042285025119781494,0.9577149748802185
gue_human_tf_0__zhihan1996_DNABERT-2-117M__20260520T225104Z,1,1,0.039048295468091965,0.9609517455101013
gue_human_tf_0__zhihan1996_DNABERT-2-117M__20260520T225104Z,1,1,0.021927298977971077,0.9780727028846741
gue_human_tf_0__zhihan1996_DNABERT-2-117M__20260520T225104Z,1,1,0.027272667735815048,0.972727358341217
gue_human_tf_0__zhihan1996_DNABERT-2-117M__20260520T225104Z,1,1,0.04405976086854935,0.9559402465820312
gue_human_tf_0__zhihan1996_DNABERT-2-117M__20260520T225104Z,1,1,0.037221759557724,0.9627782702445984
gue_human_tf_0__zhihan1996_DNABERT-2-117M__20260520T225104Z,1,1,0.04676847159862518,0.9532315135002136
gue_human_tf_0__zhihan1996_DNABERT-2-117M__20260520T225104Z,1,0,0.706899106502533,0.29310089349746704
gue_human_tf_0__zhihan1996_DNABERT-2-117M__20260520T225104Z,1,1,0.023893600329756737,0.9761064648628235
gue_human_tf_0__zhihan1996_DNABERT-2-117M__20260520T225104Z,1,1,0.10176783800125122,0.8982321619987488
gue_human_tf_0__zhihan1996_DNABERT-2-117M__20260520T225104Z,1,1,0.02203226275742054,0.9779677391052246
gue_human_tf_0__zhihan1996_DNABERT-2-117M__20260520T225104Z,1,1,0.39685678482055664,0.6031432151794434
gue_human_tf_0__zhihan1996_DNABERT-2-117M__20260520T225104Z,1,1,0.022977368906140327,0.977022647857666
gue_human_tf_0__zhihan1996_DNABERT-2-117M__20260520T225104Z,1,1,0.13279545307159424,0.867204487323761
gue_human_tf_0__zhihan1996_DNABERT-2-117M__20260520T225104Z,1,1,0.04526809602975845,0.9547319412231445
gue_human_tf_0__zhihan1996_DNABERT-2-117M__20260520T225104Z,1,1,0.02520282194018364,0.9747971296310425
gue_human_tf_0__zhihan1996_DNABERT-2-117M__20260520T225104Z,1,1,0.037256766110658646,0.9627432227134705
gue_human_tf_0__zhihan1996_DNABERT-2-117M__20260520T225104Z,1,1,0.37946459650993347,0.6205353736877441
gue_human_tf_0__zhihan1996_DNABERT-2-117M__20260520T225104Z,1,1,0.0383940190076828,0.961605966091156
gue_human_tf_0__zhihan1996_DNABERT-2-117M__20260520T225104Z,1,1,0.022564494982361794,0.9774355292320251
gue_human_tf_0__zhihan1996_DNABERT-2-117M__20260520T225104Z,1,1,0.08502304553985596,0.9149770140647888
gue_human_tf_0__zhihan1996_DNABERT-2-117M__20260520T225104Z,1,1,0.33003920316696167,0.6699607968330383
gue_human_tf_0__zhihan1996_DNABERT-2-117M__20260520T225104Z,1,1,0.0593191459774971,0.9406808614730835
gue_human_tf_0__zhihan1996_DNABERT-2-117M__20260520T225104Z,1,1,0.04126865044236183,0.9587313532829285
gue_human_tf_0__zhihan1996_DNABERT-2-117M__20260520T225104Z,1,0,0.6106275916099548,0.3893723487854004
gue_human_tf_0__zhihan1996_DNABERT-2-117M__20260520T225104Z,1,1,0.19605544209480286,0.8039445281028748
gue_human_tf_0__zhihan1996_DNABERT-2-117M__20260520T225104Z,1,0,0.5390439033508301,0.4609560966491699
gue_human_tf_0__zhihan1996_DNABERT-2-117M__20260520T225104Z,1,0,0.6174838542938232,0.38251620531082153
gue_human_tf_0__zhihan1996_DNABERT-2-117M__20260520T225104Z,1,1,0.04742587357759476,0.9525741338729858
gue_human_tf_0__zhihan1996_DNABERT-2-117M__20260520T225104Z,1,1,0.03547750040888786,0.9645224213600159
gue_human_tf_0__zhihan1996_DNABERT-2-117M__20260520T225104Z,1,1,0.37048158049583435,0.6295183897018433
gue_human_tf_0__zhihan1996_DNABERT-2-117M__20260520T225104Z,1,1,0.3167918622493744,0.683208167552948
gue_human_tf_0__zhihan1996_DNABERT-2-117M__20260520T225104Z,1,1,0.17752550542354584,0.822474479675293
gue_human_tf_0__zhihan1996_DNABERT-2-117M__20260520T225104Z,1,1,0.10008423030376434,0.8999157547950745
gue_human_tf_0__zhihan1996_DNABERT-2-117M__20260520T225104Z,1,1,0.45045003294944763,0.5495499968528748
gue_human_tf_0__zhihan1996_DNABERT-2-117M__20260520T225104Z,1,1,0.3291221559047699,0.6708778738975525
gue_human_tf_0__zhihan1996_DNABERT-2-117M__20260520T225104Z,1,1,0.18750432133674622,0.8124956488609314
gue_human_tf_0__zhihan1996_DNABERT-2-117M__20260520T225104Z,1,1,0.04881241172552109,0.9511876106262207
gue_human_tf_0__zhihan1996_DNABERT-2-117M__20260520T225104Z,1,0,0.663396418094635,0.336603581905365
gue_human_tf_0__zhihan1996_DNABERT-2-117M__20260520T225104Z,1,1,0.033716537058353424,0.9662834405899048
gue_human_tf_0__zhihan1996_DNABERT-2-117M__20260520T225104Z,1,1,0.02668309211730957,0.9733169674873352
gue_human_tf_0__zhihan1996_DNABERT-2-117M__20260520T225104Z,1,1,0.0398624949157238,0.9601374864578247
gue_human_tf_0__zhihan1996_DNABERT-2-117M__20260520T225104Z,1,1,0.03594832122325897,0.9640516638755798
gue_human_tf_0__zhihan1996_DNABERT-2-117M__20260520T225104Z,1,1,0.09619517624378204,0.9038048982620239
gue_human_tf_0__zhihan1996_DNABERT-2-117M__20260520T225104Z,1,1,0.08866234868764877,0.911337673664093
gue_human_tf_0__zhihan1996_DNABERT-2-117M__20260520T225104Z,1,1,0.12863455712795258,0.8713654279708862
gue_human_tf_0__zhihan1996_DNABERT-2-117M__20260520T225104Z,1,0,0.6471295356750488,0.35287052392959595
gue_human_tf_0__zhihan1996_DNABERT-2-117M__20260520T225104Z,1,1,0.21190565824508667,0.7880943417549133
gue_human_tf_0__zhihan1996_DNABERT-2-117M__20260520T225104Z,1,1,0.059428226202726364,0.9405717849731445
gue_human_tf_0__zhihan1996_DNABERT-2-117M__20260520T225104Z,1,1,0.023848090320825577,0.9761518836021423
gue_human_tf_0__zhihan1996_DNABERT-2-117M__20260520T225104Z,1,1,0.0501442514359951,0.9498556852340698
gue_human_tf_0__zhihan1996_DNABERT-2-117M__20260520T225104Z,1,0,0.7766229510307312,0.22337706387043
gue_human_tf_0__zhihan1996_DNABERT-2-117M__20260520T225104Z,1,1,0.1170160248875618,0.882983922958374
gue_human_tf_0__zhihan1996_DNABERT-2-117M__20260520T225104Z,1,1,0.11813051253557205,0.8818694949150085
gue_human_tf_0__zhihan1996_DNABERT-2-117M__20260520T225104Z,1,1,0.031055551022291183,0.9689443707466125
gue_human_tf_0__zhihan1996_DNABERT-2-117M__20260520T225104Z,1,0,0.8366879820823669,0.16331195831298828
gue_human_tf_0__zhihan1996_DNABERT-2-117M__20260520T225104Z,1,1,0.2752270996570587,0.7247729301452637
gue_human_tf_0__zhihan1996_DNABERT-2-117M__20260520T225104Z,1,1,0.024307016283273697,0.9756929278373718
gue_human_tf_0__zhihan1996_DNABERT-2-117M__20260520T225104Z,1,1,0.05379964038729668,0.9462003111839294
gue_human_tf_0__zhihan1996_DNABERT-2-117M__20260520T225104Z,1,1,0.04304284602403641,0.9569571614265442
gue_human_tf_0__zhihan1996_DNABERT-2-117M__20260520T225104Z,1,1,0.1603974997997284,0.839602530002594
gue_human_tf_0__zhihan1996_DNABERT-2-117M__20260520T225104Z,1,1,0.21117272973060608,0.7888273000717163
gue_human_tf_0__zhihan1996_DNABERT-2-117M__20260520T225104Z,1,1,0.3453812003135681,0.6546187996864319
gue_human_tf_0__zhihan1996_DNABERT-2-117M__20260520T225104Z,1,1,0.4090142250061035,0.5909857749938965
gue_human_tf_0__zhihan1996_DNABERT-2-117M__20260520T225104Z,1,1,0.036804068833589554,0.9631959199905396
gue_human_tf_0__zhihan1996_DNABERT-2-117M__20260520T225104Z,1,0,0.688416063785553,0.311583936214447
gue_human_tf_0__zhihan1996_DNABERT-2-117M__20260520T225104Z,1,1,0.1489114910364151,0.8510885834693909
gue_human_tf_0__zhihan1996_DNABERT-2-117M__20260520T225104Z,1,1,0.021969227120280266,0.9780307412147522
gue_human_tf_0__zhihan1996_DNABERT-2-117M__20260520T225104Z,1,1,0.03853849321603775,0.9614614844322205
gue_human_tf_0__zhihan1996_DNABERT-2-117M__20260520T225104Z,1,1,0.05649606138467789,0.9435039758682251
gue_human_tf_0__zhihan1996_DNABERT-2-117M__20260520T225104Z,1,1,0.03079216368496418,0.9692078232765198
gue_human_tf_0__zhihan1996_DNABERT-2-117M__20260520T225104Z,1,1,0.023779984563589096,0.9762200117111206
gue_human_tf_0__zhihan1996_DNABERT-2-117M__20260520T225104Z,1,1,0.06336633861064911,0.9366336464881897
gue_human_tf_0__zhihan1996_DNABERT-2-117M__20260520T225104Z,1,1,0.19436781108379364,0.8056321740150452
gue_human_tf_0__zhihan1996_DNABERT-2-117M__20260520T225104Z,1,1,0.18616902828216553,0.8138309121131897
gue_human_tf_0__zhihan1996_DNABERT-2-117M__20260520T225104Z,1,1,0.044224582612514496,0.9557754397392273
gue_human_tf_0__zhihan1996_DNABERT-2-117M__20260520T225104Z,1,1,0.050611432641744614,0.9493886232376099
gue_human_tf_0__zhihan1996_DNABERT-2-117M__20260520T225104Z,1,1,0.03426161780953407,0.9657383561134338
gue_human_tf_0__zhihan1996_DNABERT-2-117M__20260520T225104Z,1,1,0.10123348236083984,0.8987665772438049
gue_human_tf_0__zhihan1996_DNABERT-2-117M__20260520T225104Z,1,1,0.08137363940477371,0.9186264276504517
gue_human_tf_0__zhihan1996_DNABERT-2-117M__20260520T225104Z,1,1,0.18322797119617462,0.8167720437049866
gue_human_tf_0__zhihan1996_DNABERT-2-117M__20260520T225104Z,1,1,0.3797808885574341,0.6202191710472107
gue_human_tf_0__zhihan1996_DNABERT-2-117M__20260520T225104Z,1,1,0.029986508190631866,0.9700134992599487
gue_human_tf_0__zhihan1996_DNABERT-2-117M__20260520T225104Z,1,1,0.31373506784439087,0.6862649321556091
gue_human_tf_0__zhihan1996_DNABERT-2-117M__20260520T225104Z,1,1,0.3087109923362732,0.6912890076637268
gue_human_tf_0__zhihan1996_DNABERT-2-117M__20260520T225104Z,1,1,0.149717777967453,0.8502821922302246
gue_human_tf_0__zhihan1996_DNABERT-2-117M__20260520T225104Z,1,1,0.06371499598026276,0.9362850189208984
gue_human_tf_0__zhihan1996_DNABERT-2-117M__20260520T225104Z,1,1,0.11100006848573685,0.8889999389648438
gue_human_tf_0__zhihan1996_DNABERT-2-117M__20260520T225104Z,1,1,0.05515776947140694,0.9448422193527222
gue_human_tf_0__zhihan1996_DNABERT-2-117M__20260520T225104Z,1,1,0.023939194157719612,0.9760608077049255
gue_human_tf_0__zhihan1996_DNABERT-2-117M__20260520T225104Z,1,1,0.046076808124780655,0.953923225402832
gue_human_tf_0__zhihan1996_DNABERT-2-117M__20260520T225104Z,1,1,0.08509904891252518,0.9149009585380554
gue_human_tf_0__zhihan1996_DNABERT-2-117M__20260520T225104Z,1,1,0.04899410158395767,0.9510058760643005
gue_human_tf_0__zhihan1996_DNABERT-2-117M__20260520T225104Z,1,1,0.0868641585111618,0.913135826587677
gue_human_tf_0__zhihan1996_DNABERT-2-117M__20260520T225104Z,1,1,0.02590801753103733,0.9740919470787048
gue_human_tf_0__zhihan1996_DNABERT-2-117M__20260520T225104Z,1,1,0.48614853620529175,0.5138514041900635
gue_human_tf_0__zhihan1996_DNABERT-2-117M__20260520T225104Z,1,0,0.8202536106109619,0.17974643409252167
gue_human_tf_0__zhihan1996_DNABERT-2-117M__20260520T225104Z,1,1,0.045394882559776306,0.9546051621437073
gue_human_tf_0__zhihan1996_DNABERT-2-117M__20260520T225104Z,1,1,0.03514484688639641,0.9648551344871521
gue_human_tf_0__zhihan1996_DNABERT-2-117M__20260520T225104Z,1,1,0.03715182840824127,0.9628481864929199
gue_human_tf_0__zhihan1996_DNABERT-2-117M__20260520T225104Z,1,1,0.024307016283273697,0.9756929278373718
gue_human_tf_0__zhihan1996_DNABERT-2-117M__20260520T225104Z,0,0,0.9796676635742188,0.020332353189587593
gue_human_tf_0__zhihan1996_DNABERT-2-117M__20260520T225104Z,0,0,0.9712384939193726,0.028761589899659157
gue_human_tf_0__zhihan1996_DNABERT-2-117M__20260520T225104Z,0,0,0.9261034727096558,0.07389651983976364
gue_human_tf_0__zhihan1996_DNABERT-2-117M__20260520T225104Z,0,0,0.9851289987564087,0.014871003106236458
gue_human_tf_0__zhihan1996_DNABERT-2-117M__20260520T225104Z,0,0,0.9638820886611938,0.03611792251467705
gue_human_tf_0__zhihan1996_DNABERT-2-117M__20260520T225104Z,0,0,0.5833072662353516,0.4166927933692932
gue_human_tf_0__zhihan1996_DNABERT-2-117M__20260520T225104Z,0,1,0.4666680693626404,0.5333319902420044
gue_human_tf_0__zhihan1996_DNABERT-2-117M__20260520T225104Z,0,0,0.9803562164306641,0.019643759354948997
gue_human_tf_0__zhihan1996_DNABERT-2-117M__20260520T225104Z,0,0,0.9844862222671509,0.015513788908720016
gue_human_tf_0__zhihan1996_DNABERT-2-117M__20260520T225104Z,0,0,0.9838781356811523,0.016121825203299522
gue_human_tf_0__zhihan1996_DNABERT-2-117M__20260520T225104Z,0,0,0.9865716695785522,0.013428254052996635
gue_human_tf_0__zhihan1996_DNABERT-2-117M__20260520T225104Z,0,1,0.4272622764110565,0.5727377533912659
gue_human_tf_0__zhihan1996_DNABERT-2-117M__20260520T225104Z,0,0,0.927822470664978,0.07217757403850555
gue_human_tf_0__zhihan1996_DNABERT-2-117M__20260520T225104Z,0,1,0.048721812665462494,0.9512782096862793
gue_human_tf_0__zhihan1996_DNABERT-2-117M__20260520T225104Z,0,1,0.03832197189331055,0.9616780281066895
gue_human_tf_0__zhihan1996_DNABERT-2-117M__20260520T225104Z,0,0,0.986415684223175,0.013584393076598644
gue_human_tf_0__zhihan1996_DNABERT-2-117M__20260520T225104Z,0,0,0.9289263486862183,0.07107367366552353
gue_human_tf_0__zhihan1996_DNABERT-2-117M__20260520T225104Z,0,0,0.9374402165412903,0.06255973130464554
gue_human_tf_0__zhihan1996_DNABERT-2-117M__20260520T225104Z,0,1,0.03659692034125328,0.9634031057357788
gue_human_tf_0__zhihan1996_DNABERT-2-117M__20260520T225104Z,0,0,0.7402682304382324,0.2597317397594452
gue_human_tf_0__zhihan1996_DNABERT-2-117M__20260520T225104Z,0,0,0.9761064648628235,0.023893600329756737
gue_human_tf_0__zhihan1996_DNABERT-2-117M__20260520T225104Z,0,0,0.9851289987564087,0.014871003106236458
gue_human_tf_0__zhihan1996_DNABERT-2-117M__20260520T225104Z,0,0,0.9845160245895386,0.015483985655009747
gue_human_tf_0__zhihan1996_DNABERT-2-117M__20260520T225104Z,0,0,0.9878058433532715,0.012194132432341576
gue_human_tf_0__zhihan1996_DNABERT-2-117M__20260520T225104Z,0,0,0.79653000831604,0.20347002148628235
gue_human_tf_0__zhihan1996_DNABERT-2-117M__20260520T225104Z,0,0,0.9867004752159119,0.013299493119120598
gue_human_tf_0__zhihan1996_DNABERT-2-117M__20260520T225104Z,0,0,0.9442797303199768,0.05572028458118439
gue_human_tf_0__zhihan1996_DNABERT-2-117M__20260520T225104Z,0,1,0.4898543059825897,0.5101456642150879
gue_human_tf_0__zhihan1996_DNABERT-2-117M__20260520T225104Z,0,0,0.7595822811126709,0.2404177337884903
gue_human_tf_0__zhihan1996_DNABERT-2-117M__20260520T225104Z,0,0,0.9821512699127197,0.01784873753786087
gue_human_tf_0__zhihan1996_DNABERT-2-117M__20260520T225104Z,0,0,0.677634060382843,0.32236596941947937
gue_human_tf_0__zhihan1996_DNABERT-2-117M__20260520T225104Z,0,1,0.06441766023635864,0.9355823397636414
gue_human_tf_0__zhihan1996_DNABERT-2-117M__20260520T225104Z,0,0,0.9864678382873535,0.013532147742807865
gue_human_tf_0__zhihan1996_DNABERT-2-117M__20260520T225104Z,0,0,0.9866748452186584,0.013325147330760956
gue_human_tf_0__zhihan1996_DNABERT-2-117M__20260520T225104Z,0,0,0.9803186058998108,0.019681409001350403
gue_human_tf_0__zhihan1996_DNABERT-2-117M__20260520T225104Z,0,1,0.31636926531791687,0.6836307048797607
gue_human_tf_0__zhihan1996_DNABERT-2-117M__20260520T225104Z,0,0,0.9876639246940613,0.01233609952032566
gue_human_tf_0__zhihan1996_DNABERT-2-117M__20260520T225104Z,0,0,0.9050709009170532,0.09492910653352737
gue_human_tf_0__zhihan1996_DNABERT-2-117M__20260520T225104Z,0,0,0.958615243434906,0.04138471558690071
gue_human_tf_0__zhihan1996_DNABERT-2-117M__20260520T225104Z,0,1,0.42765066027641296,0.5723493099212646
gue_human_tf_0__zhihan1996_DNABERT-2-117M__20260520T225104Z,0,0,0.9681411385536194,0.03185885772109032
gue_human_tf_0__zhihan1996_DNABERT-2-117M__20260520T225104Z,0,0,0.5405297875404358,0.4594702422618866
gue_human_tf_0__zhihan1996_DNABERT-2-117M__20260520T225104Z,0,0,0.6526289582252502,0.34737104177474976
gue_human_tf_0__zhihan1996_DNABERT-2-117M__20260520T225104Z,0,1,0.04724971204996109,0.9527502655982971
gue_human_tf_0__zhihan1996_DNABERT-2-117M__20260520T225104Z,0,0,0.9636433720588684,0.036356665194034576
gue_human_tf_0__zhihan1996_DNABERT-2-117M__20260520T225104Z,0,0,0.6074011921882629,0.39259880781173706
gue_human_tf_0__zhihan1996_DNABERT-2-117M__20260520T225104Z,0,1,0.4011012315750122,0.5988988280296326
gue_human_tf_0__zhihan1996_DNABERT-2-117M__20260520T225104Z,0,0,0.5239874720573425,0.47601252794265747
gue_human_tf_0__zhihan1996_DNABERT-2-117M__20260520T225104Z,0,0,0.9843814373016357,0.015618542209267616
gue_human_tf_0__zhihan1996_DNABERT-2-117M__20260520T225104Z,0,1,0.2729441225528717,0.7270559072494507
gue_human_tf_0__zhihan1996_DNABERT-2-117M__20260520T225104Z,0,1,0.07751765847206116,0.9224823713302612
gue_human_tf_0__zhihan1996_DNABERT-2-117M__20260520T225104Z,0,0,0.9855799674987793,0.014420067891478539
gue_human_tf_0__zhihan1996_DNABERT-2-117M__20260520T225104Z,0,1,0.058614686131477356,0.9413852691650391
gue_human_tf_0__zhihan1996_DNABERT-2-117M__20260520T225104Z,0,0,0.9714016318321228,0.0285983607172966
gue_human_tf_0__zhihan1996_DNABERT-2-117M__20260520T225104Z,0,0,0.9829055070877075,0.01709447056055069
gue_human_tf_0__zhihan1996_DNABERT-2-117M__20260520T225104Z,0,0,0.9817706942558289,0.0182292889803648
gue_human_tf_0__zhihan1996_DNABERT-2-117M__20260520T225104Z,0,0,0.5276892185211182,0.47231078147888184
gue_human_tf_0__zhihan1996_DNABERT-2-117M__20260520T225104Z,0,0,0.9077220559120178,0.09227796643972397
gue_human_tf_0__zhihan1996_DNABERT-2-117M__20260520T225104Z,0,0,0.6489670872688293,0.35103294253349304
gue_human_tf_0__zhihan1996_DNABERT-2-117M__20260520T225104Z,0,1,0.32739943265914917,0.6726005673408508
gue_human_tf_0__zhihan1996_DNABERT-2-117M__20260520T225104Z,0,0,0.6996136903762817,0.30038630962371826
gue_human_tf_0__zhihan1996_DNABERT-2-117M__20260520T225104Z,0,1,0.05775843933224678,0.9422415494918823
gue_human_tf_0__zhihan1996_DNABERT-2-117M__20260520T225104Z,0,0,0.9813465476036072,0.018653521314263344
gue_human_tf_0__zhihan1996_DNABERT-2-117M__20260520T225104Z,0,0,0.6412538886070251,0.35874614119529724
gue_human_tf_0__zhihan1996_DNABERT-2-117M__20260520T225104Z,0,0,0.8356177806854248,0.16438227891921997
gue_human_tf_0__zhihan1996_DNABERT-2-117M__20260520T225104Z,0,1,0.312789648771286,0.6872103214263916
gue_human_tf_0__zhihan1996_DNABERT-2-117M__20260520T225104Z,0,0,0.5065045952796936,0.4934953451156616
gue_human_tf_0__zhihan1996_DNABERT-2-117M__20260520T225104Z,0,0,0.9859634041786194,0.0140365706756711
gue_human_tf_0__zhihan1996_DNABERT-2-117M__20260520T225104Z,0,1,0.030329255387187004,0.9696707129478455
gue_human_tf_0__zhihan1996_DNABERT-2-117M__20260520T225104Z,0,0,0.9848255515098572,0.015174446627497673
gue_human_tf_0__zhihan1996_DNABERT-2-117M__20260520T225104Z,0,0,0.9862046241760254,0.013795364648103714
gue_human_tf_0__zhihan1996_DNABERT-2-117M__20260520T225104Z,0,0,0.9830363392829895,0.01696370169520378
gue_human_tf_0__zhihan1996_DNABERT-2-117M__20260520T225104Z,0,0,0.745444655418396,0.25455528497695923
gue_human_tf_0__zhihan1996_DNABERT-2-117M__20260520T225104Z,0,1,0.46909841895103455,0.5309015512466431
gue_human_tf_0__zhihan1996_DNABERT-2-117M__20260520T225104Z,0,0,0.8135349154472351,0.18646512925624847
gue_human_tf_0__zhihan1996_DNABERT-2-117M__20260520T225104Z,0,1,0.3372035324573517,0.6627964973449707
gue_human_tf_0__zhihan1996_DNABERT-2-117M__20260520T225104Z,0,0,0.9777138829231262,0.0222861859947443
gue_human_tf_0__zhihan1996_DNABERT-2-117M__20260520T225104Z,0,1,0.13540348410606384,0.8645965456962585
gue_human_tf_0__zhihan1996_DNABERT-2-117M__20260520T225104Z,0,0,0.9834704995155334,0.01652955822646618
gue_human_tf_0__zhihan1996_DNABERT-2-117M__20260520T225104Z,0,0,0.7696001529693604,0.23039987683296204
gue_human_tf_0__zhihan1996_DNABERT-2-117M__20260520T225104Z,0,0,0.5381489396095276,0.46185100078582764
gue_human_tf_0__zhihan1996_DNABERT-2-117M__20260520T225104Z,0,0,0.9122018218040466,0.08779819309711456
gue_human_tf_0__zhihan1996_DNABERT-2-117M__20260520T225104Z,0,0,0.7800767421722412,0.21992333233356476
gue_human_tf_0__zhihan1996_DNABERT-2-117M__20260520T225104Z,0,0,0.9599877595901489,0.04001227021217346
gue_human_tf_0__zhihan1996_DNABERT-2-117M__20260520T225104Z,0,0,0.9312752485275269,0.06872475892305374
gue_human_tf_0__zhihan1996_DNABERT-2-117M__20260520T225104Z,0,0,0.959307074546814,0.04069295525550842
gue_human_tf_0__zhihan1996_DNABERT-2-117M__20260520T225104Z,0,0,0.9869794845581055,0.013020490296185017
gue_human_tf_0__zhihan1996_DNABERT-2-117M__20260520T225104Z,0,1,0.1030244380235672,0.896975576877594
gue_human_tf_0__zhihan1996_DNABERT-2-117M__20260520T225104Z,0,0,0.985496461391449,0.014503580518066883
gue_human_tf_0__zhihan1996_DNABERT-2-117M__20260520T225104Z,0,0,0.9471371173858643,0.052862897515296936
gue_human_tf_0__zhihan1996_DNABERT-2-117M__20260520T225104Z,0,0,0.6747474074363708,0.32525256276130676
gue_human_tf_0__zhihan1996_DNABERT-2-117M__20260520T225104Z,0,0,0.9637799859046936,0.03622005507349968
gue_human_tf_0__zhihan1996_DNABERT-2-117M__20260520T225104Z,0,0,0.9837069511413574,0.016293106600642204
gue_human_tf_0__zhihan1996_DNABERT-2-117M__20260520T225104Z,0,0,0.717061460018158,0.2829385995864868
gue_human_tf_0__zhihan1996_DNABERT-2-117M__20260520T225104Z,0,1,0.1795305609703064,0.8204694986343384
gue_human_tf_0__zhihan1996_DNABERT-2-117M__20260520T225104Z,0,0,0.9608049392700195,0.03919513151049614
gue_human_tf_0__zhihan1996_DNABERT-2-117M__20260520T225104Z,0,0,0.6455110907554626,0.35448893904685974
gue_human_tf_0__zhihan1996_DNABERT-2-117M__20260520T225104Z,0,0,0.7107287049293518,0.2892713248729706
gue_human_tf_0__zhihan1996_DNABERT-2-117M__20260520T225104Z,0,1,0.28348374366760254,0.7165162563323975
gue_human_tf_0__zhihan1996_DNABERT-2-117M__20260520T225104Z,0,0,0.8564525246620178,0.14354750514030457
gue_human_tf_0__zhihan1996_DNABERT-2-117M__20260520T225104Z,0,0,0.888372004032135,0.11162799596786499
gue_human_tf_0__zhihan1996_DNABERT-2-117M__20260520T225104Z,0,1,0.0475141815841198,0.9524857997894287
gue_human_tf_0__zhihan1996_DNABERT-2-117M__20260520T225104Z,0,0,0.8559114336967468,0.14408864080905914
gue_human_tf_0__zhihan1996_DNABERT-2-117M__20260520T225104Z,0,0,0.9835811853408813,0.01641879603266716
gue_human_tf_0__zhihan1996_DNABERT-2-117M__20260520T225104Z,0,0,0.9875444173812866,0.01245565339922905
gue_human_tf_0__zhihan1996_DNABERT-2-117M__20260520T225104Z,0,0,0.9849852323532104,0.01501474715769291
gue_human_tf_0__zhihan1996_DNABERT-2-117M__20260520T225104Z,0,0,0.87700355052948,0.12299646437168121
gue_human_tf_0__zhihan1996_DNABERT-2-117M__20260520T225104Z,0,0,0.8149381279945374,0.18506190180778503
gue_human_tf_0__zhihan1996_DNABERT-2-117M__20260520T225104Z,0,1,0.05141511559486389,0.9485848546028137
gue_human_tf_0__zhihan1996_DNABERT-2-117M__20260520T225104Z,0,1,0.09594075381755829,0.9040591716766357
gue_human_tf_0__zhihan1996_DNABERT-2-117M__20260520T225104Z,0,0,0.9841698408126831,0.015830140560865402
gue_human_tf_0__zhihan1996_DNABERT-2-117M__20260520T225104Z,0,0,0.8896726965904236,0.11032728105783463
gue_human_tf_0__zhihan1996_DNABERT-2-117M__20260520T225104Z,0,0,0.9864417314529419,0.01355824526399374
gue_human_tf_0__zhihan1996_DNABERT-2-117M__20260520T225104Z,0,0,0.5618008971214294,0.43819910287857056
gue_human_tf_0__zhihan1996_DNABERT-2-117M__20260520T225104Z,0,0,0.95707768201828,0.04292233660817146
gue_human_tf_0__zhihan1996_DNABERT-2-117M__20260520T225104Z,0,0,0.8704321384429932,0.12956784665584564
gue_human_tf_0__zhihan1996_DNABERT-2-117M__20260520T225104Z,0,0,0.8836884498596191,0.11631157994270325
gue_human_tf_0__zhihan1996_DNABERT-2-117M__20260520T225104Z,0,0,0.982030987739563,0.01796896755695343
gue_human_tf_0__zhihan1996_DNABERT-2-117M__20260520T225104Z,0,1,0.4925161302089691,0.5074838995933533
gue_human_tf_0__zhihan1996_DNABERT-2-117M__20260520T225104Z,0,1,0.27737510204315186,0.7226248979568481
gue_human_tf_0__zhihan1996_DNABERT-2-117M__20260520T225104Z,0,0,0.966092050075531,0.03390796110033989
gue_human_tf_0__zhihan1996_DNABERT-2-117M__20260520T225104Z,0,1,0.14348749816417694,0.8565124869346619
gue_human_tf_0__zhihan1996_DNABERT-2-117M__20260520T225104Z,0,0,0.9598374962806702,0.0401625819504261
gue_human_tf_0__zhihan1996_DNABERT-2-117M__20260520T225104Z,0,1,0.046421416103839874,0.9535785913467407
gue_human_tf_0__zhihan1996_DNABERT-2-117M__20260520T225104Z,0,0,0.5711836814880371,0.4288163185119629
gue_human_tf_0__zhihan1996_DNABERT-2-117M__20260520T225104Z,0,0,0.5764079093933105,0.42359215021133423
gue_human_tf_0__zhihan1996_DNABERT-2-117M__20260520T225104Z,0,0,0.8679338097572327,0.13206616044044495
gue_human_tf_0__zhihan1996_DNABERT-2-117M__20260520T225104Z,0,0,0.9879462122917175,0.0120537793263793
gue_human_tf_0__zhihan1996_DNABERT-2-117M__20260520T225104Z,0,0,0.9803562164306641,0.019643759354948997
gue_human_tf_0__zhihan1996_DNABERT-2-117M__20260520T225104Z,0,0,0.8896247744560242,0.11037521809339523
gue_human_tf_0__zhihan1996_DNABERT-2-117M__20260520T225104Z,0,0,0.7447027564048767,0.2552972435951233
gue_human_tf_0__zhihan1996_DNABERT-2-117M__20260520T225104Z,0,0,0.973993182182312,0.026006784290075302
gue_human_tf_0__zhihan1996_DNABERT-2-117M__20260520T225104Z,0,0,0.9769787192344666,0.023021256551146507
gue_human_tf_0__zhihan1996_DNABERT-2-117M__20260520T225104Z,0,0,0.7926247715950012,0.207375168800354
gue_human_tf_0__zhihan1996_DNABERT-2-117M__20260520T225104Z,0,0,0.7133318185806274,0.28666824102401733
gue_human_tf_0__zhihan1996_DNABERT-2-117M__20260520T225104Z,0,1,0.03445602208375931,0.9655439257621765
gue_human_tf_0__zhihan1996_DNABERT-2-117M__20260520T225104Z,0,0,0.9642205834388733,0.03577948734164238
gue_human_tf_0__zhihan1996_DNABERT-2-117M__20260520T225104Z,0,0,0.6207365989685059,0.37926343083381653
gue_human_tf_0__zhihan1996_DNABERT-2-117M__20260520T225104Z,0,1,0.22567249834537506,0.7743275165557861
gue_human_tf_0__zhihan1996_DNABERT-2-117M__20260520T225104Z,0,1,0.23475733399391174,0.7652426362037659
gue_human_tf_0__zhihan1996_DNABERT-2-117M__20260520T225104Z,0,0,0.9155827760696411,0.08441724628210068
gue_human_tf_0__zhihan1996_DNABERT-2-117M__20260520T225104Z,0,1,0.15810935199260712,0.8418906927108765
gue_human_tf_0__zhihan1996_DNABERT-2-117M__20260520T225104Z,0,0,0.8472740650177002,0.1527259647846222
gue_human_tf_0__zhihan1996_DNABERT-2-117M__20260520T225104Z,0,0,0.6828381419181824,0.31716182827949524
gue_human_tf_0__zhihan1996_DNABERT-2-117M__20260520T225104Z,0,0,0.9566746950149536,0.04332530498504639
gue_human_tf_0__zhihan1996_DNABERT-2-117M__20260520T225104Z,0,0,0.917672336101532,0.0823276937007904
gue_human_tf_0__zhihan1996_DNABERT-2-117M__20260520T225104Z,0,0,0.9505029916763306,0.049497056752443314
gue_human_tf_0__zhihan1996_DNABERT-2-117M__20260520T225104Z,0,0,0.6538456082344055,0.34615442156791687
gue_human_tf_0__zhihan1996_DNABERT-2-117M__20260520T225104Z,0,0,0.640129804611206,0.35987013578414917
gue_human_tf_0__zhihan1996_DNABERT-2-117M__20260520T225104Z,0,0,0.9636775851249695,0.0363224633038044
gue_human_tf_0__zhihan1996_DNABERT-2-117M__20260520T225104Z,0,0,0.5067974328994751,0.4932026267051697
gue_human_tf_0__zhihan1996_DNABERT-2-117M__20260520T225104Z,0,0,0.9585765600204468,0.041423480957746506
gue_human_tf_0__zhihan1996_DNABERT-2-117M__20260520T225104Z,0,0,0.8347439169883728,0.165256068110466
gue_human_tf_0__zhihan1996_DNABERT-2-117M__20260520T225104Z,0,0,0.6503562331199646,0.349643737077713
gue_human_tf_0__zhihan1996_DNABERT-2-117M__20260520T225104Z,0,0,0.9642205834388733,0.03577948734164238
gue_human_tf_0__zhihan1996_DNABERT-2-117M__20260520T225104Z,0,0,0.5468137860298157,0.45318618416786194
gue_human_tf_0__zhihan1996_DNABERT-2-117M__20260520T225104Z,0,1,0.49710848927497864,0.502891480922699
gue_human_tf_0__zhihan1996_DNABERT-2-117M__20260520T225104Z,0,0,0.9481545686721802,0.05184546858072281
gue_human_tf_0__zhihan1996_DNABERT-2-117M__20260520T225104Z,0,0,0.9848109483718872,0.015189048834145069
gue_human_tf_0__zhihan1996_DNABERT-2-117M__20260520T225104Z,0,0,0.972388505935669,0.027611490339040756
gue_human_tf_0__zhihan1996_DNABERT-2-117M__20260520T225104Z,0,0,0.9381240010261536,0.061875976622104645
gue_human_tf_0__zhihan1996_DNABERT-2-117M__20260520T225104Z,0,0,0.9808942675590515,0.01910572685301304
gue_human_tf_0__zhihan1996_DNABERT-2-117M__20260520T225104Z,0,0,0.979393482208252,0.020606474950909615
gue_human_tf_0__zhihan1996_DNABERT-2-117M__20260520T225104Z,0,1,0.28537195920944214,0.7146279811859131
gue_human_tf_0__zhihan1996_DNABERT-2-117M__20260520T225104Z,0,0,0.9316493272781372,0.06835070252418518
gue_human_tf_0__zhihan1996_DNABERT-2-117M__20260520T225104Z,0,0,0.9702399373054504,0.029760094359517097
gue_human_tf_0__zhihan1996_DNABERT-2-117M__20260520T225104Z,0,0,0.9536218643188477,0.046378206461668015
gue_human_tf_0__zhihan1996_DNABERT-2-117M__20260520T225104Z,0,1,0.2578585147857666,0.7421414852142334
gue_human_tf_0__zhihan1996_DNABERT-2-117M__20260520T225104Z,0,0,0.6748009920120239,0.3251990079879761
gue_human_tf_0__zhihan1996_DNABERT-2-117M__20260520T225104Z,0,0,0.8490347862243652,0.15096519887447357
gue_human_tf_0__zhihan1996_DNABERT-2-117M__20260520T225104Z,0,0,0.9444336295127869,0.05556633695960045
gue_human_tf_0__zhihan1996_DNABERT-2-117M__20260520T225104Z,0,0,0.9729852676391602,0.02701479196548462
gue_human_tf_0__zhihan1996_DNABERT-2-117M__20260520T225104Z,0,1,0.023419944569468498,0.9765800833702087
gue_human_tf_0__zhihan1996_DNABERT-2-117M__20260520T225104Z,0,0,0.6402422785758972,0.3597576916217804
gue_human_tf_0__zhihan1996_DNABERT-2-117M__20260520T225104Z,0,0,0.9414929747581482,0.058507006615400314
gue_human_tf_0__zhihan1996_DNABERT-2-117M__20260520T225104Z,0,0,0.9815951585769653,0.018404891714453697
gue_human_tf_0__zhihan1996_DNABERT-2-117M__20260520T225104Z,0,0,0.9517735838890076,0.04822634160518646
gue_human_tf_0__zhihan1996_DNABERT-2-117M__20260520T225104Z,0,0,0.9836912155151367,0.01630876585841179
gue_human_tf_0__zhihan1996_DNABERT-2-117M__20260520T225104Z,0,1,0.270865797996521,0.7291342616081238
gue_human_tf_0__zhihan1996_DNABERT-2-117M__20260520T225104Z,0,1,0.05455021560192108,0.9454497694969177
gue_human_tf_0__zhihan1996_DNABERT-2-117M__20260520T225104Z,0,0,0.6490783095359802,0.35092172026634216
gue_human_tf_0__zhihan1996_DNABERT-2-117M__20260520T225104Z,0,0,0.9797065258026123,0.02029348723590374
gue_human_tf_0__zhihan1996_DNABERT-2-117M__20260520T225104Z,0,0,0.9092645049095154,0.09073549509048462
gue_human_tf_0__zhihan1996_DNABERT-2-117M__20260520T225104Z,0,0,0.808672308921814,0.19132766127586365
gue_human_tf_0__zhihan1996_DNABERT-2-117M__20260520T225104Z,0,1,0.07978201657533646,0.9202179908752441
gue_human_tf_0__zhihan1996_DNABERT-2-117M__20260520T225104Z,0,0,0.9789353013038635,0.021064694970846176
gue_human_tf_0__zhihan1996_DNABERT-2-117M__20260520T225104Z,0,1,0.3657397925853729,0.6342601776123047
gue_human_tf_0__zhihan1996_DNABERT-2-117M__20260520T225104Z,0,0,0.9649212956428528,0.03507867455482483
gue_human_tf_0__zhihan1996_DNABERT-2-117M__20260520T225104Z,0,1,0.03289904072880745,0.967100977897644
gue_human_tf_0__zhihan1996_DNABERT-2-117M__20260520T225104Z,0,0,0.6343451142311096,0.365654855966568
gue_human_tf_0__zhihan1996_DNABERT-2-117M__20260520T225104Z,0,1,0.40518391132354736,0.5948160886764526
gue_human_tf_0__zhihan1996_DNABERT-2-117M__20260520T225104Z,0,0,0.9596865773200989,0.04031343758106232
gue_human_tf_0__zhihan1996_DNABERT-2-117M__20260520T225104Z,0,0,0.9812749028205872,0.018725162371993065
gue_human_tf_0__zhihan1996_DNABERT-2-117M__20260520T225104Z,0,1,0.1261378973722458,0.8738621473312378
gue_human_tf_0__zhihan1996_DNABERT-2-117M__20260520T225104Z,0,0,0.8807458281517029,0.1192542016506195
gue_human_tf_0__zhihan1996_DNABERT-2-117M__20260520T225104Z,0,0,0.976669192314148,0.023330768570303917
gue_human_tf_0__zhihan1996_DNABERT-2-117M__20260520T225104Z,0,0,0.9611344933509827,0.03886548429727554
gue_human_tf_0__zhihan1996_DNABERT-2-117M__20260520T225104Z,0,0,0.986828088760376,0.013171950355172157
gue_human_tf_0__zhihan1996_DNABERT-2-117M__20260520T225104Z,0,1,0.3676958680152893,0.6323041319847107
gue_human_tf_0__zhihan1996_DNABERT-2-117M__20260520T225104Z,0,0,0.9796481728553772,0.020351815968751907
gue_human_tf_0__zhihan1996_DNABERT-2-117M__20260520T225104Z,0,1,0.10429472476243973,0.8957052826881409
gue_human_tf_0__zhihan1996_DNABERT-2-117M__20260520T225104Z,0,0,0.8151589035987854,0.1848410665988922
gue_human_tf_0__zhihan1996_DNABERT-2-117M__20260520T225104Z,0,0,0.953057050704956,0.046942926943302155
gue_human_tf_0__zhihan1996_DNABERT-2-117M__20260520T225104Z,0,0,0.8778437376022339,0.12215621769428253
gue_human_tf_0__zhihan1996_DNABERT-2-117M__20260520T225104Z,0,0,0.6396235227584839,0.3603764772415161
gue_human_tf_0__zhihan1996_DNABERT-2-117M__20260520T225104Z,0,0,0.8587185740470886,0.14128142595291138
gue_human_tf_0__zhihan1996_DNABERT-2-117M__20260520T225104Z,0,1,0.059537485241889954,0.9404625296592712
gue_human_tf_0__zhihan1996_DNABERT-2-117M__20260520T225104Z,0,0,0.9837225079536438,0.016277460381388664
gue_human_tf_0__zhihan1996_DNABERT-2-117M__20260520T225104Z,0,1,0.2589814066886902,0.7410186529159546
gue_human_tf_0__zhihan1996_DNABERT-2-117M__20260520T225104Z,0,0,0.9786719083786011,0.02132808230817318
gue_human_tf_0__zhihan1996_DNABERT-2-117M__20260520T225104Z,0,0,0.5858122110366821,0.41418784856796265
gue_human_tf_0__zhihan1996_DNABERT-2-117M__20260520T225104Z,0,0,0.9509603977203369,0.04903962463140488
gue_human_tf_0__zhihan1996_DNABERT-2-117M__20260520T225104Z,0,1,0.3905920684337616,0.6094079613685608
gue_human_tf_0__zhihan1996_DNABERT-2-117M__20260520T225104Z,0,0,0.8054792284965515,0.19452078640460968
gue_human_tf_0__zhihan1996_DNABERT-2-117M__20260520T225104Z,0,0,0.973869264125824,0.026130758225917816
gue_human_tf_0__zhihan1996_DNABERT-2-117M__20260520T225104Z,0,0,0.9614614844322205,0.03853849321603775
gue_human_tf_0__zhihan1996_DNABERT-2-117M__20260520T225104Z,0,0,0.927822470664978,0.07217757403850555
gue_human_tf_0__zhihan1996_DNABERT-2-117M__20260520T225104Z,0,1,0.4473848342895508,0.5526151657104492
gue_human_tf_0__zhihan1996_DNABERT-2-117M__20260520T225104Z,0,1,0.26626187562942505,0.733738124370575
gue_human_tf_0__zhihan1996_DNABERT-2-117M__20260520T225104Z,0,0,0.9645892381668091,0.03541072830557823
gue_human_tf_0__zhihan1996_DNABERT-2-117M__20260520T225104Z,0,0,0.855549693107605,0.14445030689239502
gue_human_tf_0__zhihan1996_DNABERT-2-117M__20260520T225104Z,0,0,0.9723097085952759,0.027690257877111435
gue_human_tf_0__zhihan1996_DNABERT-2-117M__20260520T225104Z,0,0,0.7675155997276306,0.2324843555688858
gue_human_tf_0__zhihan1996_DNABERT-2-117M__20260520T225104Z,0,0,0.5132720470428467,0.4867279827594757
gue_human_tf_0__zhihan1996_DNABERT-2-117M__20260520T225104Z,0,0,0.9852713346481323,0.014728614129126072
gue_human_tf_0__zhihan1996_DNABERT-2-117M__20260520T225104Z,0,0,0.7271527647972107,0.2728472352027893
gue_human_tf_0__zhihan1996_DNABERT-2-117M__20260520T225104Z,0,1,0.4234282374382019,0.5765717625617981
gue_human_tf_0__zhihan1996_DNABERT-2-117M__20260520T225104Z,0,0,0.9794721603393555,0.020527787506580353
gue_human_tf_0__zhihan1996_DNABERT-2-117M__20260520T225104Z,0,1,0.1465752124786377,0.8534248471260071
gue_human_tf_0__zhihan1996_DNABERT-2-117M__20260520T225104Z,0,1,0.39615577459335327,0.6038442254066467
gue_human_tf_0__zhihan1996_DNABERT-2-117M__20260520T225104Z,0,0,0.9692369103431702,0.030763037502765656
gue_human_tf_0__zhihan1996_DNABERT-2-117M__20260520T225104Z,0,0,0.9424538016319275,0.0575462207198143
gue_human_tf_0__zhihan1996_DNABERT-2-117M__20260520T225104Z,0,0,0.9650533199310303,0.03494669869542122
gue_human_tf_0__zhihan1996_DNABERT-2-117M__20260520T225104Z,0,0,0.9594212770462036,0.04057874158024788
gue_human_tf_0__zhihan1996_DNABERT-2-117M__20260520T225104Z,0,0,0.7655057311058044,0.23449429869651794
gue_human_tf_0__zhihan1996_DNABERT-2-117M__20260520T225104Z,0,1,0.05823862925171852,0.9417614340782166
gue_human_tf_0__zhihan1996_DNABERT-2-117M__20260520T225104Z,0,0,0.9224124550819397,0.07758752256631851
gue_human_tf_0__zhihan1996_DNABERT-2-117M__20260520T225104Z,0,0,0.9726234674453735,0.027376487851142883
gue_human_tf_0__zhihan1996_DNABERT-2-117M__20260520T225104Z,0,0,0.9516838788986206,0.048316068947315216
gue_human_tf_0__zhihan1996_DNABERT-2-117M__20260520T225104Z,0,0,0.6186652183532715,0.38133475184440613
gue_human_tf_0__zhihan1996_DNABERT-2-117M__20260520T225104Z,0,0,0.9772841930389404,0.02271575666964054
gue_human_tf_0__zhihan1996_DNABERT-2-117M__20260520T225104Z,0,0,0.9785082340240479,0.02149176597595215
gue_human_tf_0__zhihan1996_DNABERT-2-117M__20260520T225104Z,0,0,0.7580630779266357,0.24193686246871948
gue_human_tf_0__zhihan1996_DNABERT-2-117M__20260520T225104Z,0,1,0.26184964179992676,0.7381503582000732
gue_human_tf_0__zhihan1996_DNABERT-2-117M__20260520T225104Z,0,1,0.3441678583621979,0.6558321714401245
gue_human_tf_0__zhihan1996_DNABERT-2-117M__20260520T225104Z,0,1,0.22227780520915985,0.777722179889679
gue_human_tf_0__zhihan1996_DNABERT-2-117M__20260520T225104Z,0,0,0.9477207660675049,0.05227922275662422
gue_human_tf_0__zhihan1996_DNABERT-2-117M__20260520T225104Z,0,0,0.9337335228919983,0.06626641750335693
gue_human_tf_0__zhihan1996_DNABERT-2-117M__20260520T225104Z,0,1,0.41786524653434753,0.5821347236633301
gue_human_tf_0__zhihan1996_DNABERT-2-117M__20260520T225104Z,0,0,0.8778437376022339,0.12215621769428253
gue_human_tf_0__zhihan1996_DNABERT-2-117M__20260520T225104Z,0,0,0.6244938969612122,0.37550607323646545
gue_human_tf_0__zhihan1996_DNABERT-2-117M__20260520T225104Z,0,0,0.8739159107208252,0.1260840892791748
gue_human_tf_0__zhihan1996_DNABERT-2-117M__20260520T225104Z,0,1,0.0643000602722168,0.9356999397277832
gue_human_tf_0__zhihan1996_DNABERT-2-117M__20260520T225104Z,0,1,0.2312668114900589,0.7687332034111023
gue_human_tf_0__zhihan1996_DNABERT-2-117M__20260520T225104Z,0,0,0.8519527316093445,0.14804719388484955
gue_human_tf_0__zhihan1996_DNABERT-2-117M__20260520T225104Z,0,0,0.5665732026100159,0.43342679738998413
gue_human_tf_0__zhihan1996_DNABERT-2-117M__20260520T225104Z,0,0,0.8217604756355286,0.1782395839691162
gue_human_tf_0__zhihan1996_DNABERT-2-117M__20260520T225104Z,0,0,0.9865975975990295,0.013402403332293034
gue_human_tf_0__zhihan1996_DNABERT-2-117M__20260520T225104Z,0,0,0.9855242371559143,0.014475689269602299
gue_human_tf_0__zhihan1996_DNABERT-2-117M__20260520T225104Z,0,0,0.930647611618042,0.0693524107336998
gue_human_tf_0__zhihan1996_DNABERT-2-117M__20260520T225104Z,0,0,0.9815597534179688,0.018440209329128265
gue_human_tf_0__zhihan1996_DNABERT-2-117M__20260520T225104Z,0,1,0.3856927454471588,0.6143072843551636
gue_human_tf_0__zhihan1996_DNABERT-2-117M__20260520T225104Z,0,1,0.16810448467731476,0.8318955302238464
gue_human_tf_0__zhihan1996_DNABERT-2-117M__20260520T225104Z,0,1,0.10293421894311905,0.8970657587051392
gue_human_tf_0__zhihan1996_DNABERT-2-117M__20260520T225104Z,0,1,0.14015962183475494,0.8598403930664062
gue_human_tf_0__zhihan1996_DNABERT-2-117M__20260520T225104Z,0,0,0.8781575560569763,0.1218423992395401
gue_human_tf_0__zhihan1996_DNABERT-2-117M__20260520T225104Z,0,1,0.3847676217556,0.6152323484420776
gue_human_tf_0__zhihan1996_DNABERT-2-117M__20260520T225104Z,0,1,0.4393714666366577,0.5606285333633423
gue_human_tf_0__zhihan1996_DNABERT-2-117M__20260520T225104Z,0,1,0.05634009465575218,0.9436599016189575
gue_human_tf_0__zhihan1996_DNABERT-2-117M__20260520T225104Z,0,0,0.6811438202857971,0.31885620951652527
gue_human_tf_0__zhihan1996_DNABERT-2-117M__20260520T225104Z,0,0,0.9348130226135254,0.06518702954053879
gue_human_tf_0__zhihan1996_DNABERT-2-117M__20260520T225104Z,0,0,0.9837225079536438,0.016277460381388664
gue_human_tf_0__zhihan1996_DNABERT-2-117M__20260520T225104Z,0,0,0.9199306964874268,0.08006926625967026
gue_human_tf_0__zhihan1996_DNABERT-2-117M__20260520T225104Z,0,0,0.9807103276252747,0.01928960345685482
gue_human_tf_0__zhihan1996_DNABERT-2-117M__20260520T225104Z,0,0,0.5258738994598389,0.47412610054016113
gue_human_tf_0__zhihan1996_DNABERT-2-117M__20260520T225104Z,0,0,0.986929178237915,0.013070784509181976
gue_human_tf_0__zhihan1996_DNABERT-2-117M__20260520T225104Z,0,0,0.9835337996482849,0.01646617241203785
gue_human_tf_0__zhihan1996_DNABERT-2-117M__20260520T225104Z,0,0,0.974531888961792,0.02546808123588562
gue_human_tf_0__zhihan1996_DNABERT-2-117M__20260520T225104Z,0,0,0.9755303859710693,0.02446967177093029
gue_human_tf_0__zhihan1996_DNABERT-2-117M__20260520T225104Z,0,0,0.9241418242454529,0.07585818320512772
gue_human_tf_0__zhihan1996_DNABERT-2-117M__20260520T225104Z,0,0,0.9846346974372864,0.015365341678261757
gue_human_tf_0__zhihan1996_DNABERT-2-117M__20260520T225104Z,0,0,0.9734434485435486,0.02655657008290291
gue_human_tf_0__zhihan1996_DNABERT-2-117M__20260520T225104Z,0,1,0.3170561194419861,0.6829438805580139
gue_human_tf_0__zhihan1996_DNABERT-2-117M__20260520T225104Z,0,0,0.9836755394935608,0.016324438154697418
gue_human_tf_0__zhihan1996_DNABERT-2-117M__20260520T225104Z,0,0,0.9240732789039612,0.07592666894197464
gue_human_tf_0__zhihan1996_DNABERT-2-117M__20260520T225104Z,0,0,0.8042522072792053,0.19574777781963348
gue_human_tf_0__zhihan1996_DNABERT-2-117M__20260520T225104Z,0,1,0.2278127372264862,0.7721872329711914
gue_human_tf_0__zhihan1996_DNABERT-2-117M__20260520T225104Z,0,0,0.9348130226135254,0.06518702954053879
gue_human_tf_0__zhihan1996_DNABERT-2-117M__20260520T225104Z,0,0,0.9785287380218506,0.021471237763762474
gue_human_tf_0__zhihan1996_DNABERT-2-117M__20260520T225104Z,0,0,0.9032942056655884,0.09670579433441162
gue_human_tf_0__zhihan1996_DNABERT-2-117M__20260520T225104Z,0,0,0.5610494613647461,0.4389505386352539
gue_human_tf_0__zhihan1996_DNABERT-2-117M__20260520T225104Z,0,0,0.8252379298210144,0.1747620850801468
gue_human_tf_0__zhihan1996_DNABERT-2-117M__20260520T225104Z,0,0,0.946793794631958,0.053206201642751694
gue_human_tf_0__zhihan1996_DNABERT-2-117M__20260520T225104Z,0,1,0.1718241423368454,0.8281758427619934
gue_human_tf_0__zhihan1996_DNABERT-2-117M__20260520T225104Z,0,1,0.4773190915584564,0.522680938243866
gue_human_tf_0__zhihan1996_DNABERT-2-117M__20260520T225104Z,0,1,0.4569322466850281,0.5430677533149719
gue_human_tf_0__zhihan1996_DNABERT-2-117M__20260520T225104Z,0,0,0.9470881819725037,0.05291180685162544
gue_human_tf_0__zhihan1996_DNABERT-2-117M__20260520T225104Z,0,1,0.19314739108085632,0.8068526387214661
gue_human_tf_0__zhihan1996_DNABERT-2-117M__20260520T225104Z,0,0,0.6005104780197144,0.39948946237564087
gue_human_tf_0__zhihan1996_DNABERT-2-117M__20260520T225104Z,0,0,0.8321685194969177,0.16783155500888824
gue_human_tf_0__zhihan1996_DNABERT-2-117M__20260520T225104Z,0,0,0.8362873792648315,0.16371268033981323
gue_human_tf_0__zhihan1996_DNABERT-2-117M__20260520T225104Z,0,0,0.948441743850708,0.05155818536877632
gue_human_tf_0__zhihan1996_DNABERT-2-117M__20260520T225104Z,0,0,0.9761291742324829,0.023870833218097687
gue_human_tf_0__zhihan1996_DNABERT-2-117M__20260520T225104Z,0,1,0.4449264705181122,0.5550734996795654
gue_human_tf_0__zhihan1996_DNABERT-2-117M__20260520T225104Z,0,1,0.10725032538175583,0.8927496671676636
gue_human_tf_0__zhihan1996_DNABERT-2-117M__20260520T225104Z,0,0,0.9290551543235779,0.07094482332468033
gue_human_tf_0__zhihan1996_DNABERT-2-117M__20260520T225104Z,0,0,0.9818405508995056,0.01815951243042946
gue_human_tf_0__zhihan1996_DNABERT-2-117M__20260520T225104Z,0,1,0.27197620272636414,0.7280238270759583
gue_human_tf_0__zhihan1996_DNABERT-2-117M__20260520T225104Z,0,0,0.6925899982452393,0.30741000175476074
gue_human_tf_0__zhihan1996_DNABERT-2-117M__20260520T225104Z,0,0,0.9646891355514526,0.03531079366803169
gue_human_tf_0__zhihan1996_DNABERT-2-117M__20260520T225104Z,0,0,0.666171133518219,0.3338289260864258
gue_human_tf_0__zhihan1996_DNABERT-2-117M__20260520T225104Z,0,1,0.07172112166881561,0.9282788634300232
gue_human_tf_0__zhihan1996_DNABERT-2-117M__20260520T225104Z,0,0,0.9819099307060242,0.01808999478816986
gue_human_tf_0__zhihan1996_DNABERT-2-117M__20260520T225104Z,0,0,0.9859904050827026,0.014009565114974976
gue_human_tf_0__zhihan1996_DNABERT-2-117M__20260520T225104Z,0,0,0.9877822995185852,0.012217681854963303
gue_human_tf_0__zhihan1996_DNABERT-2-117M__20260520T225104Z,0,0,0.9384632706642151,0.06153674051165581
gue_human_tf_0__zhihan1996_DNABERT-2-117M__20260520T225104Z,0,0,0.9789956212043762,0.021004365757107735
gue_human_tf_0__zhihan1996_DNABERT-2-117M__20260520T225104Z,0,0,0.7503241300582886,0.24967586994171143
gue_human_tf_0__zhihan1996_DNABERT-2-117M__20260520T225104Z,0,0,0.9375547766685486,0.06244529038667679
gue_human_tf_0__zhihan1996_DNABERT-2-117M__20260520T225104Z,0,1,0.07436570525169373,0.9256342649459839
gue_human_tf_0__zhihan1996_DNABERT-2-117M__20260520T225104Z,0,0,0.9605096578598022,0.03949040547013283
gue_human_tf_0__zhihan1996_DNABERT-2-117M__20260520T225104Z,0,0,0.9692369103431702,0.030763037502765656
gue_human_tf_0__zhihan1996_DNABERT-2-117M__20260520T225104Z,0,0,0.9564718008041382,0.043528132140636444
gue_human_tf_0__zhihan1996_DNABERT-2-117M__20260520T225104Z,0,0,0.9675024151802063,0.032497506588697433
gue_human_tf_0__zhihan1996_DNABERT-2-117M__20260520T225104Z,0,0,0.9855521321296692,0.014447852969169617
gue_human_tf_0__zhihan1996_DNABERT-2-117M__20260520T225104Z,0,0,0.8426690697669983,0.1573309600353241
gue_human_tf_0__zhihan1996_DNABERT-2-117M__20260520T225104Z,0,1,0.18498824536800385,0.815011739730835
gue_human_tf_0__zhihan1996_DNABERT-2-117M__20260520T225104Z,0,0,0.8833869695663452,0.11661302298307419
gue_human_tf_0__zhihan1996_DNABERT-2-117M__20260520T225104Z,0,0,0.5989281535148621,0.4010718762874603
gue_human_tf_0__zhihan1996_DNABERT-2-117M__20260520T225104Z,0,0,0.8501578569412231,0.14984211325645447
gue_human_tf_0__zhihan1996_DNABERT-2-117M__20260520T225104Z,0,0,0.9754135012626648,0.024586498737335205
gue_human_tf_0__zhihan1996_DNABERT-2-117M__20260520T225104Z,0,0,0.863794207572937,0.1362057477235794
gue_human_tf_0__zhihan1996_DNABERT-2-117M__20260520T225104Z,0,0,0.9505488872528076,0.04945112764835358
gue_human_tf_0__zhihan1996_DNABERT-2-117M__20260520T225104Z,0,0,0.8375535607337952,0.16244646906852722
gue_human_tf_0__zhihan1996_DNABERT-2-117M__20260520T225104Z,0,1,0.4582805037498474,0.5417194962501526
gue_human_tf_0__zhihan1996_DNABERT-2-117M__20260520T225104Z,0,0,0.842215359210968,0.1577846258878708
gue_human_tf_0__zhihan1996_DNABERT-2-117M__20260520T225104Z,0,0,0.9831821918487549,0.01681775227189064
gue_human_tf_0__zhihan1996_DNABERT-2-117M__20260520T225104Z,0,0,0.7148768901824951,0.2851230800151825
gue_human_tf_0__zhihan1996_DNABERT-2-117M__20260520T225104Z,0,0,0.944587230682373,0.05541279539465904
gue_human_tf_0__zhihan1996_DNABERT-2-117M__20260520T225104Z,0,0,0.9326989054679871,0.06730107218027115
gue_human_tf_0__zhihan1996_DNABERT-2-117M__20260520T225104Z,0,0,0.9835495948791504,0.016450367867946625
gue_human_tf_0__zhihan1996_DNABERT-2-117M__20260520T225104Z,0,0,0.9591543078422546,0.04084571823477745
gue_human_tf_0__zhihan1996_DNABERT-2-117M__20260520T225104Z,0,0,0.9703524708747864,0.02964751236140728
gue_human_tf_0__zhihan1996_DNABERT-2-117M__20260520T225104Z,0,0,0.8857303857803345,0.11426965147256851
gue_human_tf_0__zhihan1996_DNABERT-2-117M__20260520T225104Z,0,0,0.9856905341148376,0.014309455640614033
gue_human_tf_0__zhihan1996_DNABERT-2-117M__20260520T225104Z,0,0,0.9868533611297607,0.01314658671617508
gue_human_tf_0__zhihan1996_DNABERT-2-117M__20260520T225104Z,0,0,0.761094868183136,0.238905131816864
gue_human_tf_0__zhihan1996_DNABERT-2-117M__20260520T225104Z,0,1,0.26123666763305664,0.7387633323669434
gue_human_tf_0__zhihan1996_DNABERT-2-117M__20260520T225104Z,0,0,0.7187424898147583,0.2812575101852417
gue_human_tf_0__zhihan1996_DNABERT-2-117M__20260520T225104Z,0,0,0.8747742176055908,0.1252257525920868
gue_human_tf_0__zhihan1996_DNABERT-2-117M__20260520T225104Z,0,0,0.9855242371559143,0.014475689269602299
gue_human_tf_0__zhihan1996_DNABERT-2-117M__20260520T225104Z,0,1,0.45933759212493896,0.540662407875061
gue_human_tf_0__zhihan1996_DNABERT-2-117M__20260520T225104Z,0,0,0.9308364987373352,0.06916356831789017
gue_human_tf_0__zhihan1996_DNABERT-2-117M__20260520T225104Z,0,1,0.33236458897590637,0.667635440826416
gue_human_tf_0__zhihan1996_DNABERT-2-117M__20260520T225104Z,0,0,0.8862728476524353,0.1137271448969841
gue_human_tf_0__zhihan1996_DNABERT-2-117M__20260520T225104Z,0,0,0.9010533690452576,0.09894658625125885
gue_human_tf_0__zhihan1996_DNABERT-2-117M__20260520T225104Z,0,0,0.5904250144958496,0.4095749855041504
gue_human_tf_0__zhihan1996_DNABERT-2-117M__20260520T225104Z,0,0,0.9460012316703796,0.05399883911013603
gue_human_tf_0__zhihan1996_DNABERT-2-117M__20260520T225104Z,0,0,0.9786311388015747,0.02136888913810253
gue_human_tf_0__zhihan1996_DNABERT-2-117M__20260520T225104Z,0,1,0.4024508595466614,0.5975492000579834
gue_human_tf_0__zhihan1996_DNABERT-2-117M__20260520T225104Z,0,0,0.677634060382843,0.32236596941947937
gue_human_tf_0__zhihan1996_DNABERT-2-117M__20260520T225104Z,0,0,0.7077078223228455,0.29229217767715454
gue_human_tf_0__zhihan1996_DNABERT-2-117M__20260520T225104Z,0,1,0.37028229236602783,0.6297177076339722
gue_human_tf_0__zhihan1996_DNABERT-2-117M__20260520T225104Z,0,0,0.9638820886611938,0.03611792251467705
gue_human_tf_0__zhihan1996_DNABERT-2-117M__20260520T225104Z,0,0,0.7824131846427917,0.21758678555488586
gue_human_tf_0__zhihan1996_DNABERT-2-117M__20260520T225104Z,0,0,0.9194257855415344,0.08057424426078796
gue_human_tf_0__zhihan1996_DNABERT-2-117M__20260520T225104Z,0,0,0.9584600329399109,0.04153996706008911
gue_human_tf_0__zhihan1996_DNABERT-2-117M__20260520T225104Z,0,0,0.9707155227661133,0.029284456744790077
gue_human_tf_0__zhihan1996_DNABERT-2-117M__20260520T225104Z,0,0,0.9741657972335815,0.025834186002612114
gue_human_tf_0__zhihan1996_DNABERT-2-117M__20260520T225104Z,0,0,0.9880849719047546,0.011915021575987339
gue_human_tf_0__zhihan1996_DNABERT-2-117M__20260520T225104Z,0,0,0.9721250534057617,0.0278748981654644
gue_human_tf_0__zhihan1996_DNABERT-2-117M__20260520T225104Z,0,0,0.8561520576477051,0.14384791254997253
gue_human_tf_0__zhihan1996_DNABERT-2-117M__20260520T225104Z,0,0,0.6078377962112427,0.3921622335910797
gue_human_tf_0__zhihan1996_DNABERT-2-117M__20260520T225104Z,0,0,0.9537512063980103,0.04624880850315094
gue_human_tf_0__zhihan1996_DNABERT-2-117M__20260520T225104Z,0,0,0.9068183302879333,0.09318171441555023
gue_human_tf_0__zhihan1996_DNABERT-2-117M__20260520T225104Z,0,0,0.8020908832550049,0.19790910184383392
gue_human_tf_0__zhihan1996_DNABERT-2-117M__20260520T225104Z,0,0,0.9020070433616638,0.09799297899007797
gue_human_tf_0__zhihan1996_DNABERT-2-117M__20260520T225104Z,0,0,0.8352149128913879,0.16478510200977325
gue_human_tf_0__zhihan1996_DNABERT-2-117M__20260520T225104Z,0,0,0.9642541408538818,0.035745806992053986
gue_human_tf_0__zhihan1996_DNABERT-2-117M__20260520T225104Z,0,0,0.983628511428833,0.016371550038456917
gue_human_tf_0__zhihan1996_DNABERT-2-117M__20260520T225104Z,0,0,0.9270997643470764,0.07290027290582657
gue_human_tf_0__zhihan1996_DNABERT-2-117M__20260520T225104Z,0,0,0.9006171822547913,0.09938276559114456
gue_human_tf_0__zhihan1996_DNABERT-2-117M__20260520T225104Z,0,1,0.0634823590517044,0.9365176558494568
gue_human_tf_0__zhihan1996_DNABERT-2-117M__20260520T225104Z,0,0,0.8764230012893677,0.12357699871063232
gue_human_tf_0__zhihan1996_DNABERT-2-117M__20260520T225104Z,0,0,0.9878528118133545,0.012147169560194016
gue_human_tf_0__zhihan1996_DNABERT-2-117M__20260520T225104Z,0,0,0.9766469597816467,0.023353030905127525
gue_human_tf_0__zhihan1996_DNABERT-2-117M__20260520T225104Z,0,0,0.8438951373100281,0.1561048924922943
gue_human_tf_0__zhihan1996_DNABERT-2-117M__20260520T225104Z,0,0,0.793985903263092,0.20601411163806915
gue_human_tf_0__zhihan1996_DNABERT-2-117M__20260520T225104Z,0,0,0.7674285769462585,0.23257149755954742
gue_human_tf_0__zhihan1996_DNABERT-2-117M__20260520T225104Z,0,0,0.5070910453796387,0.49290895462036133
gue_human_tf_0__zhihan1996_DNABERT-2-117M__20260520T225104Z,0,0,0.9861780405044556,0.013821962289512157
gue_human_tf_0__zhihan1996_DNABERT-2-117M__20260520T225104Z,0,0,0.9551520943641663,0.04484790563583374
gue_human_tf_0__zhihan1996_DNABERT-2-117M__20260520T225104Z,0,0,0.9765353798866272,0.023464657366275787
gue_human_tf_0__zhihan1996_DNABERT-2-117M__20260520T225104Z,0,0,0.969353199005127,0.03064677305519581
gue_human_tf_0__zhihan1996_DNABERT-2-117M__20260520T225104Z,0,0,0.7298086881637573,0.2701912522315979
gue_human_tf_0__zhihan1996_DNABERT-2-117M__20260520T225104Z,0,0,0.9078037738800049,0.09219620376825333
gue_human_tf_0__zhihan1996_DNABERT-2-117M__20260520T225104Z,0,1,0.4521201252937317,0.5478798151016235
gue_human_tf_0__zhihan1996_DNABERT-2-117M__20260520T225104Z,0,1,0.4328274130821228,0.567172646522522
gue_human_tf_0__zhihan1996_DNABERT-2-117M__20260520T225104Z,0,0,0.9826410412788391,0.017358999699354172
gue_human_tf_0__zhihan1996_DNABERT-2-117M__20260520T225104Z,0,1,0.02830144762992859,0.9716985821723938
gue_human_tf_0__zhihan1996_DNABERT-2-117M__20260520T225104Z,0,0,0.8818694949150085,0.11813051253557205
gue_human_tf_0__zhihan1996_DNABERT-2-117M__20260520T225104Z,0,0,0.6211100816726685,0.37888988852500916
gue_human_tf_0__zhihan1996_DNABERT-2-117M__20260520T225104Z,0,1,0.03240551799535751,0.9675945043563843
gue_human_tf_0__zhihan1996_DNABERT-2-117M__20260520T225104Z,0,0,0.9135223627090454,0.08647764474153519
gue_human_tf_0__zhihan1996_DNABERT-2-117M__20260520T225104Z,0,0,0.8686597347259521,0.13134026527404785
gue_human_tf_0__zhihan1996_DNABERT-2-117M__20260520T225104Z,0,0,0.6347131729125977,0.36528685688972473
gue_human_tf_0__zhihan1996_DNABERT-2-117M__20260520T225104Z,0,0,0.9840936064720154,0.01590639166533947
gue_human_tf_0__zhihan1996_DNABERT-2-117M__20260520T225104Z,0,0,0.9764680862426758,0.023531878367066383
gue_human_tf_0__zhihan1996_DNABERT-2-117M__20260520T225104Z,0,1,0.3593641519546509,0.6406359076499939
gue_human_tf_0__zhihan1996_DNABERT-2-117M__20260520T225104Z,0,0,0.9803562164306641,0.019643759354948997
gue_human_tf_0__zhihan1996_DNABERT-2-117M__20260520T225104Z,0,0,0.8852847814559937,0.11471518129110336
gue_human_tf_0__zhihan1996_DNABERT-2-117M__20260520T225104Z,0,0,0.9237988591194153,0.07620120048522949
gue_human_tf_0__zhihan1996_DNABERT-2-117M__20260520T225104Z,0,0,0.839799702167511,0.1602003276348114
gue_human_tf_0__zhihan1996_DNABERT-2-117M__20260520T225104Z,0,0,0.9875922799110413,0.0124076958745718
gue_human_tf_0__zhihan1996_DNABERT-2-117M__20260520T225104Z,0,0,0.822474479675293,0.17752550542354584
gue_human_tf_0__zhihan1996_DNABERT-2-117M__20260520T225104Z,0,0,0.963949978351593,0.036049988120794296
gue_human_tf_0__zhihan1996_DNABERT-2-117M__20260520T225104Z,0,0,0.8295611143112183,0.1704389452934265
gue_human_tf_0__zhihan1996_DNABERT-2-117M__20260520T225104Z,0,0,0.520652711391449,0.479347288608551
gue_human_tf_0__zhihan1996_DNABERT-2-117M__20260520T225104Z,0,1,0.2709622383117676,0.7290378212928772
gue_human_tf_0__zhihan1996_DNABERT-2-117M__20260520T225104Z,0,0,0.9289263486862183,0.07107367366552353
gue_human_tf_0__zhihan1996_DNABERT-2-117M__20260520T225104Z,0,0,0.9877586960792542,0.012241274118423462
gue_human_tf_0__zhihan1996_DNABERT-2-117M__20260520T225104Z,0,0,0.9664738178253174,0.033526163548231125
gue_human_tf_0__zhihan1996_DNABERT-2-117M__20260520T225104Z,0,0,0.9120452404022217,0.08795474469661713
gue_human_tf_0__zhihan1996_DNABERT-2-117M__20260520T225104Z,0,1,0.3181672692298889,0.6818326711654663
gue_human_tf_0__zhihan1996_DNABERT-2-117M__20260520T225104Z,0,0,0.9872773289680481,0.012722708284854889
gue_human_tf_0__zhihan1996_DNABERT-2-117M__20260520T225104Z,0,0,0.9324532747268677,0.06754669547080994
gue_human_tf_0__zhihan1996_DNABERT-2-117M__20260520T225104Z,0,0,0.9119669198989868,0.08803310990333557
gue_human_tf_0__zhihan1996_DNABERT-2-117M__20260520T225104Z,0,0,0.930962085723877,0.06903792172670364
gue_human_tf_0__zhihan1996_DNABERT-2-117M__20260520T225104Z,0,1,0.1693371832370758,0.8306628465652466
gue_human_tf_0__zhihan1996_DNABERT-2-117M__20260520T225104Z,0,0,0.8861251473426819,0.1138748973608017
gue_human_tf_0__zhihan1996_DNABERT-2-117M__20260520T225104Z,0,1,0.1989186704158783,0.8010812997817993
gue_human_tf_0__zhihan1996_DNABERT-2-117M__20260520T225104Z,0,0,0.9735442399978638,0.026455773040652275
gue_human_tf_0__zhihan1996_DNABERT-2-117M__20260520T225104Z,0,0,0.9601374864578247,0.0398624949157238
gue_human_tf_0__zhihan1996_DNABERT-2-117M__20260520T225104Z,0,0,0.9461008310317993,0.05389915779232979
gue_human_tf_0__zhihan1996_DNABERT-2-117M__20260520T225104Z,0,0,0.9577545523643494,0.04224549978971481
gue_human_tf_0__zhihan1996_DNABERT-2-117M__20260520T225104Z,0,1,0.12678518891334534,0.873214840888977
gue_human_tf_0__zhihan1996_DNABERT-2-117M__20260520T225104Z,0,0,0.9773707389831543,0.02262919954955578
gue_human_tf_0__zhihan1996_DNABERT-2-117M__20260520T225104Z,0,0,0.7671669721603394,0.23283304274082184
gue_human_tf_0__zhihan1996_DNABERT-2-117M__20260520T225104Z,0,1,0.4516514539718628,0.5483484864234924
gue_human_tf_0__zhihan1996_DNABERT-2-117M__20260520T225104Z,0,0,0.8912444114685059,0.10875558853149414
gue_human_tf_0__zhihan1996_DNABERT-2-117M__20260520T225104Z,0,0,0.5670827627182007,0.4329172670841217
gue_human_tf_0__zhihan1996_DNABERT-2-117M__20260520T225104Z,0,0,0.9731642603874207,0.026835687458515167
gue_human_tf_0__zhihan1996_DNABERT-2-117M__20260520T225104Z,0,0,0.6325594782829285,0.36744052171707153
gue_human_tf_0__zhihan1996_DNABERT-2-117M__20260520T225104Z,0,0,0.936168372631073,0.06383161246776581
gue_human_tf_0__zhihan1996_DNABERT-2-117M__20260520T225104Z,0,1,0.44434624910354614,0.5556537508964539
gue_human_tf_0__zhihan1996_DNABERT-2-117M__20260520T225104Z,0,0,0.9786311388015747,0.02136888913810253
gue_human_tf_0__zhihan1996_DNABERT-2-117M__20260520T225104Z,0,0,0.7187917828559875,0.2812081575393677
gue_human_tf_0__zhihan1996_DNABERT-2-117M__20260520T225104Z,0,0,0.9537512063980103,0.04624880850315094
gue_human_tf_0__zhihan1996_DNABERT-2-117M__20260520T225104Z,0,0,0.9779677391052246,0.02203226275742054
gue_human_tf_0__zhihan1996_DNABERT-2-117M__20260520T225104Z,0,1,0.027532940730452538,0.9724670648574829
gue_human_tf_0__zhihan1996_DNABERT-2-117M__20260520T225104Z,0,0,0.963161289691925,0.03683870658278465
gue_human_tf_0__zhihan1996_DNABERT-2-117M__20260520T225104Z,0,0,0.754553496837616,0.2454465627670288
gue_human_tf_0__zhihan1996_DNABERT-2-117M__20260520T225104Z,0,0,0.9620362520217896,0.03796369582414627
gue_human_tf_0__zhihan1996_DNABERT-2-117M__20260520T225104Z,0,0,0.6975059509277344,0.3024941086769104
gue_human_tf_0__zhihan1996_DNABERT-2-117M__20260520T225104Z,0,0,0.7324004769325256,0.26759952306747437
gue_human_tf_0__zhihan1996_DNABERT-2-117M__20260520T225104Z,0,0,0.5386040806770325,0.4613959491252899
gue_human_tf_0__zhihan1996_DNABERT-2-117M__20260520T225104Z,0,0,0.9062390327453613,0.09376094490289688
gue_human_tf_0__zhihan1996_DNABERT-2-117M__20260520T225104Z,0,0,0.9698712229728699,0.030128860846161842
gue_human_tf_0__zhihan1996_DNABERT-2-117M__20260520T225104Z,0,0,0.85500568151474,0.14499424397945404
gue_human_tf_0__zhihan1996_DNABERT-2-117M__20260520T225104Z,0,1,0.4393714666366577,0.5606285333633423
gue_human_tf_0__zhihan1996_DNABERT-2-117M__20260520T225104Z,0,0,0.9120452404022217,0.08795474469661713
gue_human_tf_0__zhihan1996_DNABERT-2-117M__20260520T225104Z,0,0,0.5214492678642273,0.4785507321357727
gue_human_tf_0__zhihan1996_DNABERT-2-117M__20260520T225104Z,0,0,0.9863104820251465,0.013689475134015083
gue_human_tf_0__zhihan1996_DNABERT-2-117M__20260520T225104Z,0,0,0.9549003839492798,0.045099563896656036
gue_human_tf_0__zhihan1996_DNABERT-2-117M__20260520T225104Z,0,0,0.9174507260322571,0.08254930377006531
gue_human_tf_0__zhihan1996_DNABERT-2-117M__20260520T225104Z,0,0,0.948775053024292,0.051224928349256516
gue_human_tf_0__zhihan1996_DNABERT-2-117M__20260520T225104Z,0,0,0.9266363382339478,0.07336363941431046
gue_human_tf_0__zhihan1996_DNABERT-2-117M__20260520T225104Z,0,0,0.963161289691925,0.03683870658278465
gue_human_tf_0__zhihan1996_DNABERT-2-117M__20260520T225104Z,0,0,0.9640178084373474,0.035982176661491394
gue_human_tf_0__zhihan1996_DNABERT-2-117M__20260520T225104Z,0,1,0.26459580659866333,0.7354041934013367
gue_human_tf_0__zhihan1996_DNABERT-2-117M__20260520T225104Z,0,0,0.9489645957946777,0.05103541910648346
gue_human_tf_0__zhihan1996_DNABERT-2-117M__20260520T225104Z,0,1,0.1628454327583313,0.8371545076370239
gue_human_tf_0__zhihan1996_DNABERT-2-117M__20260520T225104Z,0,0,0.8957052826881409,0.10429472476243973
gue_human_tf_0__zhihan1996_DNABERT-2-117M__20260520T225104Z,0,1,0.19915220141410828,0.8008478283882141
gue_human_tf_0__zhihan1996_DNABERT-2-117M__20260520T225104Z,0,1,0.33813175559043884,0.6618682146072388
gue_human_tf_0__zhihan1996_DNABERT-2-117M__20260520T225104Z,0,0,0.8760523796081543,0.12394766509532928
gue_human_tf_0__zhihan1996_DNABERT-2-117M__20260520T225104Z,0,0,0.9709919095039368,0.029008125886321068
gue_human_tf_0__zhihan1996_DNABERT-2-117M__20260520T225104Z,0,0,0.8847880363464355,0.11521199345588684
gue_human_tf_0__zhihan1996_DNABERT-2-117M__20260520T225104Z,0,0,0.9817357659339905,0.018264278769493103
gue_human_tf_0__zhihan1996_DNABERT-2-117M__20260520T225104Z,0,0,0.986828088760376,0.013171950355172157
gue_human_tf_0__zhihan1996_DNABERT-2-117M__20260520T225104Z,0,0,0.9366915822029114,0.06330841034650803
gue_human_tf_0__zhihan1996_DNABERT-2-117M__20260520T225104Z,0,0,0.9442797303199768,0.05572028458118439
gue_human_tf_0__zhihan1996_DNABERT-2-117M__20260520T225104Z,0,0,0.9673795104026794,0.032620545476675034
gue_human_tf_0__zhihan1996_DNABERT-2-117M__20260520T225104Z,0,1,0.2420264184474945,0.7579735517501831
gue_human_tf_0__zhihan1996_DNABERT-2-117M__20260520T225104Z,0,0,0.9239361882209778,0.07606381177902222
gue_human_tf_0__zhihan1996_DNABERT-2-117M__20260520T225104Z,0,0,0.6576483845710754,0.34235161542892456
gue_human_tf_0__zhihan1996_DNABERT-2-117M__20260520T225104Z,0,0,0.8054792284965515,0.19452078640460968
gue_human_tf_0__zhihan1996_DNABERT-2-117M__20260520T225104Z,0,0,0.520061194896698,0.479938805103302
gue_human_tf_0__zhihan1996_DNABERT-2-117M__20260520T225104Z,0,0,0.9692369103431702,0.030763037502765656
gue_human_tf_0__zhihan1996_DNABERT-2-117M__20260520T225104Z,0,0,0.9853561520576477,0.014643825590610504
gue_human_tf_0__zhihan1996_DNABERT-2-117M__20260520T225104Z,0,0,0.9877822995185852,0.012217681854963303
gue_human_tf_0__zhihan1996_DNABERT-2-117M__20260520T225104Z,0,0,0.9754835963249207,0.024516336619853973
gue_human_tf_0__zhihan1996_DNABERT-2-117M__20260520T225104Z,0,0,0.9787126779556274,0.021287353709340096
gue_human_tf_0__zhihan1996_DNABERT-2-117M__20260520T225104Z,0,1,0.21428008377552032,0.7857198715209961
gue_human_tf_0__zhihan1996_DNABERT-2-117M__20260520T225104Z,0,1,0.16458357870578766,0.8354163765907288
gue_human_tf_0__zhihan1996_DNABERT-2-117M__20260520T225104Z,0,0,0.9498092532157898,0.05019078403711319
gue_human_tf_0__zhihan1996_DNABERT-2-117M__20260520T225104Z,0,0,0.9679599404335022,0.032040078192949295
gue_human_tf_0__zhihan1996_DNABERT-2-117M__20260520T225104Z,0,0,0.6637234091758728,0.3362765610218048
gue_human_tf_0__zhihan1996_DNABERT-2-117M__20260520T225104Z,0,0,0.9808942675590515,0.01910572685301304
gue_human_tf_0__zhihan1996_DNABERT-2-117M__20260520T225104Z,0,0,0.9830526113510132,0.016947420313954353
