run_id,true_label,predicted_label,prob_class_0,prob_class_1,prob_class_2
gue_splice_reconstructed_frozen__InstaDeepAI_nucleotide-transformer-v2-500m-multi-species__20260514T120331Z,1,2,0.21283270418643951,0.1276635080575943,0.6595038771629333
gue_splice_reconstructed_frozen__InstaDeepAI_nucleotide-transformer-v2-500m-multi-species__20260514T120331Z,2,2,0.3365936279296875,0.12204012274742126,0.5413662195205688
gue_splice_reconstructed_frozen__InstaDeepAI_nucleotide-transformer-v2-500m-multi-species__20260514T120331Z,2,2,0.19844643771648407,0.21011357009410858,0.5914400219917297
gue_splice_reconstructed_frozen__InstaDeepAI_nucleotide-transformer-v2-500m-multi-species__20260514T120331Z,2,2,0.14928945899009705,0.10975710302591324,0.7409534454345703
gue_splice_reconstructed_frozen__InstaDeepAI_nucleotide-transformer-v2-500m-multi-species__20260514T120331Z,1,2,0.15716974437236786,0.25844594836235046,0.5843842625617981
gue_splice_reconstructed_frozen__InstaDeepAI_nucleotide-transformer-v2-500m-multi-species__20260514T120331Z,2,2,0.2601929306983948,0.1726066768169403,0.5672004222869873
gue_splice_reconstructed_frozen__InstaDeepAI_nucleotide-transformer-v2-500m-multi-species__20260514T120331Z,2,2,0.233596533536911,0.22907838225364685,0.5373250246047974
gue_splice_reconstructed_frozen__InstaDeepAI_nucleotide-transformer-v2-500m-multi-species__20260514T120331Z,2,2,0.23720534145832062,0.23909495770931244,0.5236997008323669
gue_splice_reconstructed_frozen__InstaDeepAI_nucleotide-transformer-v2-500m-multi-species__20260514T120331Z,1,2,0.2476138174533844,0.2679959833621979,0.4843902289867401
gue_splice_reconstructed_frozen__InstaDeepAI_nucleotide-transformer-v2-500m-multi-species__20260514T120331Z,2,2,0.3090713918209076,0.22228990495204926,0.46863868832588196
gue_splice_reconstructed_frozen__InstaDeepAI_nucleotide-transformer-v2-500m-multi-species__20260514T120331Z,1,2,0.20590901374816895,0.2833402156829834,0.5107507705688477
gue_splice_reconstructed_frozen__InstaDeepAI_nucleotide-transformer-v2-500m-multi-species__20260514T120331Z,2,2,0.18982119858264923,0.1745728999376297,0.6356059312820435
gue_splice_reconstructed_frozen__InstaDeepAI_nucleotide-transformer-v2-500m-multi-species__20260514T120331Z,2,2,0.18848823010921478,0.36971843242645264,0.4417933523654938
gue_splice_reconstructed_frozen__InstaDeepAI_nucleotide-transformer-v2-500m-multi-species__20260514T120331Z,2,2,0.18214645981788635,0.3077588975429535,0.5100946426391602
gue_splice_reconstructed_frozen__InstaDeepAI_nucleotide-transformer-v2-500m-multi-species__20260514T120331Z,0,2,0.4019071161746979,0.15333084762096405,0.44476205110549927
gue_splice_reconstructed_frozen__InstaDeepAI_nucleotide-transformer-v2-500m-multi-species__20260514T120331Z,2,2,0.23575273156166077,0.1735151708126068,0.5907320976257324
gue_splice_reconstructed_frozen__InstaDeepAI_nucleotide-transformer-v2-500m-multi-species__20260514T120331Z,2,2,0.21445539593696594,0.20994833111763,0.575596272945404
gue_splice_reconstructed_frozen__InstaDeepAI_nucleotide-transformer-v2-500m-multi-species__20260514T120331Z,1,2,0.1728558987379074,0.3272130489349365,0.4999309778213501
gue_splice_reconstructed_frozen__InstaDeepAI_nucleotide-transformer-v2-500m-multi-species__20260514T120331Z,2,2,0.30840960144996643,0.10889816284179688,0.5826922655105591
gue_splice_reconstructed_frozen__InstaDeepAI_nucleotide-transformer-v2-500m-multi-species__20260514T120331Z,2,2,0.19728854298591614,0.14210161566734314,0.6606099009513855
gue_splice_reconstructed_frozen__InstaDeepAI_nucleotide-transformer-v2-500m-multi-species__20260514T120331Z,1,2,0.20428115129470825,0.2876433730125427,0.508075475692749
gue_splice_reconstructed_frozen__InstaDeepAI_nucleotide-transformer-v2-500m-multi-species__20260514T120331Z,0,2,0.3273249864578247,0.13234815001487732,0.5403268337249756
gue_splice_reconstructed_frozen__InstaDeepAI_nucleotide-transformer-v2-500m-multi-species__20260514T120331Z,0,2,0.2832125723361969,0.25135692954063416,0.46543052792549133
gue_splice_reconstructed_frozen__InstaDeepAI_nucleotide-transformer-v2-500m-multi-species__20260514T120331Z,2,2,0.1821228563785553,0.038608524948358536,0.7792686223983765
gue_splice_reconstructed_frozen__InstaDeepAI_nucleotide-transformer-v2-500m-multi-species__20260514T120331Z,2,2,0.1810845285654068,0.2094472199678421,0.6094682812690735
gue_splice_reconstructed_frozen__InstaDeepAI_nucleotide-transformer-v2-500m-multi-species__20260514T120331Z,2,2,0.10407259315252304,0.07932905107736588,0.8165983557701111
gue_splice_reconstructed_frozen__InstaDeepAI_nucleotide-transformer-v2-500m-multi-species__20260514T120331Z,1,2,0.2633543908596039,0.15329481661319733,0.5833508372306824
gue_splice_reconstructed_frozen__InstaDeepAI_nucleotide-transformer-v2-500m-multi-species__20260514T120331Z,0,1,0.2389625608921051,0.47500181198120117,0.2860356569290161
gue_splice_reconstructed_frozen__InstaDeepAI_nucleotide-transformer-v2-500m-multi-species__20260514T120331Z,0,2,0.21387314796447754,0.3066210448741913,0.47950586676597595
gue_splice_reconstructed_frozen__InstaDeepAI_nucleotide-transformer-v2-500m-multi-species__20260514T120331Z,2,2,0.15095984935760498,0.2097405344247818,0.6392995715141296
gue_splice_reconstructed_frozen__InstaDeepAI_nucleotide-transformer-v2-500m-multi-species__20260514T120331Z,2,2,0.2764718532562256,0.16538892686367035,0.5581392049789429
gue_splice_reconstructed_frozen__InstaDeepAI_nucleotide-transformer-v2-500m-multi-species__20260514T120331Z,2,2,0.15680654346942902,0.07079913467168808,0.7723943591117859
gue_splice_reconstructed_frozen__InstaDeepAI_nucleotide-transformer-v2-500m-multi-species__20260514T120331Z,2,2,0.16422219574451447,0.37945833802223206,0.4563194513320923
gue_splice_reconstructed_frozen__InstaDeepAI_nucleotide-transformer-v2-500m-multi-species__20260514T120331Z,1,2,0.31186652183532715,0.23605667054653168,0.45207685232162476
gue_splice_reconstructed_frozen__InstaDeepAI_nucleotide-transformer-v2-500m-multi-species__20260514T120331Z,1,2,0.13783161342144012,0.28045713901519775,0.5817112326622009
gue_splice_reconstructed_frozen__InstaDeepAI_nucleotide-transformer-v2-500m-multi-species__20260514T120331Z,2,2,0.33696451783180237,0.25030380487442017,0.4127315878868103
gue_splice_reconstructed_frozen__InstaDeepAI_nucleotide-transformer-v2-500m-multi-species__20260514T120331Z,1,2,0.24737709760665894,0.17301355302333832,0.5796093344688416
gue_splice_reconstructed_frozen__InstaDeepAI_nucleotide-transformer-v2-500m-multi-species__20260514T120331Z,2,2,0.1552828550338745,0.06559856981039047,0.7791185975074768
gue_splice_reconstructed_frozen__InstaDeepAI_nucleotide-transformer-v2-500m-multi-species__20260514T120331Z,2,2,0.21929489076137543,0.333479106426239,0.4472259283065796
gue_splice_reconstructed_frozen__InstaDeepAI_nucleotide-transformer-v2-500m-multi-species__20260514T120331Z,2,2,0.21657085418701172,0.3416508436203003,0.44177839159965515
gue_splice_reconstructed_frozen__InstaDeepAI_nucleotide-transformer-v2-500m-multi-species__20260514T120331Z,2,2,0.24721290171146393,0.33241772651672363,0.42036932706832886
gue_splice_reconstructed_frozen__InstaDeepAI_nucleotide-transformer-v2-500m-multi-species__20260514T120331Z,2,2,0.2142278552055359,0.21302826702594757,0.572743833065033
gue_splice_reconstructed_frozen__InstaDeepAI_nucleotide-transformer-v2-500m-multi-species__20260514T120331Z,2,2,0.18567082285881042,0.2267124205827713,0.5876167416572571
gue_splice_reconstructed_frozen__InstaDeepAI_nucleotide-transformer-v2-500m-multi-species__20260514T120331Z,0,2,0.23029115796089172,0.28111007809638977,0.4885987937450409
gue_splice_reconstructed_frozen__InstaDeepAI_nucleotide-transformer-v2-500m-multi-species__20260514T120331Z,2,2,0.17480610311031342,0.22319863736629486,0.6019952893257141
gue_splice_reconstructed_frozen__InstaDeepAI_nucleotide-transformer-v2-500m-multi-species__20260514T120331Z,2,2,0.19042034447193146,0.17414326965808868,0.6354364156723022
gue_splice_reconstructed_frozen__InstaDeepAI_nucleotide-transformer-v2-500m-multi-species__20260514T120331Z,1,2,0.13272465765476227,0.3574950397014618,0.5097803473472595
gue_splice_reconstructed_frozen__InstaDeepAI_nucleotide-transformer-v2-500m-multi-species__20260514T120331Z,2,2,0.25793027877807617,0.21832801401615143,0.5237416625022888
gue_splice_reconstructed_frozen__InstaDeepAI_nucleotide-transformer-v2-500m-multi-species__20260514T120331Z,1,2,0.31472474336624146,0.22153116762638092,0.46374401450157166
gue_splice_reconstructed_frozen__InstaDeepAI_nucleotide-transformer-v2-500m-multi-species__20260514T120331Z,0,2,0.16438265144824982,0.15243792533874512,0.6831793785095215
gue_splice_reconstructed_frozen__InstaDeepAI_nucleotide-transformer-v2-500m-multi-species__20260514T120331Z,0,2,0.2404988408088684,0.10214643180370331,0.6573547124862671
gue_splice_reconstructed_frozen__InstaDeepAI_nucleotide-transformer-v2-500m-multi-species__20260514T120331Z,2,2,0.33946332335472107,0.16152986884117126,0.49900680780410767
gue_splice_reconstructed_frozen__InstaDeepAI_nucleotide-transformer-v2-500m-multi-species__20260514T120331Z,1,2,0.15920284390449524,0.3256278932094574,0.5151692628860474
gue_splice_reconstructed_frozen__InstaDeepAI_nucleotide-transformer-v2-500m-multi-species__20260514T120331Z,2,2,0.17519806325435638,0.4032905697822571,0.4215114116668701
gue_splice_reconstructed_frozen__InstaDeepAI_nucleotide-transformer-v2-500m-multi-species__20260514T120331Z,2,2,0.2093471884727478,0.1357434242963791,0.6549093723297119
gue_splice_reconstructed_frozen__InstaDeepAI_nucleotide-transformer-v2-500m-multi-species__20260514T120331Z,1,2,0.22194921970367432,0.34051448106765747,0.4375362694263458
gue_splice_reconstructed_frozen__InstaDeepAI_nucleotide-transformer-v2-500m-multi-species__20260514T120331Z,2,2,0.2561456859111786,0.23686715960502625,0.5069872140884399
gue_splice_reconstructed_frozen__InstaDeepAI_nucleotide-transformer-v2-500m-multi-species__20260514T120331Z,2,2,0.13018587231636047,0.11550736427307129,0.7543067932128906
gue_splice_reconstructed_frozen__InstaDeepAI_nucleotide-transformer-v2-500m-multi-species__20260514T120331Z,2,2,0.14913836121559143,0.3391381502151489,0.511723518371582
gue_splice_reconstructed_frozen__InstaDeepAI_nucleotide-transformer-v2-500m-multi-species__20260514T120331Z,0,2,0.256387323141098,0.20077449083328247,0.5428382158279419
gue_splice_reconstructed_frozen__InstaDeepAI_nucleotide-transformer-v2-500m-multi-species__20260514T120331Z,2,2,0.14445142447948456,0.309861958026886,0.5456866025924683
gue_splice_reconstructed_frozen__InstaDeepAI_nucleotide-transformer-v2-500m-multi-species__20260514T120331Z,2,2,0.20127445459365845,0.27410390973091125,0.5246216058731079
gue_splice_reconstructed_frozen__InstaDeepAI_nucleotide-transformer-v2-500m-multi-species__20260514T120331Z,2,2,0.16848592460155487,0.07862149924039841,0.7528926134109497
gue_splice_reconstructed_frozen__InstaDeepAI_nucleotide-transformer-v2-500m-multi-species__20260514T120331Z,2,2,0.2781623899936676,0.13870836794376373,0.5831292271614075
gue_splice_reconstructed_frozen__InstaDeepAI_nucleotide-transformer-v2-500m-multi-species__20260514T120331Z,2,2,0.29591724276542664,0.2043076604604721,0.49977508187294006
gue_splice_reconstructed_frozen__InstaDeepAI_nucleotide-transformer-v2-500m-multi-species__20260514T120331Z,1,2,0.248184934258461,0.2538224458694458,0.4979926347732544
gue_splice_reconstructed_frozen__InstaDeepAI_nucleotide-transformer-v2-500m-multi-species__20260514T120331Z,0,2,0.21118225157260895,0.28640562295913696,0.5024120807647705
gue_splice_reconstructed_frozen__InstaDeepAI_nucleotide-transformer-v2-500m-multi-species__20260514T120331Z,1,2,0.19948671758174896,0.1891932636499405,0.6113200187683105
gue_splice_reconstructed_frozen__InstaDeepAI_nucleotide-transformer-v2-500m-multi-species__20260514T120331Z,2,2,0.31232893466949463,0.2146996557712555,0.47297143936157227
gue_splice_reconstructed_frozen__InstaDeepAI_nucleotide-transformer-v2-500m-multi-species__20260514T120331Z,0,2,0.2873663902282715,0.24599261581897736,0.46664103865623474
gue_splice_reconstructed_frozen__InstaDeepAI_nucleotide-transformer-v2-500m-multi-species__20260514T120331Z,0,2,0.2765038013458252,0.21814589202404022,0.5053502917289734
gue_splice_reconstructed_frozen__InstaDeepAI_nucleotide-transformer-v2-500m-multi-species__20260514T120331Z,2,2,0.1956598460674286,0.2938547134399414,0.5104854106903076
gue_splice_reconstructed_frozen__InstaDeepAI_nucleotide-transformer-v2-500m-multi-species__20260514T120331Z,1,2,0.22464580833911896,0.33899515867233276,0.4363590478897095
gue_splice_reconstructed_frozen__InstaDeepAI_nucleotide-transformer-v2-500m-multi-species__20260514T120331Z,0,2,0.30517545342445374,0.19921879470348358,0.4956056773662567
gue_splice_reconstructed_frozen__InstaDeepAI_nucleotide-transformer-v2-500m-multi-species__20260514T120331Z,2,2,0.21256215870380402,0.2992123067378998,0.488225519657135
gue_splice_reconstructed_frozen__InstaDeepAI_nucleotide-transformer-v2-500m-multi-species__20260514T120331Z,0,2,0.17753547430038452,0.31572425365448,0.5067402720451355
gue_splice_reconstructed_frozen__InstaDeepAI_nucleotide-transformer-v2-500m-multi-species__20260514T120331Z,0,2,0.2271573692560196,0.21744410693645477,0.5553985238075256
gue_splice_reconstructed_frozen__InstaDeepAI_nucleotide-transformer-v2-500m-multi-species__20260514T120331Z,2,2,0.11343133449554443,0.12193197011947632,0.7646366953849792
gue_splice_reconstructed_frozen__InstaDeepAI_nucleotide-transformer-v2-500m-multi-species__20260514T120331Z,2,2,0.30637410283088684,0.14551804959774017,0.5481078028678894
gue_splice_reconstructed_frozen__InstaDeepAI_nucleotide-transformer-v2-500m-multi-species__20260514T120331Z,2,2,0.1663804054260254,0.1969074308872223,0.6367121934890747
gue_splice_reconstructed_frozen__InstaDeepAI_nucleotide-transformer-v2-500m-multi-species__20260514T120331Z,2,2,0.19762955605983734,0.18479658663272858,0.6175738573074341
gue_splice_reconstructed_frozen__InstaDeepAI_nucleotide-transformer-v2-500m-multi-species__20260514T120331Z,0,2,0.22965039312839508,0.2591659724712372,0.5111836791038513
gue_splice_reconstructed_frozen__InstaDeepAI_nucleotide-transformer-v2-500m-multi-species__20260514T120331Z,2,2,0.18681460618972778,0.22252587974071503,0.590659499168396
gue_splice_reconstructed_frozen__InstaDeepAI_nucleotide-transformer-v2-500m-multi-species__20260514T120331Z,1,2,0.3536854684352875,0.145524799823761,0.5007897019386292
gue_splice_reconstructed_frozen__InstaDeepAI_nucleotide-transformer-v2-500m-multi-species__20260514T120331Z,0,2,0.17884603142738342,0.2878696918487549,0.5332842469215393
gue_splice_reconstructed_frozen__InstaDeepAI_nucleotide-transformer-v2-500m-multi-species__20260514T120331Z,2,2,0.22479994595050812,0.1687377393245697,0.606462299823761
gue_splice_reconstructed_frozen__InstaDeepAI_nucleotide-transformer-v2-500m-multi-species__20260514T120331Z,2,2,0.2189447581768036,0.2206619679927826,0.5603932738304138
gue_splice_reconstructed_frozen__InstaDeepAI_nucleotide-transformer-v2-500m-multi-species__20260514T120331Z,2,2,0.20582357048988342,0.3005518913269043,0.4936245381832123
gue_splice_reconstructed_frozen__InstaDeepAI_nucleotide-transformer-v2-500m-multi-species__20260514T120331Z,2,2,0.19851575791835785,0.1947711855173111,0.606713056564331
gue_splice_reconstructed_frozen__InstaDeepAI_nucleotide-transformer-v2-500m-multi-species__20260514T120331Z,0,2,0.243522509932518,0.17389965057373047,0.5825778245925903
gue_splice_reconstructed_frozen__InstaDeepAI_nucleotide-transformer-v2-500m-multi-species__20260514T120331Z,2,2,0.20534490048885345,0.1128360778093338,0.6818190217018127
gue_splice_reconstructed_frozen__InstaDeepAI_nucleotide-transformer-v2-500m-multi-species__20260514T120331Z,1,2,0.18481673300266266,0.3253946006298065,0.489788681268692
gue_splice_reconstructed_frozen__InstaDeepAI_nucleotide-transformer-v2-500m-multi-species__20260514T120331Z,2,2,0.1605219691991806,0.23219360411167145,0.607284426689148
gue_splice_reconstructed_frozen__InstaDeepAI_nucleotide-transformer-v2-500m-multi-species__20260514T120331Z,2,2,0.22644071280956268,0.05831116437911987,0.715248167514801
gue_splice_reconstructed_frozen__InstaDeepAI_nucleotide-transformer-v2-500m-multi-species__20260514T120331Z,0,2,0.21999673545360565,0.38198086619377136,0.3980223834514618
gue_splice_reconstructed_frozen__InstaDeepAI_nucleotide-transformer-v2-500m-multi-species__20260514T120331Z,0,2,0.20847871899604797,0.2599314749240875,0.5315898060798645
gue_splice_reconstructed_frozen__InstaDeepAI_nucleotide-transformer-v2-500m-multi-species__20260514T120331Z,1,2,0.28469061851501465,0.24140004813671112,0.4739093482494354
gue_splice_reconstructed_frozen__InstaDeepAI_nucleotide-transformer-v2-500m-multi-species__20260514T120331Z,2,2,0.1739211082458496,0.2442820519208908,0.5817968845367432
gue_splice_reconstructed_frozen__InstaDeepAI_nucleotide-transformer-v2-500m-multi-species__20260514T120331Z,2,2,0.1443803310394287,0.2775709629058838,0.5780487060546875
gue_splice_reconstructed_frozen__InstaDeepAI_nucleotide-transformer-v2-500m-multi-species__20260514T120331Z,1,2,0.2584175169467926,0.26272743940353394,0.4788550138473511
gue_splice_reconstructed_frozen__InstaDeepAI_nucleotide-transformer-v2-500m-multi-species__20260514T120331Z,2,2,0.1764354407787323,0.2983665466308594,0.5251979827880859
gue_splice_reconstructed_frozen__InstaDeepAI_nucleotide-transformer-v2-500m-multi-species__20260514T120331Z,2,2,0.18497952818870544,0.17095284163951874,0.644067645072937
gue_splice_reconstructed_frozen__InstaDeepAI_nucleotide-transformer-v2-500m-multi-species__20260514T120331Z,2,2,0.07765661925077438,0.08090797811746597,0.841435432434082
gue_splice_reconstructed_frozen__InstaDeepAI_nucleotide-transformer-v2-500m-multi-species__20260514T120331Z,0,2,0.16531677544116974,0.28193938732147217,0.5527438521385193
gue_splice_reconstructed_frozen__InstaDeepAI_nucleotide-transformer-v2-500m-multi-species__20260514T120331Z,2,2,0.2765602171421051,0.19269344210624695,0.530746340751648
gue_splice_reconstructed_frozen__InstaDeepAI_nucleotide-transformer-v2-500m-multi-species__20260514T120331Z,2,2,0.26834410429000854,0.2598341703414917,0.47182178497314453
gue_splice_reconstructed_frozen__InstaDeepAI_nucleotide-transformer-v2-500m-multi-species__20260514T120331Z,0,2,0.26936134696006775,0.19846919178962708,0.5321694612503052
gue_splice_reconstructed_frozen__InstaDeepAI_nucleotide-transformer-v2-500m-multi-species__20260514T120331Z,2,2,0.3043391704559326,0.2289573699235916,0.4667034447193146
gue_splice_reconstructed_frozen__InstaDeepAI_nucleotide-transformer-v2-500m-multi-species__20260514T120331Z,0,2,0.15094108879566193,0.10700714588165283,0.7420517802238464
gue_splice_reconstructed_frozen__InstaDeepAI_nucleotide-transformer-v2-500m-multi-species__20260514T120331Z,2,2,0.15372635424137115,0.21405412256717682,0.6322195529937744
gue_splice_reconstructed_frozen__InstaDeepAI_nucleotide-transformer-v2-500m-multi-species__20260514T120331Z,2,2,0.33360233902931213,0.21578462421894073,0.45061299204826355
gue_splice_reconstructed_frozen__InstaDeepAI_nucleotide-transformer-v2-500m-multi-species__20260514T120331Z,2,2,0.2327352911233902,0.27239418029785156,0.49487054347991943
gue_splice_reconstructed_frozen__InstaDeepAI_nucleotide-transformer-v2-500m-multi-species__20260514T120331Z,1,1,0.13962888717651367,0.47305092215538025,0.38732022047042847
gue_splice_reconstructed_frozen__InstaDeepAI_nucleotide-transformer-v2-500m-multi-species__20260514T120331Z,0,2,0.16802135109901428,0.1988009214401245,0.6331777572631836
gue_splice_reconstructed_frozen__InstaDeepAI_nucleotide-transformer-v2-500m-multi-species__20260514T120331Z,2,2,0.2408730387687683,0.2226352095603943,0.5364917516708374
gue_splice_reconstructed_frozen__InstaDeepAI_nucleotide-transformer-v2-500m-multi-species__20260514T120331Z,2,1,0.29113513231277466,0.4793858528137207,0.22947898507118225
gue_splice_reconstructed_frozen__InstaDeepAI_nucleotide-transformer-v2-500m-multi-species__20260514T120331Z,2,2,0.12557438015937805,0.04268282279372215,0.8317428231239319
gue_splice_reconstructed_frozen__InstaDeepAI_nucleotide-transformer-v2-500m-multi-species__20260514T120331Z,1,2,0.2361787110567093,0.24814848601818085,0.5156728625297546
gue_splice_reconstructed_frozen__InstaDeepAI_nucleotide-transformer-v2-500m-multi-species__20260514T120331Z,2,2,0.16384263336658478,0.21494683623313904,0.6212105751037598
gue_splice_reconstructed_frozen__InstaDeepAI_nucleotide-transformer-v2-500m-multi-species__20260514T120331Z,0,2,0.3252614140510559,0.3066805303096771,0.3680580258369446
gue_splice_reconstructed_frozen__InstaDeepAI_nucleotide-transformer-v2-500m-multi-species__20260514T120331Z,2,1,0.19708605110645294,0.4293210208415985,0.37359297275543213
gue_splice_reconstructed_frozen__InstaDeepAI_nucleotide-transformer-v2-500m-multi-species__20260514T120331Z,1,2,0.2388252317905426,0.15194562077522278,0.6092291474342346
gue_splice_reconstructed_frozen__InstaDeepAI_nucleotide-transformer-v2-500m-multi-species__20260514T120331Z,2,2,0.28843051195144653,0.23480740189552307,0.4767620861530304
gue_splice_reconstructed_frozen__InstaDeepAI_nucleotide-transformer-v2-500m-multi-species__20260514T120331Z,2,2,0.26523327827453613,0.15137231349945068,0.5833944082260132
gue_splice_reconstructed_frozen__InstaDeepAI_nucleotide-transformer-v2-500m-multi-species__20260514T120331Z,2,2,0.32768797874450684,0.14456115663051605,0.5277509093284607
gue_splice_reconstructed_frozen__InstaDeepAI_nucleotide-transformer-v2-500m-multi-species__20260514T120331Z,0,2,0.15120147168636322,0.15339519083499908,0.6954033970832825
gue_splice_reconstructed_frozen__InstaDeepAI_nucleotide-transformer-v2-500m-multi-species__20260514T120331Z,2,2,0.12529362738132477,0.06027819588780403,0.8144280910491943
gue_splice_reconstructed_frozen__InstaDeepAI_nucleotide-transformer-v2-500m-multi-species__20260514T120331Z,1,1,0.17857344448566437,0.4512411952018738,0.37018537521362305
gue_splice_reconstructed_frozen__InstaDeepAI_nucleotide-transformer-v2-500m-multi-species__20260514T120331Z,2,2,0.1364428550004959,0.06815701723098755,0.7954001426696777
gue_splice_reconstructed_frozen__InstaDeepAI_nucleotide-transformer-v2-500m-multi-species__20260514T120331Z,2,2,0.30343952775001526,0.2323429435491562,0.46421751379966736
gue_splice_reconstructed_frozen__InstaDeepAI_nucleotide-transformer-v2-500m-multi-species__20260514T120331Z,2,2,0.25035086274147034,0.20523032546043396,0.5444188117980957
gue_splice_reconstructed_frozen__InstaDeepAI_nucleotide-transformer-v2-500m-multi-species__20260514T120331Z,2,2,0.22968429327011108,0.3098389506340027,0.46047675609588623
gue_splice_reconstructed_frozen__InstaDeepAI_nucleotide-transformer-v2-500m-multi-species__20260514T120331Z,1,2,0.2852780222892761,0.16737906634807587,0.5473429560661316
gue_splice_reconstructed_frozen__InstaDeepAI_nucleotide-transformer-v2-500m-multi-species__20260514T120331Z,2,2,0.08704541623592377,0.0708019807934761,0.8421525955200195
gue_splice_reconstructed_frozen__InstaDeepAI_nucleotide-transformer-v2-500m-multi-species__20260514T120331Z,0,2,0.3412174582481384,0.2608073949813843,0.3979751467704773
gue_splice_reconstructed_frozen__InstaDeepAI_nucleotide-transformer-v2-500m-multi-species__20260514T120331Z,1,2,0.13055172562599182,0.35461661219596863,0.5148316621780396
gue_splice_reconstructed_frozen__InstaDeepAI_nucleotide-transformer-v2-500m-multi-species__20260514T120331Z,2,2,0.28546085953712463,0.21102593839168549,0.5035131573677063
gue_splice_reconstructed_frozen__InstaDeepAI_nucleotide-transformer-v2-500m-multi-species__20260514T120331Z,0,2,0.24968811869621277,0.23010770976543427,0.5202041864395142
gue_splice_reconstructed_frozen__InstaDeepAI_nucleotide-transformer-v2-500m-multi-species__20260514T120331Z,2,2,0.22359523177146912,0.09660465270280838,0.6798000931739807
gue_splice_reconstructed_frozen__InstaDeepAI_nucleotide-transformer-v2-500m-multi-species__20260514T120331Z,0,2,0.2037317454814911,0.11516541242599487,0.6811028122901917
gue_splice_reconstructed_frozen__InstaDeepAI_nucleotide-transformer-v2-500m-multi-species__20260514T120331Z,2,2,0.22919386625289917,0.16293001174926758,0.6078761219978333
gue_splice_reconstructed_frozen__InstaDeepAI_nucleotide-transformer-v2-500m-multi-species__20260514T120331Z,2,2,0.22947737574577332,0.21531103551387787,0.55521160364151
gue_splice_reconstructed_frozen__InstaDeepAI_nucleotide-transformer-v2-500m-multi-species__20260514T120331Z,0,2,0.35323843359947205,0.15997682511806488,0.4867846965789795
gue_splice_reconstructed_frozen__InstaDeepAI_nucleotide-transformer-v2-500m-multi-species__20260514T120331Z,1,2,0.3173196315765381,0.13165025413036346,0.5510300993919373
gue_splice_reconstructed_frozen__InstaDeepAI_nucleotide-transformer-v2-500m-multi-species__20260514T120331Z,2,2,0.15213802456855774,0.06125209853053093,0.786609947681427
gue_splice_reconstructed_frozen__InstaDeepAI_nucleotide-transformer-v2-500m-multi-species__20260514T120331Z,2,2,0.17011943459510803,0.15572971105575562,0.674150824546814
gue_splice_reconstructed_frozen__InstaDeepAI_nucleotide-transformer-v2-500m-multi-species__20260514T120331Z,2,2,0.13900305330753326,0.08928816765546799,0.7717087864875793
gue_splice_reconstructed_frozen__InstaDeepAI_nucleotide-transformer-v2-500m-multi-species__20260514T120331Z,1,2,0.21676313877105713,0.27118581533432007,0.5120510458946228
gue_splice_reconstructed_frozen__InstaDeepAI_nucleotide-transformer-v2-500m-multi-species__20260514T120331Z,1,2,0.1983582079410553,0.24952688813209534,0.5521149039268494
gue_splice_reconstructed_frozen__InstaDeepAI_nucleotide-transformer-v2-500m-multi-species__20260514T120331Z,0,2,0.35166361927986145,0.241989865899086,0.40634652972221375
gue_splice_reconstructed_frozen__InstaDeepAI_nucleotide-transformer-v2-500m-multi-species__20260514T120331Z,2,2,0.21282550692558289,0.28943246603012085,0.49774205684661865
gue_splice_reconstructed_frozen__InstaDeepAI_nucleotide-transformer-v2-500m-multi-species__20260514T120331Z,0,2,0.25211301445961,0.34506067633628845,0.40282630920410156
gue_splice_reconstructed_frozen__InstaDeepAI_nucleotide-transformer-v2-500m-multi-species__20260514T120331Z,2,2,0.20537127554416656,0.10556778311729431,0.6890609264373779
gue_splice_reconstructed_frozen__InstaDeepAI_nucleotide-transformer-v2-500m-multi-species__20260514T120331Z,2,2,0.11707755923271179,0.20390336215496063,0.679019033908844
gue_splice_reconstructed_frozen__InstaDeepAI_nucleotide-transformer-v2-500m-multi-species__20260514T120331Z,0,2,0.1986423283815384,0.28004515171051025,0.5213125348091125
gue_splice_reconstructed_frozen__InstaDeepAI_nucleotide-transformer-v2-500m-multi-species__20260514T120331Z,2,2,0.3985218107700348,0.19060692191123962,0.4108712077140808
gue_splice_reconstructed_frozen__InstaDeepAI_nucleotide-transformer-v2-500m-multi-species__20260514T120331Z,0,2,0.1608143150806427,0.27898380160331726,0.5602019429206848
gue_splice_reconstructed_frozen__InstaDeepAI_nucleotide-transformer-v2-500m-multi-species__20260514T120331Z,2,2,0.1276342272758484,0.10225696116685867,0.7701088190078735
gue_splice_reconstructed_frozen__InstaDeepAI_nucleotide-transformer-v2-500m-multi-species__20260514T120331Z,1,2,0.2703309655189514,0.2499237358570099,0.4797453284263611
gue_splice_reconstructed_frozen__InstaDeepAI_nucleotide-transformer-v2-500m-multi-species__20260514T120331Z,1,1,0.24012692272663116,0.45568081736564636,0.3041922152042389
gue_splice_reconstructed_frozen__InstaDeepAI_nucleotide-transformer-v2-500m-multi-species__20260514T120331Z,2,2,0.13643485307693481,0.13031424582004547,0.7332509160041809
gue_splice_reconstructed_frozen__InstaDeepAI_nucleotide-transformer-v2-500m-multi-species__20260514T120331Z,2,2,0.09080686420202255,0.08064708113670349,0.8285460472106934
gue_splice_reconstructed_frozen__InstaDeepAI_nucleotide-transformer-v2-500m-multi-species__20260514T120331Z,0,2,0.196132630109787,0.26206329464912415,0.5418040752410889
gue_splice_reconstructed_frozen__InstaDeepAI_nucleotide-transformer-v2-500m-multi-species__20260514T120331Z,2,2,0.09935619682073593,0.10954851657152176,0.7910952568054199
gue_splice_reconstructed_frozen__InstaDeepAI_nucleotide-transformer-v2-500m-multi-species__20260514T120331Z,2,2,0.25236406922340393,0.22899606823921204,0.518639862537384
gue_splice_reconstructed_frozen__InstaDeepAI_nucleotide-transformer-v2-500m-multi-species__20260514T120331Z,1,2,0.18537282943725586,0.21404103934764862,0.6005861759185791
gue_splice_reconstructed_frozen__InstaDeepAI_nucleotide-transformer-v2-500m-multi-species__20260514T120331Z,1,2,0.2492992877960205,0.3317224383354187,0.41897833347320557
gue_splice_reconstructed_frozen__InstaDeepAI_nucleotide-transformer-v2-500m-multi-species__20260514T120331Z,2,2,0.19042116403579712,0.2951101064682007,0.5144687294960022
gue_splice_reconstructed_frozen__InstaDeepAI_nucleotide-transformer-v2-500m-multi-species__20260514T120331Z,2,2,0.24090704321861267,0.2858049273490906,0.47328802943229675
gue_splice_reconstructed_frozen__InstaDeepAI_nucleotide-transformer-v2-500m-multi-species__20260514T120331Z,1,2,0.18588058650493622,0.24463388323783875,0.5694855451583862
gue_splice_reconstructed_frozen__InstaDeepAI_nucleotide-transformer-v2-500m-multi-species__20260514T120331Z,2,2,0.16977551579475403,0.2972251772880554,0.5329993367195129
gue_splice_reconstructed_frozen__InstaDeepAI_nucleotide-transformer-v2-500m-multi-species__20260514T120331Z,2,2,0.17928555607795715,0.2404172271490097,0.5802971720695496
gue_splice_reconstructed_frozen__InstaDeepAI_nucleotide-transformer-v2-500m-multi-species__20260514T120331Z,1,2,0.2869330048561096,0.13107119500637054,0.5819957852363586
gue_splice_reconstructed_frozen__InstaDeepAI_nucleotide-transformer-v2-500m-multi-species__20260514T120331Z,2,2,0.15470950305461884,0.16500937938690186,0.6802811622619629
gue_splice_reconstructed_frozen__InstaDeepAI_nucleotide-transformer-v2-500m-multi-species__20260514T120331Z,0,2,0.19107671082019806,0.4033260643482208,0.40559718012809753
gue_splice_reconstructed_frozen__InstaDeepAI_nucleotide-transformer-v2-500m-multi-species__20260514T120331Z,2,2,0.10597332566976547,0.05168512463569641,0.8423415422439575
gue_splice_reconstructed_frozen__InstaDeepAI_nucleotide-transformer-v2-500m-multi-species__20260514T120331Z,2,2,0.2039293497800827,0.20942901074886322,0.5866416692733765
gue_splice_reconstructed_frozen__InstaDeepAI_nucleotide-transformer-v2-500m-multi-species__20260514T120331Z,1,2,0.1907128095626831,0.2396458387374878,0.5696413516998291
gue_splice_reconstructed_frozen__InstaDeepAI_nucleotide-transformer-v2-500m-multi-species__20260514T120331Z,0,2,0.29369425773620605,0.2580241560935974,0.44828152656555176
gue_splice_reconstructed_frozen__InstaDeepAI_nucleotide-transformer-v2-500m-multi-species__20260514T120331Z,1,2,0.20494051277637482,0.20852389931678772,0.586535632610321
gue_splice_reconstructed_frozen__InstaDeepAI_nucleotide-transformer-v2-500m-multi-species__20260514T120331Z,2,2,0.2810869514942169,0.14587940275669098,0.5730336308479309
gue_splice_reconstructed_frozen__InstaDeepAI_nucleotide-transformer-v2-500m-multi-species__20260514T120331Z,2,2,0.1831642985343933,0.060415927320718765,0.7564197182655334
gue_splice_reconstructed_frozen__InstaDeepAI_nucleotide-transformer-v2-500m-multi-species__20260514T120331Z,2,2,0.30229249596595764,0.306416392326355,0.391291081905365
gue_splice_reconstructed_frozen__InstaDeepAI_nucleotide-transformer-v2-500m-multi-species__20260514T120331Z,2,2,0.07742846757173538,0.04420366510748863,0.8783678412437439
gue_splice_reconstructed_frozen__InstaDeepAI_nucleotide-transformer-v2-500m-multi-species__20260514T120331Z,2,2,0.27799591422080994,0.19984224438667297,0.5221618413925171
gue_splice_reconstructed_frozen__InstaDeepAI_nucleotide-transformer-v2-500m-multi-species__20260514T120331Z,0,2,0.13945630192756653,0.1893617957830429,0.6711819767951965
gue_splice_reconstructed_frozen__InstaDeepAI_nucleotide-transformer-v2-500m-multi-species__20260514T120331Z,2,2,0.22887277603149414,0.20831473171710968,0.5628125071525574
gue_splice_reconstructed_frozen__InstaDeepAI_nucleotide-transformer-v2-500m-multi-species__20260514T120331Z,0,2,0.2218351513147354,0.25947824120521545,0.5186865925788879
gue_splice_reconstructed_frozen__InstaDeepAI_nucleotide-transformer-v2-500m-multi-species__20260514T120331Z,2,2,0.19263091683387756,0.2734163701534271,0.5339527130126953
gue_splice_reconstructed_frozen__InstaDeepAI_nucleotide-transformer-v2-500m-multi-species__20260514T120331Z,0,2,0.23799508810043335,0.19379593431949615,0.5682089924812317
gue_splice_reconstructed_frozen__InstaDeepAI_nucleotide-transformer-v2-500m-multi-species__20260514T120331Z,0,2,0.1723090410232544,0.2624354064464569,0.5652555227279663
gue_splice_reconstructed_frozen__InstaDeepAI_nucleotide-transformer-v2-500m-multi-species__20260514T120331Z,2,2,0.2278221845626831,0.2668555676937103,0.5053222179412842
gue_splice_reconstructed_frozen__InstaDeepAI_nucleotide-transformer-v2-500m-multi-species__20260514T120331Z,2,2,0.2483564019203186,0.29757043719291687,0.4540731906890869
gue_splice_reconstructed_frozen__InstaDeepAI_nucleotide-transformer-v2-500m-multi-species__20260514T120331Z,0,1,0.17035092413425446,0.4477205276489258,0.38192859292030334
gue_splice_reconstructed_frozen__InstaDeepAI_nucleotide-transformer-v2-500m-multi-species__20260514T120331Z,2,2,0.2202397882938385,0.14021526277065277,0.6395449638366699
gue_splice_reconstructed_frozen__InstaDeepAI_nucleotide-transformer-v2-500m-multi-species__20260514T120331Z,1,2,0.31694576144218445,0.22702303528785706,0.4560312032699585
gue_splice_reconstructed_frozen__InstaDeepAI_nucleotide-transformer-v2-500m-multi-species__20260514T120331Z,2,2,0.18364280462265015,0.32670003175735474,0.4896571934223175
gue_splice_reconstructed_frozen__InstaDeepAI_nucleotide-transformer-v2-500m-multi-species__20260514T120331Z,1,2,0.14262117445468903,0.31145626306533813,0.545922577381134
gue_splice_reconstructed_frozen__InstaDeepAI_nucleotide-transformer-v2-500m-multi-species__20260514T120331Z,2,2,0.250309556722641,0.23561815917491913,0.5140722990036011
gue_splice_reconstructed_frozen__InstaDeepAI_nucleotide-transformer-v2-500m-multi-species__20260514T120331Z,2,2,0.26703712344169617,0.09987587481737137,0.6330870389938354
gue_splice_reconstructed_frozen__InstaDeepAI_nucleotide-transformer-v2-500m-multi-species__20260514T120331Z,2,2,0.22286807000637054,0.23646116256713867,0.5406707525253296
gue_splice_reconstructed_frozen__InstaDeepAI_nucleotide-transformer-v2-500m-multi-species__20260514T120331Z,2,2,0.26092424988746643,0.1887183040380478,0.550357460975647
gue_splice_reconstructed_frozen__InstaDeepAI_nucleotide-transformer-v2-500m-multi-species__20260514T120331Z,0,2,0.19724024832248688,0.22176319360733032,0.580996572971344
gue_splice_reconstructed_frozen__InstaDeepAI_nucleotide-transformer-v2-500m-multi-species__20260514T120331Z,1,2,0.21321110427379608,0.205946147441864,0.5808427929878235
gue_splice_reconstructed_frozen__InstaDeepAI_nucleotide-transformer-v2-500m-multi-species__20260514T120331Z,0,2,0.2180432379245758,0.2304401695728302,0.551516592502594
gue_splice_reconstructed_frozen__InstaDeepAI_nucleotide-transformer-v2-500m-multi-species__20260514T120331Z,2,2,0.22522175312042236,0.16323421895503998,0.6115440130233765
gue_splice_reconstructed_frozen__InstaDeepAI_nucleotide-transformer-v2-500m-multi-species__20260514T120331Z,0,2,0.16825635731220245,0.3539448380470276,0.4777988791465759
gue_splice_reconstructed_frozen__InstaDeepAI_nucleotide-transformer-v2-500m-multi-species__20260514T120331Z,2,2,0.20770059525966644,0.2778588533401489,0.5144405961036682
gue_splice_reconstructed_frozen__InstaDeepAI_nucleotide-transformer-v2-500m-multi-species__20260514T120331Z,0,2,0.08557489514350891,0.22131504118442535,0.6931100487709045
gue_splice_reconstructed_frozen__InstaDeepAI_nucleotide-transformer-v2-500m-multi-species__20260514T120331Z,1,2,0.20985624194145203,0.1431095153093338,0.6470342874526978
gue_splice_reconstructed_frozen__InstaDeepAI_nucleotide-transformer-v2-500m-multi-species__20260514T120331Z,0,2,0.26485690474510193,0.3589581847190857,0.37618494033813477
gue_splice_reconstructed_frozen__InstaDeepAI_nucleotide-transformer-v2-500m-multi-species__20260514T120331Z,2,2,0.16983628273010254,0.4079635441303253,0.42220017313957214
gue_splice_reconstructed_frozen__InstaDeepAI_nucleotide-transformer-v2-500m-multi-species__20260514T120331Z,2,2,0.20906668901443481,0.3151707649230957,0.4757625460624695
gue_splice_reconstructed_frozen__InstaDeepAI_nucleotide-transformer-v2-500m-multi-species__20260514T120331Z,2,2,0.27057749032974243,0.10444432497024536,0.6249781250953674
gue_splice_reconstructed_frozen__InstaDeepAI_nucleotide-transformer-v2-500m-multi-species__20260514T120331Z,1,2,0.2742045521736145,0.2714610993862152,0.4543343782424927
gue_splice_reconstructed_frozen__InstaDeepAI_nucleotide-transformer-v2-500m-multi-species__20260514T120331Z,2,2,0.1634696125984192,0.39358195662498474,0.44294843077659607
gue_splice_reconstructed_frozen__InstaDeepAI_nucleotide-transformer-v2-500m-multi-species__20260514T120331Z,2,2,0.2111116200685501,0.23485174775123596,0.5540366768836975
gue_splice_reconstructed_frozen__InstaDeepAI_nucleotide-transformer-v2-500m-multi-species__20260514T120331Z,2,1,0.14808668196201324,0.49200132489204407,0.3599119186401367
gue_splice_reconstructed_frozen__InstaDeepAI_nucleotide-transformer-v2-500m-multi-species__20260514T120331Z,0,2,0.2423582673072815,0.17097890377044678,0.5866628289222717
gue_splice_reconstructed_frozen__InstaDeepAI_nucleotide-transformer-v2-500m-multi-species__20260514T120331Z,2,2,0.23203229904174805,0.18449613451957703,0.5834715366363525
gue_splice_reconstructed_frozen__InstaDeepAI_nucleotide-transformer-v2-500m-multi-species__20260514T120331Z,2,2,0.1985987275838852,0.33704519271850586,0.46435606479644775
gue_splice_reconstructed_frozen__InstaDeepAI_nucleotide-transformer-v2-500m-multi-species__20260514T120331Z,2,2,0.2083813101053238,0.2892911434173584,0.502327561378479
gue_splice_reconstructed_frozen__InstaDeepAI_nucleotide-transformer-v2-500m-multi-species__20260514T120331Z,2,1,0.19523340463638306,0.4713229238986969,0.33344370126724243
gue_splice_reconstructed_frozen__InstaDeepAI_nucleotide-transformer-v2-500m-multi-species__20260514T120331Z,2,2,0.1552763730287552,0.28006449341773987,0.5646591186523438
gue_splice_reconstructed_frozen__InstaDeepAI_nucleotide-transformer-v2-500m-multi-species__20260514T120331Z,1,2,0.2327561229467392,0.19989047944545746,0.5673534274101257
gue_splice_reconstructed_frozen__InstaDeepAI_nucleotide-transformer-v2-500m-multi-species__20260514T120331Z,2,2,0.18488624691963196,0.2499178647994995,0.5651959180831909
gue_splice_reconstructed_frozen__InstaDeepAI_nucleotide-transformer-v2-500m-multi-species__20260514T120331Z,2,2,0.15736059844493866,0.2847476303577423,0.5578917860984802
gue_splice_reconstructed_frozen__InstaDeepAI_nucleotide-transformer-v2-500m-multi-species__20260514T120331Z,2,2,0.18239586055278778,0.2266630083322525,0.5909411311149597
gue_splice_reconstructed_frozen__InstaDeepAI_nucleotide-transformer-v2-500m-multi-species__20260514T120331Z,2,2,0.2257748693227768,0.22877110540866852,0.5454540252685547
gue_splice_reconstructed_frozen__InstaDeepAI_nucleotide-transformer-v2-500m-multi-species__20260514T120331Z,2,2,0.3103751540184021,0.21235623955726624,0.47726869583129883
gue_splice_reconstructed_frozen__InstaDeepAI_nucleotide-transformer-v2-500m-multi-species__20260514T120331Z,2,2,0.20858758687973022,0.22427409887313843,0.5671383738517761
gue_splice_reconstructed_frozen__InstaDeepAI_nucleotide-transformer-v2-500m-multi-species__20260514T120331Z,2,2,0.2496640682220459,0.25768357515335083,0.4926523268222809
gue_splice_reconstructed_frozen__InstaDeepAI_nucleotide-transformer-v2-500m-multi-species__20260514T120331Z,1,2,0.27948641777038574,0.29995498061180115,0.4205586612224579
gue_splice_reconstructed_frozen__InstaDeepAI_nucleotide-transformer-v2-500m-multi-species__20260514T120331Z,1,1,0.21742969751358032,0.3946285545825958,0.38794171810150146
gue_splice_reconstructed_frozen__InstaDeepAI_nucleotide-transformer-v2-500m-multi-species__20260514T120331Z,2,2,0.17806294560432434,0.2346601039171219,0.5872769951820374
gue_splice_reconstructed_frozen__InstaDeepAI_nucleotide-transformer-v2-500m-multi-species__20260514T120331Z,2,2,0.16334709525108337,0.09214538335800171,0.7445075511932373
gue_splice_reconstructed_frozen__InstaDeepAI_nucleotide-transformer-v2-500m-multi-species__20260514T120331Z,0,2,0.3664933443069458,0.18997184932231903,0.443534791469574
gue_splice_reconstructed_frozen__InstaDeepAI_nucleotide-transformer-v2-500m-multi-species__20260514T120331Z,2,2,0.3581811487674713,0.058442920446395874,0.5833759307861328
gue_splice_reconstructed_frozen__InstaDeepAI_nucleotide-transformer-v2-500m-multi-species__20260514T120331Z,1,2,0.17728778719902039,0.21721751987934113,0.6054946780204773
gue_splice_reconstructed_frozen__InstaDeepAI_nucleotide-transformer-v2-500m-multi-species__20260514T120331Z,2,2,0.1240977942943573,0.16141995787620544,0.714482307434082
gue_splice_reconstructed_frozen__InstaDeepAI_nucleotide-transformer-v2-500m-multi-species__20260514T120331Z,2,2,0.2868496775627136,0.104182168841362,0.6089681386947632
gue_splice_reconstructed_frozen__InstaDeepAI_nucleotide-transformer-v2-500m-multi-species__20260514T120331Z,2,2,0.26326680183410645,0.3420051038265228,0.3947281241416931
gue_splice_reconstructed_frozen__InstaDeepAI_nucleotide-transformer-v2-500m-multi-species__20260514T120331Z,2,2,0.12039782851934433,0.13556534051895142,0.744036853313446
gue_splice_reconstructed_frozen__InstaDeepAI_nucleotide-transformer-v2-500m-multi-species__20260514T120331Z,2,2,0.26641198992729187,0.16586381196975708,0.5677242279052734
gue_splice_reconstructed_frozen__InstaDeepAI_nucleotide-transformer-v2-500m-multi-species__20260514T120331Z,2,2,0.2548294961452484,0.3271251916885376,0.4180453419685364
gue_splice_reconstructed_frozen__InstaDeepAI_nucleotide-transformer-v2-500m-multi-species__20260514T120331Z,2,2,0.18741987645626068,0.2909112274646759,0.5216689109802246
gue_splice_reconstructed_frozen__InstaDeepAI_nucleotide-transformer-v2-500m-multi-species__20260514T120331Z,2,2,0.19519127905368805,0.1731833815574646,0.6316253542900085
gue_splice_reconstructed_frozen__InstaDeepAI_nucleotide-transformer-v2-500m-multi-species__20260514T120331Z,0,2,0.27806150913238525,0.2944633364677429,0.4274751543998718
gue_splice_reconstructed_frozen__InstaDeepAI_nucleotide-transformer-v2-500m-multi-species__20260514T120331Z,2,2,0.10155148059129715,0.14071516692638397,0.7577333450317383
gue_splice_reconstructed_frozen__InstaDeepAI_nucleotide-transformer-v2-500m-multi-species__20260514T120331Z,2,2,0.17138729989528656,0.2871270477771759,0.5414856672286987
gue_splice_reconstructed_frozen__InstaDeepAI_nucleotide-transformer-v2-500m-multi-species__20260514T120331Z,2,2,0.20528696477413177,0.232308492064476,0.5624045729637146
gue_splice_reconstructed_frozen__InstaDeepAI_nucleotide-transformer-v2-500m-multi-species__20260514T120331Z,2,2,0.17061179876327515,0.22746317088603973,0.6019250154495239
gue_splice_reconstructed_frozen__InstaDeepAI_nucleotide-transformer-v2-500m-multi-species__20260514T120331Z,1,2,0.14935655891895294,0.3249925971031189,0.5256508588790894
gue_splice_reconstructed_frozen__InstaDeepAI_nucleotide-transformer-v2-500m-multi-species__20260514T120331Z,2,2,0.12222640216350555,0.32218095660209656,0.5555925965309143
gue_splice_reconstructed_frozen__InstaDeepAI_nucleotide-transformer-v2-500m-multi-species__20260514T120331Z,1,2,0.2295471727848053,0.3570736348628998,0.4133792221546173
gue_splice_reconstructed_frozen__InstaDeepAI_nucleotide-transformer-v2-500m-multi-species__20260514T120331Z,1,2,0.23382583260536194,0.2443603277206421,0.5218138694763184
gue_splice_reconstructed_frozen__InstaDeepAI_nucleotide-transformer-v2-500m-multi-species__20260514T120331Z,0,2,0.2072267234325409,0.2379349023103714,0.5548383593559265
gue_splice_reconstructed_frozen__InstaDeepAI_nucleotide-transformer-v2-500m-multi-species__20260514T120331Z,1,2,0.2357751727104187,0.2799728512763977,0.4842519164085388
gue_splice_reconstructed_frozen__InstaDeepAI_nucleotide-transformer-v2-500m-multi-species__20260514T120331Z,1,2,0.30682745575904846,0.17253005504608154,0.5206425189971924
gue_splice_reconstructed_frozen__InstaDeepAI_nucleotide-transformer-v2-500m-multi-species__20260514T120331Z,2,1,0.10566062480211258,0.504817545413971,0.3895217776298523
gue_splice_reconstructed_frozen__InstaDeepAI_nucleotide-transformer-v2-500m-multi-species__20260514T120331Z,2,2,0.16575820744037628,0.1770528256893158,0.6571890115737915
gue_splice_reconstructed_frozen__InstaDeepAI_nucleotide-transformer-v2-500m-multi-species__20260514T120331Z,2,2,0.16897249221801758,0.08475751429796219,0.746269941329956
gue_splice_reconstructed_frozen__InstaDeepAI_nucleotide-transformer-v2-500m-multi-species__20260514T120331Z,2,2,0.27772408723831177,0.10577953606843948,0.6164963841438293
gue_splice_reconstructed_frozen__InstaDeepAI_nucleotide-transformer-v2-500m-multi-species__20260514T120331Z,2,2,0.17026150226593018,0.3626060485839844,0.46713247895240784
gue_splice_reconstructed_frozen__InstaDeepAI_nucleotide-transformer-v2-500m-multi-species__20260514T120331Z,0,2,0.3349058926105499,0.16135792434215546,0.5037361979484558
gue_splice_reconstructed_frozen__InstaDeepAI_nucleotide-transformer-v2-500m-multi-species__20260514T120331Z,0,0,0.37744393944740295,0.2451581507921219,0.3773978650569916
gue_splice_reconstructed_frozen__InstaDeepAI_nucleotide-transformer-v2-500m-multi-species__20260514T120331Z,2,2,0.08191834390163422,0.20868530869483948,0.7093963027000427
gue_splice_reconstructed_frozen__InstaDeepAI_nucleotide-transformer-v2-500m-multi-species__20260514T120331Z,1,1,0.1296198070049286,0.4596543312072754,0.410725861787796
gue_splice_reconstructed_frozen__InstaDeepAI_nucleotide-transformer-v2-500m-multi-species__20260514T120331Z,0,1,0.23047105967998505,0.4162099361419678,0.3533190190792084
gue_splice_reconstructed_frozen__InstaDeepAI_nucleotide-transformer-v2-500m-multi-species__20260514T120331Z,2,2,0.14709249138832092,0.22417977452278137,0.6287277936935425
gue_splice_reconstructed_frozen__InstaDeepAI_nucleotide-transformer-v2-500m-multi-species__20260514T120331Z,2,2,0.13191984593868256,0.10316657274961472,0.7649135589599609
gue_splice_reconstructed_frozen__InstaDeepAI_nucleotide-transformer-v2-500m-multi-species__20260514T120331Z,2,2,0.2923678159713745,0.24446143209934235,0.46317070722579956
gue_splice_reconstructed_frozen__InstaDeepAI_nucleotide-transformer-v2-500m-multi-species__20260514T120331Z,1,2,0.18368136882781982,0.2625659704208374,0.5537527203559875
gue_splice_reconstructed_frozen__InstaDeepAI_nucleotide-transformer-v2-500m-multi-species__20260514T120331Z,2,2,0.1539204716682434,0.14367997646331787,0.7023996114730835
gue_splice_reconstructed_frozen__InstaDeepAI_nucleotide-transformer-v2-500m-multi-species__20260514T120331Z,0,2,0.19407522678375244,0.21682393550872803,0.5891008377075195
gue_splice_reconstructed_frozen__InstaDeepAI_nucleotide-transformer-v2-500m-multi-species__20260514T120331Z,1,2,0.2468617856502533,0.24500051140785217,0.5081377029418945
gue_splice_reconstructed_frozen__InstaDeepAI_nucleotide-transformer-v2-500m-multi-species__20260514T120331Z,2,2,0.18990503251552582,0.2629960775375366,0.5470988750457764
gue_splice_reconstructed_frozen__InstaDeepAI_nucleotide-transformer-v2-500m-multi-species__20260514T120331Z,1,2,0.2123374193906784,0.2667212188243866,0.5209413766860962
gue_splice_reconstructed_frozen__InstaDeepAI_nucleotide-transformer-v2-500m-multi-species__20260514T120331Z,2,2,0.19548340141773224,0.20297305285930634,0.6015435457229614
gue_splice_reconstructed_frozen__InstaDeepAI_nucleotide-transformer-v2-500m-multi-species__20260514T120331Z,2,2,0.23880283534526825,0.24530287086963654,0.5158942937850952
gue_splice_reconstructed_frozen__InstaDeepAI_nucleotide-transformer-v2-500m-multi-species__20260514T120331Z,2,2,0.1558854877948761,0.35052233934402466,0.49359217286109924
gue_splice_reconstructed_frozen__InstaDeepAI_nucleotide-transformer-v2-500m-multi-species__20260514T120331Z,0,2,0.12702573835849762,0.3513292372226715,0.5216450095176697
gue_splice_reconstructed_frozen__InstaDeepAI_nucleotide-transformer-v2-500m-multi-species__20260514T120331Z,2,2,0.25613120198249817,0.3199787437915802,0.42389002442359924
gue_splice_reconstructed_frozen__InstaDeepAI_nucleotide-transformer-v2-500m-multi-species__20260514T120331Z,0,2,0.1688637137413025,0.38526102900505066,0.44587525725364685
gue_splice_reconstructed_frozen__InstaDeepAI_nucleotide-transformer-v2-500m-multi-species__20260514T120331Z,1,2,0.19945645332336426,0.1586521565914154,0.6418914198875427
gue_splice_reconstructed_frozen__InstaDeepAI_nucleotide-transformer-v2-500m-multi-species__20260514T120331Z,1,2,0.12488661706447601,0.19335734844207764,0.6817560791969299
gue_splice_reconstructed_frozen__InstaDeepAI_nucleotide-transformer-v2-500m-multi-species__20260514T120331Z,1,2,0.1905248612165451,0.39322900772094727,0.4162462055683136
gue_splice_reconstructed_frozen__InstaDeepAI_nucleotide-transformer-v2-500m-multi-species__20260514T120331Z,2,2,0.1551525592803955,0.1884334236383438,0.6564140319824219
gue_splice_reconstructed_frozen__InstaDeepAI_nucleotide-transformer-v2-500m-multi-species__20260514T120331Z,0,2,0.2808191478252411,0.15416526794433594,0.5650156140327454
gue_splice_reconstructed_frozen__InstaDeepAI_nucleotide-transformer-v2-500m-multi-species__20260514T120331Z,0,2,0.20454692840576172,0.16717064380645752,0.6282824277877808
gue_splice_reconstructed_frozen__InstaDeepAI_nucleotide-transformer-v2-500m-multi-species__20260514T120331Z,1,2,0.23338250815868378,0.27519330382347107,0.49142420291900635
gue_splice_reconstructed_frozen__InstaDeepAI_nucleotide-transformer-v2-500m-multi-species__20260514T120331Z,1,2,0.25260064005851746,0.19025447964668274,0.5571448802947998
gue_splice_reconstructed_frozen__InstaDeepAI_nucleotide-transformer-v2-500m-multi-species__20260514T120331Z,2,2,0.1525350958108902,0.09464184939861298,0.7528230547904968
gue_splice_reconstructed_frozen__InstaDeepAI_nucleotide-transformer-v2-500m-multi-species__20260514T120331Z,0,2,0.1845424473285675,0.24074746668338776,0.5747101306915283
gue_splice_reconstructed_frozen__InstaDeepAI_nucleotide-transformer-v2-500m-multi-species__20260514T120331Z,2,2,0.10076691955327988,0.08665470033884048,0.8125784397125244
gue_splice_reconstructed_frozen__InstaDeepAI_nucleotide-transformer-v2-500m-multi-species__20260514T120331Z,1,2,0.16238276660442352,0.35045889019966125,0.48715832829475403
gue_splice_reconstructed_frozen__InstaDeepAI_nucleotide-transformer-v2-500m-multi-species__20260514T120331Z,2,1,0.12971138954162598,0.46996834874153137,0.40032026171684265
gue_splice_reconstructed_frozen__InstaDeepAI_nucleotide-transformer-v2-500m-multi-species__20260514T120331Z,2,2,0.26305118203163147,0.2318657487630844,0.5050830841064453
gue_splice_reconstructed_frozen__InstaDeepAI_nucleotide-transformer-v2-500m-multi-species__20260514T120331Z,1,2,0.2332770675420761,0.346575528383255,0.4201474189758301
gue_splice_reconstructed_frozen__InstaDeepAI_nucleotide-transformer-v2-500m-multi-species__20260514T120331Z,2,2,0.22764450311660767,0.16744524240493774,0.6049102544784546
gue_splice_reconstructed_frozen__InstaDeepAI_nucleotide-transformer-v2-500m-multi-species__20260514T120331Z,0,2,0.24352256953716278,0.2030489295721054,0.5534285306930542
gue_splice_reconstructed_frozen__InstaDeepAI_nucleotide-transformer-v2-500m-multi-species__20260514T120331Z,2,2,0.21783359348773956,0.2753170430660248,0.5068493485450745
gue_splice_reconstructed_frozen__InstaDeepAI_nucleotide-transformer-v2-500m-multi-species__20260514T120331Z,2,2,0.200707346200943,0.2486283779144287,0.5506642460823059
gue_splice_reconstructed_frozen__InstaDeepAI_nucleotide-transformer-v2-500m-multi-species__20260514T120331Z,1,2,0.2577126920223236,0.18035221099853516,0.5619350671768188
gue_splice_reconstructed_frozen__InstaDeepAI_nucleotide-transformer-v2-500m-multi-species__20260514T120331Z,2,2,0.19133539497852325,0.2875441908836365,0.5211204290390015
gue_splice_reconstructed_frozen__InstaDeepAI_nucleotide-transformer-v2-500m-multi-species__20260514T120331Z,2,2,0.13924801349639893,0.11893080174922943,0.7418211698532104
gue_splice_reconstructed_frozen__InstaDeepAI_nucleotide-transformer-v2-500m-multi-species__20260514T120331Z,2,2,0.14495986700057983,0.32841137051582336,0.5266287922859192
gue_splice_reconstructed_frozen__InstaDeepAI_nucleotide-transformer-v2-500m-multi-species__20260514T120331Z,2,2,0.2546321451663971,0.20919916033744812,0.5361686944961548
gue_splice_reconstructed_frozen__InstaDeepAI_nucleotide-transformer-v2-500m-multi-species__20260514T120331Z,2,2,0.16486488282680511,0.3215803802013397,0.5135547518730164
gue_splice_reconstructed_frozen__InstaDeepAI_nucleotide-transformer-v2-500m-multi-species__20260514T120331Z,2,1,0.1929377317428589,0.4529959559440613,0.35406631231307983
gue_splice_reconstructed_frozen__InstaDeepAI_nucleotide-transformer-v2-500m-multi-species__20260514T120331Z,2,2,0.21709808707237244,0.17899470031261444,0.6039072275161743
gue_splice_reconstructed_frozen__InstaDeepAI_nucleotide-transformer-v2-500m-multi-species__20260514T120331Z,2,2,0.24547404050827026,0.2671761214733124,0.48734986782073975
gue_splice_reconstructed_frozen__InstaDeepAI_nucleotide-transformer-v2-500m-multi-species__20260514T120331Z,1,2,0.22540758550167084,0.26774346828460693,0.506848931312561
gue_splice_reconstructed_frozen__InstaDeepAI_nucleotide-transformer-v2-500m-multi-species__20260514T120331Z,2,2,0.31900227069854736,0.17809416353702545,0.5029035806655884
gue_splice_reconstructed_frozen__InstaDeepAI_nucleotide-transformer-v2-500m-multi-species__20260514T120331Z,0,2,0.19288882613182068,0.2594969570636749,0.5476142168045044
gue_splice_reconstructed_frozen__InstaDeepAI_nucleotide-transformer-v2-500m-multi-species__20260514T120331Z,2,2,0.19729959964752197,0.31533199548721313,0.4873683750629425
gue_splice_reconstructed_frozen__InstaDeepAI_nucleotide-transformer-v2-500m-multi-species__20260514T120331Z,2,2,0.1786506175994873,0.0584292896091938,0.7629200220108032
gue_splice_reconstructed_frozen__InstaDeepAI_nucleotide-transformer-v2-500m-multi-species__20260514T120331Z,2,2,0.1925312876701355,0.27104902267456055,0.536419689655304
gue_splice_reconstructed_frozen__InstaDeepAI_nucleotide-transformer-v2-500m-multi-species__20260514T120331Z,1,2,0.2917643189430237,0.20805054903030396,0.5001851320266724
gue_splice_reconstructed_frozen__InstaDeepAI_nucleotide-transformer-v2-500m-multi-species__20260514T120331Z,0,2,0.22452157735824585,0.23714204132556915,0.5383363366127014
gue_splice_reconstructed_frozen__InstaDeepAI_nucleotide-transformer-v2-500m-multi-species__20260514T120331Z,2,1,0.18040229380130768,0.4340323209762573,0.3855653703212738
gue_splice_reconstructed_frozen__InstaDeepAI_nucleotide-transformer-v2-500m-multi-species__20260514T120331Z,2,2,0.2256535291671753,0.30404409766197205,0.4703023433685303
gue_splice_reconstructed_frozen__InstaDeepAI_nucleotide-transformer-v2-500m-multi-species__20260514T120331Z,1,2,0.318960577249527,0.12851040065288544,0.552528977394104
gue_splice_reconstructed_frozen__InstaDeepAI_nucleotide-transformer-v2-500m-multi-species__20260514T120331Z,0,2,0.2513197362422943,0.19118814170360565,0.5574921369552612
gue_splice_reconstructed_frozen__InstaDeepAI_nucleotide-transformer-v2-500m-multi-species__20260514T120331Z,0,2,0.35412314534187317,0.1966906040906906,0.4491862952709198
gue_splice_reconstructed_frozen__InstaDeepAI_nucleotide-transformer-v2-500m-multi-species__20260514T120331Z,2,2,0.28342702984809875,0.22147540748119354,0.4950976073741913
gue_splice_reconstructed_frozen__InstaDeepAI_nucleotide-transformer-v2-500m-multi-species__20260514T120331Z,0,2,0.24173812568187714,0.26957961916923523,0.48868224024772644
gue_splice_reconstructed_frozen__InstaDeepAI_nucleotide-transformer-v2-500m-multi-species__20260514T120331Z,1,2,0.21608150005340576,0.3017624020576477,0.4821561276912689
gue_splice_reconstructed_frozen__InstaDeepAI_nucleotide-transformer-v2-500m-multi-species__20260514T120331Z,2,2,0.2849350571632385,0.15630316734313965,0.5587617754936218
gue_splice_reconstructed_frozen__InstaDeepAI_nucleotide-transformer-v2-500m-multi-species__20260514T120331Z,2,2,0.3143404722213745,0.15426696836948395,0.5313925743103027
gue_splice_reconstructed_frozen__InstaDeepAI_nucleotide-transformer-v2-500m-multi-species__20260514T120331Z,2,2,0.10686270892620087,0.4368124306201935,0.45632490515708923
gue_splice_reconstructed_frozen__InstaDeepAI_nucleotide-transformer-v2-500m-multi-species__20260514T120331Z,2,2,0.18308477103710175,0.3112785518169403,0.5056366920471191
gue_splice_reconstructed_frozen__InstaDeepAI_nucleotide-transformer-v2-500m-multi-species__20260514T120331Z,2,2,0.17208342254161835,0.20457875728607178,0.6233378648757935
gue_splice_reconstructed_frozen__InstaDeepAI_nucleotide-transformer-v2-500m-multi-species__20260514T120331Z,2,2,0.1919916868209839,0.171848326921463,0.6361600160598755
gue_splice_reconstructed_frozen__InstaDeepAI_nucleotide-transformer-v2-500m-multi-species__20260514T120331Z,2,2,0.17395567893981934,0.0664384737610817,0.7596058249473572
gue_splice_reconstructed_frozen__InstaDeepAI_nucleotide-transformer-v2-500m-multi-species__20260514T120331Z,1,2,0.22416910529136658,0.20143507421016693,0.5743957757949829
gue_splice_reconstructed_frozen__InstaDeepAI_nucleotide-transformer-v2-500m-multi-species__20260514T120331Z,1,2,0.16846182942390442,0.2549212872982025,0.5766168236732483
gue_splice_reconstructed_frozen__InstaDeepAI_nucleotide-transformer-v2-500m-multi-species__20260514T120331Z,1,2,0.21543467044830322,0.3147015869617462,0.46986380219459534
gue_splice_reconstructed_frozen__InstaDeepAI_nucleotide-transformer-v2-500m-multi-species__20260514T120331Z,2,2,0.2603261172771454,0.2065454125404358,0.5331284999847412
gue_splice_reconstructed_frozen__InstaDeepAI_nucleotide-transformer-v2-500m-multi-species__20260514T120331Z,0,2,0.20222193002700806,0.2960505485534668,0.5017275214195251
gue_splice_reconstructed_frozen__InstaDeepAI_nucleotide-transformer-v2-500m-multi-species__20260514T120331Z,2,2,0.13041669130325317,0.28079962730407715,0.5887836813926697
gue_splice_reconstructed_frozen__InstaDeepAI_nucleotide-transformer-v2-500m-multi-species__20260514T120331Z,2,2,0.23409055173397064,0.16506558656692505,0.6008438467979431
gue_splice_reconstructed_frozen__InstaDeepAI_nucleotide-transformer-v2-500m-multi-species__20260514T120331Z,2,2,0.14766138792037964,0.2677558362483978,0.5845827460289001
gue_splice_reconstructed_frozen__InstaDeepAI_nucleotide-transformer-v2-500m-multi-species__20260514T120331Z,0,2,0.23215095698833466,0.21904614567756653,0.54880291223526
gue_splice_reconstructed_frozen__InstaDeepAI_nucleotide-transformer-v2-500m-multi-species__20260514T120331Z,2,2,0.2057192474603653,0.1068691536784172,0.6874116659164429
gue_splice_reconstructed_frozen__InstaDeepAI_nucleotide-transformer-v2-500m-multi-species__20260514T120331Z,1,2,0.2211359292268753,0.26231706142425537,0.5165470242500305
gue_splice_reconstructed_frozen__InstaDeepAI_nucleotide-transformer-v2-500m-multi-species__20260514T120331Z,1,2,0.15000225603580475,0.40814682841300964,0.4418509900569916
gue_splice_reconstructed_frozen__InstaDeepAI_nucleotide-transformer-v2-500m-multi-species__20260514T120331Z,0,2,0.1761968731880188,0.13100233674049377,0.6928008198738098
gue_splice_reconstructed_frozen__InstaDeepAI_nucleotide-transformer-v2-500m-multi-species__20260514T120331Z,2,2,0.18418100476264954,0.2879239320755005,0.5278950333595276
gue_splice_reconstructed_frozen__InstaDeepAI_nucleotide-transformer-v2-500m-multi-species__20260514T120331Z,1,2,0.17445851862430573,0.17703287303447723,0.648508608341217
gue_splice_reconstructed_frozen__InstaDeepAI_nucleotide-transformer-v2-500m-multi-species__20260514T120331Z,2,2,0.13367116451263428,0.03763929754495621,0.8286895751953125
gue_splice_reconstructed_frozen__InstaDeepAI_nucleotide-transformer-v2-500m-multi-species__20260514T120331Z,2,2,0.2919764816761017,0.22911204397678375,0.47891148924827576
gue_splice_reconstructed_frozen__InstaDeepAI_nucleotide-transformer-v2-500m-multi-species__20260514T120331Z,0,2,0.19112072885036469,0.3079181909561157,0.5009611248970032
gue_splice_reconstructed_frozen__InstaDeepAI_nucleotide-transformer-v2-500m-multi-species__20260514T120331Z,2,2,0.27456170320510864,0.23490242660045624,0.49053582549095154
gue_splice_reconstructed_frozen__InstaDeepAI_nucleotide-transformer-v2-500m-multi-species__20260514T120331Z,0,2,0.13884098827838898,0.3758458197116852,0.4853131175041199
gue_splice_reconstructed_frozen__InstaDeepAI_nucleotide-transformer-v2-500m-multi-species__20260514T120331Z,2,2,0.13670103251934052,0.2073022872209549,0.6559966206550598
gue_splice_reconstructed_frozen__InstaDeepAI_nucleotide-transformer-v2-500m-multi-species__20260514T120331Z,2,2,0.15579350292682648,0.03818000480532646,0.8060265183448792
gue_splice_reconstructed_frozen__InstaDeepAI_nucleotide-transformer-v2-500m-multi-species__20260514T120331Z,2,2,0.22849363088607788,0.32315337657928467,0.4483529329299927
gue_splice_reconstructed_frozen__InstaDeepAI_nucleotide-transformer-v2-500m-multi-species__20260514T120331Z,2,2,0.20290769636631012,0.2617180645465851,0.5353742241859436
gue_splice_reconstructed_frozen__InstaDeepAI_nucleotide-transformer-v2-500m-multi-species__20260514T120331Z,2,2,0.16636329889297485,0.3067392110824585,0.5268974304199219
gue_splice_reconstructed_frozen__InstaDeepAI_nucleotide-transformer-v2-500m-multi-species__20260514T120331Z,0,2,0.19740566611289978,0.17416736483573914,0.6284269690513611
gue_splice_reconstructed_frozen__InstaDeepAI_nucleotide-transformer-v2-500m-multi-species__20260514T120331Z,0,2,0.2739970088005066,0.17937932908535004,0.5466236472129822
gue_splice_reconstructed_frozen__InstaDeepAI_nucleotide-transformer-v2-500m-multi-species__20260514T120331Z,0,2,0.19022846221923828,0.16285012662410736,0.6469213962554932
gue_splice_reconstructed_frozen__InstaDeepAI_nucleotide-transformer-v2-500m-multi-species__20260514T120331Z,2,2,0.11483000963926315,0.061584241688251495,0.8235857486724854
gue_splice_reconstructed_frozen__InstaDeepAI_nucleotide-transformer-v2-500m-multi-species__20260514T120331Z,2,2,0.29162833094596863,0.19742198288440704,0.5109497308731079
gue_splice_reconstructed_frozen__InstaDeepAI_nucleotide-transformer-v2-500m-multi-species__20260514T120331Z,1,2,0.15051858127117157,0.24949970841407776,0.5999816656112671
gue_splice_reconstructed_frozen__InstaDeepAI_nucleotide-transformer-v2-500m-multi-species__20260514T120331Z,2,2,0.16799211502075195,0.11289476603269577,0.7191131114959717
gue_splice_reconstructed_frozen__InstaDeepAI_nucleotide-transformer-v2-500m-multi-species__20260514T120331Z,0,2,0.34163710474967957,0.17504581809043884,0.4833170771598816
gue_splice_reconstructed_frozen__InstaDeepAI_nucleotide-transformer-v2-500m-multi-species__20260514T120331Z,0,2,0.23596782982349396,0.307077556848526,0.4569546580314636
gue_splice_reconstructed_frozen__InstaDeepAI_nucleotide-transformer-v2-500m-multi-species__20260514T120331Z,0,2,0.25023528933525085,0.12224557995796204,0.6275191307067871
gue_splice_reconstructed_frozen__InstaDeepAI_nucleotide-transformer-v2-500m-multi-species__20260514T120331Z,2,2,0.13641487061977386,0.08391974866390228,0.7796654105186462
gue_splice_reconstructed_frozen__InstaDeepAI_nucleotide-transformer-v2-500m-multi-species__20260514T120331Z,2,2,0.23490768671035767,0.17733927071094513,0.5877530574798584
gue_splice_reconstructed_frozen__InstaDeepAI_nucleotide-transformer-v2-500m-multi-species__20260514T120331Z,2,2,0.17133401334285736,0.12489242106676102,0.703773558139801
gue_splice_reconstructed_frozen__InstaDeepAI_nucleotide-transformer-v2-500m-multi-species__20260514T120331Z,0,2,0.27459558844566345,0.1806187629699707,0.5447856187820435
gue_splice_reconstructed_frozen__InstaDeepAI_nucleotide-transformer-v2-500m-multi-species__20260514T120331Z,0,2,0.1035887822508812,0.20894880592823029,0.6874624490737915
gue_splice_reconstructed_frozen__InstaDeepAI_nucleotide-transformer-v2-500m-multi-species__20260514T120331Z,2,2,0.25817543268203735,0.1716882437467575,0.5701363682746887
gue_splice_reconstructed_frozen__InstaDeepAI_nucleotide-transformer-v2-500m-multi-species__20260514T120331Z,2,2,0.15986159443855286,0.3276144862174988,0.5125239491462708
gue_splice_reconstructed_frozen__InstaDeepAI_nucleotide-transformer-v2-500m-multi-species__20260514T120331Z,2,2,0.1285027265548706,0.06486811488866806,0.8066291809082031
gue_splice_reconstructed_frozen__InstaDeepAI_nucleotide-transformer-v2-500m-multi-species__20260514T120331Z,2,1,0.11832431703805923,0.48236575722694397,0.3993099331855774
gue_splice_reconstructed_frozen__InstaDeepAI_nucleotide-transformer-v2-500m-multi-species__20260514T120331Z,0,2,0.1889778971672058,0.025911623612046242,0.7851104736328125
gue_splice_reconstructed_frozen__InstaDeepAI_nucleotide-transformer-v2-500m-multi-species__20260514T120331Z,2,2,0.1221294179558754,0.052990902215242386,0.8248796463012695
gue_splice_reconstructed_frozen__InstaDeepAI_nucleotide-transformer-v2-500m-multi-species__20260514T120331Z,2,2,0.15810683369636536,0.2029884159564972,0.6389046907424927
gue_splice_reconstructed_frozen__InstaDeepAI_nucleotide-transformer-v2-500m-multi-species__20260514T120331Z,2,2,0.21924471855163574,0.38039642572402954,0.4003588557243347
gue_splice_reconstructed_frozen__InstaDeepAI_nucleotide-transformer-v2-500m-multi-species__20260514T120331Z,2,2,0.27919965982437134,0.12821759283542633,0.5925828218460083
gue_splice_reconstructed_frozen__InstaDeepAI_nucleotide-transformer-v2-500m-multi-species__20260514T120331Z,2,2,0.20749442279338837,0.19077986478805542,0.6017257571220398
gue_splice_reconstructed_frozen__InstaDeepAI_nucleotide-transformer-v2-500m-multi-species__20260514T120331Z,0,2,0.3260730504989624,0.25712764263153076,0.41679930686950684
gue_splice_reconstructed_frozen__InstaDeepAI_nucleotide-transformer-v2-500m-multi-species__20260514T120331Z,2,2,0.17091020941734314,0.21721427142620087,0.6118755340576172
gue_splice_reconstructed_frozen__InstaDeepAI_nucleotide-transformer-v2-500m-multi-species__20260514T120331Z,1,2,0.13196387887001038,0.36463090777397156,0.5034052133560181
gue_splice_reconstructed_frozen__InstaDeepAI_nucleotide-transformer-v2-500m-multi-species__20260514T120331Z,2,2,0.20547038316726685,0.3329622149467468,0.4615674316883087
gue_splice_reconstructed_frozen__InstaDeepAI_nucleotide-transformer-v2-500m-multi-species__20260514T120331Z,0,2,0.23811809718608856,0.10329218953847885,0.6585897207260132
gue_splice_reconstructed_frozen__InstaDeepAI_nucleotide-transformer-v2-500m-multi-species__20260514T120331Z,0,2,0.21300604939460754,0.21298004686832428,0.574013888835907
gue_splice_reconstructed_frozen__InstaDeepAI_nucleotide-transformer-v2-500m-multi-species__20260514T120331Z,1,2,0.1814408004283905,0.385425329208374,0.4331338107585907
gue_splice_reconstructed_frozen__InstaDeepAI_nucleotide-transformer-v2-500m-multi-species__20260514T120331Z,2,2,0.21892103552818298,0.14260253310203552,0.6384763717651367
gue_splice_reconstructed_frozen__InstaDeepAI_nucleotide-transformer-v2-500m-multi-species__20260514T120331Z,0,2,0.20926988124847412,0.2207634001970291,0.5699666738510132
gue_splice_reconstructed_frozen__InstaDeepAI_nucleotide-transformer-v2-500m-multi-species__20260514T120331Z,2,2,0.26361286640167236,0.2771083116531372,0.45927882194519043
gue_splice_reconstructed_frozen__InstaDeepAI_nucleotide-transformer-v2-500m-multi-species__20260514T120331Z,2,2,0.17192436754703522,0.27902674674987793,0.549048900604248
gue_splice_reconstructed_frozen__InstaDeepAI_nucleotide-transformer-v2-500m-multi-species__20260514T120331Z,0,2,0.18745794892311096,0.13351303339004517,0.6790290474891663
gue_splice_reconstructed_frozen__InstaDeepAI_nucleotide-transformer-v2-500m-multi-species__20260514T120331Z,1,2,0.2447880506515503,0.2927227020263672,0.46248921751976013
gue_splice_reconstructed_frozen__InstaDeepAI_nucleotide-transformer-v2-500m-multi-species__20260514T120331Z,2,2,0.17544278502464294,0.2184486985206604,0.606108546257019
gue_splice_reconstructed_frozen__InstaDeepAI_nucleotide-transformer-v2-500m-multi-species__20260514T120331Z,0,2,0.14700265228748322,0.2583838105201721,0.5946135520935059
gue_splice_reconstructed_frozen__InstaDeepAI_nucleotide-transformer-v2-500m-multi-species__20260514T120331Z,1,2,0.22530390322208405,0.1978856772184372,0.5768104195594788
gue_splice_reconstructed_frozen__InstaDeepAI_nucleotide-transformer-v2-500m-multi-species__20260514T120331Z,1,2,0.23124364018440247,0.3274620473384857,0.4412943422794342
gue_splice_reconstructed_frozen__InstaDeepAI_nucleotide-transformer-v2-500m-multi-species__20260514T120331Z,2,1,0.20749466121196747,0.40561068058013916,0.38689467310905457
gue_splice_reconstructed_frozen__InstaDeepAI_nucleotide-transformer-v2-500m-multi-species__20260514T120331Z,2,2,0.3416971266269684,0.16644857823848724,0.4918542802333832
gue_splice_reconstructed_frozen__InstaDeepAI_nucleotide-transformer-v2-500m-multi-species__20260514T120331Z,2,2,0.3321149945259094,0.2674978971481323,0.40038713812828064
gue_splice_reconstructed_frozen__InstaDeepAI_nucleotide-transformer-v2-500m-multi-species__20260514T120331Z,1,2,0.19170533120632172,0.3384304940700531,0.46986421942710876
gue_splice_reconstructed_frozen__InstaDeepAI_nucleotide-transformer-v2-500m-multi-species__20260514T120331Z,2,2,0.24157953262329102,0.3317353129386902,0.4266851544380188
gue_splice_reconstructed_frozen__InstaDeepAI_nucleotide-transformer-v2-500m-multi-species__20260514T120331Z,2,2,0.24350085854530334,0.11496464163064957,0.6415345072746277
gue_splice_reconstructed_frozen__InstaDeepAI_nucleotide-transformer-v2-500m-multi-species__20260514T120331Z,2,2,0.3184698820114136,0.22570493817329407,0.45582520961761475
gue_splice_reconstructed_frozen__InstaDeepAI_nucleotide-transformer-v2-500m-multi-species__20260514T120331Z,2,2,0.12620244920253754,0.2973235249519348,0.5764740109443665
gue_splice_reconstructed_frozen__InstaDeepAI_nucleotide-transformer-v2-500m-multi-species__20260514T120331Z,2,2,0.1772003471851349,0.3500896096229553,0.4727100133895874
gue_splice_reconstructed_frozen__InstaDeepAI_nucleotide-transformer-v2-500m-multi-species__20260514T120331Z,2,2,0.1935376673936844,0.2899177670478821,0.5165445804595947
gue_splice_reconstructed_frozen__InstaDeepAI_nucleotide-transformer-v2-500m-multi-species__20260514T120331Z,2,2,0.11694412678480148,0.06373683363199234,0.8193190693855286
gue_splice_reconstructed_frozen__InstaDeepAI_nucleotide-transformer-v2-500m-multi-species__20260514T120331Z,2,2,0.2053065448999405,0.20177845656871796,0.5929149985313416
gue_splice_reconstructed_frozen__InstaDeepAI_nucleotide-transformer-v2-500m-multi-species__20260514T120331Z,2,2,0.31835028529167175,0.20350143313407898,0.47814837098121643
gue_splice_reconstructed_frozen__InstaDeepAI_nucleotide-transformer-v2-500m-multi-species__20260514T120331Z,2,2,0.2859916388988495,0.1807970255613327,0.533211350440979
gue_splice_reconstructed_frozen__InstaDeepAI_nucleotide-transformer-v2-500m-multi-species__20260514T120331Z,1,2,0.2794594466686249,0.27595090866088867,0.44458964467048645
gue_splice_reconstructed_frozen__InstaDeepAI_nucleotide-transformer-v2-500m-multi-species__20260514T120331Z,2,2,0.1521410048007965,0.22702866792678833,0.6208302974700928
gue_splice_reconstructed_frozen__InstaDeepAI_nucleotide-transformer-v2-500m-multi-species__20260514T120331Z,2,2,0.20036889612674713,0.19997791945934296,0.5996531844139099
gue_splice_reconstructed_frozen__InstaDeepAI_nucleotide-transformer-v2-500m-multi-species__20260514T120331Z,2,2,0.20555339753627777,0.15508411824703217,0.6393624544143677
gue_splice_reconstructed_frozen__InstaDeepAI_nucleotide-transformer-v2-500m-multi-species__20260514T120331Z,0,2,0.2573031187057495,0.21949277818202972,0.5232040882110596
gue_splice_reconstructed_frozen__InstaDeepAI_nucleotide-transformer-v2-500m-multi-species__20260514T120331Z,0,2,0.22828425467014313,0.18677560985088348,0.5849401354789734
gue_splice_reconstructed_frozen__InstaDeepAI_nucleotide-transformer-v2-500m-multi-species__20260514T120331Z,1,2,0.3060370087623596,0.11871013045310974,0.5752528309822083
gue_splice_reconstructed_frozen__InstaDeepAI_nucleotide-transformer-v2-500m-multi-species__20260514T120331Z,1,2,0.20919638872146606,0.23314763605594635,0.5576559901237488
gue_splice_reconstructed_frozen__InstaDeepAI_nucleotide-transformer-v2-500m-multi-species__20260514T120331Z,1,2,0.21344135701656342,0.21522045135498047,0.5713381767272949
gue_splice_reconstructed_frozen__InstaDeepAI_nucleotide-transformer-v2-500m-multi-species__20260514T120331Z,2,2,0.2879522442817688,0.22119201719760895,0.49085575342178345
gue_splice_reconstructed_frozen__InstaDeepAI_nucleotide-transformer-v2-500m-multi-species__20260514T120331Z,2,1,0.13902604579925537,0.5170491337776184,0.3439248204231262
gue_splice_reconstructed_frozen__InstaDeepAI_nucleotide-transformer-v2-500m-multi-species__20260514T120331Z,1,2,0.17768356204032898,0.14813432097434998,0.674182116985321
gue_splice_reconstructed_frozen__InstaDeepAI_nucleotide-transformer-v2-500m-multi-species__20260514T120331Z,2,2,0.29389306902885437,0.12191611528396606,0.584190845489502
gue_splice_reconstructed_frozen__InstaDeepAI_nucleotide-transformer-v2-500m-multi-species__20260514T120331Z,2,2,0.09531272202730179,0.0909036323428154,0.8137836456298828
gue_splice_reconstructed_frozen__InstaDeepAI_nucleotide-transformer-v2-500m-multi-species__20260514T120331Z,2,2,0.216846764087677,0.26990312337875366,0.5132501125335693
gue_splice_reconstructed_frozen__InstaDeepAI_nucleotide-transformer-v2-500m-multi-species__20260514T120331Z,2,2,0.14780031144618988,0.15903180837631226,0.6931678652763367
gue_splice_reconstructed_frozen__InstaDeepAI_nucleotide-transformer-v2-500m-multi-species__20260514T120331Z,2,2,0.22339089214801788,0.2597396969795227,0.5168694257736206
gue_splice_reconstructed_frozen__InstaDeepAI_nucleotide-transformer-v2-500m-multi-species__20260514T120331Z,2,2,0.2322622686624527,0.190774068236351,0.5769636631011963
gue_splice_reconstructed_frozen__InstaDeepAI_nucleotide-transformer-v2-500m-multi-species__20260514T120331Z,2,2,0.21271808445453644,0.28133949637413025,0.5059424042701721
gue_splice_reconstructed_frozen__InstaDeepAI_nucleotide-transformer-v2-500m-multi-species__20260514T120331Z,2,2,0.18343301117420197,0.3886122405529022,0.4279547929763794
gue_splice_reconstructed_frozen__InstaDeepAI_nucleotide-transformer-v2-500m-multi-species__20260514T120331Z,2,2,0.32723894715309143,0.2389751821756363,0.43378588557243347
gue_splice_reconstructed_frozen__InstaDeepAI_nucleotide-transformer-v2-500m-multi-species__20260514T120331Z,2,2,0.252422958612442,0.16998670995235443,0.5775903463363647
gue_splice_reconstructed_frozen__InstaDeepAI_nucleotide-transformer-v2-500m-multi-species__20260514T120331Z,0,2,0.22921572625637054,0.26087939739227295,0.5099048614501953
gue_splice_reconstructed_frozen__InstaDeepAI_nucleotide-transformer-v2-500m-multi-species__20260514T120331Z,1,2,0.2534719705581665,0.20490171015262604,0.5416263341903687
gue_splice_reconstructed_frozen__InstaDeepAI_nucleotide-transformer-v2-500m-multi-species__20260514T120331Z,2,2,0.2965536117553711,0.18532803654670715,0.5181183218955994
gue_splice_reconstructed_frozen__InstaDeepAI_nucleotide-transformer-v2-500m-multi-species__20260514T120331Z,1,2,0.27526745200157166,0.2668309509754181,0.45790159702301025
gue_splice_reconstructed_frozen__InstaDeepAI_nucleotide-transformer-v2-500m-multi-species__20260514T120331Z,1,2,0.2897762954235077,0.23968376219272614,0.47053998708724976
gue_splice_reconstructed_frozen__InstaDeepAI_nucleotide-transformer-v2-500m-multi-species__20260514T120331Z,2,2,0.1595139056444168,0.09620831906795502,0.7442777752876282
gue_splice_reconstructed_frozen__InstaDeepAI_nucleotide-transformer-v2-500m-multi-species__20260514T120331Z,2,2,0.06732340157032013,0.08853815495967865,0.8441384434700012
gue_splice_reconstructed_frozen__InstaDeepAI_nucleotide-transformer-v2-500m-multi-species__20260514T120331Z,2,2,0.1635906845331192,0.03613625466823578,0.800273060798645
gue_splice_reconstructed_frozen__InstaDeepAI_nucleotide-transformer-v2-500m-multi-species__20260514T120331Z,2,2,0.26247021555900574,0.13209114968776703,0.6054385900497437
gue_splice_reconstructed_frozen__InstaDeepAI_nucleotide-transformer-v2-500m-multi-species__20260514T120331Z,2,2,0.2508503794670105,0.25542354583740234,0.49372598528862
gue_splice_reconstructed_frozen__InstaDeepAI_nucleotide-transformer-v2-500m-multi-species__20260514T120331Z,0,2,0.2436283528804779,0.12448635697364807,0.631885290145874
gue_splice_reconstructed_frozen__InstaDeepAI_nucleotide-transformer-v2-500m-multi-species__20260514T120331Z,0,2,0.2707199454307556,0.17332389950752258,0.5559561252593994
gue_splice_reconstructed_frozen__InstaDeepAI_nucleotide-transformer-v2-500m-multi-species__20260514T120331Z,2,2,0.11049425601959229,0.03908179700374603,0.8504239320755005
gue_splice_reconstructed_frozen__InstaDeepAI_nucleotide-transformer-v2-500m-multi-species__20260514T120331Z,2,2,0.2808268964290619,0.1514022946357727,0.5677708387374878
gue_splice_reconstructed_frozen__InstaDeepAI_nucleotide-transformer-v2-500m-multi-species__20260514T120331Z,1,2,0.1738276183605194,0.3381844162940979,0.4879879057407379
gue_splice_reconstructed_frozen__InstaDeepAI_nucleotide-transformer-v2-500m-multi-species__20260514T120331Z,2,2,0.31165212392807007,0.14986124634742737,0.5384865999221802
gue_splice_reconstructed_frozen__InstaDeepAI_nucleotide-transformer-v2-500m-multi-species__20260514T120331Z,0,2,0.15145981311798096,0.23470012843608856,0.6138400435447693
gue_splice_reconstructed_frozen__InstaDeepAI_nucleotide-transformer-v2-500m-multi-species__20260514T120331Z,1,2,0.20657265186309814,0.2027255892753601,0.5907017588615417
gue_splice_reconstructed_frozen__InstaDeepAI_nucleotide-transformer-v2-500m-multi-species__20260514T120331Z,0,2,0.25451719760894775,0.07327760010957718,0.6722052097320557
gue_splice_reconstructed_frozen__InstaDeepAI_nucleotide-transformer-v2-500m-multi-species__20260514T120331Z,0,2,0.14398959279060364,0.24144645035266876,0.6145638823509216
gue_splice_reconstructed_frozen__InstaDeepAI_nucleotide-transformer-v2-500m-multi-species__20260514T120331Z,0,1,0.24071495234966278,0.386685848236084,0.37259918451309204
gue_splice_reconstructed_frozen__InstaDeepAI_nucleotide-transformer-v2-500m-multi-species__20260514T120331Z,0,2,0.2473464161157608,0.11091934144496918,0.6417343020439148
gue_splice_reconstructed_frozen__InstaDeepAI_nucleotide-transformer-v2-500m-multi-species__20260514T120331Z,0,0,0.4673997163772583,0.1537187099456787,0.37888166308403015
gue_splice_reconstructed_frozen__InstaDeepAI_nucleotide-transformer-v2-500m-multi-species__20260514T120331Z,2,2,0.26846009492874146,0.2773202061653137,0.4542197287082672
gue_splice_reconstructed_frozen__InstaDeepAI_nucleotide-transformer-v2-500m-multi-species__20260514T120331Z,0,2,0.3416458070278168,0.10906334966421127,0.5492908358573914
gue_splice_reconstructed_frozen__InstaDeepAI_nucleotide-transformer-v2-500m-multi-species__20260514T120331Z,2,2,0.22071875631809235,0.1611662209033966,0.6181150078773499
gue_splice_reconstructed_frozen__InstaDeepAI_nucleotide-transformer-v2-500m-multi-species__20260514T120331Z,2,2,0.21468870341777802,0.30126649141311646,0.48404476046562195
gue_splice_reconstructed_frozen__InstaDeepAI_nucleotide-transformer-v2-500m-multi-species__20260514T120331Z,2,2,0.19436869025230408,0.09213887155056,0.7134924530982971
gue_splice_reconstructed_frozen__InstaDeepAI_nucleotide-transformer-v2-500m-multi-species__20260514T120331Z,0,2,0.30918142199516296,0.27375245094299316,0.4170660972595215
gue_splice_reconstructed_frozen__InstaDeepAI_nucleotide-transformer-v2-500m-multi-species__20260514T120331Z,2,2,0.1561582386493683,0.40886878967285156,0.43497297167778015
gue_splice_reconstructed_frozen__InstaDeepAI_nucleotide-transformer-v2-500m-multi-species__20260514T120331Z,0,2,0.205049067735672,0.34180334210395813,0.45314761996269226
gue_splice_reconstructed_frozen__InstaDeepAI_nucleotide-transformer-v2-500m-multi-species__20260514T120331Z,2,2,0.26052647829055786,0.21165144443511963,0.5278220772743225
gue_splice_reconstructed_frozen__InstaDeepAI_nucleotide-transformer-v2-500m-multi-species__20260514T120331Z,2,2,0.18126480281352997,0.38802409172058105,0.4307110607624054
gue_splice_reconstructed_frozen__InstaDeepAI_nucleotide-transformer-v2-500m-multi-species__20260514T120331Z,2,2,0.20311810076236725,0.1768602579832077,0.6200217008590698
gue_splice_reconstructed_frozen__InstaDeepAI_nucleotide-transformer-v2-500m-multi-species__20260514T120331Z,2,2,0.31077033281326294,0.19851061701774597,0.4907190799713135
gue_splice_reconstructed_frozen__InstaDeepAI_nucleotide-transformer-v2-500m-multi-species__20260514T120331Z,2,2,0.15485486388206482,0.2395220696926117,0.6056231260299683
gue_splice_reconstructed_frozen__InstaDeepAI_nucleotide-transformer-v2-500m-multi-species__20260514T120331Z,2,2,0.24368055164813995,0.2286653220653534,0.5276541709899902
gue_splice_reconstructed_frozen__InstaDeepAI_nucleotide-transformer-v2-500m-multi-species__20260514T120331Z,2,2,0.3623698353767395,0.16570261120796204,0.47192758321762085
gue_splice_reconstructed_frozen__InstaDeepAI_nucleotide-transformer-v2-500m-multi-species__20260514T120331Z,0,2,0.22108854353427887,0.20404958724975586,0.5748618245124817
gue_splice_reconstructed_frozen__InstaDeepAI_nucleotide-transformer-v2-500m-multi-species__20260514T120331Z,2,2,0.17204611003398895,0.2392125129699707,0.5887414216995239
gue_splice_reconstructed_frozen__InstaDeepAI_nucleotide-transformer-v2-500m-multi-species__20260514T120331Z,1,2,0.19154983758926392,0.17976878583431244,0.6286814212799072
gue_splice_reconstructed_frozen__InstaDeepAI_nucleotide-transformer-v2-500m-multi-species__20260514T120331Z,2,2,0.16259926557540894,0.18926425278186798,0.6481364965438843
gue_splice_reconstructed_frozen__InstaDeepAI_nucleotide-transformer-v2-500m-multi-species__20260514T120331Z,2,2,0.36710020899772644,0.21124586462974548,0.4216538667678833
gue_splice_reconstructed_frozen__InstaDeepAI_nucleotide-transformer-v2-500m-multi-species__20260514T120331Z,2,2,0.26574644446372986,0.19060558080673218,0.5436480045318604
gue_splice_reconstructed_frozen__InstaDeepAI_nucleotide-transformer-v2-500m-multi-species__20260514T120331Z,2,2,0.15074333548545837,0.20649494230747223,0.6427616477012634
gue_splice_reconstructed_frozen__InstaDeepAI_nucleotide-transformer-v2-500m-multi-species__20260514T120331Z,1,2,0.3575754761695862,0.2129974067211151,0.4294270873069763
gue_splice_reconstructed_frozen__InstaDeepAI_nucleotide-transformer-v2-500m-multi-species__20260514T120331Z,0,2,0.14885634183883667,0.05133046954870224,0.7998132109642029
gue_splice_reconstructed_frozen__InstaDeepAI_nucleotide-transformer-v2-500m-multi-species__20260514T120331Z,0,2,0.2302376925945282,0.24709947407245636,0.5226628184318542
gue_splice_reconstructed_frozen__InstaDeepAI_nucleotide-transformer-v2-500m-multi-species__20260514T120331Z,2,2,0.2428000420331955,0.30646002292633057,0.45073992013931274
gue_splice_reconstructed_frozen__InstaDeepAI_nucleotide-transformer-v2-500m-multi-species__20260514T120331Z,2,2,0.2489246428012848,0.2202928513288498,0.5307825207710266
gue_splice_reconstructed_frozen__InstaDeepAI_nucleotide-transformer-v2-500m-multi-species__20260514T120331Z,2,2,0.19497144222259521,0.24702422320842743,0.5580043792724609
gue_splice_reconstructed_frozen__InstaDeepAI_nucleotide-transformer-v2-500m-multi-species__20260514T120331Z,2,2,0.2879551351070404,0.15129317343235016,0.5607516765594482
gue_splice_reconstructed_frozen__InstaDeepAI_nucleotide-transformer-v2-500m-multi-species__20260514T120331Z,1,2,0.2510097324848175,0.14038322865962982,0.6086071133613586
gue_splice_reconstructed_frozen__InstaDeepAI_nucleotide-transformer-v2-500m-multi-species__20260514T120331Z,2,2,0.2249075025320053,0.2678842544555664,0.5072082281112671
gue_splice_reconstructed_frozen__InstaDeepAI_nucleotide-transformer-v2-500m-multi-species__20260514T120331Z,2,2,0.28697457909584045,0.13566894829273224,0.5773564577102661
gue_splice_reconstructed_frozen__InstaDeepAI_nucleotide-transformer-v2-500m-multi-species__20260514T120331Z,2,2,0.15311084687709808,0.15277479588985443,0.6941143274307251
gue_splice_reconstructed_frozen__InstaDeepAI_nucleotide-transformer-v2-500m-multi-species__20260514T120331Z,2,2,0.22452597320079803,0.25075218081474304,0.5247218608856201
gue_splice_reconstructed_frozen__InstaDeepAI_nucleotide-transformer-v2-500m-multi-species__20260514T120331Z,1,2,0.24350938200950623,0.2980990707874298,0.45839157700538635
gue_splice_reconstructed_frozen__InstaDeepAI_nucleotide-transformer-v2-500m-multi-species__20260514T120331Z,2,2,0.15390527248382568,0.35121920704841614,0.4948754608631134
gue_splice_reconstructed_frozen__InstaDeepAI_nucleotide-transformer-v2-500m-multi-species__20260514T120331Z,2,2,0.27799779176712036,0.18208883702754974,0.5399133563041687
gue_splice_reconstructed_frozen__InstaDeepAI_nucleotide-transformer-v2-500m-multi-species__20260514T120331Z,0,2,0.18556398153305054,0.22830332815647125,0.5861327052116394
gue_splice_reconstructed_frozen__InstaDeepAI_nucleotide-transformer-v2-500m-multi-species__20260514T120331Z,2,2,0.16607752442359924,0.1749850958585739,0.658937394618988
gue_splice_reconstructed_frozen__InstaDeepAI_nucleotide-transformer-v2-500m-multi-species__20260514T120331Z,2,2,0.2537528872489929,0.35062772035598755,0.3956194221973419
gue_splice_reconstructed_frozen__InstaDeepAI_nucleotide-transformer-v2-500m-multi-species__20260514T120331Z,2,2,0.2106858640909195,0.20787575840950012,0.5814383625984192
gue_splice_reconstructed_frozen__InstaDeepAI_nucleotide-transformer-v2-500m-multi-species__20260514T120331Z,1,2,0.10053382813930511,0.20128224790096283,0.6981839537620544
gue_splice_reconstructed_frozen__InstaDeepAI_nucleotide-transformer-v2-500m-multi-species__20260514T120331Z,1,2,0.22839702665805817,0.24956226348876953,0.5220407247543335
gue_splice_reconstructed_frozen__InstaDeepAI_nucleotide-transformer-v2-500m-multi-species__20260514T120331Z,2,2,0.2932707369327545,0.11636348813772202,0.5903657674789429
gue_splice_reconstructed_frozen__InstaDeepAI_nucleotide-transformer-v2-500m-multi-species__20260514T120331Z,2,2,0.175717294216156,0.18451015651226044,0.6397725343704224
gue_splice_reconstructed_frozen__InstaDeepAI_nucleotide-transformer-v2-500m-multi-species__20260514T120331Z,2,1,0.3058113753795624,0.3969346582889557,0.2972540259361267
gue_splice_reconstructed_frozen__InstaDeepAI_nucleotide-transformer-v2-500m-multi-species__20260514T120331Z,0,2,0.21803028881549835,0.19016940891742706,0.5918002724647522
gue_splice_reconstructed_frozen__InstaDeepAI_nucleotide-transformer-v2-500m-multi-species__20260514T120331Z,2,2,0.22830350697040558,0.2356656938791275,0.5360307693481445
gue_splice_reconstructed_frozen__InstaDeepAI_nucleotide-transformer-v2-500m-multi-species__20260514T120331Z,2,2,0.0858217105269432,0.07898548990488052,0.8351927995681763
gue_splice_reconstructed_frozen__InstaDeepAI_nucleotide-transformer-v2-500m-multi-species__20260514T120331Z,2,2,0.21805550158023834,0.3611181378364563,0.42082637548446655
gue_splice_reconstructed_frozen__InstaDeepAI_nucleotide-transformer-v2-500m-multi-species__20260514T120331Z,2,1,0.13903628289699554,0.43831080198287964,0.4226529002189636
gue_splice_reconstructed_frozen__InstaDeepAI_nucleotide-transformer-v2-500m-multi-species__20260514T120331Z,1,2,0.14320634305477142,0.2669757604598999,0.5898178815841675
gue_splice_reconstructed_frozen__InstaDeepAI_nucleotide-transformer-v2-500m-multi-species__20260514T120331Z,1,2,0.31442001461982727,0.19201350212097168,0.49356645345687866
gue_splice_reconstructed_frozen__InstaDeepAI_nucleotide-transformer-v2-500m-multi-species__20260514T120331Z,0,2,0.2811640501022339,0.297530859708786,0.4213050901889801
gue_splice_reconstructed_frozen__InstaDeepAI_nucleotide-transformer-v2-500m-multi-species__20260514T120331Z,0,2,0.23315557837486267,0.23613445460796356,0.530709981918335
gue_splice_reconstructed_frozen__InstaDeepAI_nucleotide-transformer-v2-500m-multi-species__20260514T120331Z,2,2,0.18817895650863647,0.1755305975675583,0.636290431022644
gue_splice_reconstructed_frozen__InstaDeepAI_nucleotide-transformer-v2-500m-multi-species__20260514T120331Z,0,2,0.3039519488811493,0.21844787895679474,0.47760018706321716
gue_splice_reconstructed_frozen__InstaDeepAI_nucleotide-transformer-v2-500m-multi-species__20260514T120331Z,1,2,0.24486030638217926,0.17125333845615387,0.5838863849639893
gue_splice_reconstructed_frozen__InstaDeepAI_nucleotide-transformer-v2-500m-multi-species__20260514T120331Z,2,2,0.23417924344539642,0.2339506596326828,0.5318701267242432
gue_splice_reconstructed_frozen__InstaDeepAI_nucleotide-transformer-v2-500m-multi-species__20260514T120331Z,2,2,0.2107216864824295,0.22453121840953827,0.5647470951080322
gue_splice_reconstructed_frozen__InstaDeepAI_nucleotide-transformer-v2-500m-multi-species__20260514T120331Z,0,2,0.18588362634181976,0.2559092342853546,0.5582071542739868
gue_splice_reconstructed_frozen__InstaDeepAI_nucleotide-transformer-v2-500m-multi-species__20260514T120331Z,2,2,0.12654158473014832,0.09980978816747665,0.7736486196517944
gue_splice_reconstructed_frozen__InstaDeepAI_nucleotide-transformer-v2-500m-multi-species__20260514T120331Z,0,2,0.29112643003463745,0.1670982390642166,0.5417753458023071
gue_splice_reconstructed_frozen__InstaDeepAI_nucleotide-transformer-v2-500m-multi-species__20260514T120331Z,0,0,0.37218979001045227,0.25580206513404846,0.37200814485549927
gue_splice_reconstructed_frozen__InstaDeepAI_nucleotide-transformer-v2-500m-multi-species__20260514T120331Z,1,2,0.1807098239660263,0.18901273608207703,0.6302773952484131
gue_splice_reconstructed_frozen__InstaDeepAI_nucleotide-transformer-v2-500m-multi-species__20260514T120331Z,0,2,0.2632253170013428,0.27103450894355774,0.4657402038574219
gue_splice_reconstructed_frozen__InstaDeepAI_nucleotide-transformer-v2-500m-multi-species__20260514T120331Z,1,2,0.25949808955192566,0.20068377256393433,0.5398181676864624
gue_splice_reconstructed_frozen__InstaDeepAI_nucleotide-transformer-v2-500m-multi-species__20260514T120331Z,0,2,0.23657536506652832,0.23211291432380676,0.5313116908073425
gue_splice_reconstructed_frozen__InstaDeepAI_nucleotide-transformer-v2-500m-multi-species__20260514T120331Z,2,2,0.16139069199562073,0.08188872784376144,0.7567206025123596
gue_splice_reconstructed_frozen__InstaDeepAI_nucleotide-transformer-v2-500m-multi-species__20260514T120331Z,0,2,0.2928693890571594,0.22183306515216827,0.4852975010871887
gue_splice_reconstructed_frozen__InstaDeepAI_nucleotide-transformer-v2-500m-multi-species__20260514T120331Z,2,2,0.21593359112739563,0.2337365448474884,0.550329864025116
gue_splice_reconstructed_frozen__InstaDeepAI_nucleotide-transformer-v2-500m-multi-species__20260514T120331Z,2,2,0.20488247275352478,0.13817425072193146,0.6569432616233826
gue_splice_reconstructed_frozen__InstaDeepAI_nucleotide-transformer-v2-500m-multi-species__20260514T120331Z,2,2,0.3449203670024872,0.137166365981102,0.517913281917572
gue_splice_reconstructed_frozen__InstaDeepAI_nucleotide-transformer-v2-500m-multi-species__20260514T120331Z,0,2,0.1615259200334549,0.259064644575119,0.5794094204902649
gue_splice_reconstructed_frozen__InstaDeepAI_nucleotide-transformer-v2-500m-multi-species__20260514T120331Z,1,2,0.15752503275871277,0.25203177332878113,0.5904431939125061
gue_splice_reconstructed_frozen__InstaDeepAI_nucleotide-transformer-v2-500m-multi-species__20260514T120331Z,1,2,0.2830886244773865,0.19546839594841003,0.5214429497718811
gue_splice_reconstructed_frozen__InstaDeepAI_nucleotide-transformer-v2-500m-multi-species__20260514T120331Z,1,2,0.3339836597442627,0.3082723021507263,0.357744038105011
gue_splice_reconstructed_frozen__InstaDeepAI_nucleotide-transformer-v2-500m-multi-species__20260514T120331Z,2,2,0.21792635321617126,0.3493097424507141,0.432763934135437
gue_splice_reconstructed_frozen__InstaDeepAI_nucleotide-transformer-v2-500m-multi-species__20260514T120331Z,2,2,0.20272547006607056,0.23753146827220917,0.5597430467605591
gue_splice_reconstructed_frozen__InstaDeepAI_nucleotide-transformer-v2-500m-multi-species__20260514T120331Z,2,2,0.13272002339363098,0.3853529989719391,0.48192697763442993
gue_splice_reconstructed_frozen__InstaDeepAI_nucleotide-transformer-v2-500m-multi-species__20260514T120331Z,0,2,0.268775075674057,0.2356635481119156,0.495561420917511
gue_splice_reconstructed_frozen__InstaDeepAI_nucleotide-transformer-v2-500m-multi-species__20260514T120331Z,1,1,0.23944802582263947,0.41292181611061096,0.347630113363266
gue_splice_reconstructed_frozen__InstaDeepAI_nucleotide-transformer-v2-500m-multi-species__20260514T120331Z,2,2,0.2000991851091385,0.060514938086271286,0.7393859028816223
gue_splice_reconstructed_frozen__InstaDeepAI_nucleotide-transformer-v2-500m-multi-species__20260514T120331Z,2,2,0.22023379802703857,0.21476472914218903,0.5650014281272888
gue_splice_reconstructed_frozen__InstaDeepAI_nucleotide-transformer-v2-500m-multi-species__20260514T120331Z,2,2,0.10186312347650528,0.10082396119832993,0.7973129153251648
gue_splice_reconstructed_frozen__InstaDeepAI_nucleotide-transformer-v2-500m-multi-species__20260514T120331Z,2,2,0.2445909082889557,0.21527181565761566,0.5401372909545898
gue_splice_reconstructed_frozen__InstaDeepAI_nucleotide-transformer-v2-500m-multi-species__20260514T120331Z,1,2,0.18838483095169067,0.23191536962985992,0.5796997547149658
gue_splice_reconstructed_frozen__InstaDeepAI_nucleotide-transformer-v2-500m-multi-species__20260514T120331Z,1,2,0.14513571560382843,0.32007738947868347,0.5347869396209717
gue_splice_reconstructed_frozen__InstaDeepAI_nucleotide-transformer-v2-500m-multi-species__20260514T120331Z,2,2,0.19863452017307281,0.1283263862133026,0.6730390787124634
gue_splice_reconstructed_frozen__InstaDeepAI_nucleotide-transformer-v2-500m-multi-species__20260514T120331Z,2,2,0.14885292947292328,0.14014197885990143,0.7110050320625305
gue_splice_reconstructed_frozen__InstaDeepAI_nucleotide-transformer-v2-500m-multi-species__20260514T120331Z,2,2,0.2761925160884857,0.24833406507968903,0.47547340393066406
gue_splice_reconstructed_frozen__InstaDeepAI_nucleotide-transformer-v2-500m-multi-species__20260514T120331Z,0,2,0.3328852951526642,0.2654803395271301,0.4016343951225281
gue_splice_reconstructed_frozen__InstaDeepAI_nucleotide-transformer-v2-500m-multi-species__20260514T120331Z,2,2,0.15084810554981232,0.3203214704990387,0.5288304686546326
gue_splice_reconstructed_frozen__InstaDeepAI_nucleotide-transformer-v2-500m-multi-species__20260514T120331Z,2,2,0.24999596178531647,0.3365705907344818,0.4134334325790405
gue_splice_reconstructed_frozen__InstaDeepAI_nucleotide-transformer-v2-500m-multi-species__20260514T120331Z,2,2,0.19807681441307068,0.29202473163604736,0.5098984241485596
gue_splice_reconstructed_frozen__InstaDeepAI_nucleotide-transformer-v2-500m-multi-species__20260514T120331Z,1,2,0.19485870003700256,0.28937003016471863,0.5157712697982788
gue_splice_reconstructed_frozen__InstaDeepAI_nucleotide-transformer-v2-500m-multi-species__20260514T120331Z,0,1,0.20945116877555847,0.4019083082675934,0.38864049315452576
gue_splice_reconstructed_frozen__InstaDeepAI_nucleotide-transformer-v2-500m-multi-species__20260514T120331Z,1,2,0.16040422022342682,0.37624332308769226,0.4633524715900421
gue_splice_reconstructed_frozen__InstaDeepAI_nucleotide-transformer-v2-500m-multi-species__20260514T120331Z,1,2,0.22861869633197784,0.2834804952144623,0.4879007935523987
gue_splice_reconstructed_frozen__InstaDeepAI_nucleotide-transformer-v2-500m-multi-species__20260514T120331Z,1,2,0.3613912761211395,0.1989467889070511,0.4396619200706482
gue_splice_reconstructed_frozen__InstaDeepAI_nucleotide-transformer-v2-500m-multi-species__20260514T120331Z,1,2,0.2400176078081131,0.25974276661872864,0.5002396702766418
gue_splice_reconstructed_frozen__InstaDeepAI_nucleotide-transformer-v2-500m-multi-species__20260514T120331Z,0,2,0.2779611051082611,0.30357110500335693,0.41846776008605957
gue_splice_reconstructed_frozen__InstaDeepAI_nucleotide-transformer-v2-500m-multi-species__20260514T120331Z,2,2,0.1990339457988739,0.30010586977005005,0.5008602142333984
gue_splice_reconstructed_frozen__InstaDeepAI_nucleotide-transformer-v2-500m-multi-species__20260514T120331Z,2,2,0.19950370490550995,0.20314078032970428,0.5973555445671082
gue_splice_reconstructed_frozen__InstaDeepAI_nucleotide-transformer-v2-500m-multi-species__20260514T120331Z,0,2,0.3678588271141052,0.17845036089420319,0.45369085669517517
gue_splice_reconstructed_frozen__InstaDeepAI_nucleotide-transformer-v2-500m-multi-species__20260514T120331Z,0,0,0.3881551921367645,0.26534587144851685,0.34649893641471863
gue_splice_reconstructed_frozen__InstaDeepAI_nucleotide-transformer-v2-500m-multi-species__20260514T120331Z,2,2,0.20326538383960724,0.15382659435272217,0.6429080367088318
gue_splice_reconstructed_frozen__InstaDeepAI_nucleotide-transformer-v2-500m-multi-species__20260514T120331Z,1,2,0.15225516259670258,0.28836578130722046,0.5593791007995605
gue_splice_reconstructed_frozen__InstaDeepAI_nucleotide-transformer-v2-500m-multi-species__20260514T120331Z,2,2,0.2495451420545578,0.34490835666656494,0.40554651618003845
gue_splice_reconstructed_frozen__InstaDeepAI_nucleotide-transformer-v2-500m-multi-species__20260514T120331Z,0,2,0.24576757848262787,0.20553457736968994,0.548697829246521
gue_splice_reconstructed_frozen__InstaDeepAI_nucleotide-transformer-v2-500m-multi-species__20260514T120331Z,2,2,0.2693178057670593,0.243724524974823,0.48695769906044006
gue_splice_reconstructed_frozen__InstaDeepAI_nucleotide-transformer-v2-500m-multi-species__20260514T120331Z,0,2,0.1804206669330597,0.174443319439888,0.6451359987258911
gue_splice_reconstructed_frozen__InstaDeepAI_nucleotide-transformer-v2-500m-multi-species__20260514T120331Z,1,2,0.19635356962680817,0.22342310845851898,0.5802233219146729
gue_splice_reconstructed_frozen__InstaDeepAI_nucleotide-transformer-v2-500m-multi-species__20260514T120331Z,1,2,0.2036045491695404,0.35921770334243774,0.43717771768569946
gue_splice_reconstructed_frozen__InstaDeepAI_nucleotide-transformer-v2-500m-multi-species__20260514T120331Z,0,2,0.22472327947616577,0.2638852298259735,0.5113914608955383
gue_splice_reconstructed_frozen__InstaDeepAI_nucleotide-transformer-v2-500m-multi-species__20260514T120331Z,2,2,0.31694066524505615,0.17292873561382294,0.5101305842399597
gue_splice_reconstructed_frozen__InstaDeepAI_nucleotide-transformer-v2-500m-multi-species__20260514T120331Z,0,2,0.19861888885498047,0.2573772966861725,0.5440037846565247
gue_splice_reconstructed_frozen__InstaDeepAI_nucleotide-transformer-v2-500m-multi-species__20260514T120331Z,2,2,0.16587290167808533,0.22068671882152557,0.6134403347969055
gue_splice_reconstructed_frozen__InstaDeepAI_nucleotide-transformer-v2-500m-multi-species__20260514T120331Z,2,2,0.2583218812942505,0.05214282497763634,0.6895353198051453
gue_splice_reconstructed_frozen__InstaDeepAI_nucleotide-transformer-v2-500m-multi-species__20260514T120331Z,2,2,0.15142473578453064,0.08658519387245178,0.7619900107383728
gue_splice_reconstructed_frozen__InstaDeepAI_nucleotide-transformer-v2-500m-multi-species__20260514T120331Z,2,2,0.14628872275352478,0.07066292315721512,0.7830483913421631
gue_splice_reconstructed_frozen__InstaDeepAI_nucleotide-transformer-v2-500m-multi-species__20260514T120331Z,2,2,0.1589437574148178,0.20687200129032135,0.6341842412948608
gue_splice_reconstructed_frozen__InstaDeepAI_nucleotide-transformer-v2-500m-multi-species__20260514T120331Z,2,2,0.22606070339679718,0.32116958498954773,0.4527697265148163
gue_splice_reconstructed_frozen__InstaDeepAI_nucleotide-transformer-v2-500m-multi-species__20260514T120331Z,0,2,0.23107463121414185,0.1979866772890091,0.5709387063980103
gue_splice_reconstructed_frozen__InstaDeepAI_nucleotide-transformer-v2-500m-multi-species__20260514T120331Z,1,1,0.1783745437860489,0.4136209785938263,0.408004492521286
gue_splice_reconstructed_frozen__InstaDeepAI_nucleotide-transformer-v2-500m-multi-species__20260514T120331Z,2,2,0.23604673147201538,0.21793478727340698,0.5460185408592224
gue_splice_reconstructed_frozen__InstaDeepAI_nucleotide-transformer-v2-500m-multi-species__20260514T120331Z,1,2,0.2789505124092102,0.11785224080085754,0.6031972169876099
gue_splice_reconstructed_frozen__InstaDeepAI_nucleotide-transformer-v2-500m-multi-species__20260514T120331Z,1,2,0.1223498284816742,0.35672056674957275,0.5209295749664307
gue_splice_reconstructed_frozen__InstaDeepAI_nucleotide-transformer-v2-500m-multi-species__20260514T120331Z,2,2,0.18721041083335876,0.24452634155750275,0.5682632327079773
gue_splice_reconstructed_frozen__InstaDeepAI_nucleotide-transformer-v2-500m-multi-species__20260514T120331Z,2,2,0.1487603485584259,0.26000118255615234,0.5912384390830994
gue_splice_reconstructed_frozen__InstaDeepAI_nucleotide-transformer-v2-500m-multi-species__20260514T120331Z,0,2,0.27235978841781616,0.2933923006057739,0.4342479407787323
gue_splice_reconstructed_frozen__InstaDeepAI_nucleotide-transformer-v2-500m-multi-species__20260514T120331Z,2,2,0.19374802708625793,0.25606417655944824,0.5501877665519714
gue_splice_reconstructed_frozen__InstaDeepAI_nucleotide-transformer-v2-500m-multi-species__20260514T120331Z,2,2,0.13729998469352722,0.35826563835144043,0.5044344067573547
gue_splice_reconstructed_frozen__InstaDeepAI_nucleotide-transformer-v2-500m-multi-species__20260514T120331Z,0,2,0.1802738904953003,0.21194833517074585,0.6077777743339539
gue_splice_reconstructed_frozen__InstaDeepAI_nucleotide-transformer-v2-500m-multi-species__20260514T120331Z,2,2,0.22897137701511383,0.2700537145137787,0.5009748935699463
gue_splice_reconstructed_frozen__InstaDeepAI_nucleotide-transformer-v2-500m-multi-species__20260514T120331Z,2,2,0.3231472969055176,0.3067467212677002,0.3701060116291046
gue_splice_reconstructed_frozen__InstaDeepAI_nucleotide-transformer-v2-500m-multi-species__20260514T120331Z,2,2,0.2660347521305084,0.2094896286725998,0.5244755744934082
gue_splice_reconstructed_frozen__InstaDeepAI_nucleotide-transformer-v2-500m-multi-species__20260514T120331Z,2,2,0.2114230841398239,0.2978428900241852,0.4907340705394745
gue_splice_reconstructed_frozen__InstaDeepAI_nucleotide-transformer-v2-500m-multi-species__20260514T120331Z,2,2,0.18721157312393188,0.11098691821098328,0.7018014788627625
gue_splice_reconstructed_frozen__InstaDeepAI_nucleotide-transformer-v2-500m-multi-species__20260514T120331Z,0,2,0.1860993504524231,0.3173297941684723,0.49657079577445984
gue_splice_reconstructed_frozen__InstaDeepAI_nucleotide-transformer-v2-500m-multi-species__20260514T120331Z,2,2,0.33394041657447815,0.18651355803012848,0.47954604029655457
gue_splice_reconstructed_frozen__InstaDeepAI_nucleotide-transformer-v2-500m-multi-species__20260514T120331Z,1,2,0.21283520758152008,0.22573375701904297,0.5614310503005981
gue_splice_reconstructed_frozen__InstaDeepAI_nucleotide-transformer-v2-500m-multi-species__20260514T120331Z,1,1,0.1947256624698639,0.4152645766735077,0.3900097608566284
gue_splice_reconstructed_frozen__InstaDeepAI_nucleotide-transformer-v2-500m-multi-species__20260514T120331Z,2,2,0.17632174491882324,0.26809659600257874,0.5555816292762756
gue_splice_reconstructed_frozen__InstaDeepAI_nucleotide-transformer-v2-500m-multi-species__20260514T120331Z,1,1,0.15086661279201508,0.4881938099861145,0.36093953251838684
gue_splice_reconstructed_frozen__InstaDeepAI_nucleotide-transformer-v2-500m-multi-species__20260514T120331Z,2,2,0.17859198153018951,0.2274765521287918,0.5939314365386963
gue_splice_reconstructed_frozen__InstaDeepAI_nucleotide-transformer-v2-500m-multi-species__20260514T120331Z,2,2,0.28520718216896057,0.2602553367614746,0.45453745126724243
gue_splice_reconstructed_frozen__InstaDeepAI_nucleotide-transformer-v2-500m-multi-species__20260514T120331Z,0,2,0.405403733253479,0.18331065773963928,0.41128554940223694
gue_splice_reconstructed_frozen__InstaDeepAI_nucleotide-transformer-v2-500m-multi-species__20260514T120331Z,0,2,0.3212963342666626,0.30037811398506165,0.37832552194595337
gue_splice_reconstructed_frozen__InstaDeepAI_nucleotide-transformer-v2-500m-multi-species__20260514T120331Z,2,2,0.36984848976135254,0.16296140849590302,0.4671900272369385
gue_splice_reconstructed_frozen__InstaDeepAI_nucleotide-transformer-v2-500m-multi-species__20260514T120331Z,2,2,0.1449139565229416,0.1704588085412979,0.6846272349357605
gue_splice_reconstructed_frozen__InstaDeepAI_nucleotide-transformer-v2-500m-multi-species__20260514T120331Z,2,2,0.36679497361183167,0.2508662939071655,0.3823387324810028
gue_splice_reconstructed_frozen__InstaDeepAI_nucleotide-transformer-v2-500m-multi-species__20260514T120331Z,0,2,0.3580256402492523,0.1518939733505249,0.4900803864002228
gue_splice_reconstructed_frozen__InstaDeepAI_nucleotide-transformer-v2-500m-multi-species__20260514T120331Z,1,2,0.19509311020374298,0.13729865849018097,0.6676082015037537
gue_splice_reconstructed_frozen__InstaDeepAI_nucleotide-transformer-v2-500m-multi-species__20260514T120331Z,2,2,0.3065527677536011,0.2750270664691925,0.4184201955795288
gue_splice_reconstructed_frozen__InstaDeepAI_nucleotide-transformer-v2-500m-multi-species__20260514T120331Z,2,2,0.2981971800327301,0.21592363715171814,0.48587918281555176
gue_splice_reconstructed_frozen__InstaDeepAI_nucleotide-transformer-v2-500m-multi-species__20260514T120331Z,2,2,0.20847049355506897,0.2708781063556671,0.5206514000892639
gue_splice_reconstructed_frozen__InstaDeepAI_nucleotide-transformer-v2-500m-multi-species__20260514T120331Z,2,2,0.1353049874305725,0.018058478832244873,0.8466365933418274
gue_splice_reconstructed_frozen__InstaDeepAI_nucleotide-transformer-v2-500m-multi-species__20260514T120331Z,2,2,0.24526214599609375,0.1706780046224594,0.5840597748756409
gue_splice_reconstructed_frozen__InstaDeepAI_nucleotide-transformer-v2-500m-multi-species__20260514T120331Z,0,2,0.24597355723381042,0.34868258237838745,0.4053438603878021
gue_splice_reconstructed_frozen__InstaDeepAI_nucleotide-transformer-v2-500m-multi-species__20260514T120331Z,2,2,0.30972832441329956,0.13677163422107697,0.5535000562667847
gue_splice_reconstructed_frozen__InstaDeepAI_nucleotide-transformer-v2-500m-multi-species__20260514T120331Z,2,2,0.16416147351264954,0.21599702537059784,0.6198415160179138
gue_splice_reconstructed_frozen__InstaDeepAI_nucleotide-transformer-v2-500m-multi-species__20260514T120331Z,2,2,0.21299006044864655,0.26523223519325256,0.5217776894569397
gue_splice_reconstructed_frozen__InstaDeepAI_nucleotide-transformer-v2-500m-multi-species__20260514T120331Z,0,2,0.4039252698421478,0.14743942022323608,0.4486353099346161
gue_splice_reconstructed_frozen__InstaDeepAI_nucleotide-transformer-v2-500m-multi-species__20260514T120331Z,1,2,0.14585454761981964,0.3553967773914337,0.4987485706806183
gue_splice_reconstructed_frozen__InstaDeepAI_nucleotide-transformer-v2-500m-multi-species__20260514T120331Z,2,2,0.25968503952026367,0.2686488628387451,0.4716660976409912
gue_splice_reconstructed_frozen__InstaDeepAI_nucleotide-transformer-v2-500m-multi-species__20260514T120331Z,1,0,0.3922688066959381,0.21737313270568848,0.3903580904006958
gue_splice_reconstructed_frozen__InstaDeepAI_nucleotide-transformer-v2-500m-multi-species__20260514T120331Z,2,2,0.16635116934776306,0.11061105877161026,0.7230377197265625
gue_splice_reconstructed_frozen__InstaDeepAI_nucleotide-transformer-v2-500m-multi-species__20260514T120331Z,2,2,0.298688679933548,0.25259798765182495,0.4487133324146271
gue_splice_reconstructed_frozen__InstaDeepAI_nucleotide-transformer-v2-500m-multi-species__20260514T120331Z,2,2,0.23649123311042786,0.2761826813220978,0.48732614517211914
gue_splice_reconstructed_frozen__InstaDeepAI_nucleotide-transformer-v2-500m-multi-species__20260514T120331Z,2,2,0.25001245737075806,0.18561212718486786,0.5643754005432129
gue_splice_reconstructed_frozen__InstaDeepAI_nucleotide-transformer-v2-500m-multi-species__20260514T120331Z,2,2,0.15682987868785858,0.1445842981338501,0.6985858082771301
gue_splice_reconstructed_frozen__InstaDeepAI_nucleotide-transformer-v2-500m-multi-species__20260514T120331Z,2,2,0.1515047401189804,0.10494428128004074,0.7435509562492371
gue_splice_reconstructed_frozen__InstaDeepAI_nucleotide-transformer-v2-500m-multi-species__20260514T120331Z,2,2,0.24573253095149994,0.18626011908054352,0.5680073499679565
gue_splice_reconstructed_frozen__InstaDeepAI_nucleotide-transformer-v2-500m-multi-species__20260514T120331Z,2,2,0.219588041305542,0.09702026098966599,0.6833916902542114
gue_splice_reconstructed_frozen__InstaDeepAI_nucleotide-transformer-v2-500m-multi-species__20260514T120331Z,1,2,0.2163943499326706,0.2961915135383606,0.48741415143013
gue_splice_reconstructed_frozen__InstaDeepAI_nucleotide-transformer-v2-500m-multi-species__20260514T120331Z,2,2,0.2903275191783905,0.30523717403411865,0.40443527698516846
gue_splice_reconstructed_frozen__InstaDeepAI_nucleotide-transformer-v2-500m-multi-species__20260514T120331Z,2,2,0.1627269834280014,0.24753907322883606,0.5897339582443237
gue_splice_reconstructed_frozen__InstaDeepAI_nucleotide-transformer-v2-500m-multi-species__20260514T120331Z,2,2,0.26775553822517395,0.3064824044704437,0.42576202750205994
gue_splice_reconstructed_frozen__InstaDeepAI_nucleotide-transformer-v2-500m-multi-species__20260514T120331Z,2,2,0.12409128248691559,0.05699373036623001,0.8189149498939514
gue_splice_reconstructed_frozen__InstaDeepAI_nucleotide-transformer-v2-500m-multi-species__20260514T120331Z,0,2,0.20729543268680573,0.20548148453235626,0.5872231125831604
gue_splice_reconstructed_frozen__InstaDeepAI_nucleotide-transformer-v2-500m-multi-species__20260514T120331Z,2,2,0.1568802148103714,0.24114884436130524,0.6019709706306458
gue_splice_reconstructed_frozen__InstaDeepAI_nucleotide-transformer-v2-500m-multi-species__20260514T120331Z,1,2,0.2231355607509613,0.25526466965675354,0.5215997695922852
gue_splice_reconstructed_frozen__InstaDeepAI_nucleotide-transformer-v2-500m-multi-species__20260514T120331Z,2,2,0.3651672601699829,0.16414232552051544,0.4706904888153076
gue_splice_reconstructed_frozen__InstaDeepAI_nucleotide-transformer-v2-500m-multi-species__20260514T120331Z,2,2,0.2455625981092453,0.338400661945343,0.4160367548465729
gue_splice_reconstructed_frozen__InstaDeepAI_nucleotide-transformer-v2-500m-multi-species__20260514T120331Z,1,2,0.18278352916240692,0.3049626648426056,0.5122538208961487
gue_splice_reconstructed_frozen__InstaDeepAI_nucleotide-transformer-v2-500m-multi-species__20260514T120331Z,2,2,0.09952139854431152,0.1365620195865631,0.7639166116714478
gue_splice_reconstructed_frozen__InstaDeepAI_nucleotide-transformer-v2-500m-multi-species__20260514T120331Z,2,2,0.1372445523738861,0.323377400636673,0.5393780469894409
gue_splice_reconstructed_frozen__InstaDeepAI_nucleotide-transformer-v2-500m-multi-species__20260514T120331Z,0,2,0.33501705527305603,0.23985007405281067,0.4251328408718109
gue_splice_reconstructed_frozen__InstaDeepAI_nucleotide-transformer-v2-500m-multi-species__20260514T120331Z,2,2,0.1730000525712967,0.3170326352119446,0.5099672675132751
gue_splice_reconstructed_frozen__InstaDeepAI_nucleotide-transformer-v2-500m-multi-species__20260514T120331Z,0,2,0.17199741303920746,0.2404327541589737,0.5875698328018188
gue_splice_reconstructed_frozen__InstaDeepAI_nucleotide-transformer-v2-500m-multi-species__20260514T120331Z,1,2,0.20174680650234222,0.27137231826782227,0.5268808603286743
gue_splice_reconstructed_frozen__InstaDeepAI_nucleotide-transformer-v2-500m-multi-species__20260514T120331Z,2,2,0.10621137171983719,0.05510173365473747,0.8386868834495544
gue_splice_reconstructed_frozen__InstaDeepAI_nucleotide-transformer-v2-500m-multi-species__20260514T120331Z,2,2,0.1660243719816208,0.3373493552207947,0.4966262876987457
gue_splice_reconstructed_frozen__InstaDeepAI_nucleotide-transformer-v2-500m-multi-species__20260514T120331Z,2,2,0.21795852482318878,0.2687981128692627,0.5132433772087097
gue_splice_reconstructed_frozen__InstaDeepAI_nucleotide-transformer-v2-500m-multi-species__20260514T120331Z,2,2,0.2441381812095642,0.13788849115371704,0.6179733276367188
gue_splice_reconstructed_frozen__InstaDeepAI_nucleotide-transformer-v2-500m-multi-species__20260514T120331Z,1,2,0.1053672730922699,0.06261119991540909,0.8320214748382568
gue_splice_reconstructed_frozen__InstaDeepAI_nucleotide-transformer-v2-500m-multi-species__20260514T120331Z,1,2,0.18866941332817078,0.31218546628952026,0.4991450607776642
gue_splice_reconstructed_frozen__InstaDeepAI_nucleotide-transformer-v2-500m-multi-species__20260514T120331Z,2,2,0.2709444761276245,0.12947794795036316,0.5995776057243347
gue_splice_reconstructed_frozen__InstaDeepAI_nucleotide-transformer-v2-500m-multi-species__20260514T120331Z,1,2,0.29131457209587097,0.24729585647583008,0.46138954162597656
gue_splice_reconstructed_frozen__InstaDeepAI_nucleotide-transformer-v2-500m-multi-species__20260514T120331Z,0,2,0.14207975566387177,0.2669997811317444,0.5909205079078674
gue_splice_reconstructed_frozen__InstaDeepAI_nucleotide-transformer-v2-500m-multi-species__20260514T120331Z,1,2,0.18279744684696198,0.2378314584493637,0.5793710947036743
gue_splice_reconstructed_frozen__InstaDeepAI_nucleotide-transformer-v2-500m-multi-species__20260514T120331Z,2,2,0.28837114572525024,0.13610053062438965,0.5755282640457153
gue_splice_reconstructed_frozen__InstaDeepAI_nucleotide-transformer-v2-500m-multi-species__20260514T120331Z,0,2,0.21944664418697357,0.296770304441452,0.4837830364704132
gue_splice_reconstructed_frozen__InstaDeepAI_nucleotide-transformer-v2-500m-multi-species__20260514T120331Z,0,2,0.2844237685203552,0.3308044373989105,0.38477176427841187
gue_splice_reconstructed_frozen__InstaDeepAI_nucleotide-transformer-v2-500m-multi-species__20260514T120331Z,2,2,0.13426116108894348,0.3785726726055145,0.487166166305542
gue_splice_reconstructed_frozen__InstaDeepAI_nucleotide-transformer-v2-500m-multi-species__20260514T120331Z,2,2,0.25826776027679443,0.23837801814079285,0.5033542513847351
gue_splice_reconstructed_frozen__InstaDeepAI_nucleotide-transformer-v2-500m-multi-species__20260514T120331Z,2,2,0.1984291523694992,0.14207082986831665,0.659500002861023
gue_splice_reconstructed_frozen__InstaDeepAI_nucleotide-transformer-v2-500m-multi-species__20260514T120331Z,2,2,0.1970130205154419,0.23165684938430786,0.5713301301002502
gue_splice_reconstructed_frozen__InstaDeepAI_nucleotide-transformer-v2-500m-multi-species__20260514T120331Z,1,2,0.1532280594110489,0.4046889543533325,0.4420830011367798
gue_splice_reconstructed_frozen__InstaDeepAI_nucleotide-transformer-v2-500m-multi-species__20260514T120331Z,1,2,0.14978396892547607,0.31213849782943726,0.5380775332450867
gue_splice_reconstructed_frozen__InstaDeepAI_nucleotide-transformer-v2-500m-multi-species__20260514T120331Z,2,2,0.14561383426189423,0.1734703928232193,0.6809157133102417
gue_splice_reconstructed_frozen__InstaDeepAI_nucleotide-transformer-v2-500m-multi-species__20260514T120331Z,1,2,0.22067791223526,0.237389475107193,0.5419326424598694
gue_splice_reconstructed_frozen__InstaDeepAI_nucleotide-transformer-v2-500m-multi-species__20260514T120331Z,2,2,0.17741353809833527,0.30620652437210083,0.5163799524307251
gue_splice_reconstructed_frozen__InstaDeepAI_nucleotide-transformer-v2-500m-multi-species__20260514T120331Z,0,2,0.21754376590251923,0.33663004636764526,0.4458262622356415
gue_splice_reconstructed_frozen__InstaDeepAI_nucleotide-transformer-v2-500m-multi-species__20260514T120331Z,2,2,0.19597215950489044,0.19654715061187744,0.6074806451797485
gue_splice_reconstructed_frozen__InstaDeepAI_nucleotide-transformer-v2-500m-multi-species__20260514T120331Z,0,2,0.21897897124290466,0.22781331837177277,0.5532077550888062
gue_splice_reconstructed_frozen__InstaDeepAI_nucleotide-transformer-v2-500m-multi-species__20260514T120331Z,2,2,0.26697593927383423,0.2071104496717453,0.525913655757904
gue_splice_reconstructed_frozen__InstaDeepAI_nucleotide-transformer-v2-500m-multi-species__20260514T120331Z,1,2,0.2460857778787613,0.1751091033220291,0.5788050889968872
gue_splice_reconstructed_frozen__InstaDeepAI_nucleotide-transformer-v2-500m-multi-species__20260514T120331Z,2,2,0.21557986736297607,0.32085055112838745,0.4635695517063141
gue_splice_reconstructed_frozen__InstaDeepAI_nucleotide-transformer-v2-500m-multi-species__20260514T120331Z,1,2,0.09749359637498856,0.3154054582118988,0.5871009826660156
gue_splice_reconstructed_frozen__InstaDeepAI_nucleotide-transformer-v2-500m-multi-species__20260514T120331Z,2,2,0.14580278098583221,0.11048846691846848,0.7437087893486023
gue_splice_reconstructed_frozen__InstaDeepAI_nucleotide-transformer-v2-500m-multi-species__20260514T120331Z,0,2,0.2235969454050064,0.31480303406715393,0.4615999460220337
gue_splice_reconstructed_frozen__InstaDeepAI_nucleotide-transformer-v2-500m-multi-species__20260514T120331Z,1,2,0.24053849279880524,0.12881384789943695,0.6306476593017578
gue_splice_reconstructed_frozen__InstaDeepAI_nucleotide-transformer-v2-500m-multi-species__20260514T120331Z,2,2,0.1572640985250473,0.23038743436336517,0.6123484373092651
gue_splice_reconstructed_frozen__InstaDeepAI_nucleotide-transformer-v2-500m-multi-species__20260514T120331Z,2,2,0.2346474528312683,0.19742418825626373,0.5679283738136292
gue_splice_reconstructed_frozen__InstaDeepAI_nucleotide-transformer-v2-500m-multi-species__20260514T120331Z,1,2,0.1787324994802475,0.19269053637981415,0.6285769939422607
gue_splice_reconstructed_frozen__InstaDeepAI_nucleotide-transformer-v2-500m-multi-species__20260514T120331Z,1,2,0.20478740334510803,0.1576882302761078,0.6375243663787842
gue_splice_reconstructed_frozen__InstaDeepAI_nucleotide-transformer-v2-500m-multi-species__20260514T120331Z,1,2,0.28237205743789673,0.23026850819587708,0.4873594343662262
gue_splice_reconstructed_frozen__InstaDeepAI_nucleotide-transformer-v2-500m-multi-species__20260514T120331Z,1,2,0.15385204553604126,0.2652328312397003,0.5809151530265808
gue_splice_reconstructed_frozen__InstaDeepAI_nucleotide-transformer-v2-500m-multi-species__20260514T120331Z,0,2,0.13610444962978363,0.30332785844802856,0.5605676770210266
gue_splice_reconstructed_frozen__InstaDeepAI_nucleotide-transformer-v2-500m-multi-species__20260514T120331Z,1,2,0.13326619565486908,0.08452322334051132,0.7822105884552002
gue_splice_reconstructed_frozen__InstaDeepAI_nucleotide-transformer-v2-500m-multi-species__20260514T120331Z,1,2,0.3052646219730377,0.28384411334991455,0.4108912944793701
gue_splice_reconstructed_frozen__InstaDeepAI_nucleotide-transformer-v2-500m-multi-species__20260514T120331Z,1,2,0.21241798996925354,0.20150651037693024,0.5860755443572998
gue_splice_reconstructed_frozen__InstaDeepAI_nucleotide-transformer-v2-500m-multi-species__20260514T120331Z,1,0,0.3626299202442169,0.3483974039554596,0.2889726459980011
gue_splice_reconstructed_frozen__InstaDeepAI_nucleotide-transformer-v2-500m-multi-species__20260514T120331Z,2,2,0.18562382459640503,0.21341709792613983,0.6009591221809387
gue_splice_reconstructed_frozen__InstaDeepAI_nucleotide-transformer-v2-500m-multi-species__20260514T120331Z,2,2,0.16030992567539215,0.31533578038215637,0.5243542790412903
gue_splice_reconstructed_frozen__InstaDeepAI_nucleotide-transformer-v2-500m-multi-species__20260514T120331Z,1,2,0.22385619580745697,0.3222828507423401,0.4538610279560089
gue_splice_reconstructed_frozen__InstaDeepAI_nucleotide-transformer-v2-500m-multi-species__20260514T120331Z,2,2,0.14932486414909363,0.19342951476573944,0.6572456359863281
gue_splice_reconstructed_frozen__InstaDeepAI_nucleotide-transformer-v2-500m-multi-species__20260514T120331Z,0,2,0.24157902598381042,0.2227160930633545,0.5357048511505127
gue_splice_reconstructed_frozen__InstaDeepAI_nucleotide-transformer-v2-500m-multi-species__20260514T120331Z,2,2,0.15513251721858978,0.11624564230442047,0.728621780872345
gue_splice_reconstructed_frozen__InstaDeepAI_nucleotide-transformer-v2-500m-multi-species__20260514T120331Z,2,2,0.2796405255794525,0.2473096251487732,0.4730498492717743
gue_splice_reconstructed_frozen__InstaDeepAI_nucleotide-transformer-v2-500m-multi-species__20260514T120331Z,2,2,0.17706243693828583,0.1253722757101059,0.6975653171539307
gue_splice_reconstructed_frozen__InstaDeepAI_nucleotide-transformer-v2-500m-multi-species__20260514T120331Z,2,2,0.21480804681777954,0.20071256160736084,0.5844793915748596
gue_splice_reconstructed_frozen__InstaDeepAI_nucleotide-transformer-v2-500m-multi-species__20260514T120331Z,2,2,0.2888520061969757,0.22024382650852203,0.49090418219566345
gue_splice_reconstructed_frozen__InstaDeepAI_nucleotide-transformer-v2-500m-multi-species__20260514T120331Z,2,2,0.14993132650852203,0.2331555336713791,0.6169130802154541
gue_splice_reconstructed_frozen__InstaDeepAI_nucleotide-transformer-v2-500m-multi-species__20260514T120331Z,2,2,0.19831538200378418,0.1905318945646286,0.6111527681350708
gue_splice_reconstructed_frozen__InstaDeepAI_nucleotide-transformer-v2-500m-multi-species__20260514T120331Z,2,2,0.0912109762430191,0.0378926582634449,0.8708963990211487
gue_splice_reconstructed_frozen__InstaDeepAI_nucleotide-transformer-v2-500m-multi-species__20260514T120331Z,0,2,0.27577126026153564,0.2645922303199768,0.45963650941848755
gue_splice_reconstructed_frozen__InstaDeepAI_nucleotide-transformer-v2-500m-multi-species__20260514T120331Z,2,2,0.22939836978912354,0.20917578041553497,0.5614258050918579
gue_splice_reconstructed_frozen__InstaDeepAI_nucleotide-transformer-v2-500m-multi-species__20260514T120331Z,2,2,0.2979958951473236,0.19657893478870392,0.5054251551628113
gue_splice_reconstructed_frozen__InstaDeepAI_nucleotide-transformer-v2-500m-multi-species__20260514T120331Z,1,2,0.2494400143623352,0.23182347416877747,0.5187365412712097
gue_splice_reconstructed_frozen__InstaDeepAI_nucleotide-transformer-v2-500m-multi-species__20260514T120331Z,0,2,0.26718688011169434,0.26314085721969604,0.4696722626686096
gue_splice_reconstructed_frozen__InstaDeepAI_nucleotide-transformer-v2-500m-multi-species__20260514T120331Z,1,2,0.25935614109039307,0.22698894143104553,0.5136549472808838
gue_splice_reconstructed_frozen__InstaDeepAI_nucleotide-transformer-v2-500m-multi-species__20260514T120331Z,2,2,0.17917928099632263,0.21050716936588287,0.6103135347366333
gue_splice_reconstructed_frozen__InstaDeepAI_nucleotide-transformer-v2-500m-multi-species__20260514T120331Z,2,2,0.09919875860214233,0.16062285006046295,0.7401783466339111
gue_splice_reconstructed_frozen__InstaDeepAI_nucleotide-transformer-v2-500m-multi-species__20260514T120331Z,2,2,0.2754472494125366,0.12229613214731216,0.6022566556930542
gue_splice_reconstructed_frozen__InstaDeepAI_nucleotide-transformer-v2-500m-multi-species__20260514T120331Z,1,2,0.12938518822193146,0.10148125141859055,0.7691335082054138
gue_splice_reconstructed_frozen__InstaDeepAI_nucleotide-transformer-v2-500m-multi-species__20260514T120331Z,1,2,0.1529884785413742,0.19943715631961823,0.6475743651390076
gue_splice_reconstructed_frozen__InstaDeepAI_nucleotide-transformer-v2-500m-multi-species__20260514T120331Z,2,2,0.2709525525569916,0.27144914865493774,0.4575982689857483
gue_splice_reconstructed_frozen__InstaDeepAI_nucleotide-transformer-v2-500m-multi-species__20260514T120331Z,1,2,0.2575834095478058,0.16684721410274506,0.5755693316459656
gue_splice_reconstructed_frozen__InstaDeepAI_nucleotide-transformer-v2-500m-multi-species__20260514T120331Z,1,2,0.2021152675151825,0.325075626373291,0.4728090763092041
gue_splice_reconstructed_frozen__InstaDeepAI_nucleotide-transformer-v2-500m-multi-species__20260514T120331Z,2,2,0.1065828874707222,0.40322282910346985,0.49019432067871094
gue_splice_reconstructed_frozen__InstaDeepAI_nucleotide-transformer-v2-500m-multi-species__20260514T120331Z,2,2,0.34750810265541077,0.23530800640583038,0.41718393564224243
gue_splice_reconstructed_frozen__InstaDeepAI_nucleotide-transformer-v2-500m-multi-species__20260514T120331Z,0,1,0.2340836524963379,0.41709551215171814,0.34882086515426636
gue_splice_reconstructed_frozen__InstaDeepAI_nucleotide-transformer-v2-500m-multi-species__20260514T120331Z,0,2,0.17987659573554993,0.3783892095088959,0.44173428416252136
gue_splice_reconstructed_frozen__InstaDeepAI_nucleotide-transformer-v2-500m-multi-species__20260514T120331Z,2,2,0.24594749510288239,0.17599619925022125,0.5780563354492188
gue_splice_reconstructed_frozen__InstaDeepAI_nucleotide-transformer-v2-500m-multi-species__20260514T120331Z,2,2,0.29120975732803345,0.17474043369293213,0.5340498089790344
gue_splice_reconstructed_frozen__InstaDeepAI_nucleotide-transformer-v2-500m-multi-species__20260514T120331Z,0,2,0.3475920855998993,0.20516367256641388,0.447244256734848
gue_splice_reconstructed_frozen__InstaDeepAI_nucleotide-transformer-v2-500m-multi-species__20260514T120331Z,2,2,0.06918209791183472,0.04799128696322441,0.8828266263008118
gue_splice_reconstructed_frozen__InstaDeepAI_nucleotide-transformer-v2-500m-multi-species__20260514T120331Z,2,2,0.2171580046415329,0.13847284018993378,0.6443691849708557
gue_splice_reconstructed_frozen__InstaDeepAI_nucleotide-transformer-v2-500m-multi-species__20260514T120331Z,1,2,0.1802203208208084,0.2898240387439728,0.5299556851387024
gue_splice_reconstructed_frozen__InstaDeepAI_nucleotide-transformer-v2-500m-multi-species__20260514T120331Z,2,2,0.21682505309581757,0.21107961237430573,0.5720953345298767
gue_splice_reconstructed_frozen__InstaDeepAI_nucleotide-transformer-v2-500m-multi-species__20260514T120331Z,1,2,0.2627952992916107,0.3465360105037689,0.390668660402298
gue_splice_reconstructed_frozen__InstaDeepAI_nucleotide-transformer-v2-500m-multi-species__20260514T120331Z,2,2,0.16167955100536346,0.418853223323822,0.4194672405719757
gue_splice_reconstructed_frozen__InstaDeepAI_nucleotide-transformer-v2-500m-multi-species__20260514T120331Z,2,2,0.21467182040214539,0.1780995875597,0.6072285771369934
gue_splice_reconstructed_frozen__InstaDeepAI_nucleotide-transformer-v2-500m-multi-species__20260514T120331Z,1,2,0.4141484797000885,0.15415263175964355,0.4316989481449127
gue_splice_reconstructed_frozen__InstaDeepAI_nucleotide-transformer-v2-500m-multi-species__20260514T120331Z,1,2,0.30020615458488464,0.2744734287261963,0.42532041668891907
gue_splice_reconstructed_frozen__InstaDeepAI_nucleotide-transformer-v2-500m-multi-species__20260514T120331Z,2,2,0.12214075773954391,0.1441279649734497,0.7337312698364258
gue_splice_reconstructed_frozen__InstaDeepAI_nucleotide-transformer-v2-500m-multi-species__20260514T120331Z,0,2,0.11998686194419861,0.11870483309030533,0.7613083124160767
gue_splice_reconstructed_frozen__InstaDeepAI_nucleotide-transformer-v2-500m-multi-species__20260514T120331Z,0,2,0.32771462202072144,0.23636837303638458,0.43591704964637756
gue_splice_reconstructed_frozen__InstaDeepAI_nucleotide-transformer-v2-500m-multi-species__20260514T120331Z,1,2,0.2309337556362152,0.15496590733528137,0.6141003370285034
gue_splice_reconstructed_frozen__InstaDeepAI_nucleotide-transformer-v2-500m-multi-species__20260514T120331Z,2,2,0.1885116547346115,0.22168758511543274,0.5898007750511169
gue_splice_reconstructed_frozen__InstaDeepAI_nucleotide-transformer-v2-500m-multi-species__20260514T120331Z,2,2,0.182678684592247,0.157056525349617,0.660264790058136
gue_splice_reconstructed_frozen__InstaDeepAI_nucleotide-transformer-v2-500m-multi-species__20260514T120331Z,0,2,0.3233843147754669,0.22196032106876373,0.45465537905693054
gue_splice_reconstructed_frozen__InstaDeepAI_nucleotide-transformer-v2-500m-multi-species__20260514T120331Z,1,2,0.18720979988574982,0.25087493658065796,0.5619152784347534
gue_splice_reconstructed_frozen__InstaDeepAI_nucleotide-transformer-v2-500m-multi-species__20260514T120331Z,1,2,0.19126377999782562,0.26107579469680786,0.5476604104042053
gue_splice_reconstructed_frozen__InstaDeepAI_nucleotide-transformer-v2-500m-multi-species__20260514T120331Z,0,2,0.26894375681877136,0.24779284000396729,0.48326340317726135
gue_splice_reconstructed_frozen__InstaDeepAI_nucleotide-transformer-v2-500m-multi-species__20260514T120331Z,1,2,0.3467032015323639,0.26043054461479187,0.39286619424819946
gue_splice_reconstructed_frozen__InstaDeepAI_nucleotide-transformer-v2-500m-multi-species__20260514T120331Z,0,2,0.13332226872444153,0.18330082297325134,0.6833769083023071
gue_splice_reconstructed_frozen__InstaDeepAI_nucleotide-transformer-v2-500m-multi-species__20260514T120331Z,2,2,0.1426195204257965,0.040061064064502716,0.8173194527626038
gue_splice_reconstructed_frozen__InstaDeepAI_nucleotide-transformer-v2-500m-multi-species__20260514T120331Z,0,2,0.20775330066680908,0.3838934302330017,0.4083532392978668
gue_splice_reconstructed_frozen__InstaDeepAI_nucleotide-transformer-v2-500m-multi-species__20260514T120331Z,2,2,0.2575732469558716,0.20264101028442383,0.5397857427597046
gue_splice_reconstructed_frozen__InstaDeepAI_nucleotide-transformer-v2-500m-multi-species__20260514T120331Z,1,2,0.25212880969047546,0.22809939086437225,0.5197717547416687
gue_splice_reconstructed_frozen__InstaDeepAI_nucleotide-transformer-v2-500m-multi-species__20260514T120331Z,0,2,0.18671375513076782,0.26930612325668335,0.5439801216125488
gue_splice_reconstructed_frozen__InstaDeepAI_nucleotide-transformer-v2-500m-multi-species__20260514T120331Z,2,2,0.2889126241207123,0.28546828031539917,0.4256191551685333
gue_splice_reconstructed_frozen__InstaDeepAI_nucleotide-transformer-v2-500m-multi-species__20260514T120331Z,2,2,0.1822061538696289,0.2488335371017456,0.5689602494239807
gue_splice_reconstructed_frozen__InstaDeepAI_nucleotide-transformer-v2-500m-multi-species__20260514T120331Z,1,2,0.3526875376701355,0.1267099678516388,0.5206024646759033
gue_splice_reconstructed_frozen__InstaDeepAI_nucleotide-transformer-v2-500m-multi-species__20260514T120331Z,0,2,0.1393781453371048,0.1409522444009781,0.7196696400642395
gue_splice_reconstructed_frozen__InstaDeepAI_nucleotide-transformer-v2-500m-multi-species__20260514T120331Z,2,2,0.18394067883491516,0.2806815505027771,0.5353778004646301
gue_splice_reconstructed_frozen__InstaDeepAI_nucleotide-transformer-v2-500m-multi-species__20260514T120331Z,2,2,0.33723244071006775,0.14804707467556,0.5147204995155334
gue_splice_reconstructed_frozen__InstaDeepAI_nucleotide-transformer-v2-500m-multi-species__20260514T120331Z,1,2,0.21695806086063385,0.1766442209482193,0.6063977479934692
gue_splice_reconstructed_frozen__InstaDeepAI_nucleotide-transformer-v2-500m-multi-species__20260514T120331Z,2,2,0.2044980376958847,0.25209784507751465,0.5434041023254395
gue_splice_reconstructed_frozen__InstaDeepAI_nucleotide-transformer-v2-500m-multi-species__20260514T120331Z,2,2,0.23193944990634918,0.25398266315460205,0.5140778422355652
gue_splice_reconstructed_frozen__InstaDeepAI_nucleotide-transformer-v2-500m-multi-species__20260514T120331Z,2,2,0.2588566839694977,0.20492252707481384,0.5362208485603333
gue_splice_reconstructed_frozen__InstaDeepAI_nucleotide-transformer-v2-500m-multi-species__20260514T120331Z,0,2,0.2295101135969162,0.20762372016906738,0.5628661513328552
gue_splice_reconstructed_frozen__InstaDeepAI_nucleotide-transformer-v2-500m-multi-species__20260514T120331Z,1,2,0.21727783977985382,0.1699199378490448,0.6128022074699402
gue_splice_reconstructed_frozen__InstaDeepAI_nucleotide-transformer-v2-500m-multi-species__20260514T120331Z,2,2,0.21378196775913239,0.2124292552471161,0.5737888216972351
gue_splice_reconstructed_frozen__InstaDeepAI_nucleotide-transformer-v2-500m-multi-species__20260514T120331Z,2,2,0.19955511391162872,0.12881100177764893,0.6716338992118835
gue_splice_reconstructed_frozen__InstaDeepAI_nucleotide-transformer-v2-500m-multi-species__20260514T120331Z,2,2,0.24900056421756744,0.17955100536346436,0.5714484453201294
gue_splice_reconstructed_frozen__InstaDeepAI_nucleotide-transformer-v2-500m-multi-species__20260514T120331Z,1,2,0.2516559660434723,0.21493765711784363,0.5334063768386841
gue_splice_reconstructed_frozen__InstaDeepAI_nucleotide-transformer-v2-500m-multi-species__20260514T120331Z,2,2,0.21484601497650146,0.11672423779964447,0.6684297919273376
gue_splice_reconstructed_frozen__InstaDeepAI_nucleotide-transformer-v2-500m-multi-species__20260514T120331Z,2,2,0.1400703489780426,0.19234362244606018,0.6675860285758972
gue_splice_reconstructed_frozen__InstaDeepAI_nucleotide-transformer-v2-500m-multi-species__20260514T120331Z,0,2,0.23582157492637634,0.3235519230365753,0.44062647223472595
gue_splice_reconstructed_frozen__InstaDeepAI_nucleotide-transformer-v2-500m-multi-species__20260514T120331Z,1,2,0.265478253364563,0.3309985101222992,0.4035232365131378
gue_splice_reconstructed_frozen__InstaDeepAI_nucleotide-transformer-v2-500m-multi-species__20260514T120331Z,1,2,0.16650907695293427,0.25075432658195496,0.582736611366272
gue_splice_reconstructed_frozen__InstaDeepAI_nucleotide-transformer-v2-500m-multi-species__20260514T120331Z,0,2,0.22031521797180176,0.104021817445755,0.6756629347801208
gue_splice_reconstructed_frozen__InstaDeepAI_nucleotide-transformer-v2-500m-multi-species__20260514T120331Z,1,2,0.22754448652267456,0.15233783423900604,0.6201176643371582
gue_splice_reconstructed_frozen__InstaDeepAI_nucleotide-transformer-v2-500m-multi-species__20260514T120331Z,2,2,0.18706262111663818,0.2720499634742737,0.5408874154090881
gue_splice_reconstructed_frozen__InstaDeepAI_nucleotide-transformer-v2-500m-multi-species__20260514T120331Z,1,2,0.28655683994293213,0.26888322830200195,0.44455990195274353
gue_splice_reconstructed_frozen__InstaDeepAI_nucleotide-transformer-v2-500m-multi-species__20260514T120331Z,1,2,0.33171406388282776,0.13215629756450653,0.5361296534538269
gue_splice_reconstructed_frozen__InstaDeepAI_nucleotide-transformer-v2-500m-multi-species__20260514T120331Z,1,2,0.21723438799381256,0.27309730648994446,0.5096682906150818
gue_splice_reconstructed_frozen__InstaDeepAI_nucleotide-transformer-v2-500m-multi-species__20260514T120331Z,2,2,0.18387137353420258,0.11957438290119171,0.6965542435646057
gue_splice_reconstructed_frozen__InstaDeepAI_nucleotide-transformer-v2-500m-multi-species__20260514T120331Z,2,2,0.15607811510562897,0.1408328115940094,0.7030891180038452
gue_splice_reconstructed_frozen__InstaDeepAI_nucleotide-transformer-v2-500m-multi-species__20260514T120331Z,0,2,0.2607573866844177,0.2066793441772461,0.532563328742981
gue_splice_reconstructed_frozen__InstaDeepAI_nucleotide-transformer-v2-500m-multi-species__20260514T120331Z,2,1,0.1546340137720108,0.4614265263080597,0.3839394748210907
gue_splice_reconstructed_frozen__InstaDeepAI_nucleotide-transformer-v2-500m-multi-species__20260514T120331Z,2,2,0.1693277359008789,0.14072076976299286,0.689951479434967
gue_splice_reconstructed_frozen__InstaDeepAI_nucleotide-transformer-v2-500m-multi-species__20260514T120331Z,1,2,0.18518473207950592,0.2938007414340973,0.5210145115852356
gue_splice_reconstructed_frozen__InstaDeepAI_nucleotide-transformer-v2-500m-multi-species__20260514T120331Z,1,2,0.21036770939826965,0.33137932419776917,0.45825299620628357
gue_splice_reconstructed_frozen__InstaDeepAI_nucleotide-transformer-v2-500m-multi-species__20260514T120331Z,2,2,0.1616162359714508,0.1892717033624649,0.6491121053695679
gue_splice_reconstructed_frozen__InstaDeepAI_nucleotide-transformer-v2-500m-multi-species__20260514T120331Z,2,2,0.2995268404483795,0.20928217470645905,0.49119094014167786
gue_splice_reconstructed_frozen__InstaDeepAI_nucleotide-transformer-v2-500m-multi-species__20260514T120331Z,0,1,0.2201717495918274,0.4239778518676758,0.3558503985404968
gue_splice_reconstructed_frozen__InstaDeepAI_nucleotide-transformer-v2-500m-multi-species__20260514T120331Z,2,2,0.18842309713363647,0.20585890114307404,0.6057180166244507
gue_splice_reconstructed_frozen__InstaDeepAI_nucleotide-transformer-v2-500m-multi-species__20260514T120331Z,2,2,0.28164517879486084,0.14362218976020813,0.5747326016426086
gue_splice_reconstructed_frozen__InstaDeepAI_nucleotide-transformer-v2-500m-multi-species__20260514T120331Z,1,2,0.15140661597251892,0.2587645947933197,0.5898288488388062
gue_splice_reconstructed_frozen__InstaDeepAI_nucleotide-transformer-v2-500m-multi-species__20260514T120331Z,2,2,0.21536020934581757,0.23751062154769897,0.547129213809967
gue_splice_reconstructed_frozen__InstaDeepAI_nucleotide-transformer-v2-500m-multi-species__20260514T120331Z,1,1,0.17910411953926086,0.4915132224559784,0.3293827176094055
gue_splice_reconstructed_frozen__InstaDeepAI_nucleotide-transformer-v2-500m-multi-species__20260514T120331Z,2,2,0.18903592228889465,0.2025337964296341,0.6084303259849548
gue_splice_reconstructed_frozen__InstaDeepAI_nucleotide-transformer-v2-500m-multi-species__20260514T120331Z,2,2,0.28756171464920044,0.22546879947185516,0.4869694709777832
gue_splice_reconstructed_frozen__InstaDeepAI_nucleotide-transformer-v2-500m-multi-species__20260514T120331Z,2,2,0.17164433002471924,0.2564135491847992,0.5719420909881592
gue_splice_reconstructed_frozen__InstaDeepAI_nucleotide-transformer-v2-500m-multi-species__20260514T120331Z,2,2,0.21867357194423676,0.24836497008800507,0.5329614877700806
gue_splice_reconstructed_frozen__InstaDeepAI_nucleotide-transformer-v2-500m-multi-species__20260514T120331Z,2,1,0.10846063494682312,0.5131593942642212,0.3783799707889557
gue_splice_reconstructed_frozen__InstaDeepAI_nucleotide-transformer-v2-500m-multi-species__20260514T120331Z,2,2,0.2905600368976593,0.2179783284664154,0.4914616644382477
gue_splice_reconstructed_frozen__InstaDeepAI_nucleotide-transformer-v2-500m-multi-species__20260514T120331Z,1,2,0.23978252708911896,0.33556729555130005,0.4246501624584198
gue_splice_reconstructed_frozen__InstaDeepAI_nucleotide-transformer-v2-500m-multi-species__20260514T120331Z,1,2,0.22831162810325623,0.32177451252937317,0.4499138593673706
gue_splice_reconstructed_frozen__InstaDeepAI_nucleotide-transformer-v2-500m-multi-species__20260514T120331Z,1,2,0.30510181188583374,0.2879624366760254,0.4069357216358185
gue_splice_reconstructed_frozen__InstaDeepAI_nucleotide-transformer-v2-500m-multi-species__20260514T120331Z,0,2,0.23092229664325714,0.31728479266166687,0.4517928659915924
gue_splice_reconstructed_frozen__InstaDeepAI_nucleotide-transformer-v2-500m-multi-species__20260514T120331Z,1,2,0.17663250863552094,0.2548587918281555,0.5685087442398071
gue_splice_reconstructed_frozen__InstaDeepAI_nucleotide-transformer-v2-500m-multi-species__20260514T120331Z,0,2,0.2426130175590515,0.19494503736495972,0.5624419450759888
gue_splice_reconstructed_frozen__InstaDeepAI_nucleotide-transformer-v2-500m-multi-species__20260514T120331Z,2,2,0.1951831579208374,0.169040709733963,0.635776162147522
gue_splice_reconstructed_frozen__InstaDeepAI_nucleotide-transformer-v2-500m-multi-species__20260514T120331Z,1,2,0.1442384272813797,0.3314977288246155,0.5242637991905212
gue_splice_reconstructed_frozen__InstaDeepAI_nucleotide-transformer-v2-500m-multi-species__20260514T120331Z,1,2,0.166188046336174,0.25911518931388855,0.5746967792510986
gue_splice_reconstructed_frozen__InstaDeepAI_nucleotide-transformer-v2-500m-multi-species__20260514T120331Z,1,2,0.21621905267238617,0.2432500422000885,0.5405308604240417
gue_splice_reconstructed_frozen__InstaDeepAI_nucleotide-transformer-v2-500m-multi-species__20260514T120331Z,1,2,0.20302775502204895,0.29189079999923706,0.5050814151763916
gue_splice_reconstructed_frozen__InstaDeepAI_nucleotide-transformer-v2-500m-multi-species__20260514T120331Z,2,2,0.32299119234085083,0.269605815410614,0.40740296244621277
gue_splice_reconstructed_frozen__InstaDeepAI_nucleotide-transformer-v2-500m-multi-species__20260514T120331Z,2,2,0.2026481181383133,0.1523146778345108,0.6450371742248535
gue_splice_reconstructed_frozen__InstaDeepAI_nucleotide-transformer-v2-500m-multi-species__20260514T120331Z,0,2,0.25921109318733215,0.2766032814979553,0.46418559551239014
gue_splice_reconstructed_frozen__InstaDeepAI_nucleotide-transformer-v2-500m-multi-species__20260514T120331Z,0,2,0.2661070227622986,0.10654360800981522,0.627349317073822
gue_splice_reconstructed_frozen__InstaDeepAI_nucleotide-transformer-v2-500m-multi-species__20260514T120331Z,2,2,0.14148445427417755,0.09738330543041229,0.7611322402954102
gue_splice_reconstructed_frozen__InstaDeepAI_nucleotide-transformer-v2-500m-multi-species__20260514T120331Z,1,2,0.120934396982193,0.34417375922203064,0.5348918437957764
gue_splice_reconstructed_frozen__InstaDeepAI_nucleotide-transformer-v2-500m-multi-species__20260514T120331Z,1,2,0.21513226628303528,0.33275625109672546,0.45211151242256165
gue_splice_reconstructed_frozen__InstaDeepAI_nucleotide-transformer-v2-500m-multi-species__20260514T120331Z,1,2,0.172010138630867,0.1609978973865509,0.6669919490814209
gue_splice_reconstructed_frozen__InstaDeepAI_nucleotide-transformer-v2-500m-multi-species__20260514T120331Z,1,2,0.24474036693572998,0.2739708125591278,0.4812888205051422
gue_splice_reconstructed_frozen__InstaDeepAI_nucleotide-transformer-v2-500m-multi-species__20260514T120331Z,0,2,0.23376941680908203,0.2765088975429535,0.4897216558456421
gue_splice_reconstructed_frozen__InstaDeepAI_nucleotide-transformer-v2-500m-multi-species__20260514T120331Z,0,2,0.22587010264396667,0.191974475979805,0.5821554064750671
gue_splice_reconstructed_frozen__InstaDeepAI_nucleotide-transformer-v2-500m-multi-species__20260514T120331Z,2,2,0.2567867636680603,0.20263969898223877,0.5405735373497009
gue_splice_reconstructed_frozen__InstaDeepAI_nucleotide-transformer-v2-500m-multi-species__20260514T120331Z,0,2,0.2556336224079132,0.1553811877965927,0.5889851450920105
gue_splice_reconstructed_frozen__InstaDeepAI_nucleotide-transformer-v2-500m-multi-species__20260514T120331Z,2,2,0.15488141775131226,0.09458469599485397,0.750533938407898
gue_splice_reconstructed_frozen__InstaDeepAI_nucleotide-transformer-v2-500m-multi-species__20260514T120331Z,1,2,0.22132952511310577,0.11614584177732468,0.6625245809555054
gue_splice_reconstructed_frozen__InstaDeepAI_nucleotide-transformer-v2-500m-multi-species__20260514T120331Z,2,2,0.17827197909355164,0.19980141520500183,0.6219266057014465
gue_splice_reconstructed_frozen__InstaDeepAI_nucleotide-transformer-v2-500m-multi-species__20260514T120331Z,2,2,0.1930660903453827,0.21572282910346985,0.5912110805511475
gue_splice_reconstructed_frozen__InstaDeepAI_nucleotide-transformer-v2-500m-multi-species__20260514T120331Z,1,2,0.22333361208438873,0.23750533163547516,0.5391610860824585
gue_splice_reconstructed_frozen__InstaDeepAI_nucleotide-transformer-v2-500m-multi-species__20260514T120331Z,1,2,0.23833538591861725,0.36408406496047974,0.3975805342197418
gue_splice_reconstructed_frozen__InstaDeepAI_nucleotide-transformer-v2-500m-multi-species__20260514T120331Z,0,2,0.212078258395195,0.21801047027111053,0.5699113011360168
gue_splice_reconstructed_frozen__InstaDeepAI_nucleotide-transformer-v2-500m-multi-species__20260514T120331Z,0,2,0.15365281701087952,0.2547416090965271,0.591605544090271
gue_splice_reconstructed_frozen__InstaDeepAI_nucleotide-transformer-v2-500m-multi-species__20260514T120331Z,2,2,0.16969799995422363,0.164356529712677,0.6659455299377441
gue_splice_reconstructed_frozen__InstaDeepAI_nucleotide-transformer-v2-500m-multi-species__20260514T120331Z,0,2,0.10999095439910889,0.07370034605264664,0.8163087368011475
gue_splice_reconstructed_frozen__InstaDeepAI_nucleotide-transformer-v2-500m-multi-species__20260514T120331Z,2,2,0.2985196113586426,0.1858421415090561,0.5156382918357849
gue_splice_reconstructed_frozen__InstaDeepAI_nucleotide-transformer-v2-500m-multi-species__20260514T120331Z,0,0,0.3793104588985443,0.2676939368247986,0.3529955744743347
gue_splice_reconstructed_frozen__InstaDeepAI_nucleotide-transformer-v2-500m-multi-species__20260514T120331Z,2,2,0.13214227557182312,0.10296276211738586,0.7648950219154358
gue_splice_reconstructed_frozen__InstaDeepAI_nucleotide-transformer-v2-500m-multi-species__20260514T120331Z,1,1,0.26326265931129456,0.37641650438308716,0.36032089591026306
gue_splice_reconstructed_frozen__InstaDeepAI_nucleotide-transformer-v2-500m-multi-species__20260514T120331Z,0,2,0.18093593418598175,0.35657650232315063,0.46248751878738403
gue_splice_reconstructed_frozen__InstaDeepAI_nucleotide-transformer-v2-500m-multi-species__20260514T120331Z,0,2,0.16107724606990814,0.3719189763069153,0.4670037031173706
gue_splice_reconstructed_frozen__InstaDeepAI_nucleotide-transformer-v2-500m-multi-species__20260514T120331Z,2,2,0.1303326040506363,0.17228366434574127,0.6973837018013
gue_splice_reconstructed_frozen__InstaDeepAI_nucleotide-transformer-v2-500m-multi-species__20260514T120331Z,2,2,0.3071903884410858,0.2885962426662445,0.4042133390903473
gue_splice_reconstructed_frozen__InstaDeepAI_nucleotide-transformer-v2-500m-multi-species__20260514T120331Z,2,2,0.2146003097295761,0.3768652677536011,0.4085344076156616
gue_splice_reconstructed_frozen__InstaDeepAI_nucleotide-transformer-v2-500m-multi-species__20260514T120331Z,2,2,0.25325340032577515,0.2869868576526642,0.45975974202156067
gue_splice_reconstructed_frozen__InstaDeepAI_nucleotide-transformer-v2-500m-multi-species__20260514T120331Z,0,2,0.3546682298183441,0.23350748419761658,0.4118243455886841
gue_splice_reconstructed_frozen__InstaDeepAI_nucleotide-transformer-v2-500m-multi-species__20260514T120331Z,2,2,0.20278683304786682,0.21143196523189545,0.5857811570167542
gue_splice_reconstructed_frozen__InstaDeepAI_nucleotide-transformer-v2-500m-multi-species__20260514T120331Z,0,2,0.1464894711971283,0.2715817391872406,0.5819287896156311
gue_splice_reconstructed_frozen__InstaDeepAI_nucleotide-transformer-v2-500m-multi-species__20260514T120331Z,2,2,0.1016685962677002,0.05472571775317192,0.8436057567596436
gue_splice_reconstructed_frozen__InstaDeepAI_nucleotide-transformer-v2-500m-multi-species__20260514T120331Z,2,2,0.1861690729856491,0.09352031350135803,0.720310628414154
gue_splice_reconstructed_frozen__InstaDeepAI_nucleotide-transformer-v2-500m-multi-species__20260514T120331Z,2,2,0.203454852104187,0.09663759917020798,0.6999076008796692
gue_splice_reconstructed_frozen__InstaDeepAI_nucleotide-transformer-v2-500m-multi-species__20260514T120331Z,2,2,0.21316254138946533,0.19061172008514404,0.5962257981300354
gue_splice_reconstructed_frozen__InstaDeepAI_nucleotide-transformer-v2-500m-multi-species__20260514T120331Z,2,2,0.22780129313468933,0.2059018462896347,0.5662968158721924
gue_splice_reconstructed_frozen__InstaDeepAI_nucleotide-transformer-v2-500m-multi-species__20260514T120331Z,0,2,0.22353942692279816,0.33740025758743286,0.4390602707862854
gue_splice_reconstructed_frozen__InstaDeepAI_nucleotide-transformer-v2-500m-multi-species__20260514T120331Z,2,2,0.25985464453697205,0.15183115005493164,0.5883141756057739
gue_splice_reconstructed_frozen__InstaDeepAI_nucleotide-transformer-v2-500m-multi-species__20260514T120331Z,2,2,0.15334224700927734,0.2206200212240219,0.6260377168655396
gue_splice_reconstructed_frozen__InstaDeepAI_nucleotide-transformer-v2-500m-multi-species__20260514T120331Z,0,2,0.3315068781375885,0.18346698582172394,0.48502612113952637
gue_splice_reconstructed_frozen__InstaDeepAI_nucleotide-transformer-v2-500m-multi-species__20260514T120331Z,0,2,0.21214893460273743,0.2862103581428528,0.5016407370567322
gue_splice_reconstructed_frozen__InstaDeepAI_nucleotide-transformer-v2-500m-multi-species__20260514T120331Z,2,2,0.10983964800834656,0.2890799939632416,0.6010803580284119
gue_splice_reconstructed_frozen__InstaDeepAI_nucleotide-transformer-v2-500m-multi-species__20260514T120331Z,2,2,0.16447804868221283,0.22052037715911865,0.6150015592575073
gue_splice_reconstructed_frozen__InstaDeepAI_nucleotide-transformer-v2-500m-multi-species__20260514T120331Z,2,2,0.14825202524662018,0.29903894662857056,0.5527089834213257
gue_splice_reconstructed_frozen__InstaDeepAI_nucleotide-transformer-v2-500m-multi-species__20260514T120331Z,2,2,0.19059045612812042,0.3263893127441406,0.48302024602890015
gue_splice_reconstructed_frozen__InstaDeepAI_nucleotide-transformer-v2-500m-multi-species__20260514T120331Z,0,2,0.3066074550151825,0.21816164255142212,0.475230872631073
gue_splice_reconstructed_frozen__InstaDeepAI_nucleotide-transformer-v2-500m-multi-species__20260514T120331Z,1,2,0.14699918031692505,0.13595202565193176,0.7170487642288208
gue_splice_reconstructed_frozen__InstaDeepAI_nucleotide-transformer-v2-500m-multi-species__20260514T120331Z,2,2,0.15305595099925995,0.11604152619838715,0.7309025526046753
gue_splice_reconstructed_frozen__InstaDeepAI_nucleotide-transformer-v2-500m-multi-species__20260514T120331Z,1,2,0.23287974298000336,0.34635505080223083,0.4207651913166046
gue_splice_reconstructed_frozen__InstaDeepAI_nucleotide-transformer-v2-500m-multi-species__20260514T120331Z,2,2,0.2404114305973053,0.18089701235294342,0.5786916017532349
gue_splice_reconstructed_frozen__InstaDeepAI_nucleotide-transformer-v2-500m-multi-species__20260514T120331Z,0,2,0.2813948094844818,0.28346341848373413,0.43514177203178406
gue_splice_reconstructed_frozen__InstaDeepAI_nucleotide-transformer-v2-500m-multi-species__20260514T120331Z,1,1,0.22939328849315643,0.45933231711387634,0.3112744092941284
gue_splice_reconstructed_frozen__InstaDeepAI_nucleotide-transformer-v2-500m-multi-species__20260514T120331Z,1,2,0.2039467841386795,0.28669968247413635,0.509353518486023
gue_splice_reconstructed_frozen__InstaDeepAI_nucleotide-transformer-v2-500m-multi-species__20260514T120331Z,0,2,0.32770371437072754,0.19148652255535126,0.48080974817276
gue_splice_reconstructed_frozen__InstaDeepAI_nucleotide-transformer-v2-500m-multi-species__20260514T120331Z,1,2,0.33910849690437317,0.22917237877845764,0.4317191243171692
gue_splice_reconstructed_frozen__InstaDeepAI_nucleotide-transformer-v2-500m-multi-species__20260514T120331Z,2,2,0.24018752574920654,0.22005899250507355,0.5397534370422363
gue_splice_reconstructed_frozen__InstaDeepAI_nucleotide-transformer-v2-500m-multi-species__20260514T120331Z,2,2,0.21131707727909088,0.18256740272045135,0.6061155200004578
gue_splice_reconstructed_frozen__InstaDeepAI_nucleotide-transformer-v2-500m-multi-species__20260514T120331Z,1,2,0.2628866732120514,0.24387352168560028,0.49323979020118713
gue_splice_reconstructed_frozen__InstaDeepAI_nucleotide-transformer-v2-500m-multi-species__20260514T120331Z,2,2,0.24095281958580017,0.2563677430152893,0.5026794672012329
gue_splice_reconstructed_frozen__InstaDeepAI_nucleotide-transformer-v2-500m-multi-species__20260514T120331Z,2,2,0.1834937483072281,0.2398766726255417,0.5766295790672302
gue_splice_reconstructed_frozen__InstaDeepAI_nucleotide-transformer-v2-500m-multi-species__20260514T120331Z,2,2,0.0791441798210144,0.15177427232265472,0.7690815925598145
gue_splice_reconstructed_frozen__InstaDeepAI_nucleotide-transformer-v2-500m-multi-species__20260514T120331Z,0,2,0.24899357557296753,0.1953776478767395,0.555628776550293
gue_splice_reconstructed_frozen__InstaDeepAI_nucleotide-transformer-v2-500m-multi-species__20260514T120331Z,2,2,0.27664920687675476,0.2273779958486557,0.49597278237342834
gue_splice_reconstructed_frozen__InstaDeepAI_nucleotide-transformer-v2-500m-multi-species__20260514T120331Z,2,2,0.19299152493476868,0.06473277509212494,0.7422757148742676
gue_splice_reconstructed_frozen__InstaDeepAI_nucleotide-transformer-v2-500m-multi-species__20260514T120331Z,0,2,0.20493286848068237,0.17026902735233307,0.6247981190681458
gue_splice_reconstructed_frozen__InstaDeepAI_nucleotide-transformer-v2-500m-multi-species__20260514T120331Z,2,2,0.16700810194015503,0.19900603592395782,0.6339858770370483
gue_splice_reconstructed_frozen__InstaDeepAI_nucleotide-transformer-v2-500m-multi-species__20260514T120331Z,1,2,0.17648498713970184,0.2689104378223419,0.5546045303344727
gue_splice_reconstructed_frozen__InstaDeepAI_nucleotide-transformer-v2-500m-multi-species__20260514T120331Z,1,2,0.15467020869255066,0.25903967022895813,0.5862901210784912
gue_splice_reconstructed_frozen__InstaDeepAI_nucleotide-transformer-v2-500m-multi-species__20260514T120331Z,1,2,0.1672348976135254,0.33544039726257324,0.497324675321579
gue_splice_reconstructed_frozen__InstaDeepAI_nucleotide-transformer-v2-500m-multi-species__20260514T120331Z,2,2,0.26632291078567505,0.22908253967761993,0.5045945644378662
gue_splice_reconstructed_frozen__InstaDeepAI_nucleotide-transformer-v2-500m-multi-species__20260514T120331Z,2,2,0.19499555230140686,0.1332760453224182,0.6717284321784973
gue_splice_reconstructed_frozen__InstaDeepAI_nucleotide-transformer-v2-500m-multi-species__20260514T120331Z,1,2,0.3204564154148102,0.18161801993846893,0.4979255795478821
gue_splice_reconstructed_frozen__InstaDeepAI_nucleotide-transformer-v2-500m-multi-species__20260514T120331Z,2,1,0.2230883687734604,0.4208740293979645,0.35603755712509155
gue_splice_reconstructed_frozen__InstaDeepAI_nucleotide-transformer-v2-500m-multi-species__20260514T120331Z,2,2,0.25504982471466064,0.22213277220726013,0.5228174328804016
gue_splice_reconstructed_frozen__InstaDeepAI_nucleotide-transformer-v2-500m-multi-species__20260514T120331Z,0,2,0.2192806750535965,0.20944350957870483,0.5712757706642151
gue_splice_reconstructed_frozen__InstaDeepAI_nucleotide-transformer-v2-500m-multi-species__20260514T120331Z,2,2,0.28366896510124207,0.23872382938861847,0.47760725021362305
gue_splice_reconstructed_frozen__InstaDeepAI_nucleotide-transformer-v2-500m-multi-species__20260514T120331Z,2,2,0.19810234010219574,0.18072687089443207,0.6211707592010498
gue_splice_reconstructed_frozen__InstaDeepAI_nucleotide-transformer-v2-500m-multi-species__20260514T120331Z,2,2,0.16162167489528656,0.13820861279964447,0.7001697421073914
gue_splice_reconstructed_frozen__InstaDeepAI_nucleotide-transformer-v2-500m-multi-species__20260514T120331Z,2,2,0.27284082770347595,0.2295902967453003,0.49756887555122375
gue_splice_reconstructed_frozen__InstaDeepAI_nucleotide-transformer-v2-500m-multi-species__20260514T120331Z,1,2,0.17734144628047943,0.2496340125799179,0.5730245113372803
gue_splice_reconstructed_frozen__InstaDeepAI_nucleotide-transformer-v2-500m-multi-species__20260514T120331Z,2,2,0.20931950211524963,0.19058758020401,0.600092887878418
gue_splice_reconstructed_frozen__InstaDeepAI_nucleotide-transformer-v2-500m-multi-species__20260514T120331Z,2,2,0.15712431073188782,0.14570698142051697,0.6971687078475952
gue_splice_reconstructed_frozen__InstaDeepAI_nucleotide-transformer-v2-500m-multi-species__20260514T120331Z,1,2,0.1924445778131485,0.18238086998462677,0.6251745223999023
gue_splice_reconstructed_frozen__InstaDeepAI_nucleotide-transformer-v2-500m-multi-species__20260514T120331Z,0,2,0.18324999511241913,0.38492128252983093,0.43182870745658875
gue_splice_reconstructed_frozen__InstaDeepAI_nucleotide-transformer-v2-500m-multi-species__20260514T120331Z,2,2,0.195331409573555,0.1758221685886383,0.6288464665412903
gue_splice_reconstructed_frozen__InstaDeepAI_nucleotide-transformer-v2-500m-multi-species__20260514T120331Z,0,2,0.2605576515197754,0.22823548316955566,0.511206865310669
gue_splice_reconstructed_frozen__InstaDeepAI_nucleotide-transformer-v2-500m-multi-species__20260514T120331Z,0,2,0.22102488577365875,0.23672018945217133,0.5422549247741699
gue_splice_reconstructed_frozen__InstaDeepAI_nucleotide-transformer-v2-500m-multi-species__20260514T120331Z,1,1,0.2533525824546814,0.3829827606678009,0.3636646568775177
gue_splice_reconstructed_frozen__InstaDeepAI_nucleotide-transformer-v2-500m-multi-species__20260514T120331Z,2,2,0.2888295352458954,0.17154937982559204,0.5396210551261902
gue_splice_reconstructed_frozen__InstaDeepAI_nucleotide-transformer-v2-500m-multi-species__20260514T120331Z,2,2,0.1699865311384201,0.059206523001194,0.7708069682121277
gue_splice_reconstructed_frozen__InstaDeepAI_nucleotide-transformer-v2-500m-multi-species__20260514T120331Z,2,2,0.23669712245464325,0.20919066667556763,0.5541121959686279
gue_splice_reconstructed_frozen__InstaDeepAI_nucleotide-transformer-v2-500m-multi-species__20260514T120331Z,2,2,0.19215939939022064,0.2870252728462219,0.5208153128623962
gue_splice_reconstructed_frozen__InstaDeepAI_nucleotide-transformer-v2-500m-multi-species__20260514T120331Z,2,2,0.18099690973758698,0.16145430505275726,0.6575488448143005
gue_splice_reconstructed_frozen__InstaDeepAI_nucleotide-transformer-v2-500m-multi-species__20260514T120331Z,1,2,0.22602243721485138,0.22067886590957642,0.5532987117767334
gue_splice_reconstructed_frozen__InstaDeepAI_nucleotide-transformer-v2-500m-multi-species__20260514T120331Z,2,2,0.20287470519542694,0.3340989947319031,0.4630263149738312
gue_splice_reconstructed_frozen__InstaDeepAI_nucleotide-transformer-v2-500m-multi-species__20260514T120331Z,2,2,0.20501047372817993,0.13320758938789368,0.661781907081604
gue_splice_reconstructed_frozen__InstaDeepAI_nucleotide-transformer-v2-500m-multi-species__20260514T120331Z,2,2,0.33824244141578674,0.1705779880285263,0.49117955565452576
gue_splice_reconstructed_frozen__InstaDeepAI_nucleotide-transformer-v2-500m-multi-species__20260514T120331Z,2,2,0.2635580599308014,0.21082048118114471,0.5256214141845703
gue_splice_reconstructed_frozen__InstaDeepAI_nucleotide-transformer-v2-500m-multi-species__20260514T120331Z,0,2,0.2633030116558075,0.20920716226100922,0.5274898409843445
gue_splice_reconstructed_frozen__InstaDeepAI_nucleotide-transformer-v2-500m-multi-species__20260514T120331Z,2,2,0.2171795815229416,0.22429251670837402,0.558527946472168
gue_splice_reconstructed_frozen__InstaDeepAI_nucleotide-transformer-v2-500m-multi-species__20260514T120331Z,2,2,0.22172866761684418,0.17958328127861023,0.5986880660057068
gue_splice_reconstructed_frozen__InstaDeepAI_nucleotide-transformer-v2-500m-multi-species__20260514T120331Z,0,2,0.31279781460762024,0.23079051077365875,0.4564116597175598
gue_splice_reconstructed_frozen__InstaDeepAI_nucleotide-transformer-v2-500m-multi-species__20260514T120331Z,2,2,0.3266744613647461,0.3279830515384674,0.3453424870967865
gue_splice_reconstructed_frozen__InstaDeepAI_nucleotide-transformer-v2-500m-multi-species__20260514T120331Z,0,2,0.30523446202278137,0.18294228613376617,0.5118232369422913
gue_splice_reconstructed_frozen__InstaDeepAI_nucleotide-transformer-v2-500m-multi-species__20260514T120331Z,0,2,0.25282639265060425,0.1048995703458786,0.6422740817070007
gue_splice_reconstructed_frozen__InstaDeepAI_nucleotide-transformer-v2-500m-multi-species__20260514T120331Z,2,2,0.20907807350158691,0.217991441488266,0.5729304552078247
gue_splice_reconstructed_frozen__InstaDeepAI_nucleotide-transformer-v2-500m-multi-species__20260514T120331Z,2,2,0.22739146649837494,0.23275546729564667,0.5398530960083008
gue_splice_reconstructed_frozen__InstaDeepAI_nucleotide-transformer-v2-500m-multi-species__20260514T120331Z,0,2,0.1999661773443222,0.3319093883037567,0.4681244194507599
gue_splice_reconstructed_frozen__InstaDeepAI_nucleotide-transformer-v2-500m-multi-species__20260514T120331Z,2,2,0.2127644121646881,0.1495523303747177,0.6376832723617554
gue_splice_reconstructed_frozen__InstaDeepAI_nucleotide-transformer-v2-500m-multi-species__20260514T120331Z,2,2,0.19625736773014069,0.1675812005996704,0.6361614465713501
gue_splice_reconstructed_frozen__InstaDeepAI_nucleotide-transformer-v2-500m-multi-species__20260514T120331Z,2,2,0.21291925013065338,0.1942916214466095,0.5927891731262207
gue_splice_reconstructed_frozen__InstaDeepAI_nucleotide-transformer-v2-500m-multi-species__20260514T120331Z,0,2,0.2258375883102417,0.1851576715707779,0.5890047550201416
gue_splice_reconstructed_frozen__InstaDeepAI_nucleotide-transformer-v2-500m-multi-species__20260514T120331Z,1,2,0.1784878522157669,0.3769373893737793,0.4445747435092926
gue_splice_reconstructed_frozen__InstaDeepAI_nucleotide-transformer-v2-500m-multi-species__20260514T120331Z,0,2,0.14937680959701538,0.2540287375450134,0.5965944528579712
gue_splice_reconstructed_frozen__InstaDeepAI_nucleotide-transformer-v2-500m-multi-species__20260514T120331Z,2,2,0.1153971403837204,0.023559104651212692,0.8610436916351318
gue_splice_reconstructed_frozen__InstaDeepAI_nucleotide-transformer-v2-500m-multi-species__20260514T120331Z,1,1,0.26862916350364685,0.45980727672576904,0.27156350016593933
gue_splice_reconstructed_frozen__InstaDeepAI_nucleotide-transformer-v2-500m-multi-species__20260514T120331Z,2,2,0.15184378623962402,0.3718014657497406,0.4763547480106354
gue_splice_reconstructed_frozen__InstaDeepAI_nucleotide-transformer-v2-500m-multi-species__20260514T120331Z,2,2,0.22900763154029846,0.1465824842453003,0.6244099140167236
gue_splice_reconstructed_frozen__InstaDeepAI_nucleotide-transformer-v2-500m-multi-species__20260514T120331Z,2,2,0.24440281093120575,0.22766947746276855,0.5279277563095093
gue_splice_reconstructed_frozen__InstaDeepAI_nucleotide-transformer-v2-500m-multi-species__20260514T120331Z,2,2,0.3052726686000824,0.2592555582523346,0.435471773147583
gue_splice_reconstructed_frozen__InstaDeepAI_nucleotide-transformer-v2-500m-multi-species__20260514T120331Z,2,2,0.1933913677930832,0.18900373578071594,0.6176048517227173
gue_splice_reconstructed_frozen__InstaDeepAI_nucleotide-transformer-v2-500m-multi-species__20260514T120331Z,2,2,0.20132720470428467,0.22807791829109192,0.570594847202301
gue_splice_reconstructed_frozen__InstaDeepAI_nucleotide-transformer-v2-500m-multi-species__20260514T120331Z,2,2,0.19697004556655884,0.16174647212028503,0.6412834525108337
gue_splice_reconstructed_frozen__InstaDeepAI_nucleotide-transformer-v2-500m-multi-species__20260514T120331Z,0,2,0.30668771266937256,0.1628209799528122,0.5304913520812988
gue_splice_reconstructed_frozen__InstaDeepAI_nucleotide-transformer-v2-500m-multi-species__20260514T120331Z,2,2,0.15463273227214813,0.12298335134983063,0.7223839163780212
gue_splice_reconstructed_frozen__InstaDeepAI_nucleotide-transformer-v2-500m-multi-species__20260514T120331Z,2,2,0.17180125415325165,0.12043542414903641,0.7077633738517761
gue_splice_reconstructed_frozen__InstaDeepAI_nucleotide-transformer-v2-500m-multi-species__20260514T120331Z,1,2,0.29770469665527344,0.2464897483587265,0.45580559968948364
gue_splice_reconstructed_frozen__InstaDeepAI_nucleotide-transformer-v2-500m-multi-species__20260514T120331Z,2,2,0.1394766867160797,0.40874552726745605,0.45177778601646423
gue_splice_reconstructed_frozen__InstaDeepAI_nucleotide-transformer-v2-500m-multi-species__20260514T120331Z,2,2,0.20932646095752716,0.3804318606853485,0.4102417230606079
gue_splice_reconstructed_frozen__InstaDeepAI_nucleotide-transformer-v2-500m-multi-species__20260514T120331Z,0,2,0.17934279143810272,0.1968252807855606,0.6238319277763367
gue_splice_reconstructed_frozen__InstaDeepAI_nucleotide-transformer-v2-500m-multi-species__20260514T120331Z,2,2,0.22347818315029144,0.29420509934425354,0.48231667280197144
gue_splice_reconstructed_frozen__InstaDeepAI_nucleotide-transformer-v2-500m-multi-species__20260514T120331Z,2,2,0.197205051779747,0.2829750180244446,0.5198199152946472
gue_splice_reconstructed_frozen__InstaDeepAI_nucleotide-transformer-v2-500m-multi-species__20260514T120331Z,2,2,0.1502082496881485,0.20586243271827698,0.6439293622970581
gue_splice_reconstructed_frozen__InstaDeepAI_nucleotide-transformer-v2-500m-multi-species__20260514T120331Z,2,2,0.2671903669834137,0.16988839209079742,0.5629212260246277
gue_splice_reconstructed_frozen__InstaDeepAI_nucleotide-transformer-v2-500m-multi-species__20260514T120331Z,2,2,0.11603289097547531,0.3091962933540344,0.5747708082199097
gue_splice_reconstructed_frozen__InstaDeepAI_nucleotide-transformer-v2-500m-multi-species__20260514T120331Z,0,2,0.20470276474952698,0.2376333624124527,0.5576638579368591
gue_splice_reconstructed_frozen__InstaDeepAI_nucleotide-transformer-v2-500m-multi-species__20260514T120331Z,2,2,0.29869475960731506,0.21522386372089386,0.4860813319683075
gue_splice_reconstructed_frozen__InstaDeepAI_nucleotide-transformer-v2-500m-multi-species__20260514T120331Z,2,2,0.1884792447090149,0.05953611433506012,0.7519845962524414
gue_splice_reconstructed_frozen__InstaDeepAI_nucleotide-transformer-v2-500m-multi-species__20260514T120331Z,2,2,0.1218491643667221,0.17145772278308868,0.7066930532455444
gue_splice_reconstructed_frozen__InstaDeepAI_nucleotide-transformer-v2-500m-multi-species__20260514T120331Z,2,2,0.13939401507377625,0.17715954780578613,0.68344646692276
gue_splice_reconstructed_frozen__InstaDeepAI_nucleotide-transformer-v2-500m-multi-species__20260514T120331Z,0,2,0.2823086977005005,0.32893112301826477,0.38876017928123474
gue_splice_reconstructed_frozen__InstaDeepAI_nucleotide-transformer-v2-500m-multi-species__20260514T120331Z,2,2,0.21855856478214264,0.26753848791122437,0.5139029622077942
gue_splice_reconstructed_frozen__InstaDeepAI_nucleotide-transformer-v2-500m-multi-species__20260514T120331Z,2,2,0.16877800226211548,0.06449244916439056,0.766729474067688
gue_splice_reconstructed_frozen__InstaDeepAI_nucleotide-transformer-v2-500m-multi-species__20260514T120331Z,0,2,0.22709506750106812,0.1357288807630539,0.6371760964393616
gue_splice_reconstructed_frozen__InstaDeepAI_nucleotide-transformer-v2-500m-multi-species__20260514T120331Z,0,2,0.2324310541152954,0.23591846227645874,0.5316504836082458
gue_splice_reconstructed_frozen__InstaDeepAI_nucleotide-transformer-v2-500m-multi-species__20260514T120331Z,0,2,0.2884658873081207,0.24316483736038208,0.4683692753314972
gue_splice_reconstructed_frozen__InstaDeepAI_nucleotide-transformer-v2-500m-multi-species__20260514T120331Z,2,2,0.2180885225534439,0.21926304697990417,0.5626484155654907
gue_splice_reconstructed_frozen__InstaDeepAI_nucleotide-transformer-v2-500m-multi-species__20260514T120331Z,0,2,0.28322744369506836,0.1777505725622177,0.5390219688415527
gue_splice_reconstructed_frozen__InstaDeepAI_nucleotide-transformer-v2-500m-multi-species__20260514T120331Z,1,1,0.12639790773391724,0.45539864897727966,0.4182034730911255
gue_splice_reconstructed_frozen__InstaDeepAI_nucleotide-transformer-v2-500m-multi-species__20260514T120331Z,2,2,0.256842702627182,0.139898881316185,0.6032584309577942
gue_splice_reconstructed_frozen__InstaDeepAI_nucleotide-transformer-v2-500m-multi-species__20260514T120331Z,2,2,0.21745248138904572,0.1363193541765213,0.6462281942367554
gue_splice_reconstructed_frozen__InstaDeepAI_nucleotide-transformer-v2-500m-multi-species__20260514T120331Z,2,2,0.23416224122047424,0.18628065288066864,0.5795571208000183
gue_splice_reconstructed_frozen__InstaDeepAI_nucleotide-transformer-v2-500m-multi-species__20260514T120331Z,2,2,0.25983551144599915,0.2173924297094345,0.5227720737457275
gue_splice_reconstructed_frozen__InstaDeepAI_nucleotide-transformer-v2-500m-multi-species__20260514T120331Z,2,2,0.1984512060880661,0.2313624918460846,0.5701863169670105
gue_splice_reconstructed_frozen__InstaDeepAI_nucleotide-transformer-v2-500m-multi-species__20260514T120331Z,2,2,0.2775352895259857,0.2014205902814865,0.521044135093689
gue_splice_reconstructed_frozen__InstaDeepAI_nucleotide-transformer-v2-500m-multi-species__20260514T120331Z,2,2,0.3383411467075348,0.2735612392425537,0.3880976438522339
gue_splice_reconstructed_frozen__InstaDeepAI_nucleotide-transformer-v2-500m-multi-species__20260514T120331Z,1,2,0.17466944456100464,0.3597133159637451,0.465617299079895
gue_splice_reconstructed_frozen__InstaDeepAI_nucleotide-transformer-v2-500m-multi-species__20260514T120331Z,1,2,0.2983480393886566,0.2570469081401825,0.4446050822734833
gue_splice_reconstructed_frozen__InstaDeepAI_nucleotide-transformer-v2-500m-multi-species__20260514T120331Z,1,2,0.24165496230125427,0.15167675912380219,0.6066682934761047
gue_splice_reconstructed_frozen__InstaDeepAI_nucleotide-transformer-v2-500m-multi-species__20260514T120331Z,2,2,0.1592383235692978,0.29358211159706116,0.5471795797348022
gue_splice_reconstructed_frozen__InstaDeepAI_nucleotide-transformer-v2-500m-multi-species__20260514T120331Z,2,2,0.2370777726173401,0.2663910984992981,0.49653109908103943
gue_splice_reconstructed_frozen__InstaDeepAI_nucleotide-transformer-v2-500m-multi-species__20260514T120331Z,2,2,0.1881965696811676,0.353793203830719,0.45801016688346863
gue_splice_reconstructed_frozen__InstaDeepAI_nucleotide-transformer-v2-500m-multi-species__20260514T120331Z,2,2,0.1983732283115387,0.17930281162261963,0.6223239302635193
gue_splice_reconstructed_frozen__InstaDeepAI_nucleotide-transformer-v2-500m-multi-species__20260514T120331Z,2,2,0.2508098781108856,0.256507009267807,0.4926830530166626
gue_splice_reconstructed_frozen__InstaDeepAI_nucleotide-transformer-v2-500m-multi-species__20260514T120331Z,0,2,0.23170875012874603,0.19199950993061066,0.5762916803359985
gue_splice_reconstructed_frozen__InstaDeepAI_nucleotide-transformer-v2-500m-multi-species__20260514T120331Z,2,2,0.17268839478492737,0.1708015650510788,0.6565099954605103
gue_splice_reconstructed_frozen__InstaDeepAI_nucleotide-transformer-v2-500m-multi-species__20260514T120331Z,2,2,0.19404780864715576,0.07776853442192078,0.7281836271286011
gue_splice_reconstructed_frozen__InstaDeepAI_nucleotide-transformer-v2-500m-multi-species__20260514T120331Z,2,2,0.2787092626094818,0.12656302750110626,0.5947277545928955
gue_splice_reconstructed_frozen__InstaDeepAI_nucleotide-transformer-v2-500m-multi-species__20260514T120331Z,2,2,0.34389594197273254,0.22228001058101654,0.4338240325450897
gue_splice_reconstructed_frozen__InstaDeepAI_nucleotide-transformer-v2-500m-multi-species__20260514T120331Z,2,2,0.2450946569442749,0.16263170540332794,0.5922735929489136
gue_splice_reconstructed_frozen__InstaDeepAI_nucleotide-transformer-v2-500m-multi-species__20260514T120331Z,1,2,0.21239712834358215,0.18988092243671417,0.5977219343185425
gue_splice_reconstructed_frozen__InstaDeepAI_nucleotide-transformer-v2-500m-multi-species__20260514T120331Z,2,2,0.14977486431598663,0.30743059515953064,0.5427945256233215
gue_splice_reconstructed_frozen__InstaDeepAI_nucleotide-transformer-v2-500m-multi-species__20260514T120331Z,2,2,0.2444981336593628,0.27380824089050293,0.4816936254501343
gue_splice_reconstructed_frozen__InstaDeepAI_nucleotide-transformer-v2-500m-multi-species__20260514T120331Z,2,2,0.1784489005804062,0.20324845612049103,0.618302583694458
gue_splice_reconstructed_frozen__InstaDeepAI_nucleotide-transformer-v2-500m-multi-species__20260514T120331Z,0,2,0.2105746567249298,0.24136613309383392,0.5480592250823975
gue_splice_reconstructed_frozen__InstaDeepAI_nucleotide-transformer-v2-500m-multi-species__20260514T120331Z,2,2,0.17644083499908447,0.14122147858142853,0.6823377013206482
gue_splice_reconstructed_frozen__InstaDeepAI_nucleotide-transformer-v2-500m-multi-species__20260514T120331Z,2,2,0.23781201243400574,0.2620476484298706,0.500140368938446
gue_splice_reconstructed_frozen__InstaDeepAI_nucleotide-transformer-v2-500m-multi-species__20260514T120331Z,2,2,0.11086737364530563,0.22019022703170776,0.6689423322677612
gue_splice_reconstructed_frozen__InstaDeepAI_nucleotide-transformer-v2-500m-multi-species__20260514T120331Z,1,2,0.22556249797344208,0.3157752752304077,0.4586622714996338
gue_splice_reconstructed_frozen__InstaDeepAI_nucleotide-transformer-v2-500m-multi-species__20260514T120331Z,1,2,0.12749354541301727,0.15442617237567902,0.7180802822113037
gue_splice_reconstructed_frozen__InstaDeepAI_nucleotide-transformer-v2-500m-multi-species__20260514T120331Z,2,2,0.11009194701910019,0.09527663886547089,0.7946314811706543
gue_splice_reconstructed_frozen__InstaDeepAI_nucleotide-transformer-v2-500m-multi-species__20260514T120331Z,0,2,0.16658690571784973,0.2174825370311737,0.6159305572509766
gue_splice_reconstructed_frozen__InstaDeepAI_nucleotide-transformer-v2-500m-multi-species__20260514T120331Z,0,1,0.16634699702262878,0.4599721133708954,0.37368088960647583
gue_splice_reconstructed_frozen__InstaDeepAI_nucleotide-transformer-v2-500m-multi-species__20260514T120331Z,2,2,0.20841281116008759,0.21740394830703735,0.5741832256317139
gue_splice_reconstructed_frozen__InstaDeepAI_nucleotide-transformer-v2-500m-multi-species__20260514T120331Z,2,2,0.2666580379009247,0.11047983914613724,0.6228621006011963
gue_splice_reconstructed_frozen__InstaDeepAI_nucleotide-transformer-v2-500m-multi-species__20260514T120331Z,2,2,0.2528590261936188,0.3341975212097168,0.41294342279434204
gue_splice_reconstructed_frozen__InstaDeepAI_nucleotide-transformer-v2-500m-multi-species__20260514T120331Z,2,2,0.22009716928005219,0.1556536853313446,0.6242491006851196
gue_splice_reconstructed_frozen__InstaDeepAI_nucleotide-transformer-v2-500m-multi-species__20260514T120331Z,1,2,0.1761060506105423,0.3009547293186188,0.5229392647743225
gue_splice_reconstructed_frozen__InstaDeepAI_nucleotide-transformer-v2-500m-multi-species__20260514T120331Z,2,2,0.35316070914268494,0.2029021680355072,0.44393715262413025
gue_splice_reconstructed_frozen__InstaDeepAI_nucleotide-transformer-v2-500m-multi-species__20260514T120331Z,2,2,0.3849804103374481,0.1356697678565979,0.47934985160827637
gue_splice_reconstructed_frozen__InstaDeepAI_nucleotide-transformer-v2-500m-multi-species__20260514T120331Z,0,1,0.13386157155036926,0.46415308117866516,0.4019853472709656
gue_splice_reconstructed_frozen__InstaDeepAI_nucleotide-transformer-v2-500m-multi-species__20260514T120331Z,0,0,0.3397553861141205,0.3212814927101135,0.3389630913734436
gue_splice_reconstructed_frozen__InstaDeepAI_nucleotide-transformer-v2-500m-multi-species__20260514T120331Z,2,1,0.2072371542453766,0.4308660924434662,0.36189672350883484
gue_splice_reconstructed_frozen__InstaDeepAI_nucleotide-transformer-v2-500m-multi-species__20260514T120331Z,0,1,0.24339917302131653,0.520459771156311,0.23614107072353363
gue_splice_reconstructed_frozen__InstaDeepAI_nucleotide-transformer-v2-500m-multi-species__20260514T120331Z,0,2,0.2981627583503723,0.22906477749347687,0.472772479057312
gue_splice_reconstructed_frozen__InstaDeepAI_nucleotide-transformer-v2-500m-multi-species__20260514T120331Z,2,2,0.19379638135433197,0.11955492198467255,0.6866486668586731
gue_splice_reconstructed_frozen__InstaDeepAI_nucleotide-transformer-v2-500m-multi-species__20260514T120331Z,0,2,0.1628440022468567,0.20555278658866882,0.6316032409667969
gue_splice_reconstructed_frozen__InstaDeepAI_nucleotide-transformer-v2-500m-multi-species__20260514T120331Z,2,2,0.15802551805973053,0.2075938880443573,0.6343806385993958
gue_splice_reconstructed_frozen__InstaDeepAI_nucleotide-transformer-v2-500m-multi-species__20260514T120331Z,2,2,0.1596597582101822,0.08953914046287537,0.7508010864257812
gue_splice_reconstructed_frozen__InstaDeepAI_nucleotide-transformer-v2-500m-multi-species__20260514T120331Z,2,2,0.29381993412971497,0.1708509922027588,0.5353291034698486
gue_splice_reconstructed_frozen__InstaDeepAI_nucleotide-transformer-v2-500m-multi-species__20260514T120331Z,0,2,0.18714848160743713,0.1930420845746994,0.6198094487190247
gue_splice_reconstructed_frozen__InstaDeepAI_nucleotide-transformer-v2-500m-multi-species__20260514T120331Z,2,2,0.23723547160625458,0.15659265220165253,0.6061718463897705
gue_splice_reconstructed_frozen__InstaDeepAI_nucleotide-transformer-v2-500m-multi-species__20260514T120331Z,2,1,0.2486988604068756,0.39173611998558044,0.35956504940986633
gue_splice_reconstructed_frozen__InstaDeepAI_nucleotide-transformer-v2-500m-multi-species__20260514T120331Z,1,2,0.286404550075531,0.20948047935962677,0.5041149854660034
gue_splice_reconstructed_frozen__InstaDeepAI_nucleotide-transformer-v2-500m-multi-species__20260514T120331Z,2,2,0.19130557775497437,0.20294888317584991,0.6057454943656921
gue_splice_reconstructed_frozen__InstaDeepAI_nucleotide-transformer-v2-500m-multi-species__20260514T120331Z,2,2,0.25676998496055603,0.1863495409488678,0.5568804740905762
gue_splice_reconstructed_frozen__InstaDeepAI_nucleotide-transformer-v2-500m-multi-species__20260514T120331Z,2,2,0.28234124183654785,0.1692638397216797,0.5483949184417725
gue_splice_reconstructed_frozen__InstaDeepAI_nucleotide-transformer-v2-500m-multi-species__20260514T120331Z,1,2,0.176174134016037,0.15520764887332916,0.6686182022094727
gue_splice_reconstructed_frozen__InstaDeepAI_nucleotide-transformer-v2-500m-multi-species__20260514T120331Z,2,2,0.13271906971931458,0.40177837014198303,0.46550247073173523
gue_splice_reconstructed_frozen__InstaDeepAI_nucleotide-transformer-v2-500m-multi-species__20260514T120331Z,2,2,0.1229255199432373,0.0376460887491703,0.8394284248352051
gue_splice_reconstructed_frozen__InstaDeepAI_nucleotide-transformer-v2-500m-multi-species__20260514T120331Z,1,2,0.26102644205093384,0.3394467234611511,0.39952680468559265
gue_splice_reconstructed_frozen__InstaDeepAI_nucleotide-transformer-v2-500m-multi-species__20260514T120331Z,2,2,0.18965061008930206,0.1703340858221054,0.6400153040885925
gue_splice_reconstructed_frozen__InstaDeepAI_nucleotide-transformer-v2-500m-multi-species__20260514T120331Z,2,2,0.30834338068962097,0.17754286527633667,0.51411372423172
gue_splice_reconstructed_frozen__InstaDeepAI_nucleotide-transformer-v2-500m-multi-species__20260514T120331Z,1,2,0.26237836480140686,0.21601104736328125,0.5216106176376343
gue_splice_reconstructed_frozen__InstaDeepAI_nucleotide-transformer-v2-500m-multi-species__20260514T120331Z,2,2,0.17211270332336426,0.06616932898759842,0.7617179751396179
gue_splice_reconstructed_frozen__InstaDeepAI_nucleotide-transformer-v2-500m-multi-species__20260514T120331Z,0,2,0.2292148619890213,0.16021321713924408,0.6105719208717346
gue_splice_reconstructed_frozen__InstaDeepAI_nucleotide-transformer-v2-500m-multi-species__20260514T120331Z,1,2,0.22672051191329956,0.27138203382492065,0.501897394657135
gue_splice_reconstructed_frozen__InstaDeepAI_nucleotide-transformer-v2-500m-multi-species__20260514T120331Z,1,2,0.23906543850898743,0.26510629057884216,0.49582821130752563
gue_splice_reconstructed_frozen__InstaDeepAI_nucleotide-transformer-v2-500m-multi-species__20260514T120331Z,2,2,0.21257829666137695,0.34382930397987366,0.4435923993587494
gue_splice_reconstructed_frozen__InstaDeepAI_nucleotide-transformer-v2-500m-multi-species__20260514T120331Z,0,2,0.2779114842414856,0.324435830116272,0.39765268564224243
gue_splice_reconstructed_frozen__InstaDeepAI_nucleotide-transformer-v2-500m-multi-species__20260514T120331Z,2,2,0.1645488291978836,0.24979157745838165,0.5856595635414124
gue_splice_reconstructed_frozen__InstaDeepAI_nucleotide-transformer-v2-500m-multi-species__20260514T120331Z,0,2,0.24894359707832336,0.22967377305030823,0.5213826298713684
gue_splice_reconstructed_frozen__InstaDeepAI_nucleotide-transformer-v2-500m-multi-species__20260514T120331Z,2,2,0.1880621314048767,0.19100037217140198,0.6209375262260437
gue_splice_reconstructed_frozen__InstaDeepAI_nucleotide-transformer-v2-500m-multi-species__20260514T120331Z,2,2,0.22602635622024536,0.24857492744922638,0.5253986716270447
gue_splice_reconstructed_frozen__InstaDeepAI_nucleotide-transformer-v2-500m-multi-species__20260514T120331Z,2,2,0.29414069652557373,0.16564375162124634,0.5402155518531799
gue_splice_reconstructed_frozen__InstaDeepAI_nucleotide-transformer-v2-500m-multi-species__20260514T120331Z,0,2,0.16105325520038605,0.16927754878997803,0.6696691513061523
gue_splice_reconstructed_frozen__InstaDeepAI_nucleotide-transformer-v2-500m-multi-species__20260514T120331Z,2,2,0.19107647240161896,0.16125644743442535,0.6476671099662781
gue_splice_reconstructed_frozen__InstaDeepAI_nucleotide-transformer-v2-500m-multi-species__20260514T120331Z,1,2,0.18479548394680023,0.26296815276145935,0.5522364377975464
gue_splice_reconstructed_frozen__InstaDeepAI_nucleotide-transformer-v2-500m-multi-species__20260514T120331Z,2,2,0.34270697832107544,0.2568480372428894,0.40044498443603516
gue_splice_reconstructed_frozen__InstaDeepAI_nucleotide-transformer-v2-500m-multi-species__20260514T120331Z,1,2,0.2126171886920929,0.3649558424949646,0.4224269986152649
gue_splice_reconstructed_frozen__InstaDeepAI_nucleotide-transformer-v2-500m-multi-species__20260514T120331Z,2,2,0.1848381608724594,0.16177068650722504,0.6533911228179932
gue_splice_reconstructed_frozen__InstaDeepAI_nucleotide-transformer-v2-500m-multi-species__20260514T120331Z,0,2,0.2813016176223755,0.2913847863674164,0.4273136556148529
gue_splice_reconstructed_frozen__InstaDeepAI_nucleotide-transformer-v2-500m-multi-species__20260514T120331Z,0,2,0.25245267152786255,0.33405783772468567,0.4134894609451294
gue_splice_reconstructed_frozen__InstaDeepAI_nucleotide-transformer-v2-500m-multi-species__20260514T120331Z,2,2,0.251902312040329,0.1175537109375,0.6305439472198486
gue_splice_reconstructed_frozen__InstaDeepAI_nucleotide-transformer-v2-500m-multi-species__20260514T120331Z,2,2,0.17857897281646729,0.07660921663045883,0.7448117733001709
gue_splice_reconstructed_frozen__InstaDeepAI_nucleotide-transformer-v2-500m-multi-species__20260514T120331Z,1,2,0.2209710329771042,0.34923121333122253,0.4297977685928345
gue_splice_reconstructed_frozen__InstaDeepAI_nucleotide-transformer-v2-500m-multi-species__20260514T120331Z,0,2,0.3204934298992157,0.1982714980840683,0.481235146522522
gue_splice_reconstructed_frozen__InstaDeepAI_nucleotide-transformer-v2-500m-multi-species__20260514T120331Z,2,2,0.21310199797153473,0.2704240381717682,0.5164739489555359
gue_splice_reconstructed_frozen__InstaDeepAI_nucleotide-transformer-v2-500m-multi-species__20260514T120331Z,0,2,0.15780285000801086,0.29141101241111755,0.5507861375808716
gue_splice_reconstructed_frozen__InstaDeepAI_nucleotide-transformer-v2-500m-multi-species__20260514T120331Z,2,2,0.24555781483650208,0.17800581455230713,0.5764364004135132
gue_splice_reconstructed_frozen__InstaDeepAI_nucleotide-transformer-v2-500m-multi-species__20260514T120331Z,2,2,0.21463268995285034,0.2505025565624237,0.5348647832870483
gue_splice_reconstructed_frozen__InstaDeepAI_nucleotide-transformer-v2-500m-multi-species__20260514T120331Z,2,2,0.1901344358921051,0.032955821603536606,0.7769097089767456
gue_splice_reconstructed_frozen__InstaDeepAI_nucleotide-transformer-v2-500m-multi-species__20260514T120331Z,0,2,0.2123919129371643,0.3174302577972412,0.4701778292655945
gue_splice_reconstructed_frozen__InstaDeepAI_nucleotide-transformer-v2-500m-multi-species__20260514T120331Z,2,2,0.2376222461462021,0.26531338691711426,0.4970642924308777
gue_splice_reconstructed_frozen__InstaDeepAI_nucleotide-transformer-v2-500m-multi-species__20260514T120331Z,2,2,0.21336379647254944,0.1626558154821396,0.6239803433418274
gue_splice_reconstructed_frozen__InstaDeepAI_nucleotide-transformer-v2-500m-multi-species__20260514T120331Z,1,2,0.15108592808246613,0.38940736651420593,0.459506630897522
gue_splice_reconstructed_frozen__InstaDeepAI_nucleotide-transformer-v2-500m-multi-species__20260514T120331Z,0,2,0.26096686720848083,0.21580840647220612,0.5232247710227966
gue_splice_reconstructed_frozen__InstaDeepAI_nucleotide-transformer-v2-500m-multi-species__20260514T120331Z,2,2,0.22528602182865143,0.34917476773262024,0.42553919553756714
gue_splice_reconstructed_frozen__InstaDeepAI_nucleotide-transformer-v2-500m-multi-species__20260514T120331Z,1,2,0.14932477474212646,0.2669649124145508,0.5837103128433228
gue_splice_reconstructed_frozen__InstaDeepAI_nucleotide-transformer-v2-500m-multi-species__20260514T120331Z,2,2,0.16127756237983704,0.11716073751449585,0.7215617299079895
gue_splice_reconstructed_frozen__InstaDeepAI_nucleotide-transformer-v2-500m-multi-species__20260514T120331Z,0,2,0.23790094256401062,0.2932310402393341,0.4688679873943329
gue_splice_reconstructed_frozen__InstaDeepAI_nucleotide-transformer-v2-500m-multi-species__20260514T120331Z,0,2,0.25530585646629333,0.28922879695892334,0.4554653763771057
gue_splice_reconstructed_frozen__InstaDeepAI_nucleotide-transformer-v2-500m-multi-species__20260514T120331Z,2,2,0.14970643818378448,0.38622891902923584,0.46406468749046326
gue_splice_reconstructed_frozen__InstaDeepAI_nucleotide-transformer-v2-500m-multi-species__20260514T120331Z,1,2,0.1600528359413147,0.3377169370651245,0.5022302269935608
gue_splice_reconstructed_frozen__InstaDeepAI_nucleotide-transformer-v2-500m-multi-species__20260514T120331Z,2,2,0.2655179500579834,0.2474295198917389,0.48705247044563293
gue_splice_reconstructed_frozen__InstaDeepAI_nucleotide-transformer-v2-500m-multi-species__20260514T120331Z,2,2,0.16167479753494263,0.12044018507003784,0.7178850173950195
gue_splice_reconstructed_frozen__InstaDeepAI_nucleotide-transformer-v2-500m-multi-species__20260514T120331Z,2,2,0.17766119539737701,0.11078465729951859,0.7115541696548462
gue_splice_reconstructed_frozen__InstaDeepAI_nucleotide-transformer-v2-500m-multi-species__20260514T120331Z,2,2,0.22023434937000275,0.3459278643131256,0.43383780121803284
gue_splice_reconstructed_frozen__InstaDeepAI_nucleotide-transformer-v2-500m-multi-species__20260514T120331Z,2,2,0.17827151715755463,0.3041166067123413,0.5176119208335876
gue_splice_reconstructed_frozen__InstaDeepAI_nucleotide-transformer-v2-500m-multi-species__20260514T120331Z,1,2,0.1817159503698349,0.1837233304977417,0.634560763835907
gue_splice_reconstructed_frozen__InstaDeepAI_nucleotide-transformer-v2-500m-multi-species__20260514T120331Z,1,2,0.16803455352783203,0.4100419282913208,0.4219234585762024
gue_splice_reconstructed_frozen__InstaDeepAI_nucleotide-transformer-v2-500m-multi-species__20260514T120331Z,2,2,0.1635277420282364,0.21494004130363464,0.6215322017669678
gue_splice_reconstructed_frozen__InstaDeepAI_nucleotide-transformer-v2-500m-multi-species__20260514T120331Z,2,2,0.16792266070842743,0.385318398475647,0.4467589557170868
gue_splice_reconstructed_frozen__InstaDeepAI_nucleotide-transformer-v2-500m-multi-species__20260514T120331Z,0,2,0.24383686482906342,0.34123075008392334,0.41493239998817444
gue_splice_reconstructed_frozen__InstaDeepAI_nucleotide-transformer-v2-500m-multi-species__20260514T120331Z,2,2,0.156717449426651,0.19084586203098297,0.6524366736412048
gue_splice_reconstructed_frozen__InstaDeepAI_nucleotide-transformer-v2-500m-multi-species__20260514T120331Z,1,2,0.2187289446592331,0.2626805603504181,0.5185904502868652
gue_splice_reconstructed_frozen__InstaDeepAI_nucleotide-transformer-v2-500m-multi-species__20260514T120331Z,0,2,0.31777000427246094,0.1777096539735794,0.5045202970504761
gue_splice_reconstructed_frozen__InstaDeepAI_nucleotide-transformer-v2-500m-multi-species__20260514T120331Z,2,2,0.18766826391220093,0.2001379430294037,0.612193763256073
gue_splice_reconstructed_frozen__InstaDeepAI_nucleotide-transformer-v2-500m-multi-species__20260514T120331Z,1,2,0.2973919212818146,0.24594536423683167,0.456662654876709
gue_splice_reconstructed_frozen__InstaDeepAI_nucleotide-transformer-v2-500m-multi-species__20260514T120331Z,2,2,0.2984611392021179,0.11635945737361908,0.5851794481277466
gue_splice_reconstructed_frozen__InstaDeepAI_nucleotide-transformer-v2-500m-multi-species__20260514T120331Z,2,2,0.20405161380767822,0.1747477650642395,0.621200680732727
gue_splice_reconstructed_frozen__InstaDeepAI_nucleotide-transformer-v2-500m-multi-species__20260514T120331Z,2,2,0.17131127417087555,0.0458776131272316,0.7828110456466675
gue_splice_reconstructed_frozen__InstaDeepAI_nucleotide-transformer-v2-500m-multi-species__20260514T120331Z,2,2,0.228805273771286,0.3119199872016907,0.4592747390270233
gue_splice_reconstructed_frozen__InstaDeepAI_nucleotide-transformer-v2-500m-multi-species__20260514T120331Z,2,2,0.13231045007705688,0.16179384291172028,0.705895721912384
gue_splice_reconstructed_frozen__InstaDeepAI_nucleotide-transformer-v2-500m-multi-species__20260514T120331Z,1,1,0.20807142555713654,0.41299203038215637,0.3789365291595459
gue_splice_reconstructed_frozen__InstaDeepAI_nucleotide-transformer-v2-500m-multi-species__20260514T120331Z,1,2,0.3146076202392578,0.22698402404785156,0.4584084153175354
gue_splice_reconstructed_frozen__InstaDeepAI_nucleotide-transformer-v2-500m-multi-species__20260514T120331Z,2,2,0.27519550919532776,0.24700382351875305,0.47780072689056396
gue_splice_reconstructed_frozen__InstaDeepAI_nucleotide-transformer-v2-500m-multi-species__20260514T120331Z,2,1,0.25017082691192627,0.4288925528526306,0.3209366202354431
gue_splice_reconstructed_frozen__InstaDeepAI_nucleotide-transformer-v2-500m-multi-species__20260514T120331Z,2,2,0.13320621848106384,0.2565423846244812,0.6102514266967773
gue_splice_reconstructed_frozen__InstaDeepAI_nucleotide-transformer-v2-500m-multi-species__20260514T120331Z,0,2,0.15807193517684937,0.059298355132341385,0.7826297283172607
gue_splice_reconstructed_frozen__InstaDeepAI_nucleotide-transformer-v2-500m-multi-species__20260514T120331Z,2,2,0.26504117250442505,0.11963579058647156,0.6153230667114258
gue_splice_reconstructed_frozen__InstaDeepAI_nucleotide-transformer-v2-500m-multi-species__20260514T120331Z,2,2,0.20871856808662415,0.32787975668907166,0.4634016454219818
gue_splice_reconstructed_frozen__InstaDeepAI_nucleotide-transformer-v2-500m-multi-species__20260514T120331Z,1,2,0.24871881306171417,0.20743218064308167,0.5438490509986877
gue_splice_reconstructed_frozen__InstaDeepAI_nucleotide-transformer-v2-500m-multi-species__20260514T120331Z,1,2,0.24011488258838654,0.238362655043602,0.5215224027633667
gue_splice_reconstructed_frozen__InstaDeepAI_nucleotide-transformer-v2-500m-multi-species__20260514T120331Z,2,2,0.18691210448741913,0.21602925658226013,0.5970586538314819
gue_splice_reconstructed_frozen__InstaDeepAI_nucleotide-transformer-v2-500m-multi-species__20260514T120331Z,0,1,0.2521323263645172,0.38025525212287903,0.36761245131492615
gue_splice_reconstructed_frozen__InstaDeepAI_nucleotide-transformer-v2-500m-multi-species__20260514T120331Z,1,2,0.17339004576206207,0.2901788055896759,0.5364311337471008
gue_splice_reconstructed_frozen__InstaDeepAI_nucleotide-transformer-v2-500m-multi-species__20260514T120331Z,0,2,0.2138986736536026,0.23815561830997467,0.5479457378387451
gue_splice_reconstructed_frozen__InstaDeepAI_nucleotide-transformer-v2-500m-multi-species__20260514T120331Z,0,2,0.2948974668979645,0.2565477788448334,0.44855475425720215
gue_splice_reconstructed_frozen__InstaDeepAI_nucleotide-transformer-v2-500m-multi-species__20260514T120331Z,0,2,0.25962239503860474,0.08409178256988525,0.65628582239151
gue_splice_reconstructed_frozen__InstaDeepAI_nucleotide-transformer-v2-500m-multi-species__20260514T120331Z,1,2,0.26023510098457336,0.344355970621109,0.39540889859199524
gue_splice_reconstructed_frozen__InstaDeepAI_nucleotide-transformer-v2-500m-multi-species__20260514T120331Z,2,2,0.28491687774658203,0.1936570703983307,0.5214260816574097
gue_splice_reconstructed_frozen__InstaDeepAI_nucleotide-transformer-v2-500m-multi-species__20260514T120331Z,2,2,0.23416101932525635,0.1497347354888916,0.616104245185852
gue_splice_reconstructed_frozen__InstaDeepAI_nucleotide-transformer-v2-500m-multi-species__20260514T120331Z,2,2,0.27670663595199585,0.09479625523090363,0.6284971237182617
gue_splice_reconstructed_frozen__InstaDeepAI_nucleotide-transformer-v2-500m-multi-species__20260514T120331Z,1,2,0.12816990911960602,0.39701420068740845,0.47481587529182434
gue_splice_reconstructed_frozen__InstaDeepAI_nucleotide-transformer-v2-500m-multi-species__20260514T120331Z,2,2,0.1774444729089737,0.16567932069301605,0.6568762063980103
gue_splice_reconstructed_frozen__InstaDeepAI_nucleotide-transformer-v2-500m-multi-species__20260514T120331Z,2,2,0.177231565117836,0.08285410702228546,0.7399143576622009
gue_splice_reconstructed_frozen__InstaDeepAI_nucleotide-transformer-v2-500m-multi-species__20260514T120331Z,2,2,0.20111139118671417,0.21510359644889832,0.5837850570678711
gue_splice_reconstructed_frozen__InstaDeepAI_nucleotide-transformer-v2-500m-multi-species__20260514T120331Z,1,2,0.2727247178554535,0.1557808369398117,0.571494460105896
gue_splice_reconstructed_frozen__InstaDeepAI_nucleotide-transformer-v2-500m-multi-species__20260514T120331Z,2,2,0.3604862093925476,0.15193308889865875,0.48758068680763245
gue_splice_reconstructed_frozen__InstaDeepAI_nucleotide-transformer-v2-500m-multi-species__20260514T120331Z,0,2,0.20116065442562103,0.16406233608722687,0.6347770094871521
gue_splice_reconstructed_frozen__InstaDeepAI_nucleotide-transformer-v2-500m-multi-species__20260514T120331Z,2,2,0.17956086993217468,0.12908047437667847,0.6913586854934692
gue_splice_reconstructed_frozen__InstaDeepAI_nucleotide-transformer-v2-500m-multi-species__20260514T120331Z,0,2,0.0957651287317276,0.21906143426895142,0.6851734519004822
gue_splice_reconstructed_frozen__InstaDeepAI_nucleotide-transformer-v2-500m-multi-species__20260514T120331Z,2,2,0.26975977420806885,0.2667471766471863,0.46349310874938965
gue_splice_reconstructed_frozen__InstaDeepAI_nucleotide-transformer-v2-500m-multi-species__20260514T120331Z,2,2,0.2573205530643463,0.2777547538280487,0.4649246633052826
gue_splice_reconstructed_frozen__InstaDeepAI_nucleotide-transformer-v2-500m-multi-species__20260514T120331Z,1,2,0.29847267270088196,0.06796154379844666,0.6335658431053162
gue_splice_reconstructed_frozen__InstaDeepAI_nucleotide-transformer-v2-500m-multi-species__20260514T120331Z,1,2,0.1950049102306366,0.35840633511543274,0.4465886950492859
gue_splice_reconstructed_frozen__InstaDeepAI_nucleotide-transformer-v2-500m-multi-species__20260514T120331Z,2,2,0.22684027254581451,0.20538389682769775,0.5677757859230042
gue_splice_reconstructed_frozen__InstaDeepAI_nucleotide-transformer-v2-500m-multi-species__20260514T120331Z,0,2,0.23843014240264893,0.1422320008277893,0.6193378567695618
gue_splice_reconstructed_frozen__InstaDeepAI_nucleotide-transformer-v2-500m-multi-species__20260514T120331Z,1,2,0.2571866512298584,0.23825106024742126,0.504562258720398
gue_splice_reconstructed_frozen__InstaDeepAI_nucleotide-transformer-v2-500m-multi-species__20260514T120331Z,2,2,0.31072667241096497,0.2695853114128113,0.41968807578086853
gue_splice_reconstructed_frozen__InstaDeepAI_nucleotide-transformer-v2-500m-multi-species__20260514T120331Z,1,2,0.3892798125743866,0.19694054126739502,0.413779616355896
gue_splice_reconstructed_frozen__InstaDeepAI_nucleotide-transformer-v2-500m-multi-species__20260514T120331Z,0,1,0.18052014708518982,0.45272096991539,0.36675891280174255
gue_splice_reconstructed_frozen__InstaDeepAI_nucleotide-transformer-v2-500m-multi-species__20260514T120331Z,2,2,0.10108271986246109,0.12415187805891037,0.7747653722763062
gue_splice_reconstructed_frozen__InstaDeepAI_nucleotide-transformer-v2-500m-multi-species__20260514T120331Z,2,2,0.2550069987773895,0.16997499763965607,0.575018048286438
gue_splice_reconstructed_frozen__InstaDeepAI_nucleotide-transformer-v2-500m-multi-species__20260514T120331Z,0,2,0.16581550240516663,0.06727416068315506,0.7669103741645813
gue_splice_reconstructed_frozen__InstaDeepAI_nucleotide-transformer-v2-500m-multi-species__20260514T120331Z,2,2,0.22261321544647217,0.29293227195739746,0.48445457220077515
gue_splice_reconstructed_frozen__InstaDeepAI_nucleotide-transformer-v2-500m-multi-species__20260514T120331Z,1,2,0.19882456958293915,0.14750158786773682,0.6536738276481628
gue_splice_reconstructed_frozen__InstaDeepAI_nucleotide-transformer-v2-500m-multi-species__20260514T120331Z,2,2,0.19021770358085632,0.105234295129776,0.7045480012893677
gue_splice_reconstructed_frozen__InstaDeepAI_nucleotide-transformer-v2-500m-multi-species__20260514T120331Z,2,2,0.17705871164798737,0.3504936993122101,0.47244757413864136
gue_splice_reconstructed_frozen__InstaDeepAI_nucleotide-transformer-v2-500m-multi-species__20260514T120331Z,2,2,0.23100101947784424,0.2676389515399933,0.5013599991798401
gue_splice_reconstructed_frozen__InstaDeepAI_nucleotide-transformer-v2-500m-multi-species__20260514T120331Z,0,2,0.2073919028043747,0.2877594530582428,0.5048486590385437
gue_splice_reconstructed_frozen__InstaDeepAI_nucleotide-transformer-v2-500m-multi-species__20260514T120331Z,0,2,0.2742491066455841,0.237668976187706,0.4880819618701935
gue_splice_reconstructed_frozen__InstaDeepAI_nucleotide-transformer-v2-500m-multi-species__20260514T120331Z,1,2,0.13828705251216888,0.2303466498851776,0.6313663125038147
gue_splice_reconstructed_frozen__InstaDeepAI_nucleotide-transformer-v2-500m-multi-species__20260514T120331Z,2,2,0.29642453789711,0.21643243730068207,0.48714303970336914
gue_splice_reconstructed_frozen__InstaDeepAI_nucleotide-transformer-v2-500m-multi-species__20260514T120331Z,1,2,0.3000746965408325,0.17485052347183228,0.5250747799873352
gue_splice_reconstructed_frozen__InstaDeepAI_nucleotide-transformer-v2-500m-multi-species__20260514T120331Z,2,2,0.18280476331710815,0.14064116775989532,0.6765541434288025
gue_splice_reconstructed_frozen__InstaDeepAI_nucleotide-transformer-v2-500m-multi-species__20260514T120331Z,1,2,0.3207976222038269,0.22980836033821106,0.44939401745796204
gue_splice_reconstructed_frozen__InstaDeepAI_nucleotide-transformer-v2-500m-multi-species__20260514T120331Z,2,2,0.19882553815841675,0.24762368202209473,0.5535507798194885
gue_splice_reconstructed_frozen__InstaDeepAI_nucleotide-transformer-v2-500m-multi-species__20260514T120331Z,2,2,0.11343850195407867,0.129677414894104,0.7568840384483337
gue_splice_reconstructed_frozen__InstaDeepAI_nucleotide-transformer-v2-500m-multi-species__20260514T120331Z,0,2,0.17520394921302795,0.12231206148862839,0.7024839520454407
gue_splice_reconstructed_frozen__InstaDeepAI_nucleotide-transformer-v2-500m-multi-species__20260514T120331Z,2,2,0.22252501547336578,0.19859550893306732,0.5788794755935669
gue_splice_reconstructed_frozen__InstaDeepAI_nucleotide-transformer-v2-500m-multi-species__20260514T120331Z,0,2,0.08867945522069931,0.23789864778518677,0.6734219193458557
gue_splice_reconstructed_frozen__InstaDeepAI_nucleotide-transformer-v2-500m-multi-species__20260514T120331Z,1,2,0.22867365181446075,0.33451008796691895,0.4368163049221039
gue_splice_reconstructed_frozen__InstaDeepAI_nucleotide-transformer-v2-500m-multi-species__20260514T120331Z,1,2,0.289216548204422,0.2871410548686981,0.4236423373222351
gue_splice_reconstructed_frozen__InstaDeepAI_nucleotide-transformer-v2-500m-multi-species__20260514T120331Z,0,2,0.32756292819976807,0.28813084959983826,0.3843061923980713
gue_splice_reconstructed_frozen__InstaDeepAI_nucleotide-transformer-v2-500m-multi-species__20260514T120331Z,1,2,0.23967555165290833,0.3395267128944397,0.420797735452652
gue_splice_reconstructed_frozen__InstaDeepAI_nucleotide-transformer-v2-500m-multi-species__20260514T120331Z,1,2,0.2756969928741455,0.28795528411865234,0.43634769320487976
gue_splice_reconstructed_frozen__InstaDeepAI_nucleotide-transformer-v2-500m-multi-species__20260514T120331Z,1,2,0.2079392820596695,0.2610691487789154,0.5309915542602539
gue_splice_reconstructed_frozen__InstaDeepAI_nucleotide-transformer-v2-500m-multi-species__20260514T120331Z,0,2,0.20630599558353424,0.11359968036413193,0.6800943613052368
gue_splice_reconstructed_frozen__InstaDeepAI_nucleotide-transformer-v2-500m-multi-species__20260514T120331Z,0,2,0.2675337493419647,0.19832941889762878,0.5341368317604065
gue_splice_reconstructed_frozen__InstaDeepAI_nucleotide-transformer-v2-500m-multi-species__20260514T120331Z,0,2,0.24049951136112213,0.18769031763076782,0.5718101263046265
gue_splice_reconstructed_frozen__InstaDeepAI_nucleotide-transformer-v2-500m-multi-species__20260514T120331Z,0,2,0.31937509775161743,0.22323891520500183,0.45738598704338074
gue_splice_reconstructed_frozen__InstaDeepAI_nucleotide-transformer-v2-500m-multi-species__20260514T120331Z,1,1,0.18422622978687286,0.42376214265823364,0.3920116126537323
gue_splice_reconstructed_frozen__InstaDeepAI_nucleotide-transformer-v2-500m-multi-species__20260514T120331Z,1,2,0.2530456483364105,0.22238707542419434,0.5245673060417175
gue_splice_reconstructed_frozen__InstaDeepAI_nucleotide-transformer-v2-500m-multi-species__20260514T120331Z,2,2,0.18313495814800262,0.08776191622018814,0.7291030883789062
gue_splice_reconstructed_frozen__InstaDeepAI_nucleotide-transformer-v2-500m-multi-species__20260514T120331Z,0,2,0.33193910121917725,0.15918835997581482,0.5088725090026855
gue_splice_reconstructed_frozen__InstaDeepAI_nucleotide-transformer-v2-500m-multi-species__20260514T120331Z,2,2,0.1824999898672104,0.22434185445308685,0.5931581258773804
gue_splice_reconstructed_frozen__InstaDeepAI_nucleotide-transformer-v2-500m-multi-species__20260514T120331Z,0,2,0.23878003656864166,0.30726468563079834,0.45395535230636597
gue_splice_reconstructed_frozen__InstaDeepAI_nucleotide-transformer-v2-500m-multi-species__20260514T120331Z,2,2,0.26131385564804077,0.26562345027923584,0.47306275367736816
gue_splice_reconstructed_frozen__InstaDeepAI_nucleotide-transformer-v2-500m-multi-species__20260514T120331Z,2,2,0.22301803529262543,0.17385630309581757,0.6031256914138794
gue_splice_reconstructed_frozen__InstaDeepAI_nucleotide-transformer-v2-500m-multi-species__20260514T120331Z,2,2,0.21107354760169983,0.19027051329612732,0.5986559391021729
gue_splice_reconstructed_frozen__InstaDeepAI_nucleotide-transformer-v2-500m-multi-species__20260514T120331Z,2,2,0.21907024085521698,0.3534223735332489,0.4275073707103729
gue_splice_reconstructed_frozen__InstaDeepAI_nucleotide-transformer-v2-500m-multi-species__20260514T120331Z,2,2,0.16034254431724548,0.24099665880203247,0.5986607670783997
gue_splice_reconstructed_frozen__InstaDeepAI_nucleotide-transformer-v2-500m-multi-species__20260514T120331Z,0,2,0.2199355810880661,0.2693227231502533,0.5107417106628418
gue_splice_reconstructed_frozen__InstaDeepAI_nucleotide-transformer-v2-500m-multi-species__20260514T120331Z,2,2,0.24031145870685577,0.18250715732574463,0.5771813988685608
gue_splice_reconstructed_frozen__InstaDeepAI_nucleotide-transformer-v2-500m-multi-species__20260514T120331Z,2,1,0.2375154346227646,0.4190463721752167,0.34343814849853516
gue_splice_reconstructed_frozen__InstaDeepAI_nucleotide-transformer-v2-500m-multi-species__20260514T120331Z,2,2,0.22825798392295837,0.1812736690044403,0.5904683470726013
gue_splice_reconstructed_frozen__InstaDeepAI_nucleotide-transformer-v2-500m-multi-species__20260514T120331Z,2,1,0.20304644107818604,0.44122621417045593,0.35572734475135803
gue_splice_reconstructed_frozen__InstaDeepAI_nucleotide-transformer-v2-500m-multi-species__20260514T120331Z,2,2,0.2907353341579437,0.2203645557165146,0.4889001250267029
gue_splice_reconstructed_frozen__InstaDeepAI_nucleotide-transformer-v2-500m-multi-species__20260514T120331Z,0,2,0.21087369322776794,0.2457551211118698,0.5433711409568787
gue_splice_reconstructed_frozen__InstaDeepAI_nucleotide-transformer-v2-500m-multi-species__20260514T120331Z,0,2,0.3442130386829376,0.15818971395492554,0.49759724736213684
gue_splice_reconstructed_frozen__InstaDeepAI_nucleotide-transformer-v2-500m-multi-species__20260514T120331Z,2,2,0.21191447973251343,0.14058080315589905,0.6475047469139099
gue_splice_reconstructed_frozen__InstaDeepAI_nucleotide-transformer-v2-500m-multi-species__20260514T120331Z,2,2,0.2897021472454071,0.32293957471847534,0.38735830783843994
gue_splice_reconstructed_frozen__InstaDeepAI_nucleotide-transformer-v2-500m-multi-species__20260514T120331Z,1,2,0.17093998193740845,0.167510986328125,0.6615489721298218
gue_splice_reconstructed_frozen__InstaDeepAI_nucleotide-transformer-v2-500m-multi-species__20260514T120331Z,0,2,0.14673611521720886,0.12569402158260345,0.7275698184967041
gue_splice_reconstructed_frozen__InstaDeepAI_nucleotide-transformer-v2-500m-multi-species__20260514T120331Z,2,2,0.235601544380188,0.3137986660003662,0.450599730014801
gue_splice_reconstructed_frozen__InstaDeepAI_nucleotide-transformer-v2-500m-multi-species__20260514T120331Z,1,1,0.3042694330215454,0.3656104505062103,0.33012011647224426
gue_splice_reconstructed_frozen__InstaDeepAI_nucleotide-transformer-v2-500m-multi-species__20260514T120331Z,2,2,0.1606743335723877,0.1733490526676178,0.6659765839576721
gue_splice_reconstructed_frozen__InstaDeepAI_nucleotide-transformer-v2-500m-multi-species__20260514T120331Z,2,2,0.1928369104862213,0.2739427387714386,0.5332203507423401
gue_splice_reconstructed_frozen__InstaDeepAI_nucleotide-transformer-v2-500m-multi-species__20260514T120331Z,2,2,0.19580717384815216,0.17381469905376434,0.6303781270980835
gue_splice_reconstructed_frozen__InstaDeepAI_nucleotide-transformer-v2-500m-multi-species__20260514T120331Z,2,2,0.1770615428686142,0.18015748262405396,0.6427809596061707
gue_splice_reconstructed_frozen__InstaDeepAI_nucleotide-transformer-v2-500m-multi-species__20260514T120331Z,2,0,0.447414368391037,0.17975951731204987,0.37282609939575195
gue_splice_reconstructed_frozen__InstaDeepAI_nucleotide-transformer-v2-500m-multi-species__20260514T120331Z,2,2,0.3297743499279022,0.1626930981874466,0.5075325965881348
gue_splice_reconstructed_frozen__InstaDeepAI_nucleotide-transformer-v2-500m-multi-species__20260514T120331Z,2,2,0.2573911249637604,0.1826067864894867,0.5600020885467529
gue_splice_reconstructed_frozen__InstaDeepAI_nucleotide-transformer-v2-500m-multi-species__20260514T120331Z,1,2,0.26011404395103455,0.30597519874572754,0.4339107275009155
gue_splice_reconstructed_frozen__InstaDeepAI_nucleotide-transformer-v2-500m-multi-species__20260514T120331Z,2,2,0.28917935490608215,0.20744438469409943,0.5033762454986572
gue_splice_reconstructed_frozen__InstaDeepAI_nucleotide-transformer-v2-500m-multi-species__20260514T120331Z,1,2,0.325094610452652,0.15248040854930878,0.5224249958992004
gue_splice_reconstructed_frozen__InstaDeepAI_nucleotide-transformer-v2-500m-multi-species__20260514T120331Z,2,2,0.2935384213924408,0.2147572934627533,0.4917043447494507
gue_splice_reconstructed_frozen__InstaDeepAI_nucleotide-transformer-v2-500m-multi-species__20260514T120331Z,1,2,0.2468971461057663,0.21769987046718597,0.5354030132293701
gue_splice_reconstructed_frozen__InstaDeepAI_nucleotide-transformer-v2-500m-multi-species__20260514T120331Z,1,2,0.2019360214471817,0.16084027290344238,0.6372237205505371
gue_splice_reconstructed_frozen__InstaDeepAI_nucleotide-transformer-v2-500m-multi-species__20260514T120331Z,1,2,0.26747605204582214,0.2958160936832428,0.43670782446861267
gue_splice_reconstructed_frozen__InstaDeepAI_nucleotide-transformer-v2-500m-multi-species__20260514T120331Z,2,2,0.20389510691165924,0.07877186685800552,0.7173330187797546
gue_splice_reconstructed_frozen__InstaDeepAI_nucleotide-transformer-v2-500m-multi-species__20260514T120331Z,1,2,0.1459292471408844,0.31819456815719604,0.5358762145042419
gue_splice_reconstructed_frozen__InstaDeepAI_nucleotide-transformer-v2-500m-multi-species__20260514T120331Z,0,2,0.2727990746498108,0.18632826209068298,0.5408726334571838
gue_splice_reconstructed_frozen__InstaDeepAI_nucleotide-transformer-v2-500m-multi-species__20260514T120331Z,2,2,0.21487320959568024,0.19703438878059387,0.5880923867225647
gue_splice_reconstructed_frozen__InstaDeepAI_nucleotide-transformer-v2-500m-multi-species__20260514T120331Z,2,2,0.26423710584640503,0.29679980874061584,0.4389630854129791
gue_splice_reconstructed_frozen__InstaDeepAI_nucleotide-transformer-v2-500m-multi-species__20260514T120331Z,2,2,0.24252209067344666,0.21638928353786469,0.5410885810852051
gue_splice_reconstructed_frozen__InstaDeepAI_nucleotide-transformer-v2-500m-multi-species__20260514T120331Z,2,2,0.15076884627342224,0.13920028507709503,0.7100307941436768
gue_splice_reconstructed_frozen__InstaDeepAI_nucleotide-transformer-v2-500m-multi-species__20260514T120331Z,2,2,0.2501630187034607,0.2525408864021301,0.4972960650920868
gue_splice_reconstructed_frozen__InstaDeepAI_nucleotide-transformer-v2-500m-multi-species__20260514T120331Z,2,2,0.32816192507743835,0.16158170998096466,0.5102564096450806
gue_splice_reconstructed_frozen__InstaDeepAI_nucleotide-transformer-v2-500m-multi-species__20260514T120331Z,2,2,0.15016336739063263,0.14816048741340637,0.7016761302947998
gue_splice_reconstructed_frozen__InstaDeepAI_nucleotide-transformer-v2-500m-multi-species__20260514T120331Z,2,2,0.1462545394897461,0.13103772699832916,0.7227077484130859
gue_splice_reconstructed_frozen__InstaDeepAI_nucleotide-transformer-v2-500m-multi-species__20260514T120331Z,2,2,0.11331942677497864,0.3066834509372711,0.5799971222877502
gue_splice_reconstructed_frozen__InstaDeepAI_nucleotide-transformer-v2-500m-multi-species__20260514T120331Z,2,2,0.17642363905906677,0.2911842465400696,0.532392144203186
gue_splice_reconstructed_frozen__InstaDeepAI_nucleotide-transformer-v2-500m-multi-species__20260514T120331Z,2,2,0.15042223036289215,0.2824443578720093,0.5671334266662598
gue_splice_reconstructed_frozen__InstaDeepAI_nucleotide-transformer-v2-500m-multi-species__20260514T120331Z,1,2,0.18657737970352173,0.2962496876716614,0.5171729326248169
gue_splice_reconstructed_frozen__InstaDeepAI_nucleotide-transformer-v2-500m-multi-species__20260514T120331Z,2,2,0.21644257009029388,0.08290790766477585,0.7006495594978333
gue_splice_reconstructed_frozen__InstaDeepAI_nucleotide-transformer-v2-500m-multi-species__20260514T120331Z,1,2,0.1635797768831253,0.31732577085494995,0.5190944671630859
gue_splice_reconstructed_frozen__InstaDeepAI_nucleotide-transformer-v2-500m-multi-species__20260514T120331Z,2,2,0.20738065242767334,0.28147315979003906,0.5111461877822876
gue_splice_reconstructed_frozen__InstaDeepAI_nucleotide-transformer-v2-500m-multi-species__20260514T120331Z,1,2,0.21402141451835632,0.24654771387577057,0.5394308567047119
gue_splice_reconstructed_frozen__InstaDeepAI_nucleotide-transformer-v2-500m-multi-species__20260514T120331Z,2,2,0.3034006655216217,0.28831666707992554,0.40828269720077515
gue_splice_reconstructed_frozen__InstaDeepAI_nucleotide-transformer-v2-500m-multi-species__20260514T120331Z,1,2,0.3263225257396698,0.18189206719398499,0.4917854070663452
gue_splice_reconstructed_frozen__InstaDeepAI_nucleotide-transformer-v2-500m-multi-species__20260514T120331Z,2,2,0.2324410378932953,0.2591168284416199,0.5084421634674072
gue_splice_reconstructed_frozen__InstaDeepAI_nucleotide-transformer-v2-500m-multi-species__20260514T120331Z,1,2,0.35862231254577637,0.13785675168037415,0.5035209655761719
gue_splice_reconstructed_frozen__InstaDeepAI_nucleotide-transformer-v2-500m-multi-species__20260514T120331Z,2,2,0.28829774260520935,0.26978713274002075,0.4419150948524475
gue_splice_reconstructed_frozen__InstaDeepAI_nucleotide-transformer-v2-500m-multi-species__20260514T120331Z,2,2,0.2767754793167114,0.2807225286960602,0.442501962184906
gue_splice_reconstructed_frozen__InstaDeepAI_nucleotide-transformer-v2-500m-multi-species__20260514T120331Z,2,2,0.1138419583439827,0.10017126053571701,0.7859868407249451
gue_splice_reconstructed_frozen__InstaDeepAI_nucleotide-transformer-v2-500m-multi-species__20260514T120331Z,1,1,0.20848242938518524,0.43942204117774963,0.3520955741405487
gue_splice_reconstructed_frozen__InstaDeepAI_nucleotide-transformer-v2-500m-multi-species__20260514T120331Z,2,2,0.17383410036563873,0.17506921291351318,0.6510966420173645
gue_splice_reconstructed_frozen__InstaDeepAI_nucleotide-transformer-v2-500m-multi-species__20260514T120331Z,2,2,0.1652848869562149,0.20049430429935455,0.6342208385467529
gue_splice_reconstructed_frozen__InstaDeepAI_nucleotide-transformer-v2-500m-multi-species__20260514T120331Z,0,2,0.17307250201702118,0.1854531615972519,0.6414743065834045
gue_splice_reconstructed_frozen__InstaDeepAI_nucleotide-transformer-v2-500m-multi-species__20260514T120331Z,2,2,0.22800149023532867,0.1775677502155304,0.5944307446479797
gue_splice_reconstructed_frozen__InstaDeepAI_nucleotide-transformer-v2-500m-multi-species__20260514T120331Z,2,1,0.16278386116027832,0.5063301920890808,0.33088600635528564
gue_splice_reconstructed_frozen__InstaDeepAI_nucleotide-transformer-v2-500m-multi-species__20260514T120331Z,0,2,0.2381225973367691,0.31944283843040466,0.44243451952934265
gue_splice_reconstructed_frozen__InstaDeepAI_nucleotide-transformer-v2-500m-multi-species__20260514T120331Z,2,2,0.18464083969593048,0.1882825493812561,0.6270765662193298
gue_splice_reconstructed_frozen__InstaDeepAI_nucleotide-transformer-v2-500m-multi-species__20260514T120331Z,1,2,0.17871157824993134,0.17346709966659546,0.647821307182312
gue_splice_reconstructed_frozen__InstaDeepAI_nucleotide-transformer-v2-500m-multi-species__20260514T120331Z,1,2,0.20601743459701538,0.24399563670158386,0.5499868988990784
gue_splice_reconstructed_frozen__InstaDeepAI_nucleotide-transformer-v2-500m-multi-species__20260514T120331Z,2,2,0.17849214375019073,0.2348240613937378,0.5866838097572327
gue_splice_reconstructed_frozen__InstaDeepAI_nucleotide-transformer-v2-500m-multi-species__20260514T120331Z,2,2,0.2007260024547577,0.22212918102741241,0.5771448016166687
gue_splice_reconstructed_frozen__InstaDeepAI_nucleotide-transformer-v2-500m-multi-species__20260514T120331Z,2,2,0.32796892523765564,0.20235197246074677,0.4696791172027588
gue_splice_reconstructed_frozen__InstaDeepAI_nucleotide-transformer-v2-500m-multi-species__20260514T120331Z,0,2,0.3017568588256836,0.23476475477218628,0.46347835659980774
gue_splice_reconstructed_frozen__InstaDeepAI_nucleotide-transformer-v2-500m-multi-species__20260514T120331Z,2,2,0.13543760776519775,0.19104427099227905,0.673518180847168
gue_splice_reconstructed_frozen__InstaDeepAI_nucleotide-transformer-v2-500m-multi-species__20260514T120331Z,0,2,0.2258375883102417,0.1851576715707779,0.5890047550201416
gue_splice_reconstructed_frozen__InstaDeepAI_nucleotide-transformer-v2-500m-multi-species__20260514T120331Z,0,2,0.3084888756275177,0.20079879462718964,0.49071234464645386
gue_splice_reconstructed_frozen__InstaDeepAI_nucleotide-transformer-v2-500m-multi-species__20260514T120331Z,2,2,0.13406437635421753,0.358249694108963,0.5076859593391418
gue_splice_reconstructed_frozen__InstaDeepAI_nucleotide-transformer-v2-500m-multi-species__20260514T120331Z,1,2,0.19848547875881195,0.2582741379737854,0.5432403683662415
gue_splice_reconstructed_frozen__InstaDeepAI_nucleotide-transformer-v2-500m-multi-species__20260514T120331Z,0,2,0.14955981075763702,0.15532787144184113,0.6951122879981995
gue_splice_reconstructed_frozen__InstaDeepAI_nucleotide-transformer-v2-500m-multi-species__20260514T120331Z,2,2,0.25258657336235046,0.19321618974208832,0.5541972517967224
gue_splice_reconstructed_frozen__InstaDeepAI_nucleotide-transformer-v2-500m-multi-species__20260514T120331Z,2,2,0.2254357784986496,0.157110795378685,0.617453396320343
gue_splice_reconstructed_frozen__InstaDeepAI_nucleotide-transformer-v2-500m-multi-species__20260514T120331Z,0,2,0.22741232812404633,0.13731934130191803,0.6352683305740356
gue_splice_reconstructed_frozen__InstaDeepAI_nucleotide-transformer-v2-500m-multi-species__20260514T120331Z,2,2,0.16859956085681915,0.186668261885643,0.6447321772575378
gue_splice_reconstructed_frozen__InstaDeepAI_nucleotide-transformer-v2-500m-multi-species__20260514T120331Z,2,2,0.09007403254508972,0.09883041679859161,0.8110955357551575
gue_splice_reconstructed_frozen__InstaDeepAI_nucleotide-transformer-v2-500m-multi-species__20260514T120331Z,2,2,0.15768839418888092,0.16068080067634583,0.6816307902336121
gue_splice_reconstructed_frozen__InstaDeepAI_nucleotide-transformer-v2-500m-multi-species__20260514T120331Z,2,2,0.09415694326162338,0.0694948136806488,0.8363482356071472
gue_splice_reconstructed_frozen__InstaDeepAI_nucleotide-transformer-v2-500m-multi-species__20260514T120331Z,2,2,0.2593149244785309,0.17794176936149597,0.5627432465553284
gue_splice_reconstructed_frozen__InstaDeepAI_nucleotide-transformer-v2-500m-multi-species__20260514T120331Z,2,2,0.26684442162513733,0.16955454647541046,0.563601016998291
gue_splice_reconstructed_frozen__InstaDeepAI_nucleotide-transformer-v2-500m-multi-species__20260514T120331Z,1,2,0.19474732875823975,0.18815746903419495,0.6170951724052429
gue_splice_reconstructed_frozen__InstaDeepAI_nucleotide-transformer-v2-500m-multi-species__20260514T120331Z,2,2,0.1737508922815323,0.21265028417110443,0.6135988235473633
gue_splice_reconstructed_frozen__InstaDeepAI_nucleotide-transformer-v2-500m-multi-species__20260514T120331Z,2,2,0.2445804476737976,0.19317226111888885,0.5622472763061523
gue_splice_reconstructed_frozen__InstaDeepAI_nucleotide-transformer-v2-500m-multi-species__20260514T120331Z,0,2,0.1950906366109848,0.16288499534130096,0.6420243978500366
gue_splice_reconstructed_frozen__InstaDeepAI_nucleotide-transformer-v2-500m-multi-species__20260514T120331Z,0,2,0.19767522811889648,0.10141967236995697,0.7009050846099854
gue_splice_reconstructed_frozen__InstaDeepAI_nucleotide-transformer-v2-500m-multi-species__20260514T120331Z,2,2,0.1846769005060196,0.18919490277767181,0.6261281967163086
gue_splice_reconstructed_frozen__InstaDeepAI_nucleotide-transformer-v2-500m-multi-species__20260514T120331Z,2,2,0.13578267395496368,0.08588831126689911,0.778329074382782
gue_splice_reconstructed_frozen__InstaDeepAI_nucleotide-transformer-v2-500m-multi-species__20260514T120331Z,1,2,0.18495555222034454,0.3955864906311035,0.41945791244506836
gue_splice_reconstructed_frozen__InstaDeepAI_nucleotide-transformer-v2-500m-multi-species__20260514T120331Z,2,2,0.20706520974636078,0.2244107723236084,0.5685240626335144
gue_splice_reconstructed_frozen__InstaDeepAI_nucleotide-transformer-v2-500m-multi-species__20260514T120331Z,1,2,0.16109435260295868,0.34704217314720154,0.4918634295463562
gue_splice_reconstructed_frozen__InstaDeepAI_nucleotide-transformer-v2-500m-multi-species__20260514T120331Z,2,2,0.2718733847141266,0.1254642754793167,0.6026623249053955
gue_splice_reconstructed_frozen__InstaDeepAI_nucleotide-transformer-v2-500m-multi-species__20260514T120331Z,2,2,0.29584407806396484,0.11712688207626343,0.587028980255127
gue_splice_reconstructed_frozen__InstaDeepAI_nucleotide-transformer-v2-500m-multi-species__20260514T120331Z,1,1,0.19222164154052734,0.4434507191181183,0.364327609539032
gue_splice_reconstructed_frozen__InstaDeepAI_nucleotide-transformer-v2-500m-multi-species__20260514T120331Z,2,2,0.1497860550880432,0.15081347525119781,0.6994004845619202
gue_splice_reconstructed_frozen__InstaDeepAI_nucleotide-transformer-v2-500m-multi-species__20260514T120331Z,2,2,0.2806204855442047,0.19161197543144226,0.5277675986289978
gue_splice_reconstructed_frozen__InstaDeepAI_nucleotide-transformer-v2-500m-multi-species__20260514T120331Z,2,2,0.2748703062534332,0.18735376000404358,0.5377759337425232
gue_splice_reconstructed_frozen__InstaDeepAI_nucleotide-transformer-v2-500m-multi-species__20260514T120331Z,0,2,0.27351415157318115,0.18496447801589966,0.5415213704109192
gue_splice_reconstructed_frozen__InstaDeepAI_nucleotide-transformer-v2-500m-multi-species__20260514T120331Z,1,2,0.1876237541437149,0.14450731873512268,0.6678689122200012
gue_splice_reconstructed_frozen__InstaDeepAI_nucleotide-transformer-v2-500m-multi-species__20260514T120331Z,2,2,0.18979112803936005,0.0660480260848999,0.7441608309745789
gue_splice_reconstructed_frozen__InstaDeepAI_nucleotide-transformer-v2-500m-multi-species__20260514T120331Z,0,2,0.2770196795463562,0.10842288285493851,0.6145574450492859
gue_splice_reconstructed_frozen__InstaDeepAI_nucleotide-transformer-v2-500m-multi-species__20260514T120331Z,2,1,0.19242560863494873,0.4213235378265381,0.3862508237361908
gue_splice_reconstructed_frozen__InstaDeepAI_nucleotide-transformer-v2-500m-multi-species__20260514T120331Z,2,2,0.15804356336593628,0.16112136840820312,0.6808350682258606
gue_splice_reconstructed_frozen__InstaDeepAI_nucleotide-transformer-v2-500m-multi-species__20260514T120331Z,1,2,0.1521713137626648,0.3616248667240143,0.4862038493156433
gue_splice_reconstructed_frozen__InstaDeepAI_nucleotide-transformer-v2-500m-multi-species__20260514T120331Z,2,2,0.2880125641822815,0.1868707686662674,0.5251166820526123
gue_splice_reconstructed_frozen__InstaDeepAI_nucleotide-transformer-v2-500m-multi-species__20260514T120331Z,2,2,0.22270320355892181,0.1386006474494934,0.6386961936950684
gue_splice_reconstructed_frozen__InstaDeepAI_nucleotide-transformer-v2-500m-multi-species__20260514T120331Z,2,2,0.15050990879535675,0.040100835263729095,0.8093892335891724
gue_splice_reconstructed_frozen__InstaDeepAI_nucleotide-transformer-v2-500m-multi-species__20260514T120331Z,2,2,0.10387854278087616,0.07945223152637482,0.816669225692749
gue_splice_reconstructed_frozen__InstaDeepAI_nucleotide-transformer-v2-500m-multi-species__20260514T120331Z,1,2,0.23515984416007996,0.22576485574245453,0.5390753149986267
gue_splice_reconstructed_frozen__InstaDeepAI_nucleotide-transformer-v2-500m-multi-species__20260514T120331Z,0,2,0.25547972321510315,0.26669663190841675,0.4778236448764801
gue_splice_reconstructed_frozen__InstaDeepAI_nucleotide-transformer-v2-500m-multi-species__20260514T120331Z,2,2,0.1465892791748047,0.16221992671489716,0.691190779209137
gue_splice_reconstructed_frozen__InstaDeepAI_nucleotide-transformer-v2-500m-multi-species__20260514T120331Z,2,2,0.2548803389072418,0.2113032191991806,0.533816397190094
gue_splice_reconstructed_frozen__InstaDeepAI_nucleotide-transformer-v2-500m-multi-species__20260514T120331Z,2,2,0.16938923299312592,0.35519883036613464,0.47541192173957825
gue_splice_reconstructed_frozen__InstaDeepAI_nucleotide-transformer-v2-500m-multi-species__20260514T120331Z,2,2,0.2543152868747711,0.21848542988300323,0.5271992683410645
gue_splice_reconstructed_frozen__InstaDeepAI_nucleotide-transformer-v2-500m-multi-species__20260514T120331Z,2,2,0.25323614478111267,0.3186681568622589,0.4280957281589508
gue_splice_reconstructed_frozen__InstaDeepAI_nucleotide-transformer-v2-500m-multi-species__20260514T120331Z,2,2,0.2302236258983612,0.2346211075782776,0.5351552367210388
gue_splice_reconstructed_frozen__InstaDeepAI_nucleotide-transformer-v2-500m-multi-species__20260514T120331Z,2,2,0.24594761431217194,0.20140540599822998,0.5526469349861145
gue_splice_reconstructed_frozen__InstaDeepAI_nucleotide-transformer-v2-500m-multi-species__20260514T120331Z,2,2,0.21639645099639893,0.0820121020078659,0.701591432094574
gue_splice_reconstructed_frozen__InstaDeepAI_nucleotide-transformer-v2-500m-multi-species__20260514T120331Z,1,2,0.21859920024871826,0.17309515178203583,0.6083056330680847
gue_splice_reconstructed_frozen__InstaDeepAI_nucleotide-transformer-v2-500m-multi-species__20260514T120331Z,2,2,0.20533119142055511,0.22551222145557404,0.5691565871238708
gue_splice_reconstructed_frozen__InstaDeepAI_nucleotide-transformer-v2-500m-multi-species__20260514T120331Z,2,2,0.07635330408811569,0.05281096696853638,0.8708357214927673
gue_splice_reconstructed_frozen__InstaDeepAI_nucleotide-transformer-v2-500m-multi-species__20260514T120331Z,1,2,0.1802847534418106,0.3353598415851593,0.4843553900718689
gue_splice_reconstructed_frozen__InstaDeepAI_nucleotide-transformer-v2-500m-multi-species__20260514T120331Z,0,2,0.29925206303596497,0.3204437494277954,0.3803041875362396
gue_splice_reconstructed_frozen__InstaDeepAI_nucleotide-transformer-v2-500m-multi-species__20260514T120331Z,2,2,0.17217369377613068,0.35866567492485046,0.46916067600250244
gue_splice_reconstructed_frozen__InstaDeepAI_nucleotide-transformer-v2-500m-multi-species__20260514T120331Z,2,2,0.175368994474411,0.19954557716846466,0.6250854730606079
gue_splice_reconstructed_frozen__InstaDeepAI_nucleotide-transformer-v2-500m-multi-species__20260514T120331Z,2,2,0.2148546725511551,0.31711819767951965,0.46802714467048645
gue_splice_reconstructed_frozen__InstaDeepAI_nucleotide-transformer-v2-500m-multi-species__20260514T120331Z,0,2,0.21741701662540436,0.26873648166656494,0.5138465166091919
gue_splice_reconstructed_frozen__InstaDeepAI_nucleotide-transformer-v2-500m-multi-species__20260514T120331Z,2,2,0.24945475161075592,0.20442084968090057,0.5461244583129883
gue_splice_reconstructed_frozen__InstaDeepAI_nucleotide-transformer-v2-500m-multi-species__20260514T120331Z,2,2,0.21221612393856049,0.3483934998512268,0.4393904209136963
gue_splice_reconstructed_frozen__InstaDeepAI_nucleotide-transformer-v2-500m-multi-species__20260514T120331Z,0,2,0.1705610454082489,0.3050990104675293,0.5243399143218994
gue_splice_reconstructed_frozen__InstaDeepAI_nucleotide-transformer-v2-500m-multi-species__20260514T120331Z,0,2,0.3447541296482086,0.16255240142345428,0.4926934242248535
gue_splice_reconstructed_frozen__InstaDeepAI_nucleotide-transformer-v2-500m-multi-species__20260514T120331Z,2,2,0.15860150754451752,0.33067500591278076,0.5107235312461853
gue_splice_reconstructed_frozen__InstaDeepAI_nucleotide-transformer-v2-500m-multi-species__20260514T120331Z,1,2,0.256836473941803,0.2635055184364319,0.47965797781944275
gue_splice_reconstructed_frozen__InstaDeepAI_nucleotide-transformer-v2-500m-multi-species__20260514T120331Z,2,2,0.12481417506933212,0.06288320571184158,0.8123025894165039
gue_splice_reconstructed_frozen__InstaDeepAI_nucleotide-transformer-v2-500m-multi-species__20260514T120331Z,0,2,0.31758666038513184,0.20653146505355835,0.4758818745613098
gue_splice_reconstructed_frozen__InstaDeepAI_nucleotide-transformer-v2-500m-multi-species__20260514T120331Z,1,2,0.22502410411834717,0.30724313855171204,0.467732697725296
gue_splice_reconstructed_frozen__InstaDeepAI_nucleotide-transformer-v2-500m-multi-species__20260514T120331Z,2,2,0.2495255470275879,0.1635430008172989,0.5869314670562744
gue_splice_reconstructed_frozen__InstaDeepAI_nucleotide-transformer-v2-500m-multi-species__20260514T120331Z,1,2,0.2802187204360962,0.23189866542816162,0.4878826141357422
gue_splice_reconstructed_frozen__InstaDeepAI_nucleotide-transformer-v2-500m-multi-species__20260514T120331Z,2,2,0.10578811913728714,0.17339614033699036,0.7208157181739807
gue_splice_reconstructed_frozen__InstaDeepAI_nucleotide-transformer-v2-500m-multi-species__20260514T120331Z,2,2,0.11953852325677872,0.3073836863040924,0.5730777978897095
gue_splice_reconstructed_frozen__InstaDeepAI_nucleotide-transformer-v2-500m-multi-species__20260514T120331Z,2,2,0.2292948067188263,0.18238623440265656,0.588318943977356
gue_splice_reconstructed_frozen__InstaDeepAI_nucleotide-transformer-v2-500m-multi-species__20260514T120331Z,0,2,0.28223541378974915,0.28464004397392273,0.43312448263168335
gue_splice_reconstructed_frozen__InstaDeepAI_nucleotide-transformer-v2-500m-multi-species__20260514T120331Z,2,2,0.22451727092266083,0.2080758810043335,0.5674068927764893
gue_splice_reconstructed_frozen__InstaDeepAI_nucleotide-transformer-v2-500m-multi-species__20260514T120331Z,1,2,0.20290717482566833,0.2571256756782532,0.5399671792984009
gue_splice_reconstructed_frozen__InstaDeepAI_nucleotide-transformer-v2-500m-multi-species__20260514T120331Z,1,2,0.17240159213542938,0.2420886904001236,0.585509717464447
gue_splice_reconstructed_frozen__InstaDeepAI_nucleotide-transformer-v2-500m-multi-species__20260514T120331Z,2,2,0.22374360263347626,0.2092149406671524,0.5670414566993713
gue_splice_reconstructed_frozen__InstaDeepAI_nucleotide-transformer-v2-500m-multi-species__20260514T120331Z,1,2,0.17216254770755768,0.3358329236507416,0.49200451374053955
gue_splice_reconstructed_frozen__InstaDeepAI_nucleotide-transformer-v2-500m-multi-species__20260514T120331Z,2,2,0.16069693863391876,0.24194984138011932,0.5973531603813171
gue_splice_reconstructed_frozen__InstaDeepAI_nucleotide-transformer-v2-500m-multi-species__20260514T120331Z,0,2,0.14888893067836761,0.31598761677742004,0.5351234674453735
gue_splice_reconstructed_frozen__InstaDeepAI_nucleotide-transformer-v2-500m-multi-species__20260514T120331Z,2,2,0.11320793628692627,0.3301069438457489,0.5566850900650024
gue_splice_reconstructed_frozen__InstaDeepAI_nucleotide-transformer-v2-500m-multi-species__20260514T120331Z,1,2,0.17152641713619232,0.2068498581647873,0.621623694896698
gue_splice_reconstructed_frozen__InstaDeepAI_nucleotide-transformer-v2-500m-multi-species__20260514T120331Z,1,2,0.15447840094566345,0.3638507127761841,0.48167094588279724
gue_splice_reconstructed_frozen__InstaDeepAI_nucleotide-transformer-v2-500m-multi-species__20260514T120331Z,2,2,0.18997427821159363,0.2333730310201645,0.5766527056694031
gue_splice_reconstructed_frozen__InstaDeepAI_nucleotide-transformer-v2-500m-multi-species__20260514T120331Z,0,2,0.20451058447360992,0.28310421109199524,0.5123852491378784
gue_splice_reconstructed_frozen__InstaDeepAI_nucleotide-transformer-v2-500m-multi-species__20260514T120331Z,1,2,0.11729922890663147,0.21392367780208588,0.6687771081924438
gue_splice_reconstructed_frozen__InstaDeepAI_nucleotide-transformer-v2-500m-multi-species__20260514T120331Z,1,2,0.16014127433300018,0.2981078028678894,0.5417509078979492
gue_splice_reconstructed_frozen__InstaDeepAI_nucleotide-transformer-v2-500m-multi-species__20260514T120331Z,2,2,0.1992190182209015,0.28781700134277344,0.5129640102386475
gue_splice_reconstructed_frozen__InstaDeepAI_nucleotide-transformer-v2-500m-multi-species__20260514T120331Z,2,2,0.11952433735132217,0.05222906917333603,0.8282466530799866
gue_splice_reconstructed_frozen__InstaDeepAI_nucleotide-transformer-v2-500m-multi-species__20260514T120331Z,0,2,0.2685009837150574,0.27269595861434937,0.45880308747291565
gue_splice_reconstructed_frozen__InstaDeepAI_nucleotide-transformer-v2-500m-multi-species__20260514T120331Z,2,2,0.2455434948205948,0.19390924274921417,0.5605472922325134
gue_splice_reconstructed_frozen__InstaDeepAI_nucleotide-transformer-v2-500m-multi-species__20260514T120331Z,0,2,0.19335995614528656,0.18124617636203766,0.6253938674926758
gue_splice_reconstructed_frozen__InstaDeepAI_nucleotide-transformer-v2-500m-multi-species__20260514T120331Z,2,2,0.20110416412353516,0.27253803610801697,0.5263578295707703
gue_splice_reconstructed_frozen__InstaDeepAI_nucleotide-transformer-v2-500m-multi-species__20260514T120331Z,1,2,0.13364247977733612,0.13501988351345062,0.7313376665115356
gue_splice_reconstructed_frozen__InstaDeepAI_nucleotide-transformer-v2-500m-multi-species__20260514T120331Z,2,2,0.29829663038253784,0.2863443195819855,0.4153590202331543
gue_splice_reconstructed_frozen__InstaDeepAI_nucleotide-transformer-v2-500m-multi-species__20260514T120331Z,0,2,0.24725833535194397,0.16479000449180603,0.5879516005516052
gue_splice_reconstructed_frozen__InstaDeepAI_nucleotide-transformer-v2-500m-multi-species__20260514T120331Z,2,2,0.11902205646038055,0.17534580826759338,0.7056320905685425
gue_splice_reconstructed_frozen__InstaDeepAI_nucleotide-transformer-v2-500m-multi-species__20260514T120331Z,2,2,0.2915194630622864,0.22903284430503845,0.47944772243499756
gue_splice_reconstructed_frozen__InstaDeepAI_nucleotide-transformer-v2-500m-multi-species__20260514T120331Z,1,2,0.23897621035575867,0.19581009447574615,0.5652137398719788
gue_splice_reconstructed_frozen__InstaDeepAI_nucleotide-transformer-v2-500m-multi-species__20260514T120331Z,2,2,0.16682951152324677,0.21120141446590424,0.6219690442085266
gue_splice_reconstructed_frozen__InstaDeepAI_nucleotide-transformer-v2-500m-multi-species__20260514T120331Z,1,2,0.2793615758419037,0.1665346622467041,0.5541037321090698
gue_splice_reconstructed_frozen__InstaDeepAI_nucleotide-transformer-v2-500m-multi-species__20260514T120331Z,1,2,0.10911829769611359,0.3157828152179718,0.5750988721847534
gue_splice_reconstructed_frozen__InstaDeepAI_nucleotide-transformer-v2-500m-multi-species__20260514T120331Z,1,2,0.21004854142665863,0.36408504843711853,0.42586642503738403
gue_splice_reconstructed_frozen__InstaDeepAI_nucleotide-transformer-v2-500m-multi-species__20260514T120331Z,2,2,0.3273997902870178,0.3199229836463928,0.35267725586891174
gue_splice_reconstructed_frozen__InstaDeepAI_nucleotide-transformer-v2-500m-multi-species__20260514T120331Z,1,2,0.25264859199523926,0.31320521235466003,0.4341462254524231
gue_splice_reconstructed_frozen__InstaDeepAI_nucleotide-transformer-v2-500m-multi-species__20260514T120331Z,1,2,0.1461343765258789,0.25228190422058105,0.6015836596488953
gue_splice_reconstructed_frozen__InstaDeepAI_nucleotide-transformer-v2-500m-multi-species__20260514T120331Z,2,2,0.13616186380386353,0.29197314381599426,0.5718650221824646
gue_splice_reconstructed_frozen__InstaDeepAI_nucleotide-transformer-v2-500m-multi-species__20260514T120331Z,2,2,0.2670537233352661,0.2296813428401947,0.5032649636268616
gue_splice_reconstructed_frozen__InstaDeepAI_nucleotide-transformer-v2-500m-multi-species__20260514T120331Z,0,2,0.29601067304611206,0.2838378846645355,0.42015141248703003
gue_splice_reconstructed_frozen__InstaDeepAI_nucleotide-transformer-v2-500m-multi-species__20260514T120331Z,0,2,0.28763723373413086,0.2780207693576813,0.43434202671051025
gue_splice_reconstructed_frozen__InstaDeepAI_nucleotide-transformer-v2-500m-multi-species__20260514T120331Z,1,2,0.1424945443868637,0.033140186220407486,0.8243653178215027
gue_splice_reconstructed_frozen__InstaDeepAI_nucleotide-transformer-v2-500m-multi-species__20260514T120331Z,1,2,0.28095510601997375,0.18919922411441803,0.529845654964447
gue_splice_reconstructed_frozen__InstaDeepAI_nucleotide-transformer-v2-500m-multi-species__20260514T120331Z,2,2,0.2072211056947708,0.2434815764427185,0.5492973327636719
gue_splice_reconstructed_frozen__InstaDeepAI_nucleotide-transformer-v2-500m-multi-species__20260514T120331Z,1,2,0.3032653033733368,0.2624862790107727,0.4342484474182129
gue_splice_reconstructed_frozen__InstaDeepAI_nucleotide-transformer-v2-500m-multi-species__20260514T120331Z,1,2,0.2382299304008484,0.2762840986251831,0.4854859709739685
gue_splice_reconstructed_frozen__InstaDeepAI_nucleotide-transformer-v2-500m-multi-species__20260514T120331Z,1,2,0.2193075567483902,0.3752012252807617,0.4054912030696869
gue_splice_reconstructed_frozen__InstaDeepAI_nucleotide-transformer-v2-500m-multi-species__20260514T120331Z,2,2,0.2113250494003296,0.09453925490379333,0.6941357254981995
gue_splice_reconstructed_frozen__InstaDeepAI_nucleotide-transformer-v2-500m-multi-species__20260514T120331Z,2,2,0.19271820783615112,0.1982540488243103,0.6090277433395386
gue_splice_reconstructed_frozen__InstaDeepAI_nucleotide-transformer-v2-500m-multi-species__20260514T120331Z,2,2,0.22362613677978516,0.13067103922367096,0.6457027792930603
gue_splice_reconstructed_frozen__InstaDeepAI_nucleotide-transformer-v2-500m-multi-species__20260514T120331Z,0,2,0.2964206337928772,0.3148503601551056,0.3887289762496948
gue_splice_reconstructed_frozen__InstaDeepAI_nucleotide-transformer-v2-500m-multi-species__20260514T120331Z,0,2,0.16344769299030304,0.17348018288612366,0.6630721092224121
gue_splice_reconstructed_frozen__InstaDeepAI_nucleotide-transformer-v2-500m-multi-species__20260514T120331Z,2,2,0.19274331629276276,0.26722225546836853,0.5400344729423523
gue_splice_reconstructed_frozen__InstaDeepAI_nucleotide-transformer-v2-500m-multi-species__20260514T120331Z,2,2,0.2940501570701599,0.17003780603408813,0.535912036895752
gue_splice_reconstructed_frozen__InstaDeepAI_nucleotide-transformer-v2-500m-multi-species__20260514T120331Z,2,2,0.22342966496944427,0.14093251526355743,0.6356378197669983
gue_splice_reconstructed_frozen__InstaDeepAI_nucleotide-transformer-v2-500m-multi-species__20260514T120331Z,2,2,0.28274017572402954,0.25198131799697876,0.4652785360813141
gue_splice_reconstructed_frozen__InstaDeepAI_nucleotide-transformer-v2-500m-multi-species__20260514T120331Z,2,2,0.22913488745689392,0.3091285228729248,0.4617365598678589
gue_splice_reconstructed_frozen__InstaDeepAI_nucleotide-transformer-v2-500m-multi-species__20260514T120331Z,2,2,0.18241357803344727,0.20394468307495117,0.6136417388916016
gue_splice_reconstructed_frozen__InstaDeepAI_nucleotide-transformer-v2-500m-multi-species__20260514T120331Z,2,2,0.261610746383667,0.28755125403404236,0.45083796977996826
gue_splice_reconstructed_frozen__InstaDeepAI_nucleotide-transformer-v2-500m-multi-species__20260514T120331Z,1,2,0.22036756575107574,0.22805772721767426,0.5515747666358948
gue_splice_reconstructed_frozen__InstaDeepAI_nucleotide-transformer-v2-500m-multi-species__20260514T120331Z,2,2,0.28652259707450867,0.19219200313091278,0.5212854146957397
gue_splice_reconstructed_frozen__InstaDeepAI_nucleotide-transformer-v2-500m-multi-species__20260514T120331Z,1,2,0.2378200739622116,0.19521991908550262,0.5669600367546082
gue_splice_reconstructed_frozen__InstaDeepAI_nucleotide-transformer-v2-500m-multi-species__20260514T120331Z,1,1,0.22752897441387177,0.4196152091026306,0.35285574197769165
gue_splice_reconstructed_frozen__InstaDeepAI_nucleotide-transformer-v2-500m-multi-species__20260514T120331Z,2,2,0.18721896409988403,0.09527255594730377,0.7175084352493286
gue_splice_reconstructed_frozen__InstaDeepAI_nucleotide-transformer-v2-500m-multi-species__20260514T120331Z,2,2,0.2930034399032593,0.18019907176494598,0.5267974734306335
gue_splice_reconstructed_frozen__InstaDeepAI_nucleotide-transformer-v2-500m-multi-species__20260514T120331Z,2,2,0.3595808744430542,0.16358645260334015,0.47683271765708923
gue_splice_reconstructed_frozen__InstaDeepAI_nucleotide-transformer-v2-500m-multi-species__20260514T120331Z,1,2,0.21867789328098297,0.3363875448703766,0.4449344873428345
gue_splice_reconstructed_frozen__InstaDeepAI_nucleotide-transformer-v2-500m-multi-species__20260514T120331Z,2,2,0.16925565898418427,0.17938168346881866,0.6513626575469971
gue_splice_reconstructed_frozen__InstaDeepAI_nucleotide-transformer-v2-500m-multi-species__20260514T120331Z,1,2,0.29148542881011963,0.2137015461921692,0.4948130249977112
gue_splice_reconstructed_frozen__InstaDeepAI_nucleotide-transformer-v2-500m-multi-species__20260514T120331Z,2,2,0.18530061841011047,0.1850745677947998,0.6296248435974121
gue_splice_reconstructed_frozen__InstaDeepAI_nucleotide-transformer-v2-500m-multi-species__20260514T120331Z,1,2,0.1351059079170227,0.311419814825058,0.5534742474555969
gue_splice_reconstructed_frozen__InstaDeepAI_nucleotide-transformer-v2-500m-multi-species__20260514T120331Z,1,2,0.2376611977815628,0.1771654337644577,0.5851733684539795
gue_splice_reconstructed_frozen__InstaDeepAI_nucleotide-transformer-v2-500m-multi-species__20260514T120331Z,2,2,0.14689767360687256,0.41572305560112,0.43737921118736267
gue_splice_reconstructed_frozen__InstaDeepAI_nucleotide-transformer-v2-500m-multi-species__20260514T120331Z,1,2,0.155480295419693,0.2192891389131546,0.625230610370636
gue_splice_reconstructed_frozen__InstaDeepAI_nucleotide-transformer-v2-500m-multi-species__20260514T120331Z,2,2,0.25798025727272034,0.18953895568847656,0.5524808168411255
gue_splice_reconstructed_frozen__InstaDeepAI_nucleotide-transformer-v2-500m-multi-species__20260514T120331Z,0,2,0.19118301570415497,0.2692166268825531,0.5396003723144531
gue_splice_reconstructed_frozen__InstaDeepAI_nucleotide-transformer-v2-500m-multi-species__20260514T120331Z,2,2,0.21282172203063965,0.23408155143260956,0.5530967116355896
gue_splice_reconstructed_frozen__InstaDeepAI_nucleotide-transformer-v2-500m-multi-species__20260514T120331Z,2,2,0.2542574107646942,0.24968990683555603,0.49605268239974976
gue_splice_reconstructed_frozen__InstaDeepAI_nucleotide-transformer-v2-500m-multi-species__20260514T120331Z,2,2,0.21280242502689362,0.1502561867237091,0.6369413733482361
gue_splice_reconstructed_frozen__InstaDeepAI_nucleotide-transformer-v2-500m-multi-species__20260514T120331Z,0,2,0.23331637680530548,0.19399358332157135,0.5726900696754456
gue_splice_reconstructed_frozen__InstaDeepAI_nucleotide-transformer-v2-500m-multi-species__20260514T120331Z,2,2,0.27908843755722046,0.21671843528747559,0.504193127155304
gue_splice_reconstructed_frozen__InstaDeepAI_nucleotide-transformer-v2-500m-multi-species__20260514T120331Z,2,2,0.17819944024085999,0.34630918502807617,0.47549134492874146
gue_splice_reconstructed_frozen__InstaDeepAI_nucleotide-transformer-v2-500m-multi-species__20260514T120331Z,1,2,0.258928507566452,0.2319745570421219,0.5090969204902649
gue_splice_reconstructed_frozen__InstaDeepAI_nucleotide-transformer-v2-500m-multi-species__20260514T120331Z,2,2,0.18738354742527008,0.35446467995643616,0.45815178751945496
gue_splice_reconstructed_frozen__InstaDeepAI_nucleotide-transformer-v2-500m-multi-species__20260514T120331Z,2,2,0.14920271933078766,0.2726677358150482,0.5781295895576477
gue_splice_reconstructed_frozen__InstaDeepAI_nucleotide-transformer-v2-500m-multi-species__20260514T120331Z,2,2,0.1363203227519989,0.2293270081281662,0.6343526840209961
gue_splice_reconstructed_frozen__InstaDeepAI_nucleotide-transformer-v2-500m-multi-species__20260514T120331Z,2,2,0.14340561628341675,0.10410130769014359,0.7524930834770203
gue_splice_reconstructed_frozen__InstaDeepAI_nucleotide-transformer-v2-500m-multi-species__20260514T120331Z,1,2,0.23586198687553406,0.2775743007659912,0.4865637421607971
gue_splice_reconstructed_frozen__InstaDeepAI_nucleotide-transformer-v2-500m-multi-species__20260514T120331Z,2,2,0.21305817365646362,0.18940536677837372,0.5975365042686462
gue_splice_reconstructed_frozen__InstaDeepAI_nucleotide-transformer-v2-500m-multi-species__20260514T120331Z,2,2,0.2257290631532669,0.14948950707912445,0.6247814297676086
gue_splice_reconstructed_frozen__InstaDeepAI_nucleotide-transformer-v2-500m-multi-species__20260514T120331Z,2,2,0.1341692954301834,0.1119932234287262,0.7538374066352844
gue_splice_reconstructed_frozen__InstaDeepAI_nucleotide-transformer-v2-500m-multi-species__20260514T120331Z,2,2,0.1568222939968109,0.3421134948730469,0.5010642409324646
gue_splice_reconstructed_frozen__InstaDeepAI_nucleotide-transformer-v2-500m-multi-species__20260514T120331Z,1,1,0.21628344058990479,0.451985627412796,0.3317309021949768
gue_splice_reconstructed_frozen__InstaDeepAI_nucleotide-transformer-v2-500m-multi-species__20260514T120331Z,1,2,0.2691763639450073,0.34763920307159424,0.38318437337875366
gue_splice_reconstructed_frozen__InstaDeepAI_nucleotide-transformer-v2-500m-multi-species__20260514T120331Z,1,2,0.14638376235961914,0.27663278579711914,0.5769834518432617
gue_splice_reconstructed_frozen__InstaDeepAI_nucleotide-transformer-v2-500m-multi-species__20260514T120331Z,1,2,0.18516671657562256,0.22248290479183197,0.5923503637313843
gue_splice_reconstructed_frozen__InstaDeepAI_nucleotide-transformer-v2-500m-multi-species__20260514T120331Z,2,2,0.17434529960155487,0.2424389123916626,0.5832158327102661
gue_splice_reconstructed_frozen__InstaDeepAI_nucleotide-transformer-v2-500m-multi-species__20260514T120331Z,1,2,0.20741398632526398,0.3283557593822479,0.4642302989959717
gue_splice_reconstructed_frozen__InstaDeepAI_nucleotide-transformer-v2-500m-multi-species__20260514T120331Z,2,1,0.08720791339874268,0.6242536902427673,0.2885384261608124
gue_splice_reconstructed_frozen__InstaDeepAI_nucleotide-transformer-v2-500m-multi-species__20260514T120331Z,2,2,0.22214938700199127,0.15077324211597443,0.6270773410797119
gue_splice_reconstructed_frozen__InstaDeepAI_nucleotide-transformer-v2-500m-multi-species__20260514T120331Z,2,2,0.17515981197357178,0.14696018397808075,0.677880048751831
gue_splice_reconstructed_frozen__InstaDeepAI_nucleotide-transformer-v2-500m-multi-species__20260514T120331Z,2,2,0.24186758697032928,0.17721351981163025,0.5809189081192017
gue_splice_reconstructed_frozen__InstaDeepAI_nucleotide-transformer-v2-500m-multi-species__20260514T120331Z,1,2,0.1866019070148468,0.39930260181427,0.4140954911708832
gue_splice_reconstructed_frozen__InstaDeepAI_nucleotide-transformer-v2-500m-multi-species__20260514T120331Z,0,2,0.2478744238615036,0.13985565304756165,0.612269937992096
gue_splice_reconstructed_frozen__InstaDeepAI_nucleotide-transformer-v2-500m-multi-species__20260514T120331Z,0,2,0.19488118588924408,0.2020515650510788,0.6030672192573547
gue_splice_reconstructed_frozen__InstaDeepAI_nucleotide-transformer-v2-500m-multi-species__20260514T120331Z,2,2,0.22740438580513,0.22980427742004395,0.5427913665771484
gue_splice_reconstructed_frozen__InstaDeepAI_nucleotide-transformer-v2-500m-multi-species__20260514T120331Z,1,2,0.16397106647491455,0.3804073631763458,0.455621600151062
gue_splice_reconstructed_frozen__InstaDeepAI_nucleotide-transformer-v2-500m-multi-species__20260514T120331Z,2,2,0.1983126997947693,0.18091878294944763,0.6207685470581055
gue_splice_reconstructed_frozen__InstaDeepAI_nucleotide-transformer-v2-500m-multi-species__20260514T120331Z,2,2,0.11619202047586441,0.11383344978094101,0.7699745893478394
gue_splice_reconstructed_frozen__InstaDeepAI_nucleotide-transformer-v2-500m-multi-species__20260514T120331Z,2,2,0.1915602684020996,0.29779648780822754,0.5106432437896729
gue_splice_reconstructed_frozen__InstaDeepAI_nucleotide-transformer-v2-500m-multi-species__20260514T120331Z,0,2,0.1197609156370163,0.3038480281829834,0.5763911008834839
gue_splice_reconstructed_frozen__InstaDeepAI_nucleotide-transformer-v2-500m-multi-species__20260514T120331Z,2,2,0.2520754635334015,0.20082493126392365,0.5470995903015137
gue_splice_reconstructed_frozen__InstaDeepAI_nucleotide-transformer-v2-500m-multi-species__20260514T120331Z,1,2,0.2715320885181427,0.24150563776493073,0.48696234822273254
gue_splice_reconstructed_frozen__InstaDeepAI_nucleotide-transformer-v2-500m-multi-species__20260514T120331Z,2,2,0.23446711897850037,0.03212924301624298,0.7334036827087402
gue_splice_reconstructed_frozen__InstaDeepAI_nucleotide-transformer-v2-500m-multi-species__20260514T120331Z,1,2,0.2283332347869873,0.17477025091648102,0.5968965291976929
gue_splice_reconstructed_frozen__InstaDeepAI_nucleotide-transformer-v2-500m-multi-species__20260514T120331Z,0,2,0.12849539518356323,0.17278288304805756,0.6987217664718628
gue_splice_reconstructed_frozen__InstaDeepAI_nucleotide-transformer-v2-500m-multi-species__20260514T120331Z,1,2,0.1902114897966385,0.2524973452091217,0.5572911500930786
gue_splice_reconstructed_frozen__InstaDeepAI_nucleotide-transformer-v2-500m-multi-species__20260514T120331Z,0,2,0.22854956984519958,0.29348137974739075,0.47796908020973206
gue_splice_reconstructed_frozen__InstaDeepAI_nucleotide-transformer-v2-500m-multi-species__20260514T120331Z,2,2,0.09881503134965897,0.14564748108386993,0.7555375099182129
gue_splice_reconstructed_frozen__InstaDeepAI_nucleotide-transformer-v2-500m-multi-species__20260514T120331Z,1,2,0.27201932668685913,0.28304100036621094,0.44493964314460754
gue_splice_reconstructed_frozen__InstaDeepAI_nucleotide-transformer-v2-500m-multi-species__20260514T120331Z,1,2,0.23368655145168304,0.2608553469181061,0.5054581165313721
gue_splice_reconstructed_frozen__InstaDeepAI_nucleotide-transformer-v2-500m-multi-species__20260514T120331Z,1,2,0.12390481680631638,0.27273064851760864,0.6033645272254944
gue_splice_reconstructed_frozen__InstaDeepAI_nucleotide-transformer-v2-500m-multi-species__20260514T120331Z,2,2,0.11616340279579163,0.07276421785354614,0.8110723495483398
gue_splice_reconstructed_frozen__InstaDeepAI_nucleotide-transformer-v2-500m-multi-species__20260514T120331Z,0,2,0.25345075130462646,0.23337580263614655,0.5131734609603882
gue_splice_reconstructed_frozen__InstaDeepAI_nucleotide-transformer-v2-500m-multi-species__20260514T120331Z,1,2,0.22796820104122162,0.21075892448425293,0.5612728595733643
gue_splice_reconstructed_frozen__InstaDeepAI_nucleotide-transformer-v2-500m-multi-species__20260514T120331Z,1,2,0.21799200773239136,0.25651267170906067,0.5254952907562256
gue_splice_reconstructed_frozen__InstaDeepAI_nucleotide-transformer-v2-500m-multi-species__20260514T120331Z,1,2,0.2521325349807739,0.3467765152454376,0.4010910093784332
gue_splice_reconstructed_frozen__InstaDeepAI_nucleotide-transformer-v2-500m-multi-species__20260514T120331Z,2,2,0.1822969913482666,0.14038754999637604,0.6773154735565186
gue_splice_reconstructed_frozen__InstaDeepAI_nucleotide-transformer-v2-500m-multi-species__20260514T120331Z,2,2,0.19698910415172577,0.18773898482322693,0.6152719259262085
gue_splice_reconstructed_frozen__InstaDeepAI_nucleotide-transformer-v2-500m-multi-species__20260514T120331Z,2,2,0.2406681329011917,0.14399485290050507,0.6153370141983032
gue_splice_reconstructed_frozen__InstaDeepAI_nucleotide-transformer-v2-500m-multi-species__20260514T120331Z,1,2,0.2725234031677246,0.2635589838027954,0.4639175832271576
gue_splice_reconstructed_frozen__InstaDeepAI_nucleotide-transformer-v2-500m-multi-species__20260514T120331Z,0,2,0.22221237421035767,0.27775728702545166,0.5000303387641907
gue_splice_reconstructed_frozen__InstaDeepAI_nucleotide-transformer-v2-500m-multi-species__20260514T120331Z,2,2,0.1369026154279709,0.07873179763555527,0.7843655943870544
gue_splice_reconstructed_frozen__InstaDeepAI_nucleotide-transformer-v2-500m-multi-species__20260514T120331Z,2,2,0.30714112520217896,0.13567885756492615,0.5571799874305725
gue_splice_reconstructed_frozen__InstaDeepAI_nucleotide-transformer-v2-500m-multi-species__20260514T120331Z,2,1,0.163967564702034,0.46289974451065063,0.3731327950954437
gue_splice_reconstructed_frozen__InstaDeepAI_nucleotide-transformer-v2-500m-multi-species__20260514T120331Z,2,2,0.22818873822689056,0.09644442051649094,0.6753668189048767
gue_splice_reconstructed_frozen__InstaDeepAI_nucleotide-transformer-v2-500m-multi-species__20260514T120331Z,1,2,0.17749835550785065,0.2207116186618805,0.6017900705337524
gue_splice_reconstructed_frozen__InstaDeepAI_nucleotide-transformer-v2-500m-multi-species__20260514T120331Z,0,2,0.17309024930000305,0.40215227007865906,0.4247574508190155
gue_splice_reconstructed_frozen__InstaDeepAI_nucleotide-transformer-v2-500m-multi-species__20260514T120331Z,1,2,0.344453364610672,0.2773425281047821,0.3782041072845459
gue_splice_reconstructed_frozen__InstaDeepAI_nucleotide-transformer-v2-500m-multi-species__20260514T120331Z,0,2,0.28634893894195557,0.22815795242786407,0.48549315333366394
gue_splice_reconstructed_frozen__InstaDeepAI_nucleotide-transformer-v2-500m-multi-species__20260514T120331Z,2,2,0.20646293461322784,0.05311477184295654,0.740422248840332
gue_splice_reconstructed_frozen__InstaDeepAI_nucleotide-transformer-v2-500m-multi-species__20260514T120331Z,2,2,0.22435525059700012,0.24267473816871643,0.5329700112342834
gue_splice_reconstructed_frozen__InstaDeepAI_nucleotide-transformer-v2-500m-multi-species__20260514T120331Z,2,2,0.21002130210399628,0.11482958495616913,0.6751490831375122
gue_splice_reconstructed_frozen__InstaDeepAI_nucleotide-transformer-v2-500m-multi-species__20260514T120331Z,0,2,0.22282378375530243,0.13625934720039368,0.6409168839454651
gue_splice_reconstructed_frozen__InstaDeepAI_nucleotide-transformer-v2-500m-multi-species__20260514T120331Z,2,2,0.22521185874938965,0.11980637907981873,0.6549817323684692
gue_splice_reconstructed_frozen__InstaDeepAI_nucleotide-transformer-v2-500m-multi-species__20260514T120331Z,2,2,0.2721518576145172,0.20050083100795746,0.5273473262786865
gue_splice_reconstructed_frozen__InstaDeepAI_nucleotide-transformer-v2-500m-multi-species__20260514T120331Z,0,2,0.1921590268611908,0.12915126979351044,0.67868971824646
gue_splice_reconstructed_frozen__InstaDeepAI_nucleotide-transformer-v2-500m-multi-species__20260514T120331Z,0,2,0.23304162919521332,0.26116952300071716,0.5057889223098755
gue_splice_reconstructed_frozen__InstaDeepAI_nucleotide-transformer-v2-500m-multi-species__20260514T120331Z,0,2,0.1655510812997818,0.22800056636333466,0.6064483523368835
gue_splice_reconstructed_frozen__InstaDeepAI_nucleotide-transformer-v2-500m-multi-species__20260514T120331Z,1,2,0.15468396246433258,0.41476505994796753,0.4305509626865387
gue_splice_reconstructed_frozen__InstaDeepAI_nucleotide-transformer-v2-500m-multi-species__20260514T120331Z,1,2,0.14582063257694244,0.37218421697616577,0.4819951057434082
gue_splice_reconstructed_frozen__InstaDeepAI_nucleotide-transformer-v2-500m-multi-species__20260514T120331Z,0,2,0.2981441915035248,0.1918395608663559,0.5100162625312805
gue_splice_reconstructed_frozen__InstaDeepAI_nucleotide-transformer-v2-500m-multi-species__20260514T120331Z,0,2,0.3158077001571655,0.14481692016124725,0.539375364780426
gue_splice_reconstructed_frozen__InstaDeepAI_nucleotide-transformer-v2-500m-multi-species__20260514T120331Z,2,2,0.16655312478542328,0.22153764963150024,0.6119092106819153
gue_splice_reconstructed_frozen__InstaDeepAI_nucleotide-transformer-v2-500m-multi-species__20260514T120331Z,2,2,0.2743997573852539,0.12044841796159744,0.605151891708374
gue_splice_reconstructed_frozen__InstaDeepAI_nucleotide-transformer-v2-500m-multi-species__20260514T120331Z,2,2,0.39056554436683655,0.18785347044467926,0.421580970287323
gue_splice_reconstructed_frozen__InstaDeepAI_nucleotide-transformer-v2-500m-multi-species__20260514T120331Z,1,2,0.22843977808952332,0.2395782619714737,0.5319819450378418
gue_splice_reconstructed_frozen__InstaDeepAI_nucleotide-transformer-v2-500m-multi-species__20260514T120331Z,2,1,0.0982024297118187,0.6434946656227112,0.2583028972148895
gue_splice_reconstructed_frozen__InstaDeepAI_nucleotide-transformer-v2-500m-multi-species__20260514T120331Z,2,2,0.2601682245731354,0.17836391925811768,0.5614678263664246
gue_splice_reconstructed_frozen__InstaDeepAI_nucleotide-transformer-v2-500m-multi-species__20260514T120331Z,0,2,0.26244714856147766,0.2629602253437042,0.4745926856994629
gue_splice_reconstructed_frozen__InstaDeepAI_nucleotide-transformer-v2-500m-multi-species__20260514T120331Z,0,1,0.23649446666240692,0.3868319094181061,0.3766735792160034
gue_splice_reconstructed_frozen__InstaDeepAI_nucleotide-transformer-v2-500m-multi-species__20260514T120331Z,2,2,0.14256994426250458,0.11767636984586716,0.7397536635398865
gue_splice_reconstructed_frozen__InstaDeepAI_nucleotide-transformer-v2-500m-multi-species__20260514T120331Z,0,2,0.15816855430603027,0.1989212930202484,0.6429101228713989
gue_splice_reconstructed_frozen__InstaDeepAI_nucleotide-transformer-v2-500m-multi-species__20260514T120331Z,0,2,0.2615973651409149,0.2516985833644867,0.4867039918899536
gue_splice_reconstructed_frozen__InstaDeepAI_nucleotide-transformer-v2-500m-multi-species__20260514T120331Z,2,2,0.17293672263622284,0.2644383907318115,0.5626249313354492
gue_splice_reconstructed_frozen__InstaDeepAI_nucleotide-transformer-v2-500m-multi-species__20260514T120331Z,2,2,0.1936263144016266,0.0674053207039833,0.7389683723449707
gue_splice_reconstructed_frozen__InstaDeepAI_nucleotide-transformer-v2-500m-multi-species__20260514T120331Z,2,2,0.13062606751918793,0.04751218482851982,0.821861743927002
gue_splice_reconstructed_frozen__InstaDeepAI_nucleotide-transformer-v2-500m-multi-species__20260514T120331Z,2,2,0.09029211103916168,0.37856945395469666,0.5311384201049805
gue_splice_reconstructed_frozen__InstaDeepAI_nucleotide-transformer-v2-500m-multi-species__20260514T120331Z,1,2,0.19330091774463654,0.19687296450138092,0.6098261475563049
gue_splice_reconstructed_frozen__InstaDeepAI_nucleotide-transformer-v2-500m-multi-species__20260514T120331Z,2,2,0.2092704474925995,0.21615074574947357,0.5745788216590881
gue_splice_reconstructed_frozen__InstaDeepAI_nucleotide-transformer-v2-500m-multi-species__20260514T120331Z,1,1,0.20652976632118225,0.40903231501579285,0.3844379484653473
gue_splice_reconstructed_frozen__InstaDeepAI_nucleotide-transformer-v2-500m-multi-species__20260514T120331Z,1,2,0.20583228766918182,0.1845969706773758,0.6095707416534424
gue_splice_reconstructed_frozen__InstaDeepAI_nucleotide-transformer-v2-500m-multi-species__20260514T120331Z,2,2,0.24508318305015564,0.2203895002603531,0.5345273017883301
gue_splice_reconstructed_frozen__InstaDeepAI_nucleotide-transformer-v2-500m-multi-species__20260514T120331Z,1,2,0.26485204696655273,0.18506589531898499,0.5500820279121399
gue_splice_reconstructed_frozen__InstaDeepAI_nucleotide-transformer-v2-500m-multi-species__20260514T120331Z,1,2,0.20728164911270142,0.1381467878818512,0.654571533203125
gue_splice_reconstructed_frozen__InstaDeepAI_nucleotide-transformer-v2-500m-multi-species__20260514T120331Z,1,2,0.2760868966579437,0.31533482670783997,0.4085782468318939
gue_splice_reconstructed_frozen__InstaDeepAI_nucleotide-transformer-v2-500m-multi-species__20260514T120331Z,2,2,0.24118663370609283,0.19926846027374268,0.5595448613166809
gue_splice_reconstructed_frozen__InstaDeepAI_nucleotide-transformer-v2-500m-multi-species__20260514T120331Z,2,2,0.2455669790506363,0.3068279027938843,0.447605162858963
gue_splice_reconstructed_frozen__InstaDeepAI_nucleotide-transformer-v2-500m-multi-species__20260514T120331Z,2,2,0.23044955730438232,0.26002025604248047,0.5095301866531372
gue_splice_reconstructed_frozen__InstaDeepAI_nucleotide-transformer-v2-500m-multi-species__20260514T120331Z,2,2,0.3118704855442047,0.19306650757789612,0.49506306648254395
gue_splice_reconstructed_frozen__InstaDeepAI_nucleotide-transformer-v2-500m-multi-species__20260514T120331Z,2,2,0.13748714327812195,0.19431445002555847,0.6681984066963196
gue_splice_reconstructed_frozen__InstaDeepAI_nucleotide-transformer-v2-500m-multi-species__20260514T120331Z,1,2,0.18048512935638428,0.2151702642440796,0.6043446063995361
gue_splice_reconstructed_frozen__InstaDeepAI_nucleotide-transformer-v2-500m-multi-species__20260514T120331Z,0,2,0.20274727046489716,0.33349934220314026,0.463753342628479
gue_splice_reconstructed_frozen__InstaDeepAI_nucleotide-transformer-v2-500m-multi-species__20260514T120331Z,2,1,0.2913799285888672,0.3710464537143707,0.33757367730140686
gue_splice_reconstructed_frozen__InstaDeepAI_nucleotide-transformer-v2-500m-multi-species__20260514T120331Z,2,2,0.23414203524589539,0.31777629256248474,0.44808173179626465
gue_splice_reconstructed_frozen__InstaDeepAI_nucleotide-transformer-v2-500m-multi-species__20260514T120331Z,2,2,0.23328177630901337,0.22186654806137085,0.5448516607284546
gue_splice_reconstructed_frozen__InstaDeepAI_nucleotide-transformer-v2-500m-multi-species__20260514T120331Z,2,2,0.21983622014522552,0.16826647520065308,0.6118972897529602
gue_splice_reconstructed_frozen__InstaDeepAI_nucleotide-transformer-v2-500m-multi-species__20260514T120331Z,0,2,0.18757055699825287,0.18802905082702637,0.6244003772735596
gue_splice_reconstructed_frozen__InstaDeepAI_nucleotide-transformer-v2-500m-multi-species__20260514T120331Z,2,2,0.28056034445762634,0.045588262379169464,0.6738514304161072
gue_splice_reconstructed_frozen__InstaDeepAI_nucleotide-transformer-v2-500m-multi-species__20260514T120331Z,1,2,0.15823374688625336,0.3064683973789215,0.5352978706359863
gue_splice_reconstructed_frozen__InstaDeepAI_nucleotide-transformer-v2-500m-multi-species__20260514T120331Z,2,2,0.1375655084848404,0.12220402806997299,0.7402305006980896
gue_splice_reconstructed_frozen__InstaDeepAI_nucleotide-transformer-v2-500m-multi-species__20260514T120331Z,1,1,0.23674166202545166,0.3942957818508148,0.3689625561237335
gue_splice_reconstructed_frozen__InstaDeepAI_nucleotide-transformer-v2-500m-multi-species__20260514T120331Z,0,2,0.24084466695785522,0.1831243634223938,0.576030969619751
gue_splice_reconstructed_frozen__InstaDeepAI_nucleotide-transformer-v2-500m-multi-species__20260514T120331Z,0,2,0.19363225996494293,0.17471876740455627,0.6316489577293396
gue_splice_reconstructed_frozen__InstaDeepAI_nucleotide-transformer-v2-500m-multi-species__20260514T120331Z,2,2,0.19029586017131805,0.17715883255004883,0.6325453519821167
gue_splice_reconstructed_frozen__InstaDeepAI_nucleotide-transformer-v2-500m-multi-species__20260514T120331Z,2,2,0.200094535946846,0.20776084065437317,0.5921446084976196
gue_splice_reconstructed_frozen__InstaDeepAI_nucleotide-transformer-v2-500m-multi-species__20260514T120331Z,2,2,0.15499183535575867,0.16298618912696838,0.682021975517273
gue_splice_reconstructed_frozen__InstaDeepAI_nucleotide-transformer-v2-500m-multi-species__20260514T120331Z,1,0,0.4496508836746216,0.2054634988307953,0.34488555788993835
gue_splice_reconstructed_frozen__InstaDeepAI_nucleotide-transformer-v2-500m-multi-species__20260514T120331Z,1,2,0.26983213424682617,0.21989479660987854,0.5102730989456177
gue_splice_reconstructed_frozen__InstaDeepAI_nucleotide-transformer-v2-500m-multi-species__20260514T120331Z,2,2,0.19319382309913635,0.22636325657367706,0.5804429650306702
gue_splice_reconstructed_frozen__InstaDeepAI_nucleotide-transformer-v2-500m-multi-species__20260514T120331Z,2,2,0.2258075475692749,0.26470571756362915,0.509486734867096
gue_splice_reconstructed_frozen__InstaDeepAI_nucleotide-transformer-v2-500m-multi-species__20260514T120331Z,1,2,0.1972522884607315,0.15249919891357422,0.6502485275268555
gue_splice_reconstructed_frozen__InstaDeepAI_nucleotide-transformer-v2-500m-multi-species__20260514T120331Z,2,2,0.30206871032714844,0.16979458928108215,0.528136670589447
gue_splice_reconstructed_frozen__InstaDeepAI_nucleotide-transformer-v2-500m-multi-species__20260514T120331Z,2,2,0.19208724796772003,0.0920407846570015,0.7158719897270203
gue_splice_reconstructed_frozen__InstaDeepAI_nucleotide-transformer-v2-500m-multi-species__20260514T120331Z,2,1,0.19555272161960602,0.4993613660335541,0.30508583784103394
gue_splice_reconstructed_frozen__InstaDeepAI_nucleotide-transformer-v2-500m-multi-species__20260514T120331Z,2,2,0.2951143682003021,0.1675262153148651,0.5373594164848328
gue_splice_reconstructed_frozen__InstaDeepAI_nucleotide-transformer-v2-500m-multi-species__20260514T120331Z,2,2,0.2504054605960846,0.24493347108364105,0.5046610832214355
gue_splice_reconstructed_frozen__InstaDeepAI_nucleotide-transformer-v2-500m-multi-species__20260514T120331Z,2,2,0.2860419452190399,0.21453650295734406,0.49942153692245483
gue_splice_reconstructed_frozen__InstaDeepAI_nucleotide-transformer-v2-500m-multi-species__20260514T120331Z,2,2,0.16563619673252106,0.1884710043668747,0.6458927989006042
gue_splice_reconstructed_frozen__InstaDeepAI_nucleotide-transformer-v2-500m-multi-species__20260514T120331Z,0,2,0.30403417348861694,0.2085946649312973,0.4873710870742798
gue_splice_reconstructed_frozen__InstaDeepAI_nucleotide-transformer-v2-500m-multi-species__20260514T120331Z,2,1,0.22562390565872192,0.3932845890522003,0.38109147548675537
gue_splice_reconstructed_frozen__InstaDeepAI_nucleotide-transformer-v2-500m-multi-species__20260514T120331Z,2,2,0.1286586970090866,0.39167964458465576,0.4796617031097412
gue_splice_reconstructed_frozen__InstaDeepAI_nucleotide-transformer-v2-500m-multi-species__20260514T120331Z,2,2,0.19749785959720612,0.24289685487747192,0.5596053004264832
gue_splice_reconstructed_frozen__InstaDeepAI_nucleotide-transformer-v2-500m-multi-species__20260514T120331Z,1,2,0.22665707767009735,0.3354890048503876,0.43785399198532104
gue_splice_reconstructed_frozen__InstaDeepAI_nucleotide-transformer-v2-500m-multi-species__20260514T120331Z,2,2,0.25521835684776306,0.19844907522201538,0.5463325381278992
gue_splice_reconstructed_frozen__InstaDeepAI_nucleotide-transformer-v2-500m-multi-species__20260514T120331Z,2,2,0.22163644433021545,0.18160240352153778,0.5967611074447632
gue_splice_reconstructed_frozen__InstaDeepAI_nucleotide-transformer-v2-500m-multi-species__20260514T120331Z,2,2,0.23695601522922516,0.1389765590429306,0.6240674257278442
gue_splice_reconstructed_frozen__InstaDeepAI_nucleotide-transformer-v2-500m-multi-species__20260514T120331Z,2,2,0.3247773051261902,0.28979888558387756,0.38542377948760986
gue_splice_reconstructed_frozen__InstaDeepAI_nucleotide-transformer-v2-500m-multi-species__20260514T120331Z,2,2,0.21147294342517853,0.24772030115127563,0.5408067107200623
gue_splice_reconstructed_frozen__InstaDeepAI_nucleotide-transformer-v2-500m-multi-species__20260514T120331Z,1,2,0.22141438722610474,0.19765253365039825,0.5809330940246582
gue_splice_reconstructed_frozen__InstaDeepAI_nucleotide-transformer-v2-500m-multi-species__20260514T120331Z,1,2,0.27016982436180115,0.34466779232025146,0.3851623833179474
gue_splice_reconstructed_frozen__InstaDeepAI_nucleotide-transformer-v2-500m-multi-species__20260514T120331Z,0,2,0.17406290769577026,0.281342476606369,0.5445946455001831
gue_splice_reconstructed_frozen__InstaDeepAI_nucleotide-transformer-v2-500m-multi-species__20260514T120331Z,2,2,0.20899203419685364,0.2351195365190506,0.5558884739875793
gue_splice_reconstructed_frozen__InstaDeepAI_nucleotide-transformer-v2-500m-multi-species__20260514T120331Z,1,1,0.23090524971485138,0.41842174530029297,0.35067296028137207
gue_splice_reconstructed_frozen__InstaDeepAI_nucleotide-transformer-v2-500m-multi-species__20260514T120331Z,2,2,0.1894749402999878,0.1901700794696808,0.6203550100326538
gue_splice_reconstructed_frozen__InstaDeepAI_nucleotide-transformer-v2-500m-multi-species__20260514T120331Z,2,2,0.15861374139785767,0.28587445616722107,0.5555118322372437
gue_splice_reconstructed_frozen__InstaDeepAI_nucleotide-transformer-v2-500m-multi-species__20260514T120331Z,2,2,0.26065918803215027,0.07315525412559509,0.6661855578422546
gue_splice_reconstructed_frozen__InstaDeepAI_nucleotide-transformer-v2-500m-multi-species__20260514T120331Z,1,2,0.24850767850875854,0.21920019388198853,0.5322921276092529
gue_splice_reconstructed_frozen__InstaDeepAI_nucleotide-transformer-v2-500m-multi-species__20260514T120331Z,0,1,0.16748715937137604,0.4452740252017975,0.3872387707233429
gue_splice_reconstructed_frozen__InstaDeepAI_nucleotide-transformer-v2-500m-multi-species__20260514T120331Z,2,2,0.19138039648532867,0.2739724814891815,0.5346471071243286
gue_splice_reconstructed_frozen__InstaDeepAI_nucleotide-transformer-v2-500m-multi-species__20260514T120331Z,0,2,0.22858327627182007,0.1555001586675644,0.6159166097640991
gue_splice_reconstructed_frozen__InstaDeepAI_nucleotide-transformer-v2-500m-multi-species__20260514T120331Z,2,2,0.1545465737581253,0.299674391746521,0.5457790493965149
gue_splice_reconstructed_frozen__InstaDeepAI_nucleotide-transformer-v2-500m-multi-species__20260514T120331Z,1,2,0.1494607776403427,0.3906169533729553,0.45992228388786316
gue_splice_reconstructed_frozen__InstaDeepAI_nucleotide-transformer-v2-500m-multi-species__20260514T120331Z,2,2,0.22742174565792084,0.18153789639472961,0.5910403728485107
gue_splice_reconstructed_frozen__InstaDeepAI_nucleotide-transformer-v2-500m-multi-species__20260514T120331Z,2,2,0.20674145221710205,0.2387726753950119,0.5544858574867249
gue_splice_reconstructed_frozen__InstaDeepAI_nucleotide-transformer-v2-500m-multi-species__20260514T120331Z,0,2,0.3013229966163635,0.23854075372219086,0.4601362645626068
gue_splice_reconstructed_frozen__InstaDeepAI_nucleotide-transformer-v2-500m-multi-species__20260514T120331Z,2,2,0.20924274623394012,0.23311389982700348,0.5576433539390564
gue_splice_reconstructed_frozen__InstaDeepAI_nucleotide-transformer-v2-500m-multi-species__20260514T120331Z,2,2,0.2886084318161011,0.24782605469226837,0.46356549859046936
gue_splice_reconstructed_frozen__InstaDeepAI_nucleotide-transformer-v2-500m-multi-species__20260514T120331Z,2,2,0.3275490701198578,0.15733252465724945,0.5151183605194092
gue_splice_reconstructed_frozen__InstaDeepAI_nucleotide-transformer-v2-500m-multi-species__20260514T120331Z,2,1,0.20776493847370148,0.42985934019088745,0.36237573623657227
gue_splice_reconstructed_frozen__InstaDeepAI_nucleotide-transformer-v2-500m-multi-species__20260514T120331Z,0,2,0.3159867525100708,0.22008328139781952,0.4639299511909485
gue_splice_reconstructed_frozen__InstaDeepAI_nucleotide-transformer-v2-500m-multi-species__20260514T120331Z,2,2,0.31286466121673584,0.17750492691993713,0.5096304416656494
gue_splice_reconstructed_frozen__InstaDeepAI_nucleotide-transformer-v2-500m-multi-species__20260514T120331Z,2,2,0.311576247215271,0.24471205472946167,0.44371166825294495
gue_splice_reconstructed_frozen__InstaDeepAI_nucleotide-transformer-v2-500m-multi-species__20260514T120331Z,2,2,0.25468799471855164,0.15295036137104034,0.5923616290092468
gue_splice_reconstructed_frozen__InstaDeepAI_nucleotide-transformer-v2-500m-multi-species__20260514T120331Z,2,2,0.17242193222045898,0.23190578818321228,0.5956723093986511
gue_splice_reconstructed_frozen__InstaDeepAI_nucleotide-transformer-v2-500m-multi-species__20260514T120331Z,2,2,0.21392783522605896,0.3769245147705078,0.409147709608078
gue_splice_reconstructed_frozen__InstaDeepAI_nucleotide-transformer-v2-500m-multi-species__20260514T120331Z,2,2,0.10167169570922852,0.1419173777103424,0.7564109563827515
gue_splice_reconstructed_frozen__InstaDeepAI_nucleotide-transformer-v2-500m-multi-species__20260514T120331Z,1,2,0.2519705295562744,0.32113635540008545,0.4268931746482849
gue_splice_reconstructed_frozen__InstaDeepAI_nucleotide-transformer-v2-500m-multi-species__20260514T120331Z,1,2,0.12916046380996704,0.42495083808898926,0.4458886384963989
gue_splice_reconstructed_frozen__InstaDeepAI_nucleotide-transformer-v2-500m-multi-species__20260514T120331Z,1,2,0.26461246609687805,0.23376208543777466,0.5016254186630249
gue_splice_reconstructed_frozen__InstaDeepAI_nucleotide-transformer-v2-500m-multi-species__20260514T120331Z,2,2,0.2699328064918518,0.2533618211746216,0.4767053425312042
gue_splice_reconstructed_frozen__InstaDeepAI_nucleotide-transformer-v2-500m-multi-species__20260514T120331Z,0,2,0.274625688791275,0.18008194863796234,0.5452923774719238
gue_splice_reconstructed_frozen__InstaDeepAI_nucleotide-transformer-v2-500m-multi-species__20260514T120331Z,2,2,0.21218927204608917,0.28201591968536377,0.5057947635650635
gue_splice_reconstructed_frozen__InstaDeepAI_nucleotide-transformer-v2-500m-multi-species__20260514T120331Z,2,2,0.20794376730918884,0.06935548037290573,0.7227007746696472
gue_splice_reconstructed_frozen__InstaDeepAI_nucleotide-transformer-v2-500m-multi-species__20260514T120331Z,2,2,0.16727925837039948,0.21889352798461914,0.6138272285461426
gue_splice_reconstructed_frozen__InstaDeepAI_nucleotide-transformer-v2-500m-multi-species__20260514T120331Z,2,2,0.19169490039348602,0.3794664740562439,0.4288386404514313
gue_splice_reconstructed_frozen__InstaDeepAI_nucleotide-transformer-v2-500m-multi-species__20260514T120331Z,2,2,0.15533271431922913,0.18071778118610382,0.6639495491981506
gue_splice_reconstructed_frozen__InstaDeepAI_nucleotide-transformer-v2-500m-multi-species__20260514T120331Z,2,2,0.30557310581207275,0.2358333170413971,0.45859354734420776
gue_splice_reconstructed_frozen__InstaDeepAI_nucleotide-transformer-v2-500m-multi-species__20260514T120331Z,0,2,0.29910025000572205,0.14411553740501404,0.5567842125892639
gue_splice_reconstructed_frozen__InstaDeepAI_nucleotide-transformer-v2-500m-multi-species__20260514T120331Z,2,2,0.3212844133377075,0.22363652288913727,0.4550791084766388
gue_splice_reconstructed_frozen__InstaDeepAI_nucleotide-transformer-v2-500m-multi-species__20260514T120331Z,0,2,0.13732270896434784,0.40106001496315,0.46161723136901855
gue_splice_reconstructed_frozen__InstaDeepAI_nucleotide-transformer-v2-500m-multi-species__20260514T120331Z,1,1,0.10282623022794724,0.582834780216217,0.3143390417098999
gue_splice_reconstructed_frozen__InstaDeepAI_nucleotide-transformer-v2-500m-multi-species__20260514T120331Z,2,2,0.1979672759771347,0.2767525017261505,0.5252801775932312
gue_splice_reconstructed_frozen__InstaDeepAI_nucleotide-transformer-v2-500m-multi-species__20260514T120331Z,0,2,0.16682963073253632,0.25399693846702576,0.5791734457015991
gue_splice_reconstructed_frozen__InstaDeepAI_nucleotide-transformer-v2-500m-multi-species__20260514T120331Z,2,2,0.09518425911664963,0.13010145723819733,0.7747142910957336
gue_splice_reconstructed_frozen__InstaDeepAI_nucleotide-transformer-v2-500m-multi-species__20260514T120331Z,2,2,0.22317169606685638,0.34728336334228516,0.42954498529434204
gue_splice_reconstructed_frozen__InstaDeepAI_nucleotide-transformer-v2-500m-multi-species__20260514T120331Z,2,2,0.13761039078235626,0.10933821648359299,0.7530513405799866
gue_splice_reconstructed_frozen__InstaDeepAI_nucleotide-transformer-v2-500m-multi-species__20260514T120331Z,2,2,0.28115230798721313,0.17591916024684906,0.5429285168647766
gue_splice_reconstructed_frozen__InstaDeepAI_nucleotide-transformer-v2-500m-multi-species__20260514T120331Z,2,2,0.131850928068161,0.34103646874427795,0.527112603187561
gue_splice_reconstructed_frozen__InstaDeepAI_nucleotide-transformer-v2-500m-multi-species__20260514T120331Z,2,1,0.0936874970793724,0.6605611443519592,0.24575133621692657
gue_splice_reconstructed_frozen__InstaDeepAI_nucleotide-transformer-v2-500m-multi-species__20260514T120331Z,2,2,0.23805741965770721,0.219148188829422,0.542794406414032
gue_splice_reconstructed_frozen__InstaDeepAI_nucleotide-transformer-v2-500m-multi-species__20260514T120331Z,1,2,0.24890904128551483,0.2791479825973511,0.4719429314136505
gue_splice_reconstructed_frozen__InstaDeepAI_nucleotide-transformer-v2-500m-multi-species__20260514T120331Z,2,2,0.20705431699752808,0.2813563048839569,0.5115893483161926
gue_splice_reconstructed_frozen__InstaDeepAI_nucleotide-transformer-v2-500m-multi-species__20260514T120331Z,2,2,0.13953910768032074,0.06098989024758339,0.7994710206985474
gue_splice_reconstructed_frozen__InstaDeepAI_nucleotide-transformer-v2-500m-multi-species__20260514T120331Z,1,2,0.19143564999103546,0.24425287544727325,0.5643115043640137
gue_splice_reconstructed_frozen__InstaDeepAI_nucleotide-transformer-v2-500m-multi-species__20260514T120331Z,2,2,0.18305929005146027,0.06086229160428047,0.7560783624649048
gue_splice_reconstructed_frozen__InstaDeepAI_nucleotide-transformer-v2-500m-multi-species__20260514T120331Z,2,2,0.24935662746429443,0.10838539153337479,0.6422580480575562
gue_splice_reconstructed_frozen__InstaDeepAI_nucleotide-transformer-v2-500m-multi-species__20260514T120331Z,2,2,0.14865364134311676,0.2742181122303009,0.5771281719207764
gue_splice_reconstructed_frozen__InstaDeepAI_nucleotide-transformer-v2-500m-multi-species__20260514T120331Z,1,2,0.20059800148010254,0.24970920383930206,0.5496928095817566
gue_splice_reconstructed_frozen__InstaDeepAI_nucleotide-transformer-v2-500m-multi-species__20260514T120331Z,1,2,0.24302802979946136,0.2516932189464569,0.5052787661552429
gue_splice_reconstructed_frozen__InstaDeepAI_nucleotide-transformer-v2-500m-multi-species__20260514T120331Z,2,2,0.12459515035152435,0.18722224235534668,0.6881825923919678
gue_splice_reconstructed_frozen__InstaDeepAI_nucleotide-transformer-v2-500m-multi-species__20260514T120331Z,1,2,0.20157204568386078,0.2915521264076233,0.5068758130073547
gue_splice_reconstructed_frozen__InstaDeepAI_nucleotide-transformer-v2-500m-multi-species__20260514T120331Z,2,2,0.15132102370262146,0.194252610206604,0.6544263958930969
gue_splice_reconstructed_frozen__InstaDeepAI_nucleotide-transformer-v2-500m-multi-species__20260514T120331Z,2,2,0.22866736352443695,0.12427876889705658,0.6470538377761841
gue_splice_reconstructed_frozen__InstaDeepAI_nucleotide-transformer-v2-500m-multi-species__20260514T120331Z,2,2,0.15448105335235596,0.2782391309738159,0.5672798156738281
gue_splice_reconstructed_frozen__InstaDeepAI_nucleotide-transformer-v2-500m-multi-species__20260514T120331Z,1,2,0.27408862113952637,0.23893307149410248,0.48697829246520996
gue_splice_reconstructed_frozen__InstaDeepAI_nucleotide-transformer-v2-500m-multi-species__20260514T120331Z,1,1,0.15327492356300354,0.4744308888912201,0.372294157743454
gue_splice_reconstructed_frozen__InstaDeepAI_nucleotide-transformer-v2-500m-multi-species__20260514T120331Z,2,2,0.1884375512599945,0.17641668021678925,0.6351457834243774
gue_splice_reconstructed_frozen__InstaDeepAI_nucleotide-transformer-v2-500m-multi-species__20260514T120331Z,2,2,0.21472355723381042,0.22148554027080536,0.5637909173965454
gue_splice_reconstructed_frozen__InstaDeepAI_nucleotide-transformer-v2-500m-multi-species__20260514T120331Z,2,2,0.2040313333272934,0.26194944977760315,0.5340192317962646
gue_splice_reconstructed_frozen__InstaDeepAI_nucleotide-transformer-v2-500m-multi-species__20260514T120331Z,0,2,0.26430851221084595,0.1599544733762741,0.5757369995117188
gue_splice_reconstructed_frozen__InstaDeepAI_nucleotide-transformer-v2-500m-multi-species__20260514T120331Z,2,2,0.11525778472423553,0.2521613538265228,0.6325808763504028
gue_splice_reconstructed_frozen__InstaDeepAI_nucleotide-transformer-v2-500m-multi-species__20260514T120331Z,2,2,0.3294730484485626,0.2064056098461151,0.4641212821006775
gue_splice_reconstructed_frozen__InstaDeepAI_nucleotide-transformer-v2-500m-multi-species__20260514T120331Z,1,2,0.19194577634334564,0.37475791573524475,0.4332963228225708
gue_splice_reconstructed_frozen__InstaDeepAI_nucleotide-transformer-v2-500m-multi-species__20260514T120331Z,2,2,0.3712393045425415,0.1516142040491104,0.4771464765071869
gue_splice_reconstructed_frozen__InstaDeepAI_nucleotide-transformer-v2-500m-multi-species__20260514T120331Z,2,2,0.22766563296318054,0.21050488948822021,0.5618294477462769
gue_splice_reconstructed_frozen__InstaDeepAI_nucleotide-transformer-v2-500m-multi-species__20260514T120331Z,0,2,0.21553468704223633,0.21131427586078644,0.5731510519981384
gue_splice_reconstructed_frozen__InstaDeepAI_nucleotide-transformer-v2-500m-multi-species__20260514T120331Z,1,2,0.18464010953903198,0.2194797843694687,0.5958800911903381
gue_splice_reconstructed_frozen__InstaDeepAI_nucleotide-transformer-v2-500m-multi-species__20260514T120331Z,0,2,0.19710689783096313,0.2597254514694214,0.5431676506996155
gue_splice_reconstructed_frozen__InstaDeepAI_nucleotide-transformer-v2-500m-multi-species__20260514T120331Z,0,2,0.21216771006584167,0.2962108254432678,0.4916214644908905
gue_splice_reconstructed_frozen__InstaDeepAI_nucleotide-transformer-v2-500m-multi-species__20260514T120331Z,2,2,0.20039531588554382,0.3986310362815857,0.4009735882282257
gue_splice_reconstructed_frozen__InstaDeepAI_nucleotide-transformer-v2-500m-multi-species__20260514T120331Z,2,2,0.17121222615242004,0.263691782951355,0.5650959610939026
gue_splice_reconstructed_frozen__InstaDeepAI_nucleotide-transformer-v2-500m-multi-species__20260514T120331Z,2,2,0.2104196399450302,0.3080425262451172,0.481537789106369
gue_splice_reconstructed_frozen__InstaDeepAI_nucleotide-transformer-v2-500m-multi-species__20260514T120331Z,0,2,0.23609694838523865,0.2177683711051941,0.5461347103118896
gue_splice_reconstructed_frozen__InstaDeepAI_nucleotide-transformer-v2-500m-multi-species__20260514T120331Z,2,2,0.16301372647285461,0.1019366979598999,0.7350496053695679
gue_splice_reconstructed_frozen__InstaDeepAI_nucleotide-transformer-v2-500m-multi-species__20260514T120331Z,2,2,0.284884512424469,0.18200330436229706,0.5331121683120728
gue_splice_reconstructed_frozen__InstaDeepAI_nucleotide-transformer-v2-500m-multi-species__20260514T120331Z,2,2,0.14856058359146118,0.31540626287460327,0.5360331535339355
gue_splice_reconstructed_frozen__InstaDeepAI_nucleotide-transformer-v2-500m-multi-species__20260514T120331Z,2,2,0.19072428345680237,0.2186397761106491,0.5906360149383545
gue_splice_reconstructed_frozen__InstaDeepAI_nucleotide-transformer-v2-500m-multi-species__20260514T120331Z,0,2,0.23666797578334808,0.3096970021724701,0.453635036945343
gue_splice_reconstructed_frozen__InstaDeepAI_nucleotide-transformer-v2-500m-multi-species__20260514T120331Z,2,2,0.22281742095947266,0.25300973653793335,0.524172842502594
gue_splice_reconstructed_frozen__InstaDeepAI_nucleotide-transformer-v2-500m-multi-species__20260514T120331Z,1,2,0.1690506637096405,0.32674989104270935,0.5041994452476501
gue_splice_reconstructed_frozen__InstaDeepAI_nucleotide-transformer-v2-500m-multi-species__20260514T120331Z,2,2,0.2564143240451813,0.23108620941638947,0.5124994516372681
gue_splice_reconstructed_frozen__InstaDeepAI_nucleotide-transformer-v2-500m-multi-species__20260514T120331Z,2,2,0.22437478601932526,0.2954936921596527,0.48013150691986084
gue_splice_reconstructed_frozen__InstaDeepAI_nucleotide-transformer-v2-500m-multi-species__20260514T120331Z,2,2,0.1648295670747757,0.19289357960224152,0.6422768831253052
gue_splice_reconstructed_frozen__InstaDeepAI_nucleotide-transformer-v2-500m-multi-species__20260514T120331Z,2,2,0.2914058566093445,0.19512785971164703,0.5134662389755249
gue_splice_reconstructed_frozen__InstaDeepAI_nucleotide-transformer-v2-500m-multi-species__20260514T120331Z,2,2,0.19015002250671387,0.13932068645954132,0.6705292463302612
gue_splice_reconstructed_frozen__InstaDeepAI_nucleotide-transformer-v2-500m-multi-species__20260514T120331Z,0,2,0.1446092128753662,0.25570955872535706,0.5996812582015991
gue_splice_reconstructed_frozen__InstaDeepAI_nucleotide-transformer-v2-500m-multi-species__20260514T120331Z,2,2,0.20045888423919678,0.20877529680728912,0.5907658338546753
gue_splice_reconstructed_frozen__InstaDeepAI_nucleotide-transformer-v2-500m-multi-species__20260514T120331Z,1,2,0.20067285001277924,0.32249972224235535,0.47682735323905945
gue_splice_reconstructed_frozen__InstaDeepAI_nucleotide-transformer-v2-500m-multi-species__20260514T120331Z,1,1,0.22664999961853027,0.4538392126560211,0.31951072812080383
gue_splice_reconstructed_frozen__InstaDeepAI_nucleotide-transformer-v2-500m-multi-species__20260514T120331Z,2,2,0.11954092979431152,0.12012606114149094,0.7603330016136169
gue_splice_reconstructed_frozen__InstaDeepAI_nucleotide-transformer-v2-500m-multi-species__20260514T120331Z,2,2,0.1769799292087555,0.1198822408914566,0.7031378149986267
gue_splice_reconstructed_frozen__InstaDeepAI_nucleotide-transformer-v2-500m-multi-species__20260514T120331Z,0,2,0.2831571400165558,0.14259342849254608,0.5742494463920593
gue_splice_reconstructed_frozen__InstaDeepAI_nucleotide-transformer-v2-500m-multi-species__20260514T120331Z,2,2,0.10006529092788696,0.17908383905887604,0.7208508849143982
gue_splice_reconstructed_frozen__InstaDeepAI_nucleotide-transformer-v2-500m-multi-species__20260514T120331Z,2,2,0.32528525590896606,0.2010517716407776,0.47366297245025635
gue_splice_reconstructed_frozen__InstaDeepAI_nucleotide-transformer-v2-500m-multi-species__20260514T120331Z,2,2,0.23394709825515747,0.2551901936531067,0.5108627080917358
gue_splice_reconstructed_frozen__InstaDeepAI_nucleotide-transformer-v2-500m-multi-species__20260514T120331Z,0,2,0.1987866312265396,0.17637336254119873,0.6248400211334229
gue_splice_reconstructed_frozen__InstaDeepAI_nucleotide-transformer-v2-500m-multi-species__20260514T120331Z,2,2,0.2177499234676361,0.1952374130487442,0.5870127081871033
gue_splice_reconstructed_frozen__InstaDeepAI_nucleotide-transformer-v2-500m-multi-species__20260514T120331Z,1,1,0.08686775714159012,0.5748075246810913,0.3383246660232544
gue_splice_reconstructed_frozen__InstaDeepAI_nucleotide-transformer-v2-500m-multi-species__20260514T120331Z,0,2,0.18921297788619995,0.1220458447933197,0.688741147518158
gue_splice_reconstructed_frozen__InstaDeepAI_nucleotide-transformer-v2-500m-multi-species__20260514T120331Z,2,2,0.17531627416610718,0.05444984510540962,0.7702338695526123
gue_splice_reconstructed_frozen__InstaDeepAI_nucleotide-transformer-v2-500m-multi-species__20260514T120331Z,2,2,0.3101455271244049,0.274338036775589,0.4155164361000061
gue_splice_reconstructed_frozen__InstaDeepAI_nucleotide-transformer-v2-500m-multi-species__20260514T120331Z,2,2,0.20716650784015656,0.31080400943756104,0.4820294976234436
gue_splice_reconstructed_frozen__InstaDeepAI_nucleotide-transformer-v2-500m-multi-species__20260514T120331Z,2,2,0.22460441291332245,0.1934557408094406,0.5819398164749146
gue_splice_reconstructed_frozen__InstaDeepAI_nucleotide-transformer-v2-500m-multi-species__20260514T120331Z,2,2,0.21765202283859253,0.21281784772872925,0.5695301294326782
gue_splice_reconstructed_frozen__InstaDeepAI_nucleotide-transformer-v2-500m-multi-species__20260514T120331Z,1,2,0.16821244359016418,0.4022420346736908,0.4295455515384674
gue_splice_reconstructed_frozen__InstaDeepAI_nucleotide-transformer-v2-500m-multi-species__20260514T120331Z,2,2,0.1451425552368164,0.10487458109855652,0.7499828934669495
gue_splice_reconstructed_frozen__InstaDeepAI_nucleotide-transformer-v2-500m-multi-species__20260514T120331Z,2,2,0.17160221934318542,0.31483593583106995,0.5135618448257446
gue_splice_reconstructed_frozen__InstaDeepAI_nucleotide-transformer-v2-500m-multi-species__20260514T120331Z,2,2,0.20854200422763824,0.2556670308113098,0.5357909798622131
gue_splice_reconstructed_frozen__InstaDeepAI_nucleotide-transformer-v2-500m-multi-species__20260514T120331Z,0,2,0.24788492918014526,0.24392268061637878,0.5081924200057983
gue_splice_reconstructed_frozen__InstaDeepAI_nucleotide-transformer-v2-500m-multi-species__20260514T120331Z,2,2,0.21680299937725067,0.2485658824443817,0.5346311330795288
gue_splice_reconstructed_frozen__InstaDeepAI_nucleotide-transformer-v2-500m-multi-species__20260514T120331Z,1,2,0.26459160447120667,0.268135666847229,0.46727272868156433
gue_splice_reconstructed_frozen__InstaDeepAI_nucleotide-transformer-v2-500m-multi-species__20260514T120331Z,0,2,0.2384171038866043,0.21270067989826202,0.548882246017456
gue_splice_reconstructed_frozen__InstaDeepAI_nucleotide-transformer-v2-500m-multi-species__20260514T120331Z,2,2,0.20711657404899597,0.28784260153770447,0.5050408244132996
gue_splice_reconstructed_frozen__InstaDeepAI_nucleotide-transformer-v2-500m-multi-species__20260514T120331Z,0,2,0.23621349036693573,0.18448050320148468,0.5793060064315796
gue_splice_reconstructed_frozen__InstaDeepAI_nucleotide-transformer-v2-500m-multi-species__20260514T120331Z,2,2,0.26565760374069214,0.2769492268562317,0.4573931097984314
gue_splice_reconstructed_frozen__InstaDeepAI_nucleotide-transformer-v2-500m-multi-species__20260514T120331Z,2,2,0.18031755089759827,0.2233702391386032,0.5963121652603149
gue_splice_reconstructed_frozen__InstaDeepAI_nucleotide-transformer-v2-500m-multi-species__20260514T120331Z,2,2,0.25966835021972656,0.20282326638698578,0.5375083684921265
gue_splice_reconstructed_frozen__InstaDeepAI_nucleotide-transformer-v2-500m-multi-species__20260514T120331Z,2,2,0.17810672521591187,0.24442565441131592,0.5774676203727722
gue_splice_reconstructed_frozen__InstaDeepAI_nucleotide-transformer-v2-500m-multi-species__20260514T120331Z,2,2,0.23398469388484955,0.1050860658288002,0.660929262638092
gue_splice_reconstructed_frozen__InstaDeepAI_nucleotide-transformer-v2-500m-multi-species__20260514T120331Z,2,2,0.11509189754724503,0.16210758686065674,0.7228004932403564
gue_splice_reconstructed_frozen__InstaDeepAI_nucleotide-transformer-v2-500m-multi-species__20260514T120331Z,2,2,0.11264041811227798,0.1830567717552185,0.7043028473854065
gue_splice_reconstructed_frozen__InstaDeepAI_nucleotide-transformer-v2-500m-multi-species__20260514T120331Z,1,2,0.2266564518213272,0.35041019320487976,0.4229333996772766
gue_splice_reconstructed_frozen__InstaDeepAI_nucleotide-transformer-v2-500m-multi-species__20260514T120331Z,1,2,0.17785999178886414,0.26239514350891113,0.5597448348999023
gue_splice_reconstructed_frozen__InstaDeepAI_nucleotide-transformer-v2-500m-multi-species__20260514T120331Z,0,2,0.23519811034202576,0.15519101917743683,0.6096108555793762
gue_splice_reconstructed_frozen__InstaDeepAI_nucleotide-transformer-v2-500m-multi-species__20260514T120331Z,2,2,0.34525302052497864,0.21148738265037537,0.443259596824646
gue_splice_reconstructed_frozen__InstaDeepAI_nucleotide-transformer-v2-500m-multi-species__20260514T120331Z,2,2,0.22658750414848328,0.34947073459625244,0.42394179105758667
gue_splice_reconstructed_frozen__InstaDeepAI_nucleotide-transformer-v2-500m-multi-species__20260514T120331Z,0,1,0.21907083690166473,0.40688708424568176,0.3740420937538147
gue_splice_reconstructed_frozen__InstaDeepAI_nucleotide-transformer-v2-500m-multi-species__20260514T120331Z,2,2,0.16197656095027924,0.25898003578186035,0.5790433883666992
gue_splice_reconstructed_frozen__InstaDeepAI_nucleotide-transformer-v2-500m-multi-species__20260514T120331Z,2,2,0.3317982852458954,0.22024427354335785,0.4479573965072632
gue_splice_reconstructed_frozen__InstaDeepAI_nucleotide-transformer-v2-500m-multi-species__20260514T120331Z,2,2,0.30372872948646545,0.2142941653728485,0.48197704553604126
gue_splice_reconstructed_frozen__InstaDeepAI_nucleotide-transformer-v2-500m-multi-species__20260514T120331Z,2,2,0.2721045911312103,0.23070673644542694,0.4971887171268463
gue_splice_reconstructed_frozen__InstaDeepAI_nucleotide-transformer-v2-500m-multi-species__20260514T120331Z,1,2,0.23924410343170166,0.33922597765922546,0.4215298593044281
gue_splice_reconstructed_frozen__InstaDeepAI_nucleotide-transformer-v2-500m-multi-species__20260514T120331Z,1,2,0.2177969515323639,0.25640833377838135,0.5257947444915771
gue_splice_reconstructed_frozen__InstaDeepAI_nucleotide-transformer-v2-500m-multi-species__20260514T120331Z,1,2,0.27964118123054504,0.24679423868656158,0.47356462478637695
gue_splice_reconstructed_frozen__InstaDeepAI_nucleotide-transformer-v2-500m-multi-species__20260514T120331Z,2,2,0.11928025633096695,0.12537139654159546,0.755348265171051
gue_splice_reconstructed_frozen__InstaDeepAI_nucleotide-transformer-v2-500m-multi-species__20260514T120331Z,1,2,0.25375813245773315,0.27065223455429077,0.4755896329879761
gue_splice_reconstructed_frozen__InstaDeepAI_nucleotide-transformer-v2-500m-multi-species__20260514T120331Z,2,2,0.21061472594738007,0.17569614946842194,0.613689124584198
gue_splice_reconstructed_frozen__InstaDeepAI_nucleotide-transformer-v2-500m-multi-species__20260514T120331Z,1,2,0.15873339772224426,0.2013940066099167,0.6398726105690002
gue_splice_reconstructed_frozen__InstaDeepAI_nucleotide-transformer-v2-500m-multi-species__20260514T120331Z,1,2,0.35167720913887024,0.1686336100101471,0.47968924045562744
gue_splice_reconstructed_frozen__InstaDeepAI_nucleotide-transformer-v2-500m-multi-species__20260514T120331Z,2,2,0.18436454236507416,0.2595517337322235,0.5560837388038635
gue_splice_reconstructed_frozen__InstaDeepAI_nucleotide-transformer-v2-500m-multi-species__20260514T120331Z,0,2,0.23282477259635925,0.357756108045578,0.40941908955574036
gue_splice_reconstructed_frozen__InstaDeepAI_nucleotide-transformer-v2-500m-multi-species__20260514T120331Z,0,2,0.22734004259109497,0.1580708920955658,0.6145890355110168
gue_splice_reconstructed_frozen__InstaDeepAI_nucleotide-transformer-v2-500m-multi-species__20260514T120331Z,0,2,0.23930297791957855,0.3523848056793213,0.40831223130226135
gue_splice_reconstructed_frozen__InstaDeepAI_nucleotide-transformer-v2-500m-multi-species__20260514T120331Z,2,2,0.2556137144565582,0.17422832548618317,0.5701579451560974
gue_splice_reconstructed_frozen__InstaDeepAI_nucleotide-transformer-v2-500m-multi-species__20260514T120331Z,1,2,0.26249393820762634,0.2676711976528168,0.4698348939418793
gue_splice_reconstructed_frozen__InstaDeepAI_nucleotide-transformer-v2-500m-multi-species__20260514T120331Z,2,2,0.1464412957429886,0.11709573119878769,0.7364630103111267
gue_splice_reconstructed_frozen__InstaDeepAI_nucleotide-transformer-v2-500m-multi-species__20260514T120331Z,2,2,0.19365505874156952,0.33135420083999634,0.47499072551727295
gue_splice_reconstructed_frozen__InstaDeepAI_nucleotide-transformer-v2-500m-multi-species__20260514T120331Z,2,2,0.2743329405784607,0.22538481652736664,0.5002822875976562
gue_splice_reconstructed_frozen__InstaDeepAI_nucleotide-transformer-v2-500m-multi-species__20260514T120331Z,2,2,0.198799729347229,0.37512028217315674,0.42607998847961426
gue_splice_reconstructed_frozen__InstaDeepAI_nucleotide-transformer-v2-500m-multi-species__20260514T120331Z,2,2,0.14831095933914185,0.18570595979690552,0.6659830808639526
gue_splice_reconstructed_frozen__InstaDeepAI_nucleotide-transformer-v2-500m-multi-species__20260514T120331Z,2,2,0.18414540588855743,0.3071644902229309,0.5086901187896729
gue_splice_reconstructed_frozen__InstaDeepAI_nucleotide-transformer-v2-500m-multi-species__20260514T120331Z,0,2,0.2466374635696411,0.22552746534347534,0.5278350710868835
gue_splice_reconstructed_frozen__InstaDeepAI_nucleotide-transformer-v2-500m-multi-species__20260514T120331Z,1,1,0.22342924773693085,0.39146098494529724,0.3851097822189331
gue_splice_reconstructed_frozen__InstaDeepAI_nucleotide-transformer-v2-500m-multi-species__20260514T120331Z,2,2,0.26844358444213867,0.21386519074440002,0.5176912546157837
gue_splice_reconstructed_frozen__InstaDeepAI_nucleotide-transformer-v2-500m-multi-species__20260514T120331Z,2,2,0.2091209441423416,0.13419704139232635,0.6566819548606873
gue_splice_reconstructed_frozen__InstaDeepAI_nucleotide-transformer-v2-500m-multi-species__20260514T120331Z,1,2,0.2907567620277405,0.3006095588207245,0.40863367915153503
gue_splice_reconstructed_frozen__InstaDeepAI_nucleotide-transformer-v2-500m-multi-species__20260514T120331Z,2,2,0.12603707611560822,0.2484157681465149,0.6255472302436829
gue_splice_reconstructed_frozen__InstaDeepAI_nucleotide-transformer-v2-500m-multi-species__20260514T120331Z,2,2,0.20468559861183167,0.1771838665008545,0.6181305646896362
gue_splice_reconstructed_frozen__InstaDeepAI_nucleotide-transformer-v2-500m-multi-species__20260514T120331Z,0,1,0.14371846616268158,0.5873208045959473,0.26896071434020996
gue_splice_reconstructed_frozen__InstaDeepAI_nucleotide-transformer-v2-500m-multi-species__20260514T120331Z,1,2,0.28183794021606445,0.16496753692626953,0.553194522857666
gue_splice_reconstructed_frozen__InstaDeepAI_nucleotide-transformer-v2-500m-multi-species__20260514T120331Z,2,2,0.2825048267841339,0.2814893424510956,0.4360058009624481
gue_splice_reconstructed_frozen__InstaDeepAI_nucleotide-transformer-v2-500m-multi-species__20260514T120331Z,2,2,0.11755064129829407,0.38826707005500793,0.494182288646698
gue_splice_reconstructed_frozen__InstaDeepAI_nucleotide-transformer-v2-500m-multi-species__20260514T120331Z,1,2,0.18455608189105988,0.2644612193107605,0.5509827136993408
gue_splice_reconstructed_frozen__InstaDeepAI_nucleotide-transformer-v2-500m-multi-species__20260514T120331Z,0,2,0.1616848111152649,0.31075340509414673,0.5275617837905884
gue_splice_reconstructed_frozen__InstaDeepAI_nucleotide-transformer-v2-500m-multi-species__20260514T120331Z,0,2,0.3468884527683258,0.2353476583957672,0.4177638590335846
gue_splice_reconstructed_frozen__InstaDeepAI_nucleotide-transformer-v2-500m-multi-species__20260514T120331Z,1,2,0.14221186935901642,0.24395672976970673,0.6138314008712769
gue_splice_reconstructed_frozen__InstaDeepAI_nucleotide-transformer-v2-500m-multi-species__20260514T120331Z,0,2,0.19024965167045593,0.10675947368144989,0.7029908895492554
gue_splice_reconstructed_frozen__InstaDeepAI_nucleotide-transformer-v2-500m-multi-species__20260514T120331Z,2,2,0.21539846062660217,0.17420092225074768,0.6104006767272949
gue_splice_reconstructed_frozen__InstaDeepAI_nucleotide-transformer-v2-500m-multi-species__20260514T120331Z,2,2,0.25749412178993225,0.31771060824394226,0.4247952103614807
gue_splice_reconstructed_frozen__InstaDeepAI_nucleotide-transformer-v2-500m-multi-species__20260514T120331Z,2,2,0.3385891318321228,0.16186299920082092,0.4995478391647339
gue_splice_reconstructed_frozen__InstaDeepAI_nucleotide-transformer-v2-500m-multi-species__20260514T120331Z,2,2,0.18875612318515778,0.27966246008872986,0.5315814018249512
gue_splice_reconstructed_frozen__InstaDeepAI_nucleotide-transformer-v2-500m-multi-species__20260514T120331Z,2,2,0.2247443050146103,0.1027761921286583,0.672479510307312
gue_splice_reconstructed_frozen__InstaDeepAI_nucleotide-transformer-v2-500m-multi-species__20260514T120331Z,1,2,0.3464578092098236,0.2545281946659088,0.3990139663219452
gue_splice_reconstructed_frozen__InstaDeepAI_nucleotide-transformer-v2-500m-multi-species__20260514T120331Z,2,2,0.2723701298236847,0.15838314592838287,0.5692467093467712
gue_splice_reconstructed_frozen__InstaDeepAI_nucleotide-transformer-v2-500m-multi-species__20260514T120331Z,1,2,0.246858611702919,0.22727805376052856,0.5258633494377136
gue_splice_reconstructed_frozen__InstaDeepAI_nucleotide-transformer-v2-500m-multi-species__20260514T120331Z,2,2,0.1206614077091217,0.32871320843696594,0.5506253838539124
gue_splice_reconstructed_frozen__InstaDeepAI_nucleotide-transformer-v2-500m-multi-species__20260514T120331Z,2,2,0.22229911386966705,0.08297337591648102,0.6947274804115295
gue_splice_reconstructed_frozen__InstaDeepAI_nucleotide-transformer-v2-500m-multi-species__20260514T120331Z,1,2,0.24270834028720856,0.2915673851966858,0.46572431921958923
gue_splice_reconstructed_frozen__InstaDeepAI_nucleotide-transformer-v2-500m-multi-species__20260514T120331Z,2,2,0.17150065302848816,0.12455692887306213,0.7039423584938049
gue_splice_reconstructed_frozen__InstaDeepAI_nucleotide-transformer-v2-500m-multi-species__20260514T120331Z,2,2,0.20085279643535614,0.21110950410366058,0.5880376696586609
gue_splice_reconstructed_frozen__InstaDeepAI_nucleotide-transformer-v2-500m-multi-species__20260514T120331Z,2,2,0.30284804105758667,0.26996350288391113,0.4271884858608246
gue_splice_reconstructed_frozen__InstaDeepAI_nucleotide-transformer-v2-500m-multi-species__20260514T120331Z,0,2,0.1985865980386734,0.3088255524635315,0.49258777499198914
gue_splice_reconstructed_frozen__InstaDeepAI_nucleotide-transformer-v2-500m-multi-species__20260514T120331Z,2,2,0.21762686967849731,0.2292153388261795,0.5531578063964844
gue_splice_reconstructed_frozen__InstaDeepAI_nucleotide-transformer-v2-500m-multi-species__20260514T120331Z,0,2,0.2016320675611496,0.31040775775909424,0.4879601001739502
gue_splice_reconstructed_frozen__InstaDeepAI_nucleotide-transformer-v2-500m-multi-species__20260514T120331Z,0,2,0.2894895076751709,0.21357345581054688,0.49693700671195984
gue_splice_reconstructed_frozen__InstaDeepAI_nucleotide-transformer-v2-500m-multi-species__20260514T120331Z,0,2,0.20191825926303864,0.15143297612667084,0.6466487646102905
gue_splice_reconstructed_frozen__InstaDeepAI_nucleotide-transformer-v2-500m-multi-species__20260514T120331Z,1,2,0.2773326337337494,0.15425996482372284,0.568407416343689
gue_splice_reconstructed_frozen__InstaDeepAI_nucleotide-transformer-v2-500m-multi-species__20260514T120331Z,2,2,0.2303129881620407,0.2745571434497833,0.49512985348701477
gue_splice_reconstructed_frozen__InstaDeepAI_nucleotide-transformer-v2-500m-multi-species__20260514T120331Z,1,2,0.23889511823654175,0.358974426984787,0.40213045477867126
gue_splice_reconstructed_frozen__InstaDeepAI_nucleotide-transformer-v2-500m-multi-species__20260514T120331Z,0,2,0.31472891569137573,0.22465218603610992,0.46061888337135315
gue_splice_reconstructed_frozen__InstaDeepAI_nucleotide-transformer-v2-500m-multi-species__20260514T120331Z,2,2,0.17443813383579254,0.14865943789482117,0.6769024133682251
gue_splice_reconstructed_frozen__InstaDeepAI_nucleotide-transformer-v2-500m-multi-species__20260514T120331Z,2,2,0.15381839871406555,0.22369517385959625,0.6224864721298218
gue_splice_reconstructed_frozen__InstaDeepAI_nucleotide-transformer-v2-500m-multi-species__20260514T120331Z,0,2,0.35311874747276306,0.18044349551200867,0.46643781661987305
gue_splice_reconstructed_frozen__InstaDeepAI_nucleotide-transformer-v2-500m-multi-species__20260514T120331Z,2,2,0.1367521733045578,0.06253333389759064,0.8007144331932068
gue_splice_reconstructed_frozen__InstaDeepAI_nucleotide-transformer-v2-500m-multi-species__20260514T120331Z,0,2,0.30344724655151367,0.0972602516412735,0.599292516708374
gue_splice_reconstructed_frozen__InstaDeepAI_nucleotide-transformer-v2-500m-multi-species__20260514T120331Z,2,2,0.24335861206054688,0.1948590725660324,0.5617823600769043
gue_splice_reconstructed_frozen__InstaDeepAI_nucleotide-transformer-v2-500m-multi-species__20260514T120331Z,1,2,0.14509636163711548,0.3837742507457733,0.47112929821014404
gue_splice_reconstructed_frozen__InstaDeepAI_nucleotide-transformer-v2-500m-multi-species__20260514T120331Z,2,2,0.21606799960136414,0.20873120427131653,0.5752007961273193
gue_splice_reconstructed_frozen__InstaDeepAI_nucleotide-transformer-v2-500m-multi-species__20260514T120331Z,1,1,0.20281270146369934,0.3989342451095581,0.39825302362442017
gue_splice_reconstructed_frozen__InstaDeepAI_nucleotide-transformer-v2-500m-multi-species__20260514T120331Z,2,2,0.2195252776145935,0.27378788590431213,0.5066868662834167
gue_splice_reconstructed_frozen__InstaDeepAI_nucleotide-transformer-v2-500m-multi-species__20260514T120331Z,2,2,0.26532047986984253,0.1834653615951538,0.5512142181396484
gue_splice_reconstructed_frozen__InstaDeepAI_nucleotide-transformer-v2-500m-multi-species__20260514T120331Z,2,2,0.2357933074235916,0.163409024477005,0.600797712802887
gue_splice_reconstructed_frozen__InstaDeepAI_nucleotide-transformer-v2-500m-multi-species__20260514T120331Z,1,2,0.24516555666923523,0.10276944190263748,0.6520649790763855
gue_splice_reconstructed_frozen__InstaDeepAI_nucleotide-transformer-v2-500m-multi-species__20260514T120331Z,2,2,0.3445529043674469,0.1570848673582077,0.498362272977829
gue_splice_reconstructed_frozen__InstaDeepAI_nucleotide-transformer-v2-500m-multi-species__20260514T120331Z,0,2,0.17171038687229156,0.38970473408699036,0.4385848939418793
gue_splice_reconstructed_frozen__InstaDeepAI_nucleotide-transformer-v2-500m-multi-species__20260514T120331Z,1,2,0.1554442197084427,0.37467074394226074,0.46988505125045776
gue_splice_reconstructed_frozen__InstaDeepAI_nucleotide-transformer-v2-500m-multi-species__20260514T120331Z,0,2,0.20731998980045319,0.22953836619853973,0.5631415843963623
gue_splice_reconstructed_frozen__InstaDeepAI_nucleotide-transformer-v2-500m-multi-species__20260514T120331Z,2,2,0.16871409118175507,0.2399667501449585,0.5913191437721252
gue_splice_reconstructed_frozen__InstaDeepAI_nucleotide-transformer-v2-500m-multi-species__20260514T120331Z,0,2,0.20565684139728546,0.3000335991382599,0.49430960416793823
gue_splice_reconstructed_frozen__InstaDeepAI_nucleotide-transformer-v2-500m-multi-species__20260514T120331Z,2,2,0.20282632112503052,0.17705947160720825,0.6201142072677612
gue_splice_reconstructed_frozen__InstaDeepAI_nucleotide-transformer-v2-500m-multi-species__20260514T120331Z,1,2,0.20163121819496155,0.22537559270858765,0.5729932188987732
gue_splice_reconstructed_frozen__InstaDeepAI_nucleotide-transformer-v2-500m-multi-species__20260514T120331Z,2,2,0.1390140950679779,0.06801522523164749,0.7929707169532776
gue_splice_reconstructed_frozen__InstaDeepAI_nucleotide-transformer-v2-500m-multi-species__20260514T120331Z,2,2,0.3023213744163513,0.2548133432865143,0.4428652226924896
gue_splice_reconstructed_frozen__InstaDeepAI_nucleotide-transformer-v2-500m-multi-species__20260514T120331Z,2,2,0.12588182091712952,0.3925054669380188,0.48161277174949646
gue_splice_reconstructed_frozen__InstaDeepAI_nucleotide-transformer-v2-500m-multi-species__20260514T120331Z,2,2,0.27976489067077637,0.12445597350597382,0.5957791805267334
gue_splice_reconstructed_frozen__InstaDeepAI_nucleotide-transformer-v2-500m-multi-species__20260514T120331Z,2,2,0.25599682331085205,0.3069402575492859,0.43706291913986206
gue_splice_reconstructed_frozen__InstaDeepAI_nucleotide-transformer-v2-500m-multi-species__20260514T120331Z,2,2,0.18866707384586334,0.23626631498336792,0.5750666260719299
gue_splice_reconstructed_frozen__InstaDeepAI_nucleotide-transformer-v2-500m-multi-species__20260514T120331Z,2,2,0.2703838050365448,0.24816358089447021,0.481452614068985
gue_splice_reconstructed_frozen__InstaDeepAI_nucleotide-transformer-v2-500m-multi-species__20260514T120331Z,2,2,0.2365434616804123,0.14682164788246155,0.6166349649429321
gue_splice_reconstructed_frozen__InstaDeepAI_nucleotide-transformer-v2-500m-multi-species__20260514T120331Z,0,2,0.24077963829040527,0.2822396755218506,0.47698065638542175
gue_splice_reconstructed_frozen__InstaDeepAI_nucleotide-transformer-v2-500m-multi-species__20260514T120331Z,1,2,0.32130444049835205,0.17472217977046967,0.5039733648300171
gue_splice_reconstructed_frozen__InstaDeepAI_nucleotide-transformer-v2-500m-multi-species__20260514T120331Z,2,2,0.18778996169567108,0.265895277261734,0.5463147759437561
gue_splice_reconstructed_frozen__InstaDeepAI_nucleotide-transformer-v2-500m-multi-species__20260514T120331Z,0,2,0.28413447737693787,0.32392778992652893,0.3919377028942108
gue_splice_reconstructed_frozen__InstaDeepAI_nucleotide-transformer-v2-500m-multi-species__20260514T120331Z,1,2,0.19082623720169067,0.21460407972335815,0.5945696830749512
gue_splice_reconstructed_frozen__InstaDeepAI_nucleotide-transformer-v2-500m-multi-species__20260514T120331Z,2,2,0.3058573007583618,0.3007664084434509,0.39337626099586487
gue_splice_reconstructed_frozen__InstaDeepAI_nucleotide-transformer-v2-500m-multi-species__20260514T120331Z,2,2,0.18127113580703735,0.34219127893447876,0.4765376150608063
gue_splice_reconstructed_frozen__InstaDeepAI_nucleotide-transformer-v2-500m-multi-species__20260514T120331Z,1,2,0.2750385105609894,0.23589271306991577,0.48906874656677246
gue_splice_reconstructed_frozen__InstaDeepAI_nucleotide-transformer-v2-500m-multi-species__20260514T120331Z,2,2,0.2629421353340149,0.17556394636631012,0.5614939332008362
gue_splice_reconstructed_frozen__InstaDeepAI_nucleotide-transformer-v2-500m-multi-species__20260514T120331Z,1,1,0.19721980392932892,0.43261200189590454,0.37016820907592773
gue_splice_reconstructed_frozen__InstaDeepAI_nucleotide-transformer-v2-500m-multi-species__20260514T120331Z,0,2,0.24674853682518005,0.30140143632888794,0.4518499970436096
gue_splice_reconstructed_frozen__InstaDeepAI_nucleotide-transformer-v2-500m-multi-species__20260514T120331Z,2,2,0.18799565732479095,0.22668300569057465,0.5853213667869568
gue_splice_reconstructed_frozen__InstaDeepAI_nucleotide-transformer-v2-500m-multi-species__20260514T120331Z,0,2,0.23569484055042267,0.09336463361978531,0.6709405779838562
gue_splice_reconstructed_frozen__InstaDeepAI_nucleotide-transformer-v2-500m-multi-species__20260514T120331Z,2,2,0.2234395444393158,0.25399500131607056,0.5225654244422913
gue_splice_reconstructed_frozen__InstaDeepAI_nucleotide-transformer-v2-500m-multi-species__20260514T120331Z,2,2,0.17829957604408264,0.03163737803697586,0.7900630235671997
gue_splice_reconstructed_frozen__InstaDeepAI_nucleotide-transformer-v2-500m-multi-species__20260514T120331Z,2,0,0.3614528477191925,0.3129570186138153,0.3255901634693146
gue_splice_reconstructed_frozen__InstaDeepAI_nucleotide-transformer-v2-500m-multi-species__20260514T120331Z,2,2,0.2708088457584381,0.14527681469917297,0.5839143395423889
gue_splice_reconstructed_frozen__InstaDeepAI_nucleotide-transformer-v2-500m-multi-species__20260514T120331Z,2,2,0.19245785474777222,0.17201343178749084,0.6355287432670593
gue_splice_reconstructed_frozen__InstaDeepAI_nucleotide-transformer-v2-500m-multi-species__20260514T120331Z,2,2,0.14402194321155548,0.16383697092533112,0.6921411156654358
gue_splice_reconstructed_frozen__InstaDeepAI_nucleotide-transformer-v2-500m-multi-species__20260514T120331Z,2,2,0.1690472960472107,0.1914154291152954,0.6395372748374939
gue_splice_reconstructed_frozen__InstaDeepAI_nucleotide-transformer-v2-500m-multi-species__20260514T120331Z,1,2,0.2566249370574951,0.2553749084472656,0.48800018429756165
gue_splice_reconstructed_frozen__InstaDeepAI_nucleotide-transformer-v2-500m-multi-species__20260514T120331Z,1,2,0.23872724175453186,0.28120362758636475,0.4800691306591034
gue_splice_reconstructed_frozen__InstaDeepAI_nucleotide-transformer-v2-500m-multi-species__20260514T120331Z,0,2,0.22482410073280334,0.2701323926448822,0.5050435066223145
gue_splice_reconstructed_frozen__InstaDeepAI_nucleotide-transformer-v2-500m-multi-species__20260514T120331Z,2,2,0.23362335562705994,0.342460572719574,0.4239160716533661
gue_splice_reconstructed_frozen__InstaDeepAI_nucleotide-transformer-v2-500m-multi-species__20260514T120331Z,1,1,0.20222340524196625,0.4438585638999939,0.35391807556152344
gue_splice_reconstructed_frozen__InstaDeepAI_nucleotide-transformer-v2-500m-multi-species__20260514T120331Z,1,2,0.17675858736038208,0.23684059083461761,0.5864008069038391
gue_splice_reconstructed_frozen__InstaDeepAI_nucleotide-transformer-v2-500m-multi-species__20260514T120331Z,0,2,0.2952987849712372,0.10372289270162582,0.6009783148765564
gue_splice_reconstructed_frozen__InstaDeepAI_nucleotide-transformer-v2-500m-multi-species__20260514T120331Z,2,2,0.17646729946136475,0.1878943294286728,0.6356383562088013
gue_splice_reconstructed_frozen__InstaDeepAI_nucleotide-transformer-v2-500m-multi-species__20260514T120331Z,2,2,0.16711904108524323,0.19099576771259308,0.6418852210044861
gue_splice_reconstructed_frozen__InstaDeepAI_nucleotide-transformer-v2-500m-multi-species__20260514T120331Z,2,2,0.2540947198867798,0.23856882750988007,0.5073364973068237
gue_splice_reconstructed_frozen__InstaDeepAI_nucleotide-transformer-v2-500m-multi-species__20260514T120331Z,2,1,0.26343297958374023,0.3759250342845917,0.3606420159339905
gue_splice_reconstructed_frozen__InstaDeepAI_nucleotide-transformer-v2-500m-multi-species__20260514T120331Z,2,2,0.2920520603656769,0.1923055350780487,0.5156424045562744
gue_splice_reconstructed_frozen__InstaDeepAI_nucleotide-transformer-v2-500m-multi-species__20260514T120331Z,2,2,0.20848573744297028,0.1532406061887741,0.6382735967636108
gue_splice_reconstructed_frozen__InstaDeepAI_nucleotide-transformer-v2-500m-multi-species__20260514T120331Z,2,2,0.14475946128368378,0.3107881546020508,0.5444523692131042
gue_splice_reconstructed_frozen__InstaDeepAI_nucleotide-transformer-v2-500m-multi-species__20260514T120331Z,2,2,0.24735644459724426,0.06896144896745682,0.6836820840835571
gue_splice_reconstructed_frozen__InstaDeepAI_nucleotide-transformer-v2-500m-multi-species__20260514T120331Z,0,2,0.2971494197845459,0.22764471173286438,0.47520583868026733
gue_splice_reconstructed_frozen__InstaDeepAI_nucleotide-transformer-v2-500m-multi-species__20260514T120331Z,2,2,0.22195592522621155,0.38042810559272766,0.3976159989833832
gue_splice_reconstructed_frozen__InstaDeepAI_nucleotide-transformer-v2-500m-multi-species__20260514T120331Z,0,2,0.19869370758533478,0.18358227610588074,0.6177240014076233
gue_splice_reconstructed_frozen__InstaDeepAI_nucleotide-transformer-v2-500m-multi-species__20260514T120331Z,2,2,0.22345927357673645,0.06667568534612656,0.7098649740219116
gue_splice_reconstructed_frozen__InstaDeepAI_nucleotide-transformer-v2-500m-multi-species__20260514T120331Z,0,2,0.270807147026062,0.25436094403266907,0.4748319387435913
gue_splice_reconstructed_frozen__InstaDeepAI_nucleotide-transformer-v2-500m-multi-species__20260514T120331Z,0,2,0.19666901230812073,0.11898037791252136,0.6843506097793579
gue_splice_reconstructed_frozen__InstaDeepAI_nucleotide-transformer-v2-500m-multi-species__20260514T120331Z,0,2,0.1370360106229782,0.3086647093296051,0.5542992949485779
gue_splice_reconstructed_frozen__InstaDeepAI_nucleotide-transformer-v2-500m-multi-species__20260514T120331Z,1,2,0.2246278077363968,0.181820347905159,0.5935518741607666
gue_splice_reconstructed_frozen__InstaDeepAI_nucleotide-transformer-v2-500m-multi-species__20260514T120331Z,1,2,0.29079070687294006,0.23941880464553833,0.46979042887687683
gue_splice_reconstructed_frozen__InstaDeepAI_nucleotide-transformer-v2-500m-multi-species__20260514T120331Z,2,2,0.16611474752426147,0.14063598215579987,0.6932493448257446
gue_splice_reconstructed_frozen__InstaDeepAI_nucleotide-transformer-v2-500m-multi-species__20260514T120331Z,2,2,0.21896527707576752,0.2972511053085327,0.48378363251686096
gue_splice_reconstructed_frozen__InstaDeepAI_nucleotide-transformer-v2-500m-multi-species__20260514T120331Z,2,2,0.22203870117664337,0.2077728509902954,0.5701884627342224
gue_splice_reconstructed_frozen__InstaDeepAI_nucleotide-transformer-v2-500m-multi-species__20260514T120331Z,2,2,0.13074356317520142,0.1289052665233612,0.740351140499115
gue_splice_reconstructed_frozen__InstaDeepAI_nucleotide-transformer-v2-500m-multi-species__20260514T120331Z,1,2,0.2841285169124603,0.14685167372226715,0.5690197944641113
gue_splice_reconstructed_frozen__InstaDeepAI_nucleotide-transformer-v2-500m-multi-species__20260514T120331Z,2,2,0.18992507457733154,0.2445840984582901,0.5654907822608948
gue_splice_reconstructed_frozen__InstaDeepAI_nucleotide-transformer-v2-500m-multi-species__20260514T120331Z,0,2,0.2929934561252594,0.12360773980617523,0.5833987593650818
gue_splice_reconstructed_frozen__InstaDeepAI_nucleotide-transformer-v2-500m-multi-species__20260514T120331Z,1,2,0.3060791790485382,0.2296208143234253,0.4642999768257141
gue_splice_reconstructed_frozen__InstaDeepAI_nucleotide-transformer-v2-500m-multi-species__20260514T120331Z,0,2,0.21898312866687775,0.26912379264831543,0.511893093585968
gue_splice_reconstructed_frozen__InstaDeepAI_nucleotide-transformer-v2-500m-multi-species__20260514T120331Z,2,2,0.14472486078739166,0.33359161019325256,0.5216835141181946
gue_splice_reconstructed_frozen__InstaDeepAI_nucleotide-transformer-v2-500m-multi-species__20260514T120331Z,0,2,0.1749042123556137,0.19554895162582397,0.6295468211174011
gue_splice_reconstructed_frozen__InstaDeepAI_nucleotide-transformer-v2-500m-multi-species__20260514T120331Z,1,2,0.22683008015155792,0.3194134533405304,0.4537564516067505
gue_splice_reconstructed_frozen__InstaDeepAI_nucleotide-transformer-v2-500m-multi-species__20260514T120331Z,2,2,0.18822583556175232,0.27778950333595276,0.5339846014976501
gue_splice_reconstructed_frozen__InstaDeepAI_nucleotide-transformer-v2-500m-multi-species__20260514T120331Z,0,2,0.25197282433509827,0.12615588307380676,0.621871292591095
gue_splice_reconstructed_frozen__InstaDeepAI_nucleotide-transformer-v2-500m-multi-species__20260514T120331Z,1,2,0.2529754936695099,0.32300809025764465,0.42401638627052307
gue_splice_reconstructed_frozen__InstaDeepAI_nucleotide-transformer-v2-500m-multi-species__20260514T120331Z,1,2,0.10389688611030579,0.4231368899345398,0.47296619415283203
gue_splice_reconstructed_frozen__InstaDeepAI_nucleotide-transformer-v2-500m-multi-species__20260514T120331Z,0,1,0.19141162931919098,0.4403976798057556,0.3681907057762146
gue_splice_reconstructed_frozen__InstaDeepAI_nucleotide-transformer-v2-500m-multi-species__20260514T120331Z,2,2,0.2620837092399597,0.24431867897510529,0.4935975968837738
gue_splice_reconstructed_frozen__InstaDeepAI_nucleotide-transformer-v2-500m-multi-species__20260514T120331Z,2,2,0.23788678646087646,0.3289302587509155,0.4331829249858856
gue_splice_reconstructed_frozen__InstaDeepAI_nucleotide-transformer-v2-500m-multi-species__20260514T120331Z,2,2,0.13463644683361053,0.3614511787891388,0.5039123892784119
gue_splice_reconstructed_frozen__InstaDeepAI_nucleotide-transformer-v2-500m-multi-species__20260514T120331Z,2,2,0.23909609019756317,0.2551697790622711,0.5057341456413269
gue_splice_reconstructed_frozen__InstaDeepAI_nucleotide-transformer-v2-500m-multi-species__20260514T120331Z,2,2,0.35465821623802185,0.20498499274253845,0.4403567612171173
gue_splice_reconstructed_frozen__InstaDeepAI_nucleotide-transformer-v2-500m-multi-species__20260514T120331Z,0,2,0.20766693353652954,0.27860337495803833,0.5137296915054321
gue_splice_reconstructed_frozen__InstaDeepAI_nucleotide-transformer-v2-500m-multi-species__20260514T120331Z,0,2,0.38367336988449097,0.15611951053142548,0.4602070450782776
gue_splice_reconstructed_frozen__InstaDeepAI_nucleotide-transformer-v2-500m-multi-species__20260514T120331Z,1,2,0.2148137390613556,0.30509766936302185,0.4800885319709778
gue_splice_reconstructed_frozen__InstaDeepAI_nucleotide-transformer-v2-500m-multi-species__20260514T120331Z,2,1,0.2514125406742096,0.41163501143455505,0.33695241808891296
gue_splice_reconstructed_frozen__InstaDeepAI_nucleotide-transformer-v2-500m-multi-species__20260514T120331Z,1,2,0.18161240220069885,0.22768178582191467,0.5907058119773865
gue_splice_reconstructed_frozen__InstaDeepAI_nucleotide-transformer-v2-500m-multi-species__20260514T120331Z,2,2,0.2356269359588623,0.1866467148065567,0.5777263641357422
gue_splice_reconstructed_frozen__InstaDeepAI_nucleotide-transformer-v2-500m-multi-species__20260514T120331Z,2,2,0.21422359347343445,0.10653167963027954,0.6792446970939636
gue_splice_reconstructed_frozen__InstaDeepAI_nucleotide-transformer-v2-500m-multi-species__20260514T120331Z,2,2,0.18413971364498138,0.26638898253440857,0.5494713187217712
gue_splice_reconstructed_frozen__InstaDeepAI_nucleotide-transformer-v2-500m-multi-species__20260514T120331Z,1,2,0.27652469277381897,0.29256337881088257,0.4309118688106537
gue_splice_reconstructed_frozen__InstaDeepAI_nucleotide-transformer-v2-500m-multi-species__20260514T120331Z,2,2,0.14816291630268097,0.37797796726226807,0.47385913133621216
gue_splice_reconstructed_frozen__InstaDeepAI_nucleotide-transformer-v2-500m-multi-species__20260514T120331Z,2,2,0.1317722052335739,0.34501883387565613,0.5232089757919312
gue_splice_reconstructed_frozen__InstaDeepAI_nucleotide-transformer-v2-500m-multi-species__20260514T120331Z,0,2,0.324713796377182,0.2194577306509018,0.4558284878730774
gue_splice_reconstructed_frozen__InstaDeepAI_nucleotide-transformer-v2-500m-multi-species__20260514T120331Z,0,2,0.23313096165657043,0.19742141664028168,0.5694476366043091
gue_splice_reconstructed_frozen__InstaDeepAI_nucleotide-transformer-v2-500m-multi-species__20260514T120331Z,2,2,0.12391536682844162,0.21787682175636292,0.6582077741622925
gue_splice_reconstructed_frozen__InstaDeepAI_nucleotide-transformer-v2-500m-multi-species__20260514T120331Z,2,2,0.15605410933494568,0.10722813755273819,0.736717700958252
gue_splice_reconstructed_frozen__InstaDeepAI_nucleotide-transformer-v2-500m-multi-species__20260514T120331Z,2,2,0.24733883142471313,0.27532076835632324,0.47734037041664124
gue_splice_reconstructed_frozen__InstaDeepAI_nucleotide-transformer-v2-500m-multi-species__20260514T120331Z,2,2,0.15463295578956604,0.20286458730697632,0.64250248670578
gue_splice_reconstructed_frozen__InstaDeepAI_nucleotide-transformer-v2-500m-multi-species__20260514T120331Z,2,2,0.21039091050624847,0.1358385980129242,0.6537705063819885
gue_splice_reconstructed_frozen__InstaDeepAI_nucleotide-transformer-v2-500m-multi-species__20260514T120331Z,0,2,0.195299431681633,0.1966390609741211,0.6080615520477295
gue_splice_reconstructed_frozen__InstaDeepAI_nucleotide-transformer-v2-500m-multi-species__20260514T120331Z,2,2,0.24085810780525208,0.3117886781692505,0.4473532438278198
gue_splice_reconstructed_frozen__InstaDeepAI_nucleotide-transformer-v2-500m-multi-species__20260514T120331Z,0,0,0.41372957825660706,0.18399523198604584,0.4022751748561859
gue_splice_reconstructed_frozen__InstaDeepAI_nucleotide-transformer-v2-500m-multi-species__20260514T120331Z,1,1,0.2485359162092209,0.3813387155532837,0.37012535333633423
gue_splice_reconstructed_frozen__InstaDeepAI_nucleotide-transformer-v2-500m-multi-species__20260514T120331Z,2,2,0.15532444417476654,0.221138134598732,0.6235373616218567
gue_splice_reconstructed_frozen__InstaDeepAI_nucleotide-transformer-v2-500m-multi-species__20260514T120331Z,2,2,0.14870522916316986,0.17136771976947784,0.6799270510673523
gue_splice_reconstructed_frozen__InstaDeepAI_nucleotide-transformer-v2-500m-multi-species__20260514T120331Z,0,2,0.2072809338569641,0.21039097011089325,0.5823280811309814
gue_splice_reconstructed_frozen__InstaDeepAI_nucleotide-transformer-v2-500m-multi-species__20260514T120331Z,1,2,0.15989412367343903,0.27461424469947815,0.5654916167259216
gue_splice_reconstructed_frozen__InstaDeepAI_nucleotide-transformer-v2-500m-multi-species__20260514T120331Z,0,2,0.19273753464221954,0.31424811482429504,0.4930143654346466
gue_splice_reconstructed_frozen__InstaDeepAI_nucleotide-transformer-v2-500m-multi-species__20260514T120331Z,2,2,0.214024156332016,0.22092588245868683,0.565049946308136
gue_splice_reconstructed_frozen__InstaDeepAI_nucleotide-transformer-v2-500m-multi-species__20260514T120331Z,0,2,0.2242429256439209,0.1946829855442047,0.5810741186141968
gue_splice_reconstructed_frozen__InstaDeepAI_nucleotide-transformer-v2-500m-multi-species__20260514T120331Z,2,2,0.19646687805652618,0.31584632396698,0.4876868426799774
gue_splice_reconstructed_frozen__InstaDeepAI_nucleotide-transformer-v2-500m-multi-species__20260514T120331Z,0,2,0.2655038833618164,0.21624873578548431,0.5182473659515381
gue_splice_reconstructed_frozen__InstaDeepAI_nucleotide-transformer-v2-500m-multi-species__20260514T120331Z,1,2,0.14685849845409393,0.3437983989715576,0.5093430876731873
gue_splice_reconstructed_frozen__InstaDeepAI_nucleotide-transformer-v2-500m-multi-species__20260514T120331Z,2,2,0.3821943998336792,0.2190742790699005,0.3987312912940979
gue_splice_reconstructed_frozen__InstaDeepAI_nucleotide-transformer-v2-500m-multi-species__20260514T120331Z,2,2,0.2553744316101074,0.0899517759680748,0.6546737551689148
gue_splice_reconstructed_frozen__InstaDeepAI_nucleotide-transformer-v2-500m-multi-species__20260514T120331Z,1,2,0.26643651723861694,0.2876385450363159,0.44592493772506714
gue_splice_reconstructed_frozen__InstaDeepAI_nucleotide-transformer-v2-500m-multi-species__20260514T120331Z,2,2,0.14138127863407135,0.2165830284357071,0.6420356631278992
gue_splice_reconstructed_frozen__InstaDeepAI_nucleotide-transformer-v2-500m-multi-species__20260514T120331Z,0,2,0.24188527464866638,0.3197425901889801,0.43837210536003113
gue_splice_reconstructed_frozen__InstaDeepAI_nucleotide-transformer-v2-500m-multi-species__20260514T120331Z,2,2,0.16622720658779144,0.14073120057582855,0.6930415630340576
gue_splice_reconstructed_frozen__InstaDeepAI_nucleotide-transformer-v2-500m-multi-species__20260514T120331Z,2,2,0.17624151706695557,0.22826844453811646,0.595490038394928
gue_splice_reconstructed_frozen__InstaDeepAI_nucleotide-transformer-v2-500m-multi-species__20260514T120331Z,2,2,0.19767554104328156,0.2955666482448578,0.5067577958106995
gue_splice_reconstructed_frozen__InstaDeepAI_nucleotide-transformer-v2-500m-multi-species__20260514T120331Z,1,2,0.290468692779541,0.25406360626220703,0.45546773076057434
gue_splice_reconstructed_frozen__InstaDeepAI_nucleotide-transformer-v2-500m-multi-species__20260514T120331Z,1,2,0.32777172327041626,0.15004651248455048,0.5221816897392273
gue_splice_reconstructed_frozen__InstaDeepAI_nucleotide-transformer-v2-500m-multi-species__20260514T120331Z,2,2,0.10421658307313919,0.08164093643426895,0.8141424655914307
gue_splice_reconstructed_frozen__InstaDeepAI_nucleotide-transformer-v2-500m-multi-species__20260514T120331Z,1,2,0.1500059813261032,0.276084303855896,0.5739096999168396
gue_splice_reconstructed_frozen__InstaDeepAI_nucleotide-transformer-v2-500m-multi-species__20260514T120331Z,1,2,0.33352920413017273,0.26474666595458984,0.4017241299152374
gue_splice_reconstructed_frozen__InstaDeepAI_nucleotide-transformer-v2-500m-multi-species__20260514T120331Z,2,2,0.17783774435520172,0.27438339591026306,0.5477789044380188
gue_splice_reconstructed_frozen__InstaDeepAI_nucleotide-transformer-v2-500m-multi-species__20260514T120331Z,1,2,0.17772050201892853,0.385626882314682,0.43665260076522827
gue_splice_reconstructed_frozen__InstaDeepAI_nucleotide-transformer-v2-500m-multi-species__20260514T120331Z,2,2,0.18917112052440643,0.23968997597694397,0.5711389183998108
gue_splice_reconstructed_frozen__InstaDeepAI_nucleotide-transformer-v2-500m-multi-species__20260514T120331Z,2,2,0.2395862340927124,0.21825231611728668,0.5421614646911621
gue_splice_reconstructed_frozen__InstaDeepAI_nucleotide-transformer-v2-500m-multi-species__20260514T120331Z,1,1,0.10256694257259369,0.48032405972480774,0.41710901260375977
gue_splice_reconstructed_frozen__InstaDeepAI_nucleotide-transformer-v2-500m-multi-species__20260514T120331Z,1,2,0.16478107869625092,0.23511777818202972,0.6001011729240417
gue_splice_reconstructed_frozen__InstaDeepAI_nucleotide-transformer-v2-500m-multi-species__20260514T120331Z,2,2,0.17830365896224976,0.13013163208961487,0.6915647387504578
gue_splice_reconstructed_frozen__InstaDeepAI_nucleotide-transformer-v2-500m-multi-species__20260514T120331Z,2,2,0.18171095848083496,0.27593275904655457,0.5423562526702881
gue_splice_reconstructed_frozen__InstaDeepAI_nucleotide-transformer-v2-500m-multi-species__20260514T120331Z,2,2,0.28046172857284546,0.23837007582187653,0.4811682403087616
gue_splice_reconstructed_frozen__InstaDeepAI_nucleotide-transformer-v2-500m-multi-species__20260514T120331Z,2,2,0.1684403270483017,0.2698825001716614,0.5616771578788757
gue_splice_reconstructed_frozen__InstaDeepAI_nucleotide-transformer-v2-500m-multi-species__20260514T120331Z,2,2,0.17720535397529602,0.16728386282920837,0.6555107831954956
gue_splice_reconstructed_frozen__InstaDeepAI_nucleotide-transformer-v2-500m-multi-species__20260514T120331Z,2,2,0.16094529628753662,0.27358511090278625,0.5654695630073547
gue_splice_reconstructed_frozen__InstaDeepAI_nucleotide-transformer-v2-500m-multi-species__20260514T120331Z,2,2,0.10310725122690201,0.06908785551786423,0.8278048634529114
gue_splice_reconstructed_frozen__InstaDeepAI_nucleotide-transformer-v2-500m-multi-species__20260514T120331Z,2,2,0.17564545571804047,0.23434574902057648,0.5900087952613831
gue_splice_reconstructed_frozen__InstaDeepAI_nucleotide-transformer-v2-500m-multi-species__20260514T120331Z,0,2,0.3263415992259979,0.1953437775373459,0.47831466794013977
gue_splice_reconstructed_frozen__InstaDeepAI_nucleotide-transformer-v2-500m-multi-species__20260514T120331Z,2,2,0.15953384339809418,0.20609956979751587,0.6343666315078735
gue_splice_reconstructed_frozen__InstaDeepAI_nucleotide-transformer-v2-500m-multi-species__20260514T120331Z,2,2,0.18291983008384705,0.12031370401382446,0.6967664361000061
gue_splice_reconstructed_frozen__InstaDeepAI_nucleotide-transformer-v2-500m-multi-species__20260514T120331Z,2,2,0.16770997643470764,0.359402596950531,0.47288739681243896
gue_splice_reconstructed_frozen__InstaDeepAI_nucleotide-transformer-v2-500m-multi-species__20260514T120331Z,1,1,0.1866355985403061,0.46520963311195374,0.34815484285354614
gue_splice_reconstructed_frozen__InstaDeepAI_nucleotide-transformer-v2-500m-multi-species__20260514T120331Z,2,2,0.10567661374807358,0.26474425196647644,0.6295791268348694
gue_splice_reconstructed_frozen__InstaDeepAI_nucleotide-transformer-v2-500m-multi-species__20260514T120331Z,2,2,0.22664465010166168,0.16907687485218048,0.6042785048484802
gue_splice_reconstructed_frozen__InstaDeepAI_nucleotide-transformer-v2-500m-multi-species__20260514T120331Z,0,2,0.2027931958436966,0.16750690340995789,0.6296998858451843
gue_splice_reconstructed_frozen__InstaDeepAI_nucleotide-transformer-v2-500m-multi-species__20260514T120331Z,2,2,0.19219346344470978,0.30082568526268005,0.506980836391449
gue_splice_reconstructed_frozen__InstaDeepAI_nucleotide-transformer-v2-500m-multi-species__20260514T120331Z,1,2,0.20776602625846863,0.15941645205020905,0.6328175067901611
gue_splice_reconstructed_frozen__InstaDeepAI_nucleotide-transformer-v2-500m-multi-species__20260514T120331Z,1,2,0.13320417702198029,0.3721238672733307,0.49467194080352783
gue_splice_reconstructed_frozen__InstaDeepAI_nucleotide-transformer-v2-500m-multi-species__20260514T120331Z,2,2,0.12288244813680649,0.25428661704063416,0.6228309273719788
gue_splice_reconstructed_frozen__InstaDeepAI_nucleotide-transformer-v2-500m-multi-species__20260514T120331Z,0,2,0.22030231356620789,0.20911340415477753,0.5705842971801758
gue_splice_reconstructed_frozen__InstaDeepAI_nucleotide-transformer-v2-500m-multi-species__20260514T120331Z,2,2,0.2053167223930359,0.18485531210899353,0.6098279356956482
gue_splice_reconstructed_frozen__InstaDeepAI_nucleotide-transformer-v2-500m-multi-species__20260514T120331Z,2,2,0.21792733669281006,0.1488949954509735,0.6331776976585388
gue_splice_reconstructed_frozen__InstaDeepAI_nucleotide-transformer-v2-500m-multi-species__20260514T120331Z,1,2,0.25650274753570557,0.16482405364513397,0.578673243522644
gue_splice_reconstructed_frozen__InstaDeepAI_nucleotide-transformer-v2-500m-multi-species__20260514T120331Z,2,1,0.1082720085978508,0.48500463366508484,0.4067233204841614
gue_splice_reconstructed_frozen__InstaDeepAI_nucleotide-transformer-v2-500m-multi-species__20260514T120331Z,1,2,0.25369569659233093,0.18681243062019348,0.5594918727874756
gue_splice_reconstructed_frozen__InstaDeepAI_nucleotide-transformer-v2-500m-multi-species__20260514T120331Z,2,2,0.17729973793029785,0.1728968620300293,0.6498034000396729
gue_splice_reconstructed_frozen__InstaDeepAI_nucleotide-transformer-v2-500m-multi-species__20260514T120331Z,1,2,0.15808306634426117,0.2709677815437317,0.5709491968154907
gue_splice_reconstructed_frozen__InstaDeepAI_nucleotide-transformer-v2-500m-multi-species__20260514T120331Z,2,2,0.30142536759376526,0.3032522201538086,0.39532238245010376
gue_splice_reconstructed_frozen__InstaDeepAI_nucleotide-transformer-v2-500m-multi-species__20260514T120331Z,1,2,0.36457449197769165,0.11051236093044281,0.5249131917953491
gue_splice_reconstructed_frozen__InstaDeepAI_nucleotide-transformer-v2-500m-multi-species__20260514T120331Z,0,2,0.21671852469444275,0.23871707916259766,0.5445643663406372
gue_splice_reconstructed_frozen__InstaDeepAI_nucleotide-transformer-v2-500m-multi-species__20260514T120331Z,0,2,0.3090898394584656,0.2092811018228531,0.4816291332244873
gue_splice_reconstructed_frozen__InstaDeepAI_nucleotide-transformer-v2-500m-multi-species__20260514T120331Z,2,2,0.32668575644493103,0.22309327125549316,0.4502209722995758
gue_splice_reconstructed_frozen__InstaDeepAI_nucleotide-transformer-v2-500m-multi-species__20260514T120331Z,2,2,0.08882714807987213,0.12792426347732544,0.7832486033439636
gue_splice_reconstructed_frozen__InstaDeepAI_nucleotide-transformer-v2-500m-multi-species__20260514T120331Z,1,2,0.23419418931007385,0.35105255246162415,0.4147533178329468
gue_splice_reconstructed_frozen__InstaDeepAI_nucleotide-transformer-v2-500m-multi-species__20260514T120331Z,2,2,0.15365958213806152,0.07658878713846207,0.7697516083717346
gue_splice_reconstructed_frozen__InstaDeepAI_nucleotide-transformer-v2-500m-multi-species__20260514T120331Z,1,2,0.1597549021244049,0.3572115898132324,0.48303356766700745
gue_splice_reconstructed_frozen__InstaDeepAI_nucleotide-transformer-v2-500m-multi-species__20260514T120331Z,0,2,0.18161897361278534,0.3383575975894928,0.4800233542919159
gue_splice_reconstructed_frozen__InstaDeepAI_nucleotide-transformer-v2-500m-multi-species__20260514T120331Z,0,0,0.3903000056743622,0.25838226079940796,0.35131776332855225
gue_splice_reconstructed_frozen__InstaDeepAI_nucleotide-transformer-v2-500m-multi-species__20260514T120331Z,2,2,0.2394615113735199,0.31305626034736633,0.44748225808143616
gue_splice_reconstructed_frozen__InstaDeepAI_nucleotide-transformer-v2-500m-multi-species__20260514T120331Z,2,2,0.1884744018316269,0.11364764720201492,0.6978780031204224
gue_splice_reconstructed_frozen__InstaDeepAI_nucleotide-transformer-v2-500m-multi-species__20260514T120331Z,2,2,0.23940744996070862,0.23716768622398376,0.5234248638153076
gue_splice_reconstructed_frozen__InstaDeepAI_nucleotide-transformer-v2-500m-multi-species__20260514T120331Z,1,1,0.200179323554039,0.40171656012535095,0.39810410141944885
gue_splice_reconstructed_frozen__InstaDeepAI_nucleotide-transformer-v2-500m-multi-species__20260514T120331Z,1,2,0.23232313990592957,0.17601008713245392,0.5916668176651001
gue_splice_reconstructed_frozen__InstaDeepAI_nucleotide-transformer-v2-500m-multi-species__20260514T120331Z,0,2,0.2522338330745697,0.2368071973323822,0.5109589099884033
gue_splice_reconstructed_frozen__InstaDeepAI_nucleotide-transformer-v2-500m-multi-species__20260514T120331Z,0,2,0.36604633927345276,0.17122770845890045,0.462725967168808
gue_splice_reconstructed_frozen__InstaDeepAI_nucleotide-transformer-v2-500m-multi-species__20260514T120331Z,1,2,0.17592427134513855,0.2947435975074768,0.529332160949707
gue_splice_reconstructed_frozen__InstaDeepAI_nucleotide-transformer-v2-500m-multi-species__20260514T120331Z,2,2,0.19644342362880707,0.24639523029327393,0.5571613311767578
gue_splice_reconstructed_frozen__InstaDeepAI_nucleotide-transformer-v2-500m-multi-species__20260514T120331Z,1,2,0.21127472817897797,0.3655182123184204,0.42320704460144043
gue_splice_reconstructed_frozen__InstaDeepAI_nucleotide-transformer-v2-500m-multi-species__20260514T120331Z,0,2,0.2236199676990509,0.329481840133667,0.4468981921672821
gue_splice_reconstructed_frozen__InstaDeepAI_nucleotide-transformer-v2-500m-multi-species__20260514T120331Z,1,2,0.20304714143276215,0.3682548403739929,0.42869800329208374
gue_splice_reconstructed_frozen__InstaDeepAI_nucleotide-transformer-v2-500m-multi-species__20260514T120331Z,2,2,0.3105386793613434,0.2450423389673233,0.4444190263748169
gue_splice_reconstructed_frozen__InstaDeepAI_nucleotide-transformer-v2-500m-multi-species__20260514T120331Z,2,2,0.25026971101760864,0.24268820881843567,0.5070420503616333
gue_splice_reconstructed_frozen__InstaDeepAI_nucleotide-transformer-v2-500m-multi-species__20260514T120331Z,2,2,0.31009894609451294,0.19088906049728394,0.49901193380355835
gue_splice_reconstructed_frozen__InstaDeepAI_nucleotide-transformer-v2-500m-multi-species__20260514T120331Z,2,2,0.18650829792022705,0.1359204202890396,0.6775712966918945
gue_splice_reconstructed_frozen__InstaDeepAI_nucleotide-transformer-v2-500m-multi-species__20260514T120331Z,0,2,0.19151178002357483,0.12486272305250168,0.6836254596710205
gue_splice_reconstructed_frozen__InstaDeepAI_nucleotide-transformer-v2-500m-multi-species__20260514T120331Z,2,2,0.20434635877609253,0.1433025300502777,0.6523511409759521
gue_splice_reconstructed_frozen__InstaDeepAI_nucleotide-transformer-v2-500m-multi-species__20260514T120331Z,1,2,0.2888152003288269,0.1786738932132721,0.5325108766555786
gue_splice_reconstructed_frozen__InstaDeepAI_nucleotide-transformer-v2-500m-multi-species__20260514T120331Z,2,2,0.2593388557434082,0.135061576962471,0.605599582195282
gue_splice_reconstructed_frozen__InstaDeepAI_nucleotide-transformer-v2-500m-multi-species__20260514T120331Z,2,2,0.2963528335094452,0.2845348119735718,0.41911229491233826
gue_splice_reconstructed_frozen__InstaDeepAI_nucleotide-transformer-v2-500m-multi-species__20260514T120331Z,2,2,0.2021200954914093,0.20555379986763,0.5923261046409607
gue_splice_reconstructed_frozen__InstaDeepAI_nucleotide-transformer-v2-500m-multi-species__20260514T120331Z,1,2,0.2737020254135132,0.28578880429267883,0.440509170293808
gue_splice_reconstructed_frozen__InstaDeepAI_nucleotide-transformer-v2-500m-multi-species__20260514T120331Z,2,2,0.16976292431354523,0.1892455667257309,0.6409914493560791
gue_splice_reconstructed_frozen__InstaDeepAI_nucleotide-transformer-v2-500m-multi-species__20260514T120331Z,0,2,0.2235630750656128,0.3407473862171173,0.4356895387172699
gue_splice_reconstructed_frozen__InstaDeepAI_nucleotide-transformer-v2-500m-multi-species__20260514T120331Z,0,2,0.2533191740512848,0.3316709101200104,0.4150099754333496
gue_splice_reconstructed_frozen__InstaDeepAI_nucleotide-transformer-v2-500m-multi-species__20260514T120331Z,1,2,0.26407939195632935,0.23441879451274872,0.5015017986297607
gue_splice_reconstructed_frozen__InstaDeepAI_nucleotide-transformer-v2-500m-multi-species__20260514T120331Z,1,2,0.21074607968330383,0.1769036501646042,0.6123502850532532
gue_splice_reconstructed_frozen__InstaDeepAI_nucleotide-transformer-v2-500m-multi-species__20260514T120331Z,2,2,0.1364566683769226,0.18528872728347778,0.6782546043395996
gue_splice_reconstructed_frozen__InstaDeepAI_nucleotide-transformer-v2-500m-multi-species__20260514T120331Z,0,2,0.1698712259531021,0.3014957308769226,0.5286330580711365
gue_splice_reconstructed_frozen__InstaDeepAI_nucleotide-transformer-v2-500m-multi-species__20260514T120331Z,2,2,0.1723456233739853,0.1626167744398117,0.6650375723838806
gue_splice_reconstructed_frozen__InstaDeepAI_nucleotide-transformer-v2-500m-multi-species__20260514T120331Z,2,2,0.28633633255958557,0.19176249206066132,0.5219011902809143
gue_splice_reconstructed_frozen__InstaDeepAI_nucleotide-transformer-v2-500m-multi-species__20260514T120331Z,1,2,0.1536990851163864,0.16798318922519684,0.6783177852630615
gue_splice_reconstructed_frozen__InstaDeepAI_nucleotide-transformer-v2-500m-multi-species__20260514T120331Z,1,2,0.26148298382759094,0.31403642892837524,0.4244806170463562
gue_splice_reconstructed_frozen__InstaDeepAI_nucleotide-transformer-v2-500m-multi-species__20260514T120331Z,2,2,0.15580810606479645,0.15539023280143738,0.688801646232605
gue_splice_reconstructed_frozen__InstaDeepAI_nucleotide-transformer-v2-500m-multi-species__20260514T120331Z,0,2,0.17176620662212372,0.1891094148159027,0.6391243934631348
gue_splice_reconstructed_frozen__InstaDeepAI_nucleotide-transformer-v2-500m-multi-species__20260514T120331Z,1,2,0.19843585789203644,0.24950271844863892,0.5520614385604858
gue_splice_reconstructed_frozen__InstaDeepAI_nucleotide-transformer-v2-500m-multi-species__20260514T120331Z,2,2,0.24788539111614227,0.15404708683490753,0.598067581653595
gue_splice_reconstructed_frozen__InstaDeepAI_nucleotide-transformer-v2-500m-multi-species__20260514T120331Z,1,2,0.25562262535095215,0.24499106407165527,0.4993862807750702
gue_splice_reconstructed_frozen__InstaDeepAI_nucleotide-transformer-v2-500m-multi-species__20260514T120331Z,1,2,0.1907045990228653,0.27796512842178345,0.5313302874565125
gue_splice_reconstructed_frozen__InstaDeepAI_nucleotide-transformer-v2-500m-multi-species__20260514T120331Z,2,2,0.14612586796283722,0.11214806139469147,0.7417261004447937
gue_splice_reconstructed_frozen__InstaDeepAI_nucleotide-transformer-v2-500m-multi-species__20260514T120331Z,2,2,0.27409371733665466,0.1321069300174713,0.593799352645874
gue_splice_reconstructed_frozen__InstaDeepAI_nucleotide-transformer-v2-500m-multi-species__20260514T120331Z,2,2,0.17857563495635986,0.2444119155406952,0.5770124197006226
gue_splice_reconstructed_frozen__InstaDeepAI_nucleotide-transformer-v2-500m-multi-species__20260514T120331Z,2,2,0.09030426293611526,0.12844228744506836,0.781253457069397
gue_splice_reconstructed_frozen__InstaDeepAI_nucleotide-transformer-v2-500m-multi-species__20260514T120331Z,1,2,0.19801382720470428,0.358578622341156,0.4434075355529785
gue_splice_reconstructed_frozen__InstaDeepAI_nucleotide-transformer-v2-500m-multi-species__20260514T120331Z,2,2,0.1812567114830017,0.24705392122268677,0.5716894268989563
gue_splice_reconstructed_frozen__InstaDeepAI_nucleotide-transformer-v2-500m-multi-species__20260514T120331Z,2,2,0.2592637836933136,0.26573625206947327,0.4749999940395355
gue_splice_reconstructed_frozen__InstaDeepAI_nucleotide-transformer-v2-500m-multi-species__20260514T120331Z,2,2,0.23199309408664703,0.20016151666641235,0.5678454041481018
gue_splice_reconstructed_frozen__InstaDeepAI_nucleotide-transformer-v2-500m-multi-species__20260514T120331Z,0,2,0.1782398372888565,0.25807422399520874,0.5636858940124512
gue_splice_reconstructed_frozen__InstaDeepAI_nucleotide-transformer-v2-500m-multi-species__20260514T120331Z,2,2,0.35321998596191406,0.17239801585674286,0.4743820130825043
gue_splice_reconstructed_frozen__InstaDeepAI_nucleotide-transformer-v2-500m-multi-species__20260514T120331Z,2,2,0.17759136855602264,0.32055744528770447,0.5018512010574341
gue_splice_reconstructed_frozen__InstaDeepAI_nucleotide-transformer-v2-500m-multi-species__20260514T120331Z,2,2,0.2720436453819275,0.34538891911506653,0.382567435503006
gue_splice_reconstructed_frozen__InstaDeepAI_nucleotide-transformer-v2-500m-multi-species__20260514T120331Z,2,2,0.234792560338974,0.08311200141906738,0.6820954084396362
gue_splice_reconstructed_frozen__InstaDeepAI_nucleotide-transformer-v2-500m-multi-species__20260514T120331Z,1,2,0.29482361674308777,0.20718757808208466,0.49798884987831116
gue_splice_reconstructed_frozen__InstaDeepAI_nucleotide-transformer-v2-500m-multi-species__20260514T120331Z,2,2,0.09682699292898178,0.07241391390562057,0.8307590484619141
gue_splice_reconstructed_frozen__InstaDeepAI_nucleotide-transformer-v2-500m-multi-species__20260514T120331Z,1,1,0.08380993455648422,0.47296449542045593,0.44322559237480164
gue_splice_reconstructed_frozen__InstaDeepAI_nucleotide-transformer-v2-500m-multi-species__20260514T120331Z,0,2,0.15949413180351257,0.2415132075548172,0.598992645740509
gue_splice_reconstructed_frozen__InstaDeepAI_nucleotide-transformer-v2-500m-multi-species__20260514T120331Z,2,2,0.12734101712703705,0.39348483085632324,0.47917410731315613
gue_splice_reconstructed_frozen__InstaDeepAI_nucleotide-transformer-v2-500m-multi-species__20260514T120331Z,0,2,0.3234456181526184,0.09129887074232101,0.58525550365448
gue_splice_reconstructed_frozen__InstaDeepAI_nucleotide-transformer-v2-500m-multi-species__20260514T120331Z,1,2,0.35742658376693726,0.18385271728038788,0.45872074365615845
gue_splice_reconstructed_frozen__InstaDeepAI_nucleotide-transformer-v2-500m-multi-species__20260514T120331Z,0,0,0.35468602180480957,0.3013306260108948,0.34398335218429565
gue_splice_reconstructed_frozen__InstaDeepAI_nucleotide-transformer-v2-500m-multi-species__20260514T120331Z,1,2,0.2231568694114685,0.3133312165737152,0.4635118544101715
gue_splice_reconstructed_frozen__InstaDeepAI_nucleotide-transformer-v2-500m-multi-species__20260514T120331Z,2,2,0.21740536391735077,0.21558187901973724,0.5670127868652344
gue_splice_reconstructed_frozen__InstaDeepAI_nucleotide-transformer-v2-500m-multi-species__20260514T120331Z,2,2,0.16246210038661957,0.3953806757926941,0.44215717911720276
gue_splice_reconstructed_frozen__InstaDeepAI_nucleotide-transformer-v2-500m-multi-species__20260514T120331Z,2,2,0.20299549400806427,0.301770955324173,0.49523356556892395
gue_splice_reconstructed_frozen__InstaDeepAI_nucleotide-transformer-v2-500m-multi-species__20260514T120331Z,0,2,0.16501469910144806,0.28593888878822327,0.5490463972091675
gue_splice_reconstructed_frozen__InstaDeepAI_nucleotide-transformer-v2-500m-multi-species__20260514T120331Z,2,2,0.18778444826602936,0.14205890893936157,0.6701566576957703
gue_splice_reconstructed_frozen__InstaDeepAI_nucleotide-transformer-v2-500m-multi-species__20260514T120331Z,1,2,0.34905576705932617,0.2740773558616638,0.3768668472766876
gue_splice_reconstructed_frozen__InstaDeepAI_nucleotide-transformer-v2-500m-multi-species__20260514T120331Z,1,2,0.24043618142604828,0.23266921937465668,0.5268946290016174
gue_splice_reconstructed_frozen__InstaDeepAI_nucleotide-transformer-v2-500m-multi-species__20260514T120331Z,2,2,0.24604247510433197,0.2294488102197647,0.5245087742805481
gue_splice_reconstructed_frozen__InstaDeepAI_nucleotide-transformer-v2-500m-multi-species__20260514T120331Z,1,2,0.2816290855407715,0.22500070929527283,0.4933702051639557
gue_splice_reconstructed_frozen__InstaDeepAI_nucleotide-transformer-v2-500m-multi-species__20260514T120331Z,1,2,0.19999898970127106,0.1634737253189087,0.6365272402763367
gue_splice_reconstructed_frozen__InstaDeepAI_nucleotide-transformer-v2-500m-multi-species__20260514T120331Z,1,2,0.2550812065601349,0.2527565360069275,0.49216228723526
gue_splice_reconstructed_frozen__InstaDeepAI_nucleotide-transformer-v2-500m-multi-species__20260514T120331Z,0,2,0.19633714854717255,0.2593039870262146,0.5443589091300964
gue_splice_reconstructed_frozen__InstaDeepAI_nucleotide-transformer-v2-500m-multi-species__20260514T120331Z,0,2,0.1927507370710373,0.26029425859451294,0.5469549894332886
gue_splice_reconstructed_frozen__InstaDeepAI_nucleotide-transformer-v2-500m-multi-species__20260514T120331Z,0,2,0.15088233351707458,0.21449941396713257,0.6346182823181152
gue_splice_reconstructed_frozen__InstaDeepAI_nucleotide-transformer-v2-500m-multi-species__20260514T120331Z,2,2,0.17846354842185974,0.21839134395122528,0.6031450629234314
gue_splice_reconstructed_frozen__InstaDeepAI_nucleotide-transformer-v2-500m-multi-species__20260514T120331Z,1,2,0.23188555240631104,0.26508036255836487,0.5030341148376465
gue_splice_reconstructed_frozen__InstaDeepAI_nucleotide-transformer-v2-500m-multi-species__20260514T120331Z,2,2,0.24590954184532166,0.26372581720352173,0.4903646409511566
gue_splice_reconstructed_frozen__InstaDeepAI_nucleotide-transformer-v2-500m-multi-species__20260514T120331Z,0,2,0.37387290596961975,0.12031662464141846,0.5058104395866394
gue_splice_reconstructed_frozen__InstaDeepAI_nucleotide-transformer-v2-500m-multi-species__20260514T120331Z,2,2,0.18818886578083038,0.28812962770462036,0.5236814618110657
gue_splice_reconstructed_frozen__InstaDeepAI_nucleotide-transformer-v2-500m-multi-species__20260514T120331Z,2,2,0.2731095850467682,0.1927468329668045,0.5341435670852661
gue_splice_reconstructed_frozen__InstaDeepAI_nucleotide-transformer-v2-500m-multi-species__20260514T120331Z,2,2,0.12173797935247421,0.10092432796955109,0.7773377299308777
gue_splice_reconstructed_frozen__InstaDeepAI_nucleotide-transformer-v2-500m-multi-species__20260514T120331Z,2,2,0.22300441563129425,0.1484261006116867,0.628569483757019
gue_splice_reconstructed_frozen__InstaDeepAI_nucleotide-transformer-v2-500m-multi-species__20260514T120331Z,2,2,0.13111095130443573,0.37032240629196167,0.4985666871070862
gue_splice_reconstructed_frozen__InstaDeepAI_nucleotide-transformer-v2-500m-multi-species__20260514T120331Z,2,2,0.22542636096477509,0.16619868576526642,0.6083749532699585
gue_splice_reconstructed_frozen__InstaDeepAI_nucleotide-transformer-v2-500m-multi-species__20260514T120331Z,1,2,0.2024613618850708,0.3680899441242218,0.429448664188385
gue_splice_reconstructed_frozen__InstaDeepAI_nucleotide-transformer-v2-500m-multi-species__20260514T120331Z,1,2,0.25869396328926086,0.2653788626194,0.4759272038936615
gue_splice_reconstructed_frozen__InstaDeepAI_nucleotide-transformer-v2-500m-multi-species__20260514T120331Z,1,2,0.21371711790561676,0.26387321949005127,0.5224096775054932
gue_splice_reconstructed_frozen__InstaDeepAI_nucleotide-transformer-v2-500m-multi-species__20260514T120331Z,1,2,0.21941161155700684,0.22330254316329956,0.5572858452796936
gue_splice_reconstructed_frozen__InstaDeepAI_nucleotide-transformer-v2-500m-multi-species__20260514T120331Z,2,2,0.17633630335330963,0.1460452377796173,0.6776184439659119
gue_splice_reconstructed_frozen__InstaDeepAI_nucleotide-transformer-v2-500m-multi-species__20260514T120331Z,2,2,0.2642192542552948,0.24022223055362701,0.49555855989456177
gue_splice_reconstructed_frozen__InstaDeepAI_nucleotide-transformer-v2-500m-multi-species__20260514T120331Z,1,2,0.23094528913497925,0.20590907335281372,0.563145637512207
gue_splice_reconstructed_frozen__InstaDeepAI_nucleotide-transformer-v2-500m-multi-species__20260514T120331Z,2,2,0.20465731620788574,0.18643362820148468,0.6089090704917908
gue_splice_reconstructed_frozen__InstaDeepAI_nucleotide-transformer-v2-500m-multi-species__20260514T120331Z,1,2,0.2641127109527588,0.262057363986969,0.4738299548625946
gue_splice_reconstructed_frozen__InstaDeepAI_nucleotide-transformer-v2-500m-multi-species__20260514T120331Z,2,2,0.2215338498353958,0.070509172976017,0.7079570293426514
gue_splice_reconstructed_frozen__InstaDeepAI_nucleotide-transformer-v2-500m-multi-species__20260514T120331Z,2,2,0.24382658302783966,0.17425499856472015,0.5819184184074402
gue_splice_reconstructed_frozen__InstaDeepAI_nucleotide-transformer-v2-500m-multi-species__20260514T120331Z,2,2,0.2432754784822464,0.236021026968956,0.5207034945487976
gue_splice_reconstructed_frozen__InstaDeepAI_nucleotide-transformer-v2-500m-multi-species__20260514T120331Z,2,2,0.3045504093170166,0.22673743963241577,0.4687122106552124
gue_splice_reconstructed_frozen__InstaDeepAI_nucleotide-transformer-v2-500m-multi-species__20260514T120331Z,2,2,0.1637825220823288,0.21371698379516602,0.6225005388259888
gue_splice_reconstructed_frozen__InstaDeepAI_nucleotide-transformer-v2-500m-multi-species__20260514T120331Z,2,1,0.1746494472026825,0.5033947229385376,0.32195577025413513
gue_splice_reconstructed_frozen__InstaDeepAI_nucleotide-transformer-v2-500m-multi-species__20260514T120331Z,1,2,0.16431519389152527,0.25085681676864624,0.5848280191421509
gue_splice_reconstructed_frozen__InstaDeepAI_nucleotide-transformer-v2-500m-multi-species__20260514T120331Z,1,2,0.178066223859787,0.3306371569633484,0.4912966787815094
gue_splice_reconstructed_frozen__InstaDeepAI_nucleotide-transformer-v2-500m-multi-species__20260514T120331Z,0,2,0.18611286580562592,0.33944278955459595,0.47444435954093933
gue_splice_reconstructed_frozen__InstaDeepAI_nucleotide-transformer-v2-500m-multi-species__20260514T120331Z,2,2,0.3576774597167969,0.17888811230659485,0.4634344279766083
gue_splice_reconstructed_frozen__InstaDeepAI_nucleotide-transformer-v2-500m-multi-species__20260514T120331Z,2,2,0.23941141366958618,0.24211527407169342,0.5184733271598816
gue_splice_reconstructed_frozen__InstaDeepAI_nucleotide-transformer-v2-500m-multi-species__20260514T120331Z,0,2,0.3228917121887207,0.1675446778535843,0.5095636248588562
gue_splice_reconstructed_frozen__InstaDeepAI_nucleotide-transformer-v2-500m-multi-species__20260514T120331Z,2,2,0.19260580837726593,0.25373247265815735,0.5536617040634155
gue_splice_reconstructed_frozen__InstaDeepAI_nucleotide-transformer-v2-500m-multi-species__20260514T120331Z,0,2,0.3159577548503876,0.17660991847515106,0.5074323415756226
gue_splice_reconstructed_frozen__InstaDeepAI_nucleotide-transformer-v2-500m-multi-species__20260514T120331Z,2,2,0.18842725455760956,0.19162830710411072,0.6199444532394409
gue_splice_reconstructed_frozen__InstaDeepAI_nucleotide-transformer-v2-500m-multi-species__20260514T120331Z,2,2,0.22288957238197327,0.20828920602798462,0.5688212513923645
gue_splice_reconstructed_frozen__InstaDeepAI_nucleotide-transformer-v2-500m-multi-species__20260514T120331Z,1,2,0.24594245851039886,0.3197724521160126,0.434285044670105
gue_splice_reconstructed_frozen__InstaDeepAI_nucleotide-transformer-v2-500m-multi-species__20260514T120331Z,2,2,0.20554639399051666,0.13086073100566864,0.6635928750038147
gue_splice_reconstructed_frozen__InstaDeepAI_nucleotide-transformer-v2-500m-multi-species__20260514T120331Z,2,2,0.2505296468734741,0.17122219502925873,0.578248143196106
gue_splice_reconstructed_frozen__InstaDeepAI_nucleotide-transformer-v2-500m-multi-species__20260514T120331Z,2,2,0.15709759294986725,0.11843881011009216,0.7244636416435242
gue_splice_reconstructed_frozen__InstaDeepAI_nucleotide-transformer-v2-500m-multi-species__20260514T120331Z,2,2,0.2599143981933594,0.2258588671684265,0.5142266750335693
gue_splice_reconstructed_frozen__InstaDeepAI_nucleotide-transformer-v2-500m-multi-species__20260514T120331Z,2,2,0.28039616346359253,0.22500915825366974,0.4945947527885437
gue_splice_reconstructed_frozen__InstaDeepAI_nucleotide-transformer-v2-500m-multi-species__20260514T120331Z,2,1,0.18647286295890808,0.41644421219825745,0.3970829248428345
gue_splice_reconstructed_frozen__InstaDeepAI_nucleotide-transformer-v2-500m-multi-species__20260514T120331Z,1,2,0.15369868278503418,0.1707947850227356,0.6755065321922302
gue_splice_reconstructed_frozen__InstaDeepAI_nucleotide-transformer-v2-500m-multi-species__20260514T120331Z,0,2,0.20811988413333893,0.28575387597084045,0.5061262845993042
gue_splice_reconstructed_frozen__InstaDeepAI_nucleotide-transformer-v2-500m-multi-species__20260514T120331Z,2,2,0.0755295529961586,0.3564813733100891,0.5679890513420105
gue_splice_reconstructed_frozen__InstaDeepAI_nucleotide-transformer-v2-500m-multi-species__20260514T120331Z,2,2,0.19030806422233582,0.04324024170637131,0.7664516568183899
gue_splice_reconstructed_frozen__InstaDeepAI_nucleotide-transformer-v2-500m-multi-species__20260514T120331Z,1,2,0.2535463869571686,0.2920795679092407,0.4543740451335907
gue_splice_reconstructed_frozen__InstaDeepAI_nucleotide-transformer-v2-500m-multi-species__20260514T120331Z,1,2,0.28679633140563965,0.2206943929195404,0.49250927567481995
gue_splice_reconstructed_frozen__InstaDeepAI_nucleotide-transformer-v2-500m-multi-species__20260514T120331Z,0,2,0.24222183227539062,0.13387788832187653,0.623900294303894
gue_splice_reconstructed_frozen__InstaDeepAI_nucleotide-transformer-v2-500m-multi-species__20260514T120331Z,2,2,0.14352518320083618,0.20533950626850128,0.6511353254318237
gue_splice_reconstructed_frozen__InstaDeepAI_nucleotide-transformer-v2-500m-multi-species__20260514T120331Z,0,2,0.23481841385364532,0.35461902618408203,0.41056257486343384
gue_splice_reconstructed_frozen__InstaDeepAI_nucleotide-transformer-v2-500m-multi-species__20260514T120331Z,0,2,0.2219003140926361,0.14881323277950287,0.6292864680290222
gue_splice_reconstructed_frozen__InstaDeepAI_nucleotide-transformer-v2-500m-multi-species__20260514T120331Z,0,2,0.3195714056491852,0.31300798058509827,0.3674205541610718
gue_splice_reconstructed_frozen__InstaDeepAI_nucleotide-transformer-v2-500m-multi-species__20260514T120331Z,2,2,0.18508125841617584,0.08049163967370987,0.7344271540641785
gue_splice_reconstructed_frozen__InstaDeepAI_nucleotide-transformer-v2-500m-multi-species__20260514T120331Z,2,2,0.2271810621023178,0.17325273156166077,0.5995662212371826
gue_splice_reconstructed_frozen__InstaDeepAI_nucleotide-transformer-v2-500m-multi-species__20260514T120331Z,0,2,0.24857638776302338,0.17610576748847961,0.5753178000450134
gue_splice_reconstructed_frozen__InstaDeepAI_nucleotide-transformer-v2-500m-multi-species__20260514T120331Z,2,2,0.18051578104496002,0.3473591208457947,0.4721250832080841
gue_splice_reconstructed_frozen__InstaDeepAI_nucleotide-transformer-v2-500m-multi-species__20260514T120331Z,2,2,0.23550163209438324,0.06390493363142014,0.7005934119224548
gue_splice_reconstructed_frozen__InstaDeepAI_nucleotide-transformer-v2-500m-multi-species__20260514T120331Z,0,1,0.14986881613731384,0.4298650324344635,0.42026618123054504
gue_splice_reconstructed_frozen__InstaDeepAI_nucleotide-transformer-v2-500m-multi-species__20260514T120331Z,0,2,0.312084436416626,0.05083456635475159,0.6370810270309448
gue_splice_reconstructed_frozen__InstaDeepAI_nucleotide-transformer-v2-500m-multi-species__20260514T120331Z,2,2,0.26482516527175903,0.21667233109474182,0.5185024738311768
gue_splice_reconstructed_frozen__InstaDeepAI_nucleotide-transformer-v2-500m-multi-species__20260514T120331Z,1,2,0.24885091185569763,0.16114161908626556,0.590007483959198
gue_splice_reconstructed_frozen__InstaDeepAI_nucleotide-transformer-v2-500m-multi-species__20260514T120331Z,1,2,0.1837766170501709,0.17899426817893982,0.6372290849685669
gue_splice_reconstructed_frozen__InstaDeepAI_nucleotide-transformer-v2-500m-multi-species__20260514T120331Z,0,2,0.3454042375087738,0.18824060261249542,0.4663551449775696
gue_splice_reconstructed_frozen__InstaDeepAI_nucleotide-transformer-v2-500m-multi-species__20260514T120331Z,2,1,0.18764372169971466,0.42265522480010986,0.38970106840133667
gue_splice_reconstructed_frozen__InstaDeepAI_nucleotide-transformer-v2-500m-multi-species__20260514T120331Z,1,2,0.22150860726833344,0.2657267153263092,0.5127646923065186
gue_splice_reconstructed_frozen__InstaDeepAI_nucleotide-transformer-v2-500m-multi-species__20260514T120331Z,1,2,0.26015862822532654,0.240357905626297,0.4994834065437317
gue_splice_reconstructed_frozen__InstaDeepAI_nucleotide-transformer-v2-500m-multi-species__20260514T120331Z,2,2,0.22256918251514435,0.1955314576625824,0.5818993449211121
gue_splice_reconstructed_frozen__InstaDeepAI_nucleotide-transformer-v2-500m-multi-species__20260514T120331Z,1,2,0.27014800906181335,0.18778963387012482,0.5420623421669006
gue_splice_reconstructed_frozen__InstaDeepAI_nucleotide-transformer-v2-500m-multi-species__20260514T120331Z,1,2,0.249112069606781,0.17274457216262817,0.5781433582305908
gue_splice_reconstructed_frozen__InstaDeepAI_nucleotide-transformer-v2-500m-multi-species__20260514T120331Z,2,2,0.37933585047721863,0.16499289870262146,0.4556712508201599
gue_splice_reconstructed_frozen__InstaDeepAI_nucleotide-transformer-v2-500m-multi-species__20260514T120331Z,2,2,0.20586015284061432,0.2892128527164459,0.5049269795417786
gue_splice_reconstructed_frozen__InstaDeepAI_nucleotide-transformer-v2-500m-multi-species__20260514T120331Z,2,2,0.2693654000759125,0.23261885344982147,0.49801579117774963
gue_splice_reconstructed_frozen__InstaDeepAI_nucleotide-transformer-v2-500m-multi-species__20260514T120331Z,0,2,0.1711602360010147,0.3137161433696747,0.5151236057281494
gue_splice_reconstructed_frozen__InstaDeepAI_nucleotide-transformer-v2-500m-multi-species__20260514T120331Z,1,2,0.2798425257205963,0.15916505455970764,0.560992419719696
gue_splice_reconstructed_frozen__InstaDeepAI_nucleotide-transformer-v2-500m-multi-species__20260514T120331Z,2,2,0.24278505146503448,0.28105175495147705,0.4761631488800049
gue_splice_reconstructed_frozen__InstaDeepAI_nucleotide-transformer-v2-500m-multi-species__20260514T120331Z,0,2,0.22704358398914337,0.26677265763282776,0.5061837434768677
gue_splice_reconstructed_frozen__InstaDeepAI_nucleotide-transformer-v2-500m-multi-species__20260514T120331Z,0,2,0.3242907226085663,0.2400602102279663,0.435649037361145
gue_splice_reconstructed_frozen__InstaDeepAI_nucleotide-transformer-v2-500m-multi-species__20260514T120331Z,1,2,0.15567994117736816,0.30359041690826416,0.5407296419143677
gue_splice_reconstructed_frozen__InstaDeepAI_nucleotide-transformer-v2-500m-multi-species__20260514T120331Z,0,2,0.16134555637836456,0.06769538670778275,0.7709590196609497
gue_splice_reconstructed_frozen__InstaDeepAI_nucleotide-transformer-v2-500m-multi-species__20260514T120331Z,2,2,0.2794785499572754,0.3547200560569763,0.3658014237880707
gue_splice_reconstructed_frozen__InstaDeepAI_nucleotide-transformer-v2-500m-multi-species__20260514T120331Z,2,2,0.29529520869255066,0.18969349563121796,0.5150113105773926
gue_splice_reconstructed_frozen__InstaDeepAI_nucleotide-transformer-v2-500m-multi-species__20260514T120331Z,2,2,0.2782030701637268,0.1406254917383194,0.5811713933944702
gue_splice_reconstructed_frozen__InstaDeepAI_nucleotide-transformer-v2-500m-multi-species__20260514T120331Z,1,2,0.30728209018707275,0.17074663937091827,0.5219712257385254
gue_splice_reconstructed_frozen__InstaDeepAI_nucleotide-transformer-v2-500m-multi-species__20260514T120331Z,1,2,0.19740186631679535,0.2102358043193817,0.5923623442649841
gue_splice_reconstructed_frozen__InstaDeepAI_nucleotide-transformer-v2-500m-multi-species__20260514T120331Z,1,0,0.45634159445762634,0.18921245634555817,0.35444602370262146
gue_splice_reconstructed_frozen__InstaDeepAI_nucleotide-transformer-v2-500m-multi-species__20260514T120331Z,1,2,0.15775790810585022,0.31989768147468567,0.5223444104194641
gue_splice_reconstructed_frozen__InstaDeepAI_nucleotide-transformer-v2-500m-multi-species__20260514T120331Z,0,2,0.3621324896812439,0.22125905752182007,0.41660845279693604
gue_splice_reconstructed_frozen__InstaDeepAI_nucleotide-transformer-v2-500m-multi-species__20260514T120331Z,2,2,0.2695797085762024,0.0753500685095787,0.6550702452659607
gue_splice_reconstructed_frozen__InstaDeepAI_nucleotide-transformer-v2-500m-multi-species__20260514T120331Z,1,2,0.2571866512298584,0.23825106024742126,0.504562258720398
gue_splice_reconstructed_frozen__InstaDeepAI_nucleotide-transformer-v2-500m-multi-species__20260514T120331Z,1,2,0.3450303077697754,0.1769355684518814,0.4780341386795044
gue_splice_reconstructed_frozen__InstaDeepAI_nucleotide-transformer-v2-500m-multi-species__20260514T120331Z,2,2,0.2223818153142929,0.25242260098457336,0.5251955986022949
gue_splice_reconstructed_frozen__InstaDeepAI_nucleotide-transformer-v2-500m-multi-species__20260514T120331Z,0,2,0.20568165183067322,0.15071888267993927,0.6435994505882263
gue_splice_reconstructed_frozen__InstaDeepAI_nucleotide-transformer-v2-500m-multi-species__20260514T120331Z,1,2,0.229714035987854,0.26263004541397095,0.507655918598175
gue_splice_reconstructed_frozen__InstaDeepAI_nucleotide-transformer-v2-500m-multi-species__20260514T120331Z,1,2,0.28071537613868713,0.2815217971801758,0.4377628266811371
gue_splice_reconstructed_frozen__InstaDeepAI_nucleotide-transformer-v2-500m-multi-species__20260514T120331Z,2,2,0.2572728395462036,0.2458513379096985,0.4968758523464203
gue_splice_reconstructed_frozen__InstaDeepAI_nucleotide-transformer-v2-500m-multi-species__20260514T120331Z,0,2,0.25746673345565796,0.2175244837999344,0.5250087976455688
gue_splice_reconstructed_frozen__InstaDeepAI_nucleotide-transformer-v2-500m-multi-species__20260514T120331Z,2,2,0.21828655898571014,0.05208548158407211,0.7296279072761536
gue_splice_reconstructed_frozen__InstaDeepAI_nucleotide-transformer-v2-500m-multi-species__20260514T120331Z,2,2,0.22867651283740997,0.27282267808914185,0.498500794172287
gue_splice_reconstructed_frozen__InstaDeepAI_nucleotide-transformer-v2-500m-multi-species__20260514T120331Z,1,2,0.3577831983566284,0.2239769697189331,0.4182398319244385
gue_splice_reconstructed_frozen__InstaDeepAI_nucleotide-transformer-v2-500m-multi-species__20260514T120331Z,1,2,0.16670653223991394,0.24758227169513702,0.5857111811637878
gue_splice_reconstructed_frozen__InstaDeepAI_nucleotide-transformer-v2-500m-multi-species__20260514T120331Z,1,2,0.2270260900259018,0.2796391248703003,0.4933347702026367
gue_splice_reconstructed_frozen__InstaDeepAI_nucleotide-transformer-v2-500m-multi-species__20260514T120331Z,2,2,0.15499168634414673,0.06363952159881592,0.7813687920570374
gue_splice_reconstructed_frozen__InstaDeepAI_nucleotide-transformer-v2-500m-multi-species__20260514T120331Z,2,2,0.19252382218837738,0.3089600205421448,0.49851614236831665
gue_splice_reconstructed_frozen__InstaDeepAI_nucleotide-transformer-v2-500m-multi-species__20260514T120331Z,0,2,0.19548679888248444,0.23511230945587158,0.5694009065628052
gue_splice_reconstructed_frozen__InstaDeepAI_nucleotide-transformer-v2-500m-multi-species__20260514T120331Z,2,2,0.2819809317588806,0.28549644351005554,0.4325226843357086
gue_splice_reconstructed_frozen__InstaDeepAI_nucleotide-transformer-v2-500m-multi-species__20260514T120331Z,2,2,0.18965931236743927,0.21214920282363892,0.598191499710083
gue_splice_reconstructed_frozen__InstaDeepAI_nucleotide-transformer-v2-500m-multi-species__20260514T120331Z,2,2,0.15590983629226685,0.1894456297159195,0.6546444892883301
gue_splice_reconstructed_frozen__InstaDeepAI_nucleotide-transformer-v2-500m-multi-species__20260514T120331Z,2,2,0.2842567563056946,0.311041921377182,0.4047013223171234
gue_splice_reconstructed_frozen__InstaDeepAI_nucleotide-transformer-v2-500m-multi-species__20260514T120331Z,0,2,0.1491674929857254,0.2506944537162781,0.6001380085945129
gue_splice_reconstructed_frozen__InstaDeepAI_nucleotide-transformer-v2-500m-multi-species__20260514T120331Z,2,2,0.17130814492702484,0.12278761714696884,0.7059042453765869
gue_splice_reconstructed_frozen__InstaDeepAI_nucleotide-transformer-v2-500m-multi-species__20260514T120331Z,2,2,0.14520825445652008,0.05695468187332153,0.7978370785713196
gue_splice_reconstructed_frozen__InstaDeepAI_nucleotide-transformer-v2-500m-multi-species__20260514T120331Z,2,2,0.2330823391675949,0.23234376311302185,0.5345738530158997
gue_splice_reconstructed_frozen__InstaDeepAI_nucleotide-transformer-v2-500m-multi-species__20260514T120331Z,0,2,0.24614593386650085,0.1584588587284088,0.5953952074050903
gue_splice_reconstructed_frozen__InstaDeepAI_nucleotide-transformer-v2-500m-multi-species__20260514T120331Z,2,2,0.31491416692733765,0.19228005409240723,0.49280571937561035
gue_splice_reconstructed_frozen__InstaDeepAI_nucleotide-transformer-v2-500m-multi-species__20260514T120331Z,0,2,0.1347893923521042,0.19915717840194702,0.6660533547401428
gue_splice_reconstructed_frozen__InstaDeepAI_nucleotide-transformer-v2-500m-multi-species__20260514T120331Z,0,2,0.19965745508670807,0.2549608647823334,0.5453817248344421
gue_splice_reconstructed_frozen__InstaDeepAI_nucleotide-transformer-v2-500m-multi-species__20260514T120331Z,1,2,0.20941954851150513,0.3510115444660187,0.43956899642944336
gue_splice_reconstructed_frozen__InstaDeepAI_nucleotide-transformer-v2-500m-multi-species__20260514T120331Z,0,2,0.23973354697227478,0.09086010605096817,0.6694063544273376
gue_splice_reconstructed_frozen__InstaDeepAI_nucleotide-transformer-v2-500m-multi-species__20260514T120331Z,2,2,0.2378479689359665,0.19172373414039612,0.5704283118247986
gue_splice_reconstructed_frozen__InstaDeepAI_nucleotide-transformer-v2-500m-multi-species__20260514T120331Z,2,2,0.15524306893348694,0.2012922316789627,0.6434646248817444
gue_splice_reconstructed_frozen__InstaDeepAI_nucleotide-transformer-v2-500m-multi-species__20260514T120331Z,2,2,0.22125178575515747,0.2607938051223755,0.517954409122467
gue_splice_reconstructed_frozen__InstaDeepAI_nucleotide-transformer-v2-500m-multi-species__20260514T120331Z,2,2,0.16533485054969788,0.26957979798316956,0.5650853514671326
gue_splice_reconstructed_frozen__InstaDeepAI_nucleotide-transformer-v2-500m-multi-species__20260514T120331Z,0,2,0.2380184382200241,0.14903907477855682,0.6129424571990967
gue_splice_reconstructed_frozen__InstaDeepAI_nucleotide-transformer-v2-500m-multi-species__20260514T120331Z,1,1,0.30562087893486023,0.3640652894973755,0.3303138315677643
gue_splice_reconstructed_frozen__InstaDeepAI_nucleotide-transformer-v2-500m-multi-species__20260514T120331Z,1,2,0.1902153640985489,0.1888272911310196,0.6209573745727539
gue_splice_reconstructed_frozen__InstaDeepAI_nucleotide-transformer-v2-500m-multi-species__20260514T120331Z,2,2,0.20528970658779144,0.34434154629707336,0.4503687620162964
gue_splice_reconstructed_frozen__InstaDeepAI_nucleotide-transformer-v2-500m-multi-species__20260514T120331Z,0,2,0.24712106585502625,0.19910132884979248,0.5537775754928589
gue_splice_reconstructed_frozen__InstaDeepAI_nucleotide-transformer-v2-500m-multi-species__20260514T120331Z,2,1,0.23748597502708435,0.3866087794303894,0.37590524554252625
gue_splice_reconstructed_frozen__InstaDeepAI_nucleotide-transformer-v2-500m-multi-species__20260514T120331Z,2,2,0.14233945310115814,0.04770103096961975,0.8099595308303833
gue_splice_reconstructed_frozen__InstaDeepAI_nucleotide-transformer-v2-500m-multi-species__20260514T120331Z,2,2,0.2713102102279663,0.25211840867996216,0.47657135128974915
gue_splice_reconstructed_frozen__InstaDeepAI_nucleotide-transformer-v2-500m-multi-species__20260514T120331Z,0,2,0.3550410568714142,0.2653783857822418,0.379580557346344
gue_splice_reconstructed_frozen__InstaDeepAI_nucleotide-transformer-v2-500m-multi-species__20260514T120331Z,2,2,0.19882792234420776,0.3370739221572876,0.46409812569618225
gue_splice_reconstructed_frozen__InstaDeepAI_nucleotide-transformer-v2-500m-multi-species__20260514T120331Z,0,2,0.3286084830760956,0.30828723311424255,0.36310428380966187
gue_splice_reconstructed_frozen__InstaDeepAI_nucleotide-transformer-v2-500m-multi-species__20260514T120331Z,2,2,0.16768164932727814,0.3233332335948944,0.508985161781311
gue_splice_reconstructed_frozen__InstaDeepAI_nucleotide-transformer-v2-500m-multi-species__20260514T120331Z,0,2,0.2821120321750641,0.2438795268535614,0.4740084409713745
gue_splice_reconstructed_frozen__InstaDeepAI_nucleotide-transformer-v2-500m-multi-species__20260514T120331Z,0,2,0.27806150913238525,0.2944633364677429,0.4274751543998718
gue_splice_reconstructed_frozen__InstaDeepAI_nucleotide-transformer-v2-500m-multi-species__20260514T120331Z,1,2,0.2689204812049866,0.3268643021583557,0.4042152166366577
gue_splice_reconstructed_frozen__InstaDeepAI_nucleotide-transformer-v2-500m-multi-species__20260514T120331Z,2,1,0.261299192905426,0.3857511579990387,0.3529496192932129
gue_splice_reconstructed_frozen__InstaDeepAI_nucleotide-transformer-v2-500m-multi-species__20260514T120331Z,0,2,0.1911831498146057,0.17595425248146057,0.6328625679016113
gue_splice_reconstructed_frozen__InstaDeepAI_nucleotide-transformer-v2-500m-multi-species__20260514T120331Z,2,2,0.21321524679660797,0.27192527055740356,0.5148594975471497
gue_splice_reconstructed_frozen__InstaDeepAI_nucleotide-transformer-v2-500m-multi-species__20260514T120331Z,2,2,0.251767635345459,0.258952260017395,0.4892801344394684
gue_splice_reconstructed_frozen__InstaDeepAI_nucleotide-transformer-v2-500m-multi-species__20260514T120331Z,0,2,0.17550459504127502,0.07997998595237732,0.7445154190063477
gue_splice_reconstructed_frozen__InstaDeepAI_nucleotide-transformer-v2-500m-multi-species__20260514T120331Z,2,2,0.12745675444602966,0.15344223380088806,0.7191010117530823
gue_splice_reconstructed_frozen__InstaDeepAI_nucleotide-transformer-v2-500m-multi-species__20260514T120331Z,2,2,0.19468402862548828,0.266198992729187,0.5391169786453247
gue_splice_reconstructed_frozen__InstaDeepAI_nucleotide-transformer-v2-500m-multi-species__20260514T120331Z,2,2,0.1723705232143402,0.31189417839050293,0.5157352685928345
gue_splice_reconstructed_frozen__InstaDeepAI_nucleotide-transformer-v2-500m-multi-species__20260514T120331Z,2,2,0.16937355697155,0.23714089393615723,0.5934855341911316
gue_splice_reconstructed_frozen__InstaDeepAI_nucleotide-transformer-v2-500m-multi-species__20260514T120331Z,1,2,0.20285293459892273,0.28229597210884094,0.5148510932922363
gue_splice_reconstructed_frozen__InstaDeepAI_nucleotide-transformer-v2-500m-multi-species__20260514T120331Z,1,2,0.11596418917179108,0.1460922807455063,0.7379435300827026
gue_splice_reconstructed_frozen__InstaDeepAI_nucleotide-transformer-v2-500m-multi-species__20260514T120331Z,2,2,0.18137222528457642,0.25199490785598755,0.566632866859436
gue_splice_reconstructed_frozen__InstaDeepAI_nucleotide-transformer-v2-500m-multi-species__20260514T120331Z,1,2,0.20441626012325287,0.2895250916481018,0.5060586333274841
gue_splice_reconstructed_frozen__InstaDeepAI_nucleotide-transformer-v2-500m-multi-species__20260514T120331Z,2,2,0.26968953013420105,0.22931598126888275,0.5009945034980774
gue_splice_reconstructed_frozen__InstaDeepAI_nucleotide-transformer-v2-500m-multi-species__20260514T120331Z,2,2,0.14185355603694916,0.3723682165145874,0.4857783019542694
gue_splice_reconstructed_frozen__InstaDeepAI_nucleotide-transformer-v2-500m-multi-species__20260514T120331Z,0,2,0.12193259596824646,0.2545951008796692,0.6234723329544067
gue_splice_reconstructed_frozen__InstaDeepAI_nucleotide-transformer-v2-500m-multi-species__20260514T120331Z,0,2,0.22426612675189972,0.25886234641075134,0.5168715119361877
gue_splice_reconstructed_frozen__InstaDeepAI_nucleotide-transformer-v2-500m-multi-species__20260514T120331Z,2,2,0.19824649393558502,0.21235015988349915,0.5894033312797546
gue_splice_reconstructed_frozen__InstaDeepAI_nucleotide-transformer-v2-500m-multi-species__20260514T120331Z,1,2,0.2695351541042328,0.34959301352500916,0.38087186217308044
gue_splice_reconstructed_frozen__InstaDeepAI_nucleotide-transformer-v2-500m-multi-species__20260514T120331Z,2,2,0.21434162557125092,0.2594147026538849,0.5262436866760254
gue_splice_reconstructed_frozen__InstaDeepAI_nucleotide-transformer-v2-500m-multi-species__20260514T120331Z,1,2,0.12783555686473846,0.41034752130508423,0.4618168771266937
gue_splice_reconstructed_frozen__InstaDeepAI_nucleotide-transformer-v2-500m-multi-species__20260514T120331Z,2,2,0.261567085981369,0.14050328731536865,0.5979295969009399
gue_splice_reconstructed_frozen__InstaDeepAI_nucleotide-transformer-v2-500m-multi-species__20260514T120331Z,0,1,0.17263643443584442,0.4203469753265381,0.4070166051387787
gue_splice_reconstructed_frozen__InstaDeepAI_nucleotide-transformer-v2-500m-multi-species__20260514T120331Z,2,2,0.14681746065616608,0.2619222104549408,0.5912603735923767
gue_splice_reconstructed_frozen__InstaDeepAI_nucleotide-transformer-v2-500m-multi-species__20260514T120331Z,2,2,0.09847122430801392,0.06323722749948502,0.8382915258407593
gue_splice_reconstructed_frozen__InstaDeepAI_nucleotide-transformer-v2-500m-multi-species__20260514T120331Z,2,2,0.23638437688350677,0.07656031101942062,0.6870552897453308
gue_splice_reconstructed_frozen__InstaDeepAI_nucleotide-transformer-v2-500m-multi-species__20260514T120331Z,2,2,0.3175458014011383,0.1483229249715805,0.5341312885284424
gue_splice_reconstructed_frozen__InstaDeepAI_nucleotide-transformer-v2-500m-multi-species__20260514T120331Z,0,2,0.2943994402885437,0.20840400457382202,0.4971964955329895
gue_splice_reconstructed_frozen__InstaDeepAI_nucleotide-transformer-v2-500m-multi-species__20260514T120331Z,2,2,0.2908119261264801,0.2576136589050293,0.4515744745731354
gue_splice_reconstructed_frozen__InstaDeepAI_nucleotide-transformer-v2-500m-multi-species__20260514T120331Z,1,2,0.31515008211135864,0.23717735707759857,0.447672575712204
gue_splice_reconstructed_frozen__InstaDeepAI_nucleotide-transformer-v2-500m-multi-species__20260514T120331Z,1,1,0.21867774426937103,0.397718220949173,0.3836040198802948
gue_splice_reconstructed_frozen__InstaDeepAI_nucleotide-transformer-v2-500m-multi-species__20260514T120331Z,0,2,0.2195170372724533,0.23157335817813873,0.548909604549408
gue_splice_reconstructed_frozen__InstaDeepAI_nucleotide-transformer-v2-500m-multi-species__20260514T120331Z,0,2,0.17406290769577026,0.281342476606369,0.5445946455001831
gue_splice_reconstructed_frozen__InstaDeepAI_nucleotide-transformer-v2-500m-multi-species__20260514T120331Z,2,2,0.16969920694828033,0.11304406821727753,0.7172567248344421
gue_splice_reconstructed_frozen__InstaDeepAI_nucleotide-transformer-v2-500m-multi-species__20260514T120331Z,1,2,0.21869735419750214,0.2606305480003357,0.520672082901001
gue_splice_reconstructed_frozen__InstaDeepAI_nucleotide-transformer-v2-500m-multi-species__20260514T120331Z,2,2,0.2500566840171814,0.27692273259162903,0.4730205535888672
gue_splice_reconstructed_frozen__InstaDeepAI_nucleotide-transformer-v2-500m-multi-species__20260514T120331Z,1,2,0.197027325630188,0.17804282903671265,0.6249298453330994
gue_splice_reconstructed_frozen__InstaDeepAI_nucleotide-transformer-v2-500m-multi-species__20260514T120331Z,2,2,0.21401982009410858,0.2667750120162964,0.5192051529884338
gue_splice_reconstructed_frozen__InstaDeepAI_nucleotide-transformer-v2-500m-multi-species__20260514T120331Z,1,2,0.17557024955749512,0.18534861505031586,0.6390811800956726
gue_splice_reconstructed_frozen__InstaDeepAI_nucleotide-transformer-v2-500m-multi-species__20260514T120331Z,2,2,0.15872928500175476,0.25867515802383423,0.5825955271720886
gue_splice_reconstructed_frozen__InstaDeepAI_nucleotide-transformer-v2-500m-multi-species__20260514T120331Z,2,2,0.1945502907037735,0.27647796273231506,0.5289717316627502
gue_splice_reconstructed_frozen__InstaDeepAI_nucleotide-transformer-v2-500m-multi-species__20260514T120331Z,2,2,0.20500534772872925,0.1756717413663864,0.6193229556083679
gue_splice_reconstructed_frozen__InstaDeepAI_nucleotide-transformer-v2-500m-multi-species__20260514T120331Z,2,2,0.3702402412891388,0.2186383157968521,0.4111213982105255
gue_splice_reconstructed_frozen__InstaDeepAI_nucleotide-transformer-v2-500m-multi-species__20260514T120331Z,2,2,0.24591079354286194,0.16261152923107147,0.591477632522583
gue_splice_reconstructed_frozen__InstaDeepAI_nucleotide-transformer-v2-500m-multi-species__20260514T120331Z,2,2,0.2759925127029419,0.2241886705160141,0.4998188614845276
gue_splice_reconstructed_frozen__InstaDeepAI_nucleotide-transformer-v2-500m-multi-species__20260514T120331Z,2,2,0.18278256058692932,0.21745744347572327,0.5997599959373474
gue_splice_reconstructed_frozen__InstaDeepAI_nucleotide-transformer-v2-500m-multi-species__20260514T120331Z,2,2,0.23474827408790588,0.3185797333717346,0.4466719329357147
gue_splice_reconstructed_frozen__InstaDeepAI_nucleotide-transformer-v2-500m-multi-species__20260514T120331Z,2,2,0.22691623866558075,0.2247384786605835,0.5483452677726746
gue_splice_reconstructed_frozen__InstaDeepAI_nucleotide-transformer-v2-500m-multi-species__20260514T120331Z,0,2,0.28033721446990967,0.18627811968326569,0.5333846211433411
gue_splice_reconstructed_frozen__InstaDeepAI_nucleotide-transformer-v2-500m-multi-species__20260514T120331Z,2,2,0.19689632952213287,0.23945271968841553,0.563650906085968
gue_splice_reconstructed_frozen__InstaDeepAI_nucleotide-transformer-v2-500m-multi-species__20260514T120331Z,2,2,0.25644686818122864,0.19452376663684845,0.5490294098854065
gue_splice_reconstructed_frozen__InstaDeepAI_nucleotide-transformer-v2-500m-multi-species__20260514T120331Z,2,2,0.24853864312171936,0.2727997303009033,0.4786616265773773
gue_splice_reconstructed_frozen__InstaDeepAI_nucleotide-transformer-v2-500m-multi-species__20260514T120331Z,2,1,0.1482873409986496,0.6113414764404297,0.24037112295627594
gue_splice_reconstructed_frozen__InstaDeepAI_nucleotide-transformer-v2-500m-multi-species__20260514T120331Z,2,2,0.2210940271615982,0.2023431658744812,0.576562762260437
gue_splice_reconstructed_frozen__InstaDeepAI_nucleotide-transformer-v2-500m-multi-species__20260514T120331Z,2,2,0.26520031690597534,0.0696306824684143,0.6651690006256104
gue_splice_reconstructed_frozen__InstaDeepAI_nucleotide-transformer-v2-500m-multi-species__20260514T120331Z,2,2,0.23465679585933685,0.15809981524944305,0.6072434186935425
gue_splice_reconstructed_frozen__InstaDeepAI_nucleotide-transformer-v2-500m-multi-species__20260514T120331Z,1,1,0.13615866005420685,0.4706219732761383,0.39321938157081604
gue_splice_reconstructed_frozen__InstaDeepAI_nucleotide-transformer-v2-500m-multi-species__20260514T120331Z,2,2,0.1463954597711563,0.39590904116630554,0.45769548416137695
gue_splice_reconstructed_frozen__InstaDeepAI_nucleotide-transformer-v2-500m-multi-species__20260514T120331Z,2,2,0.2310519963502884,0.2896229028701782,0.47932514548301697
gue_splice_reconstructed_frozen__InstaDeepAI_nucleotide-transformer-v2-500m-multi-species__20260514T120331Z,0,2,0.26010605692863464,0.22557063400745392,0.5143232941627502
gue_splice_reconstructed_frozen__InstaDeepAI_nucleotide-transformer-v2-500m-multi-species__20260514T120331Z,2,2,0.20740728080272675,0.22145871818065643,0.5711340308189392
gue_splice_reconstructed_frozen__InstaDeepAI_nucleotide-transformer-v2-500m-multi-species__20260514T120331Z,1,2,0.23135437071323395,0.20014722645282745,0.568498432636261
gue_splice_reconstructed_frozen__InstaDeepAI_nucleotide-transformer-v2-500m-multi-species__20260514T120331Z,0,2,0.229661762714386,0.2049647569656372,0.5653734803199768
gue_splice_reconstructed_frozen__InstaDeepAI_nucleotide-transformer-v2-500m-multi-species__20260514T120331Z,0,2,0.2549859285354614,0.21510006487369537,0.5299139618873596
gue_splice_reconstructed_frozen__InstaDeepAI_nucleotide-transformer-v2-500m-multi-species__20260514T120331Z,2,2,0.19732902944087982,0.3542764484882355,0.44839444756507874
gue_splice_reconstructed_frozen__InstaDeepAI_nucleotide-transformer-v2-500m-multi-species__20260514T120331Z,0,2,0.15431460738182068,0.2275616079568863,0.6181237697601318
gue_splice_reconstructed_frozen__InstaDeepAI_nucleotide-transformer-v2-500m-multi-species__20260514T120331Z,2,2,0.1823817789554596,0.2106388658285141,0.6069793105125427
gue_splice_reconstructed_frozen__InstaDeepAI_nucleotide-transformer-v2-500m-multi-species__20260514T120331Z,2,2,0.1852470338344574,0.36589789390563965,0.44885504245758057
gue_splice_reconstructed_frozen__InstaDeepAI_nucleotide-transformer-v2-500m-multi-species__20260514T120331Z,2,2,0.2851317524909973,0.1789434552192688,0.5359247922897339
gue_splice_reconstructed_frozen__InstaDeepAI_nucleotide-transformer-v2-500m-multi-species__20260514T120331Z,0,2,0.13972769677639008,0.25716331601142883,0.6031090021133423
gue_splice_reconstructed_frozen__InstaDeepAI_nucleotide-transformer-v2-500m-multi-species__20260514T120331Z,2,2,0.20879477262496948,0.18821634352207184,0.6029888391494751
gue_splice_reconstructed_frozen__InstaDeepAI_nucleotide-transformer-v2-500m-multi-species__20260514T120331Z,1,2,0.2363141030073166,0.1845928579568863,0.5790930390357971
gue_splice_reconstructed_frozen__InstaDeepAI_nucleotide-transformer-v2-500m-multi-species__20260514T120331Z,2,2,0.2582342326641083,0.2920501232147217,0.4497157037258148
gue_splice_reconstructed_frozen__InstaDeepAI_nucleotide-transformer-v2-500m-multi-species__20260514T120331Z,2,2,0.21052594482898712,0.335332989692688,0.4541410207748413
gue_splice_reconstructed_frozen__InstaDeepAI_nucleotide-transformer-v2-500m-multi-species__20260514T120331Z,0,2,0.3164045214653015,0.170333594083786,0.5132618546485901
gue_splice_reconstructed_frozen__InstaDeepAI_nucleotide-transformer-v2-500m-multi-species__20260514T120331Z,1,2,0.359059602022171,0.12585729360580444,0.5150831341743469
gue_splice_reconstructed_frozen__InstaDeepAI_nucleotide-transformer-v2-500m-multi-species__20260514T120331Z,2,2,0.2214057743549347,0.26091158390045166,0.5176826119422913
gue_splice_reconstructed_frozen__InstaDeepAI_nucleotide-transformer-v2-500m-multi-species__20260514T120331Z,2,2,0.16060104966163635,0.15577390789985657,0.6836250424385071
gue_splice_reconstructed_frozen__InstaDeepAI_nucleotide-transformer-v2-500m-multi-species__20260514T120331Z,2,2,0.1604221910238266,0.06899672001600266,0.7705811262130737
gue_splice_reconstructed_frozen__InstaDeepAI_nucleotide-transformer-v2-500m-multi-species__20260514T120331Z,0,2,0.21072429418563843,0.17654021084308624,0.6127355098724365
gue_splice_reconstructed_frozen__InstaDeepAI_nucleotide-transformer-v2-500m-multi-species__20260514T120331Z,2,2,0.2673768997192383,0.24560604989528656,0.48701706528663635
gue_splice_reconstructed_frozen__InstaDeepAI_nucleotide-transformer-v2-500m-multi-species__20260514T120331Z,2,2,0.2652297914028168,0.17365553975105286,0.5611146688461304
gue_splice_reconstructed_frozen__InstaDeepAI_nucleotide-transformer-v2-500m-multi-species__20260514T120331Z,2,2,0.159560427069664,0.04836411774158478,0.7920754551887512
gue_splice_reconstructed_frozen__InstaDeepAI_nucleotide-transformer-v2-500m-multi-species__20260514T120331Z,2,2,0.22309236228466034,0.29330307245254517,0.4836045205593109
gue_splice_reconstructed_frozen__InstaDeepAI_nucleotide-transformer-v2-500m-multi-species__20260514T120331Z,2,2,0.24142804741859436,0.19798815250396729,0.560583770275116
gue_splice_reconstructed_frozen__InstaDeepAI_nucleotide-transformer-v2-500m-multi-species__20260514T120331Z,2,2,0.16782423853874207,0.18726716935634613,0.644908607006073
gue_splice_reconstructed_frozen__InstaDeepAI_nucleotide-transformer-v2-500m-multi-species__20260514T120331Z,0,2,0.22192694246768951,0.16314004361629486,0.6149330139160156
gue_splice_reconstructed_frozen__InstaDeepAI_nucleotide-transformer-v2-500m-multi-species__20260514T120331Z,2,2,0.26857101917266846,0.1617177128791809,0.5697112679481506
gue_splice_reconstructed_frozen__InstaDeepAI_nucleotide-transformer-v2-500m-multi-species__20260514T120331Z,2,2,0.1392255574464798,0.21605832874774933,0.6447161436080933
gue_splice_reconstructed_frozen__InstaDeepAI_nucleotide-transformer-v2-500m-multi-species__20260514T120331Z,2,2,0.2515519857406616,0.15323659777641296,0.5952114462852478
gue_splice_reconstructed_frozen__InstaDeepAI_nucleotide-transformer-v2-500m-multi-species__20260514T120331Z,2,2,0.1941339522600174,0.22685478627681732,0.5790112018585205
gue_splice_reconstructed_frozen__InstaDeepAI_nucleotide-transformer-v2-500m-multi-species__20260514T120331Z,2,2,0.2911279499530792,0.2400021106004715,0.4688699245452881
gue_splice_reconstructed_frozen__InstaDeepAI_nucleotide-transformer-v2-500m-multi-species__20260514T120331Z,2,2,0.10264319181442261,0.07889164239168167,0.8184651136398315
gue_splice_reconstructed_frozen__InstaDeepAI_nucleotide-transformer-v2-500m-multi-species__20260514T120331Z,2,2,0.20229113101959229,0.2703085243701935,0.5274003744125366
gue_splice_reconstructed_frozen__InstaDeepAI_nucleotide-transformer-v2-500m-multi-species__20260514T120331Z,1,2,0.21312730014324188,0.2360832691192627,0.5507894158363342
gue_splice_reconstructed_frozen__InstaDeepAI_nucleotide-transformer-v2-500m-multi-species__20260514T120331Z,1,2,0.20652785897254944,0.2804354429244995,0.5130367279052734
gue_splice_reconstructed_frozen__InstaDeepAI_nucleotide-transformer-v2-500m-multi-species__20260514T120331Z,0,2,0.22065725922584534,0.14940445125102997,0.6299383044242859
gue_splice_reconstructed_frozen__InstaDeepAI_nucleotide-transformer-v2-500m-multi-species__20260514T120331Z,2,2,0.29312217235565186,0.2846599817276001,0.42221787571907043
gue_splice_reconstructed_frozen__InstaDeepAI_nucleotide-transformer-v2-500m-multi-species__20260514T120331Z,2,2,0.14041176438331604,0.07413645833730698,0.7854518294334412
gue_splice_reconstructed_frozen__InstaDeepAI_nucleotide-transformer-v2-500m-multi-species__20260514T120331Z,0,2,0.2681201696395874,0.26900532841682434,0.4628744423389435
gue_splice_reconstructed_frozen__InstaDeepAI_nucleotide-transformer-v2-500m-multi-species__20260514T120331Z,0,2,0.2285194844007492,0.20339834690093994,0.5680821537971497
gue_splice_reconstructed_frozen__InstaDeepAI_nucleotide-transformer-v2-500m-multi-species__20260514T120331Z,1,2,0.18564754724502563,0.20934155583381653,0.6050109267234802
gue_splice_reconstructed_frozen__InstaDeepAI_nucleotide-transformer-v2-500m-multi-species__20260514T120331Z,2,2,0.19301113486289978,0.19029732048511505,0.616691529750824
gue_splice_reconstructed_frozen__InstaDeepAI_nucleotide-transformer-v2-500m-multi-species__20260514T120331Z,1,2,0.2072565108537674,0.3289788067340851,0.46376463770866394
gue_splice_reconstructed_frozen__InstaDeepAI_nucleotide-transformer-v2-500m-multi-species__20260514T120331Z,0,2,0.27032074332237244,0.21813882887363434,0.5115404725074768
gue_splice_reconstructed_frozen__InstaDeepAI_nucleotide-transformer-v2-500m-multi-species__20260514T120331Z,2,2,0.17465484142303467,0.06880614906549454,0.756538987159729
gue_splice_reconstructed_frozen__InstaDeepAI_nucleotide-transformer-v2-500m-multi-species__20260514T120331Z,2,2,0.2511700987815857,0.23722320795059204,0.5116066932678223
gue_splice_reconstructed_frozen__InstaDeepAI_nucleotide-transformer-v2-500m-multi-species__20260514T120331Z,2,2,0.1839207410812378,0.08518724143505096,0.73089200258255
gue_splice_reconstructed_frozen__InstaDeepAI_nucleotide-transformer-v2-500m-multi-species__20260514T120331Z,2,2,0.20518146455287933,0.2982686161994934,0.4965498447418213
gue_splice_reconstructed_frozen__InstaDeepAI_nucleotide-transformer-v2-500m-multi-species__20260514T120331Z,1,1,0.2766605615615845,0.37603268027305603,0.3473066985607147
gue_splice_reconstructed_frozen__InstaDeepAI_nucleotide-transformer-v2-500m-multi-species__20260514T120331Z,2,2,0.1546744406223297,0.30387476086616516,0.5414508581161499
gue_splice_reconstructed_frozen__InstaDeepAI_nucleotide-transformer-v2-500m-multi-species__20260514T120331Z,2,2,0.23534834384918213,0.29956716299057007,0.4650844931602478
gue_splice_reconstructed_frozen__InstaDeepAI_nucleotide-transformer-v2-500m-multi-species__20260514T120331Z,1,2,0.262216717004776,0.3509610593318939,0.38682225346565247
gue_splice_reconstructed_frozen__InstaDeepAI_nucleotide-transformer-v2-500m-multi-species__20260514T120331Z,1,1,0.19957181811332703,0.4487549066543579,0.3516732454299927
gue_splice_reconstructed_frozen__InstaDeepAI_nucleotide-transformer-v2-500m-multi-species__20260514T120331Z,1,2,0.20401552319526672,0.33499202132225037,0.4609924554824829
gue_splice_reconstructed_frozen__InstaDeepAI_nucleotide-transformer-v2-500m-multi-species__20260514T120331Z,1,2,0.23111848533153534,0.31221166253089905,0.4566699266433716
gue_splice_reconstructed_frozen__InstaDeepAI_nucleotide-transformer-v2-500m-multi-species__20260514T120331Z,1,2,0.24323046207427979,0.17666341364383698,0.5801060795783997
gue_splice_reconstructed_frozen__InstaDeepAI_nucleotide-transformer-v2-500m-multi-species__20260514T120331Z,2,1,0.11771351099014282,0.45589280128479004,0.4263937473297119
gue_splice_reconstructed_frozen__InstaDeepAI_nucleotide-transformer-v2-500m-multi-species__20260514T120331Z,2,2,0.3047049343585968,0.2273029237985611,0.4679921567440033
gue_splice_reconstructed_frozen__InstaDeepAI_nucleotide-transformer-v2-500m-multi-species__20260514T120331Z,0,2,0.1998966634273529,0.2568604648113251,0.5432428121566772
gue_splice_reconstructed_frozen__InstaDeepAI_nucleotide-transformer-v2-500m-multi-species__20260514T120331Z,2,2,0.2051197588443756,0.22907917201519012,0.5658010244369507
gue_splice_reconstructed_frozen__InstaDeepAI_nucleotide-transformer-v2-500m-multi-species__20260514T120331Z,1,2,0.171049103140831,0.3046489357948303,0.5243019461631775
gue_splice_reconstructed_frozen__InstaDeepAI_nucleotide-transformer-v2-500m-multi-species__20260514T120331Z,0,2,0.19534896314144135,0.14153143763542175,0.6631196141242981
gue_splice_reconstructed_frozen__InstaDeepAI_nucleotide-transformer-v2-500m-multi-species__20260514T120331Z,1,1,0.1438518762588501,0.47052204608917236,0.38562607765197754
gue_splice_reconstructed_frozen__InstaDeepAI_nucleotide-transformer-v2-500m-multi-species__20260514T120331Z,1,2,0.1824915111064911,0.3379969000816345,0.4795116186141968
gue_splice_reconstructed_frozen__InstaDeepAI_nucleotide-transformer-v2-500m-multi-species__20260514T120331Z,2,1,0.16961608827114105,0.4198038578033447,0.41058000922203064
gue_splice_reconstructed_frozen__InstaDeepAI_nucleotide-transformer-v2-500m-multi-species__20260514T120331Z,0,2,0.22099117934703827,0.24367614090442657,0.5353326797485352
gue_splice_reconstructed_frozen__InstaDeepAI_nucleotide-transformer-v2-500m-multi-species__20260514T120331Z,2,2,0.2705784738063812,0.26870232820510864,0.46071916818618774
gue_splice_reconstructed_frozen__InstaDeepAI_nucleotide-transformer-v2-500m-multi-species__20260514T120331Z,2,2,0.1786803901195526,0.37669965624809265,0.44461989402770996
gue_splice_reconstructed_frozen__InstaDeepAI_nucleotide-transformer-v2-500m-multi-species__20260514T120331Z,1,2,0.2993359863758087,0.23825852572917938,0.4624054729938507
gue_splice_reconstructed_frozen__InstaDeepAI_nucleotide-transformer-v2-500m-multi-species__20260514T120331Z,1,1,0.15750518441200256,0.4373346269130707,0.40516021847724915
gue_splice_reconstructed_frozen__InstaDeepAI_nucleotide-transformer-v2-500m-multi-species__20260514T120331Z,1,2,0.38905417919158936,0.21188688278198242,0.3990589678287506
gue_splice_reconstructed_frozen__InstaDeepAI_nucleotide-transformer-v2-500m-multi-species__20260514T120331Z,0,0,0.3686283826828003,0.3513614535331726,0.2800101041793823
gue_splice_reconstructed_frozen__InstaDeepAI_nucleotide-transformer-v2-500m-multi-species__20260514T120331Z,0,2,0.2511482834815979,0.18570581078529358,0.5631459355354309
gue_splice_reconstructed_frozen__InstaDeepAI_nucleotide-transformer-v2-500m-multi-species__20260514T120331Z,0,2,0.20903067290782928,0.30661675333976746,0.4843525290489197
gue_splice_reconstructed_frozen__InstaDeepAI_nucleotide-transformer-v2-500m-multi-species__20260514T120331Z,2,2,0.15783633291721344,0.09466347843408585,0.7475001215934753
gue_splice_reconstructed_frozen__InstaDeepAI_nucleotide-transformer-v2-500m-multi-species__20260514T120331Z,2,2,0.20351916551589966,0.23701037466526031,0.5594704151153564
gue_splice_reconstructed_frozen__InstaDeepAI_nucleotide-transformer-v2-500m-multi-species__20260514T120331Z,2,2,0.18395031988620758,0.1487494558095932,0.6673001646995544
gue_splice_reconstructed_frozen__InstaDeepAI_nucleotide-transformer-v2-500m-multi-species__20260514T120331Z,2,2,0.2309199422597885,0.10811115801334381,0.6609688997268677
gue_splice_reconstructed_frozen__InstaDeepAI_nucleotide-transformer-v2-500m-multi-species__20260514T120331Z,2,2,0.17801256477832794,0.40096166729927063,0.42102575302124023
gue_splice_reconstructed_frozen__InstaDeepAI_nucleotide-transformer-v2-500m-multi-species__20260514T120331Z,2,2,0.18067552149295807,0.13228189945220947,0.6870425343513489
gue_splice_reconstructed_frozen__InstaDeepAI_nucleotide-transformer-v2-500m-multi-species__20260514T120331Z,2,2,0.12531942129135132,0.24228301644325256,0.6323975324630737
gue_splice_reconstructed_frozen__InstaDeepAI_nucleotide-transformer-v2-500m-multi-species__20260514T120331Z,2,2,0.13260957598686218,0.41126811504364014,0.4561222791671753
gue_splice_reconstructed_frozen__InstaDeepAI_nucleotide-transformer-v2-500m-multi-species__20260514T120331Z,2,2,0.26013725996017456,0.17411041259765625,0.5657523274421692
gue_splice_reconstructed_frozen__InstaDeepAI_nucleotide-transformer-v2-500m-multi-species__20260514T120331Z,1,1,0.2195398211479187,0.4039434492588043,0.3765166997909546
gue_splice_reconstructed_frozen__InstaDeepAI_nucleotide-transformer-v2-500m-multi-species__20260514T120331Z,2,2,0.18244078755378723,0.1098618432879448,0.707697331905365
gue_splice_reconstructed_frozen__InstaDeepAI_nucleotide-transformer-v2-500m-multi-species__20260514T120331Z,2,2,0.24677127599716187,0.17722271382808685,0.5760060548782349
gue_splice_reconstructed_frozen__InstaDeepAI_nucleotide-transformer-v2-500m-multi-species__20260514T120331Z,2,2,0.1904892921447754,0.05885346233844757,0.7506572008132935
gue_splice_reconstructed_frozen__InstaDeepAI_nucleotide-transformer-v2-500m-multi-species__20260514T120331Z,1,2,0.22255583107471466,0.1669105887413025,0.610533595085144
gue_splice_reconstructed_frozen__InstaDeepAI_nucleotide-transformer-v2-500m-multi-species__20260514T120331Z,2,2,0.3211744427680969,0.23484721779823303,0.4439783990383148
gue_splice_reconstructed_frozen__InstaDeepAI_nucleotide-transformer-v2-500m-multi-species__20260514T120331Z,2,2,0.18796569108963013,0.25551119446754456,0.5565230846405029
gue_splice_reconstructed_frozen__InstaDeepAI_nucleotide-transformer-v2-500m-multi-species__20260514T120331Z,0,2,0.18659844994544983,0.2379358410835266,0.575465738773346
gue_splice_reconstructed_frozen__InstaDeepAI_nucleotide-transformer-v2-500m-multi-species__20260514T120331Z,2,2,0.2225761115550995,0.26563578844070435,0.5117881298065186
gue_splice_reconstructed_frozen__InstaDeepAI_nucleotide-transformer-v2-500m-multi-species__20260514T120331Z,1,1,0.23854270577430725,0.3823552429676056,0.3791019916534424
gue_splice_reconstructed_frozen__InstaDeepAI_nucleotide-transformer-v2-500m-multi-species__20260514T120331Z,2,2,0.27071794867515564,0.18887048959732056,0.5404115915298462
gue_splice_reconstructed_frozen__InstaDeepAI_nucleotide-transformer-v2-500m-multi-species__20260514T120331Z,2,2,0.1626707911491394,0.14624497294425964,0.6910842061042786
gue_splice_reconstructed_frozen__InstaDeepAI_nucleotide-transformer-v2-500m-multi-species__20260514T120331Z,1,2,0.21882863342761993,0.25776445865631104,0.5234069228172302
gue_splice_reconstructed_frozen__InstaDeepAI_nucleotide-transformer-v2-500m-multi-species__20260514T120331Z,1,2,0.2146061807870865,0.1790914237499237,0.6063023805618286
gue_splice_reconstructed_frozen__InstaDeepAI_nucleotide-transformer-v2-500m-multi-species__20260514T120331Z,2,2,0.1493978351354599,0.26517876982688904,0.5854234099388123
gue_splice_reconstructed_frozen__InstaDeepAI_nucleotide-transformer-v2-500m-multi-species__20260514T120331Z,2,2,0.1832774430513382,0.333497017621994,0.483225554227829
gue_splice_reconstructed_frozen__InstaDeepAI_nucleotide-transformer-v2-500m-multi-species__20260514T120331Z,2,2,0.2276092767715454,0.14271271228790283,0.6296780109405518
gue_splice_reconstructed_frozen__InstaDeepAI_nucleotide-transformer-v2-500m-multi-species__20260514T120331Z,2,2,0.22835539281368256,0.12887606024742126,0.6427685618400574
gue_splice_reconstructed_frozen__InstaDeepAI_nucleotide-transformer-v2-500m-multi-species__20260514T120331Z,0,2,0.27501654624938965,0.23566681146621704,0.4893166720867157
gue_splice_reconstructed_frozen__InstaDeepAI_nucleotide-transformer-v2-500m-multi-species__20260514T120331Z,0,2,0.32526394724845886,0.21578826010227203,0.45894771814346313
gue_splice_reconstructed_frozen__InstaDeepAI_nucleotide-transformer-v2-500m-multi-species__20260514T120331Z,2,2,0.1338758021593094,0.2977879047393799,0.5683362483978271
gue_splice_reconstructed_frozen__InstaDeepAI_nucleotide-transformer-v2-500m-multi-species__20260514T120331Z,2,2,0.16332830488681793,0.35474422574043274,0.48192742466926575
gue_splice_reconstructed_frozen__InstaDeepAI_nucleotide-transformer-v2-500m-multi-species__20260514T120331Z,2,1,0.15638606250286102,0.4252052307128906,0.41840869188308716
gue_splice_reconstructed_frozen__InstaDeepAI_nucleotide-transformer-v2-500m-multi-species__20260514T120331Z,1,2,0.14569875597953796,0.20004810392856598,0.6542531251907349
gue_splice_reconstructed_frozen__InstaDeepAI_nucleotide-transformer-v2-500m-multi-species__20260514T120331Z,2,2,0.2894628345966339,0.2935214042663574,0.4170157015323639
gue_splice_reconstructed_frozen__InstaDeepAI_nucleotide-transformer-v2-500m-multi-species__20260514T120331Z,1,2,0.20140326023101807,0.30291008949279785,0.4956866204738617
gue_splice_reconstructed_frozen__InstaDeepAI_nucleotide-transformer-v2-500m-multi-species__20260514T120331Z,2,2,0.2294422835111618,0.27124157547950745,0.4993160665035248
gue_splice_reconstructed_frozen__InstaDeepAI_nucleotide-transformer-v2-500m-multi-species__20260514T120331Z,0,2,0.19911062717437744,0.3108452558517456,0.49004408717155457
gue_splice_reconstructed_frozen__InstaDeepAI_nucleotide-transformer-v2-500m-multi-species__20260514T120331Z,2,2,0.26730650663375854,0.08108222484588623,0.6516112685203552
gue_splice_reconstructed_frozen__InstaDeepAI_nucleotide-transformer-v2-500m-multi-species__20260514T120331Z,1,2,0.26211199164390564,0.15927033126354218,0.5786176919937134
gue_splice_reconstructed_frozen__InstaDeepAI_nucleotide-transformer-v2-500m-multi-species__20260514T120331Z,0,2,0.2334454357624054,0.23437342047691345,0.5321812033653259
gue_splice_reconstructed_frozen__InstaDeepAI_nucleotide-transformer-v2-500m-multi-species__20260514T120331Z,1,2,0.3775526285171509,0.16289952397346497,0.45954787731170654
gue_splice_reconstructed_frozen__InstaDeepAI_nucleotide-transformer-v2-500m-multi-species__20260514T120331Z,2,2,0.18900318443775177,0.23038733005523682,0.5806095004081726
gue_splice_reconstructed_frozen__InstaDeepAI_nucleotide-transformer-v2-500m-multi-species__20260514T120331Z,0,2,0.16740839183330536,0.2020316869020462,0.6305598616600037
gue_splice_reconstructed_frozen__InstaDeepAI_nucleotide-transformer-v2-500m-multi-species__20260514T120331Z,0,2,0.2577452063560486,0.22759822010993958,0.5146566033363342
gue_splice_reconstructed_frozen__InstaDeepAI_nucleotide-transformer-v2-500m-multi-species__20260514T120331Z,0,2,0.3152352273464203,0.19773927330970764,0.48702555894851685
gue_splice_reconstructed_frozen__InstaDeepAI_nucleotide-transformer-v2-500m-multi-species__20260514T120331Z,2,2,0.20615041255950928,0.1573871374130249,0.6364624500274658
gue_splice_reconstructed_frozen__InstaDeepAI_nucleotide-transformer-v2-500m-multi-species__20260514T120331Z,2,1,0.14811235666275024,0.4704703092575073,0.38141727447509766
gue_splice_reconstructed_frozen__InstaDeepAI_nucleotide-transformer-v2-500m-multi-species__20260514T120331Z,0,2,0.2785649597644806,0.0788707584142685,0.6425642371177673
gue_splice_reconstructed_frozen__InstaDeepAI_nucleotide-transformer-v2-500m-multi-species__20260514T120331Z,2,2,0.29659679532051086,0.21950079500675201,0.4839024245738983
gue_splice_reconstructed_frozen__InstaDeepAI_nucleotide-transformer-v2-500m-multi-species__20260514T120331Z,2,2,0.17286132276058197,0.19050104916095734,0.6366376280784607
gue_splice_reconstructed_frozen__InstaDeepAI_nucleotide-transformer-v2-500m-multi-species__20260514T120331Z,0,2,0.31380128860473633,0.1491367369890213,0.5370619297027588
gue_splice_reconstructed_frozen__InstaDeepAI_nucleotide-transformer-v2-500m-multi-species__20260514T120331Z,1,2,0.18639260530471802,0.2742624878883362,0.5393449068069458
gue_splice_reconstructed_frozen__InstaDeepAI_nucleotide-transformer-v2-500m-multi-species__20260514T120331Z,1,2,0.20398956537246704,0.3650071322917938,0.43100327253341675
gue_splice_reconstructed_frozen__InstaDeepAI_nucleotide-transformer-v2-500m-multi-species__20260514T120331Z,2,2,0.23208840191364288,0.33737245202064514,0.4305391311645508
gue_splice_reconstructed_frozen__InstaDeepAI_nucleotide-transformer-v2-500m-multi-species__20260514T120331Z,2,2,0.12214185297489166,0.06885074079036713,0.809007465839386
gue_splice_reconstructed_frozen__InstaDeepAI_nucleotide-transformer-v2-500m-multi-species__20260514T120331Z,2,2,0.25342798233032227,0.1543416976928711,0.5922303199768066
gue_splice_reconstructed_frozen__InstaDeepAI_nucleotide-transformer-v2-500m-multi-species__20260514T120331Z,1,2,0.28296396136283875,0.236959770321846,0.4800763428211212
gue_splice_reconstructed_frozen__InstaDeepAI_nucleotide-transformer-v2-500m-multi-species__20260514T120331Z,0,2,0.223172128200531,0.22729618847370148,0.5495316982269287
gue_splice_reconstructed_frozen__InstaDeepAI_nucleotide-transformer-v2-500m-multi-species__20260514T120331Z,2,2,0.1322854459285736,0.3020014762878418,0.565713107585907
gue_splice_reconstructed_frozen__InstaDeepAI_nucleotide-transformer-v2-500m-multi-species__20260514T120331Z,1,2,0.2561945915222168,0.2567424774169922,0.487062931060791
gue_splice_reconstructed_frozen__InstaDeepAI_nucleotide-transformer-v2-500m-multi-species__20260514T120331Z,0,2,0.18108277022838593,0.3105618357658386,0.508355438709259
gue_splice_reconstructed_frozen__InstaDeepAI_nucleotide-transformer-v2-500m-multi-species__20260514T120331Z,2,2,0.3096502423286438,0.20476002991199493,0.4855897128582001
gue_splice_reconstructed_frozen__InstaDeepAI_nucleotide-transformer-v2-500m-multi-species__20260514T120331Z,0,2,0.123410664498806,0.0927920788526535,0.7837972640991211
gue_splice_reconstructed_frozen__InstaDeepAI_nucleotide-transformer-v2-500m-multi-species__20260514T120331Z,1,2,0.2004365622997284,0.2928285300731659,0.5067349076271057
gue_splice_reconstructed_frozen__InstaDeepAI_nucleotide-transformer-v2-500m-multi-species__20260514T120331Z,2,2,0.20510520040988922,0.19352707266807556,0.601367712020874
gue_splice_reconstructed_frozen__InstaDeepAI_nucleotide-transformer-v2-500m-multi-species__20260514T120331Z,0,2,0.2077394425868988,0.3124253749847412,0.4798352122306824
gue_splice_reconstructed_frozen__InstaDeepAI_nucleotide-transformer-v2-500m-multi-species__20260514T120331Z,2,2,0.1873021274805069,0.1926824003458023,0.6200155019760132
gue_splice_reconstructed_frozen__InstaDeepAI_nucleotide-transformer-v2-500m-multi-species__20260514T120331Z,2,2,0.3352944850921631,0.2965970039367676,0.36810851097106934
gue_splice_reconstructed_frozen__InstaDeepAI_nucleotide-transformer-v2-500m-multi-species__20260514T120331Z,0,2,0.27166077494621277,0.17053616046905518,0.5578030943870544
gue_splice_reconstructed_frozen__InstaDeepAI_nucleotide-transformer-v2-500m-multi-species__20260514T120331Z,2,2,0.26018986105918884,0.27648088335990906,0.4633292853832245
gue_splice_reconstructed_frozen__InstaDeepAI_nucleotide-transformer-v2-500m-multi-species__20260514T120331Z,1,2,0.18348407745361328,0.3463687002658844,0.47014719247817993
gue_splice_reconstructed_frozen__InstaDeepAI_nucleotide-transformer-v2-500m-multi-species__20260514T120331Z,2,2,0.1346532702445984,0.32650500535964966,0.538841724395752
gue_splice_reconstructed_frozen__InstaDeepAI_nucleotide-transformer-v2-500m-multi-species__20260514T120331Z,0,2,0.22278164327144623,0.27443620562553406,0.5027821660041809
gue_splice_reconstructed_frozen__InstaDeepAI_nucleotide-transformer-v2-500m-multi-species__20260514T120331Z,1,2,0.24058689177036285,0.21038225293159485,0.5490308403968811
gue_splice_reconstructed_frozen__InstaDeepAI_nucleotide-transformer-v2-500m-multi-species__20260514T120331Z,2,2,0.24047373235225677,0.12033524364233017,0.6391910910606384
gue_splice_reconstructed_frozen__InstaDeepAI_nucleotide-transformer-v2-500m-multi-species__20260514T120331Z,0,2,0.1522383987903595,0.23347151279449463,0.6142901182174683
gue_splice_reconstructed_frozen__InstaDeepAI_nucleotide-transformer-v2-500m-multi-species__20260514T120331Z,2,2,0.18267004191875458,0.21676722168922424,0.6005627512931824
gue_splice_reconstructed_frozen__InstaDeepAI_nucleotide-transformer-v2-500m-multi-species__20260514T120331Z,0,2,0.2565580904483795,0.3188972771167755,0.42454463243484497
gue_splice_reconstructed_frozen__InstaDeepAI_nucleotide-transformer-v2-500m-multi-species__20260514T120331Z,0,2,0.35115310549736023,0.26634544134140015,0.382501482963562
gue_splice_reconstructed_frozen__InstaDeepAI_nucleotide-transformer-v2-500m-multi-species__20260514T120331Z,2,2,0.1742245852947235,0.21424758434295654,0.6115278005599976
gue_splice_reconstructed_frozen__InstaDeepAI_nucleotide-transformer-v2-500m-multi-species__20260514T120331Z,1,2,0.21892324090003967,0.20400910079479218,0.5770676732063293
gue_splice_reconstructed_frozen__InstaDeepAI_nucleotide-transformer-v2-500m-multi-species__20260514T120331Z,2,2,0.2076316773891449,0.35388386249542236,0.43848443031311035
gue_splice_reconstructed_frozen__InstaDeepAI_nucleotide-transformer-v2-500m-multi-species__20260514T120331Z,2,2,0.2147451639175415,0.2990690767765045,0.486185759305954
gue_splice_reconstructed_frozen__InstaDeepAI_nucleotide-transformer-v2-500m-multi-species__20260514T120331Z,2,2,0.15640760958194733,0.29980453848838806,0.5437878370285034
gue_splice_reconstructed_frozen__InstaDeepAI_nucleotide-transformer-v2-500m-multi-species__20260514T120331Z,0,2,0.3004913926124573,0.1751948595046997,0.524313747882843
gue_splice_reconstructed_frozen__InstaDeepAI_nucleotide-transformer-v2-500m-multi-species__20260514T120331Z,0,2,0.18800269067287445,0.18508797883987427,0.6269093155860901
gue_splice_reconstructed_frozen__InstaDeepAI_nucleotide-transformer-v2-500m-multi-species__20260514T120331Z,2,2,0.20311303436756134,0.35723674297332764,0.43965017795562744
gue_splice_reconstructed_frozen__InstaDeepAI_nucleotide-transformer-v2-500m-multi-species__20260514T120331Z,2,2,0.19788549840450287,0.2923353314399719,0.509779155254364
gue_splice_reconstructed_frozen__InstaDeepAI_nucleotide-transformer-v2-500m-multi-species__20260514T120331Z,2,2,0.19965903460979462,0.052939098328351974,0.7474018931388855
gue_splice_reconstructed_frozen__InstaDeepAI_nucleotide-transformer-v2-500m-multi-species__20260514T120331Z,2,2,0.22562293708324432,0.37358206510543823,0.400795042514801
gue_splice_reconstructed_frozen__InstaDeepAI_nucleotide-transformer-v2-500m-multi-species__20260514T120331Z,1,2,0.2535463869571686,0.2920795679092407,0.4543740451335907
gue_splice_reconstructed_frozen__InstaDeepAI_nucleotide-transformer-v2-500m-multi-species__20260514T120331Z,2,2,0.1644052416086197,0.10290730744600296,0.7326874136924744
gue_splice_reconstructed_frozen__InstaDeepAI_nucleotide-transformer-v2-500m-multi-species__20260514T120331Z,0,2,0.2448790818452835,0.09943044185638428,0.6556904315948486
gue_splice_reconstructed_frozen__InstaDeepAI_nucleotide-transformer-v2-500m-multi-species__20260514T120331Z,2,2,0.19440972805023193,0.1934627741575241,0.6121274828910828
gue_splice_reconstructed_frozen__InstaDeepAI_nucleotide-transformer-v2-500m-multi-species__20260514T120331Z,2,2,0.1876441240310669,0.30921241641044617,0.5031434297561646
gue_splice_reconstructed_frozen__InstaDeepAI_nucleotide-transformer-v2-500m-multi-species__20260514T120331Z,2,2,0.07403925061225891,0.1656729131937027,0.7602878212928772
gue_splice_reconstructed_frozen__InstaDeepAI_nucleotide-transformer-v2-500m-multi-species__20260514T120331Z,1,2,0.1888611614704132,0.21079275012016296,0.6003460884094238
gue_splice_reconstructed_frozen__InstaDeepAI_nucleotide-transformer-v2-500m-multi-species__20260514T120331Z,2,2,0.19638317823410034,0.07099732011556625,0.7326195240020752
gue_splice_reconstructed_frozen__InstaDeepAI_nucleotide-transformer-v2-500m-multi-species__20260514T120331Z,2,2,0.1757788509130478,0.19614334404468536,0.6280778050422668
gue_splice_reconstructed_frozen__InstaDeepAI_nucleotide-transformer-v2-500m-multi-species__20260514T120331Z,2,2,0.31244033575057983,0.23121018707752228,0.4563494324684143
gue_splice_reconstructed_frozen__InstaDeepAI_nucleotide-transformer-v2-500m-multi-species__20260514T120331Z,2,2,0.3139372766017914,0.19825169444084167,0.48781102895736694
gue_splice_reconstructed_frozen__InstaDeepAI_nucleotide-transformer-v2-500m-multi-species__20260514T120331Z,2,2,0.1768738329410553,0.14807254076004028,0.6750536561012268
gue_splice_reconstructed_frozen__InstaDeepAI_nucleotide-transformer-v2-500m-multi-species__20260514T120331Z,2,2,0.3337019085884094,0.1673356145620346,0.49896240234375
gue_splice_reconstructed_frozen__InstaDeepAI_nucleotide-transformer-v2-500m-multi-species__20260514T120331Z,0,2,0.2685912251472473,0.15202856063842773,0.579380214214325
gue_splice_reconstructed_frozen__InstaDeepAI_nucleotide-transformer-v2-500m-multi-species__20260514T120331Z,2,2,0.1736329197883606,0.2549579441547394,0.5714091658592224
gue_splice_reconstructed_frozen__InstaDeepAI_nucleotide-transformer-v2-500m-multi-species__20260514T120331Z,1,1,0.21948319673538208,0.43895235657691956,0.34156444668769836
gue_splice_reconstructed_frozen__InstaDeepAI_nucleotide-transformer-v2-500m-multi-species__20260514T120331Z,2,2,0.1864549070596695,0.1792243868112564,0.6343207359313965
gue_splice_reconstructed_frozen__InstaDeepAI_nucleotide-transformer-v2-500m-multi-species__20260514T120331Z,1,1,0.10515090078115463,0.6158322095870972,0.27901691198349
gue_splice_reconstructed_frozen__InstaDeepAI_nucleotide-transformer-v2-500m-multi-species__20260514T120331Z,2,2,0.16372346878051758,0.09874724596738815,0.7375292778015137
gue_splice_reconstructed_frozen__InstaDeepAI_nucleotide-transformer-v2-500m-multi-species__20260514T120331Z,2,2,0.16534003615379333,0.2954348921775818,0.5392251014709473
gue_splice_reconstructed_frozen__InstaDeepAI_nucleotide-transformer-v2-500m-multi-species__20260514T120331Z,2,2,0.22952255606651306,0.23276731371879578,0.5377101302146912
gue_splice_reconstructed_frozen__InstaDeepAI_nucleotide-transformer-v2-500m-multi-species__20260514T120331Z,2,2,0.3081158399581909,0.21054035425186157,0.4813437759876251
gue_splice_reconstructed_frozen__InstaDeepAI_nucleotide-transformer-v2-500m-multi-species__20260514T120331Z,1,1,0.21970225870609283,0.4625052809715271,0.31779247522354126
gue_splice_reconstructed_frozen__InstaDeepAI_nucleotide-transformer-v2-500m-multi-species__20260514T120331Z,1,2,0.20618683099746704,0.3500085771083832,0.4438045918941498
gue_splice_reconstructed_frozen__InstaDeepAI_nucleotide-transformer-v2-500m-multi-species__20260514T120331Z,0,2,0.31870561838150024,0.2879616618156433,0.3933327794075012
gue_splice_reconstructed_frozen__InstaDeepAI_nucleotide-transformer-v2-500m-multi-species__20260514T120331Z,2,2,0.19342449307441711,0.14596880972385406,0.6606067419052124
gue_splice_reconstructed_frozen__InstaDeepAI_nucleotide-transformer-v2-500m-multi-species__20260514T120331Z,2,2,0.28121551871299744,0.18828131258487701,0.5305031538009644
gue_splice_reconstructed_frozen__InstaDeepAI_nucleotide-transformer-v2-500m-multi-species__20260514T120331Z,2,2,0.13569849729537964,0.266448050737381,0.5978534817695618
gue_splice_reconstructed_frozen__InstaDeepAI_nucleotide-transformer-v2-500m-multi-species__20260514T120331Z,2,2,0.14457711577415466,0.12637977302074432,0.7290431261062622
gue_splice_reconstructed_frozen__InstaDeepAI_nucleotide-transformer-v2-500m-multi-species__20260514T120331Z,2,2,0.17014352977275848,0.2281161993741989,0.601740300655365
gue_splice_reconstructed_frozen__InstaDeepAI_nucleotide-transformer-v2-500m-multi-species__20260514T120331Z,2,2,0.21069204807281494,0.26297980546951294,0.5263281464576721
gue_splice_reconstructed_frozen__InstaDeepAI_nucleotide-transformer-v2-500m-multi-species__20260514T120331Z,2,2,0.350729376077652,0.24410249292850494,0.4051680862903595
gue_splice_reconstructed_frozen__InstaDeepAI_nucleotide-transformer-v2-500m-multi-species__20260514T120331Z,2,2,0.30994120240211487,0.2348034828901291,0.45525529980659485
gue_splice_reconstructed_frozen__InstaDeepAI_nucleotide-transformer-v2-500m-multi-species__20260514T120331Z,2,2,0.2551586925983429,0.14517223834991455,0.5996690392494202
gue_splice_reconstructed_frozen__InstaDeepAI_nucleotide-transformer-v2-500m-multi-species__20260514T120331Z,1,2,0.171266570687294,0.1961185485124588,0.6326149106025696
gue_splice_reconstructed_frozen__InstaDeepAI_nucleotide-transformer-v2-500m-multi-species__20260514T120331Z,2,2,0.16262033581733704,0.1621841937303543,0.6751954555511475
gue_splice_reconstructed_frozen__InstaDeepAI_nucleotide-transformer-v2-500m-multi-species__20260514T120331Z,2,2,0.21293404698371887,0.25422725081443787,0.5328387022018433
gue_splice_reconstructed_frozen__InstaDeepAI_nucleotide-transformer-v2-500m-multi-species__20260514T120331Z,0,2,0.2171480804681778,0.29170575737953186,0.49114614725112915
gue_splice_reconstructed_frozen__InstaDeepAI_nucleotide-transformer-v2-500m-multi-species__20260514T120331Z,1,2,0.1765965074300766,0.33604300022125244,0.48736056685447693
gue_splice_reconstructed_frozen__InstaDeepAI_nucleotide-transformer-v2-500m-multi-species__20260514T120331Z,0,2,0.2761841416358948,0.20375733077526093,0.5200585722923279
gue_splice_reconstructed_frozen__InstaDeepAI_nucleotide-transformer-v2-500m-multi-species__20260514T120331Z,2,2,0.1488065868616104,0.3449524939060211,0.5062409043312073
gue_splice_reconstructed_frozen__InstaDeepAI_nucleotide-transformer-v2-500m-multi-species__20260514T120331Z,2,2,0.18997722864151,0.06862485408782959,0.7413979768753052
gue_splice_reconstructed_frozen__InstaDeepAI_nucleotide-transformer-v2-500m-multi-species__20260514T120331Z,2,2,0.1992093175649643,0.12423662096261978,0.6765540242195129
gue_splice_reconstructed_frozen__InstaDeepAI_nucleotide-transformer-v2-500m-multi-species__20260514T120331Z,1,2,0.11230549216270447,0.14238397777080536,0.7453105449676514
gue_splice_reconstructed_frozen__InstaDeepAI_nucleotide-transformer-v2-500m-multi-species__20260514T120331Z,2,2,0.27687883377075195,0.27853143215179443,0.44458967447280884
gue_splice_reconstructed_frozen__InstaDeepAI_nucleotide-transformer-v2-500m-multi-species__20260514T120331Z,2,2,0.23305824398994446,0.3507598638534546,0.41618186235427856
gue_splice_reconstructed_frozen__InstaDeepAI_nucleotide-transformer-v2-500m-multi-species__20260514T120331Z,1,2,0.2531936764717102,0.20850035548210144,0.5383059978485107
gue_splice_reconstructed_frozen__InstaDeepAI_nucleotide-transformer-v2-500m-multi-species__20260514T120331Z,2,2,0.30255523324012756,0.19396616518497467,0.5034785866737366
gue_splice_reconstructed_frozen__InstaDeepAI_nucleotide-transformer-v2-500m-multi-species__20260514T120331Z,0,2,0.2316933125257492,0.18533185124397278,0.5829748511314392
gue_splice_reconstructed_frozen__InstaDeepAI_nucleotide-transformer-v2-500m-multi-species__20260514T120331Z,0,2,0.20980574190616608,0.1497584730386734,0.6404358148574829
gue_splice_reconstructed_frozen__InstaDeepAI_nucleotide-transformer-v2-500m-multi-species__20260514T120331Z,2,2,0.2424042969942093,0.15884652733802795,0.5987492203712463
gue_splice_reconstructed_frozen__InstaDeepAI_nucleotide-transformer-v2-500m-multi-species__20260514T120331Z,2,2,0.21357440948486328,0.3459468185901642,0.44047877192497253
gue_splice_reconstructed_frozen__InstaDeepAI_nucleotide-transformer-v2-500m-multi-species__20260514T120331Z,2,2,0.2934357225894928,0.18675261735916138,0.5198116302490234
gue_splice_reconstructed_frozen__InstaDeepAI_nucleotide-transformer-v2-500m-multi-species__20260514T120331Z,0,2,0.23129911720752716,0.2743561565876007,0.4943448007106781
gue_splice_reconstructed_frozen__InstaDeepAI_nucleotide-transformer-v2-500m-multi-species__20260514T120331Z,2,2,0.3065040409564972,0.30898338556289673,0.3845125734806061
gue_splice_reconstructed_frozen__InstaDeepAI_nucleotide-transformer-v2-500m-multi-species__20260514T120331Z,1,2,0.1818026304244995,0.29800888895988464,0.5201884508132935
gue_splice_reconstructed_frozen__InstaDeepAI_nucleotide-transformer-v2-500m-multi-species__20260514T120331Z,2,2,0.2780384123325348,0.19099371135234833,0.5309678316116333
gue_splice_reconstructed_frozen__InstaDeepAI_nucleotide-transformer-v2-500m-multi-species__20260514T120331Z,1,2,0.2910124659538269,0.25085312128067017,0.45813438296318054
gue_splice_reconstructed_frozen__InstaDeepAI_nucleotide-transformer-v2-500m-multi-species__20260514T120331Z,1,2,0.18895839154720306,0.3101547062397003,0.5008869171142578
gue_splice_reconstructed_frozen__InstaDeepAI_nucleotide-transformer-v2-500m-multi-species__20260514T120331Z,0,2,0.26261231303215027,0.238062784075737,0.4993249475955963
gue_splice_reconstructed_frozen__InstaDeepAI_nucleotide-transformer-v2-500m-multi-species__20260514T120331Z,1,2,0.177777498960495,0.29017961025238037,0.532042920589447
gue_splice_reconstructed_frozen__InstaDeepAI_nucleotide-transformer-v2-500m-multi-species__20260514T120331Z,1,2,0.17740212380886078,0.26890915632247925,0.5536887049674988
gue_splice_reconstructed_frozen__InstaDeepAI_nucleotide-transformer-v2-500m-multi-species__20260514T120331Z,2,2,0.15670287609100342,0.07273140549659729,0.7705656886100769
gue_splice_reconstructed_frozen__InstaDeepAI_nucleotide-transformer-v2-500m-multi-species__20260514T120331Z,2,2,0.18751002848148346,0.23393045365810394,0.5785594582557678
gue_splice_reconstructed_frozen__InstaDeepAI_nucleotide-transformer-v2-500m-multi-species__20260514T120331Z,0,2,0.14062611758708954,0.16549590229988098,0.6938779950141907
gue_splice_reconstructed_frozen__InstaDeepAI_nucleotide-transformer-v2-500m-multi-species__20260514T120331Z,2,2,0.1966703087091446,0.2211763560771942,0.5821533203125
gue_splice_reconstructed_frozen__InstaDeepAI_nucleotide-transformer-v2-500m-multi-species__20260514T120331Z,2,2,0.2540079951286316,0.24096010625362396,0.5050318837165833
gue_splice_reconstructed_frozen__InstaDeepAI_nucleotide-transformer-v2-500m-multi-species__20260514T120331Z,2,2,0.17711491882801056,0.3131313920021057,0.5097537040710449
gue_splice_reconstructed_frozen__InstaDeepAI_nucleotide-transformer-v2-500m-multi-species__20260514T120331Z,1,2,0.22923004627227783,0.3659956455230713,0.4047742486000061
gue_splice_reconstructed_frozen__InstaDeepAI_nucleotide-transformer-v2-500m-multi-species__20260514T120331Z,2,2,0.2107762098312378,0.34842443466186523,0.44079938530921936
gue_splice_reconstructed_frozen__InstaDeepAI_nucleotide-transformer-v2-500m-multi-species__20260514T120331Z,0,2,0.25659626722335815,0.1614152193069458,0.581988513469696
gue_splice_reconstructed_frozen__InstaDeepAI_nucleotide-transformer-v2-500m-multi-species__20260514T120331Z,2,2,0.21699132025241852,0.20949527621269226,0.573513388633728
gue_splice_reconstructed_frozen__InstaDeepAI_nucleotide-transformer-v2-500m-multi-species__20260514T120331Z,1,2,0.24106436967849731,0.1866215020418167,0.5723140835762024
gue_splice_reconstructed_frozen__InstaDeepAI_nucleotide-transformer-v2-500m-multi-species__20260514T120331Z,2,2,0.18876224756240845,0.14819735288619995,0.6630403995513916
gue_splice_reconstructed_frozen__InstaDeepAI_nucleotide-transformer-v2-500m-multi-species__20260514T120331Z,2,2,0.14926926791667938,0.3533453941345215,0.4973853528499603
gue_splice_reconstructed_frozen__InstaDeepAI_nucleotide-transformer-v2-500m-multi-species__20260514T120331Z,2,2,0.22420015931129456,0.25769078731536865,0.5181090235710144
gue_splice_reconstructed_frozen__InstaDeepAI_nucleotide-transformer-v2-500m-multi-species__20260514T120331Z,0,2,0.2694198787212372,0.2703753411769867,0.46020472049713135
gue_splice_reconstructed_frozen__InstaDeepAI_nucleotide-transformer-v2-500m-multi-species__20260514T120331Z,2,1,0.1981365978717804,0.40132325887680054,0.40054017305374146
gue_splice_reconstructed_frozen__InstaDeepAI_nucleotide-transformer-v2-500m-multi-species__20260514T120331Z,2,2,0.3009641170501709,0.19664360582828522,0.5023922920227051
gue_splice_reconstructed_frozen__InstaDeepAI_nucleotide-transformer-v2-500m-multi-species__20260514T120331Z,0,2,0.26658955216407776,0.21462950110435486,0.5187808871269226
gue_splice_reconstructed_frozen__InstaDeepAI_nucleotide-transformer-v2-500m-multi-species__20260514T120331Z,1,2,0.1950249820947647,0.20057812333106995,0.6043969392776489
gue_splice_reconstructed_frozen__InstaDeepAI_nucleotide-transformer-v2-500m-multi-species__20260514T120331Z,2,2,0.1631470024585724,0.15382471680641174,0.6830282807350159
gue_splice_reconstructed_frozen__InstaDeepAI_nucleotide-transformer-v2-500m-multi-species__20260514T120331Z,2,2,0.22340470552444458,0.33186784386634827,0.4447273910045624
gue_splice_reconstructed_frozen__InstaDeepAI_nucleotide-transformer-v2-500m-multi-species__20260514T120331Z,2,2,0.17177756130695343,0.3161401152610779,0.5120823383331299
gue_splice_reconstructed_frozen__InstaDeepAI_nucleotide-transformer-v2-500m-multi-species__20260514T120331Z,0,2,0.20590850710868835,0.28421416878700256,0.5098773241043091
gue_splice_reconstructed_frozen__InstaDeepAI_nucleotide-transformer-v2-500m-multi-species__20260514T120331Z,2,2,0.2237669676542282,0.2311238795518875,0.5451091527938843
gue_splice_reconstructed_frozen__InstaDeepAI_nucleotide-transformer-v2-500m-multi-species__20260514T120331Z,2,2,0.24859651923179626,0.3019122779369354,0.4494912028312683
gue_splice_reconstructed_frozen__InstaDeepAI_nucleotide-transformer-v2-500m-multi-species__20260514T120331Z,2,2,0.20271004736423492,0.19446896016597748,0.6028209924697876
gue_splice_reconstructed_frozen__InstaDeepAI_nucleotide-transformer-v2-500m-multi-species__20260514T120331Z,0,2,0.2838539481163025,0.15933454036712646,0.556811511516571
gue_splice_reconstructed_frozen__InstaDeepAI_nucleotide-transformer-v2-500m-multi-species__20260514T120331Z,2,2,0.17062196135520935,0.13194303214550018,0.6974350214004517
gue_splice_reconstructed_frozen__InstaDeepAI_nucleotide-transformer-v2-500m-multi-species__20260514T120331Z,2,2,0.19756247103214264,0.2407325953245163,0.5617049336433411
gue_splice_reconstructed_frozen__InstaDeepAI_nucleotide-transformer-v2-500m-multi-species__20260514T120331Z,0,2,0.25354689359664917,0.16416244208812714,0.5822906494140625
gue_splice_reconstructed_frozen__InstaDeepAI_nucleotide-transformer-v2-500m-multi-species__20260514T120331Z,2,2,0.18228086829185486,0.1303020566701889,0.6874170899391174
gue_splice_reconstructed_frozen__InstaDeepAI_nucleotide-transformer-v2-500m-multi-species__20260514T120331Z,2,2,0.32834213972091675,0.19371871650218964,0.4779391288757324
gue_splice_reconstructed_frozen__InstaDeepAI_nucleotide-transformer-v2-500m-multi-species__20260514T120331Z,1,2,0.33488643169403076,0.27468937635421753,0.3904242217540741
gue_splice_reconstructed_frozen__InstaDeepAI_nucleotide-transformer-v2-500m-multi-species__20260514T120331Z,2,2,0.254072368144989,0.3252909183502197,0.42063671350479126
gue_splice_reconstructed_frozen__InstaDeepAI_nucleotide-transformer-v2-500m-multi-species__20260514T120331Z,2,2,0.19739167392253876,0.35983797907829285,0.4427703619003296
gue_splice_reconstructed_frozen__InstaDeepAI_nucleotide-transformer-v2-500m-multi-species__20260514T120331Z,1,2,0.2565593719482422,0.25245845317840576,0.49098217487335205
gue_splice_reconstructed_frozen__InstaDeepAI_nucleotide-transformer-v2-500m-multi-species__20260514T120331Z,2,2,0.10064611583948135,0.08417513221502304,0.8151786923408508
gue_splice_reconstructed_frozen__InstaDeepAI_nucleotide-transformer-v2-500m-multi-species__20260514T120331Z,2,2,0.10092641413211823,0.08042626827955246,0.8186473250389099
gue_splice_reconstructed_frozen__InstaDeepAI_nucleotide-transformer-v2-500m-multi-species__20260514T120331Z,0,2,0.20632657408714294,0.13836900889873505,0.6553043723106384
gue_splice_reconstructed_frozen__InstaDeepAI_nucleotide-transformer-v2-500m-multi-species__20260514T120331Z,1,1,0.25147125124931335,0.3833542466163635,0.3651745617389679
gue_splice_reconstructed_frozen__InstaDeepAI_nucleotide-transformer-v2-500m-multi-species__20260514T120331Z,2,2,0.24483036994934082,0.16107408702373505,0.5940955877304077
gue_splice_reconstructed_frozen__InstaDeepAI_nucleotide-transformer-v2-500m-multi-species__20260514T120331Z,2,2,0.10865221172571182,0.04751300811767578,0.8438347578048706
gue_splice_reconstructed_frozen__InstaDeepAI_nucleotide-transformer-v2-500m-multi-species__20260514T120331Z,1,2,0.21427877247333527,0.20154213905334473,0.5841790437698364
gue_splice_reconstructed_frozen__InstaDeepAI_nucleotide-transformer-v2-500m-multi-species__20260514T120331Z,2,2,0.24839025735855103,0.21441350877285004,0.5371962189674377
gue_splice_reconstructed_frozen__InstaDeepAI_nucleotide-transformer-v2-500m-multi-species__20260514T120331Z,1,2,0.26048359274864197,0.25600725412368774,0.4835090935230255
gue_splice_reconstructed_frozen__InstaDeepAI_nucleotide-transformer-v2-500m-multi-species__20260514T120331Z,1,2,0.16897514462471008,0.26907551288604736,0.5619493722915649
gue_splice_reconstructed_frozen__InstaDeepAI_nucleotide-transformer-v2-500m-multi-species__20260514T120331Z,2,2,0.16115839779376984,0.2519334852695465,0.5869081020355225
gue_splice_reconstructed_frozen__InstaDeepAI_nucleotide-transformer-v2-500m-multi-species__20260514T120331Z,2,2,0.19476473331451416,0.19957824051380157,0.6056570410728455
gue_splice_reconstructed_frozen__InstaDeepAI_nucleotide-transformer-v2-500m-multi-species__20260514T120331Z,2,2,0.3342331647872925,0.2661325931549072,0.3996342420578003
gue_splice_reconstructed_frozen__InstaDeepAI_nucleotide-transformer-v2-500m-multi-species__20260514T120331Z,0,2,0.2606242001056671,0.30509138107299805,0.4342844486236572
gue_splice_reconstructed_frozen__InstaDeepAI_nucleotide-transformer-v2-500m-multi-species__20260514T120331Z,1,2,0.2051365077495575,0.3045653998851776,0.4902980923652649
gue_splice_reconstructed_frozen__InstaDeepAI_nucleotide-transformer-v2-500m-multi-species__20260514T120331Z,2,2,0.09231491386890411,0.09487397968769073,0.8128110766410828
gue_splice_reconstructed_frozen__InstaDeepAI_nucleotide-transformer-v2-500m-multi-species__20260514T120331Z,2,2,0.2874290645122528,0.16153842210769653,0.551032543182373
gue_splice_reconstructed_frozen__InstaDeepAI_nucleotide-transformer-v2-500m-multi-species__20260514T120331Z,0,2,0.17306222021579742,0.28600260615348816,0.540935218334198
gue_splice_reconstructed_frozen__InstaDeepAI_nucleotide-transformer-v2-500m-multi-species__20260514T120331Z,2,2,0.2735694944858551,0.17797160148620605,0.5484588742256165
gue_splice_reconstructed_frozen__InstaDeepAI_nucleotide-transformer-v2-500m-multi-species__20260514T120331Z,1,2,0.24749518930912018,0.20321156084537506,0.5492932200431824
gue_splice_reconstructed_frozen__InstaDeepAI_nucleotide-transformer-v2-500m-multi-species__20260514T120331Z,1,2,0.1553812026977539,0.224346324801445,0.6202724575996399
gue_splice_reconstructed_frozen__InstaDeepAI_nucleotide-transformer-v2-500m-multi-species__20260514T120331Z,0,2,0.2405627816915512,0.19689366221427917,0.562543511390686
gue_splice_reconstructed_frozen__InstaDeepAI_nucleotide-transformer-v2-500m-multi-species__20260514T120331Z,0,2,0.1405670940876007,0.20243746042251587,0.6569954752922058
gue_splice_reconstructed_frozen__InstaDeepAI_nucleotide-transformer-v2-500m-multi-species__20260514T120331Z,2,2,0.24001066386699677,0.2390749454498291,0.5209143757820129
gue_splice_reconstructed_frozen__InstaDeepAI_nucleotide-transformer-v2-500m-multi-species__20260514T120331Z,2,2,0.2306601107120514,0.3657030165195465,0.4036368131637573
gue_splice_reconstructed_frozen__InstaDeepAI_nucleotide-transformer-v2-500m-multi-species__20260514T120331Z,2,2,0.2987487316131592,0.09886625409126282,0.6023850440979004
gue_splice_reconstructed_frozen__InstaDeepAI_nucleotide-transformer-v2-500m-multi-species__20260514T120331Z,2,2,0.2945500314235687,0.3234703242778778,0.3819795846939087
gue_splice_reconstructed_frozen__InstaDeepAI_nucleotide-transformer-v2-500m-multi-species__20260514T120331Z,2,2,0.11959691345691681,0.1765371561050415,0.7038659453392029
gue_splice_reconstructed_frozen__InstaDeepAI_nucleotide-transformer-v2-500m-multi-species__20260514T120331Z,0,2,0.16100871562957764,0.2500458061695099,0.5889454483985901
gue_splice_reconstructed_frozen__InstaDeepAI_nucleotide-transformer-v2-500m-multi-species__20260514T120331Z,2,2,0.21854053437709808,0.1756880134344101,0.6057714819908142
gue_splice_reconstructed_frozen__InstaDeepAI_nucleotide-transformer-v2-500m-multi-species__20260514T120331Z,2,2,0.2478904277086258,0.10692917555570602,0.645180344581604
gue_splice_reconstructed_frozen__InstaDeepAI_nucleotide-transformer-v2-500m-multi-species__20260514T120331Z,2,1,0.16214318573474884,0.4196443259716034,0.4182124435901642
gue_splice_reconstructed_frozen__InstaDeepAI_nucleotide-transformer-v2-500m-multi-species__20260514T120331Z,2,2,0.1846058964729309,0.34237241744995117,0.4730216860771179
gue_splice_reconstructed_frozen__InstaDeepAI_nucleotide-transformer-v2-500m-multi-species__20260514T120331Z,0,2,0.16998039186000824,0.2187926471233368,0.6112269163131714
gue_splice_reconstructed_frozen__InstaDeepAI_nucleotide-transformer-v2-500m-multi-species__20260514T120331Z,2,2,0.16375002264976501,0.2871382236480713,0.5491117835044861
gue_splice_reconstructed_frozen__InstaDeepAI_nucleotide-transformer-v2-500m-multi-species__20260514T120331Z,1,2,0.22141151130199432,0.20875996351242065,0.5698285698890686
gue_splice_reconstructed_frozen__InstaDeepAI_nucleotide-transformer-v2-500m-multi-species__20260514T120331Z,2,2,0.1849096566438675,0.11229035258293152,0.7027999758720398
gue_splice_reconstructed_frozen__InstaDeepAI_nucleotide-transformer-v2-500m-multi-species__20260514T120331Z,2,2,0.13214829564094543,0.11330872774124146,0.7545430064201355
gue_splice_reconstructed_frozen__InstaDeepAI_nucleotide-transformer-v2-500m-multi-species__20260514T120331Z,2,2,0.19774428009986877,0.11159677803516388,0.6906589269638062
gue_splice_reconstructed_frozen__InstaDeepAI_nucleotide-transformer-v2-500m-multi-species__20260514T120331Z,0,2,0.31505924463272095,0.14447371661663055,0.5404670238494873
gue_splice_reconstructed_frozen__InstaDeepAI_nucleotide-transformer-v2-500m-multi-species__20260514T120331Z,0,2,0.15267783403396606,0.29021167755126953,0.5571104884147644
gue_splice_reconstructed_frozen__InstaDeepAI_nucleotide-transformer-v2-500m-multi-species__20260514T120331Z,0,2,0.17272165417671204,0.1599755734205246,0.6673027276992798
gue_splice_reconstructed_frozen__InstaDeepAI_nucleotide-transformer-v2-500m-multi-species__20260514T120331Z,0,2,0.36157479882240295,0.22960658371448517,0.40881866216659546
gue_splice_reconstructed_frozen__InstaDeepAI_nucleotide-transformer-v2-500m-multi-species__20260514T120331Z,2,2,0.22143703699111938,0.2907494604587555,0.4878135025501251
gue_splice_reconstructed_frozen__InstaDeepAI_nucleotide-transformer-v2-500m-multi-species__20260514T120331Z,1,2,0.23561297357082367,0.26351991295814514,0.5008671283721924
gue_splice_reconstructed_frozen__InstaDeepAI_nucleotide-transformer-v2-500m-multi-species__20260514T120331Z,2,2,0.10833785682916641,0.1169125884771347,0.7747495770454407
gue_splice_reconstructed_frozen__InstaDeepAI_nucleotide-transformer-v2-500m-multi-species__20260514T120331Z,2,2,0.1561369001865387,0.25374478101730347,0.5901182889938354
gue_splice_reconstructed_frozen__InstaDeepAI_nucleotide-transformer-v2-500m-multi-species__20260514T120331Z,1,2,0.24728275835514069,0.23145151138305664,0.5212657451629639
gue_splice_reconstructed_frozen__InstaDeepAI_nucleotide-transformer-v2-500m-multi-species__20260514T120331Z,2,2,0.20495428144931793,0.15097631514072418,0.6440694332122803
gue_splice_reconstructed_frozen__InstaDeepAI_nucleotide-transformer-v2-500m-multi-species__20260514T120331Z,1,2,0.17793279886245728,0.3353158235549927,0.4867514371871948
gue_splice_reconstructed_frozen__InstaDeepAI_nucleotide-transformer-v2-500m-multi-species__20260514T120331Z,2,2,0.28872233629226685,0.17068685591220856,0.5405908226966858
gue_splice_reconstructed_frozen__InstaDeepAI_nucleotide-transformer-v2-500m-multi-species__20260514T120331Z,0,2,0.26963675022125244,0.3253929018974304,0.4049703776836395
gue_splice_reconstructed_frozen__InstaDeepAI_nucleotide-transformer-v2-500m-multi-species__20260514T120331Z,0,2,0.22277122735977173,0.25380396842956543,0.5234248042106628
gue_splice_reconstructed_frozen__InstaDeepAI_nucleotide-transformer-v2-500m-multi-species__20260514T120331Z,1,2,0.3104127049446106,0.1291467845439911,0.5604404807090759
gue_splice_reconstructed_frozen__InstaDeepAI_nucleotide-transformer-v2-500m-multi-species__20260514T120331Z,2,2,0.20528483390808105,0.1575895994901657,0.637125551700592
gue_splice_reconstructed_frozen__InstaDeepAI_nucleotide-transformer-v2-500m-multi-species__20260514T120331Z,2,2,0.20135967433452606,0.07163286209106445,0.7270075082778931
gue_splice_reconstructed_frozen__InstaDeepAI_nucleotide-transformer-v2-500m-multi-species__20260514T120331Z,2,2,0.2543606460094452,0.2028682678937912,0.5427711009979248
gue_splice_reconstructed_frozen__InstaDeepAI_nucleotide-transformer-v2-500m-multi-species__20260514T120331Z,2,2,0.14824378490447998,0.2196524739265442,0.6321037411689758
gue_splice_reconstructed_frozen__InstaDeepAI_nucleotide-transformer-v2-500m-multi-species__20260514T120331Z,2,2,0.23287352919578552,0.18289612233638763,0.5842303037643433
gue_splice_reconstructed_frozen__InstaDeepAI_nucleotide-transformer-v2-500m-multi-species__20260514T120331Z,0,2,0.31565120816230774,0.297392338514328,0.38695648312568665
gue_splice_reconstructed_frozen__InstaDeepAI_nucleotide-transformer-v2-500m-multi-species__20260514T120331Z,2,2,0.1863960176706314,0.2171754539012909,0.5964285731315613
gue_splice_reconstructed_frozen__InstaDeepAI_nucleotide-transformer-v2-500m-multi-species__20260514T120331Z,1,1,0.19555160403251648,0.4210156500339508,0.3834327161312103
gue_splice_reconstructed_frozen__InstaDeepAI_nucleotide-transformer-v2-500m-multi-species__20260514T120331Z,2,2,0.2623770833015442,0.09068616479635239,0.6469367742538452
gue_splice_reconstructed_frozen__InstaDeepAI_nucleotide-transformer-v2-500m-multi-species__20260514T120331Z,2,2,0.20672546327114105,0.3134440779685974,0.47983038425445557
gue_splice_reconstructed_frozen__InstaDeepAI_nucleotide-transformer-v2-500m-multi-species__20260514T120331Z,2,2,0.22505654394626617,0.11124119162559509,0.6637021899223328
gue_splice_reconstructed_frozen__InstaDeepAI_nucleotide-transformer-v2-500m-multi-species__20260514T120331Z,0,2,0.36875301599502563,0.16544079780578613,0.4658062160015106
gue_splice_reconstructed_frozen__InstaDeepAI_nucleotide-transformer-v2-500m-multi-species__20260514T120331Z,2,2,0.15570880472660065,0.23189926147460938,0.6123918890953064
gue_splice_reconstructed_frozen__InstaDeepAI_nucleotide-transformer-v2-500m-multi-species__20260514T120331Z,0,2,0.22355160117149353,0.27205175161361694,0.5043966174125671
gue_splice_reconstructed_frozen__InstaDeepAI_nucleotide-transformer-v2-500m-multi-species__20260514T120331Z,0,2,0.23597872257232666,0.24884799122810364,0.5151733160018921
gue_splice_reconstructed_frozen__InstaDeepAI_nucleotide-transformer-v2-500m-multi-species__20260514T120331Z,2,2,0.2342531979084015,0.289529025554657,0.47621774673461914
gue_splice_reconstructed_frozen__InstaDeepAI_nucleotide-transformer-v2-500m-multi-species__20260514T120331Z,2,2,0.25674352049827576,0.20085719227790833,0.5423992872238159
gue_splice_reconstructed_frozen__InstaDeepAI_nucleotide-transformer-v2-500m-multi-species__20260514T120331Z,0,2,0.18490850925445557,0.12082267552614212,0.6942687630653381
gue_splice_reconstructed_frozen__InstaDeepAI_nucleotide-transformer-v2-500m-multi-species__20260514T120331Z,2,2,0.2628799378871918,0.19820672273635864,0.5389133095741272
gue_splice_reconstructed_frozen__InstaDeepAI_nucleotide-transformer-v2-500m-multi-species__20260514T120331Z,2,2,0.25014591217041016,0.36852020025253296,0.3813338577747345
gue_splice_reconstructed_frozen__InstaDeepAI_nucleotide-transformer-v2-500m-multi-species__20260514T120331Z,2,2,0.2674410939216614,0.3026253581047058,0.4299335777759552
gue_splice_reconstructed_frozen__InstaDeepAI_nucleotide-transformer-v2-500m-multi-species__20260514T120331Z,1,1,0.17089542746543884,0.5152063369750977,0.3138982355594635
gue_splice_reconstructed_frozen__InstaDeepAI_nucleotide-transformer-v2-500m-multi-species__20260514T120331Z,0,2,0.21771639585494995,0.2482759803533554,0.5340076088905334
gue_splice_reconstructed_frozen__InstaDeepAI_nucleotide-transformer-v2-500m-multi-species__20260514T120331Z,2,2,0.17872361838817596,0.20035652816295624,0.6209198236465454
gue_splice_reconstructed_frozen__InstaDeepAI_nucleotide-transformer-v2-500m-multi-species__20260514T120331Z,2,2,0.2444545179605484,0.20290745794773102,0.5526379942893982
gue_splice_reconstructed_frozen__InstaDeepAI_nucleotide-transformer-v2-500m-multi-species__20260514T120331Z,2,2,0.17469573020935059,0.24602989852428436,0.5792744159698486
gue_splice_reconstructed_frozen__InstaDeepAI_nucleotide-transformer-v2-500m-multi-species__20260514T120331Z,2,2,0.1384938657283783,0.1653512716293335,0.6961548328399658
gue_splice_reconstructed_frozen__InstaDeepAI_nucleotide-transformer-v2-500m-multi-species__20260514T120331Z,2,2,0.26459088921546936,0.3076622486114502,0.42774683237075806
gue_splice_reconstructed_frozen__InstaDeepAI_nucleotide-transformer-v2-500m-multi-species__20260514T120331Z,2,2,0.3242560625076294,0.11452143639326096,0.561222493648529
gue_splice_reconstructed_frozen__InstaDeepAI_nucleotide-transformer-v2-500m-multi-species__20260514T120331Z,2,2,0.24183884263038635,0.17064370214939117,0.5875174403190613
gue_splice_reconstructed_frozen__InstaDeepAI_nucleotide-transformer-v2-500m-multi-species__20260514T120331Z,0,2,0.273518443107605,0.17765624821186066,0.5488252639770508
gue_splice_reconstructed_frozen__InstaDeepAI_nucleotide-transformer-v2-500m-multi-species__20260514T120331Z,0,2,0.16770169138908386,0.36880671977996826,0.46349161863327026
gue_splice_reconstructed_frozen__InstaDeepAI_nucleotide-transformer-v2-500m-multi-species__20260514T120331Z,2,0,0.4274176359176636,0.2582312226295471,0.3143511116504669
gue_splice_reconstructed_frozen__InstaDeepAI_nucleotide-transformer-v2-500m-multi-species__20260514T120331Z,2,2,0.28545206785202026,0.30576908588409424,0.4087788760662079
gue_splice_reconstructed_frozen__InstaDeepAI_nucleotide-transformer-v2-500m-multi-species__20260514T120331Z,1,1,0.1313760131597519,0.47774598002433777,0.39087802171707153
gue_splice_reconstructed_frozen__InstaDeepAI_nucleotide-transformer-v2-500m-multi-species__20260514T120331Z,2,2,0.17777889966964722,0.17034335434436798,0.651877760887146
gue_splice_reconstructed_frozen__InstaDeepAI_nucleotide-transformer-v2-500m-multi-species__20260514T120331Z,2,2,0.1811148077249527,0.25553756952285767,0.563347578048706
gue_splice_reconstructed_frozen__InstaDeepAI_nucleotide-transformer-v2-500m-multi-species__20260514T120331Z,1,2,0.20508204400539398,0.27147823572158813,0.5234397053718567
gue_splice_reconstructed_frozen__InstaDeepAI_nucleotide-transformer-v2-500m-multi-species__20260514T120331Z,2,2,0.23338685929775238,0.26853644847869873,0.4980766475200653
gue_splice_reconstructed_frozen__InstaDeepAI_nucleotide-transformer-v2-500m-multi-species__20260514T120331Z,2,2,0.15875130891799927,0.10413708537817001,0.7371116280555725
gue_splice_reconstructed_frozen__InstaDeepAI_nucleotide-transformer-v2-500m-multi-species__20260514T120331Z,2,2,0.10088281333446503,0.06753136962652206,0.8315858244895935
gue_splice_reconstructed_frozen__InstaDeepAI_nucleotide-transformer-v2-500m-multi-species__20260514T120331Z,1,2,0.2836151123046875,0.29638373851776123,0.4200010895729065
gue_splice_reconstructed_frozen__InstaDeepAI_nucleotide-transformer-v2-500m-multi-species__20260514T120331Z,2,2,0.2633190453052521,0.19674795866012573,0.5399330258369446
gue_splice_reconstructed_frozen__InstaDeepAI_nucleotide-transformer-v2-500m-multi-species__20260514T120331Z,2,2,0.15893204510211945,0.2692902982234955,0.5717776417732239
gue_splice_reconstructed_frozen__InstaDeepAI_nucleotide-transformer-v2-500m-multi-species__20260514T120331Z,2,2,0.28956344723701477,0.2692282199859619,0.44120827317237854
gue_splice_reconstructed_frozen__InstaDeepAI_nucleotide-transformer-v2-500m-multi-species__20260514T120331Z,0,2,0.17467889189720154,0.1844976544380188,0.640823483467102
gue_splice_reconstructed_frozen__InstaDeepAI_nucleotide-transformer-v2-500m-multi-species__20260514T120331Z,1,2,0.24374181032180786,0.22532115876674652,0.5309370756149292
gue_splice_reconstructed_frozen__InstaDeepAI_nucleotide-transformer-v2-500m-multi-species__20260514T120331Z,2,2,0.2620036005973816,0.2638007700443268,0.4741956293582916
gue_splice_reconstructed_frozen__InstaDeepAI_nucleotide-transformer-v2-500m-multi-species__20260514T120331Z,0,2,0.22314812242984772,0.32838550209999084,0.44846639037132263
gue_splice_reconstructed_frozen__InstaDeepAI_nucleotide-transformer-v2-500m-multi-species__20260514T120331Z,2,2,0.22479143738746643,0.2729434669017792,0.5022650957107544
gue_splice_reconstructed_frozen__InstaDeepAI_nucleotide-transformer-v2-500m-multi-species__20260514T120331Z,1,2,0.17119526863098145,0.128000408411026,0.7008042931556702
gue_splice_reconstructed_frozen__InstaDeepAI_nucleotide-transformer-v2-500m-multi-species__20260514T120331Z,2,2,0.2228502780199051,0.15549860894680023,0.6216511130332947
gue_splice_reconstructed_frozen__InstaDeepAI_nucleotide-transformer-v2-500m-multi-species__20260514T120331Z,2,2,0.23221266269683838,0.3204042315483093,0.4473831355571747
gue_splice_reconstructed_frozen__InstaDeepAI_nucleotide-transformer-v2-500m-multi-species__20260514T120331Z,2,2,0.18350303173065186,0.08779886364936829,0.7286981344223022
gue_splice_reconstructed_frozen__InstaDeepAI_nucleotide-transformer-v2-500m-multi-species__20260514T120331Z,2,2,0.2762354016304016,0.31985247135162354,0.40391209721565247
gue_splice_reconstructed_frozen__InstaDeepAI_nucleotide-transformer-v2-500m-multi-species__20260514T120331Z,1,2,0.3062203824520111,0.22662116587162018,0.46715837717056274
gue_splice_reconstructed_frozen__InstaDeepAI_nucleotide-transformer-v2-500m-multi-species__20260514T120331Z,1,2,0.23694662749767303,0.22440505027770996,0.5386483669281006
gue_splice_reconstructed_frozen__InstaDeepAI_nucleotide-transformer-v2-500m-multi-species__20260514T120331Z,1,2,0.224490687251091,0.17897957563400269,0.5965297818183899
gue_splice_reconstructed_frozen__InstaDeepAI_nucleotide-transformer-v2-500m-multi-species__20260514T120331Z,2,0,0.36386072635650635,0.27347299456596375,0.3626662492752075
gue_splice_reconstructed_frozen__InstaDeepAI_nucleotide-transformer-v2-500m-multi-species__20260514T120331Z,2,2,0.3113137185573578,0.1760115623474121,0.5126746892929077
gue_splice_reconstructed_frozen__InstaDeepAI_nucleotide-transformer-v2-500m-multi-species__20260514T120331Z,0,2,0.29752159118652344,0.19646979868412018,0.5060086250305176
gue_splice_reconstructed_frozen__InstaDeepAI_nucleotide-transformer-v2-500m-multi-species__20260514T120331Z,0,0,0.4297623634338379,0.15603007376194,0.4142075777053833
gue_splice_reconstructed_frozen__InstaDeepAI_nucleotide-transformer-v2-500m-multi-species__20260514T120331Z,0,1,0.22563707828521729,0.40470418334007263,0.3696587383747101
gue_splice_reconstructed_frozen__InstaDeepAI_nucleotide-transformer-v2-500m-multi-species__20260514T120331Z,0,2,0.19799502193927765,0.24208565056324005,0.5599192976951599
gue_splice_reconstructed_frozen__InstaDeepAI_nucleotide-transformer-v2-500m-multi-species__20260514T120331Z,1,2,0.19854944944381714,0.1645028293132782,0.636947751045227
gue_splice_reconstructed_frozen__InstaDeepAI_nucleotide-transformer-v2-500m-multi-species__20260514T120331Z,0,2,0.331931471824646,0.21376238763332367,0.45430615544319153
gue_splice_reconstructed_frozen__InstaDeepAI_nucleotide-transformer-v2-500m-multi-species__20260514T120331Z,0,2,0.2164401113986969,0.20157204568386078,0.5819878578186035
gue_splice_reconstructed_frozen__InstaDeepAI_nucleotide-transformer-v2-500m-multi-species__20260514T120331Z,2,2,0.2949959635734558,0.2255057990550995,0.4794982969760895
gue_splice_reconstructed_frozen__InstaDeepAI_nucleotide-transformer-v2-500m-multi-species__20260514T120331Z,0,2,0.3438344895839691,0.21121060848236084,0.44495487213134766
gue_splice_reconstructed_frozen__InstaDeepAI_nucleotide-transformer-v2-500m-multi-species__20260514T120331Z,2,2,0.17665866017341614,0.1818663477897644,0.6414749622344971
gue_splice_reconstructed_frozen__InstaDeepAI_nucleotide-transformer-v2-500m-multi-species__20260514T120331Z,2,2,0.1469745635986328,0.37439751625061035,0.4786279797554016
gue_splice_reconstructed_frozen__InstaDeepAI_nucleotide-transformer-v2-500m-multi-species__20260514T120331Z,2,2,0.2990094721317291,0.2537854015827179,0.4472050964832306
gue_splice_reconstructed_frozen__InstaDeepAI_nucleotide-transformer-v2-500m-multi-species__20260514T120331Z,2,2,0.25932079553604126,0.2572084963321686,0.4834706783294678
gue_splice_reconstructed_frozen__InstaDeepAI_nucleotide-transformer-v2-500m-multi-species__20260514T120331Z,2,2,0.19381003081798553,0.15595901012420654,0.6502309441566467
gue_splice_reconstructed_frozen__InstaDeepAI_nucleotide-transformer-v2-500m-multi-species__20260514T120331Z,2,2,0.2571154534816742,0.27867063879966736,0.4642139673233032
gue_splice_reconstructed_frozen__InstaDeepAI_nucleotide-transformer-v2-500m-multi-species__20260514T120331Z,2,2,0.2038678526878357,0.26032161712646484,0.5358105301856995
gue_splice_reconstructed_frozen__InstaDeepAI_nucleotide-transformer-v2-500m-multi-species__20260514T120331Z,2,2,0.19991901516914368,0.10865429043769836,0.6914266347885132
gue_splice_reconstructed_frozen__InstaDeepAI_nucleotide-transformer-v2-500m-multi-species__20260514T120331Z,1,2,0.16033528745174408,0.41173601150512695,0.42792871594429016
gue_splice_reconstructed_frozen__InstaDeepAI_nucleotide-transformer-v2-500m-multi-species__20260514T120331Z,1,2,0.25933319330215454,0.34402230381965637,0.3966445326805115
gue_splice_reconstructed_frozen__InstaDeepAI_nucleotide-transformer-v2-500m-multi-species__20260514T120331Z,0,2,0.32290351390838623,0.20096702873706818,0.476129412651062
gue_splice_reconstructed_frozen__InstaDeepAI_nucleotide-transformer-v2-500m-multi-species__20260514T120331Z,2,2,0.2785187363624573,0.33925461769104004,0.3822266161441803
gue_splice_reconstructed_frozen__InstaDeepAI_nucleotide-transformer-v2-500m-multi-species__20260514T120331Z,1,1,0.1584795117378235,0.4807004928588867,0.3608199656009674
gue_splice_reconstructed_frozen__InstaDeepAI_nucleotide-transformer-v2-500m-multi-species__20260514T120331Z,2,2,0.17750118672847748,0.23635956645011902,0.5861392617225647
gue_splice_reconstructed_frozen__InstaDeepAI_nucleotide-transformer-v2-500m-multi-species__20260514T120331Z,2,2,0.2082405686378479,0.2333892583847046,0.5583701729774475
gue_splice_reconstructed_frozen__InstaDeepAI_nucleotide-transformer-v2-500m-multi-species__20260514T120331Z,2,2,0.18577992916107178,0.3401617109775543,0.4740583300590515
gue_splice_reconstructed_frozen__InstaDeepAI_nucleotide-transformer-v2-500m-multi-species__20260514T120331Z,1,2,0.2604595720767975,0.32691890001296997,0.41262149810791016
gue_splice_reconstructed_frozen__InstaDeepAI_nucleotide-transformer-v2-500m-multi-species__20260514T120331Z,0,2,0.24084466695785522,0.1831243634223938,0.576030969619751
gue_splice_reconstructed_frozen__InstaDeepAI_nucleotide-transformer-v2-500m-multi-species__20260514T120331Z,0,2,0.22298789024353027,0.23552216589450836,0.5414899587631226
gue_splice_reconstructed_frozen__InstaDeepAI_nucleotide-transformer-v2-500m-multi-species__20260514T120331Z,2,2,0.1489475816488266,0.10817716270685196,0.7428752183914185
gue_splice_reconstructed_frozen__InstaDeepAI_nucleotide-transformer-v2-500m-multi-species__20260514T120331Z,2,2,0.21477985382080078,0.27686217427253723,0.5083579421043396
gue_splice_reconstructed_frozen__InstaDeepAI_nucleotide-transformer-v2-500m-multi-species__20260514T120331Z,2,2,0.22478148341178894,0.2514362335205078,0.5237822532653809
gue_splice_reconstructed_frozen__InstaDeepAI_nucleotide-transformer-v2-500m-multi-species__20260514T120331Z,2,2,0.1439715325832367,0.04761026054620743,0.8084182143211365
gue_splice_reconstructed_frozen__InstaDeepAI_nucleotide-transformer-v2-500m-multi-species__20260514T120331Z,2,2,0.27224865555763245,0.22958539426326752,0.4981659948825836
gue_splice_reconstructed_frozen__InstaDeepAI_nucleotide-transformer-v2-500m-multi-species__20260514T120331Z,2,2,0.2865600287914276,0.168049156665802,0.545390784740448
gue_splice_reconstructed_frozen__InstaDeepAI_nucleotide-transformer-v2-500m-multi-species__20260514T120331Z,1,2,0.1687864363193512,0.19484199583530426,0.6363715529441833
gue_splice_reconstructed_frozen__InstaDeepAI_nucleotide-transformer-v2-500m-multi-species__20260514T120331Z,2,2,0.12357156723737717,0.05334245786070824,0.8230860233306885
gue_splice_reconstructed_frozen__InstaDeepAI_nucleotide-transformer-v2-500m-multi-species__20260514T120331Z,1,2,0.16346798837184906,0.2835268974304199,0.5530050992965698
gue_splice_reconstructed_frozen__InstaDeepAI_nucleotide-transformer-v2-500m-multi-species__20260514T120331Z,2,2,0.187425434589386,0.2519315779209137,0.5606429576873779
gue_splice_reconstructed_frozen__InstaDeepAI_nucleotide-transformer-v2-500m-multi-species__20260514T120331Z,0,2,0.19151178002357483,0.12486272305250168,0.6836254596710205
gue_splice_reconstructed_frozen__InstaDeepAI_nucleotide-transformer-v2-500m-multi-species__20260514T120331Z,1,2,0.22373288869857788,0.23020879924297333,0.5460582971572876
gue_splice_reconstructed_frozen__InstaDeepAI_nucleotide-transformer-v2-500m-multi-species__20260514T120331Z,2,2,0.13245202600955963,0.2724881172180176,0.595059871673584
gue_splice_reconstructed_frozen__InstaDeepAI_nucleotide-transformer-v2-500m-multi-species__20260514T120331Z,0,1,0.210477814078331,0.4007842242717743,0.3887380361557007
gue_splice_reconstructed_frozen__InstaDeepAI_nucleotide-transformer-v2-500m-multi-species__20260514T120331Z,1,2,0.22354437410831451,0.24993032217025757,0.5265252590179443
gue_splice_reconstructed_frozen__InstaDeepAI_nucleotide-transformer-v2-500m-multi-species__20260514T120331Z,2,2,0.12451056391000748,0.10472049564123154,0.770768940448761
gue_splice_reconstructed_frozen__InstaDeepAI_nucleotide-transformer-v2-500m-multi-species__20260514T120331Z,1,2,0.2100977599620819,0.2976992130279541,0.4922029972076416
gue_splice_reconstructed_frozen__InstaDeepAI_nucleotide-transformer-v2-500m-multi-species__20260514T120331Z,0,2,0.33437874913215637,0.16786958277225494,0.49775174260139465
gue_splice_reconstructed_frozen__InstaDeepAI_nucleotide-transformer-v2-500m-multi-species__20260514T120331Z,2,2,0.28716257214546204,0.23225344717502594,0.480584055185318
gue_splice_reconstructed_frozen__InstaDeepAI_nucleotide-transformer-v2-500m-multi-species__20260514T120331Z,2,2,0.20997801423072815,0.3003760278224945,0.48964592814445496
gue_splice_reconstructed_frozen__InstaDeepAI_nucleotide-transformer-v2-500m-multi-species__20260514T120331Z,1,2,0.22445203363895416,0.267447829246521,0.508100152015686
gue_splice_reconstructed_frozen__InstaDeepAI_nucleotide-transformer-v2-500m-multi-species__20260514T120331Z,2,2,0.3787444829940796,0.22372858226299286,0.39752694964408875
gue_splice_reconstructed_frozen__InstaDeepAI_nucleotide-transformer-v2-500m-multi-species__20260514T120331Z,2,2,0.16616274416446686,0.2790781259536743,0.55475914478302
gue_splice_reconstructed_frozen__InstaDeepAI_nucleotide-transformer-v2-500m-multi-species__20260514T120331Z,0,2,0.17747628688812256,0.2536650598049164,0.5688586235046387
gue_splice_reconstructed_frozen__InstaDeepAI_nucleotide-transformer-v2-500m-multi-species__20260514T120331Z,2,2,0.22797171771526337,0.3149849474430084,0.457043319940567
gue_splice_reconstructed_frozen__InstaDeepAI_nucleotide-transformer-v2-500m-multi-species__20260514T120331Z,2,1,0.1632700115442276,0.4318428039550781,0.40488719940185547
gue_splice_reconstructed_frozen__InstaDeepAI_nucleotide-transformer-v2-500m-multi-species__20260514T120331Z,2,2,0.1942894458770752,0.24159058928489685,0.5641199946403503
gue_splice_reconstructed_frozen__InstaDeepAI_nucleotide-transformer-v2-500m-multi-species__20260514T120331Z,2,2,0.22225800156593323,0.14024481177330017,0.6374971270561218
gue_splice_reconstructed_frozen__InstaDeepAI_nucleotide-transformer-v2-500m-multi-species__20260514T120331Z,2,2,0.22861768305301666,0.13243494927883148,0.6389473676681519
gue_splice_reconstructed_frozen__InstaDeepAI_nucleotide-transformer-v2-500m-multi-species__20260514T120331Z,2,2,0.22165673971176147,0.33504393696784973,0.4432993233203888
gue_splice_reconstructed_frozen__InstaDeepAI_nucleotide-transformer-v2-500m-multi-species__20260514T120331Z,0,2,0.15113265812397003,0.2006586641073227,0.6482086777687073
gue_splice_reconstructed_frozen__InstaDeepAI_nucleotide-transformer-v2-500m-multi-species__20260514T120331Z,2,2,0.1604224443435669,0.2547788619995117,0.5847986340522766
gue_splice_reconstructed_frozen__InstaDeepAI_nucleotide-transformer-v2-500m-multi-species__20260514T120331Z,1,2,0.176042839884758,0.15730372071266174,0.6666533946990967
gue_splice_reconstructed_frozen__InstaDeepAI_nucleotide-transformer-v2-500m-multi-species__20260514T120331Z,2,2,0.19408147037029266,0.16986046731472015,0.6360580325126648
gue_splice_reconstructed_frozen__InstaDeepAI_nucleotide-transformer-v2-500m-multi-species__20260514T120331Z,2,2,0.2697180509567261,0.3450588583946228,0.38522306084632874
gue_splice_reconstructed_frozen__InstaDeepAI_nucleotide-transformer-v2-500m-multi-species__20260514T120331Z,2,2,0.18627755343914032,0.19800116121768951,0.6157212853431702
gue_splice_reconstructed_frozen__InstaDeepAI_nucleotide-transformer-v2-500m-multi-species__20260514T120331Z,2,2,0.27158597111701965,0.1305631399154663,0.5978508591651917
gue_splice_reconstructed_frozen__InstaDeepAI_nucleotide-transformer-v2-500m-multi-species__20260514T120331Z,0,2,0.26882481575012207,0.1972053498029709,0.5339698195457458
gue_splice_reconstructed_frozen__InstaDeepAI_nucleotide-transformer-v2-500m-multi-species__20260514T120331Z,0,2,0.21616989374160767,0.16330312192440033,0.6205269694328308
gue_splice_reconstructed_frozen__InstaDeepAI_nucleotide-transformer-v2-500m-multi-species__20260514T120331Z,2,2,0.17397212982177734,0.19646359980106354,0.6295642256736755
gue_splice_reconstructed_frozen__InstaDeepAI_nucleotide-transformer-v2-500m-multi-species__20260514T120331Z,1,2,0.2829473912715912,0.19780662655830383,0.519245982170105
gue_splice_reconstructed_frozen__InstaDeepAI_nucleotide-transformer-v2-500m-multi-species__20260514T120331Z,1,1,0.14856809377670288,0.501373827457428,0.35005807876586914
gue_splice_reconstructed_frozen__InstaDeepAI_nucleotide-transformer-v2-500m-multi-species__20260514T120331Z,2,2,0.1846884936094284,0.3357980251312256,0.479513555765152
gue_splice_reconstructed_frozen__InstaDeepAI_nucleotide-transformer-v2-500m-multi-species__20260514T120331Z,2,2,0.23156675696372986,0.21306903660297394,0.555364191532135
gue_splice_reconstructed_frozen__InstaDeepAI_nucleotide-transformer-v2-500m-multi-species__20260514T120331Z,1,1,0.19607102870941162,0.5258675217628479,0.27806147933006287
gue_splice_reconstructed_frozen__InstaDeepAI_nucleotide-transformer-v2-500m-multi-species__20260514T120331Z,2,2,0.16314204037189484,0.17502586543560028,0.6618320941925049
gue_splice_reconstructed_frozen__InstaDeepAI_nucleotide-transformer-v2-500m-multi-species__20260514T120331Z,2,2,0.23803994059562683,0.18183331191539764,0.5801267027854919
gue_splice_reconstructed_frozen__InstaDeepAI_nucleotide-transformer-v2-500m-multi-species__20260514T120331Z,1,2,0.22891472280025482,0.2781197428703308,0.49296557903289795
gue_splice_reconstructed_frozen__InstaDeepAI_nucleotide-transformer-v2-500m-multi-species__20260514T120331Z,1,2,0.14176936447620392,0.2557961642742157,0.6024344563484192
gue_splice_reconstructed_frozen__InstaDeepAI_nucleotide-transformer-v2-500m-multi-species__20260514T120331Z,2,2,0.2283925712108612,0.24983172118663788,0.5217757225036621
gue_splice_reconstructed_frozen__InstaDeepAI_nucleotide-transformer-v2-500m-multi-species__20260514T120331Z,2,2,0.18944069743156433,0.22959958016872406,0.5809597373008728
gue_splice_reconstructed_frozen__InstaDeepAI_nucleotide-transformer-v2-500m-multi-species__20260514T120331Z,2,2,0.22144408524036407,0.10912209749221802,0.6694337725639343
gue_splice_reconstructed_frozen__InstaDeepAI_nucleotide-transformer-v2-500m-multi-species__20260514T120331Z,2,2,0.24905891716480255,0.17418980598449707,0.5767512917518616
gue_splice_reconstructed_frozen__InstaDeepAI_nucleotide-transformer-v2-500m-multi-species__20260514T120331Z,2,2,0.1941906362771988,0.07535309344530106,0.7304562926292419
gue_splice_reconstructed_frozen__InstaDeepAI_nucleotide-transformer-v2-500m-multi-species__20260514T120331Z,2,2,0.23434190452098846,0.14051391184329987,0.6251441836357117
gue_splice_reconstructed_frozen__InstaDeepAI_nucleotide-transformer-v2-500m-multi-species__20260514T120331Z,0,2,0.25795188546180725,0.26731228828430176,0.4747357964515686
gue_splice_reconstructed_frozen__InstaDeepAI_nucleotide-transformer-v2-500m-multi-species__20260514T120331Z,2,2,0.1932796686887741,0.1633150428533554,0.6434053182601929
gue_splice_reconstructed_frozen__InstaDeepAI_nucleotide-transformer-v2-500m-multi-species__20260514T120331Z,2,2,0.25999215245246887,0.20598478615283966,0.5340230464935303
gue_splice_reconstructed_frozen__InstaDeepAI_nucleotide-transformer-v2-500m-multi-species__20260514T120331Z,2,2,0.32327723503112793,0.2075040638446808,0.4692186713218689
gue_splice_reconstructed_frozen__InstaDeepAI_nucleotide-transformer-v2-500m-multi-species__20260514T120331Z,2,2,0.3056901693344116,0.24732890725135803,0.44698092341423035
gue_splice_reconstructed_frozen__InstaDeepAI_nucleotide-transformer-v2-500m-multi-species__20260514T120331Z,2,2,0.15322153270244598,0.2874109447002411,0.5593674778938293
gue_splice_reconstructed_frozen__InstaDeepAI_nucleotide-transformer-v2-500m-multi-species__20260514T120331Z,2,2,0.21146108210086823,0.1949022263288498,0.593636691570282
gue_splice_reconstructed_frozen__InstaDeepAI_nucleotide-transformer-v2-500m-multi-species__20260514T120331Z,1,2,0.18224094808101654,0.1864715963602066,0.6312874555587769
gue_splice_reconstructed_frozen__InstaDeepAI_nucleotide-transformer-v2-500m-multi-species__20260514T120331Z,2,2,0.17762400209903717,0.2106764018535614,0.6116995811462402
gue_splice_reconstructed_frozen__InstaDeepAI_nucleotide-transformer-v2-500m-multi-species__20260514T120331Z,0,2,0.26274070143699646,0.22553102672100067,0.5117282271385193
gue_splice_reconstructed_frozen__InstaDeepAI_nucleotide-transformer-v2-500m-multi-species__20260514T120331Z,2,1,0.1710462123155594,0.43232598900794983,0.3966277837753296
gue_splice_reconstructed_frozen__InstaDeepAI_nucleotide-transformer-v2-500m-multi-species__20260514T120331Z,0,2,0.3573097884654999,0.21770040690898895,0.42498978972435
gue_splice_reconstructed_frozen__InstaDeepAI_nucleotide-transformer-v2-500m-multi-species__20260514T120331Z,2,2,0.2240995168685913,0.2028033435344696,0.5730971097946167
gue_splice_reconstructed_frozen__InstaDeepAI_nucleotide-transformer-v2-500m-multi-species__20260514T120331Z,2,1,0.22458809614181519,0.42442813515663147,0.3509838581085205
gue_splice_reconstructed_frozen__InstaDeepAI_nucleotide-transformer-v2-500m-multi-species__20260514T120331Z,1,2,0.18010878562927246,0.24047675728797913,0.579414427280426
gue_splice_reconstructed_frozen__InstaDeepAI_nucleotide-transformer-v2-500m-multi-species__20260514T120331Z,0,2,0.24694712460041046,0.2913569211959839,0.46169599890708923
gue_splice_reconstructed_frozen__InstaDeepAI_nucleotide-transformer-v2-500m-multi-species__20260514T120331Z,2,2,0.2011421024799347,0.35031089186668396,0.44854703545570374
gue_splice_reconstructed_frozen__InstaDeepAI_nucleotide-transformer-v2-500m-multi-species__20260514T120331Z,2,2,0.14215975999832153,0.2886819541454315,0.5691582560539246
gue_splice_reconstructed_frozen__InstaDeepAI_nucleotide-transformer-v2-500m-multi-species__20260514T120331Z,0,2,0.28131842613220215,0.284612774848938,0.4340687692165375
gue_splice_reconstructed_frozen__InstaDeepAI_nucleotide-transformer-v2-500m-multi-species__20260514T120331Z,0,2,0.278190553188324,0.21674759685993195,0.5050618052482605
gue_splice_reconstructed_frozen__InstaDeepAI_nucleotide-transformer-v2-500m-multi-species__20260514T120331Z,0,2,0.28464433550834656,0.28376835584640503,0.43158724904060364
gue_splice_reconstructed_frozen__InstaDeepAI_nucleotide-transformer-v2-500m-multi-species__20260514T120331Z,1,2,0.13500790297985077,0.27682387828826904,0.588168203830719
gue_splice_reconstructed_frozen__InstaDeepAI_nucleotide-transformer-v2-500m-multi-species__20260514T120331Z,1,1,0.22642882168293,0.45306435227394104,0.32050687074661255
gue_splice_reconstructed_frozen__InstaDeepAI_nucleotide-transformer-v2-500m-multi-species__20260514T120331Z,2,2,0.17948748171329498,0.19785168766975403,0.6226608753204346
gue_splice_reconstructed_frozen__InstaDeepAI_nucleotide-transformer-v2-500m-multi-species__20260514T120331Z,2,2,0.18436230719089508,0.08660422265529633,0.7290335297584534
gue_splice_reconstructed_frozen__InstaDeepAI_nucleotide-transformer-v2-500m-multi-species__20260514T120331Z,2,2,0.25468528270721436,0.24703027307987213,0.4982844591140747
gue_splice_reconstructed_frozen__InstaDeepAI_nucleotide-transformer-v2-500m-multi-species__20260514T120331Z,0,2,0.2704228162765503,0.2880042493343353,0.4415729343891144
gue_splice_reconstructed_frozen__InstaDeepAI_nucleotide-transformer-v2-500m-multi-species__20260514T120331Z,2,2,0.15429933369159698,0.3437098264694214,0.5019908547401428
gue_splice_reconstructed_frozen__InstaDeepAI_nucleotide-transformer-v2-500m-multi-species__20260514T120331Z,0,2,0.2762262225151062,0.2687426507472992,0.45503106713294983
gue_splice_reconstructed_frozen__InstaDeepAI_nucleotide-transformer-v2-500m-multi-species__20260514T120331Z,2,2,0.12766897678375244,0.182832732796669,0.6894983053207397
gue_splice_reconstructed_frozen__InstaDeepAI_nucleotide-transformer-v2-500m-multi-species__20260514T120331Z,2,2,0.15076665580272675,0.28024592995643616,0.5689874291419983
gue_splice_reconstructed_frozen__InstaDeepAI_nucleotide-transformer-v2-500m-multi-species__20260514T120331Z,2,2,0.09338711947202682,0.2583778500556946,0.648235023021698
gue_splice_reconstructed_frozen__InstaDeepAI_nucleotide-transformer-v2-500m-multi-species__20260514T120331Z,1,2,0.2769438326358795,0.26934221386909485,0.453713983297348
gue_splice_reconstructed_frozen__InstaDeepAI_nucleotide-transformer-v2-500m-multi-species__20260514T120331Z,0,1,0.17981821298599243,0.44668716192245483,0.37349456548690796
gue_splice_reconstructed_frozen__InstaDeepAI_nucleotide-transformer-v2-500m-multi-species__20260514T120331Z,1,2,0.17004038393497467,0.23238930106163025,0.5975703001022339
gue_splice_reconstructed_frozen__InstaDeepAI_nucleotide-transformer-v2-500m-multi-species__20260514T120331Z,1,2,0.24480542540550232,0.1955813467502594,0.5596132278442383
gue_splice_reconstructed_frozen__InstaDeepAI_nucleotide-transformer-v2-500m-multi-species__20260514T120331Z,2,2,0.16470369696617126,0.2005222886800766,0.6347740292549133
gue_splice_reconstructed_frozen__InstaDeepAI_nucleotide-transformer-v2-500m-multi-species__20260514T120331Z,2,2,0.15637215971946716,0.13559339940547943,0.7080344557762146
gue_splice_reconstructed_frozen__InstaDeepAI_nucleotide-transformer-v2-500m-multi-species__20260514T120331Z,1,2,0.09394427388906479,0.4456734359264374,0.46038228273391724
gue_splice_reconstructed_frozen__InstaDeepAI_nucleotide-transformer-v2-500m-multi-species__20260514T120331Z,2,2,0.18844762444496155,0.07928157597780228,0.7322707772254944
gue_splice_reconstructed_frozen__InstaDeepAI_nucleotide-transformer-v2-500m-multi-species__20260514T120331Z,2,2,0.22802874445915222,0.2753070890903473,0.4966641664505005
gue_splice_reconstructed_frozen__InstaDeepAI_nucleotide-transformer-v2-500m-multi-species__20260514T120331Z,1,2,0.19304241240024567,0.30916890501976013,0.497788667678833
gue_splice_reconstructed_frozen__InstaDeepAI_nucleotide-transformer-v2-500m-multi-species__20260514T120331Z,0,2,0.29395002126693726,0.26127704977989197,0.4447728991508484
gue_splice_reconstructed_frozen__InstaDeepAI_nucleotide-transformer-v2-500m-multi-species__20260514T120331Z,1,2,0.18140572309494019,0.1564960926771164,0.6620981693267822
gue_splice_reconstructed_frozen__InstaDeepAI_nucleotide-transformer-v2-500m-multi-species__20260514T120331Z,1,1,0.2013739049434662,0.4267250895500183,0.3719010353088379
gue_splice_reconstructed_frozen__InstaDeepAI_nucleotide-transformer-v2-500m-multi-species__20260514T120331Z,2,2,0.3108404576778412,0.30244219303131104,0.3867173492908478
gue_splice_reconstructed_frozen__InstaDeepAI_nucleotide-transformer-v2-500m-multi-species__20260514T120331Z,2,2,0.1311596781015396,0.10554424673318863,0.7632960081100464
gue_splice_reconstructed_frozen__InstaDeepAI_nucleotide-transformer-v2-500m-multi-species__20260514T120331Z,2,2,0.2710394561290741,0.16972608864307404,0.5592344403266907
gue_splice_reconstructed_frozen__InstaDeepAI_nucleotide-transformer-v2-500m-multi-species__20260514T120331Z,2,2,0.17581482231616974,0.08044477552175522,0.743740439414978
gue_splice_reconstructed_frozen__InstaDeepAI_nucleotide-transformer-v2-500m-multi-species__20260514T120331Z,2,2,0.1390211433172226,0.29672467708587646,0.5642542243003845
gue_splice_reconstructed_frozen__InstaDeepAI_nucleotide-transformer-v2-500m-multi-species__20260514T120331Z,0,2,0.30235910415649414,0.15953151881694794,0.5381094217300415
gue_splice_reconstructed_frozen__InstaDeepAI_nucleotide-transformer-v2-500m-multi-species__20260514T120331Z,2,2,0.12694138288497925,0.300803542137146,0.5722550749778748
gue_splice_reconstructed_frozen__InstaDeepAI_nucleotide-transformer-v2-500m-multi-species__20260514T120331Z,2,1,0.18218423426151276,0.4224550127983093,0.3953607678413391
gue_splice_reconstructed_frozen__InstaDeepAI_nucleotide-transformer-v2-500m-multi-species__20260514T120331Z,1,2,0.30219441652297974,0.2714936137199402,0.42631199955940247
gue_splice_reconstructed_frozen__InstaDeepAI_nucleotide-transformer-v2-500m-multi-species__20260514T120331Z,2,2,0.18239544332027435,0.3136255443096161,0.503978967666626
gue_splice_reconstructed_frozen__InstaDeepAI_nucleotide-transformer-v2-500m-multi-species__20260514T120331Z,2,2,0.09640129655599594,0.04856838285923004,0.8550302982330322
gue_splice_reconstructed_frozen__InstaDeepAI_nucleotide-transformer-v2-500m-multi-species__20260514T120331Z,1,2,0.2369196116924286,0.20702366530895233,0.5560567378997803
gue_splice_reconstructed_frozen__InstaDeepAI_nucleotide-transformer-v2-500m-multi-species__20260514T120331Z,2,2,0.12239004671573639,0.05096995830535889,0.8266400098800659
gue_splice_reconstructed_frozen__InstaDeepAI_nucleotide-transformer-v2-500m-multi-species__20260514T120331Z,1,2,0.23288093507289886,0.09947847574949265,0.6676405668258667
gue_splice_reconstructed_frozen__InstaDeepAI_nucleotide-transformer-v2-500m-multi-species__20260514T120331Z,2,2,0.14331795275211334,0.2887403666973114,0.5679416656494141
gue_splice_reconstructed_frozen__InstaDeepAI_nucleotide-transformer-v2-500m-multi-species__20260514T120331Z,2,2,0.17639200389385223,0.08440683037042618,0.7392011880874634
gue_splice_reconstructed_frozen__InstaDeepAI_nucleotide-transformer-v2-500m-multi-species__20260514T120331Z,1,2,0.18365642428398132,0.346672922372818,0.4696706533432007
gue_splice_reconstructed_frozen__InstaDeepAI_nucleotide-transformer-v2-500m-multi-species__20260514T120331Z,2,2,0.35052475333213806,0.24323153495788574,0.4062436819076538
gue_splice_reconstructed_frozen__InstaDeepAI_nucleotide-transformer-v2-500m-multi-species__20260514T120331Z,0,2,0.2049654722213745,0.2935278117656708,0.5015066862106323
gue_splice_reconstructed_frozen__InstaDeepAI_nucleotide-transformer-v2-500m-multi-species__20260514T120331Z,1,2,0.2636362910270691,0.2435857206583023,0.4927780032157898
gue_splice_reconstructed_frozen__InstaDeepAI_nucleotide-transformer-v2-500m-multi-species__20260514T120331Z,0,1,0.09004126489162445,0.461754709482193,0.44820404052734375
gue_splice_reconstructed_frozen__InstaDeepAI_nucleotide-transformer-v2-500m-multi-species__20260514T120331Z,0,2,0.38771337270736694,0.1629701554775238,0.4493164122104645
gue_splice_reconstructed_frozen__InstaDeepAI_nucleotide-transformer-v2-500m-multi-species__20260514T120331Z,1,2,0.2722129225730896,0.23354768753051758,0.4942394196987152
gue_splice_reconstructed_frozen__InstaDeepAI_nucleotide-transformer-v2-500m-multi-species__20260514T120331Z,2,2,0.15683865547180176,0.15149454772472382,0.6916667819023132
gue_splice_reconstructed_frozen__InstaDeepAI_nucleotide-transformer-v2-500m-multi-species__20260514T120331Z,0,2,0.20811299979686737,0.14865905046463013,0.6432279944419861
gue_splice_reconstructed_frozen__InstaDeepAI_nucleotide-transformer-v2-500m-multi-species__20260514T120331Z,2,2,0.21138803660869598,0.33138492703437805,0.45722696185112
gue_splice_reconstructed_frozen__InstaDeepAI_nucleotide-transformer-v2-500m-multi-species__20260514T120331Z,1,2,0.24362151324748993,0.2386762797832489,0.5177021622657776
gue_splice_reconstructed_frozen__InstaDeepAI_nucleotide-transformer-v2-500m-multi-species__20260514T120331Z,0,0,0.35379526019096375,0.2948412001132965,0.35136350989341736
gue_splice_reconstructed_frozen__InstaDeepAI_nucleotide-transformer-v2-500m-multi-species__20260514T120331Z,0,2,0.22556579113006592,0.21846579015254974,0.5559684038162231
gue_splice_reconstructed_frozen__InstaDeepAI_nucleotide-transformer-v2-500m-multi-species__20260514T120331Z,2,2,0.21137838065624237,0.3367421627044678,0.45187947154045105
gue_splice_reconstructed_frozen__InstaDeepAI_nucleotide-transformer-v2-500m-multi-species__20260514T120331Z,1,2,0.15649840235710144,0.29753515124320984,0.5459664463996887
gue_splice_reconstructed_frozen__InstaDeepAI_nucleotide-transformer-v2-500m-multi-species__20260514T120331Z,0,2,0.23878203332424164,0.17058734595775604,0.5906305909156799
gue_splice_reconstructed_frozen__InstaDeepAI_nucleotide-transformer-v2-500m-multi-species__20260514T120331Z,0,2,0.18008020520210266,0.06618314236402512,0.753736674785614
gue_splice_reconstructed_frozen__InstaDeepAI_nucleotide-transformer-v2-500m-multi-species__20260514T120331Z,2,2,0.12709194421768188,0.3650690019130707,0.5078390836715698
gue_splice_reconstructed_frozen__InstaDeepAI_nucleotide-transformer-v2-500m-multi-species__20260514T120331Z,1,1,0.16286276280879974,0.6107484698295593,0.22638873755931854
gue_splice_reconstructed_frozen__InstaDeepAI_nucleotide-transformer-v2-500m-multi-species__20260514T120331Z,2,2,0.25880172848701477,0.2673920691013336,0.4738062620162964
gue_splice_reconstructed_frozen__InstaDeepAI_nucleotide-transformer-v2-500m-multi-species__20260514T120331Z,2,2,0.14698269963264465,0.22812418639659882,0.624893069267273
gue_splice_reconstructed_frozen__InstaDeepAI_nucleotide-transformer-v2-500m-multi-species__20260514T120331Z,1,2,0.18333591520786285,0.37102749943733215,0.4456365406513214
gue_splice_reconstructed_frozen__InstaDeepAI_nucleotide-transformer-v2-500m-multi-species__20260514T120331Z,2,2,0.11765245348215103,0.15917131304740906,0.7231761813163757
gue_splice_reconstructed_frozen__InstaDeepAI_nucleotide-transformer-v2-500m-multi-species__20260514T120331Z,2,2,0.1706383228302002,0.21980039775371552,0.6095612645149231
gue_splice_reconstructed_frozen__InstaDeepAI_nucleotide-transformer-v2-500m-multi-species__20260514T120331Z,2,2,0.11046911776065826,0.08553081750869751,0.8040000796318054
gue_splice_reconstructed_frozen__InstaDeepAI_nucleotide-transformer-v2-500m-multi-species__20260514T120331Z,2,2,0.30360448360443115,0.09481309354305267,0.6015824675559998
gue_splice_reconstructed_frozen__InstaDeepAI_nucleotide-transformer-v2-500m-multi-species__20260514T120331Z,2,2,0.20938411355018616,0.2716255187988281,0.5189903974533081
gue_splice_reconstructed_frozen__InstaDeepAI_nucleotide-transformer-v2-500m-multi-species__20260514T120331Z,2,2,0.23231394588947296,0.30329978466033936,0.4643862247467041
gue_splice_reconstructed_frozen__InstaDeepAI_nucleotide-transformer-v2-500m-multi-species__20260514T120331Z,0,2,0.2653559446334839,0.22290724515914917,0.5117368102073669
gue_splice_reconstructed_frozen__InstaDeepAI_nucleotide-transformer-v2-500m-multi-species__20260514T120331Z,2,2,0.09199188649654388,0.11409511417150497,0.793912947177887
gue_splice_reconstructed_frozen__InstaDeepAI_nucleotide-transformer-v2-500m-multi-species__20260514T120331Z,0,2,0.13225719332695007,0.16419538855552673,0.7035474181175232
gue_splice_reconstructed_frozen__InstaDeepAI_nucleotide-transformer-v2-500m-multi-species__20260514T120331Z,2,2,0.1656063199043274,0.06526534259319305,0.7691283822059631
gue_splice_reconstructed_frozen__InstaDeepAI_nucleotide-transformer-v2-500m-multi-species__20260514T120331Z,0,2,0.26103445887565613,0.14855264127254486,0.5904129147529602
gue_splice_reconstructed_frozen__InstaDeepAI_nucleotide-transformer-v2-500m-multi-species__20260514T120331Z,0,2,0.25260263681411743,0.1656886488199234,0.5817087292671204
gue_splice_reconstructed_frozen__InstaDeepAI_nucleotide-transformer-v2-500m-multi-species__20260514T120331Z,0,2,0.2590881884098053,0.13026778399944305,0.6106439828872681
gue_splice_reconstructed_frozen__InstaDeepAI_nucleotide-transformer-v2-500m-multi-species__20260514T120331Z,2,2,0.24023783206939697,0.2466263473033905,0.5131357908248901
gue_splice_reconstructed_frozen__InstaDeepAI_nucleotide-transformer-v2-500m-multi-species__20260514T120331Z,1,2,0.2633298337459564,0.347113698720932,0.3895564675331116
gue_splice_reconstructed_frozen__InstaDeepAI_nucleotide-transformer-v2-500m-multi-species__20260514T120331Z,2,0,0.35883769392967224,0.29198235273361206,0.3491799533367157
gue_splice_reconstructed_frozen__InstaDeepAI_nucleotide-transformer-v2-500m-multi-species__20260514T120331Z,2,2,0.1433754563331604,0.047118883579969406,0.8095057010650635
gue_splice_reconstructed_frozen__InstaDeepAI_nucleotide-transformer-v2-500m-multi-species__20260514T120331Z,2,2,0.2596074044704437,0.23556870222091675,0.5048238635063171
gue_splice_reconstructed_frozen__InstaDeepAI_nucleotide-transformer-v2-500m-multi-species__20260514T120331Z,1,2,0.2724820375442505,0.13974475860595703,0.5877731442451477
gue_splice_reconstructed_frozen__InstaDeepAI_nucleotide-transformer-v2-500m-multi-species__20260514T120331Z,2,2,0.16624902188777924,0.2387082427740097,0.5950427651405334
gue_splice_reconstructed_frozen__InstaDeepAI_nucleotide-transformer-v2-500m-multi-species__20260514T120331Z,0,2,0.2198316603899002,0.2947075366973877,0.48546072840690613
gue_splice_reconstructed_frozen__InstaDeepAI_nucleotide-transformer-v2-500m-multi-species__20260514T120331Z,0,2,0.2814142405986786,0.17970946431159973,0.5388762354850769
gue_splice_reconstructed_frozen__InstaDeepAI_nucleotide-transformer-v2-500m-multi-species__20260514T120331Z,2,2,0.19932527840137482,0.17153573036193848,0.6291389465332031
gue_splice_reconstructed_frozen__InstaDeepAI_nucleotide-transformer-v2-500m-multi-species__20260514T120331Z,1,2,0.2143130749464035,0.25129249691963196,0.5343944430351257
gue_splice_reconstructed_frozen__InstaDeepAI_nucleotide-transformer-v2-500m-multi-species__20260514T120331Z,2,2,0.17843222618103027,0.22336745262145996,0.598200261592865
gue_splice_reconstructed_frozen__InstaDeepAI_nucleotide-transformer-v2-500m-multi-species__20260514T120331Z,2,2,0.18400399386882782,0.2774181067943573,0.5385779142379761
gue_splice_reconstructed_frozen__InstaDeepAI_nucleotide-transformer-v2-500m-multi-species__20260514T120331Z,1,2,0.2210203856229782,0.3740456998348236,0.4049338400363922
gue_splice_reconstructed_frozen__InstaDeepAI_nucleotide-transformer-v2-500m-multi-species__20260514T120331Z,1,2,0.29005753993988037,0.2859748601913452,0.423967570066452
gue_splice_reconstructed_frozen__InstaDeepAI_nucleotide-transformer-v2-500m-multi-species__20260514T120331Z,2,1,0.17545649409294128,0.41823500394821167,0.40630850195884705
gue_splice_reconstructed_frozen__InstaDeepAI_nucleotide-transformer-v2-500m-multi-species__20260514T120331Z,0,2,0.33789047598838806,0.09941800683736801,0.5626915693283081
gue_splice_reconstructed_frozen__InstaDeepAI_nucleotide-transformer-v2-500m-multi-species__20260514T120331Z,2,2,0.17828500270843506,0.08921065926551819,0.7325043678283691
gue_splice_reconstructed_frozen__InstaDeepAI_nucleotide-transformer-v2-500m-multi-species__20260514T120331Z,2,2,0.24748702347278595,0.21942199766635895,0.5330909490585327
gue_splice_reconstructed_frozen__InstaDeepAI_nucleotide-transformer-v2-500m-multi-species__20260514T120331Z,1,2,0.18906064331531525,0.22287669777870178,0.5880626440048218
gue_splice_reconstructed_frozen__InstaDeepAI_nucleotide-transformer-v2-500m-multi-species__20260514T120331Z,2,2,0.23316742479801178,0.1909339725971222,0.5758985877037048
gue_splice_reconstructed_frozen__InstaDeepAI_nucleotide-transformer-v2-500m-multi-species__20260514T120331Z,2,2,0.254654198884964,0.3390547037124634,0.40629103779792786
gue_splice_reconstructed_frozen__InstaDeepAI_nucleotide-transformer-v2-500m-multi-species__20260514T120331Z,2,2,0.1571340262889862,0.12369779497385025,0.7191681861877441
gue_splice_reconstructed_frozen__InstaDeepAI_nucleotide-transformer-v2-500m-multi-species__20260514T120331Z,2,2,0.037133898586034775,0.0649496465921402,0.8979164958000183
gue_splice_reconstructed_frozen__InstaDeepAI_nucleotide-transformer-v2-500m-multi-species__20260514T120331Z,2,2,0.301669716835022,0.33402496576309204,0.36430537700653076
gue_splice_reconstructed_frozen__InstaDeepAI_nucleotide-transformer-v2-500m-multi-species__20260514T120331Z,1,2,0.1533043384552002,0.24830646812915802,0.598389208316803
gue_splice_reconstructed_frozen__InstaDeepAI_nucleotide-transformer-v2-500m-multi-species__20260514T120331Z,1,2,0.31797561049461365,0.18342459201812744,0.4985997676849365
gue_splice_reconstructed_frozen__InstaDeepAI_nucleotide-transformer-v2-500m-multi-species__20260514T120331Z,0,1,0.09586480259895325,0.5761660933494568,0.32796910405158997
gue_splice_reconstructed_frozen__InstaDeepAI_nucleotide-transformer-v2-500m-multi-species__20260514T120331Z,2,2,0.1481781303882599,0.11548580974340439,0.7363361120223999
gue_splice_reconstructed_frozen__InstaDeepAI_nucleotide-transformer-v2-500m-multi-species__20260514T120331Z,2,2,0.21460506319999695,0.16524790227413177,0.6201470494270325
gue_splice_reconstructed_frozen__InstaDeepAI_nucleotide-transformer-v2-500m-multi-species__20260514T120331Z,2,2,0.2728141248226166,0.23383861780166626,0.4933472275733948
gue_splice_reconstructed_frozen__InstaDeepAI_nucleotide-transformer-v2-500m-multi-species__20260514T120331Z,2,2,0.13015468418598175,0.12049102038145065,0.7493543028831482
gue_splice_reconstructed_frozen__InstaDeepAI_nucleotide-transformer-v2-500m-multi-species__20260514T120331Z,2,2,0.2664163112640381,0.2589929401874542,0.4745906889438629
gue_splice_reconstructed_frozen__InstaDeepAI_nucleotide-transformer-v2-500m-multi-species__20260514T120331Z,2,2,0.1567445546388626,0.12411628663539886,0.7191391587257385
gue_splice_reconstructed_frozen__InstaDeepAI_nucleotide-transformer-v2-500m-multi-species__20260514T120331Z,1,2,0.3630717992782593,0.2323371320962906,0.4045911431312561
gue_splice_reconstructed_frozen__InstaDeepAI_nucleotide-transformer-v2-500m-multi-species__20260514T120331Z,2,2,0.29028236865997314,0.23388996720314026,0.475827693939209
gue_splice_reconstructed_frozen__InstaDeepAI_nucleotide-transformer-v2-500m-multi-species__20260514T120331Z,2,2,0.30592799186706543,0.17562070488929749,0.5184513330459595
gue_splice_reconstructed_frozen__InstaDeepAI_nucleotide-transformer-v2-500m-multi-species__20260514T120331Z,1,2,0.11258840560913086,0.37986013293266296,0.5075514912605286
gue_splice_reconstructed_frozen__InstaDeepAI_nucleotide-transformer-v2-500m-multi-species__20260514T120331Z,0,2,0.18204478919506073,0.2757950723171234,0.5421600937843323
gue_splice_reconstructed_frozen__InstaDeepAI_nucleotide-transformer-v2-500m-multi-species__20260514T120331Z,0,2,0.20457564294338226,0.2286389023065567,0.566785454750061
gue_splice_reconstructed_frozen__InstaDeepAI_nucleotide-transformer-v2-500m-multi-species__20260514T120331Z,0,2,0.18307067453861237,0.21298876404762268,0.6039405465126038
gue_splice_reconstructed_frozen__InstaDeepAI_nucleotide-transformer-v2-500m-multi-species__20260514T120331Z,2,2,0.1793675571680069,0.37047237157821655,0.45016002655029297
gue_splice_reconstructed_frozen__InstaDeepAI_nucleotide-transformer-v2-500m-multi-species__20260514T120331Z,2,2,0.18487387895584106,0.16479192674160004,0.6503341794013977
gue_splice_reconstructed_frozen__InstaDeepAI_nucleotide-transformer-v2-500m-multi-species__20260514T120331Z,2,2,0.3292125165462494,0.2834008038043976,0.38738662004470825
gue_splice_reconstructed_frozen__InstaDeepAI_nucleotide-transformer-v2-500m-multi-species__20260514T120331Z,1,2,0.2368401288986206,0.19750119745731354,0.5656586289405823
gue_splice_reconstructed_frozen__InstaDeepAI_nucleotide-transformer-v2-500m-multi-species__20260514T120331Z,2,2,0.23412515223026276,0.3146969676017761,0.4511778950691223
gue_splice_reconstructed_frozen__InstaDeepAI_nucleotide-transformer-v2-500m-multi-species__20260514T120331Z,1,2,0.18894672393798828,0.3186841905117035,0.4923691153526306
gue_splice_reconstructed_frozen__InstaDeepAI_nucleotide-transformer-v2-500m-multi-species__20260514T120331Z,0,0,0.43377333879470825,0.2183813452720642,0.3478453457355499
gue_splice_reconstructed_frozen__InstaDeepAI_nucleotide-transformer-v2-500m-multi-species__20260514T120331Z,2,1,0.1174284964799881,0.5665469765663147,0.3160245418548584
gue_splice_reconstructed_frozen__InstaDeepAI_nucleotide-transformer-v2-500m-multi-species__20260514T120331Z,2,2,0.23040127754211426,0.08399000018835068,0.6856087446212769
gue_splice_reconstructed_frozen__InstaDeepAI_nucleotide-transformer-v2-500m-multi-species__20260514T120331Z,1,2,0.29067477583885193,0.24970705807209015,0.45961812138557434
gue_splice_reconstructed_frozen__InstaDeepAI_nucleotide-transformer-v2-500m-multi-species__20260514T120331Z,2,2,0.17560455203056335,0.14280036091804504,0.6815951466560364
gue_splice_reconstructed_frozen__InstaDeepAI_nucleotide-transformer-v2-500m-multi-species__20260514T120331Z,2,2,0.14052894711494446,0.20233312249183655,0.657137930393219
gue_splice_reconstructed_frozen__InstaDeepAI_nucleotide-transformer-v2-500m-multi-species__20260514T120331Z,2,2,0.18258792161941528,0.27878743410110474,0.53862464427948
gue_splice_reconstructed_frozen__InstaDeepAI_nucleotide-transformer-v2-500m-multi-species__20260514T120331Z,1,2,0.19657950103282928,0.2308368980884552,0.5725836157798767
gue_splice_reconstructed_frozen__InstaDeepAI_nucleotide-transformer-v2-500m-multi-species__20260514T120331Z,0,2,0.28470245003700256,0.14514577388763428,0.5701518058776855
gue_splice_reconstructed_frozen__InstaDeepAI_nucleotide-transformer-v2-500m-multi-species__20260514T120331Z,2,2,0.23203976452350616,0.25778692960739136,0.5101733207702637
gue_splice_reconstructed_frozen__InstaDeepAI_nucleotide-transformer-v2-500m-multi-species__20260514T120331Z,2,2,0.12397275865077972,0.26192623376846313,0.6141010522842407
gue_splice_reconstructed_frozen__InstaDeepAI_nucleotide-transformer-v2-500m-multi-species__20260514T120331Z,2,2,0.16679833829402924,0.09455282241106033,0.7386488914489746
gue_splice_reconstructed_frozen__InstaDeepAI_nucleotide-transformer-v2-500m-multi-species__20260514T120331Z,2,2,0.2701442837715149,0.0784822329878807,0.6513735055923462
gue_splice_reconstructed_frozen__InstaDeepAI_nucleotide-transformer-v2-500m-multi-species__20260514T120331Z,0,2,0.27091020345687866,0.3187527060508728,0.4103371202945709
gue_splice_reconstructed_frozen__InstaDeepAI_nucleotide-transformer-v2-500m-multi-species__20260514T120331Z,2,1,0.22430741786956787,0.45789530873298645,0.31779733300209045
gue_splice_reconstructed_frozen__InstaDeepAI_nucleotide-transformer-v2-500m-multi-species__20260514T120331Z,0,2,0.20742224156856537,0.30295106768608093,0.4896267056465149
gue_splice_reconstructed_frozen__InstaDeepAI_nucleotide-transformer-v2-500m-multi-species__20260514T120331Z,2,2,0.15958063304424286,0.15060913562774658,0.6898102760314941
gue_splice_reconstructed_frozen__InstaDeepAI_nucleotide-transformer-v2-500m-multi-species__20260514T120331Z,2,2,0.2155710607767105,0.13532975316047668,0.6490991711616516
gue_splice_reconstructed_frozen__InstaDeepAI_nucleotide-transformer-v2-500m-multi-species__20260514T120331Z,2,1,0.18141457438468933,0.4308565557003021,0.3877289295196533
gue_splice_reconstructed_frozen__InstaDeepAI_nucleotide-transformer-v2-500m-multi-species__20260514T120331Z,2,2,0.2505604922771454,0.1622907668352127,0.5871487259864807
gue_splice_reconstructed_frozen__InstaDeepAI_nucleotide-transformer-v2-500m-multi-species__20260514T120331Z,2,2,0.21770082414150238,0.27650025486946106,0.5057989358901978
gue_splice_reconstructed_frozen__InstaDeepAI_nucleotide-transformer-v2-500m-multi-species__20260514T120331Z,0,1,0.26744669675827026,0.37679216265678406,0.35576117038726807
gue_splice_reconstructed_frozen__InstaDeepAI_nucleotide-transformer-v2-500m-multi-species__20260514T120331Z,0,2,0.1756696254014969,0.1020427867770195,0.7222875952720642
gue_splice_reconstructed_frozen__InstaDeepAI_nucleotide-transformer-v2-500m-multi-species__20260514T120331Z,1,2,0.13442133367061615,0.10291355848312378,0.7626650929450989
gue_splice_reconstructed_frozen__InstaDeepAI_nucleotide-transformer-v2-500m-multi-species__20260514T120331Z,1,2,0.1579264998435974,0.39644601941108704,0.44562745094299316
gue_splice_reconstructed_frozen__InstaDeepAI_nucleotide-transformer-v2-500m-multi-species__20260514T120331Z,2,2,0.1344842165708542,0.17247051000595093,0.6930453181266785
gue_splice_reconstructed_frozen__InstaDeepAI_nucleotide-transformer-v2-500m-multi-species__20260514T120331Z,2,2,0.20268450677394867,0.18567617237567902,0.6116393208503723
gue_splice_reconstructed_frozen__InstaDeepAI_nucleotide-transformer-v2-500m-multi-species__20260514T120331Z,2,2,0.16444829106330872,0.1423528790473938,0.6931988000869751
gue_splice_reconstructed_frozen__InstaDeepAI_nucleotide-transformer-v2-500m-multi-species__20260514T120331Z,2,2,0.24587523937225342,0.19562245905399323,0.5585023164749146
gue_splice_reconstructed_frozen__InstaDeepAI_nucleotide-transformer-v2-500m-multi-species__20260514T120331Z,2,2,0.17070940136909485,0.18598313629627228,0.6433075070381165
gue_splice_reconstructed_frozen__InstaDeepAI_nucleotide-transformer-v2-500m-multi-species__20260514T120331Z,2,2,0.20530153810977936,0.11609530448913574,0.6786031126976013
gue_splice_reconstructed_frozen__InstaDeepAI_nucleotide-transformer-v2-500m-multi-species__20260514T120331Z,2,2,0.21995723247528076,0.1975538730621338,0.5824888944625854
gue_splice_reconstructed_frozen__InstaDeepAI_nucleotide-transformer-v2-500m-multi-species__20260514T120331Z,2,2,0.17941075563430786,0.24468716979026794,0.5759020447731018
gue_splice_reconstructed_frozen__InstaDeepAI_nucleotide-transformer-v2-500m-multi-species__20260514T120331Z,2,2,0.09339316189289093,0.09546796977519989,0.8111388087272644
gue_splice_reconstructed_frozen__InstaDeepAI_nucleotide-transformer-v2-500m-multi-species__20260514T120331Z,2,2,0.254160612821579,0.1306072622537613,0.6152321100234985
gue_splice_reconstructed_frozen__InstaDeepAI_nucleotide-transformer-v2-500m-multi-species__20260514T120331Z,2,2,0.27229222655296326,0.20024946331977844,0.5274583101272583
gue_splice_reconstructed_frozen__InstaDeepAI_nucleotide-transformer-v2-500m-multi-species__20260514T120331Z,2,2,0.2382216453552246,0.36399924755096436,0.3977791368961334
gue_splice_reconstructed_frozen__InstaDeepAI_nucleotide-transformer-v2-500m-multi-species__20260514T120331Z,0,2,0.36900657415390015,0.17198146879673004,0.45901191234588623
gue_splice_reconstructed_frozen__InstaDeepAI_nucleotide-transformer-v2-500m-multi-species__20260514T120331Z,2,2,0.2709170877933502,0.06288082897663116,0.6662020683288574
gue_splice_reconstructed_frozen__InstaDeepAI_nucleotide-transformer-v2-500m-multi-species__20260514T120331Z,2,2,0.31509554386138916,0.18770483136177063,0.497199684381485
gue_splice_reconstructed_frozen__InstaDeepAI_nucleotide-transformer-v2-500m-multi-species__20260514T120331Z,2,2,0.21142248809337616,0.15692414343357086,0.631653368473053
gue_splice_reconstructed_frozen__InstaDeepAI_nucleotide-transformer-v2-500m-multi-species__20260514T120331Z,1,2,0.1995297074317932,0.22226563096046448,0.5782046914100647
gue_splice_reconstructed_frozen__InstaDeepAI_nucleotide-transformer-v2-500m-multi-species__20260514T120331Z,2,2,0.23786592483520508,0.29499179124832153,0.467142254114151
gue_splice_reconstructed_frozen__InstaDeepAI_nucleotide-transformer-v2-500m-multi-species__20260514T120331Z,0,2,0.1465771496295929,0.07236634194850922,0.7810565233230591
gue_splice_reconstructed_frozen__InstaDeepAI_nucleotide-transformer-v2-500m-multi-species__20260514T120331Z,2,2,0.12808434665203094,0.25123661756515503,0.6206790208816528
gue_splice_reconstructed_frozen__InstaDeepAI_nucleotide-transformer-v2-500m-multi-species__20260514T120331Z,1,2,0.13040046393871307,0.19825530052185059,0.6713442802429199
gue_splice_reconstructed_frozen__InstaDeepAI_nucleotide-transformer-v2-500m-multi-species__20260514T120331Z,2,2,0.17243218421936035,0.284639835357666,0.5429279804229736
gue_splice_reconstructed_frozen__InstaDeepAI_nucleotide-transformer-v2-500m-multi-species__20260514T120331Z,2,2,0.17637105286121368,0.3293461799621582,0.4942827522754669
gue_splice_reconstructed_frozen__InstaDeepAI_nucleotide-transformer-v2-500m-multi-species__20260514T120331Z,0,2,0.14241763949394226,0.42528432607650757,0.43229809403419495
gue_splice_reconstructed_frozen__InstaDeepAI_nucleotide-transformer-v2-500m-multi-species__20260514T120331Z,1,2,0.18094022572040558,0.24962106347084045,0.5694386959075928
gue_splice_reconstructed_frozen__InstaDeepAI_nucleotide-transformer-v2-500m-multi-species__20260514T120331Z,1,2,0.24420824646949768,0.2904384732246399,0.46535322070121765
gue_splice_reconstructed_frozen__InstaDeepAI_nucleotide-transformer-v2-500m-multi-species__20260514T120331Z,1,2,0.196981281042099,0.3136966824531555,0.4893220365047455
gue_splice_reconstructed_frozen__InstaDeepAI_nucleotide-transformer-v2-500m-multi-species__20260514T120331Z,2,2,0.26812461018562317,0.22850081324577332,0.5033746361732483
gue_splice_reconstructed_frozen__InstaDeepAI_nucleotide-transformer-v2-500m-multi-species__20260514T120331Z,0,2,0.16909556090831757,0.08308737725019455,0.7478170394897461
gue_splice_reconstructed_frozen__InstaDeepAI_nucleotide-transformer-v2-500m-multi-species__20260514T120331Z,2,2,0.162164106965065,0.10518782585859299,0.7326480746269226
gue_splice_reconstructed_frozen__InstaDeepAI_nucleotide-transformer-v2-500m-multi-species__20260514T120331Z,1,2,0.11686316877603531,0.4141136407852173,0.4690231680870056
gue_splice_reconstructed_frozen__InstaDeepAI_nucleotide-transformer-v2-500m-multi-species__20260514T120331Z,1,2,0.14848212897777557,0.3550613820552826,0.49645647406578064
gue_splice_reconstructed_frozen__InstaDeepAI_nucleotide-transformer-v2-500m-multi-species__20260514T120331Z,2,2,0.17441515624523163,0.1739049106836319,0.6516799330711365
gue_splice_reconstructed_frozen__InstaDeepAI_nucleotide-transformer-v2-500m-multi-species__20260514T120331Z,1,2,0.13963672518730164,0.24545928835868835,0.61490398645401
gue_splice_reconstructed_frozen__InstaDeepAI_nucleotide-transformer-v2-500m-multi-species__20260514T120331Z,2,2,0.16526536643505096,0.07008888572454453,0.7646458148956299
gue_splice_reconstructed_frozen__InstaDeepAI_nucleotide-transformer-v2-500m-multi-species__20260514T120331Z,2,2,0.19061775505542755,0.23246890306472778,0.5769132971763611
gue_splice_reconstructed_frozen__InstaDeepAI_nucleotide-transformer-v2-500m-multi-species__20260514T120331Z,0,2,0.25788459181785583,0.21766485273838043,0.5244505405426025
gue_splice_reconstructed_frozen__InstaDeepAI_nucleotide-transformer-v2-500m-multi-species__20260514T120331Z,2,2,0.26706594228744507,0.1971866935491562,0.5357473492622375
gue_splice_reconstructed_frozen__InstaDeepAI_nucleotide-transformer-v2-500m-multi-species__20260514T120331Z,2,2,0.193623349070549,0.16292783617973328,0.6434488296508789
gue_splice_reconstructed_frozen__InstaDeepAI_nucleotide-transformer-v2-500m-multi-species__20260514T120331Z,2,2,0.15508531033992767,0.18202273547649384,0.6628919839859009
gue_splice_reconstructed_frozen__InstaDeepAI_nucleotide-transformer-v2-500m-multi-species__20260514T120331Z,2,2,0.2377135008573532,0.26944276690483093,0.49284371733665466
gue_splice_reconstructed_frozen__InstaDeepAI_nucleotide-transformer-v2-500m-multi-species__20260514T120331Z,2,2,0.14105135202407837,0.07491181045770645,0.7840368747711182
gue_splice_reconstructed_frozen__InstaDeepAI_nucleotide-transformer-v2-500m-multi-species__20260514T120331Z,0,2,0.3336430788040161,0.1884060651063919,0.477950781583786
gue_splice_reconstructed_frozen__InstaDeepAI_nucleotide-transformer-v2-500m-multi-species__20260514T120331Z,2,2,0.31356924772262573,0.2688327729701996,0.4175979793071747
gue_splice_reconstructed_frozen__InstaDeepAI_nucleotide-transformer-v2-500m-multi-species__20260514T120331Z,2,2,0.21944256126880646,0.2803288996219635,0.5002285838127136
gue_splice_reconstructed_frozen__InstaDeepAI_nucleotide-transformer-v2-500m-multi-species__20260514T120331Z,2,2,0.29577505588531494,0.1230718195438385,0.581153154373169
gue_splice_reconstructed_frozen__InstaDeepAI_nucleotide-transformer-v2-500m-multi-species__20260514T120331Z,2,2,0.1484418362379074,0.4026211202144623,0.4489370584487915
gue_splice_reconstructed_frozen__InstaDeepAI_nucleotide-transformer-v2-500m-multi-species__20260514T120331Z,2,2,0.26279208064079285,0.15305620431900024,0.5841517448425293
gue_splice_reconstructed_frozen__InstaDeepAI_nucleotide-transformer-v2-500m-multi-species__20260514T120331Z,0,2,0.3421734571456909,0.2587120234966278,0.3991145193576813
gue_splice_reconstructed_frozen__InstaDeepAI_nucleotide-transformer-v2-500m-multi-species__20260514T120331Z,0,2,0.32990553975105286,0.13303381204605103,0.5370606780052185
gue_splice_reconstructed_frozen__InstaDeepAI_nucleotide-transformer-v2-500m-multi-species__20260514T120331Z,1,2,0.20096220076084137,0.20952953398227692,0.5895082354545593
gue_splice_reconstructed_frozen__InstaDeepAI_nucleotide-transformer-v2-500m-multi-species__20260514T120331Z,2,2,0.17744052410125732,0.14468137919902802,0.6778780817985535
gue_splice_reconstructed_frozen__InstaDeepAI_nucleotide-transformer-v2-500m-multi-species__20260514T120331Z,1,2,0.19343429803848267,0.33373531699180603,0.4728303849697113
gue_splice_reconstructed_frozen__InstaDeepAI_nucleotide-transformer-v2-500m-multi-species__20260514T120331Z,2,2,0.15021193027496338,0.20804010331630707,0.6417479515075684
gue_splice_reconstructed_frozen__InstaDeepAI_nucleotide-transformer-v2-500m-multi-species__20260514T120331Z,2,2,0.20955784618854523,0.31005629897117615,0.48038583993911743
gue_splice_reconstructed_frozen__InstaDeepAI_nucleotide-transformer-v2-500m-multi-species__20260514T120331Z,0,2,0.2517419755458832,0.18716441094875336,0.5610936284065247
gue_splice_reconstructed_frozen__InstaDeepAI_nucleotide-transformer-v2-500m-multi-species__20260514T120331Z,1,2,0.23412153124809265,0.24873478710651398,0.5171436667442322
gue_splice_reconstructed_frozen__InstaDeepAI_nucleotide-transformer-v2-500m-multi-species__20260514T120331Z,0,2,0.21616989374160767,0.16330312192440033,0.6205269694328308
gue_splice_reconstructed_frozen__InstaDeepAI_nucleotide-transformer-v2-500m-multi-species__20260514T120331Z,1,2,0.30299556255340576,0.22580711543560028,0.47119730710983276
gue_splice_reconstructed_frozen__InstaDeepAI_nucleotide-transformer-v2-500m-multi-species__20260514T120331Z,0,2,0.19994525611400604,0.19209778308868408,0.6079570055007935
gue_splice_reconstructed_frozen__InstaDeepAI_nucleotide-transformer-v2-500m-multi-species__20260514T120331Z,1,2,0.2539196312427521,0.09799038618803024,0.6480899453163147
gue_splice_reconstructed_frozen__InstaDeepAI_nucleotide-transformer-v2-500m-multi-species__20260514T120331Z,0,2,0.34974026679992676,0.13072030246257782,0.5195394158363342
gue_splice_reconstructed_frozen__InstaDeepAI_nucleotide-transformer-v2-500m-multi-species__20260514T120331Z,1,2,0.22549676895141602,0.2868785560131073,0.4876247048377991
gue_splice_reconstructed_frozen__InstaDeepAI_nucleotide-transformer-v2-500m-multi-species__20260514T120331Z,2,2,0.17514543235301971,0.1179608702659607,0.7068936824798584
gue_splice_reconstructed_frozen__InstaDeepAI_nucleotide-transformer-v2-500m-multi-species__20260514T120331Z,2,2,0.08849213272333145,0.07763778418302536,0.8338701128959656
gue_splice_reconstructed_frozen__InstaDeepAI_nucleotide-transformer-v2-500m-multi-species__20260514T120331Z,2,2,0.2880811393260956,0.13545840978622437,0.5764604210853577
gue_splice_reconstructed_frozen__InstaDeepAI_nucleotide-transformer-v2-500m-multi-species__20260514T120331Z,2,2,0.20139870047569275,0.2681158781051636,0.5304853916168213
gue_splice_reconstructed_frozen__InstaDeepAI_nucleotide-transformer-v2-500m-multi-species__20260514T120331Z,1,2,0.12418117374181747,0.3004882335662842,0.5753305554389954
gue_splice_reconstructed_frozen__InstaDeepAI_nucleotide-transformer-v2-500m-multi-species__20260514T120331Z,0,2,0.3024332821369171,0.22127839922904968,0.4762882590293884
gue_splice_reconstructed_frozen__InstaDeepAI_nucleotide-transformer-v2-500m-multi-species__20260514T120331Z,2,2,0.2626819908618927,0.2450483739376068,0.4922695457935333
gue_splice_reconstructed_frozen__InstaDeepAI_nucleotide-transformer-v2-500m-multi-species__20260514T120331Z,0,2,0.18250764906406403,0.09803574532270432,0.7194566130638123
gue_splice_reconstructed_frozen__InstaDeepAI_nucleotide-transformer-v2-500m-multi-species__20260514T120331Z,2,2,0.2217484712600708,0.30211538076400757,0.476136177778244
gue_splice_reconstructed_frozen__InstaDeepAI_nucleotide-transformer-v2-500m-multi-species__20260514T120331Z,1,2,0.3129775822162628,0.21492956578731537,0.4720928370952606
gue_splice_reconstructed_frozen__InstaDeepAI_nucleotide-transformer-v2-500m-multi-species__20260514T120331Z,1,2,0.16512587666511536,0.2299833446741104,0.604890763759613
gue_splice_reconstructed_frozen__InstaDeepAI_nucleotide-transformer-v2-500m-multi-species__20260514T120331Z,2,2,0.24591046571731567,0.24630102515220642,0.5077885389328003
gue_splice_reconstructed_frozen__InstaDeepAI_nucleotide-transformer-v2-500m-multi-species__20260514T120331Z,2,2,0.18482479453086853,0.3298882842063904,0.4852869510650635
gue_splice_reconstructed_frozen__InstaDeepAI_nucleotide-transformer-v2-500m-multi-species__20260514T120331Z,2,2,0.12049613147974014,0.27440789341926575,0.6050959825515747
gue_splice_reconstructed_frozen__InstaDeepAI_nucleotide-transformer-v2-500m-multi-species__20260514T120331Z,1,2,0.2328622043132782,0.2346312552690506,0.5325065851211548
gue_splice_reconstructed_frozen__InstaDeepAI_nucleotide-transformer-v2-500m-multi-species__20260514T120331Z,0,2,0.26666930317878723,0.3235943615436554,0.4097362756729126
gue_splice_reconstructed_frozen__InstaDeepAI_nucleotide-transformer-v2-500m-multi-species__20260514T120331Z,2,2,0.23313486576080322,0.17522916197776794,0.5916360020637512
gue_splice_reconstructed_frozen__InstaDeepAI_nucleotide-transformer-v2-500m-multi-species__20260514T120331Z,1,2,0.2645755112171173,0.2680375874042511,0.4673869013786316
gue_splice_reconstructed_frozen__InstaDeepAI_nucleotide-transformer-v2-500m-multi-species__20260514T120331Z,0,2,0.24441544711589813,0.3392103910446167,0.4163741171360016
gue_splice_reconstructed_frozen__InstaDeepAI_nucleotide-transformer-v2-500m-multi-species__20260514T120331Z,1,2,0.20284216105937958,0.2706398069858551,0.5265180468559265
gue_splice_reconstructed_frozen__InstaDeepAI_nucleotide-transformer-v2-500m-multi-species__20260514T120331Z,1,2,0.19323936104774475,0.36926430463790894,0.4374963343143463
gue_splice_reconstructed_frozen__InstaDeepAI_nucleotide-transformer-v2-500m-multi-species__20260514T120331Z,2,2,0.22016392648220062,0.08750569820404053,0.6923303604125977
gue_splice_reconstructed_frozen__InstaDeepAI_nucleotide-transformer-v2-500m-multi-species__20260514T120331Z,2,2,0.1441376656293869,0.10321192443370819,0.7526504397392273
gue_splice_reconstructed_frozen__InstaDeepAI_nucleotide-transformer-v2-500m-multi-species__20260514T120331Z,2,2,0.1927948296070099,0.26252394914627075,0.5446812510490417
gue_splice_reconstructed_frozen__InstaDeepAI_nucleotide-transformer-v2-500m-multi-species__20260514T120331Z,1,2,0.2225903570652008,0.3268856704235077,0.4505239427089691
gue_splice_reconstructed_frozen__InstaDeepAI_nucleotide-transformer-v2-500m-multi-species__20260514T120331Z,1,2,0.2018444538116455,0.2677924633026123,0.5303630828857422
gue_splice_reconstructed_frozen__InstaDeepAI_nucleotide-transformer-v2-500m-multi-species__20260514T120331Z,2,2,0.2485874444246292,0.33647677302360535,0.414935827255249
gue_splice_reconstructed_frozen__InstaDeepAI_nucleotide-transformer-v2-500m-multi-species__20260514T120331Z,1,2,0.2483425885438919,0.23702803254127502,0.5146293640136719
gue_splice_reconstructed_frozen__InstaDeepAI_nucleotide-transformer-v2-500m-multi-species__20260514T120331Z,2,2,0.23664875328540802,0.06798229366540909,0.6953689455986023
gue_splice_reconstructed_frozen__InstaDeepAI_nucleotide-transformer-v2-500m-multi-species__20260514T120331Z,1,1,0.19390001893043518,0.4996340572834015,0.30646586418151855
gue_splice_reconstructed_frozen__InstaDeepAI_nucleotide-transformer-v2-500m-multi-species__20260514T120331Z,2,2,0.18356522917747498,0.21937721967697144,0.5970575213432312
gue_splice_reconstructed_frozen__InstaDeepAI_nucleotide-transformer-v2-500m-multi-species__20260514T120331Z,2,2,0.23024943470954895,0.2645629644393921,0.5051876306533813
gue_splice_reconstructed_frozen__InstaDeepAI_nucleotide-transformer-v2-500m-multi-species__20260514T120331Z,2,2,0.2529134750366211,0.2897897958755493,0.457296758890152
gue_splice_reconstructed_frozen__InstaDeepAI_nucleotide-transformer-v2-500m-multi-species__20260514T120331Z,2,2,0.19007335603237152,0.23788215219974518,0.5720444917678833
gue_splice_reconstructed_frozen__InstaDeepAI_nucleotide-transformer-v2-500m-multi-species__20260514T120331Z,2,1,0.27086493372917175,0.430574893951416,0.29856011271476746
gue_splice_reconstructed_frozen__InstaDeepAI_nucleotide-transformer-v2-500m-multi-species__20260514T120331Z,2,2,0.24942350387573242,0.28754061460494995,0.4630358815193176
gue_splice_reconstructed_frozen__InstaDeepAI_nucleotide-transformer-v2-500m-multi-species__20260514T120331Z,2,2,0.17064297199249268,0.40845274925231934,0.4209043085575104
gue_splice_reconstructed_frozen__InstaDeepAI_nucleotide-transformer-v2-500m-multi-species__20260514T120331Z,2,2,0.30225619673728943,0.19949889183044434,0.498244971036911
gue_splice_reconstructed_frozen__InstaDeepAI_nucleotide-transformer-v2-500m-multi-species__20260514T120331Z,1,2,0.20555800199508667,0.19614481925964355,0.5982972383499146
gue_splice_reconstructed_frozen__InstaDeepAI_nucleotide-transformer-v2-500m-multi-species__20260514T120331Z,2,2,0.2055407613515854,0.044226691126823425,0.7502325177192688
gue_splice_reconstructed_frozen__InstaDeepAI_nucleotide-transformer-v2-500m-multi-species__20260514T120331Z,1,2,0.16555187106132507,0.18191196024417877,0.652536153793335
gue_splice_reconstructed_frozen__InstaDeepAI_nucleotide-transformer-v2-500m-multi-species__20260514T120331Z,1,2,0.20180891454219818,0.25042054057121277,0.5477705597877502
gue_splice_reconstructed_frozen__InstaDeepAI_nucleotide-transformer-v2-500m-multi-species__20260514T120331Z,2,2,0.28797274827957153,0.31636789441108704,0.3956594169139862
gue_splice_reconstructed_frozen__InstaDeepAI_nucleotide-transformer-v2-500m-multi-species__20260514T120331Z,0,2,0.22833563387393951,0.3072498142719269,0.46441450715065
gue_splice_reconstructed_frozen__InstaDeepAI_nucleotide-transformer-v2-500m-multi-species__20260514T120331Z,2,2,0.22455227375030518,0.21940407156944275,0.5560436248779297
gue_splice_reconstructed_frozen__InstaDeepAI_nucleotide-transformer-v2-500m-multi-species__20260514T120331Z,2,2,0.25129619240760803,0.2877390682697296,0.46096479892730713
gue_splice_reconstructed_frozen__InstaDeepAI_nucleotide-transformer-v2-500m-multi-species__20260514T120331Z,0,2,0.2002490907907486,0.38735902309417725,0.41239190101623535
gue_splice_reconstructed_frozen__InstaDeepAI_nucleotide-transformer-v2-500m-multi-species__20260514T120331Z,2,2,0.2692852318286896,0.21380369365215302,0.5169110298156738
gue_splice_reconstructed_frozen__InstaDeepAI_nucleotide-transformer-v2-500m-multi-species__20260514T120331Z,0,2,0.30709654092788696,0.20689654350280762,0.48600688576698303
gue_splice_reconstructed_frozen__InstaDeepAI_nucleotide-transformer-v2-500m-multi-species__20260514T120331Z,0,2,0.21571491658687592,0.20488403737545013,0.5794010758399963
gue_splice_reconstructed_frozen__InstaDeepAI_nucleotide-transformer-v2-500m-multi-species__20260514T120331Z,2,2,0.37747398018836975,0.15022210776805878,0.47230392694473267
gue_splice_reconstructed_frozen__InstaDeepAI_nucleotide-transformer-v2-500m-multi-species__20260514T120331Z,1,2,0.1617347151041031,0.33618003129959106,0.502085268497467
gue_splice_reconstructed_frozen__InstaDeepAI_nucleotide-transformer-v2-500m-multi-species__20260514T120331Z,2,2,0.2594238221645355,0.13743458688259125,0.6031416058540344
gue_splice_reconstructed_frozen__InstaDeepAI_nucleotide-transformer-v2-500m-multi-species__20260514T120331Z,1,1,0.13601885735988617,0.5749021768569946,0.2890789806842804
gue_splice_reconstructed_frozen__InstaDeepAI_nucleotide-transformer-v2-500m-multi-species__20260514T120331Z,0,2,0.20169876515865326,0.3359314203262329,0.4623698592185974
gue_splice_reconstructed_frozen__InstaDeepAI_nucleotide-transformer-v2-500m-multi-species__20260514T120331Z,2,2,0.32144057750701904,0.2130305916070938,0.46552884578704834
gue_splice_reconstructed_frozen__InstaDeepAI_nucleotide-transformer-v2-500m-multi-species__20260514T120331Z,1,2,0.2517746090888977,0.2515902519226074,0.4966351091861725
gue_splice_reconstructed_frozen__InstaDeepAI_nucleotide-transformer-v2-500m-multi-species__20260514T120331Z,1,2,0.1695118546485901,0.3533361554145813,0.4771519601345062
gue_splice_reconstructed_frozen__InstaDeepAI_nucleotide-transformer-v2-500m-multi-species__20260514T120331Z,2,2,0.20751416683197021,0.18197184801101685,0.6105139851570129
gue_splice_reconstructed_frozen__InstaDeepAI_nucleotide-transformer-v2-500m-multi-species__20260514T120331Z,2,2,0.2075861245393753,0.1848113089799881,0.6076025366783142
gue_splice_reconstructed_frozen__InstaDeepAI_nucleotide-transformer-v2-500m-multi-species__20260514T120331Z,1,2,0.227595254778862,0.29123207926750183,0.481172651052475
gue_splice_reconstructed_frozen__InstaDeepAI_nucleotide-transformer-v2-500m-multi-species__20260514T120331Z,0,2,0.24991831183433533,0.2251218855381012,0.5249598026275635
gue_splice_reconstructed_frozen__InstaDeepAI_nucleotide-transformer-v2-500m-multi-species__20260514T120331Z,2,2,0.21657314896583557,0.34023943543434143,0.4431874752044678
gue_splice_reconstructed_frozen__InstaDeepAI_nucleotide-transformer-v2-500m-multi-species__20260514T120331Z,1,2,0.3206348717212677,0.24574553966522217,0.4336196184158325
gue_splice_reconstructed_frozen__InstaDeepAI_nucleotide-transformer-v2-500m-multi-species__20260514T120331Z,2,2,0.11631888896226883,0.09285076707601547,0.7908303737640381
gue_splice_reconstructed_frozen__InstaDeepAI_nucleotide-transformer-v2-500m-multi-species__20260514T120331Z,1,2,0.20599722862243652,0.28290846943855286,0.5110942721366882
gue_splice_reconstructed_frozen__InstaDeepAI_nucleotide-transformer-v2-500m-multi-species__20260514T120331Z,2,2,0.14244019985198975,0.1547306776046753,0.7028290629386902
gue_splice_reconstructed_frozen__InstaDeepAI_nucleotide-transformer-v2-500m-multi-species__20260514T120331Z,2,2,0.24801482260227203,0.15034599602222443,0.6016392111778259
gue_splice_reconstructed_frozen__InstaDeepAI_nucleotide-transformer-v2-500m-multi-species__20260514T120331Z,2,2,0.17380891740322113,0.0510278046131134,0.7751632928848267
gue_splice_reconstructed_frozen__InstaDeepAI_nucleotide-transformer-v2-500m-multi-species__20260514T120331Z,1,2,0.17591677606105804,0.22823752462863922,0.5958456993103027
gue_splice_reconstructed_frozen__InstaDeepAI_nucleotide-transformer-v2-500m-multi-species__20260514T120331Z,1,2,0.2661251425743103,0.2767939567565918,0.4570808708667755
gue_splice_reconstructed_frozen__InstaDeepAI_nucleotide-transformer-v2-500m-multi-species__20260514T120331Z,2,2,0.22253680229187012,0.3425012528896332,0.4349619448184967
gue_splice_reconstructed_frozen__InstaDeepAI_nucleotide-transformer-v2-500m-multi-species__20260514T120331Z,2,2,0.3191421329975128,0.1801844835281372,0.5006734132766724
gue_splice_reconstructed_frozen__InstaDeepAI_nucleotide-transformer-v2-500m-multi-species__20260514T120331Z,2,2,0.1952638477087021,0.12469430267810822,0.6800418496131897
gue_splice_reconstructed_frozen__InstaDeepAI_nucleotide-transformer-v2-500m-multi-species__20260514T120331Z,2,2,0.17986348271369934,0.11567585170269012,0.7044606804847717
gue_splice_reconstructed_frozen__InstaDeepAI_nucleotide-transformer-v2-500m-multi-species__20260514T120331Z,1,2,0.24565783143043518,0.2513299882411957,0.5030121803283691
gue_splice_reconstructed_frozen__InstaDeepAI_nucleotide-transformer-v2-500m-multi-species__20260514T120331Z,1,2,0.14180472493171692,0.29405078291893005,0.5641444325447083
gue_splice_reconstructed_frozen__InstaDeepAI_nucleotide-transformer-v2-500m-multi-species__20260514T120331Z,1,2,0.176130011677742,0.2297729253768921,0.5940970778465271
gue_splice_reconstructed_frozen__InstaDeepAI_nucleotide-transformer-v2-500m-multi-species__20260514T120331Z,2,2,0.12326884269714355,0.16840627789497375,0.7083249092102051
gue_splice_reconstructed_frozen__InstaDeepAI_nucleotide-transformer-v2-500m-multi-species__20260514T120331Z,0,2,0.22034773230552673,0.13658340275287628,0.6430688500404358
gue_splice_reconstructed_frozen__InstaDeepAI_nucleotide-transformer-v2-500m-multi-species__20260514T120331Z,0,2,0.32054439187049866,0.16750846803188324,0.5119471549987793
gue_splice_reconstructed_frozen__InstaDeepAI_nucleotide-transformer-v2-500m-multi-species__20260514T120331Z,2,2,0.17198097705841064,0.2802623510360718,0.5477566719055176
gue_splice_reconstructed_frozen__InstaDeepAI_nucleotide-transformer-v2-500m-multi-species__20260514T120331Z,2,2,0.2605418264865875,0.2800670266151428,0.45939114689826965
gue_splice_reconstructed_frozen__InstaDeepAI_nucleotide-transformer-v2-500m-multi-species__20260514T120331Z,1,2,0.2817399799823761,0.21030472218990326,0.5079553127288818
gue_splice_reconstructed_frozen__InstaDeepAI_nucleotide-transformer-v2-500m-multi-species__20260514T120331Z,0,2,0.17676617205142975,0.17364370822906494,0.6495901346206665
gue_splice_reconstructed_frozen__InstaDeepAI_nucleotide-transformer-v2-500m-multi-species__20260514T120331Z,2,2,0.1652631014585495,0.08223169296979904,0.7525051832199097
gue_splice_reconstructed_frozen__InstaDeepAI_nucleotide-transformer-v2-500m-multi-species__20260514T120331Z,0,2,0.25871631503105164,0.28885459899902344,0.4524290859699249
gue_splice_reconstructed_frozen__InstaDeepAI_nucleotide-transformer-v2-500m-multi-species__20260514T120331Z,1,2,0.20283277332782745,0.12933818995952606,0.6678290367126465
gue_splice_reconstructed_frozen__InstaDeepAI_nucleotide-transformer-v2-500m-multi-species__20260514T120331Z,2,2,0.14046792685985565,0.1475689709186554,0.7119630575180054
gue_splice_reconstructed_frozen__InstaDeepAI_nucleotide-transformer-v2-500m-multi-species__20260514T120331Z,0,2,0.33917996287345886,0.2292206585407257,0.43159934878349304
gue_splice_reconstructed_frozen__InstaDeepAI_nucleotide-transformer-v2-500m-multi-species__20260514T120331Z,2,2,0.23696444928646088,0.23046015202999115,0.5325754284858704
gue_splice_reconstructed_frozen__InstaDeepAI_nucleotide-transformer-v2-500m-multi-species__20260514T120331Z,1,2,0.2171775996685028,0.3711945414543152,0.4116279184818268
gue_splice_reconstructed_frozen__InstaDeepAI_nucleotide-transformer-v2-500m-multi-species__20260514T120331Z,2,2,0.18821075558662415,0.21394866704940796,0.5978405475616455
gue_splice_reconstructed_frozen__InstaDeepAI_nucleotide-transformer-v2-500m-multi-species__20260514T120331Z,2,2,0.2029339224100113,0.09641074389219284,0.7006553411483765
gue_splice_reconstructed_frozen__InstaDeepAI_nucleotide-transformer-v2-500m-multi-species__20260514T120331Z,2,2,0.29712140560150146,0.2047012597322464,0.49817728996276855
gue_splice_reconstructed_frozen__InstaDeepAI_nucleotide-transformer-v2-500m-multi-species__20260514T120331Z,2,2,0.1821465641260147,0.2827562391757965,0.5350971817970276
gue_splice_reconstructed_frozen__InstaDeepAI_nucleotide-transformer-v2-500m-multi-species__20260514T120331Z,2,2,0.2029358446598053,0.15762270987033844,0.6394414305686951
gue_splice_reconstructed_frozen__InstaDeepAI_nucleotide-transformer-v2-500m-multi-species__20260514T120331Z,2,2,0.2538599371910095,0.19785118103027344,0.548288881778717
gue_splice_reconstructed_frozen__InstaDeepAI_nucleotide-transformer-v2-500m-multi-species__20260514T120331Z,2,2,0.10791647434234619,0.20702648162841797,0.6850569844245911
gue_splice_reconstructed_frozen__InstaDeepAI_nucleotide-transformer-v2-500m-multi-species__20260514T120331Z,2,2,0.29620757699012756,0.24764178693294525,0.4561506509780884
gue_splice_reconstructed_frozen__InstaDeepAI_nucleotide-transformer-v2-500m-multi-species__20260514T120331Z,1,2,0.25128570199012756,0.2743542492389679,0.47436001896858215
gue_splice_reconstructed_frozen__InstaDeepAI_nucleotide-transformer-v2-500m-multi-species__20260514T120331Z,2,2,0.30061572790145874,0.2523763179779053,0.44700801372528076
gue_splice_reconstructed_frozen__InstaDeepAI_nucleotide-transformer-v2-500m-multi-species__20260514T120331Z,2,2,0.15528355538845062,0.29740476608276367,0.5473116636276245
gue_splice_reconstructed_frozen__InstaDeepAI_nucleotide-transformer-v2-500m-multi-species__20260514T120331Z,0,2,0.2969723045825958,0.15727859735488892,0.5457491278648376
gue_splice_reconstructed_frozen__InstaDeepAI_nucleotide-transformer-v2-500m-multi-species__20260514T120331Z,2,2,0.13217662274837494,0.3412117660045624,0.5266116261482239
gue_splice_reconstructed_frozen__InstaDeepAI_nucleotide-transformer-v2-500m-multi-species__20260514T120331Z,2,2,0.22393523156642914,0.2100597470998764,0.5660050511360168
gue_splice_reconstructed_frozen__InstaDeepAI_nucleotide-transformer-v2-500m-multi-species__20260514T120331Z,0,2,0.22608858346939087,0.129412442445755,0.6444990038871765
gue_splice_reconstructed_frozen__InstaDeepAI_nucleotide-transformer-v2-500m-multi-species__20260514T120331Z,1,2,0.21210481226444244,0.11801089346408844,0.6698843240737915
gue_splice_reconstructed_frozen__InstaDeepAI_nucleotide-transformer-v2-500m-multi-species__20260514T120331Z,2,2,0.14773833751678467,0.0630931705236435,0.7891684174537659
gue_splice_reconstructed_frozen__InstaDeepAI_nucleotide-transformer-v2-500m-multi-species__20260514T120331Z,2,2,0.19538341462612152,0.2958470582962036,0.5087695121765137
gue_splice_reconstructed_frozen__InstaDeepAI_nucleotide-transformer-v2-500m-multi-species__20260514T120331Z,0,2,0.25313740968704224,0.24906080961227417,0.49780184030532837
gue_splice_reconstructed_frozen__InstaDeepAI_nucleotide-transformer-v2-500m-multi-species__20260514T120331Z,2,2,0.25305962562561035,0.21082067489624023,0.5361196994781494
gue_splice_reconstructed_frozen__InstaDeepAI_nucleotide-transformer-v2-500m-multi-species__20260514T120331Z,2,2,0.3162696659564972,0.2545955777168274,0.4291347563266754
gue_splice_reconstructed_frozen__InstaDeepAI_nucleotide-transformer-v2-500m-multi-species__20260514T120331Z,2,2,0.24320851266384125,0.3052380681037903,0.4515533745288849
gue_splice_reconstructed_frozen__InstaDeepAI_nucleotide-transformer-v2-500m-multi-species__20260514T120331Z,1,2,0.3121379017829895,0.19987763464450836,0.48798438906669617
gue_splice_reconstructed_frozen__InstaDeepAI_nucleotide-transformer-v2-500m-multi-species__20260514T120331Z,1,2,0.2240373194217682,0.09095678478479385,0.6850059032440186
gue_splice_reconstructed_frozen__InstaDeepAI_nucleotide-transformer-v2-500m-multi-species__20260514T120331Z,1,2,0.22820883989334106,0.36157384514808655,0.41021728515625
gue_splice_reconstructed_frozen__InstaDeepAI_nucleotide-transformer-v2-500m-multi-species__20260514T120331Z,1,2,0.24457862973213196,0.2744506001472473,0.48097074031829834
gue_splice_reconstructed_frozen__InstaDeepAI_nucleotide-transformer-v2-500m-multi-species__20260514T120331Z,2,2,0.2741643488407135,0.14528800547122955,0.5805476307868958
gue_splice_reconstructed_frozen__InstaDeepAI_nucleotide-transformer-v2-500m-multi-species__20260514T120331Z,2,2,0.2705139219760895,0.2833750545978546,0.44611096382141113
gue_splice_reconstructed_frozen__InstaDeepAI_nucleotide-transformer-v2-500m-multi-species__20260514T120331Z,1,2,0.18736612796783447,0.22741807997226715,0.5852157473564148
gue_splice_reconstructed_frozen__InstaDeepAI_nucleotide-transformer-v2-500m-multi-species__20260514T120331Z,2,2,0.12858745455741882,0.06661265343427658,0.8047999143600464
gue_splice_reconstructed_frozen__InstaDeepAI_nucleotide-transformer-v2-500m-multi-species__20260514T120331Z,1,2,0.11098986864089966,0.27896037697792053,0.6100497245788574
gue_splice_reconstructed_frozen__InstaDeepAI_nucleotide-transformer-v2-500m-multi-species__20260514T120331Z,1,2,0.2130381017923355,0.2303209900856018,0.5566408634185791
gue_splice_reconstructed_frozen__InstaDeepAI_nucleotide-transformer-v2-500m-multi-species__20260514T120331Z,2,2,0.15768207609653473,0.3220059871673584,0.5203119516372681
gue_splice_reconstructed_frozen__InstaDeepAI_nucleotide-transformer-v2-500m-multi-species__20260514T120331Z,1,2,0.10044604539871216,0.25629058480262756,0.6432633996009827
gue_splice_reconstructed_frozen__InstaDeepAI_nucleotide-transformer-v2-500m-multi-species__20260514T120331Z,1,2,0.15824422240257263,0.32968854904174805,0.5120672583580017
gue_splice_reconstructed_frozen__InstaDeepAI_nucleotide-transformer-v2-500m-multi-species__20260514T120331Z,1,2,0.2375355213880539,0.31744202971458435,0.44502249360084534
gue_splice_reconstructed_frozen__InstaDeepAI_nucleotide-transformer-v2-500m-multi-species__20260514T120331Z,2,2,0.21095187962055206,0.0831613689661026,0.705886721611023
gue_splice_reconstructed_frozen__InstaDeepAI_nucleotide-transformer-v2-500m-multi-species__20260514T120331Z,2,2,0.33076342940330505,0.14645324647426605,0.5227833390235901
gue_splice_reconstructed_frozen__InstaDeepAI_nucleotide-transformer-v2-500m-multi-species__20260514T120331Z,2,2,0.29546236991882324,0.12307686358690262,0.58146071434021
gue_splice_reconstructed_frozen__InstaDeepAI_nucleotide-transformer-v2-500m-multi-species__20260514T120331Z,2,2,0.1653180718421936,0.1694038212299347,0.6652781367301941
gue_splice_reconstructed_frozen__InstaDeepAI_nucleotide-transformer-v2-500m-multi-species__20260514T120331Z,0,2,0.2549186944961548,0.3031671941280365,0.4419141113758087
gue_splice_reconstructed_frozen__InstaDeepAI_nucleotide-transformer-v2-500m-multi-species__20260514T120331Z,2,2,0.20290188491344452,0.31059935688972473,0.48649871349334717
gue_splice_reconstructed_frozen__InstaDeepAI_nucleotide-transformer-v2-500m-multi-species__20260514T120331Z,1,2,0.2501637041568756,0.34169334173202515,0.40814295411109924
gue_splice_reconstructed_frozen__InstaDeepAI_nucleotide-transformer-v2-500m-multi-species__20260514T120331Z,0,2,0.32525771856307983,0.1949804276227951,0.47976183891296387
gue_splice_reconstructed_frozen__InstaDeepAI_nucleotide-transformer-v2-500m-multi-species__20260514T120331Z,1,2,0.18289589881896973,0.29608219861984253,0.5210219025611877
gue_splice_reconstructed_frozen__InstaDeepAI_nucleotide-transformer-v2-500m-multi-species__20260514T120331Z,1,2,0.219681516289711,0.1652584969997406,0.615060031414032
gue_splice_reconstructed_frozen__InstaDeepAI_nucleotide-transformer-v2-500m-multi-species__20260514T120331Z,2,2,0.14077870547771454,0.17636063694953918,0.6828606128692627
gue_splice_reconstructed_frozen__InstaDeepAI_nucleotide-transformer-v2-500m-multi-species__20260514T120331Z,2,2,0.22650146484375,0.3450363874435425,0.4284622073173523
gue_splice_reconstructed_frozen__InstaDeepAI_nucleotide-transformer-v2-500m-multi-species__20260514T120331Z,1,2,0.25799185037612915,0.2517080008983612,0.49030014872550964
gue_splice_reconstructed_frozen__InstaDeepAI_nucleotide-transformer-v2-500m-multi-species__20260514T120331Z,1,1,0.23105935752391815,0.4121593236923218,0.3567812740802765
gue_splice_reconstructed_frozen__InstaDeepAI_nucleotide-transformer-v2-500m-multi-species__20260514T120331Z,2,2,0.257234662771225,0.30224671959877014,0.4405185878276825
gue_splice_reconstructed_frozen__InstaDeepAI_nucleotide-transformer-v2-500m-multi-species__20260514T120331Z,2,2,0.2691236138343811,0.3595314919948578,0.3713449239730835
gue_splice_reconstructed_frozen__InstaDeepAI_nucleotide-transformer-v2-500m-multi-species__20260514T120331Z,1,2,0.23476891219615936,0.22810202836990356,0.5371291041374207
gue_splice_reconstructed_frozen__InstaDeepAI_nucleotide-transformer-v2-500m-multi-species__20260514T120331Z,2,2,0.25021374225616455,0.3720558285713196,0.3777303993701935
gue_splice_reconstructed_frozen__InstaDeepAI_nucleotide-transformer-v2-500m-multi-species__20260514T120331Z,1,2,0.20419658720493317,0.30175766348838806,0.4940457344055176
gue_splice_reconstructed_frozen__InstaDeepAI_nucleotide-transformer-v2-500m-multi-species__20260514T120331Z,2,2,0.18536972999572754,0.14920353889465332,0.6654267907142639
gue_splice_reconstructed_frozen__InstaDeepAI_nucleotide-transformer-v2-500m-multi-species__20260514T120331Z,1,2,0.2702454626560211,0.17144328355789185,0.5583112239837646
gue_splice_reconstructed_frozen__InstaDeepAI_nucleotide-transformer-v2-500m-multi-species__20260514T120331Z,1,2,0.3086472749710083,0.2800334692001343,0.41131922602653503
gue_splice_reconstructed_frozen__InstaDeepAI_nucleotide-transformer-v2-500m-multi-species__20260514T120331Z,0,2,0.29940158128738403,0.34380027651786804,0.3567981719970703
gue_splice_reconstructed_frozen__InstaDeepAI_nucleotide-transformer-v2-500m-multi-species__20260514T120331Z,0,2,0.18035514652729034,0.37662726640701294,0.4430176317691803
gue_splice_reconstructed_frozen__InstaDeepAI_nucleotide-transformer-v2-500m-multi-species__20260514T120331Z,1,2,0.14844156801700592,0.3442113399505615,0.5073471069335938
gue_splice_reconstructed_frozen__InstaDeepAI_nucleotide-transformer-v2-500m-multi-species__20260514T120331Z,2,2,0.23857662081718445,0.12977619469165802,0.6316471695899963
gue_splice_reconstructed_frozen__InstaDeepAI_nucleotide-transformer-v2-500m-multi-species__20260514T120331Z,0,2,0.20668993890285492,0.1571262925863266,0.6361837387084961
gue_splice_reconstructed_frozen__InstaDeepAI_nucleotide-transformer-v2-500m-multi-species__20260514T120331Z,0,2,0.2614774703979492,0.22381740808486938,0.5147051811218262
gue_splice_reconstructed_frozen__InstaDeepAI_nucleotide-transformer-v2-500m-multi-species__20260514T120331Z,2,2,0.18647734820842743,0.24067242443561554,0.572850227355957
gue_splice_reconstructed_frozen__InstaDeepAI_nucleotide-transformer-v2-500m-multi-species__20260514T120331Z,2,2,0.22147689759731293,0.371810644865036,0.4067124128341675
gue_splice_reconstructed_frozen__InstaDeepAI_nucleotide-transformer-v2-500m-multi-species__20260514T120331Z,1,2,0.18892841041088104,0.0840003713965416,0.727071225643158
gue_splice_reconstructed_frozen__InstaDeepAI_nucleotide-transformer-v2-500m-multi-species__20260514T120331Z,2,2,0.3016483187675476,0.2404656559228897,0.4578860104084015
gue_splice_reconstructed_frozen__InstaDeepAI_nucleotide-transformer-v2-500m-multi-species__20260514T120331Z,2,2,0.2369627207517624,0.12994594871997833,0.6330913305282593
gue_splice_reconstructed_frozen__InstaDeepAI_nucleotide-transformer-v2-500m-multi-species__20260514T120331Z,2,2,0.1481962352991104,0.26881593465805054,0.5829877853393555
gue_splice_reconstructed_frozen__InstaDeepAI_nucleotide-transformer-v2-500m-multi-species__20260514T120331Z,0,2,0.2713458836078644,0.17887859046459198,0.5497755408287048
gue_splice_reconstructed_frozen__InstaDeepAI_nucleotide-transformer-v2-500m-multi-species__20260514T120331Z,2,2,0.14971984922885895,0.17797043919563293,0.6723096370697021
gue_splice_reconstructed_frozen__InstaDeepAI_nucleotide-transformer-v2-500m-multi-species__20260514T120331Z,1,2,0.21705935895442963,0.21758991479873657,0.5653507113456726
gue_splice_reconstructed_frozen__InstaDeepAI_nucleotide-transformer-v2-500m-multi-species__20260514T120331Z,0,2,0.23004937171936035,0.2412368655204773,0.5287137627601624
gue_splice_reconstructed_frozen__InstaDeepAI_nucleotide-transformer-v2-500m-multi-species__20260514T120331Z,2,2,0.2883177697658539,0.2854461669921875,0.4262360632419586
gue_splice_reconstructed_frozen__InstaDeepAI_nucleotide-transformer-v2-500m-multi-species__20260514T120331Z,2,2,0.17871877551078796,0.20686237514019012,0.6144188046455383
gue_splice_reconstructed_frozen__InstaDeepAI_nucleotide-transformer-v2-500m-multi-species__20260514T120331Z,2,2,0.1625746339559555,0.11871005594730377,0.7187153100967407
gue_splice_reconstructed_frozen__InstaDeepAI_nucleotide-transformer-v2-500m-multi-species__20260514T120331Z,2,2,0.08123773336410522,0.14649325609207153,0.7722689509391785
gue_splice_reconstructed_frozen__InstaDeepAI_nucleotide-transformer-v2-500m-multi-species__20260514T120331Z,0,2,0.26035603880882263,0.2343522608280182,0.5052917003631592
gue_splice_reconstructed_frozen__InstaDeepAI_nucleotide-transformer-v2-500m-multi-species__20260514T120331Z,2,2,0.09491357207298279,0.28768134117126465,0.6174050569534302
gue_splice_reconstructed_frozen__InstaDeepAI_nucleotide-transformer-v2-500m-multi-species__20260514T120331Z,2,2,0.1915656477212906,0.2557424306869507,0.5526919364929199
gue_splice_reconstructed_frozen__InstaDeepAI_nucleotide-transformer-v2-500m-multi-species__20260514T120331Z,2,2,0.2274683117866516,0.25615566968917847,0.5163760185241699
gue_splice_reconstructed_frozen__InstaDeepAI_nucleotide-transformer-v2-500m-multi-species__20260514T120331Z,2,2,0.20613421499729156,0.24931399524211884,0.5445517897605896
gue_splice_reconstructed_frozen__InstaDeepAI_nucleotide-transformer-v2-500m-multi-species__20260514T120331Z,1,2,0.2527541220188141,0.2348891794681549,0.512356698513031
gue_splice_reconstructed_frozen__InstaDeepAI_nucleotide-transformer-v2-500m-multi-species__20260514T120331Z,2,2,0.18141619861125946,0.2917127013206482,0.5268710851669312
gue_splice_reconstructed_frozen__InstaDeepAI_nucleotide-transformer-v2-500m-multi-species__20260514T120331Z,2,2,0.1274130642414093,0.41543206572532654,0.45715487003326416
gue_splice_reconstructed_frozen__InstaDeepAI_nucleotide-transformer-v2-500m-multi-species__20260514T120331Z,0,2,0.2481391727924347,0.19911785423755646,0.5527429580688477
gue_splice_reconstructed_frozen__InstaDeepAI_nucleotide-transformer-v2-500m-multi-species__20260514T120331Z,1,2,0.1801130622625351,0.3825114965438843,0.43737539649009705
gue_splice_reconstructed_frozen__InstaDeepAI_nucleotide-transformer-v2-500m-multi-species__20260514T120331Z,0,2,0.23087966442108154,0.3240881562232971,0.4450322091579437
gue_splice_reconstructed_frozen__InstaDeepAI_nucleotide-transformer-v2-500m-multi-species__20260514T120331Z,1,2,0.15559689700603485,0.3707146644592285,0.4736884832382202
gue_splice_reconstructed_frozen__InstaDeepAI_nucleotide-transformer-v2-500m-multi-species__20260514T120331Z,2,2,0.2545768916606903,0.09807028621435165,0.6473528742790222
gue_splice_reconstructed_frozen__InstaDeepAI_nucleotide-transformer-v2-500m-multi-species__20260514T120331Z,2,2,0.18567225337028503,0.29232415556907654,0.5220035910606384
gue_splice_reconstructed_frozen__InstaDeepAI_nucleotide-transformer-v2-500m-multi-species__20260514T120331Z,1,2,0.1743917316198349,0.37679070234298706,0.448817640542984
gue_splice_reconstructed_frozen__InstaDeepAI_nucleotide-transformer-v2-500m-multi-species__20260514T120331Z,1,2,0.336581289768219,0.19475077092647552,0.4686679542064667
gue_splice_reconstructed_frozen__InstaDeepAI_nucleotide-transformer-v2-500m-multi-species__20260514T120331Z,2,2,0.3079569935798645,0.2945009768009186,0.3975420594215393
gue_splice_reconstructed_frozen__InstaDeepAI_nucleotide-transformer-v2-500m-multi-species__20260514T120331Z,2,2,0.1463393121957779,0.19941264390945435,0.654248058795929
gue_splice_reconstructed_frozen__InstaDeepAI_nucleotide-transformer-v2-500m-multi-species__20260514T120331Z,2,1,0.21697543561458588,0.41721129417419434,0.36581331491470337
gue_splice_reconstructed_frozen__InstaDeepAI_nucleotide-transformer-v2-500m-multi-species__20260514T120331Z,0,2,0.29462000727653503,0.1443067491054535,0.5610732436180115
gue_splice_reconstructed_frozen__InstaDeepAI_nucleotide-transformer-v2-500m-multi-species__20260514T120331Z,2,2,0.2613842189311981,0.16947457194328308,0.5691412091255188
gue_splice_reconstructed_frozen__InstaDeepAI_nucleotide-transformer-v2-500m-multi-species__20260514T120331Z,2,2,0.17715619504451752,0.15197429060935974,0.6708695888519287
gue_splice_reconstructed_frozen__InstaDeepAI_nucleotide-transformer-v2-500m-multi-species__20260514T120331Z,2,2,0.26442137360572815,0.3491061329841614,0.3864724636077881
gue_splice_reconstructed_frozen__InstaDeepAI_nucleotide-transformer-v2-500m-multi-species__20260514T120331Z,2,2,0.19508977234363556,0.16601578891277313,0.6388943791389465
gue_splice_reconstructed_frozen__InstaDeepAI_nucleotide-transformer-v2-500m-multi-species__20260514T120331Z,2,2,0.2922142446041107,0.1269673854112625,0.5808182954788208
gue_splice_reconstructed_frozen__InstaDeepAI_nucleotide-transformer-v2-500m-multi-species__20260514T120331Z,2,2,0.2110345959663391,0.3749719560146332,0.4139935076236725
gue_splice_reconstructed_frozen__InstaDeepAI_nucleotide-transformer-v2-500m-multi-species__20260514T120331Z,1,2,0.14878389239311218,0.10861370712518692,0.7426024675369263
gue_splice_reconstructed_frozen__InstaDeepAI_nucleotide-transformer-v2-500m-multi-species__20260514T120331Z,1,2,0.213321715593338,0.12831658124923706,0.6583617329597473
gue_splice_reconstructed_frozen__InstaDeepAI_nucleotide-transformer-v2-500m-multi-species__20260514T120331Z,2,2,0.23184733092784882,0.34218835830688477,0.42596426606178284
gue_splice_reconstructed_frozen__InstaDeepAI_nucleotide-transformer-v2-500m-multi-species__20260514T120331Z,2,2,0.1966114640235901,0.2372455596923828,0.5661429762840271
gue_splice_reconstructed_frozen__InstaDeepAI_nucleotide-transformer-v2-500m-multi-species__20260514T120331Z,1,2,0.1975124329328537,0.3625720739364624,0.4399155080318451
gue_splice_reconstructed_frozen__InstaDeepAI_nucleotide-transformer-v2-500m-multi-species__20260514T120331Z,2,2,0.15417495369911194,0.2553889751434326,0.5904361009597778
gue_splice_reconstructed_frozen__InstaDeepAI_nucleotide-transformer-v2-500m-multi-species__20260514T120331Z,0,2,0.19240374863147736,0.24676495790481567,0.5608313083648682
gue_splice_reconstructed_frozen__InstaDeepAI_nucleotide-transformer-v2-500m-multi-species__20260514T120331Z,0,2,0.2454097867012024,0.1744789332151413,0.5801113247871399
gue_splice_reconstructed_frozen__InstaDeepAI_nucleotide-transformer-v2-500m-multi-species__20260514T120331Z,0,2,0.19552190601825714,0.16744300723075867,0.637035071849823
gue_splice_reconstructed_frozen__InstaDeepAI_nucleotide-transformer-v2-500m-multi-species__20260514T120331Z,0,2,0.2193460613489151,0.042860906571149826,0.7377930283546448
gue_splice_reconstructed_frozen__InstaDeepAI_nucleotide-transformer-v2-500m-multi-species__20260514T120331Z,2,2,0.19516022503376007,0.18658725917339325,0.6182525157928467
gue_splice_reconstructed_frozen__InstaDeepAI_nucleotide-transformer-v2-500m-multi-species__20260514T120331Z,0,1,0.1207369863986969,0.512058436870575,0.36720460653305054
gue_splice_reconstructed_frozen__InstaDeepAI_nucleotide-transformer-v2-500m-multi-species__20260514T120331Z,0,2,0.284345418214798,0.2036936730146408,0.5119608640670776
gue_splice_reconstructed_frozen__InstaDeepAI_nucleotide-transformer-v2-500m-multi-species__20260514T120331Z,2,2,0.18283939361572266,0.265138179063797,0.552022397518158
gue_splice_reconstructed_frozen__InstaDeepAI_nucleotide-transformer-v2-500m-multi-species__20260514T120331Z,1,2,0.08990689367055893,0.4508250653743744,0.4592680335044861
gue_splice_reconstructed_frozen__InstaDeepAI_nucleotide-transformer-v2-500m-multi-species__20260514T120331Z,2,2,0.3215019702911377,0.19288195669651031,0.4856160283088684
gue_splice_reconstructed_frozen__InstaDeepAI_nucleotide-transformer-v2-500m-multi-species__20260514T120331Z,2,2,0.2581770420074463,0.17362836003303528,0.5681946277618408
gue_splice_reconstructed_frozen__InstaDeepAI_nucleotide-transformer-v2-500m-multi-species__20260514T120331Z,2,2,0.28287845849990845,0.142648845911026,0.5744726657867432
gue_splice_reconstructed_frozen__InstaDeepAI_nucleotide-transformer-v2-500m-multi-species__20260514T120331Z,0,2,0.22100907564163208,0.38345763087272644,0.3955332934856415
gue_splice_reconstructed_frozen__InstaDeepAI_nucleotide-transformer-v2-500m-multi-species__20260514T120331Z,2,2,0.220039501786232,0.17919684946537018,0.6007636785507202
gue_splice_reconstructed_frozen__InstaDeepAI_nucleotide-transformer-v2-500m-multi-species__20260514T120331Z,1,2,0.2151324301958084,0.12891307473182678,0.6559544801712036
gue_splice_reconstructed_frozen__InstaDeepAI_nucleotide-transformer-v2-500m-multi-species__20260514T120331Z,1,1,0.24313116073608398,0.427229642868042,0.32963913679122925
gue_splice_reconstructed_frozen__InstaDeepAI_nucleotide-transformer-v2-500m-multi-species__20260514T120331Z,2,2,0.20091612637043,0.15666475892066956,0.642419159412384
gue_splice_reconstructed_frozen__InstaDeepAI_nucleotide-transformer-v2-500m-multi-species__20260514T120331Z,1,2,0.248957097530365,0.23677486181259155,0.5142679810523987
gue_splice_reconstructed_frozen__InstaDeepAI_nucleotide-transformer-v2-500m-multi-species__20260514T120331Z,2,2,0.1676795333623886,0.09572771191596985,0.736592710018158
gue_splice_reconstructed_frozen__InstaDeepAI_nucleotide-transformer-v2-500m-multi-species__20260514T120331Z,0,2,0.25235486030578613,0.32285791635513306,0.4247871935367584
gue_splice_reconstructed_frozen__InstaDeepAI_nucleotide-transformer-v2-500m-multi-species__20260514T120331Z,2,2,0.17029613256454468,0.40831977128982544,0.4213840961456299
gue_splice_reconstructed_frozen__InstaDeepAI_nucleotide-transformer-v2-500m-multi-species__20260514T120331Z,0,2,0.2004767805337906,0.19454608857631683,0.6049771308898926
gue_splice_reconstructed_frozen__InstaDeepAI_nucleotide-transformer-v2-500m-multi-species__20260514T120331Z,2,2,0.10762986540794373,0.1980341225862503,0.6943359971046448
gue_splice_reconstructed_frozen__InstaDeepAI_nucleotide-transformer-v2-500m-multi-species__20260514T120331Z,2,2,0.21580874919891357,0.25018981099128723,0.5340014100074768
gue_splice_reconstructed_frozen__InstaDeepAI_nucleotide-transformer-v2-500m-multi-species__20260514T120331Z,2,2,0.2230183482170105,0.1361703872680664,0.6408112645149231
gue_splice_reconstructed_frozen__InstaDeepAI_nucleotide-transformer-v2-500m-multi-species__20260514T120331Z,1,2,0.15494149923324585,0.2752538025379181,0.5698047280311584
gue_splice_reconstructed_frozen__InstaDeepAI_nucleotide-transformer-v2-500m-multi-species__20260514T120331Z,2,2,0.21536791324615479,0.23116885125637054,0.5534632205963135
gue_splice_reconstructed_frozen__InstaDeepAI_nucleotide-transformer-v2-500m-multi-species__20260514T120331Z,2,2,0.23114003241062164,0.06714457273483276,0.701715350151062
gue_splice_reconstructed_frozen__InstaDeepAI_nucleotide-transformer-v2-500m-multi-species__20260514T120331Z,2,2,0.38977909088134766,0.16735564172267914,0.4428653419017792
gue_splice_reconstructed_frozen__InstaDeepAI_nucleotide-transformer-v2-500m-multi-species__20260514T120331Z,2,2,0.18516138195991516,0.06344947963953018,0.7513890862464905
gue_splice_reconstructed_frozen__InstaDeepAI_nucleotide-transformer-v2-500m-multi-species__20260514T120331Z,2,2,0.2380610555410385,0.2026573121547699,0.5592816472053528
gue_splice_reconstructed_frozen__InstaDeepAI_nucleotide-transformer-v2-500m-multi-species__20260514T120331Z,2,2,0.3099290728569031,0.221756711602211,0.46831420063972473
gue_splice_reconstructed_frozen__InstaDeepAI_nucleotide-transformer-v2-500m-multi-species__20260514T120331Z,2,2,0.14972148835659027,0.06789791584014893,0.7823805809020996
gue_splice_reconstructed_frozen__InstaDeepAI_nucleotide-transformer-v2-500m-multi-species__20260514T120331Z,0,2,0.27162694931030273,0.1930360347032547,0.5353370308876038
gue_splice_reconstructed_frozen__InstaDeepAI_nucleotide-transformer-v2-500m-multi-species__20260514T120331Z,2,2,0.213555246591568,0.17882457375526428,0.607620120048523
gue_splice_reconstructed_frozen__InstaDeepAI_nucleotide-transformer-v2-500m-multi-species__20260514T120331Z,2,2,0.2973473072052002,0.19582810997962952,0.5068246126174927
gue_splice_reconstructed_frozen__InstaDeepAI_nucleotide-transformer-v2-500m-multi-species__20260514T120331Z,2,2,0.22964167594909668,0.12761801481246948,0.6427403092384338
gue_splice_reconstructed_frozen__InstaDeepAI_nucleotide-transformer-v2-500m-multi-species__20260514T120331Z,2,2,0.1647789627313614,0.22089679539203644,0.6143242716789246
gue_splice_reconstructed_frozen__InstaDeepAI_nucleotide-transformer-v2-500m-multi-species__20260514T120331Z,0,2,0.25701478123664856,0.17962247133255005,0.563362717628479
gue_splice_reconstructed_frozen__InstaDeepAI_nucleotide-transformer-v2-500m-multi-species__20260514T120331Z,2,2,0.3077477812767029,0.18032027781009674,0.5119319558143616
gue_splice_reconstructed_frozen__InstaDeepAI_nucleotide-transformer-v2-500m-multi-species__20260514T120331Z,2,2,0.2149096131324768,0.29243624210357666,0.49265411496162415
gue_splice_reconstructed_frozen__InstaDeepAI_nucleotide-transformer-v2-500m-multi-species__20260514T120331Z,0,2,0.23034895956516266,0.2863285541534424,0.4833225607872009
gue_splice_reconstructed_frozen__InstaDeepAI_nucleotide-transformer-v2-500m-multi-species__20260514T120331Z,2,2,0.15536446869373322,0.1802259385585785,0.6644095778465271
gue_splice_reconstructed_frozen__InstaDeepAI_nucleotide-transformer-v2-500m-multi-species__20260514T120331Z,2,2,0.23290391266345978,0.22212998569011688,0.5449661016464233
gue_splice_reconstructed_frozen__InstaDeepAI_nucleotide-transformer-v2-500m-multi-species__20260514T120331Z,2,2,0.12435922771692276,0.1271219700574875,0.7485187649726868
gue_splice_reconstructed_frozen__InstaDeepAI_nucleotide-transformer-v2-500m-multi-species__20260514T120331Z,2,2,0.1351090967655182,0.32817062735557556,0.5367202758789062
gue_splice_reconstructed_frozen__InstaDeepAI_nucleotide-transformer-v2-500m-multi-species__20260514T120331Z,2,2,0.2132207304239273,0.28456977009773254,0.502209484577179
gue_splice_reconstructed_frozen__InstaDeepAI_nucleotide-transformer-v2-500m-multi-species__20260514T120331Z,2,2,0.188333660364151,0.09436545521020889,0.7173008918762207
gue_splice_reconstructed_frozen__InstaDeepAI_nucleotide-transformer-v2-500m-multi-species__20260514T120331Z,2,2,0.18349307775497437,0.23208443820476532,0.5844225287437439
gue_splice_reconstructed_frozen__InstaDeepAI_nucleotide-transformer-v2-500m-multi-species__20260514T120331Z,2,2,0.15488696098327637,0.19014249742031097,0.6549705266952515
gue_splice_reconstructed_frozen__InstaDeepAI_nucleotide-transformer-v2-500m-multi-species__20260514T120331Z,2,2,0.1618124544620514,0.0899742990732193,0.7482132911682129
gue_splice_reconstructed_frozen__InstaDeepAI_nucleotide-transformer-v2-500m-multi-species__20260514T120331Z,0,2,0.28417065739631653,0.3133195638656616,0.40250980854034424
gue_splice_reconstructed_frozen__InstaDeepAI_nucleotide-transformer-v2-500m-multi-species__20260514T120331Z,1,2,0.1761695295572281,0.3411961793899536,0.48263436555862427
gue_splice_reconstructed_frozen__InstaDeepAI_nucleotide-transformer-v2-500m-multi-species__20260514T120331Z,2,2,0.16773606836795807,0.23013725876808167,0.6021266579627991
gue_splice_reconstructed_frozen__InstaDeepAI_nucleotide-transformer-v2-500m-multi-species__20260514T120331Z,1,1,0.26432907581329346,0.38770759105682373,0.3479633331298828
gue_splice_reconstructed_frozen__InstaDeepAI_nucleotide-transformer-v2-500m-multi-species__20260514T120331Z,0,2,0.20961114764213562,0.1596975177526474,0.6306913495063782
gue_splice_reconstructed_frozen__InstaDeepAI_nucleotide-transformer-v2-500m-multi-species__20260514T120331Z,2,1,0.2309827208518982,0.4597005844116211,0.3093166947364807
gue_splice_reconstructed_frozen__InstaDeepAI_nucleotide-transformer-v2-500m-multi-species__20260514T120331Z,2,2,0.27005770802497864,0.2201457917690277,0.5097965002059937
gue_splice_reconstructed_frozen__InstaDeepAI_nucleotide-transformer-v2-500m-multi-species__20260514T120331Z,2,2,0.20733137428760529,0.26516470313072205,0.5275039076805115
gue_splice_reconstructed_frozen__InstaDeepAI_nucleotide-transformer-v2-500m-multi-species__20260514T120331Z,0,2,0.3117447793483734,0.2557309567928314,0.43252429366111755
gue_splice_reconstructed_frozen__InstaDeepAI_nucleotide-transformer-v2-500m-multi-species__20260514T120331Z,1,2,0.2563111186027527,0.3022802770137787,0.441408634185791
gue_splice_reconstructed_frozen__InstaDeepAI_nucleotide-transformer-v2-500m-multi-species__20260514T120331Z,2,2,0.2188325822353363,0.1375114768743515,0.6436559557914734
gue_splice_reconstructed_frozen__InstaDeepAI_nucleotide-transformer-v2-500m-multi-species__20260514T120331Z,0,2,0.3499896824359894,0.13615745306015015,0.5138528943061829
gue_splice_reconstructed_frozen__InstaDeepAI_nucleotide-transformer-v2-500m-multi-species__20260514T120331Z,2,2,0.23137147724628448,0.19303512573242188,0.5755933523178101
gue_splice_reconstructed_frozen__InstaDeepAI_nucleotide-transformer-v2-500m-multi-species__20260514T120331Z,1,2,0.26628372073173523,0.19895097613334656,0.5347653031349182
gue_splice_reconstructed_frozen__InstaDeepAI_nucleotide-transformer-v2-500m-multi-species__20260514T120331Z,0,2,0.2926968038082123,0.20713232457637787,0.5001708269119263
gue_splice_reconstructed_frozen__InstaDeepAI_nucleotide-transformer-v2-500m-multi-species__20260514T120331Z,2,2,0.18296672403812408,0.3383810222148895,0.4786522090435028
gue_splice_reconstructed_frozen__InstaDeepAI_nucleotide-transformer-v2-500m-multi-species__20260514T120331Z,1,2,0.2536276876926422,0.3236432373523712,0.42272913455963135
gue_splice_reconstructed_frozen__InstaDeepAI_nucleotide-transformer-v2-500m-multi-species__20260514T120331Z,2,2,0.27400529384613037,0.22561943531036377,0.5003752708435059
gue_splice_reconstructed_frozen__InstaDeepAI_nucleotide-transformer-v2-500m-multi-species__20260514T120331Z,2,2,0.14923276007175446,0.34591931104660034,0.5048479437828064
gue_splice_reconstructed_frozen__InstaDeepAI_nucleotide-transformer-v2-500m-multi-species__20260514T120331Z,1,2,0.23965807259082794,0.2628597021102905,0.4974822998046875
gue_splice_reconstructed_frozen__InstaDeepAI_nucleotide-transformer-v2-500m-multi-species__20260514T120331Z,2,1,0.20918773114681244,0.40727630257606506,0.3835359215736389
gue_splice_reconstructed_frozen__InstaDeepAI_nucleotide-transformer-v2-500m-multi-species__20260514T120331Z,2,2,0.27789244055747986,0.3028485178947449,0.41925910115242004
gue_splice_reconstructed_frozen__InstaDeepAI_nucleotide-transformer-v2-500m-multi-species__20260514T120331Z,2,2,0.19541668891906738,0.38692837953567505,0.41765496134757996
gue_splice_reconstructed_frozen__InstaDeepAI_nucleotide-transformer-v2-500m-multi-species__20260514T120331Z,0,2,0.16714419424533844,0.15030337870121002,0.6825523972511292
gue_splice_reconstructed_frozen__InstaDeepAI_nucleotide-transformer-v2-500m-multi-species__20260514T120331Z,2,2,0.2288598269224167,0.169204443693161,0.6019357442855835
gue_splice_reconstructed_frozen__InstaDeepAI_nucleotide-transformer-v2-500m-multi-species__20260514T120331Z,1,2,0.1642274707555771,0.11240428686141968,0.7233682870864868
gue_splice_reconstructed_frozen__InstaDeepAI_nucleotide-transformer-v2-500m-multi-species__20260514T120331Z,2,2,0.22708523273468018,0.3139660060405731,0.4589487910270691
gue_splice_reconstructed_frozen__InstaDeepAI_nucleotide-transformer-v2-500m-multi-species__20260514T120331Z,2,2,0.24666382372379303,0.13573519885540009,0.6176009774208069
gue_splice_reconstructed_frozen__InstaDeepAI_nucleotide-transformer-v2-500m-multi-species__20260514T120331Z,2,2,0.2351510226726532,0.2986772656440735,0.4661717116832733
gue_splice_reconstructed_frozen__InstaDeepAI_nucleotide-transformer-v2-500m-multi-species__20260514T120331Z,2,2,0.17044073343276978,0.14917004108428955,0.6803891658782959
gue_splice_reconstructed_frozen__InstaDeepAI_nucleotide-transformer-v2-500m-multi-species__20260514T120331Z,1,2,0.24299226701259613,0.1919647753238678,0.5650429129600525
gue_splice_reconstructed_frozen__InstaDeepAI_nucleotide-transformer-v2-500m-multi-species__20260514T120331Z,1,2,0.12696658074855804,0.19828885793685913,0.6747445464134216
gue_splice_reconstructed_frozen__InstaDeepAI_nucleotide-transformer-v2-500m-multi-species__20260514T120331Z,1,2,0.2883742153644562,0.1918642520904541,0.5197615623474121
gue_splice_reconstructed_frozen__InstaDeepAI_nucleotide-transformer-v2-500m-multi-species__20260514T120331Z,0,2,0.22720040380954742,0.2866216003894806,0.4861779808998108
gue_splice_reconstructed_frozen__InstaDeepAI_nucleotide-transformer-v2-500m-multi-species__20260514T120331Z,2,2,0.09747777879238129,0.14473263919353485,0.7577896118164062
gue_splice_reconstructed_frozen__InstaDeepAI_nucleotide-transformer-v2-500m-multi-species__20260514T120331Z,2,2,0.27929985523223877,0.13305598497390747,0.587644100189209
gue_splice_reconstructed_frozen__InstaDeepAI_nucleotide-transformer-v2-500m-multi-species__20260514T120331Z,1,2,0.27333223819732666,0.12633012235164642,0.6003376245498657
gue_splice_reconstructed_frozen__InstaDeepAI_nucleotide-transformer-v2-500m-multi-species__20260514T120331Z,2,2,0.1764681190252304,0.13220079243183136,0.6913310289382935
gue_splice_reconstructed_frozen__InstaDeepAI_nucleotide-transformer-v2-500m-multi-species__20260514T120331Z,0,2,0.20648519694805145,0.23714138567447662,0.5563734173774719
gue_splice_reconstructed_frozen__InstaDeepAI_nucleotide-transformer-v2-500m-multi-species__20260514T120331Z,0,2,0.21455369889736176,0.1301175057888031,0.6553288102149963
gue_splice_reconstructed_frozen__InstaDeepAI_nucleotide-transformer-v2-500m-multi-species__20260514T120331Z,2,2,0.19323572516441345,0.1226034015417099,0.6841608881950378
gue_splice_reconstructed_frozen__InstaDeepAI_nucleotide-transformer-v2-500m-multi-species__20260514T120331Z,1,1,0.19770638644695282,0.457777202129364,0.34451645612716675
gue_splice_reconstructed_frozen__InstaDeepAI_nucleotide-transformer-v2-500m-multi-species__20260514T120331Z,2,2,0.1691424399614334,0.27788329124450684,0.552974283695221
gue_splice_reconstructed_frozen__InstaDeepAI_nucleotide-transformer-v2-500m-multi-species__20260514T120331Z,2,2,0.19994953274726868,0.22696004807949066,0.5730904340744019
gue_splice_reconstructed_frozen__InstaDeepAI_nucleotide-transformer-v2-500m-multi-species__20260514T120331Z,2,2,0.29135453701019287,0.25815731287002563,0.4504881799221039
gue_splice_reconstructed_frozen__InstaDeepAI_nucleotide-transformer-v2-500m-multi-species__20260514T120331Z,0,2,0.10634364932775497,0.08570022135972977,0.8079561591148376
gue_splice_reconstructed_frozen__InstaDeepAI_nucleotide-transformer-v2-500m-multi-species__20260514T120331Z,1,2,0.1351059079170227,0.311419814825058,0.5534742474555969
gue_splice_reconstructed_frozen__InstaDeepAI_nucleotide-transformer-v2-500m-multi-species__20260514T120331Z,2,2,0.3102928698062897,0.24723610281944275,0.4424710273742676
gue_splice_reconstructed_frozen__InstaDeepAI_nucleotide-transformer-v2-500m-multi-species__20260514T120331Z,2,2,0.2373875081539154,0.2279452681541443,0.5346672534942627
gue_splice_reconstructed_frozen__InstaDeepAI_nucleotide-transformer-v2-500m-multi-species__20260514T120331Z,2,2,0.25278109312057495,0.2821698486804962,0.4650491178035736
gue_splice_reconstructed_frozen__InstaDeepAI_nucleotide-transformer-v2-500m-multi-species__20260514T120331Z,2,2,0.16088557243347168,0.14688190817832947,0.6922325491905212
gue_splice_reconstructed_frozen__InstaDeepAI_nucleotide-transformer-v2-500m-multi-species__20260514T120331Z,1,2,0.2609749436378479,0.26065653562545776,0.47836852073669434
gue_splice_reconstructed_frozen__InstaDeepAI_nucleotide-transformer-v2-500m-multi-species__20260514T120331Z,0,2,0.16069240868091583,0.2673737406730652,0.5719338655471802
gue_splice_reconstructed_frozen__InstaDeepAI_nucleotide-transformer-v2-500m-multi-species__20260514T120331Z,2,2,0.1564381867647171,0.09138335287570953,0.752178430557251
gue_splice_reconstructed_frozen__InstaDeepAI_nucleotide-transformer-v2-500m-multi-species__20260514T120331Z,2,2,0.26184552907943726,0.17921550571918488,0.5589389204978943
gue_splice_reconstructed_frozen__InstaDeepAI_nucleotide-transformer-v2-500m-multi-species__20260514T120331Z,2,2,0.2525302469730377,0.2569771111011505,0.49049267172813416
gue_splice_reconstructed_frozen__InstaDeepAI_nucleotide-transformer-v2-500m-multi-species__20260514T120331Z,2,1,0.0930573120713234,0.5631288290023804,0.34381380677223206
gue_splice_reconstructed_frozen__InstaDeepAI_nucleotide-transformer-v2-500m-multi-species__20260514T120331Z,1,2,0.14515237510204315,0.2307666689157486,0.6240809559822083
gue_splice_reconstructed_frozen__InstaDeepAI_nucleotide-transformer-v2-500m-multi-species__20260514T120331Z,1,2,0.26710158586502075,0.26081863045692444,0.4720798134803772
gue_splice_reconstructed_frozen__InstaDeepAI_nucleotide-transformer-v2-500m-multi-species__20260514T120331Z,1,2,0.19461680948734283,0.25622525811195374,0.549157977104187
gue_splice_reconstructed_frozen__InstaDeepAI_nucleotide-transformer-v2-500m-multi-species__20260514T120331Z,2,2,0.20652517676353455,0.3833516538143158,0.41012319922447205
gue_splice_reconstructed_frozen__InstaDeepAI_nucleotide-transformer-v2-500m-multi-species__20260514T120331Z,2,2,0.23825199902057648,0.03978675231337547,0.721961259841919
gue_splice_reconstructed_frozen__InstaDeepAI_nucleotide-transformer-v2-500m-multi-species__20260514T120331Z,2,2,0.21126753091812134,0.27757886052131653,0.5111536383628845
gue_splice_reconstructed_frozen__InstaDeepAI_nucleotide-transformer-v2-500m-multi-species__20260514T120331Z,0,2,0.1687811017036438,0.22873349487781525,0.6024854183197021
gue_splice_reconstructed_frozen__InstaDeepAI_nucleotide-transformer-v2-500m-multi-species__20260514T120331Z,2,2,0.16808313131332397,0.38484010100364685,0.4470767378807068
gue_splice_reconstructed_frozen__InstaDeepAI_nucleotide-transformer-v2-500m-multi-species__20260514T120331Z,2,2,0.32317301630973816,0.21427026391029358,0.46255677938461304
gue_splice_reconstructed_frozen__InstaDeepAI_nucleotide-transformer-v2-500m-multi-species__20260514T120331Z,1,1,0.12302259355783463,0.4517591893672943,0.4252181947231293
gue_splice_reconstructed_frozen__InstaDeepAI_nucleotide-transformer-v2-500m-multi-species__20260514T120331Z,2,2,0.22894495725631714,0.09398748725652695,0.6770675778388977
gue_splice_reconstructed_frozen__InstaDeepAI_nucleotide-transformer-v2-500m-multi-species__20260514T120331Z,1,2,0.27032020688056946,0.22001034021377563,0.5096694827079773
gue_splice_reconstructed_frozen__InstaDeepAI_nucleotide-transformer-v2-500m-multi-species__20260514T120331Z,2,2,0.28082066774368286,0.17616263031959534,0.5430167317390442
gue_splice_reconstructed_frozen__InstaDeepAI_nucleotide-transformer-v2-500m-multi-species__20260514T120331Z,1,2,0.21393738687038422,0.19550684094429016,0.5905558466911316
gue_splice_reconstructed_frozen__InstaDeepAI_nucleotide-transformer-v2-500m-multi-species__20260514T120331Z,2,2,0.10788528621196747,0.38192665576934814,0.5101880431175232
gue_splice_reconstructed_frozen__InstaDeepAI_nucleotide-transformer-v2-500m-multi-species__20260514T120331Z,2,1,0.24392685294151306,0.3870912194252014,0.3689819574356079
gue_splice_reconstructed_frozen__InstaDeepAI_nucleotide-transformer-v2-500m-multi-species__20260514T120331Z,1,2,0.228927880525589,0.1743718832731247,0.5967001914978027
gue_splice_reconstructed_frozen__InstaDeepAI_nucleotide-transformer-v2-500m-multi-species__20260514T120331Z,2,2,0.19151578843593597,0.2621067464351654,0.546377420425415
gue_splice_reconstructed_frozen__InstaDeepAI_nucleotide-transformer-v2-500m-multi-species__20260514T120331Z,2,2,0.2915746867656708,0.14896723628044128,0.5594580769538879
gue_splice_reconstructed_frozen__InstaDeepAI_nucleotide-transformer-v2-500m-multi-species__20260514T120331Z,1,2,0.09494905173778534,0.3984837532043457,0.5065671801567078
gue_splice_reconstructed_frozen__InstaDeepAI_nucleotide-transformer-v2-500m-multi-species__20260514T120331Z,2,2,0.20894558727741241,0.2799341082572937,0.5111203193664551
gue_splice_reconstructed_frozen__InstaDeepAI_nucleotide-transformer-v2-500m-multi-species__20260514T120331Z,2,2,0.29013165831565857,0.21407334506511688,0.49579498171806335
gue_splice_reconstructed_frozen__InstaDeepAI_nucleotide-transformer-v2-500m-multi-species__20260514T120331Z,2,2,0.23797211050987244,0.16017699241638184,0.6018509268760681
gue_splice_reconstructed_frozen__InstaDeepAI_nucleotide-transformer-v2-500m-multi-species__20260514T120331Z,0,2,0.24179574847221375,0.15535466372966766,0.602849543094635
gue_splice_reconstructed_frozen__InstaDeepAI_nucleotide-transformer-v2-500m-multi-species__20260514T120331Z,2,2,0.1288319081068039,0.2923721969127655,0.5787959098815918
gue_splice_reconstructed_frozen__InstaDeepAI_nucleotide-transformer-v2-500m-multi-species__20260514T120331Z,0,2,0.2835027575492859,0.26712387800216675,0.44937336444854736
gue_splice_reconstructed_frozen__InstaDeepAI_nucleotide-transformer-v2-500m-multi-species__20260514T120331Z,0,2,0.12902532517910004,0.3511126935482025,0.5198619365692139
gue_splice_reconstructed_frozen__InstaDeepAI_nucleotide-transformer-v2-500m-multi-species__20260514T120331Z,1,2,0.22321517765522003,0.3041228950023651,0.47266191244125366
gue_splice_reconstructed_frozen__InstaDeepAI_nucleotide-transformer-v2-500m-multi-species__20260514T120331Z,0,2,0.20166777074337006,0.24462758004665375,0.5537046790122986
gue_splice_reconstructed_frozen__InstaDeepAI_nucleotide-transformer-v2-500m-multi-species__20260514T120331Z,0,2,0.21075573563575745,0.31510987877845764,0.4741343557834625
gue_splice_reconstructed_frozen__InstaDeepAI_nucleotide-transformer-v2-500m-multi-species__20260514T120331Z,0,2,0.1921699196100235,0.2939332127571106,0.5138968825340271
gue_splice_reconstructed_frozen__InstaDeepAI_nucleotide-transformer-v2-500m-multi-species__20260514T120331Z,0,2,0.29135245084762573,0.24210050702095032,0.46654704213142395
gue_splice_reconstructed_frozen__InstaDeepAI_nucleotide-transformer-v2-500m-multi-species__20260514T120331Z,2,2,0.27367568016052246,0.24197536706924438,0.48434895277023315
gue_splice_reconstructed_frozen__InstaDeepAI_nucleotide-transformer-v2-500m-multi-species__20260514T120331Z,2,2,0.17047207057476044,0.37973541021347046,0.4497924745082855
gue_splice_reconstructed_frozen__InstaDeepAI_nucleotide-transformer-v2-500m-multi-species__20260514T120331Z,1,2,0.15649840235710144,0.29753515124320984,0.5459664463996887
gue_splice_reconstructed_frozen__InstaDeepAI_nucleotide-transformer-v2-500m-multi-species__20260514T120331Z,2,2,0.2966875731945038,0.17486131191253662,0.5284510850906372
gue_splice_reconstructed_frozen__InstaDeepAI_nucleotide-transformer-v2-500m-multi-species__20260514T120331Z,2,2,0.059481099247932434,0.04659614711999893,0.8939228057861328
gue_splice_reconstructed_frozen__InstaDeepAI_nucleotide-transformer-v2-500m-multi-species__20260514T120331Z,2,2,0.1464177519083023,0.12474948167800903,0.7288327813148499
gue_splice_reconstructed_frozen__InstaDeepAI_nucleotide-transformer-v2-500m-multi-species__20260514T120331Z,0,2,0.16860216856002808,0.35062578320503235,0.48077210783958435
gue_splice_reconstructed_frozen__InstaDeepAI_nucleotide-transformer-v2-500m-multi-species__20260514T120331Z,2,2,0.12127523124217987,0.08713827282190323,0.7915864586830139
gue_splice_reconstructed_frozen__InstaDeepAI_nucleotide-transformer-v2-500m-multi-species__20260514T120331Z,1,2,0.1784776747226715,0.25653278827667236,0.5649895071983337
gue_splice_reconstructed_frozen__InstaDeepAI_nucleotide-transformer-v2-500m-multi-species__20260514T120331Z,2,2,0.1625967174768448,0.3125346899032593,0.5248686075210571
gue_splice_reconstructed_frozen__InstaDeepAI_nucleotide-transformer-v2-500m-multi-species__20260514T120331Z,1,2,0.206085205078125,0.18374401330947876,0.6101707816123962
gue_splice_reconstructed_frozen__InstaDeepAI_nucleotide-transformer-v2-500m-multi-species__20260514T120331Z,1,2,0.21922019124031067,0.2756611108779907,0.505118727684021
gue_splice_reconstructed_frozen__InstaDeepAI_nucleotide-transformer-v2-500m-multi-species__20260514T120331Z,1,2,0.17458389699459076,0.2931458055973053,0.5322703123092651
gue_splice_reconstructed_frozen__InstaDeepAI_nucleotide-transformer-v2-500m-multi-species__20260514T120331Z,1,2,0.20620305836200714,0.3634028136730194,0.43039408326148987
gue_splice_reconstructed_frozen__InstaDeepAI_nucleotide-transformer-v2-500m-multi-species__20260514T120331Z,0,2,0.15670894086360931,0.18641476333141327,0.656876266002655
gue_splice_reconstructed_frozen__InstaDeepAI_nucleotide-transformer-v2-500m-multi-species__20260514T120331Z,2,1,0.2073223888874054,0.49770495295524597,0.29497265815734863
gue_splice_reconstructed_frozen__InstaDeepAI_nucleotide-transformer-v2-500m-multi-species__20260514T120331Z,1,2,0.20564061403274536,0.2521715462207794,0.5421878099441528
gue_splice_reconstructed_frozen__InstaDeepAI_nucleotide-transformer-v2-500m-multi-species__20260514T120331Z,2,2,0.22533205151557922,0.2103917896747589,0.5642761588096619
gue_splice_reconstructed_frozen__InstaDeepAI_nucleotide-transformer-v2-500m-multi-species__20260514T120331Z,2,2,0.210397869348526,0.19779536128044128,0.5918067693710327
gue_splice_reconstructed_frozen__InstaDeepAI_nucleotide-transformer-v2-500m-multi-species__20260514T120331Z,2,2,0.17614248394966125,0.31466981768608093,0.509187638759613
gue_splice_reconstructed_frozen__InstaDeepAI_nucleotide-transformer-v2-500m-multi-species__20260514T120331Z,1,2,0.18582333624362946,0.31567201018333435,0.4985046684741974
gue_splice_reconstructed_frozen__InstaDeepAI_nucleotide-transformer-v2-500m-multi-species__20260514T120331Z,1,2,0.3673238158226013,0.2405148446559906,0.39216136932373047
gue_splice_reconstructed_frozen__InstaDeepAI_nucleotide-transformer-v2-500m-multi-species__20260514T120331Z,2,2,0.3362831175327301,0.29474255442619324,0.3689742684364319
gue_splice_reconstructed_frozen__InstaDeepAI_nucleotide-transformer-v2-500m-multi-species__20260514T120331Z,2,2,0.23223842680454254,0.37645429372787476,0.3913072347640991
gue_splice_reconstructed_frozen__InstaDeepAI_nucleotide-transformer-v2-500m-multi-species__20260514T120331Z,0,2,0.2782805562019348,0.3135482966899872,0.4081710875034332
gue_splice_reconstructed_frozen__InstaDeepAI_nucleotide-transformer-v2-500m-multi-species__20260514T120331Z,2,2,0.1934415102005005,0.038394324481487274,0.7681642174720764
gue_splice_reconstructed_frozen__InstaDeepAI_nucleotide-transformer-v2-500m-multi-species__20260514T120331Z,1,2,0.20813311636447906,0.18296073377132416,0.6089061498641968
gue_splice_reconstructed_frozen__InstaDeepAI_nucleotide-transformer-v2-500m-multi-species__20260514T120331Z,2,2,0.24309015274047852,0.22931182384490967,0.5275980234146118
gue_splice_reconstructed_frozen__InstaDeepAI_nucleotide-transformer-v2-500m-multi-species__20260514T120331Z,1,2,0.3487716317176819,0.18264909088611603,0.46857932209968567
gue_splice_reconstructed_frozen__InstaDeepAI_nucleotide-transformer-v2-500m-multi-species__20260514T120331Z,2,2,0.1473805457353592,0.09865716099739075,0.7539622187614441
gue_splice_reconstructed_frozen__InstaDeepAI_nucleotide-transformer-v2-500m-multi-species__20260514T120331Z,2,1,0.17008277773857117,0.43730077147483826,0.3926164507865906
gue_splice_reconstructed_frozen__InstaDeepAI_nucleotide-transformer-v2-500m-multi-species__20260514T120331Z,2,2,0.330772340297699,0.1302299052476883,0.5389977693557739
gue_splice_reconstructed_frozen__InstaDeepAI_nucleotide-transformer-v2-500m-multi-species__20260514T120331Z,2,2,0.3019309937953949,0.29783114790916443,0.4002378284931183
gue_splice_reconstructed_frozen__InstaDeepAI_nucleotide-transformer-v2-500m-multi-species__20260514T120331Z,2,2,0.27752047777175903,0.13466371595859528,0.5878157615661621
gue_splice_reconstructed_frozen__InstaDeepAI_nucleotide-transformer-v2-500m-multi-species__20260514T120331Z,0,2,0.31057843565940857,0.30818971991539,0.3812318742275238
gue_splice_reconstructed_frozen__InstaDeepAI_nucleotide-transformer-v2-500m-multi-species__20260514T120331Z,2,2,0.21046683192253113,0.17410017549991608,0.6154330372810364
gue_splice_reconstructed_frozen__InstaDeepAI_nucleotide-transformer-v2-500m-multi-species__20260514T120331Z,0,2,0.2054600864648819,0.34357723593711853,0.45096269249916077
gue_splice_reconstructed_frozen__InstaDeepAI_nucleotide-transformer-v2-500m-multi-species__20260514T120331Z,1,2,0.15005090832710266,0.17153096199035645,0.6784180998802185
gue_splice_reconstructed_frozen__InstaDeepAI_nucleotide-transformer-v2-500m-multi-species__20260514T120331Z,2,2,0.25733476877212524,0.1215340718626976,0.621131181716919
gue_splice_reconstructed_frozen__InstaDeepAI_nucleotide-transformer-v2-500m-multi-species__20260514T120331Z,0,2,0.3099454641342163,0.17191150784492493,0.5181429982185364
gue_splice_reconstructed_frozen__InstaDeepAI_nucleotide-transformer-v2-500m-multi-species__20260514T120331Z,0,2,0.14945121109485626,0.309719979763031,0.5408287644386292
gue_splice_reconstructed_frozen__InstaDeepAI_nucleotide-transformer-v2-500m-multi-species__20260514T120331Z,2,2,0.18139246106147766,0.22398976981639862,0.5946177840232849
gue_splice_reconstructed_frozen__InstaDeepAI_nucleotide-transformer-v2-500m-multi-species__20260514T120331Z,1,1,0.1441194713115692,0.4993555545806885,0.3565249443054199
gue_splice_reconstructed_frozen__InstaDeepAI_nucleotide-transformer-v2-500m-multi-species__20260514T120331Z,0,2,0.18350227177143097,0.1799090951681137,0.6365885734558105
gue_splice_reconstructed_frozen__InstaDeepAI_nucleotide-transformer-v2-500m-multi-species__20260514T120331Z,0,2,0.3056603968143463,0.32177451252937317,0.37256506085395813
gue_splice_reconstructed_frozen__InstaDeepAI_nucleotide-transformer-v2-500m-multi-species__20260514T120331Z,1,2,0.18909120559692383,0.287407249212265,0.5235015749931335
gue_splice_reconstructed_frozen__InstaDeepAI_nucleotide-transformer-v2-500m-multi-species__20260514T120331Z,2,2,0.1777675747871399,0.21048666536808014,0.6117457747459412
gue_splice_reconstructed_frozen__InstaDeepAI_nucleotide-transformer-v2-500m-multi-species__20260514T120331Z,0,2,0.2279963344335556,0.1347539722919464,0.6372497081756592
gue_splice_reconstructed_frozen__InstaDeepAI_nucleotide-transformer-v2-500m-multi-species__20260514T120331Z,2,2,0.2559973895549774,0.1506769061088562,0.593325674533844
gue_splice_reconstructed_frozen__InstaDeepAI_nucleotide-transformer-v2-500m-multi-species__20260514T120331Z,1,2,0.21654310822486877,0.27029943466186523,0.5131574273109436
gue_splice_reconstructed_frozen__InstaDeepAI_nucleotide-transformer-v2-500m-multi-species__20260514T120331Z,1,2,0.3144957721233368,0.27399227023124695,0.41151195764541626
gue_splice_reconstructed_frozen__InstaDeepAI_nucleotide-transformer-v2-500m-multi-species__20260514T120331Z,2,2,0.1483306735754013,0.21857720613479614,0.6330921053886414
gue_splice_reconstructed_frozen__InstaDeepAI_nucleotide-transformer-v2-500m-multi-species__20260514T120331Z,2,2,0.1557954102754593,0.27377182245254517,0.5704327821731567
gue_splice_reconstructed_frozen__InstaDeepAI_nucleotide-transformer-v2-500m-multi-species__20260514T120331Z,2,2,0.22341051697731018,0.18955977261066437,0.587029755115509
gue_splice_reconstructed_frozen__InstaDeepAI_nucleotide-transformer-v2-500m-multi-species__20260514T120331Z,2,2,0.18456977605819702,0.2852572202682495,0.5301730036735535
gue_splice_reconstructed_frozen__InstaDeepAI_nucleotide-transformer-v2-500m-multi-species__20260514T120331Z,2,2,0.2803018391132355,0.292680025100708,0.4270181357860565
gue_splice_reconstructed_frozen__InstaDeepAI_nucleotide-transformer-v2-500m-multi-species__20260514T120331Z,1,2,0.18863733112812042,0.24141809344291687,0.5699445605278015
gue_splice_reconstructed_frozen__InstaDeepAI_nucleotide-transformer-v2-500m-multi-species__20260514T120331Z,2,2,0.2810189127922058,0.19133438169956207,0.5276466608047485
gue_splice_reconstructed_frozen__InstaDeepAI_nucleotide-transformer-v2-500m-multi-species__20260514T120331Z,0,2,0.31424209475517273,0.21769572794437408,0.4680621922016144
gue_splice_reconstructed_frozen__InstaDeepAI_nucleotide-transformer-v2-500m-multi-species__20260514T120331Z,2,2,0.11851391196250916,0.09574145078659058,0.7857446074485779
gue_splice_reconstructed_frozen__InstaDeepAI_nucleotide-transformer-v2-500m-multi-species__20260514T120331Z,2,2,0.16146661341190338,0.22946229577064514,0.6090711355209351
gue_splice_reconstructed_frozen__InstaDeepAI_nucleotide-transformer-v2-500m-multi-species__20260514T120331Z,1,2,0.2901843786239624,0.29226401448249817,0.41755157709121704
gue_splice_reconstructed_frozen__InstaDeepAI_nucleotide-transformer-v2-500m-multi-species__20260514T120331Z,2,2,0.21456295251846313,0.17435328662395477,0.6110837459564209
gue_splice_reconstructed_frozen__InstaDeepAI_nucleotide-transformer-v2-500m-multi-species__20260514T120331Z,2,2,0.22303155064582825,0.3101404905319214,0.46682795882225037
gue_splice_reconstructed_frozen__InstaDeepAI_nucleotide-transformer-v2-500m-multi-species__20260514T120331Z,2,2,0.29425784945487976,0.17080825567245483,0.5349339246749878
gue_splice_reconstructed_frozen__InstaDeepAI_nucleotide-transformer-v2-500m-multi-species__20260514T120331Z,2,2,0.18667659163475037,0.26357772946357727,0.5497456789016724
gue_splice_reconstructed_frozen__InstaDeepAI_nucleotide-transformer-v2-500m-multi-species__20260514T120331Z,2,2,0.3146992623806,0.19173294305801392,0.4935677945613861
gue_splice_reconstructed_frozen__InstaDeepAI_nucleotide-transformer-v2-500m-multi-species__20260514T120331Z,2,2,0.3035064935684204,0.27008435130119324,0.42640918493270874
gue_splice_reconstructed_frozen__InstaDeepAI_nucleotide-transformer-v2-500m-multi-species__20260514T120331Z,0,2,0.17231667041778564,0.32723918557167053,0.5004441738128662
gue_splice_reconstructed_frozen__InstaDeepAI_nucleotide-transformer-v2-500m-multi-species__20260514T120331Z,2,2,0.1907164603471756,0.13363002240657806,0.6756535172462463
gue_splice_reconstructed_frozen__InstaDeepAI_nucleotide-transformer-v2-500m-multi-species__20260514T120331Z,2,2,0.23004364967346191,0.09075969457626343,0.6791965961456299
gue_splice_reconstructed_frozen__InstaDeepAI_nucleotide-transformer-v2-500m-multi-species__20260514T120331Z,2,2,0.15001244843006134,0.2552265226840973,0.594761073589325
gue_splice_reconstructed_frozen__InstaDeepAI_nucleotide-transformer-v2-500m-multi-species__20260514T120331Z,2,2,0.17398670315742493,0.16440589725971222,0.6616073846817017
gue_splice_reconstructed_frozen__InstaDeepAI_nucleotide-transformer-v2-500m-multi-species__20260514T120331Z,1,1,0.1041998490691185,0.46200162172317505,0.43379852175712585
gue_splice_reconstructed_frozen__InstaDeepAI_nucleotide-transformer-v2-500m-multi-species__20260514T120331Z,2,2,0.2724549472332001,0.24989667534828186,0.4776483178138733
gue_splice_reconstructed_frozen__InstaDeepAI_nucleotide-transformer-v2-500m-multi-species__20260514T120331Z,1,2,0.21377818286418915,0.35847023129463196,0.4277515411376953
gue_splice_reconstructed_frozen__InstaDeepAI_nucleotide-transformer-v2-500m-multi-species__20260514T120331Z,0,2,0.18938782811164856,0.3192576467990875,0.4913545846939087
gue_splice_reconstructed_frozen__InstaDeepAI_nucleotide-transformer-v2-500m-multi-species__20260514T120331Z,1,2,0.19743216037750244,0.22440367937088013,0.5781641602516174
gue_splice_reconstructed_frozen__InstaDeepAI_nucleotide-transformer-v2-500m-multi-species__20260514T120331Z,2,2,0.10153990983963013,0.06797124445438385,0.8304888010025024
gue_splice_reconstructed_frozen__InstaDeepAI_nucleotide-transformer-v2-500m-multi-species__20260514T120331Z,2,2,0.20517991483211517,0.16972677409648895,0.6250932812690735
gue_splice_reconstructed_frozen__InstaDeepAI_nucleotide-transformer-v2-500m-multi-species__20260514T120331Z,2,2,0.21158717572689056,0.2581683099269867,0.5302445292472839
gue_splice_reconstructed_frozen__InstaDeepAI_nucleotide-transformer-v2-500m-multi-species__20260514T120331Z,2,2,0.14707699418067932,0.2174718827009201,0.6354511380195618
gue_splice_reconstructed_frozen__InstaDeepAI_nucleotide-transformer-v2-500m-multi-species__20260514T120331Z,2,2,0.22075951099395752,0.17081895470619202,0.6084215044975281
gue_splice_reconstructed_frozen__InstaDeepAI_nucleotide-transformer-v2-500m-multi-species__20260514T120331Z,0,2,0.31165751814842224,0.1711394339799881,0.5172030925750732
gue_splice_reconstructed_frozen__InstaDeepAI_nucleotide-transformer-v2-500m-multi-species__20260514T120331Z,2,1,0.2266177088022232,0.3927091062068939,0.38067319989204407
gue_splice_reconstructed_frozen__InstaDeepAI_nucleotide-transformer-v2-500m-multi-species__20260514T120331Z,2,2,0.14651207625865936,0.1766841858625412,0.676803708076477
gue_splice_reconstructed_frozen__InstaDeepAI_nucleotide-transformer-v2-500m-multi-species__20260514T120331Z,2,2,0.3052911162376404,0.2551853656768799,0.4395235776901245
gue_splice_reconstructed_frozen__InstaDeepAI_nucleotide-transformer-v2-500m-multi-species__20260514T120331Z,2,2,0.36992618441581726,0.21339237689971924,0.4166814684867859
gue_splice_reconstructed_frozen__InstaDeepAI_nucleotide-transformer-v2-500m-multi-species__20260514T120331Z,2,2,0.14741727709770203,0.17557597160339355,0.6770067811012268
gue_splice_reconstructed_frozen__InstaDeepAI_nucleotide-transformer-v2-500m-multi-species__20260514T120331Z,1,0,0.40048786997795105,0.2106819450855255,0.38883012533187866
gue_splice_reconstructed_frozen__InstaDeepAI_nucleotide-transformer-v2-500m-multi-species__20260514T120331Z,0,2,0.34742307662963867,0.22484780848026276,0.4277290999889374
gue_splice_reconstructed_frozen__InstaDeepAI_nucleotide-transformer-v2-500m-multi-species__20260514T120331Z,2,2,0.21409182250499725,0.18532626330852509,0.6005819439888
gue_splice_reconstructed_frozen__InstaDeepAI_nucleotide-transformer-v2-500m-multi-species__20260514T120331Z,2,2,0.27881187200546265,0.12212396413087845,0.5990641713142395
gue_splice_reconstructed_frozen__InstaDeepAI_nucleotide-transformer-v2-500m-multi-species__20260514T120331Z,2,2,0.25282347202301025,0.14557012915611267,0.6016063690185547
gue_splice_reconstructed_frozen__InstaDeepAI_nucleotide-transformer-v2-500m-multi-species__20260514T120331Z,1,2,0.21719661355018616,0.36851802468299866,0.4142853617668152
gue_splice_reconstructed_frozen__InstaDeepAI_nucleotide-transformer-v2-500m-multi-species__20260514T120331Z,2,2,0.22721989452838898,0.2291697859764099,0.5436103343963623
gue_splice_reconstructed_frozen__InstaDeepAI_nucleotide-transformer-v2-500m-multi-species__20260514T120331Z,1,2,0.37089723348617554,0.18849003314971924,0.44061267375946045
gue_splice_reconstructed_frozen__InstaDeepAI_nucleotide-transformer-v2-500m-multi-species__20260514T120331Z,2,2,0.22886301577091217,0.17036743462085724,0.600769579410553
gue_splice_reconstructed_frozen__InstaDeepAI_nucleotide-transformer-v2-500m-multi-species__20260514T120331Z,2,2,0.17361046373844147,0.1460876166820526,0.6803019046783447
gue_splice_reconstructed_frozen__InstaDeepAI_nucleotide-transformer-v2-500m-multi-species__20260514T120331Z,2,2,0.2799505889415741,0.24115580320358276,0.47889360785484314
gue_splice_reconstructed_frozen__InstaDeepAI_nucleotide-transformer-v2-500m-multi-species__20260514T120331Z,0,2,0.24250495433807373,0.346187025308609,0.41130805015563965
gue_splice_reconstructed_frozen__InstaDeepAI_nucleotide-transformer-v2-500m-multi-species__20260514T120331Z,2,2,0.21538060903549194,0.25219762325286865,0.5324217677116394
gue_splice_reconstructed_frozen__InstaDeepAI_nucleotide-transformer-v2-500m-multi-species__20260514T120331Z,1,2,0.18693920969963074,0.2365441769361496,0.5765165686607361
gue_splice_reconstructed_frozen__InstaDeepAI_nucleotide-transformer-v2-500m-multi-species__20260514T120331Z,1,2,0.19206185638904572,0.29758018255233765,0.5103579759597778
gue_splice_reconstructed_frozen__InstaDeepAI_nucleotide-transformer-v2-500m-multi-species__20260514T120331Z,2,2,0.3537371754646301,0.16821925342082977,0.47804349660873413
gue_splice_reconstructed_frozen__InstaDeepAI_nucleotide-transformer-v2-500m-multi-species__20260514T120331Z,2,2,0.181012824177742,0.25664371252059937,0.562343418598175
gue_splice_reconstructed_frozen__InstaDeepAI_nucleotide-transformer-v2-500m-multi-species__20260514T120331Z,1,2,0.16728655993938446,0.24711282551288605,0.5856006145477295
gue_splice_reconstructed_frozen__InstaDeepAI_nucleotide-transformer-v2-500m-multi-species__20260514T120331Z,0,2,0.221117302775383,0.1557845026254654,0.6230981945991516
gue_splice_reconstructed_frozen__InstaDeepAI_nucleotide-transformer-v2-500m-multi-species__20260514T120331Z,2,1,0.24458909034729004,0.38268470764160156,0.3727262616157532
gue_splice_reconstructed_frozen__InstaDeepAI_nucleotide-transformer-v2-500m-multi-species__20260514T120331Z,2,2,0.2097754329442978,0.25793373584747314,0.5322908163070679
gue_splice_reconstructed_frozen__InstaDeepAI_nucleotide-transformer-v2-500m-multi-species__20260514T120331Z,0,2,0.352912962436676,0.19094084203243256,0.45614615082740784
gue_splice_reconstructed_frozen__InstaDeepAI_nucleotide-transformer-v2-500m-multi-species__20260514T120331Z,1,2,0.39927205443382263,0.12808319926261902,0.4726448059082031
gue_splice_reconstructed_frozen__InstaDeepAI_nucleotide-transformer-v2-500m-multi-species__20260514T120331Z,0,2,0.18687111139297485,0.33488699793815613,0.47824180126190186
gue_splice_reconstructed_frozen__InstaDeepAI_nucleotide-transformer-v2-500m-multi-species__20260514T120331Z,2,2,0.17342260479927063,0.10828690230846405,0.7182904481887817
gue_splice_reconstructed_frozen__InstaDeepAI_nucleotide-transformer-v2-500m-multi-species__20260514T120331Z,1,2,0.18789510428905487,0.1979728639125824,0.6141320466995239
gue_splice_reconstructed_frozen__InstaDeepAI_nucleotide-transformer-v2-500m-multi-species__20260514T120331Z,1,2,0.21708104014396667,0.268047034740448,0.5148719549179077
gue_splice_reconstructed_frozen__InstaDeepAI_nucleotide-transformer-v2-500m-multi-species__20260514T120331Z,2,2,0.2293606549501419,0.2979491651058197,0.4726901948451996
gue_splice_reconstructed_frozen__InstaDeepAI_nucleotide-transformer-v2-500m-multi-species__20260514T120331Z,1,1,0.1938062608242035,0.47524556517601013,0.33094820380210876
gue_splice_reconstructed_frozen__InstaDeepAI_nucleotide-transformer-v2-500m-multi-species__20260514T120331Z,0,2,0.1656300574541092,0.24973523616790771,0.5846346616744995
gue_splice_reconstructed_frozen__InstaDeepAI_nucleotide-transformer-v2-500m-multi-species__20260514T120331Z,0,2,0.22533740103244781,0.2624991238117218,0.5121634006500244
gue_splice_reconstructed_frozen__InstaDeepAI_nucleotide-transformer-v2-500m-multi-species__20260514T120331Z,2,2,0.20277242362499237,0.18666593730449677,0.6105616092681885
gue_splice_reconstructed_frozen__InstaDeepAI_nucleotide-transformer-v2-500m-multi-species__20260514T120331Z,2,2,0.21434806287288666,0.1925160139799118,0.5931358933448792
gue_splice_reconstructed_frozen__InstaDeepAI_nucleotide-transformer-v2-500m-multi-species__20260514T120331Z,2,2,0.0676756203174591,0.11027831584215164,0.8220460414886475
gue_splice_reconstructed_frozen__InstaDeepAI_nucleotide-transformer-v2-500m-multi-species__20260514T120331Z,2,2,0.23452165722846985,0.22943876683712006,0.5360395908355713
gue_splice_reconstructed_frozen__InstaDeepAI_nucleotide-transformer-v2-500m-multi-species__20260514T120331Z,1,2,0.26376044750213623,0.3049141764640808,0.4313253164291382
gue_splice_reconstructed_frozen__InstaDeepAI_nucleotide-transformer-v2-500m-multi-species__20260514T120331Z,2,1,0.1576949805021286,0.5130380988121033,0.32926690578460693
gue_splice_reconstructed_frozen__InstaDeepAI_nucleotide-transformer-v2-500m-multi-species__20260514T120331Z,2,2,0.18528641760349274,0.31301647424697876,0.5016971230506897
gue_splice_reconstructed_frozen__InstaDeepAI_nucleotide-transformer-v2-500m-multi-species__20260514T120331Z,2,2,0.2472001612186432,0.2610635459423065,0.4917362928390503
gue_splice_reconstructed_frozen__InstaDeepAI_nucleotide-transformer-v2-500m-multi-species__20260514T120331Z,1,2,0.1825106143951416,0.25709858536720276,0.560390830039978
gue_splice_reconstructed_frozen__InstaDeepAI_nucleotide-transformer-v2-500m-multi-species__20260514T120331Z,2,2,0.31635385751724243,0.2779105007648468,0.4057356119155884
gue_splice_reconstructed_frozen__InstaDeepAI_nucleotide-transformer-v2-500m-multi-species__20260514T120331Z,1,2,0.31010037660598755,0.27710404992103577,0.41279563307762146
gue_splice_reconstructed_frozen__InstaDeepAI_nucleotide-transformer-v2-500m-multi-species__20260514T120331Z,2,2,0.25412291288375854,0.18564817309379578,0.5602289438247681
gue_splice_reconstructed_frozen__InstaDeepAI_nucleotide-transformer-v2-500m-multi-species__20260514T120331Z,0,2,0.2182164341211319,0.15542010962963104,0.6263634562492371
gue_splice_reconstructed_frozen__InstaDeepAI_nucleotide-transformer-v2-500m-multi-species__20260514T120331Z,0,2,0.17129850387573242,0.2958869934082031,0.5328145027160645
gue_splice_reconstructed_frozen__InstaDeepAI_nucleotide-transformer-v2-500m-multi-species__20260514T120331Z,1,2,0.24744807183742523,0.2636162042617798,0.4889357388019562
gue_splice_reconstructed_frozen__InstaDeepAI_nucleotide-transformer-v2-500m-multi-species__20260514T120331Z,0,2,0.27441903948783875,0.15399152040481567,0.571589469909668
gue_splice_reconstructed_frozen__InstaDeepAI_nucleotide-transformer-v2-500m-multi-species__20260514T120331Z,2,2,0.1784386932849884,0.05434272438287735,0.7672185301780701
gue_splice_reconstructed_frozen__InstaDeepAI_nucleotide-transformer-v2-500m-multi-species__20260514T120331Z,2,2,0.3332883417606354,0.23663996160030365,0.4300716519355774
gue_splice_reconstructed_frozen__InstaDeepAI_nucleotide-transformer-v2-500m-multi-species__20260514T120331Z,2,2,0.2098589390516281,0.22646887600421906,0.5636721849441528
gue_splice_reconstructed_frozen__InstaDeepAI_nucleotide-transformer-v2-500m-multi-species__20260514T120331Z,2,2,0.21092043817043304,0.2834782004356384,0.5056014060974121
gue_splice_reconstructed_frozen__InstaDeepAI_nucleotide-transformer-v2-500m-multi-species__20260514T120331Z,2,2,0.2110910713672638,0.22743728756904602,0.5614715814590454
gue_splice_reconstructed_frozen__InstaDeepAI_nucleotide-transformer-v2-500m-multi-species__20260514T120331Z,2,2,0.2057793140411377,0.26989811658859253,0.5243225693702698
gue_splice_reconstructed_frozen__InstaDeepAI_nucleotide-transformer-v2-500m-multi-species__20260514T120331Z,2,2,0.17815819382667542,0.2818475365638733,0.5399942994117737
gue_splice_reconstructed_frozen__InstaDeepAI_nucleotide-transformer-v2-500m-multi-species__20260514T120331Z,2,2,0.11363919079303741,0.12554170191287994,0.760819137096405
gue_splice_reconstructed_frozen__InstaDeepAI_nucleotide-transformer-v2-500m-multi-species__20260514T120331Z,0,0,0.4073082208633423,0.18904632329940796,0.40364548563957214
gue_splice_reconstructed_frozen__InstaDeepAI_nucleotide-transformer-v2-500m-multi-species__20260514T120331Z,1,2,0.31181395053863525,0.29113078117370605,0.3970552384853363
gue_splice_reconstructed_frozen__InstaDeepAI_nucleotide-transformer-v2-500m-multi-species__20260514T120331Z,2,2,0.34523871541023254,0.16053132712841034,0.49422991275787354
gue_splice_reconstructed_frozen__InstaDeepAI_nucleotide-transformer-v2-500m-multi-species__20260514T120331Z,0,2,0.21048828959465027,0.2953091263771057,0.4942026734352112
gue_splice_reconstructed_frozen__InstaDeepAI_nucleotide-transformer-v2-500m-multi-species__20260514T120331Z,1,2,0.17785514891147614,0.37118005752563477,0.4509648382663727
gue_splice_reconstructed_frozen__InstaDeepAI_nucleotide-transformer-v2-500m-multi-species__20260514T120331Z,2,2,0.22721174359321594,0.2839079797267914,0.48888030648231506
gue_splice_reconstructed_frozen__InstaDeepAI_nucleotide-transformer-v2-500m-multi-species__20260514T120331Z,1,2,0.167758509516716,0.2298872321844101,0.6023542284965515
gue_splice_reconstructed_frozen__InstaDeepAI_nucleotide-transformer-v2-500m-multi-species__20260514T120331Z,1,2,0.1953124701976776,0.09456807374954224,0.7101194858551025
gue_splice_reconstructed_frozen__InstaDeepAI_nucleotide-transformer-v2-500m-multi-species__20260514T120331Z,2,0,0.4232870042324066,0.17848867177963257,0.3982242941856384
gue_splice_reconstructed_frozen__InstaDeepAI_nucleotide-transformer-v2-500m-multi-species__20260514T120331Z,1,2,0.2206021100282669,0.31374940276145935,0.46564847230911255
gue_splice_reconstructed_frozen__InstaDeepAI_nucleotide-transformer-v2-500m-multi-species__20260514T120331Z,1,1,0.19792796671390533,0.42509275674819946,0.3769792914390564
gue_splice_reconstructed_frozen__InstaDeepAI_nucleotide-transformer-v2-500m-multi-species__20260514T120331Z,0,2,0.2547770142555237,0.20612333714962006,0.5390996336936951
gue_splice_reconstructed_frozen__InstaDeepAI_nucleotide-transformer-v2-500m-multi-species__20260514T120331Z,2,2,0.12427235394716263,0.3555781841278076,0.5201494693756104
gue_splice_reconstructed_frozen__InstaDeepAI_nucleotide-transformer-v2-500m-multi-species__20260514T120331Z,1,2,0.23413503170013428,0.16600635647773743,0.5998586416244507
gue_splice_reconstructed_frozen__InstaDeepAI_nucleotide-transformer-v2-500m-multi-species__20260514T120331Z,1,1,0.1231885775923729,0.5366767644882202,0.3401345908641815
gue_splice_reconstructed_frozen__InstaDeepAI_nucleotide-transformer-v2-500m-multi-species__20260514T120331Z,2,2,0.22591428458690643,0.25866442918777466,0.5154213309288025
gue_splice_reconstructed_frozen__InstaDeepAI_nucleotide-transformer-v2-500m-multi-species__20260514T120331Z,0,2,0.2148689180612564,0.164524644613266,0.6206064224243164
gue_splice_reconstructed_frozen__InstaDeepAI_nucleotide-transformer-v2-500m-multi-species__20260514T120331Z,0,2,0.2863490581512451,0.19679862260818481,0.5168523192405701
gue_splice_reconstructed_frozen__InstaDeepAI_nucleotide-transformer-v2-500m-multi-species__20260514T120331Z,1,2,0.22948236763477325,0.3584137260913849,0.4121038615703583
gue_splice_reconstructed_frozen__InstaDeepAI_nucleotide-transformer-v2-500m-multi-species__20260514T120331Z,2,1,0.2507137060165405,0.3960684537887573,0.35321786999702454
gue_splice_reconstructed_frozen__InstaDeepAI_nucleotide-transformer-v2-500m-multi-species__20260514T120331Z,0,2,0.2723940908908844,0.22827547788619995,0.49933040142059326
gue_splice_reconstructed_frozen__InstaDeepAI_nucleotide-transformer-v2-500m-multi-species__20260514T120331Z,0,2,0.2118270993232727,0.23361414670944214,0.5545587539672852
gue_splice_reconstructed_frozen__InstaDeepAI_nucleotide-transformer-v2-500m-multi-species__20260514T120331Z,2,2,0.2135201394557953,0.25865718722343445,0.5278226733207703
gue_splice_reconstructed_frozen__InstaDeepAI_nucleotide-transformer-v2-500m-multi-species__20260514T120331Z,2,2,0.28050151467323303,0.21756991744041443,0.5019285678863525
gue_splice_reconstructed_frozen__InstaDeepAI_nucleotide-transformer-v2-500m-multi-species__20260514T120331Z,2,2,0.16974084079265594,0.1667424887418747,0.6635167002677917
gue_splice_reconstructed_frozen__InstaDeepAI_nucleotide-transformer-v2-500m-multi-species__20260514T120331Z,2,2,0.22850745916366577,0.3472857177257538,0.42420679330825806
gue_splice_reconstructed_frozen__InstaDeepAI_nucleotide-transformer-v2-500m-multi-species__20260514T120331Z,1,2,0.12364143878221512,0.2754513919353485,0.6009071469306946
gue_splice_reconstructed_frozen__InstaDeepAI_nucleotide-transformer-v2-500m-multi-species__20260514T120331Z,2,2,0.14076834917068481,0.06541543453931808,0.7938161492347717
gue_splice_reconstructed_frozen__InstaDeepAI_nucleotide-transformer-v2-500m-multi-species__20260514T120331Z,2,2,0.22680659592151642,0.11465971916913986,0.6585336923599243
gue_splice_reconstructed_frozen__InstaDeepAI_nucleotide-transformer-v2-500m-multi-species__20260514T120331Z,0,2,0.21027642488479614,0.07391427457332611,0.7158092856407166
gue_splice_reconstructed_frozen__InstaDeepAI_nucleotide-transformer-v2-500m-multi-species__20260514T120331Z,2,2,0.19340801239013672,0.3149929344654083,0.4915989935398102
gue_splice_reconstructed_frozen__InstaDeepAI_nucleotide-transformer-v2-500m-multi-species__20260514T120331Z,2,2,0.36630821228027344,0.13878056406974792,0.494911253452301
gue_splice_reconstructed_frozen__InstaDeepAI_nucleotide-transformer-v2-500m-multi-species__20260514T120331Z,2,2,0.13642288744449615,0.33445021510124207,0.5291268825531006
gue_splice_reconstructed_frozen__InstaDeepAI_nucleotide-transformer-v2-500m-multi-species__20260514T120331Z,1,2,0.11680929362773895,0.30003586411476135,0.5831548571586609
gue_splice_reconstructed_frozen__InstaDeepAI_nucleotide-transformer-v2-500m-multi-species__20260514T120331Z,2,2,0.14336366951465607,0.17535291612148285,0.6812833547592163
gue_splice_reconstructed_frozen__InstaDeepAI_nucleotide-transformer-v2-500m-multi-species__20260514T120331Z,2,2,0.280144065618515,0.2023228108882904,0.5175331234931946
gue_splice_reconstructed_frozen__InstaDeepAI_nucleotide-transformer-v2-500m-multi-species__20260514T120331Z,1,2,0.2894783616065979,0.19040735065937042,0.5201143026351929
gue_splice_reconstructed_frozen__InstaDeepAI_nucleotide-transformer-v2-500m-multi-species__20260514T120331Z,2,2,0.2860262989997864,0.21977967023849487,0.49419406056404114
gue_splice_reconstructed_frozen__InstaDeepAI_nucleotide-transformer-v2-500m-multi-species__20260514T120331Z,0,2,0.23018474876880646,0.27713096141815186,0.4926842749118805
gue_splice_reconstructed_frozen__InstaDeepAI_nucleotide-transformer-v2-500m-multi-species__20260514T120331Z,2,2,0.2085690051317215,0.3707267642021179,0.42070430517196655
gue_splice_reconstructed_frozen__InstaDeepAI_nucleotide-transformer-v2-500m-multi-species__20260514T120331Z,2,2,0.21037058532238007,0.11960246413946152,0.6700270175933838
gue_splice_reconstructed_frozen__InstaDeepAI_nucleotide-transformer-v2-500m-multi-species__20260514T120331Z,2,2,0.22003857791423798,0.1724153757095337,0.6075460910797119
gue_splice_reconstructed_frozen__InstaDeepAI_nucleotide-transformer-v2-500m-multi-species__20260514T120331Z,2,2,0.2226502001285553,0.30149000883102417,0.4758598506450653
gue_splice_reconstructed_frozen__InstaDeepAI_nucleotide-transformer-v2-500m-multi-species__20260514T120331Z,2,2,0.16268311440944672,0.2891126573085785,0.548204243183136
gue_splice_reconstructed_frozen__InstaDeepAI_nucleotide-transformer-v2-500m-multi-species__20260514T120331Z,0,2,0.23957416415214539,0.23265722393989563,0.527768611907959
gue_splice_reconstructed_frozen__InstaDeepAI_nucleotide-transformer-v2-500m-multi-species__20260514T120331Z,2,2,0.2277214229106903,0.3013598322868347,0.4709187150001526
gue_splice_reconstructed_frozen__InstaDeepAI_nucleotide-transformer-v2-500m-multi-species__20260514T120331Z,1,2,0.16227790713310242,0.22946393489837646,0.6082581281661987
gue_splice_reconstructed_frozen__InstaDeepAI_nucleotide-transformer-v2-500m-multi-species__20260514T120331Z,0,2,0.26240435242652893,0.25113028287887573,0.48646536469459534
gue_splice_reconstructed_frozen__InstaDeepAI_nucleotide-transformer-v2-500m-multi-species__20260514T120331Z,2,2,0.20231039822101593,0.3126090466976166,0.4850805103778839
gue_splice_reconstructed_frozen__InstaDeepAI_nucleotide-transformer-v2-500m-multi-species__20260514T120331Z,0,2,0.316055566072464,0.21971508860588074,0.4642292559146881
gue_splice_reconstructed_frozen__InstaDeepAI_nucleotide-transformer-v2-500m-multi-species__20260514T120331Z,0,2,0.2147020697593689,0.17635059356689453,0.6089473366737366
gue_splice_reconstructed_frozen__InstaDeepAI_nucleotide-transformer-v2-500m-multi-species__20260514T120331Z,1,2,0.1299903690814972,0.30673402547836304,0.5632756352424622
gue_splice_reconstructed_frozen__InstaDeepAI_nucleotide-transformer-v2-500m-multi-species__20260514T120331Z,2,2,0.19922326505184174,0.1809525340795517,0.619824230670929
gue_splice_reconstructed_frozen__InstaDeepAI_nucleotide-transformer-v2-500m-multi-species__20260514T120331Z,2,2,0.19930344820022583,0.201751247048378,0.5989453196525574
gue_splice_reconstructed_frozen__InstaDeepAI_nucleotide-transformer-v2-500m-multi-species__20260514T120331Z,2,2,0.2176969200372696,0.2947007119655609,0.4876023828983307
gue_splice_reconstructed_frozen__InstaDeepAI_nucleotide-transformer-v2-500m-multi-species__20260514T120331Z,2,2,0.1950468122959137,0.3564107120037079,0.44854241609573364
gue_splice_reconstructed_frozen__InstaDeepAI_nucleotide-transformer-v2-500m-multi-species__20260514T120331Z,1,2,0.19453716278076172,0.11256198585033417,0.6929008364677429
gue_splice_reconstructed_frozen__InstaDeepAI_nucleotide-transformer-v2-500m-multi-species__20260514T120331Z,0,2,0.2359967678785324,0.311378538608551,0.45262467861175537
gue_splice_reconstructed_frozen__InstaDeepAI_nucleotide-transformer-v2-500m-multi-species__20260514T120331Z,2,2,0.17034535109996796,0.050449345260858536,0.779205322265625
gue_splice_reconstructed_frozen__InstaDeepAI_nucleotide-transformer-v2-500m-multi-species__20260514T120331Z,1,1,0.17469924688339233,0.45114848017692566,0.3741522431373596
gue_splice_reconstructed_frozen__InstaDeepAI_nucleotide-transformer-v2-500m-multi-species__20260514T120331Z,0,2,0.27547940611839294,0.20809513330459595,0.5164254307746887
gue_splice_reconstructed_frozen__InstaDeepAI_nucleotide-transformer-v2-500m-multi-species__20260514T120331Z,1,2,0.19801382720470428,0.358578622341156,0.4434075355529785
gue_splice_reconstructed_frozen__InstaDeepAI_nucleotide-transformer-v2-500m-multi-species__20260514T120331Z,1,2,0.23788806796073914,0.11673175543546677,0.6453801393508911
gue_splice_reconstructed_frozen__InstaDeepAI_nucleotide-transformer-v2-500m-multi-species__20260514T120331Z,2,2,0.17681735754013062,0.18799148499965668,0.6351911425590515
gue_splice_reconstructed_frozen__InstaDeepAI_nucleotide-transformer-v2-500m-multi-species__20260514T120331Z,1,2,0.19593627750873566,0.2668830454349518,0.5371806621551514
gue_splice_reconstructed_frozen__InstaDeepAI_nucleotide-transformer-v2-500m-multi-species__20260514T120331Z,2,2,0.20251056551933289,0.22424085438251495,0.573248565196991
gue_splice_reconstructed_frozen__InstaDeepAI_nucleotide-transformer-v2-500m-multi-species__20260514T120331Z,0,2,0.26296767592430115,0.24484369158744812,0.4921886920928955
gue_splice_reconstructed_frozen__InstaDeepAI_nucleotide-transformer-v2-500m-multi-species__20260514T120331Z,2,2,0.15276534855365753,0.3485327661037445,0.49870190024375916
gue_splice_reconstructed_frozen__InstaDeepAI_nucleotide-transformer-v2-500m-multi-species__20260514T120331Z,1,2,0.23760488629341125,0.23806941509246826,0.5243256688117981
gue_splice_reconstructed_frozen__InstaDeepAI_nucleotide-transformer-v2-500m-multi-species__20260514T120331Z,2,2,0.2979229986667633,0.20766666531562805,0.49441033601760864
gue_splice_reconstructed_frozen__InstaDeepAI_nucleotide-transformer-v2-500m-multi-species__20260514T120331Z,0,2,0.14239512383937836,0.14183995127677917,0.7157649397850037
gue_splice_reconstructed_frozen__InstaDeepAI_nucleotide-transformer-v2-500m-multi-species__20260514T120331Z,1,2,0.3679996728897095,0.06591429561376572,0.5660859942436218
gue_splice_reconstructed_frozen__InstaDeepAI_nucleotide-transformer-v2-500m-multi-species__20260514T120331Z,0,2,0.20214779675006866,0.3699053227901459,0.42794689536094666
gue_splice_reconstructed_frozen__InstaDeepAI_nucleotide-transformer-v2-500m-multi-species__20260514T120331Z,0,2,0.17996171116828918,0.17717163264751434,0.6428666710853577
gue_splice_reconstructed_frozen__InstaDeepAI_nucleotide-transformer-v2-500m-multi-species__20260514T120331Z,2,2,0.2963225543498993,0.3014485836029053,0.40222883224487305
gue_splice_reconstructed_frozen__InstaDeepAI_nucleotide-transformer-v2-500m-multi-species__20260514T120331Z,2,2,0.21626494824886322,0.27955177426338196,0.5041832327842712
gue_splice_reconstructed_frozen__InstaDeepAI_nucleotide-transformer-v2-500m-multi-species__20260514T120331Z,1,2,0.1675165891647339,0.3693903386592865,0.4630930721759796
gue_splice_reconstructed_frozen__InstaDeepAI_nucleotide-transformer-v2-500m-multi-species__20260514T120331Z,2,1,0.27630966901779175,0.37136170268058777,0.3523285984992981
gue_splice_reconstructed_frozen__InstaDeepAI_nucleotide-transformer-v2-500m-multi-species__20260514T120331Z,0,2,0.16525980830192566,0.2587711215019226,0.5759690403938293
gue_splice_reconstructed_frozen__InstaDeepAI_nucleotide-transformer-v2-500m-multi-species__20260514T120331Z,0,2,0.3090898394584656,0.2092811018228531,0.4816291332244873
gue_splice_reconstructed_frozen__InstaDeepAI_nucleotide-transformer-v2-500m-multi-species__20260514T120331Z,2,2,0.23603542149066925,0.29162055253982544,0.47234398126602173
gue_splice_reconstructed_frozen__InstaDeepAI_nucleotide-transformer-v2-500m-multi-species__20260514T120331Z,0,2,0.26324915885925293,0.28350451588630676,0.4532463848590851
gue_splice_reconstructed_frozen__InstaDeepAI_nucleotide-transformer-v2-500m-multi-species__20260514T120331Z,2,2,0.2849709689617157,0.21164320409297943,0.5033858418464661
gue_splice_reconstructed_frozen__InstaDeepAI_nucleotide-transformer-v2-500m-multi-species__20260514T120331Z,2,2,0.21491938829421997,0.1883275955915451,0.5967530012130737
gue_splice_reconstructed_frozen__InstaDeepAI_nucleotide-transformer-v2-500m-multi-species__20260514T120331Z,2,2,0.2015250325202942,0.24421580135822296,0.5542591214179993
gue_splice_reconstructed_frozen__InstaDeepAI_nucleotide-transformer-v2-500m-multi-species__20260514T120331Z,0,1,0.21530528366565704,0.4613993763923645,0.32329535484313965
gue_splice_reconstructed_frozen__InstaDeepAI_nucleotide-transformer-v2-500m-multi-species__20260514T120331Z,2,2,0.1225229874253273,0.10197267681360245,0.7755042910575867
gue_splice_reconstructed_frozen__InstaDeepAI_nucleotide-transformer-v2-500m-multi-species__20260514T120331Z,1,1,0.21956221759319305,0.4745597839355469,0.3058779835700989
gue_splice_reconstructed_frozen__InstaDeepAI_nucleotide-transformer-v2-500m-multi-species__20260514T120331Z,1,2,0.26246240735054016,0.17672593891620636,0.5608116984367371
gue_splice_reconstructed_frozen__InstaDeepAI_nucleotide-transformer-v2-500m-multi-species__20260514T120331Z,2,2,0.1759529411792755,0.2260383814573288,0.5980086922645569
gue_splice_reconstructed_frozen__InstaDeepAI_nucleotide-transformer-v2-500m-multi-species__20260514T120331Z,2,2,0.17174041271209717,0.2217607945203781,0.6064988374710083
gue_splice_reconstructed_frozen__InstaDeepAI_nucleotide-transformer-v2-500m-multi-species__20260514T120331Z,1,2,0.1471351683139801,0.39732712507247925,0.4555377960205078
gue_splice_reconstructed_frozen__InstaDeepAI_nucleotide-transformer-v2-500m-multi-species__20260514T120331Z,2,2,0.24264374375343323,0.2691729664802551,0.48818331956863403
gue_splice_reconstructed_frozen__InstaDeepAI_nucleotide-transformer-v2-500m-multi-species__20260514T120331Z,1,2,0.17809583246707916,0.27706772089004517,0.5448364615440369
gue_splice_reconstructed_frozen__InstaDeepAI_nucleotide-transformer-v2-500m-multi-species__20260514T120331Z,2,2,0.136233851313591,0.12477128207683563,0.738994836807251
gue_splice_reconstructed_frozen__InstaDeepAI_nucleotide-transformer-v2-500m-multi-species__20260514T120331Z,2,2,0.2968996465206146,0.2455419898033142,0.45755836367607117
gue_splice_reconstructed_frozen__InstaDeepAI_nucleotide-transformer-v2-500m-multi-species__20260514T120331Z,1,2,0.1510988026857376,0.33322814106941223,0.515673041343689
gue_splice_reconstructed_frozen__InstaDeepAI_nucleotide-transformer-v2-500m-multi-species__20260514T120331Z,2,2,0.15786051750183105,0.1452859789133072,0.6968534588813782
gue_splice_reconstructed_frozen__InstaDeepAI_nucleotide-transformer-v2-500m-multi-species__20260514T120331Z,1,2,0.16884925961494446,0.30825740098953247,0.5228933095932007
gue_splice_reconstructed_frozen__InstaDeepAI_nucleotide-transformer-v2-500m-multi-species__20260514T120331Z,2,2,0.21570011973381042,0.30164146423339844,0.48265835642814636
gue_splice_reconstructed_frozen__InstaDeepAI_nucleotide-transformer-v2-500m-multi-species__20260514T120331Z,2,2,0.187607079744339,0.17555342614650726,0.6368395090103149
gue_splice_reconstructed_frozen__InstaDeepAI_nucleotide-transformer-v2-500m-multi-species__20260514T120331Z,1,2,0.15281786024570465,0.24129830300807953,0.6058838367462158
gue_splice_reconstructed_frozen__InstaDeepAI_nucleotide-transformer-v2-500m-multi-species__20260514T120331Z,1,2,0.2996177673339844,0.30788591504096985,0.3924963176250458
gue_splice_reconstructed_frozen__InstaDeepAI_nucleotide-transformer-v2-500m-multi-species__20260514T120331Z,0,2,0.2544979453086853,0.24183781445026398,0.5036642551422119
gue_splice_reconstructed_frozen__InstaDeepAI_nucleotide-transformer-v2-500m-multi-species__20260514T120331Z,2,2,0.24143707752227783,0.1781114786863327,0.5804514288902283
gue_splice_reconstructed_frozen__InstaDeepAI_nucleotide-transformer-v2-500m-multi-species__20260514T120331Z,1,2,0.2363141030073166,0.1845928579568863,0.5790930390357971
gue_splice_reconstructed_frozen__InstaDeepAI_nucleotide-transformer-v2-500m-multi-species__20260514T120331Z,0,2,0.3044874668121338,0.2985799014568329,0.3969326615333557
gue_splice_reconstructed_frozen__InstaDeepAI_nucleotide-transformer-v2-500m-multi-species__20260514T120331Z,1,2,0.26254981756210327,0.24670293927192688,0.49074721336364746
gue_splice_reconstructed_frozen__InstaDeepAI_nucleotide-transformer-v2-500m-multi-species__20260514T120331Z,1,1,0.15958866477012634,0.4388134479522705,0.40159788727760315
gue_splice_reconstructed_frozen__InstaDeepAI_nucleotide-transformer-v2-500m-multi-species__20260514T120331Z,0,2,0.14408132433891296,0.14880020916461945,0.7071184515953064
gue_splice_reconstructed_frozen__InstaDeepAI_nucleotide-transformer-v2-500m-multi-species__20260514T120331Z,0,2,0.17649252712726593,0.29220613837242126,0.5313013195991516
gue_splice_reconstructed_frozen__InstaDeepAI_nucleotide-transformer-v2-500m-multi-species__20260514T120331Z,2,2,0.1900351643562317,0.18320176005363464,0.6267630457878113
gue_splice_reconstructed_frozen__InstaDeepAI_nucleotide-transformer-v2-500m-multi-species__20260514T120331Z,1,2,0.3231232166290283,0.29244354367256165,0.3844332993030548
gue_splice_reconstructed_frozen__InstaDeepAI_nucleotide-transformer-v2-500m-multi-species__20260514T120331Z,2,2,0.12442515045404434,0.13103468716144562,0.7445402145385742
gue_splice_reconstructed_frozen__InstaDeepAI_nucleotide-transformer-v2-500m-multi-species__20260514T120331Z,2,2,0.20503182709217072,0.18195883929729462,0.6130092740058899
gue_splice_reconstructed_frozen__InstaDeepAI_nucleotide-transformer-v2-500m-multi-species__20260514T120331Z,2,2,0.2831017076969147,0.19129328429698944,0.5256050229072571
gue_splice_reconstructed_frozen__InstaDeepAI_nucleotide-transformer-v2-500m-multi-species__20260514T120331Z,1,0,0.3749130666255951,0.3256506323814392,0.2994363009929657
gue_splice_reconstructed_frozen__InstaDeepAI_nucleotide-transformer-v2-500m-multi-species__20260514T120331Z,2,2,0.16526997089385986,0.4083486497402191,0.4263814091682434
gue_splice_reconstructed_frozen__InstaDeepAI_nucleotide-transformer-v2-500m-multi-species__20260514T120331Z,2,2,0.24312153458595276,0.2725908160209656,0.4842875897884369
gue_splice_reconstructed_frozen__InstaDeepAI_nucleotide-transformer-v2-500m-multi-species__20260514T120331Z,1,2,0.2026202380657196,0.25896549224853516,0.5384142994880676
gue_splice_reconstructed_frozen__InstaDeepAI_nucleotide-transformer-v2-500m-multi-species__20260514T120331Z,2,2,0.17175926268100739,0.1323854774236679,0.6958553194999695
gue_splice_reconstructed_frozen__InstaDeepAI_nucleotide-transformer-v2-500m-multi-species__20260514T120331Z,2,2,0.3089355230331421,0.11768891662359238,0.5733755230903625
gue_splice_reconstructed_frozen__InstaDeepAI_nucleotide-transformer-v2-500m-multi-species__20260514T120331Z,2,2,0.26308000087738037,0.10507719963788986,0.6318427920341492
gue_splice_reconstructed_frozen__InstaDeepAI_nucleotide-transformer-v2-500m-multi-species__20260514T120331Z,1,2,0.2003890424966812,0.330496609210968,0.4691143333911896
gue_splice_reconstructed_frozen__InstaDeepAI_nucleotide-transformer-v2-500m-multi-species__20260514T120331Z,2,2,0.1666947454214096,0.09285890311002731,0.7404463291168213
gue_splice_reconstructed_frozen__InstaDeepAI_nucleotide-transformer-v2-500m-multi-species__20260514T120331Z,2,2,0.18612799048423767,0.2084789276123047,0.6053930521011353
gue_splice_reconstructed_frozen__InstaDeepAI_nucleotide-transformer-v2-500m-multi-species__20260514T120331Z,1,2,0.26426389813423157,0.277453750371933,0.4582822918891907
gue_splice_reconstructed_frozen__InstaDeepAI_nucleotide-transformer-v2-500m-multi-species__20260514T120331Z,2,2,0.1937272548675537,0.2861836850643158,0.5200890898704529
gue_splice_reconstructed_frozen__InstaDeepAI_nucleotide-transformer-v2-500m-multi-species__20260514T120331Z,0,2,0.29214468598365784,0.24399174749851227,0.4638635516166687
gue_splice_reconstructed_frozen__InstaDeepAI_nucleotide-transformer-v2-500m-multi-species__20260514T120331Z,2,1,0.21874012053012848,0.4071665108203888,0.37409335374832153
gue_splice_reconstructed_frozen__InstaDeepAI_nucleotide-transformer-v2-500m-multi-species__20260514T120331Z,0,2,0.25984156131744385,0.1891666054725647,0.5509918332099915
gue_splice_reconstructed_frozen__InstaDeepAI_nucleotide-transformer-v2-500m-multi-species__20260514T120331Z,2,0,0.39000317454338074,0.22387798130512238,0.3861188292503357
gue_splice_reconstructed_frozen__InstaDeepAI_nucleotide-transformer-v2-500m-multi-species__20260514T120331Z,1,2,0.18286846578121185,0.3770584166049957,0.440073162317276
gue_splice_reconstructed_frozen__InstaDeepAI_nucleotide-transformer-v2-500m-multi-species__20260514T120331Z,2,2,0.18902449309825897,0.24596327543258667,0.5650122165679932
gue_splice_reconstructed_frozen__InstaDeepAI_nucleotide-transformer-v2-500m-multi-species__20260514T120331Z,1,2,0.23493199050426483,0.2608089745044708,0.5042590498924255
gue_splice_reconstructed_frozen__InstaDeepAI_nucleotide-transformer-v2-500m-multi-species__20260514T120331Z,2,2,0.37208810448646545,0.12696804106235504,0.5009438395500183
gue_splice_reconstructed_frozen__InstaDeepAI_nucleotide-transformer-v2-500m-multi-species__20260514T120331Z,1,2,0.18554231524467468,0.22939404845237732,0.5850635766983032
gue_splice_reconstructed_frozen__InstaDeepAI_nucleotide-transformer-v2-500m-multi-species__20260514T120331Z,1,2,0.3782278597354889,0.15278057754039764,0.46899154782295227
gue_splice_reconstructed_frozen__InstaDeepAI_nucleotide-transformer-v2-500m-multi-species__20260514T120331Z,2,2,0.29741427302360535,0.1747768074274063,0.5278089642524719
gue_splice_reconstructed_frozen__InstaDeepAI_nucleotide-transformer-v2-500m-multi-species__20260514T120331Z,2,2,0.20393319427967072,0.22523801028728485,0.5708287954330444
gue_splice_reconstructed_frozen__InstaDeepAI_nucleotide-transformer-v2-500m-multi-species__20260514T120331Z,2,2,0.25880542397499084,0.1627887636423111,0.5784057974815369
gue_splice_reconstructed_frozen__InstaDeepAI_nucleotide-transformer-v2-500m-multi-species__20260514T120331Z,2,2,0.1879129707813263,0.17545373737812042,0.6366332769393921
gue_splice_reconstructed_frozen__InstaDeepAI_nucleotide-transformer-v2-500m-multi-species__20260514T120331Z,1,2,0.22211477160453796,0.3301858901977539,0.4476993978023529
gue_splice_reconstructed_frozen__InstaDeepAI_nucleotide-transformer-v2-500m-multi-species__20260514T120331Z,2,2,0.2392296940088272,0.1970253437757492,0.5637449026107788
gue_splice_reconstructed_frozen__InstaDeepAI_nucleotide-transformer-v2-500m-multi-species__20260514T120331Z,1,2,0.2571941316127777,0.3009566366672516,0.4418492913246155
gue_splice_reconstructed_frozen__InstaDeepAI_nucleotide-transformer-v2-500m-multi-species__20260514T120331Z,2,2,0.22501243650913239,0.1641610711812973,0.6108264327049255
gue_splice_reconstructed_frozen__InstaDeepAI_nucleotide-transformer-v2-500m-multi-species__20260514T120331Z,0,2,0.2579527795314789,0.2135373204946518,0.5285099148750305
gue_splice_reconstructed_frozen__InstaDeepAI_nucleotide-transformer-v2-500m-multi-species__20260514T120331Z,2,2,0.18354293704032898,0.22786588966846466,0.5885911583900452
gue_splice_reconstructed_frozen__InstaDeepAI_nucleotide-transformer-v2-500m-multi-species__20260514T120331Z,2,2,0.10280132293701172,0.10964538156986237,0.7875532507896423
gue_splice_reconstructed_frozen__InstaDeepAI_nucleotide-transformer-v2-500m-multi-species__20260514T120331Z,1,2,0.29576584696769714,0.2635577917098999,0.44067639112472534
gue_splice_reconstructed_frozen__InstaDeepAI_nucleotide-transformer-v2-500m-multi-species__20260514T120331Z,2,1,0.10881170630455017,0.5083259344100952,0.3828623592853546
gue_splice_reconstructed_frozen__InstaDeepAI_nucleotide-transformer-v2-500m-multi-species__20260514T120331Z,1,2,0.2307959347963333,0.18328918516635895,0.5859149098396301
gue_splice_reconstructed_frozen__InstaDeepAI_nucleotide-transformer-v2-500m-multi-species__20260514T120331Z,2,2,0.22496576607227325,0.22128881514072418,0.553745448589325
gue_splice_reconstructed_frozen__InstaDeepAI_nucleotide-transformer-v2-500m-multi-species__20260514T120331Z,0,2,0.3296336233615875,0.1633598655462265,0.5070064663887024
gue_splice_reconstructed_frozen__InstaDeepAI_nucleotide-transformer-v2-500m-multi-species__20260514T120331Z,1,2,0.16249226033687592,0.211103618144989,0.6264041066169739
gue_splice_reconstructed_frozen__InstaDeepAI_nucleotide-transformer-v2-500m-multi-species__20260514T120331Z,1,2,0.1871357262134552,0.18333707749843597,0.6295271515846252
gue_splice_reconstructed_frozen__InstaDeepAI_nucleotide-transformer-v2-500m-multi-species__20260514T120331Z,2,2,0.17126354575157166,0.15812243521213531,0.6706140637397766
gue_splice_reconstructed_frozen__InstaDeepAI_nucleotide-transformer-v2-500m-multi-species__20260514T120331Z,0,2,0.21503254771232605,0.3069642186164856,0.47800323367118835
gue_splice_reconstructed_frozen__InstaDeepAI_nucleotide-transformer-v2-500m-multi-species__20260514T120331Z,1,2,0.17389905452728271,0.34407100081443787,0.4820299446582794
gue_splice_reconstructed_frozen__InstaDeepAI_nucleotide-transformer-v2-500m-multi-species__20260514T120331Z,2,2,0.2056773155927658,0.23673316836357117,0.5575895309448242
gue_splice_reconstructed_frozen__InstaDeepAI_nucleotide-transformer-v2-500m-multi-species__20260514T120331Z,2,2,0.1611982136964798,0.1640969067811966,0.674704909324646
gue_splice_reconstructed_frozen__InstaDeepAI_nucleotide-transformer-v2-500m-multi-species__20260514T120331Z,2,2,0.18352998793125153,0.36499297618865967,0.45147705078125
gue_splice_reconstructed_frozen__InstaDeepAI_nucleotide-transformer-v2-500m-multi-species__20260514T120331Z,1,2,0.22191087901592255,0.16679297387599945,0.6112961769104004
gue_splice_reconstructed_frozen__InstaDeepAI_nucleotide-transformer-v2-500m-multi-species__20260514T120331Z,0,2,0.35877448320388794,0.1758587658405304,0.46536675095558167
gue_splice_reconstructed_frozen__InstaDeepAI_nucleotide-transformer-v2-500m-multi-species__20260514T120331Z,2,2,0.15271702408790588,0.0487130768597126,0.798569917678833
gue_splice_reconstructed_frozen__InstaDeepAI_nucleotide-transformer-v2-500m-multi-species__20260514T120331Z,1,2,0.17418263852596283,0.2527391016483307,0.5730782747268677
gue_splice_reconstructed_frozen__InstaDeepAI_nucleotide-transformer-v2-500m-multi-species__20260514T120331Z,0,2,0.24466091394424438,0.15362907946109772,0.6017099618911743
gue_splice_reconstructed_frozen__InstaDeepAI_nucleotide-transformer-v2-500m-multi-species__20260514T120331Z,0,2,0.21796970069408417,0.213753804564476,0.5682765245437622
gue_splice_reconstructed_frozen__InstaDeepAI_nucleotide-transformer-v2-500m-multi-species__20260514T120331Z,1,1,0.2768268883228302,0.4664929509162903,0.2566801905632019
gue_splice_reconstructed_frozen__InstaDeepAI_nucleotide-transformer-v2-500m-multi-species__20260514T120331Z,2,2,0.20890271663665771,0.2042129933834076,0.5868842601776123
gue_splice_reconstructed_frozen__InstaDeepAI_nucleotide-transformer-v2-500m-multi-species__20260514T120331Z,0,2,0.22083112597465515,0.2330733835697174,0.5460954904556274
gue_splice_reconstructed_frozen__InstaDeepAI_nucleotide-transformer-v2-500m-multi-species__20260514T120331Z,1,1,0.13902495801448822,0.43763360381126404,0.42334139347076416
gue_splice_reconstructed_frozen__InstaDeepAI_nucleotide-transformer-v2-500m-multi-species__20260514T120331Z,1,2,0.21988433599472046,0.2306901216506958,0.5494255423545837
gue_splice_reconstructed_frozen__InstaDeepAI_nucleotide-transformer-v2-500m-multi-species__20260514T120331Z,2,2,0.1401669830083847,0.07555905729532242,0.7842739224433899
gue_splice_reconstructed_frozen__InstaDeepAI_nucleotide-transformer-v2-500m-multi-species__20260514T120331Z,0,2,0.37352314591407776,0.23368774354457855,0.3927891254425049
gue_splice_reconstructed_frozen__InstaDeepAI_nucleotide-transformer-v2-500m-multi-species__20260514T120331Z,0,2,0.23787733912467957,0.1177506372332573,0.6443719863891602
gue_splice_reconstructed_frozen__InstaDeepAI_nucleotide-transformer-v2-500m-multi-species__20260514T120331Z,1,2,0.2087414711713791,0.2900245189666748,0.5012339949607849
gue_splice_reconstructed_frozen__InstaDeepAI_nucleotide-transformer-v2-500m-multi-species__20260514T120331Z,1,2,0.23880131542682648,0.19935551285743713,0.5618431568145752
gue_splice_reconstructed_frozen__InstaDeepAI_nucleotide-transformer-v2-500m-multi-species__20260514T120331Z,2,2,0.24716372787952423,0.22161023318767548,0.5312260985374451
gue_splice_reconstructed_frozen__InstaDeepAI_nucleotide-transformer-v2-500m-multi-species__20260514T120331Z,2,2,0.17425216734409332,0.39959821105003357,0.4261496663093567
gue_splice_reconstructed_frozen__InstaDeepAI_nucleotide-transformer-v2-500m-multi-species__20260514T120331Z,2,2,0.1676163673400879,0.11242246627807617,0.7199612259864807
gue_splice_reconstructed_frozen__InstaDeepAI_nucleotide-transformer-v2-500m-multi-species__20260514T120331Z,0,2,0.2739860713481903,0.2993966042995453,0.4266173243522644
gue_splice_reconstructed_frozen__InstaDeepAI_nucleotide-transformer-v2-500m-multi-species__20260514T120331Z,1,0,0.43018457293510437,0.14370733499526978,0.4261080324649811
gue_splice_reconstructed_frozen__InstaDeepAI_nucleotide-transformer-v2-500m-multi-species__20260514T120331Z,0,2,0.22602511942386627,0.2766614556312561,0.49731341004371643
gue_splice_reconstructed_frozen__InstaDeepAI_nucleotide-transformer-v2-500m-multi-species__20260514T120331Z,2,2,0.19739073514938354,0.3533073961734772,0.4493018686771393
gue_splice_reconstructed_frozen__InstaDeepAI_nucleotide-transformer-v2-500m-multi-species__20260514T120331Z,2,2,0.22809353470802307,0.20778293907642365,0.5641235709190369
gue_splice_reconstructed_frozen__InstaDeepAI_nucleotide-transformer-v2-500m-multi-species__20260514T120331Z,1,2,0.19832615554332733,0.2929997444152832,0.5086740851402283
gue_splice_reconstructed_frozen__InstaDeepAI_nucleotide-transformer-v2-500m-multi-species__20260514T120331Z,0,2,0.3570990562438965,0.13844919204711914,0.5044517517089844
gue_splice_reconstructed_frozen__InstaDeepAI_nucleotide-transformer-v2-500m-multi-species__20260514T120331Z,2,2,0.302926629781723,0.24545224010944366,0.4516211450099945
gue_splice_reconstructed_frozen__InstaDeepAI_nucleotide-transformer-v2-500m-multi-species__20260514T120331Z,0,2,0.23701460659503937,0.1933748424053192,0.5696105360984802
gue_splice_reconstructed_frozen__InstaDeepAI_nucleotide-transformer-v2-500m-multi-species__20260514T120331Z,0,2,0.23491424322128296,0.12433630228042603,0.640749454498291
gue_splice_reconstructed_frozen__InstaDeepAI_nucleotide-transformer-v2-500m-multi-species__20260514T120331Z,0,2,0.25770723819732666,0.199383944272995,0.5429088473320007
gue_splice_reconstructed_frozen__InstaDeepAI_nucleotide-transformer-v2-500m-multi-species__20260514T120331Z,2,2,0.17560872435569763,0.18078546226024628,0.6436058282852173
gue_splice_reconstructed_frozen__InstaDeepAI_nucleotide-transformer-v2-500m-multi-species__20260514T120331Z,0,2,0.368838906288147,0.183751180768013,0.44740989804267883
gue_splice_reconstructed_frozen__InstaDeepAI_nucleotide-transformer-v2-500m-multi-species__20260514T120331Z,2,2,0.27761104702949524,0.19369138777256012,0.5286975502967834
gue_splice_reconstructed_frozen__InstaDeepAI_nucleotide-transformer-v2-500m-multi-species__20260514T120331Z,1,2,0.2290962040424347,0.19957752525806427,0.5713263154029846
gue_splice_reconstructed_frozen__InstaDeepAI_nucleotide-transformer-v2-500m-multi-species__20260514T120331Z,2,2,0.20173537731170654,0.16724450886249542,0.6310200691223145
gue_splice_reconstructed_frozen__InstaDeepAI_nucleotide-transformer-v2-500m-multi-species__20260514T120331Z,2,2,0.1672748476266861,0.10220314562320709,0.7305219769477844
gue_splice_reconstructed_frozen__InstaDeepAI_nucleotide-transformer-v2-500m-multi-species__20260514T120331Z,2,2,0.21186096966266632,0.2538275718688965,0.5343114733695984
gue_splice_reconstructed_frozen__InstaDeepAI_nucleotide-transformer-v2-500m-multi-species__20260514T120331Z,2,2,0.20320546627044678,0.22619454562664032,0.5705999732017517
gue_splice_reconstructed_frozen__InstaDeepAI_nucleotide-transformer-v2-500m-multi-species__20260514T120331Z,1,2,0.22277450561523438,0.19734320044517517,0.5798823237419128
gue_splice_reconstructed_frozen__InstaDeepAI_nucleotide-transformer-v2-500m-multi-species__20260514T120331Z,2,1,0.14680005609989166,0.42758941650390625,0.4256105422973633
gue_splice_reconstructed_frozen__InstaDeepAI_nucleotide-transformer-v2-500m-multi-species__20260514T120331Z,2,2,0.15098945796489716,0.31082355976104736,0.5381870269775391
gue_splice_reconstructed_frozen__InstaDeepAI_nucleotide-transformer-v2-500m-multi-species__20260514T120331Z,1,1,0.24990662932395935,0.47819241881370544,0.27190101146698
gue_splice_reconstructed_frozen__InstaDeepAI_nucleotide-transformer-v2-500m-multi-species__20260514T120331Z,1,2,0.2445055991411209,0.25257518887519836,0.5029191970825195
gue_splice_reconstructed_frozen__InstaDeepAI_nucleotide-transformer-v2-500m-multi-species__20260514T120331Z,1,2,0.32448652386665344,0.2556736171245575,0.41983985900878906
gue_splice_reconstructed_frozen__InstaDeepAI_nucleotide-transformer-v2-500m-multi-species__20260514T120331Z,2,2,0.17180268466472626,0.2557275891304016,0.5724697113037109
gue_splice_reconstructed_frozen__InstaDeepAI_nucleotide-transformer-v2-500m-multi-species__20260514T120331Z,1,2,0.1655169278383255,0.20339059829711914,0.6310924887657166
gue_splice_reconstructed_frozen__InstaDeepAI_nucleotide-transformer-v2-500m-multi-species__20260514T120331Z,2,2,0.3109774887561798,0.2724423408508301,0.4165802001953125
gue_splice_reconstructed_frozen__InstaDeepAI_nucleotide-transformer-v2-500m-multi-species__20260514T120331Z,1,2,0.26254981756210327,0.24670293927192688,0.49074721336364746
gue_splice_reconstructed_frozen__InstaDeepAI_nucleotide-transformer-v2-500m-multi-species__20260514T120331Z,0,2,0.22163338959217072,0.23122309148311615,0.5471435785293579
gue_splice_reconstructed_frozen__InstaDeepAI_nucleotide-transformer-v2-500m-multi-species__20260514T120331Z,0,2,0.2755957543849945,0.21360830962657928,0.5107958912849426
gue_splice_reconstructed_frozen__InstaDeepAI_nucleotide-transformer-v2-500m-multi-species__20260514T120331Z,1,2,0.23877352476119995,0.23335623741149902,0.527870237827301
gue_splice_reconstructed_frozen__InstaDeepAI_nucleotide-transformer-v2-500m-multi-species__20260514T120331Z,1,2,0.19563527405261993,0.21168716251850128,0.5926775932312012
gue_splice_reconstructed_frozen__InstaDeepAI_nucleotide-transformer-v2-500m-multi-species__20260514T120331Z,2,2,0.2129460722208023,0.29997238516807556,0.4870815575122833
gue_splice_reconstructed_frozen__InstaDeepAI_nucleotide-transformer-v2-500m-multi-species__20260514T120331Z,0,2,0.23144380748271942,0.23722173273563385,0.5313345193862915
gue_splice_reconstructed_frozen__InstaDeepAI_nucleotide-transformer-v2-500m-multi-species__20260514T120331Z,0,2,0.21911530196666718,0.1915595531463623,0.5893251299858093
gue_splice_reconstructed_frozen__InstaDeepAI_nucleotide-transformer-v2-500m-multi-species__20260514T120331Z,2,2,0.21995481848716736,0.2474830448627472,0.5325621366500854
gue_splice_reconstructed_frozen__InstaDeepAI_nucleotide-transformer-v2-500m-multi-species__20260514T120331Z,1,2,0.17252875864505768,0.2683618664741516,0.5591093897819519
gue_splice_reconstructed_frozen__InstaDeepAI_nucleotide-transformer-v2-500m-multi-species__20260514T120331Z,1,2,0.2849233150482178,0.231853187084198,0.4832235276699066
gue_splice_reconstructed_frozen__InstaDeepAI_nucleotide-transformer-v2-500m-multi-species__20260514T120331Z,1,2,0.20602913200855255,0.34076446294784546,0.4532064199447632
gue_splice_reconstructed_frozen__InstaDeepAI_nucleotide-transformer-v2-500m-multi-species__20260514T120331Z,2,2,0.19724524021148682,0.3670659363269806,0.4356888234615326
gue_splice_reconstructed_frozen__InstaDeepAI_nucleotide-transformer-v2-500m-multi-species__20260514T120331Z,0,2,0.2579333186149597,0.23773537576198578,0.5043312907218933
gue_splice_reconstructed_frozen__InstaDeepAI_nucleotide-transformer-v2-500m-multi-species__20260514T120331Z,2,2,0.2303345650434494,0.16385088860988617,0.605814516544342
gue_splice_reconstructed_frozen__InstaDeepAI_nucleotide-transformer-v2-500m-multi-species__20260514T120331Z,1,2,0.1549040973186493,0.23273737728595734,0.6123585104942322
gue_splice_reconstructed_frozen__InstaDeepAI_nucleotide-transformer-v2-500m-multi-species__20260514T120331Z,2,1,0.2760412395000458,0.3714994788169861,0.35245928168296814
gue_splice_reconstructed_frozen__InstaDeepAI_nucleotide-transformer-v2-500m-multi-species__20260514T120331Z,2,2,0.22591274976730347,0.23334021866321564,0.5407470464706421
gue_splice_reconstructed_frozen__InstaDeepAI_nucleotide-transformer-v2-500m-multi-species__20260514T120331Z,1,2,0.23345401883125305,0.26331382989883423,0.5032321810722351
gue_splice_reconstructed_frozen__InstaDeepAI_nucleotide-transformer-v2-500m-multi-species__20260514T120331Z,2,2,0.24497222900390625,0.122100830078125,0.6329269409179688
gue_splice_reconstructed_frozen__InstaDeepAI_nucleotide-transformer-v2-500m-multi-species__20260514T120331Z,0,2,0.2004607617855072,0.37005648016929626,0.42948269844055176
gue_splice_reconstructed_frozen__InstaDeepAI_nucleotide-transformer-v2-500m-multi-species__20260514T120331Z,1,2,0.2849300503730774,0.3025437295436859,0.4125262498855591
gue_splice_reconstructed_frozen__InstaDeepAI_nucleotide-transformer-v2-500m-multi-species__20260514T120331Z,2,2,0.14462924003601074,0.25208181142807007,0.6032888889312744
gue_splice_reconstructed_frozen__InstaDeepAI_nucleotide-transformer-v2-500m-multi-species__20260514T120331Z,2,2,0.30843260884284973,0.1485305279493332,0.5430368781089783
gue_splice_reconstructed_frozen__InstaDeepAI_nucleotide-transformer-v2-500m-multi-species__20260514T120331Z,2,2,0.25800010561943054,0.2132638841867447,0.5287359952926636
gue_splice_reconstructed_frozen__InstaDeepAI_nucleotide-transformer-v2-500m-multi-species__20260514T120331Z,0,2,0.24333631992340088,0.316253662109375,0.4404100477695465
gue_splice_reconstructed_frozen__InstaDeepAI_nucleotide-transformer-v2-500m-multi-species__20260514T120331Z,0,2,0.1672738492488861,0.14529454708099365,0.6874315738677979
gue_splice_reconstructed_frozen__InstaDeepAI_nucleotide-transformer-v2-500m-multi-species__20260514T120331Z,0,2,0.1944659948348999,0.21337060630321503,0.5921633839607239
gue_splice_reconstructed_frozen__InstaDeepAI_nucleotide-transformer-v2-500m-multi-species__20260514T120331Z,2,2,0.21427153050899506,0.2303573340177536,0.5553711652755737
gue_splice_reconstructed_frozen__InstaDeepAI_nucleotide-transformer-v2-500m-multi-species__20260514T120331Z,0,2,0.319423645734787,0.18104925751686096,0.49952706694602966
gue_splice_reconstructed_frozen__InstaDeepAI_nucleotide-transformer-v2-500m-multi-species__20260514T120331Z,2,2,0.2171534299850464,0.16672101616859436,0.6161255836486816
gue_splice_reconstructed_frozen__InstaDeepAI_nucleotide-transformer-v2-500m-multi-species__20260514T120331Z,1,2,0.17089281976222992,0.10733434557914734,0.7217727899551392
gue_splice_reconstructed_frozen__InstaDeepAI_nucleotide-transformer-v2-500m-multi-species__20260514T120331Z,1,2,0.2897171974182129,0.24649585783481598,0.46378692984580994
gue_splice_reconstructed_frozen__InstaDeepAI_nucleotide-transformer-v2-500m-multi-species__20260514T120331Z,0,2,0.1434088498353958,0.09223072230815887,0.7643604278564453
gue_splice_reconstructed_frozen__InstaDeepAI_nucleotide-transformer-v2-500m-multi-species__20260514T120331Z,0,1,0.12218637019395828,0.5171942710876465,0.36061933636665344
gue_splice_reconstructed_frozen__InstaDeepAI_nucleotide-transformer-v2-500m-multi-species__20260514T120331Z,1,2,0.14667487144470215,0.3274446427822113,0.5258804559707642
gue_splice_reconstructed_frozen__InstaDeepAI_nucleotide-transformer-v2-500m-multi-species__20260514T120331Z,2,2,0.22746650874614716,0.1777576506137848,0.5947758555412292
gue_splice_reconstructed_frozen__InstaDeepAI_nucleotide-transformer-v2-500m-multi-species__20260514T120331Z,0,2,0.15747183561325073,0.16828396916389465,0.674244225025177
gue_splice_reconstructed_frozen__InstaDeepAI_nucleotide-transformer-v2-500m-multi-species__20260514T120331Z,1,2,0.25141364336013794,0.2054484635591507,0.5431378483772278
gue_splice_reconstructed_frozen__InstaDeepAI_nucleotide-transformer-v2-500m-multi-species__20260514T120331Z,2,2,0.2187795639038086,0.14132368564605713,0.6398967504501343
gue_splice_reconstructed_frozen__InstaDeepAI_nucleotide-transformer-v2-500m-multi-species__20260514T120331Z,0,2,0.19422310590744019,0.1402527242898941,0.6655241847038269
gue_splice_reconstructed_frozen__InstaDeepAI_nucleotide-transformer-v2-500m-multi-species__20260514T120331Z,0,2,0.23824499547481537,0.31349220871925354,0.4482627511024475
gue_splice_reconstructed_frozen__InstaDeepAI_nucleotide-transformer-v2-500m-multi-species__20260514T120331Z,0,2,0.1420971304178238,0.29754188656806946,0.5603609681129456
gue_splice_reconstructed_frozen__InstaDeepAI_nucleotide-transformer-v2-500m-multi-species__20260514T120331Z,2,2,0.30150264501571655,0.20282740890979767,0.4956698715686798
gue_splice_reconstructed_frozen__InstaDeepAI_nucleotide-transformer-v2-500m-multi-species__20260514T120331Z,2,2,0.22798749804496765,0.26582953333854675,0.5061829686164856
gue_splice_reconstructed_frozen__InstaDeepAI_nucleotide-transformer-v2-500m-multi-species__20260514T120331Z,2,2,0.3027167320251465,0.1867261528968811,0.5105571150779724
gue_splice_reconstructed_frozen__InstaDeepAI_nucleotide-transformer-v2-500m-multi-species__20260514T120331Z,2,2,0.21623054146766663,0.15078750252723694,0.6329818964004517
gue_splice_reconstructed_frozen__InstaDeepAI_nucleotide-transformer-v2-500m-multi-species__20260514T120331Z,0,2,0.17975974082946777,0.29575255513191223,0.5244876742362976
gue_splice_reconstructed_frozen__InstaDeepAI_nucleotide-transformer-v2-500m-multi-species__20260514T120331Z,2,2,0.1840667426586151,0.03880447894334793,0.7771288156509399
gue_splice_reconstructed_frozen__InstaDeepAI_nucleotide-transformer-v2-500m-multi-species__20260514T120331Z,0,1,0.25857239961624146,0.37333840131759644,0.36808913946151733
gue_splice_reconstructed_frozen__InstaDeepAI_nucleotide-transformer-v2-500m-multi-species__20260514T120331Z,2,2,0.1832749843597412,0.3513365089893341,0.4653884470462799
gue_splice_reconstructed_frozen__InstaDeepAI_nucleotide-transformer-v2-500m-multi-species__20260514T120331Z,2,2,0.1302015632390976,0.14818748831748962,0.7216109037399292
gue_splice_reconstructed_frozen__InstaDeepAI_nucleotide-transformer-v2-500m-multi-species__20260514T120331Z,2,2,0.37376147508621216,0.18298140168190002,0.4432571530342102
gue_splice_reconstructed_frozen__InstaDeepAI_nucleotide-transformer-v2-500m-multi-species__20260514T120331Z,2,2,0.11491518467664719,0.03845418617129326,0.8466306924819946
gue_splice_reconstructed_frozen__InstaDeepAI_nucleotide-transformer-v2-500m-multi-species__20260514T120331Z,2,2,0.16313746571540833,0.2157530039548874,0.6211094856262207
gue_splice_reconstructed_frozen__InstaDeepAI_nucleotide-transformer-v2-500m-multi-species__20260514T120331Z,1,2,0.14569875597953796,0.20004810392856598,0.6542531251907349
gue_splice_reconstructed_frozen__InstaDeepAI_nucleotide-transformer-v2-500m-multi-species__20260514T120331Z,1,2,0.15170878171920776,0.4088784158229828,0.43941283226013184
gue_splice_reconstructed_frozen__InstaDeepAI_nucleotide-transformer-v2-500m-multi-species__20260514T120331Z,2,1,0.17025339603424072,0.43635231256484985,0.39339423179626465
gue_splice_reconstructed_frozen__InstaDeepAI_nucleotide-transformer-v2-500m-multi-species__20260514T120331Z,1,2,0.14123769104480743,0.35803118348121643,0.5007311105728149
gue_splice_reconstructed_frozen__InstaDeepAI_nucleotide-transformer-v2-500m-multi-species__20260514T120331Z,2,2,0.15508273243904114,0.16316141188144684,0.6817559003829956
gue_splice_reconstructed_frozen__InstaDeepAI_nucleotide-transformer-v2-500m-multi-species__20260514T120331Z,2,2,0.18247097730636597,0.1969132125377655,0.6206158399581909
gue_splice_reconstructed_frozen__InstaDeepAI_nucleotide-transformer-v2-500m-multi-species__20260514T120331Z,2,2,0.1837397813796997,0.3043349087238312,0.5119253396987915
gue_splice_reconstructed_frozen__InstaDeepAI_nucleotide-transformer-v2-500m-multi-species__20260514T120331Z,2,2,0.2990444302558899,0.17122440040111542,0.5297310948371887
gue_splice_reconstructed_frozen__InstaDeepAI_nucleotide-transformer-v2-500m-multi-species__20260514T120331Z,1,2,0.2677701413631439,0.1718963384628296,0.5603334903717041
gue_splice_reconstructed_frozen__InstaDeepAI_nucleotide-transformer-v2-500m-multi-species__20260514T120331Z,2,2,0.2733706533908844,0.17054970562458038,0.5560796856880188
gue_splice_reconstructed_frozen__InstaDeepAI_nucleotide-transformer-v2-500m-multi-species__20260514T120331Z,0,1,0.280358225107193,0.3686476945877075,0.3509940207004547
gue_splice_reconstructed_frozen__InstaDeepAI_nucleotide-transformer-v2-500m-multi-species__20260514T120331Z,2,2,0.18870727717876434,0.2958223521709442,0.5154703855514526
gue_splice_reconstructed_frozen__InstaDeepAI_nucleotide-transformer-v2-500m-multi-species__20260514T120331Z,0,2,0.26940640807151794,0.170425146818161,0.560168445110321
gue_splice_reconstructed_frozen__InstaDeepAI_nucleotide-transformer-v2-500m-multi-species__20260514T120331Z,2,2,0.20811671018600464,0.12179417908191681,0.670089066028595
gue_splice_reconstructed_frozen__InstaDeepAI_nucleotide-transformer-v2-500m-multi-species__20260514T120331Z,2,2,0.2636648416519165,0.027796851471066475,0.708538293838501
gue_splice_reconstructed_frozen__InstaDeepAI_nucleotide-transformer-v2-500m-multi-species__20260514T120331Z,0,2,0.19153212010860443,0.2232414186000824,0.5852264761924744
gue_splice_reconstructed_frozen__InstaDeepAI_nucleotide-transformer-v2-500m-multi-species__20260514T120331Z,0,2,0.36747413873672485,0.15639814734458923,0.4761277437210083
gue_splice_reconstructed_frozen__InstaDeepAI_nucleotide-transformer-v2-500m-multi-species__20260514T120331Z,0,2,0.24679023027420044,0.1569843590259552,0.5962254405021667
gue_splice_reconstructed_frozen__InstaDeepAI_nucleotide-transformer-v2-500m-multi-species__20260514T120331Z,2,2,0.22442860901355743,0.12567998468875885,0.6498914361000061
gue_splice_reconstructed_frozen__InstaDeepAI_nucleotide-transformer-v2-500m-multi-species__20260514T120331Z,1,2,0.13787902891635895,0.19463056325912476,0.6674904227256775
gue_splice_reconstructed_frozen__InstaDeepAI_nucleotide-transformer-v2-500m-multi-species__20260514T120331Z,2,2,0.20055750012397766,0.26728951930999756,0.5321530103683472
gue_splice_reconstructed_frozen__InstaDeepAI_nucleotide-transformer-v2-500m-multi-species__20260514T120331Z,2,2,0.1582162231206894,0.28140607476234436,0.5603777170181274
gue_splice_reconstructed_frozen__InstaDeepAI_nucleotide-transformer-v2-500m-multi-species__20260514T120331Z,0,2,0.2979220151901245,0.24944788217544556,0.45263010263442993
gue_splice_reconstructed_frozen__InstaDeepAI_nucleotide-transformer-v2-500m-multi-species__20260514T120331Z,1,2,0.15371744334697723,0.2593206763267517,0.5869618654251099
gue_splice_reconstructed_frozen__InstaDeepAI_nucleotide-transformer-v2-500m-multi-species__20260514T120331Z,2,2,0.1503022462129593,0.04898697882890701,0.8007107973098755
gue_splice_reconstructed_frozen__InstaDeepAI_nucleotide-transformer-v2-500m-multi-species__20260514T120331Z,2,2,0.09454767405986786,0.4325128197669983,0.47293949127197266
gue_splice_reconstructed_frozen__InstaDeepAI_nucleotide-transformer-v2-500m-multi-species__20260514T120331Z,0,2,0.178260937333107,0.2929176688194275,0.5288214087486267
gue_splice_reconstructed_frozen__InstaDeepAI_nucleotide-transformer-v2-500m-multi-species__20260514T120331Z,1,2,0.1489991843700409,0.23911945521831512,0.6118813753128052
gue_splice_reconstructed_frozen__InstaDeepAI_nucleotide-transformer-v2-500m-multi-species__20260514T120331Z,2,2,0.12424291670322418,0.25821059942245483,0.6175464987754822
gue_splice_reconstructed_frozen__InstaDeepAI_nucleotide-transformer-v2-500m-multi-species__20260514T120331Z,2,2,0.21026349067687988,0.18884746730327606,0.6008890271186829
gue_splice_reconstructed_frozen__InstaDeepAI_nucleotide-transformer-v2-500m-multi-species__20260514T120331Z,2,2,0.2818744480609894,0.2623522877693176,0.4557732045650482
gue_splice_reconstructed_frozen__InstaDeepAI_nucleotide-transformer-v2-500m-multi-species__20260514T120331Z,2,2,0.18304528295993805,0.24187475442886353,0.5750799179077148
gue_splice_reconstructed_frozen__InstaDeepAI_nucleotide-transformer-v2-500m-multi-species__20260514T120331Z,2,2,0.14480139315128326,0.11677806079387665,0.7384205460548401
gue_splice_reconstructed_frozen__InstaDeepAI_nucleotide-transformer-v2-500m-multi-species__20260514T120331Z,1,1,0.25372228026390076,0.37893450260162354,0.3673431873321533
gue_splice_reconstructed_frozen__InstaDeepAI_nucleotide-transformer-v2-500m-multi-species__20260514T120331Z,1,2,0.2739369571208954,0.35273098945617676,0.37333211302757263
gue_splice_reconstructed_frozen__InstaDeepAI_nucleotide-transformer-v2-500m-multi-species__20260514T120331Z,2,2,0.1740572303533554,0.15200085937976837,0.673941969871521
gue_splice_reconstructed_frozen__InstaDeepAI_nucleotide-transformer-v2-500m-multi-species__20260514T120331Z,2,2,0.0978328287601471,0.1360265463590622,0.7661405801773071
gue_splice_reconstructed_frozen__InstaDeepAI_nucleotide-transformer-v2-500m-multi-species__20260514T120331Z,2,2,0.08543441444635391,0.10081391036510468,0.8137516975402832
gue_splice_reconstructed_frozen__InstaDeepAI_nucleotide-transformer-v2-500m-multi-species__20260514T120331Z,1,2,0.21958890557289124,0.1686423271894455,0.6117687225341797
gue_splice_reconstructed_frozen__InstaDeepAI_nucleotide-transformer-v2-500m-multi-species__20260514T120331Z,2,2,0.17654888331890106,0.32539770007133484,0.4980534017086029
gue_splice_reconstructed_frozen__InstaDeepAI_nucleotide-transformer-v2-500m-multi-species__20260514T120331Z,2,2,0.18195708096027374,0.2288110852241516,0.5892317891120911
gue_splice_reconstructed_frozen__InstaDeepAI_nucleotide-transformer-v2-500m-multi-species__20260514T120331Z,2,2,0.1857558786869049,0.24901774525642395,0.5652263760566711
gue_splice_reconstructed_frozen__InstaDeepAI_nucleotide-transformer-v2-500m-multi-species__20260514T120331Z,2,2,0.24366998672485352,0.2462414801120758,0.5100885033607483
gue_splice_reconstructed_frozen__InstaDeepAI_nucleotide-transformer-v2-500m-multi-species__20260514T120331Z,1,2,0.13329088687896729,0.2067728489637375,0.659936249256134
gue_splice_reconstructed_frozen__InstaDeepAI_nucleotide-transformer-v2-500m-multi-species__20260514T120331Z,1,2,0.19597575068473816,0.17318038642406464,0.6308438181877136
gue_splice_reconstructed_frozen__InstaDeepAI_nucleotide-transformer-v2-500m-multi-species__20260514T120331Z,2,1,0.1450861543416977,0.5427581071853638,0.31215572357177734
gue_splice_reconstructed_frozen__InstaDeepAI_nucleotide-transformer-v2-500m-multi-species__20260514T120331Z,2,2,0.22696036100387573,0.13175605237483978,0.6412835717201233
gue_splice_reconstructed_frozen__InstaDeepAI_nucleotide-transformer-v2-500m-multi-species__20260514T120331Z,2,2,0.13716669380664825,0.1580321490764618,0.7048011422157288
gue_splice_reconstructed_frozen__InstaDeepAI_nucleotide-transformer-v2-500m-multi-species__20260514T120331Z,2,2,0.22681890428066254,0.2753380537033081,0.49784302711486816
gue_splice_reconstructed_frozen__InstaDeepAI_nucleotide-transformer-v2-500m-multi-species__20260514T120331Z,2,2,0.34849485754966736,0.16878874599933624,0.4827163517475128
gue_splice_reconstructed_frozen__InstaDeepAI_nucleotide-transformer-v2-500m-multi-species__20260514T120331Z,0,2,0.17961865663528442,0.3111877739429474,0.5091935396194458
gue_splice_reconstructed_frozen__InstaDeepAI_nucleotide-transformer-v2-500m-multi-species__20260514T120331Z,1,2,0.22988468408584595,0.21068382263183594,0.5594314932823181
gue_splice_reconstructed_frozen__InstaDeepAI_nucleotide-transformer-v2-500m-multi-species__20260514T120331Z,1,2,0.14442892372608185,0.3787585198879242,0.47681254148483276
gue_splice_reconstructed_frozen__InstaDeepAI_nucleotide-transformer-v2-500m-multi-species__20260514T120331Z,0,2,0.19137892127037048,0.2623674273490906,0.5462536215782166
gue_splice_reconstructed_frozen__InstaDeepAI_nucleotide-transformer-v2-500m-multi-species__20260514T120331Z,0,2,0.20184478163719177,0.19246062636375427,0.605694591999054
gue_splice_reconstructed_frozen__InstaDeepAI_nucleotide-transformer-v2-500m-multi-species__20260514T120331Z,2,2,0.32123082876205444,0.2795760929584503,0.39919307827949524
gue_splice_reconstructed_frozen__InstaDeepAI_nucleotide-transformer-v2-500m-multi-species__20260514T120331Z,2,2,0.2411733865737915,0.3044997751712799,0.4543268382549286
gue_splice_reconstructed_frozen__InstaDeepAI_nucleotide-transformer-v2-500m-multi-species__20260514T120331Z,0,2,0.25754159688949585,0.17238366603851318,0.570074737071991
gue_splice_reconstructed_frozen__InstaDeepAI_nucleotide-transformer-v2-500m-multi-species__20260514T120331Z,2,2,0.258783221244812,0.14338983595371246,0.5978270173072815
gue_splice_reconstructed_frozen__InstaDeepAI_nucleotide-transformer-v2-500m-multi-species__20260514T120331Z,0,2,0.2645495533943176,0.362967312335968,0.37248310446739197
gue_splice_reconstructed_frozen__InstaDeepAI_nucleotide-transformer-v2-500m-multi-species__20260514T120331Z,2,2,0.27517491579055786,0.2705287039279938,0.45429638028144836
gue_splice_reconstructed_frozen__InstaDeepAI_nucleotide-transformer-v2-500m-multi-species__20260514T120331Z,2,0,0.35008174180984497,0.3434887230396271,0.30642959475517273
gue_splice_reconstructed_frozen__InstaDeepAI_nucleotide-transformer-v2-500m-multi-species__20260514T120331Z,2,2,0.22752028703689575,0.33691054582595825,0.4355691075325012
gue_splice_reconstructed_frozen__InstaDeepAI_nucleotide-transformer-v2-500m-multi-species__20260514T120331Z,1,2,0.2592988610267639,0.2116335928440094,0.5290675759315491
gue_splice_reconstructed_frozen__InstaDeepAI_nucleotide-transformer-v2-500m-multi-species__20260514T120331Z,2,2,0.24812743067741394,0.06660348176956177,0.6852691173553467
gue_splice_reconstructed_frozen__InstaDeepAI_nucleotide-transformer-v2-500m-multi-species__20260514T120331Z,2,2,0.15793108940124512,0.2607024013996124,0.5813665390014648
gue_splice_reconstructed_frozen__InstaDeepAI_nucleotide-transformer-v2-500m-multi-species__20260514T120331Z,2,2,0.16221164166927338,0.22411158680915833,0.6136767864227295
gue_splice_reconstructed_frozen__InstaDeepAI_nucleotide-transformer-v2-500m-multi-species__20260514T120331Z,2,1,0.21707092225551605,0.41597068309783936,0.3669584393501282
gue_splice_reconstructed_frozen__InstaDeepAI_nucleotide-transformer-v2-500m-multi-species__20260514T120331Z,2,2,0.19070683419704437,0.3083174228668213,0.5009757280349731
gue_splice_reconstructed_frozen__InstaDeepAI_nucleotide-transformer-v2-500m-multi-species__20260514T120331Z,0,2,0.2984238564968109,0.2868666350841522,0.41470950841903687
gue_splice_reconstructed_frozen__InstaDeepAI_nucleotide-transformer-v2-500m-multi-species__20260514T120331Z,2,2,0.3664000332355499,0.1411563754081726,0.49244365096092224
gue_splice_reconstructed_frozen__InstaDeepAI_nucleotide-transformer-v2-500m-multi-species__20260514T120331Z,1,2,0.2489309459924698,0.2295219749212265,0.5215470790863037
gue_splice_reconstructed_frozen__InstaDeepAI_nucleotide-transformer-v2-500m-multi-species__20260514T120331Z,2,2,0.19446910917758942,0.26727190613746643,0.538258969783783
gue_splice_reconstructed_frozen__InstaDeepAI_nucleotide-transformer-v2-500m-multi-species__20260514T120331Z,1,2,0.12052115052938461,0.43168848752975464,0.44779038429260254
gue_splice_reconstructed_frozen__InstaDeepAI_nucleotide-transformer-v2-500m-multi-species__20260514T120331Z,1,2,0.30949172377586365,0.2975989580154419,0.39290934801101685
gue_splice_reconstructed_frozen__InstaDeepAI_nucleotide-transformer-v2-500m-multi-species__20260514T120331Z,0,2,0.2123263031244278,0.19948647916316986,0.5881871581077576
gue_splice_reconstructed_frozen__InstaDeepAI_nucleotide-transformer-v2-500m-multi-species__20260514T120331Z,2,2,0.18855145573616028,0.19697408378124237,0.6144744753837585
gue_splice_reconstructed_frozen__InstaDeepAI_nucleotide-transformer-v2-500m-multi-species__20260514T120331Z,2,2,0.09555000811815262,0.06315469741821289,0.8412953615188599
gue_splice_reconstructed_frozen__InstaDeepAI_nucleotide-transformer-v2-500m-multi-species__20260514T120331Z,0,1,0.30084145069122314,0.39282462000846863,0.30633383989334106
gue_splice_reconstructed_frozen__InstaDeepAI_nucleotide-transformer-v2-500m-multi-species__20260514T120331Z,2,2,0.16923888027668,0.26517975330352783,0.5655813813209534
gue_splice_reconstructed_frozen__InstaDeepAI_nucleotide-transformer-v2-500m-multi-species__20260514T120331Z,0,2,0.31690096855163574,0.16036251187324524,0.5227364897727966
gue_splice_reconstructed_frozen__InstaDeepAI_nucleotide-transformer-v2-500m-multi-species__20260514T120331Z,1,2,0.2152107208967209,0.2715417146682739,0.513247549533844
gue_splice_reconstructed_frozen__InstaDeepAI_nucleotide-transformer-v2-500m-multi-species__20260514T120331Z,1,2,0.25687021017074585,0.2421630173921585,0.5009667873382568
gue_splice_reconstructed_frozen__InstaDeepAI_nucleotide-transformer-v2-500m-multi-species__20260514T120331Z,1,1,0.3202836811542511,0.3682619631290436,0.3114544153213501
gue_splice_reconstructed_frozen__InstaDeepAI_nucleotide-transformer-v2-500m-multi-species__20260514T120331Z,2,1,0.14592021703720093,0.4729953110218048,0.3810844421386719
gue_splice_reconstructed_frozen__InstaDeepAI_nucleotide-transformer-v2-500m-multi-species__20260514T120331Z,1,2,0.22057554125785828,0.3502911627292633,0.4291333258152008
gue_splice_reconstructed_frozen__InstaDeepAI_nucleotide-transformer-v2-500m-multi-species__20260514T120331Z,2,2,0.2568066120147705,0.24600566923618317,0.4971877932548523
gue_splice_reconstructed_frozen__InstaDeepAI_nucleotide-transformer-v2-500m-multi-species__20260514T120331Z,2,2,0.1771411895751953,0.18541589379310608,0.637442946434021
gue_splice_reconstructed_frozen__InstaDeepAI_nucleotide-transformer-v2-500m-multi-species__20260514T120331Z,2,2,0.20481379330158234,0.3042232096195221,0.49096301198005676
gue_splice_reconstructed_frozen__InstaDeepAI_nucleotide-transformer-v2-500m-multi-species__20260514T120331Z,0,2,0.3720828592777252,0.166263610124588,0.46165362000465393
gue_splice_reconstructed_frozen__InstaDeepAI_nucleotide-transformer-v2-500m-multi-species__20260514T120331Z,2,2,0.20532697439193726,0.2273317277431488,0.5673413276672363
gue_splice_reconstructed_frozen__InstaDeepAI_nucleotide-transformer-v2-500m-multi-species__20260514T120331Z,0,2,0.3432547152042389,0.26156508922576904,0.3951801657676697
gue_splice_reconstructed_frozen__InstaDeepAI_nucleotide-transformer-v2-500m-multi-species__20260514T120331Z,1,2,0.29768016934394836,0.19608019292354584,0.506239652633667
gue_splice_reconstructed_frozen__InstaDeepAI_nucleotide-transformer-v2-500m-multi-species__20260514T120331Z,0,1,0.25857239961624146,0.37333840131759644,0.36808913946151733
gue_splice_reconstructed_frozen__InstaDeepAI_nucleotide-transformer-v2-500m-multi-species__20260514T120331Z,2,2,0.23067525029182434,0.1904328167438507,0.578891932964325
gue_splice_reconstructed_frozen__InstaDeepAI_nucleotide-transformer-v2-500m-multi-species__20260514T120331Z,0,2,0.3196415901184082,0.16613177955150604,0.5142266154289246
gue_splice_reconstructed_frozen__InstaDeepAI_nucleotide-transformer-v2-500m-multi-species__20260514T120331Z,0,2,0.19858203828334808,0.11432179808616638,0.6870961785316467
gue_splice_reconstructed_frozen__InstaDeepAI_nucleotide-transformer-v2-500m-multi-species__20260514T120331Z,2,2,0.2129938304424286,0.15661145746707916,0.630394697189331
gue_splice_reconstructed_frozen__InstaDeepAI_nucleotide-transformer-v2-500m-multi-species__20260514T120331Z,0,2,0.22409671545028687,0.18900805711746216,0.5868951678276062
gue_splice_reconstructed_frozen__InstaDeepAI_nucleotide-transformer-v2-500m-multi-species__20260514T120331Z,2,2,0.18479178845882416,0.22290146350860596,0.5923067927360535
gue_splice_reconstructed_frozen__InstaDeepAI_nucleotide-transformer-v2-500m-multi-species__20260514T120331Z,2,2,0.20277665555477142,0.19095666706562042,0.6062666773796082
gue_splice_reconstructed_frozen__InstaDeepAI_nucleotide-transformer-v2-500m-multi-species__20260514T120331Z,2,2,0.1213158369064331,0.12013688683509827,0.758547306060791
gue_splice_reconstructed_frozen__InstaDeepAI_nucleotide-transformer-v2-500m-multi-species__20260514T120331Z,2,2,0.18110771477222443,0.11593702435493469,0.7029552459716797
gue_splice_reconstructed_frozen__InstaDeepAI_nucleotide-transformer-v2-500m-multi-species__20260514T120331Z,2,2,0.2534155249595642,0.28280898928642273,0.46377548575401306
gue_splice_reconstructed_frozen__InstaDeepAI_nucleotide-transformer-v2-500m-multi-species__20260514T120331Z,1,1,0.15579232573509216,0.4926953911781311,0.35151225328445435
gue_splice_reconstructed_frozen__InstaDeepAI_nucleotide-transformer-v2-500m-multi-species__20260514T120331Z,1,2,0.23766426742076874,0.10979800671339035,0.6525376439094543
gue_splice_reconstructed_frozen__InstaDeepAI_nucleotide-transformer-v2-500m-multi-species__20260514T120331Z,2,2,0.2817038595676422,0.22758832573890686,0.4907078742980957
gue_splice_reconstructed_frozen__InstaDeepAI_nucleotide-transformer-v2-500m-multi-species__20260514T120331Z,2,2,0.15043000876903534,0.05780509486794472,0.7917648553848267
gue_splice_reconstructed_frozen__InstaDeepAI_nucleotide-transformer-v2-500m-multi-species__20260514T120331Z,2,2,0.18249616026878357,0.28307855129241943,0.5344252586364746
gue_splice_reconstructed_frozen__InstaDeepAI_nucleotide-transformer-v2-500m-multi-species__20260514T120331Z,0,2,0.24977201223373413,0.23985177278518677,0.5103762149810791
gue_splice_reconstructed_frozen__InstaDeepAI_nucleotide-transformer-v2-500m-multi-species__20260514T120331Z,2,2,0.13215187191963196,0.2741367518901825,0.5937113165855408
gue_splice_reconstructed_frozen__InstaDeepAI_nucleotide-transformer-v2-500m-multi-species__20260514T120331Z,0,2,0.24174204468727112,0.33662059903144836,0.4216373860836029
gue_splice_reconstructed_frozen__InstaDeepAI_nucleotide-transformer-v2-500m-multi-species__20260514T120331Z,2,2,0.20577296614646912,0.3738596737384796,0.42036736011505127
gue_splice_reconstructed_frozen__InstaDeepAI_nucleotide-transformer-v2-500m-multi-species__20260514T120331Z,2,2,0.2781156301498413,0.1543889194726944,0.5674954056739807
gue_splice_reconstructed_frozen__InstaDeepAI_nucleotide-transformer-v2-500m-multi-species__20260514T120331Z,0,2,0.24374741315841675,0.19331501424312592,0.5629375576972961
gue_splice_reconstructed_frozen__InstaDeepAI_nucleotide-transformer-v2-500m-multi-species__20260514T120331Z,2,2,0.1431586742401123,0.1627754420042038,0.6940658688545227
gue_splice_reconstructed_frozen__InstaDeepAI_nucleotide-transformer-v2-500m-multi-species__20260514T120331Z,2,2,0.19323642551898956,0.13180796802043915,0.6749556064605713
gue_splice_reconstructed_frozen__InstaDeepAI_nucleotide-transformer-v2-500m-multi-species__20260514T120331Z,2,2,0.19850823283195496,0.11276192218065262,0.6887298226356506
gue_splice_reconstructed_frozen__InstaDeepAI_nucleotide-transformer-v2-500m-multi-species__20260514T120331Z,0,2,0.31196025013923645,0.21461641788482666,0.47342339158058167
gue_splice_reconstructed_frozen__InstaDeepAI_nucleotide-transformer-v2-500m-multi-species__20260514T120331Z,0,2,0.2784709334373474,0.2756637632846832,0.445865273475647
gue_splice_reconstructed_frozen__InstaDeepAI_nucleotide-transformer-v2-500m-multi-species__20260514T120331Z,2,2,0.23415206372737885,0.18191316723823547,0.5839347243309021
gue_splice_reconstructed_frozen__InstaDeepAI_nucleotide-transformer-v2-500m-multi-species__20260514T120331Z,0,2,0.11244354397058487,0.435057669878006,0.45249882340431213
gue_splice_reconstructed_frozen__InstaDeepAI_nucleotide-transformer-v2-500m-multi-species__20260514T120331Z,1,1,0.2055210918188095,0.4014095067977905,0.3930693566799164
gue_splice_reconstructed_frozen__InstaDeepAI_nucleotide-transformer-v2-500m-multi-species__20260514T120331Z,2,2,0.10367926210165024,0.11359173059463501,0.7827289700508118
gue_splice_reconstructed_frozen__InstaDeepAI_nucleotide-transformer-v2-500m-multi-species__20260514T120331Z,2,2,0.24294938147068024,0.2687891721725464,0.48826149106025696
gue_splice_reconstructed_frozen__InstaDeepAI_nucleotide-transformer-v2-500m-multi-species__20260514T120331Z,0,2,0.4229726493358612,0.1522955745458603,0.4247318208217621
gue_splice_reconstructed_frozen__InstaDeepAI_nucleotide-transformer-v2-500m-multi-species__20260514T120331Z,2,2,0.19354717433452606,0.11825526505708694,0.6881975531578064
gue_splice_reconstructed_frozen__InstaDeepAI_nucleotide-transformer-v2-500m-multi-species__20260514T120331Z,1,2,0.25509005784988403,0.23543065786361694,0.509479284286499
gue_splice_reconstructed_frozen__InstaDeepAI_nucleotide-transformer-v2-500m-multi-species__20260514T120331Z,2,2,0.22004957497119904,0.1979990005493164,0.5819514393806458
gue_splice_reconstructed_frozen__InstaDeepAI_nucleotide-transformer-v2-500m-multi-species__20260514T120331Z,2,2,0.20027796924114227,0.2511741816997528,0.5485478639602661
gue_splice_reconstructed_frozen__InstaDeepAI_nucleotide-transformer-v2-500m-multi-species__20260514T120331Z,2,2,0.16608162224292755,0.3310192823410034,0.5028990507125854
gue_splice_reconstructed_frozen__InstaDeepAI_nucleotide-transformer-v2-500m-multi-species__20260514T120331Z,1,2,0.21223431825637817,0.1890418529510498,0.598723828792572
gue_splice_reconstructed_frozen__InstaDeepAI_nucleotide-transformer-v2-500m-multi-species__20260514T120331Z,2,2,0.17501331865787506,0.2319115698337555,0.5930750966072083
gue_splice_reconstructed_frozen__InstaDeepAI_nucleotide-transformer-v2-500m-multi-species__20260514T120331Z,1,2,0.27283602952957153,0.23522807657718658,0.49193596839904785
gue_splice_reconstructed_frozen__InstaDeepAI_nucleotide-transformer-v2-500m-multi-species__20260514T120331Z,2,2,0.22829818725585938,0.26110294461250305,0.51059889793396
gue_splice_reconstructed_frozen__InstaDeepAI_nucleotide-transformer-v2-500m-multi-species__20260514T120331Z,2,2,0.17803171277046204,0.14083467423915863,0.6811336874961853
gue_splice_reconstructed_frozen__InstaDeepAI_nucleotide-transformer-v2-500m-multi-species__20260514T120331Z,2,2,0.23100991547107697,0.3010823130607605,0.46790775656700134
gue_splice_reconstructed_frozen__InstaDeepAI_nucleotide-transformer-v2-500m-multi-species__20260514T120331Z,2,2,0.20379795134067535,0.3870238959789276,0.40917810797691345
gue_splice_reconstructed_frozen__InstaDeepAI_nucleotide-transformer-v2-500m-multi-species__20260514T120331Z,2,2,0.21719491481781006,0.34470149874687195,0.4381036162376404
gue_splice_reconstructed_frozen__InstaDeepAI_nucleotide-transformer-v2-500m-multi-species__20260514T120331Z,0,2,0.2118270993232727,0.23361414670944214,0.5545587539672852
gue_splice_reconstructed_frozen__InstaDeepAI_nucleotide-transformer-v2-500m-multi-species__20260514T120331Z,2,2,0.1558620184659958,0.33792901039123535,0.5062089562416077
gue_splice_reconstructed_frozen__InstaDeepAI_nucleotide-transformer-v2-500m-multi-species__20260514T120331Z,1,2,0.3443373739719391,0.202376127243042,0.4532864987850189
gue_splice_reconstructed_frozen__InstaDeepAI_nucleotide-transformer-v2-500m-multi-species__20260514T120331Z,0,2,0.16979749500751495,0.18845410645008087,0.6417484283447266
gue_splice_reconstructed_frozen__InstaDeepAI_nucleotide-transformer-v2-500m-multi-species__20260514T120331Z,0,2,0.2484866827726364,0.33811047673225403,0.41340282559394836
gue_splice_reconstructed_frozen__InstaDeepAI_nucleotide-transformer-v2-500m-multi-species__20260514T120331Z,2,2,0.1507057249546051,0.31421276926994324,0.5350814461708069
gue_splice_reconstructed_frozen__InstaDeepAI_nucleotide-transformer-v2-500m-multi-species__20260514T120331Z,2,2,0.14903676509857178,0.2557268440723419,0.5952363610267639
gue_splice_reconstructed_frozen__InstaDeepAI_nucleotide-transformer-v2-500m-multi-species__20260514T120331Z,0,2,0.1793280690908432,0.3034132421016693,0.5172587037086487
gue_splice_reconstructed_frozen__InstaDeepAI_nucleotide-transformer-v2-500m-multi-species__20260514T120331Z,2,0,0.3501315116882324,0.3277057707309723,0.32216277718544006
gue_splice_reconstructed_frozen__InstaDeepAI_nucleotide-transformer-v2-500m-multi-species__20260514T120331Z,2,2,0.22516193985939026,0.3595882058143616,0.4152498245239258
gue_splice_reconstructed_frozen__InstaDeepAI_nucleotide-transformer-v2-500m-multi-species__20260514T120331Z,2,2,0.3012884259223938,0.13860662281513214,0.5601049661636353
gue_splice_reconstructed_frozen__InstaDeepAI_nucleotide-transformer-v2-500m-multi-species__20260514T120331Z,1,1,0.23779074847698212,0.3820815682411194,0.3801276683807373
gue_splice_reconstructed_frozen__InstaDeepAI_nucleotide-transformer-v2-500m-multi-species__20260514T120331Z,2,2,0.17339876294136047,0.07678571343421936,0.7498155832290649
gue_splice_reconstructed_frozen__InstaDeepAI_nucleotide-transformer-v2-500m-multi-species__20260514T120331Z,2,2,0.30148425698280334,0.26602643728256226,0.4324893355369568
gue_splice_reconstructed_frozen__InstaDeepAI_nucleotide-transformer-v2-500m-multi-species__20260514T120331Z,1,2,0.3589283227920532,0.2565144896507263,0.38455715775489807
gue_splice_reconstructed_frozen__InstaDeepAI_nucleotide-transformer-v2-500m-multi-species__20260514T120331Z,0,2,0.25362488627433777,0.3674936294555664,0.3788815140724182
gue_splice_reconstructed_frozen__InstaDeepAI_nucleotide-transformer-v2-500m-multi-species__20260514T120331Z,1,2,0.1754334270954132,0.3257783353328705,0.4987882077693939
gue_splice_reconstructed_frozen__InstaDeepAI_nucleotide-transformer-v2-500m-multi-species__20260514T120331Z,2,2,0.1906968206167221,0.34316426515579224,0.46613892912864685
gue_splice_reconstructed_frozen__InstaDeepAI_nucleotide-transformer-v2-500m-multi-species__20260514T120331Z,1,2,0.20066411793231964,0.2570609450340271,0.5422749519348145
gue_splice_reconstructed_frozen__InstaDeepAI_nucleotide-transformer-v2-500m-multi-species__20260514T120331Z,0,0,0.40873971581459045,0.1877754032611847,0.40348491072654724
gue_splice_reconstructed_frozen__InstaDeepAI_nucleotide-transformer-v2-500m-multi-species__20260514T120331Z,2,2,0.24980947375297546,0.2478049397468567,0.5023856163024902
gue_splice_reconstructed_frozen__InstaDeepAI_nucleotide-transformer-v2-500m-multi-species__20260514T120331Z,2,2,0.26820486783981323,0.2901934087276459,0.4416017234325409
gue_splice_reconstructed_frozen__InstaDeepAI_nucleotide-transformer-v2-500m-multi-species__20260514T120331Z,2,2,0.25644317269325256,0.16321426630020142,0.5803425908088684
gue_splice_reconstructed_frozen__InstaDeepAI_nucleotide-transformer-v2-500m-multi-species__20260514T120331Z,0,2,0.2296236753463745,0.19954924285411835,0.5708271265029907
gue_splice_reconstructed_frozen__InstaDeepAI_nucleotide-transformer-v2-500m-multi-species__20260514T120331Z,1,2,0.24729682505130768,0.2163025587797165,0.5364006161689758
gue_splice_reconstructed_frozen__InstaDeepAI_nucleotide-transformer-v2-500m-multi-species__20260514T120331Z,2,2,0.21307358145713806,0.16265283524990082,0.6242735981941223
gue_splice_reconstructed_frozen__InstaDeepAI_nucleotide-transformer-v2-500m-multi-species__20260514T120331Z,2,2,0.2696242034435272,0.2434142380952835,0.4869615435600281
gue_splice_reconstructed_frozen__InstaDeepAI_nucleotide-transformer-v2-500m-multi-species__20260514T120331Z,1,2,0.24121206998825073,0.25131121277809143,0.5074767470359802
gue_splice_reconstructed_frozen__InstaDeepAI_nucleotide-transformer-v2-500m-multi-species__20260514T120331Z,2,2,0.13556505739688873,0.16752317547798157,0.6969117522239685
gue_splice_reconstructed_frozen__InstaDeepAI_nucleotide-transformer-v2-500m-multi-species__20260514T120331Z,2,1,0.13323138654232025,0.4837838113307953,0.38298487663269043
gue_splice_reconstructed_frozen__InstaDeepAI_nucleotide-transformer-v2-500m-multi-species__20260514T120331Z,2,2,0.1715671867132187,0.18723738193511963,0.6411954164505005
gue_splice_reconstructed_frozen__InstaDeepAI_nucleotide-transformer-v2-500m-multi-species__20260514T120331Z,2,2,0.19468194246292114,0.23687538504600525,0.5684426426887512
gue_splice_reconstructed_frozen__InstaDeepAI_nucleotide-transformer-v2-500m-multi-species__20260514T120331Z,1,2,0.18192268908023834,0.2511105537414551,0.566966712474823
gue_splice_reconstructed_frozen__InstaDeepAI_nucleotide-transformer-v2-500m-multi-species__20260514T120331Z,2,2,0.21740201115608215,0.30681997537612915,0.4757779836654663
gue_splice_reconstructed_frozen__InstaDeepAI_nucleotide-transformer-v2-500m-multi-species__20260514T120331Z,2,2,0.18971888720989227,0.3294697105884552,0.4808114171028137
gue_splice_reconstructed_frozen__InstaDeepAI_nucleotide-transformer-v2-500m-multi-species__20260514T120331Z,2,2,0.36630675196647644,0.17530594766139984,0.45838725566864014
gue_splice_reconstructed_frozen__InstaDeepAI_nucleotide-transformer-v2-500m-multi-species__20260514T120331Z,2,2,0.1855616420507431,0.3813059329986572,0.4331323802471161
gue_splice_reconstructed_frozen__InstaDeepAI_nucleotide-transformer-v2-500m-multi-species__20260514T120331Z,2,1,0.19748830795288086,0.42053964734077454,0.3819720149040222
gue_splice_reconstructed_frozen__InstaDeepAI_nucleotide-transformer-v2-500m-multi-species__20260514T120331Z,2,2,0.1702747642993927,0.32901546359062195,0.5007097721099854
gue_splice_reconstructed_frozen__InstaDeepAI_nucleotide-transformer-v2-500m-multi-species__20260514T120331Z,0,2,0.19167384505271912,0.2993721663951874,0.5089539885520935
gue_splice_reconstructed_frozen__InstaDeepAI_nucleotide-transformer-v2-500m-multi-species__20260514T120331Z,2,2,0.1933569610118866,0.23722423613071442,0.5694187879562378
gue_splice_reconstructed_frozen__InstaDeepAI_nucleotide-transformer-v2-500m-multi-species__20260514T120331Z,2,2,0.26081734895706177,0.13942664861679077,0.5997560620307922
gue_splice_reconstructed_frozen__InstaDeepAI_nucleotide-transformer-v2-500m-multi-species__20260514T120331Z,0,2,0.22184424102306366,0.3491804301738739,0.42897531390190125
gue_splice_reconstructed_frozen__InstaDeepAI_nucleotide-transformer-v2-500m-multi-species__20260514T120331Z,0,2,0.21756774187088013,0.2187928855419159,0.5636393427848816
gue_splice_reconstructed_frozen__InstaDeepAI_nucleotide-transformer-v2-500m-multi-species__20260514T120331Z,2,2,0.2256796956062317,0.25241008400917053,0.5219101905822754
gue_splice_reconstructed_frozen__InstaDeepAI_nucleotide-transformer-v2-500m-multi-species__20260514T120331Z,1,2,0.18123328685760498,0.1969190537929535,0.6218476295471191
gue_splice_reconstructed_frozen__InstaDeepAI_nucleotide-transformer-v2-500m-multi-species__20260514T120331Z,2,2,0.23029004037380219,0.17674203217029572,0.5929679870605469
gue_splice_reconstructed_frozen__InstaDeepAI_nucleotide-transformer-v2-500m-multi-species__20260514T120331Z,0,2,0.23942941427230835,0.2051701694726944,0.5554004311561584
gue_splice_reconstructed_frozen__InstaDeepAI_nucleotide-transformer-v2-500m-multi-species__20260514T120331Z,2,2,0.28033408522605896,0.12305708229541779,0.5966088175773621
gue_splice_reconstructed_frozen__InstaDeepAI_nucleotide-transformer-v2-500m-multi-species__20260514T120331Z,0,2,0.19396382570266724,0.31169867515563965,0.4943375587463379
gue_splice_reconstructed_frozen__InstaDeepAI_nucleotide-transformer-v2-500m-multi-species__20260514T120331Z,0,2,0.1937842071056366,0.29963552951812744,0.5065802931785583
gue_splice_reconstructed_frozen__InstaDeepAI_nucleotide-transformer-v2-500m-multi-species__20260514T120331Z,0,2,0.21748299896717072,0.1710798591375351,0.6114371418952942
gue_splice_reconstructed_frozen__InstaDeepAI_nucleotide-transformer-v2-500m-multi-species__20260514T120331Z,0,2,0.22449474036693573,0.37166863679885864,0.4038366377353668
gue_splice_reconstructed_frozen__InstaDeepAI_nucleotide-transformer-v2-500m-multi-species__20260514T120331Z,0,2,0.19863352179527283,0.20107311010360718,0.6002933979034424
gue_splice_reconstructed_frozen__InstaDeepAI_nucleotide-transformer-v2-500m-multi-species__20260514T120331Z,2,2,0.19294080138206482,0.27459263801574707,0.5324665904045105
gue_splice_reconstructed_frozen__InstaDeepAI_nucleotide-transformer-v2-500m-multi-species__20260514T120331Z,2,2,0.25860893726348877,0.22802665829658508,0.5133644342422485
gue_splice_reconstructed_frozen__InstaDeepAI_nucleotide-transformer-v2-500m-multi-species__20260514T120331Z,0,2,0.26945048570632935,0.28695112466812134,0.4435984492301941
gue_splice_reconstructed_frozen__InstaDeepAI_nucleotide-transformer-v2-500m-multi-species__20260514T120331Z,2,2,0.15405741333961487,0.11722931265830994,0.72871333360672
gue_splice_reconstructed_frozen__InstaDeepAI_nucleotide-transformer-v2-500m-multi-species__20260514T120331Z,2,2,0.23736533522605896,0.2694302201271057,0.49320441484451294
gue_splice_reconstructed_frozen__InstaDeepAI_nucleotide-transformer-v2-500m-multi-species__20260514T120331Z,2,2,0.16995666921138763,0.283021479845047,0.5470218658447266
gue_splice_reconstructed_frozen__InstaDeepAI_nucleotide-transformer-v2-500m-multi-species__20260514T120331Z,2,2,0.1590697020292282,0.08648470789194107,0.7544455528259277
gue_splice_reconstructed_frozen__InstaDeepAI_nucleotide-transformer-v2-500m-multi-species__20260514T120331Z,2,2,0.3241078853607178,0.2918258011341095,0.3840663433074951
gue_splice_reconstructed_frozen__InstaDeepAI_nucleotide-transformer-v2-500m-multi-species__20260514T120331Z,2,2,0.29808709025382996,0.3133237957954407,0.388589084148407
gue_splice_reconstructed_frozen__InstaDeepAI_nucleotide-transformer-v2-500m-multi-species__20260514T120331Z,2,2,0.21819092333316803,0.3596920967102051,0.4221169948577881
gue_splice_reconstructed_frozen__InstaDeepAI_nucleotide-transformer-v2-500m-multi-species__20260514T120331Z,0,2,0.27238762378692627,0.1438320130109787,0.5837803483009338
gue_splice_reconstructed_frozen__InstaDeepAI_nucleotide-transformer-v2-500m-multi-species__20260514T120331Z,2,2,0.17563241720199585,0.14366230368614197,0.6807053089141846
gue_splice_reconstructed_frozen__InstaDeepAI_nucleotide-transformer-v2-500m-multi-species__20260514T120331Z,2,2,0.22762958705425262,0.2678450644016266,0.5045253038406372
gue_splice_reconstructed_frozen__InstaDeepAI_nucleotide-transformer-v2-500m-multi-species__20260514T120331Z,2,2,0.22973540425300598,0.24182099103927612,0.5284435749053955
gue_splice_reconstructed_frozen__InstaDeepAI_nucleotide-transformer-v2-500m-multi-species__20260514T120331Z,2,2,0.10571560263633728,0.3188711106777191,0.5754132270812988
gue_splice_reconstructed_frozen__InstaDeepAI_nucleotide-transformer-v2-500m-multi-species__20260514T120331Z,2,2,0.14594464004039764,0.40582922101020813,0.44822606444358826
gue_splice_reconstructed_frozen__InstaDeepAI_nucleotide-transformer-v2-500m-multi-species__20260514T120331Z,0,2,0.2181672900915146,0.294725239276886,0.487107515335083
gue_splice_reconstructed_frozen__InstaDeepAI_nucleotide-transformer-v2-500m-multi-species__20260514T120331Z,2,2,0.2663968801498413,0.1329752504825592,0.6006278991699219
gue_splice_reconstructed_frozen__InstaDeepAI_nucleotide-transformer-v2-500m-multi-species__20260514T120331Z,1,2,0.2163582742214203,0.18669474124908447,0.5969470143318176
gue_splice_reconstructed_frozen__InstaDeepAI_nucleotide-transformer-v2-500m-multi-species__20260514T120331Z,2,2,0.2108789086341858,0.22574347257614136,0.5633776187896729
gue_splice_reconstructed_frozen__InstaDeepAI_nucleotide-transformer-v2-500m-multi-species__20260514T120331Z,2,1,0.2069312334060669,0.41831889748573303,0.3747498393058777
gue_splice_reconstructed_frozen__InstaDeepAI_nucleotide-transformer-v2-500m-multi-species__20260514T120331Z,2,2,0.21662668883800507,0.10746732354164124,0.6759059429168701
gue_splice_reconstructed_frozen__InstaDeepAI_nucleotide-transformer-v2-500m-multi-species__20260514T120331Z,2,2,0.15101604163646698,0.11592944711446762,0.733054518699646
gue_splice_reconstructed_frozen__InstaDeepAI_nucleotide-transformer-v2-500m-multi-species__20260514T120331Z,2,2,0.13643063604831696,0.36403924226760864,0.499530166387558
gue_splice_reconstructed_frozen__InstaDeepAI_nucleotide-transformer-v2-500m-multi-species__20260514T120331Z,2,2,0.14279794692993164,0.15123029053211212,0.7059717774391174
gue_splice_reconstructed_frozen__InstaDeepAI_nucleotide-transformer-v2-500m-multi-species__20260514T120331Z,2,2,0.1960817575454712,0.2878158390522003,0.5161023736000061
gue_splice_reconstructed_frozen__InstaDeepAI_nucleotide-transformer-v2-500m-multi-species__20260514T120331Z,2,1,0.22641195356845856,0.3944656252861023,0.37912240624427795
gue_splice_reconstructed_frozen__InstaDeepAI_nucleotide-transformer-v2-500m-multi-species__20260514T120331Z,0,0,0.38541311025619507,0.22983187437057495,0.3847549855709076
gue_splice_reconstructed_frozen__InstaDeepAI_nucleotide-transformer-v2-500m-multi-species__20260514T120331Z,2,2,0.2610304653644562,0.19827872514724731,0.5406907796859741
gue_splice_reconstructed_frozen__InstaDeepAI_nucleotide-transformer-v2-500m-multi-species__20260514T120331Z,0,2,0.16828736662864685,0.07269826531410217,0.759014368057251
gue_splice_reconstructed_frozen__InstaDeepAI_nucleotide-transformer-v2-500m-multi-species__20260514T120331Z,0,2,0.2434745877981186,0.2166830152273178,0.539842426776886
gue_splice_reconstructed_frozen__InstaDeepAI_nucleotide-transformer-v2-500m-multi-species__20260514T120331Z,0,2,0.15113651752471924,0.2765273153781891,0.5723361372947693
gue_splice_reconstructed_frozen__InstaDeepAI_nucleotide-transformer-v2-500m-multi-species__20260514T120331Z,1,2,0.2655116021633148,0.28156810998916626,0.4529203176498413
gue_splice_reconstructed_frozen__InstaDeepAI_nucleotide-transformer-v2-500m-multi-species__20260514T120331Z,2,2,0.19643515348434448,0.17008346319198608,0.6334814429283142
gue_splice_reconstructed_frozen__InstaDeepAI_nucleotide-transformer-v2-500m-multi-species__20260514T120331Z,2,2,0.18713922798633575,0.19050437211990356,0.6223564147949219
gue_splice_reconstructed_frozen__InstaDeepAI_nucleotide-transformer-v2-500m-multi-species__20260514T120331Z,2,2,0.1572202444076538,0.2554897367954254,0.5872899889945984
gue_splice_reconstructed_frozen__InstaDeepAI_nucleotide-transformer-v2-500m-multi-species__20260514T120331Z,2,2,0.30145856738090515,0.2444734126329422,0.45406806468963623
gue_splice_reconstructed_frozen__InstaDeepAI_nucleotide-transformer-v2-500m-multi-species__20260514T120331Z,0,2,0.3121810555458069,0.23304343223571777,0.45477554202079773
gue_splice_reconstructed_frozen__InstaDeepAI_nucleotide-transformer-v2-500m-multi-species__20260514T120331Z,2,2,0.23699761927127838,0.2943727970123291,0.4686296284198761
gue_splice_reconstructed_frozen__InstaDeepAI_nucleotide-transformer-v2-500m-multi-species__20260514T120331Z,1,1,0.22420571744441986,0.411472350358963,0.36432185769081116
gue_splice_reconstructed_frozen__InstaDeepAI_nucleotide-transformer-v2-500m-multi-species__20260514T120331Z,2,1,0.1876623034477234,0.42924878001213074,0.38308894634246826
gue_splice_reconstructed_frozen__InstaDeepAI_nucleotide-transformer-v2-500m-multi-species__20260514T120331Z,2,2,0.16064174473285675,0.20956750214099884,0.629790723323822
gue_splice_reconstructed_frozen__InstaDeepAI_nucleotide-transformer-v2-500m-multi-species__20260514T120331Z,2,2,0.16628560423851013,0.21619005501270294,0.6175243258476257
gue_splice_reconstructed_frozen__InstaDeepAI_nucleotide-transformer-v2-500m-multi-species__20260514T120331Z,1,1,0.28179794549942017,0.4039033353328705,0.31429874897003174
gue_splice_reconstructed_frozen__InstaDeepAI_nucleotide-transformer-v2-500m-multi-species__20260514T120331Z,2,2,0.10975764691829681,0.03532128781080246,0.8549211025238037
gue_splice_reconstructed_frozen__InstaDeepAI_nucleotide-transformer-v2-500m-multi-species__20260514T120331Z,1,0,0.3889414370059967,0.2461722046136856,0.3648863434791565
gue_splice_reconstructed_frozen__InstaDeepAI_nucleotide-transformer-v2-500m-multi-species__20260514T120331Z,2,2,0.1363106518983841,0.16737869381904602,0.6963106989860535
gue_splice_reconstructed_frozen__InstaDeepAI_nucleotide-transformer-v2-500m-multi-species__20260514T120331Z,2,2,0.12567256391048431,0.30640730261802673,0.5679200887680054
gue_splice_reconstructed_frozen__InstaDeepAI_nucleotide-transformer-v2-500m-multi-species__20260514T120331Z,2,2,0.13871236145496368,0.4077978730201721,0.4534898102283478
gue_splice_reconstructed_frozen__InstaDeepAI_nucleotide-transformer-v2-500m-multi-species__20260514T120331Z,1,2,0.199001744389534,0.19871045649051666,0.6022878289222717
gue_splice_reconstructed_frozen__InstaDeepAI_nucleotide-transformer-v2-500m-multi-species__20260514T120331Z,0,1,0.15484943985939026,0.43206509947776794,0.413085401058197
gue_splice_reconstructed_frozen__InstaDeepAI_nucleotide-transformer-v2-500m-multi-species__20260514T120331Z,1,2,0.21131779253482819,0.35434460639953613,0.4343376159667969
gue_splice_reconstructed_frozen__InstaDeepAI_nucleotide-transformer-v2-500m-multi-species__20260514T120331Z,0,2,0.19545890390872955,0.29941245913505554,0.5051286816596985
gue_splice_reconstructed_frozen__InstaDeepAI_nucleotide-transformer-v2-500m-multi-species__20260514T120331Z,2,2,0.1903047263622284,0.36069434881210327,0.4490009844303131
gue_splice_reconstructed_frozen__InstaDeepAI_nucleotide-transformer-v2-500m-multi-species__20260514T120331Z,0,2,0.26636481285095215,0.18848934769630432,0.5451458096504211
gue_splice_reconstructed_frozen__InstaDeepAI_nucleotide-transformer-v2-500m-multi-species__20260514T120331Z,2,2,0.20997172594070435,0.07067166268825531,0.7193565964698792
gue_splice_reconstructed_frozen__InstaDeepAI_nucleotide-transformer-v2-500m-multi-species__20260514T120331Z,2,2,0.25092384219169617,0.2557479441165924,0.4933282732963562
gue_splice_reconstructed_frozen__InstaDeepAI_nucleotide-transformer-v2-500m-multi-species__20260514T120331Z,2,2,0.22442133724689484,0.29546478390693665,0.4801138639450073
gue_splice_reconstructed_frozen__InstaDeepAI_nucleotide-transformer-v2-500m-multi-species__20260514T120331Z,1,2,0.20277735590934753,0.25970467925071716,0.5375179052352905
gue_splice_reconstructed_frozen__InstaDeepAI_nucleotide-transformer-v2-500m-multi-species__20260514T120331Z,2,2,0.2871399521827698,0.21438950300216675,0.4984705150127411
gue_splice_reconstructed_frozen__InstaDeepAI_nucleotide-transformer-v2-500m-multi-species__20260514T120331Z,2,2,0.10730917751789093,0.18435290455818176,0.7083379030227661
gue_splice_reconstructed_frozen__InstaDeepAI_nucleotide-transformer-v2-500m-multi-species__20260514T120331Z,1,2,0.16305802762508392,0.2208157777786255,0.6161261796951294
gue_splice_reconstructed_frozen__InstaDeepAI_nucleotide-transformer-v2-500m-multi-species__20260514T120331Z,2,1,0.17289294302463531,0.5268576741218567,0.3002493977546692
gue_splice_reconstructed_frozen__InstaDeepAI_nucleotide-transformer-v2-500m-multi-species__20260514T120331Z,0,2,0.20135991275310516,0.18518468737602234,0.6134554147720337
gue_splice_reconstructed_frozen__InstaDeepAI_nucleotide-transformer-v2-500m-multi-species__20260514T120331Z,0,2,0.1762983351945877,0.1937676966190338,0.6299340128898621
gue_splice_reconstructed_frozen__InstaDeepAI_nucleotide-transformer-v2-500m-multi-species__20260514T120331Z,2,2,0.30145275592803955,0.05473802983760834,0.6438091993331909
gue_splice_reconstructed_frozen__InstaDeepAI_nucleotide-transformer-v2-500m-multi-species__20260514T120331Z,2,2,0.16444246470928192,0.10037452727556229,0.7351829409599304
gue_splice_reconstructed_frozen__InstaDeepAI_nucleotide-transformer-v2-500m-multi-species__20260514T120331Z,2,2,0.25278496742248535,0.19176948070526123,0.5554455518722534
gue_splice_reconstructed_frozen__InstaDeepAI_nucleotide-transformer-v2-500m-multi-species__20260514T120331Z,2,2,0.15243151783943176,0.39249202609062195,0.4550764560699463
gue_splice_reconstructed_frozen__InstaDeepAI_nucleotide-transformer-v2-500m-multi-species__20260514T120331Z,1,2,0.1616990864276886,0.2788543403148651,0.5594465732574463
gue_splice_reconstructed_frozen__InstaDeepAI_nucleotide-transformer-v2-500m-multi-species__20260514T120331Z,2,2,0.23540017008781433,0.21399442851543427,0.5506054162979126
gue_splice_reconstructed_frozen__InstaDeepAI_nucleotide-transformer-v2-500m-multi-species__20260514T120331Z,0,2,0.19201771914958954,0.2537153959274292,0.5542668700218201
gue_splice_reconstructed_frozen__InstaDeepAI_nucleotide-transformer-v2-500m-multi-species__20260514T120331Z,0,1,0.26865917444229126,0.36589357256889343,0.3654472231864929
gue_splice_reconstructed_frozen__InstaDeepAI_nucleotide-transformer-v2-500m-multi-species__20260514T120331Z,2,2,0.20665095746517181,0.25088655948638916,0.5424625277519226
gue_splice_reconstructed_frozen__InstaDeepAI_nucleotide-transformer-v2-500m-multi-species__20260514T120331Z,2,2,0.2121715545654297,0.23776596784591675,0.5500624775886536
gue_splice_reconstructed_frozen__InstaDeepAI_nucleotide-transformer-v2-500m-multi-species__20260514T120331Z,2,2,0.15013059973716736,0.13398607075214386,0.7158833742141724
gue_splice_reconstructed_frozen__InstaDeepAI_nucleotide-transformer-v2-500m-multi-species__20260514T120331Z,0,2,0.26773589849472046,0.1561284363269806,0.5761356949806213
gue_splice_reconstructed_frozen__InstaDeepAI_nucleotide-transformer-v2-500m-multi-species__20260514T120331Z,2,2,0.23185619711875916,0.3018351197242737,0.46630868315696716
gue_splice_reconstructed_frozen__InstaDeepAI_nucleotide-transformer-v2-500m-multi-species__20260514T120331Z,2,2,0.2100355178117752,0.12377533316612244,0.6661891341209412
gue_splice_reconstructed_frozen__InstaDeepAI_nucleotide-transformer-v2-500m-multi-species__20260514T120331Z,1,2,0.17637334764003754,0.31252533197402954,0.5111013054847717
gue_splice_reconstructed_frozen__InstaDeepAI_nucleotide-transformer-v2-500m-multi-species__20260514T120331Z,2,2,0.25150951743125916,0.22939372062683105,0.5190967321395874
gue_splice_reconstructed_frozen__InstaDeepAI_nucleotide-transformer-v2-500m-multi-species__20260514T120331Z,0,2,0.26386237144470215,0.15112626552581787,0.58501136302948
gue_splice_reconstructed_frozen__InstaDeepAI_nucleotide-transformer-v2-500m-multi-species__20260514T120331Z,0,2,0.14477071166038513,0.1338910162448883,0.7213382720947266
gue_splice_reconstructed_frozen__InstaDeepAI_nucleotide-transformer-v2-500m-multi-species__20260514T120331Z,2,2,0.32624050974845886,0.2786738872528076,0.39508554339408875
gue_splice_reconstructed_frozen__InstaDeepAI_nucleotide-transformer-v2-500m-multi-species__20260514T120331Z,1,2,0.1439172625541687,0.3126794397830963,0.5434033274650574
gue_splice_reconstructed_frozen__InstaDeepAI_nucleotide-transformer-v2-500m-multi-species__20260514T120331Z,2,2,0.172006756067276,0.20188334584236145,0.6261098980903625
gue_splice_reconstructed_frozen__InstaDeepAI_nucleotide-transformer-v2-500m-multi-species__20260514T120331Z,0,2,0.18845370411872864,0.2265152782201767,0.5850310325622559
gue_splice_reconstructed_frozen__InstaDeepAI_nucleotide-transformer-v2-500m-multi-species__20260514T120331Z,2,2,0.1861605942249298,0.15142139792442322,0.662418007850647
gue_splice_reconstructed_frozen__InstaDeepAI_nucleotide-transformer-v2-500m-multi-species__20260514T120331Z,0,2,0.27817556262016296,0.28908029198646545,0.43274420499801636
gue_splice_reconstructed_frozen__InstaDeepAI_nucleotide-transformer-v2-500m-multi-species__20260514T120331Z,1,2,0.1893516480922699,0.29329147934913635,0.517356812953949
gue_splice_reconstructed_frozen__InstaDeepAI_nucleotide-transformer-v2-500m-multi-species__20260514T120331Z,2,2,0.1481301337480545,0.21030420064926147,0.6415656208992004
gue_splice_reconstructed_frozen__InstaDeepAI_nucleotide-transformer-v2-500m-multi-species__20260514T120331Z,2,2,0.16879591345787048,0.07175242155790329,0.7594516277313232
gue_splice_reconstructed_frozen__InstaDeepAI_nucleotide-transformer-v2-500m-multi-species__20260514T120331Z,2,2,0.20972248911857605,0.1582488864660263,0.6320286393165588
gue_splice_reconstructed_frozen__InstaDeepAI_nucleotide-transformer-v2-500m-multi-species__20260514T120331Z,0,2,0.23146717250347137,0.2909768521785736,0.47755593061447144
gue_splice_reconstructed_frozen__InstaDeepAI_nucleotide-transformer-v2-500m-multi-species__20260514T120331Z,2,2,0.26583412289619446,0.20056413114070892,0.5336017608642578
gue_splice_reconstructed_frozen__InstaDeepAI_nucleotide-transformer-v2-500m-multi-species__20260514T120331Z,2,2,0.20107589662075043,0.1443529725074768,0.6545711159706116
gue_splice_reconstructed_frozen__InstaDeepAI_nucleotide-transformer-v2-500m-multi-species__20260514T120331Z,2,2,0.19396375119686127,0.20110036432743073,0.604935884475708
gue_splice_reconstructed_frozen__InstaDeepAI_nucleotide-transformer-v2-500m-multi-species__20260514T120331Z,2,2,0.21299850940704346,0.22596211731433868,0.561039388179779
gue_splice_reconstructed_frozen__InstaDeepAI_nucleotide-transformer-v2-500m-multi-species__20260514T120331Z,0,1,0.2728414237499237,0.3972243368625641,0.3299342393875122
gue_splice_reconstructed_frozen__InstaDeepAI_nucleotide-transformer-v2-500m-multi-species__20260514T120331Z,2,2,0.3687007427215576,0.2201344072818756,0.4111648499965668
gue_splice_reconstructed_frozen__InstaDeepAI_nucleotide-transformer-v2-500m-multi-species__20260514T120331Z,2,2,0.21535976231098175,0.21917884051799774,0.5654613375663757
gue_splice_reconstructed_frozen__InstaDeepAI_nucleotide-transformer-v2-500m-multi-species__20260514T120331Z,2,2,0.20758667588233948,0.3228931427001953,0.46952012181282043
gue_splice_reconstructed_frozen__InstaDeepAI_nucleotide-transformer-v2-500m-multi-species__20260514T120331Z,0,2,0.24676720798015594,0.3280527591705322,0.4251800775527954
gue_splice_reconstructed_frozen__InstaDeepAI_nucleotide-transformer-v2-500m-multi-species__20260514T120331Z,1,2,0.2378193587064743,0.23106586933135986,0.5311147570610046
gue_splice_reconstructed_frozen__InstaDeepAI_nucleotide-transformer-v2-500m-multi-species__20260514T120331Z,0,2,0.1837095469236374,0.2209477424621582,0.5953426957130432
gue_splice_reconstructed_frozen__InstaDeepAI_nucleotide-transformer-v2-500m-multi-species__20260514T120331Z,0,2,0.13110369443893433,0.3813110888004303,0.48758527636528015
gue_splice_reconstructed_frozen__InstaDeepAI_nucleotide-transformer-v2-500m-multi-species__20260514T120331Z,1,2,0.13434725999832153,0.34762057662010193,0.5180321931838989
gue_splice_reconstructed_frozen__InstaDeepAI_nucleotide-transformer-v2-500m-multi-species__20260514T120331Z,1,2,0.2235083132982254,0.2993805408477783,0.4771111309528351
gue_splice_reconstructed_frozen__InstaDeepAI_nucleotide-transformer-v2-500m-multi-species__20260514T120331Z,2,2,0.10321155190467834,0.16336865723133087,0.7334198355674744
gue_splice_reconstructed_frozen__InstaDeepAI_nucleotide-transformer-v2-500m-multi-species__20260514T120331Z,2,2,0.3371225893497467,0.31290265917778015,0.34997478127479553
gue_splice_reconstructed_frozen__InstaDeepAI_nucleotide-transformer-v2-500m-multi-species__20260514T120331Z,2,2,0.22615016996860504,0.24668526649475098,0.5271645188331604
gue_splice_reconstructed_frozen__InstaDeepAI_nucleotide-transformer-v2-500m-multi-species__20260514T120331Z,0,2,0.329511433839798,0.18522313237190247,0.4852653741836548
gue_splice_reconstructed_frozen__InstaDeepAI_nucleotide-transformer-v2-500m-multi-species__20260514T120331Z,1,2,0.2542029023170471,0.28012606501579285,0.46567103266716003
gue_splice_reconstructed_frozen__InstaDeepAI_nucleotide-transformer-v2-500m-multi-species__20260514T120331Z,1,2,0.20875951647758484,0.27240675687789917,0.5188336968421936
gue_splice_reconstructed_frozen__InstaDeepAI_nucleotide-transformer-v2-500m-multi-species__20260514T120331Z,2,2,0.1679038405418396,0.23537030816078186,0.5967258810997009
gue_splice_reconstructed_frozen__InstaDeepAI_nucleotide-transformer-v2-500m-multi-species__20260514T120331Z,2,2,0.13825418055057526,0.31413838267326355,0.5476074814796448
gue_splice_reconstructed_frozen__InstaDeepAI_nucleotide-transformer-v2-500m-multi-species__20260514T120331Z,2,2,0.14297641813755035,0.38281163573265076,0.4742119312286377
gue_splice_reconstructed_frozen__InstaDeepAI_nucleotide-transformer-v2-500m-multi-species__20260514T120331Z,2,2,0.1439915895462036,0.15208542346954346,0.7039229869842529
gue_splice_reconstructed_frozen__InstaDeepAI_nucleotide-transformer-v2-500m-multi-species__20260514T120331Z,2,2,0.21589946746826172,0.07916846871376038,0.7049320936203003
gue_splice_reconstructed_frozen__InstaDeepAI_nucleotide-transformer-v2-500m-multi-species__20260514T120331Z,2,2,0.18574471771717072,0.3218871057033539,0.4923681914806366
gue_splice_reconstructed_frozen__InstaDeepAI_nucleotide-transformer-v2-500m-multi-species__20260514T120331Z,2,2,0.1056285873055458,0.06434913724660873,0.8300222158432007
gue_splice_reconstructed_frozen__InstaDeepAI_nucleotide-transformer-v2-500m-multi-species__20260514T120331Z,2,2,0.11532728374004364,0.1642736792564392,0.720399022102356
gue_splice_reconstructed_frozen__InstaDeepAI_nucleotide-transformer-v2-500m-multi-species__20260514T120331Z,2,1,0.15301045775413513,0.45635896921157837,0.3906305134296417
gue_splice_reconstructed_frozen__InstaDeepAI_nucleotide-transformer-v2-500m-multi-species__20260514T120331Z,0,2,0.18194180727005005,0.2659221291542053,0.5521360039710999
gue_splice_reconstructed_frozen__InstaDeepAI_nucleotide-transformer-v2-500m-multi-species__20260514T120331Z,1,2,0.1736697256565094,0.34458333253860474,0.48174697160720825
gue_splice_reconstructed_frozen__InstaDeepAI_nucleotide-transformer-v2-500m-multi-species__20260514T120331Z,1,2,0.1777723729610443,0.3068205714225769,0.5154070854187012
gue_splice_reconstructed_frozen__InstaDeepAI_nucleotide-transformer-v2-500m-multi-species__20260514T120331Z,2,2,0.1898258775472641,0.31587615609169006,0.49429795145988464
gue_splice_reconstructed_frozen__InstaDeepAI_nucleotide-transformer-v2-500m-multi-species__20260514T120331Z,2,2,0.21723371744155884,0.21217559278011322,0.5705906748771667
gue_splice_reconstructed_frozen__InstaDeepAI_nucleotide-transformer-v2-500m-multi-species__20260514T120331Z,1,2,0.25823974609375,0.13542407751083374,0.6063361763954163
gue_splice_reconstructed_frozen__InstaDeepAI_nucleotide-transformer-v2-500m-multi-species__20260514T120331Z,0,2,0.16191329061985016,0.19425849616527557,0.6438282132148743
gue_splice_reconstructed_frozen__InstaDeepAI_nucleotide-transformer-v2-500m-multi-species__20260514T120331Z,0,1,0.28210845589637756,0.39766672253608704,0.3202248215675354
gue_splice_reconstructed_frozen__InstaDeepAI_nucleotide-transformer-v2-500m-multi-species__20260514T120331Z,2,2,0.19593285024166107,0.19641177356243134,0.6076553463935852
gue_splice_reconstructed_frozen__InstaDeepAI_nucleotide-transformer-v2-500m-multi-species__20260514T120331Z,1,2,0.14838175475597382,0.23659294843673706,0.6150252819061279
gue_splice_reconstructed_frozen__InstaDeepAI_nucleotide-transformer-v2-500m-multi-species__20260514T120331Z,2,2,0.21692529320716858,0.24341976642608643,0.5396549701690674
gue_splice_reconstructed_frozen__InstaDeepAI_nucleotide-transformer-v2-500m-multi-species__20260514T120331Z,0,2,0.24935662746429443,0.19545961916446686,0.5551837086677551
gue_splice_reconstructed_frozen__InstaDeepAI_nucleotide-transformer-v2-500m-multi-species__20260514T120331Z,0,2,0.19689059257507324,0.23947496712207794,0.56363445520401
gue_splice_reconstructed_frozen__InstaDeepAI_nucleotide-transformer-v2-500m-multi-species__20260514T120331Z,1,2,0.17597150802612305,0.2898801565170288,0.5341483354568481
gue_splice_reconstructed_frozen__InstaDeepAI_nucleotide-transformer-v2-500m-multi-species__20260514T120331Z,2,2,0.24185696244239807,0.25548306107521057,0.5026599764823914
gue_splice_reconstructed_frozen__InstaDeepAI_nucleotide-transformer-v2-500m-multi-species__20260514T120331Z,1,2,0.2434903383255005,0.2930339574813843,0.46347570419311523
gue_splice_reconstructed_frozen__InstaDeepAI_nucleotide-transformer-v2-500m-multi-species__20260514T120331Z,2,2,0.13154004514217377,0.1447509080171585,0.723708987236023
gue_splice_reconstructed_frozen__InstaDeepAI_nucleotide-transformer-v2-500m-multi-species__20260514T120331Z,2,2,0.16535457968711853,0.183523029088974,0.6511223912239075
gue_splice_reconstructed_frozen__InstaDeepAI_nucleotide-transformer-v2-500m-multi-species__20260514T120331Z,2,2,0.20306679606437683,0.20905296504497528,0.5878802537918091
gue_splice_reconstructed_frozen__InstaDeepAI_nucleotide-transformer-v2-500m-multi-species__20260514T120331Z,2,1,0.1254579871892929,0.5169709324836731,0.3575711250305176
gue_splice_reconstructed_frozen__InstaDeepAI_nucleotide-transformer-v2-500m-multi-species__20260514T120331Z,2,2,0.2436286211013794,0.11225844919681549,0.6441129446029663
gue_splice_reconstructed_frozen__InstaDeepAI_nucleotide-transformer-v2-500m-multi-species__20260514T120331Z,0,2,0.21357868611812592,0.2837369740009308,0.5026842951774597
gue_splice_reconstructed_frozen__InstaDeepAI_nucleotide-transformer-v2-500m-multi-species__20260514T120331Z,2,2,0.1811709702014923,0.08797292411327362,0.7308560609817505
gue_splice_reconstructed_frozen__InstaDeepAI_nucleotide-transformer-v2-500m-multi-species__20260514T120331Z,2,2,0.14829768240451813,0.24299894273281097,0.6087033748626709
gue_splice_reconstructed_frozen__InstaDeepAI_nucleotide-transformer-v2-500m-multi-species__20260514T120331Z,2,2,0.16519023478031158,0.18369904160499573,0.6511107087135315
gue_splice_reconstructed_frozen__InstaDeepAI_nucleotide-transformer-v2-500m-multi-species__20260514T120331Z,1,2,0.17254944145679474,0.3049667775630951,0.5224838256835938
gue_splice_reconstructed_frozen__InstaDeepAI_nucleotide-transformer-v2-500m-multi-species__20260514T120331Z,2,1,0.2215883880853653,0.39768505096435547,0.38072648644447327
gue_splice_reconstructed_frozen__InstaDeepAI_nucleotide-transformer-v2-500m-multi-species__20260514T120331Z,2,2,0.13845010101795197,0.16934294998645782,0.6922069191932678
gue_splice_reconstructed_frozen__InstaDeepAI_nucleotide-transformer-v2-500m-multi-species__20260514T120331Z,0,2,0.22386077046394348,0.20056955516338348,0.5755696892738342
gue_splice_reconstructed_frozen__InstaDeepAI_nucleotide-transformer-v2-500m-multi-species__20260514T120331Z,2,2,0.2450309544801712,0.18622778356075287,0.5687412619590759
gue_splice_reconstructed_frozen__InstaDeepAI_nucleotide-transformer-v2-500m-multi-species__20260514T120331Z,0,2,0.24496397376060486,0.12320569157600403,0.6318303346633911
gue_splice_reconstructed_frozen__InstaDeepAI_nucleotide-transformer-v2-500m-multi-species__20260514T120331Z,0,2,0.2837943732738495,0.2560115456581116,0.46019411087036133
gue_splice_reconstructed_frozen__InstaDeepAI_nucleotide-transformer-v2-500m-multi-species__20260514T120331Z,1,1,0.17364530265331268,0.5049187541007996,0.3214360177516937
gue_splice_reconstructed_frozen__InstaDeepAI_nucleotide-transformer-v2-500m-multi-species__20260514T120331Z,2,2,0.21631892025470734,0.275664746761322,0.5080162882804871
gue_splice_reconstructed_frozen__InstaDeepAI_nucleotide-transformer-v2-500m-multi-species__20260514T120331Z,2,2,0.24968305230140686,0.20395956933498383,0.5463573932647705
gue_splice_reconstructed_frozen__InstaDeepAI_nucleotide-transformer-v2-500m-multi-species__20260514T120331Z,2,2,0.19894620776176453,0.2845223844051361,0.5165313482284546
gue_splice_reconstructed_frozen__InstaDeepAI_nucleotide-transformer-v2-500m-multi-species__20260514T120331Z,2,2,0.21629595756530762,0.13701696693897247,0.6466870903968811
gue_splice_reconstructed_frozen__InstaDeepAI_nucleotide-transformer-v2-500m-multi-species__20260514T120331Z,2,2,0.1836361289024353,0.11189880967140198,0.7044650912284851
gue_splice_reconstructed_frozen__InstaDeepAI_nucleotide-transformer-v2-500m-multi-species__20260514T120331Z,1,2,0.1822230964899063,0.28415122628211975,0.5336256623268127
gue_splice_reconstructed_frozen__InstaDeepAI_nucleotide-transformer-v2-500m-multi-species__20260514T120331Z,2,2,0.29267072677612305,0.2433815598487854,0.46394777297973633
gue_splice_reconstructed_frozen__InstaDeepAI_nucleotide-transformer-v2-500m-multi-species__20260514T120331Z,2,2,0.26941555738449097,0.25196734070777893,0.4786171615123749
gue_splice_reconstructed_frozen__InstaDeepAI_nucleotide-transformer-v2-500m-multi-species__20260514T120331Z,0,2,0.1024661511182785,0.20241470634937286,0.6951191425323486
gue_splice_reconstructed_frozen__InstaDeepAI_nucleotide-transformer-v2-500m-multi-species__20260514T120331Z,2,2,0.29738789796829224,0.18825407326221466,0.5143579840660095
gue_splice_reconstructed_frozen__InstaDeepAI_nucleotide-transformer-v2-500m-multi-species__20260514T120331Z,1,2,0.2231902927160263,0.1646103709936142,0.6121993064880371
gue_splice_reconstructed_frozen__InstaDeepAI_nucleotide-transformer-v2-500m-multi-species__20260514T120331Z,0,2,0.1927865594625473,0.2081468552350998,0.5990666151046753
gue_splice_reconstructed_frozen__InstaDeepAI_nucleotide-transformer-v2-500m-multi-species__20260514T120331Z,2,2,0.31079497933387756,0.3122209310531616,0.3769840598106384
gue_splice_reconstructed_frozen__InstaDeepAI_nucleotide-transformer-v2-500m-multi-species__20260514T120331Z,0,2,0.2127770185470581,0.25360599160194397,0.5336170196533203
gue_splice_reconstructed_frozen__InstaDeepAI_nucleotide-transformer-v2-500m-multi-species__20260514T120331Z,0,2,0.3084027171134949,0.31324976682662964,0.3783475458621979
gue_splice_reconstructed_frozen__InstaDeepAI_nucleotide-transformer-v2-500m-multi-species__20260514T120331Z,2,2,0.23518970608711243,0.2242826372385025,0.5405275821685791
gue_splice_reconstructed_frozen__InstaDeepAI_nucleotide-transformer-v2-500m-multi-species__20260514T120331Z,0,2,0.21833297610282898,0.34936395287513733,0.4323030412197113
gue_splice_reconstructed_frozen__InstaDeepAI_nucleotide-transformer-v2-500m-multi-species__20260514T120331Z,0,1,0.23268462717533112,0.3849456012248993,0.3823697566986084
gue_splice_reconstructed_frozen__InstaDeepAI_nucleotide-transformer-v2-500m-multi-species__20260514T120331Z,0,2,0.16871601343154907,0.11539189517498016,0.7158920764923096
gue_splice_reconstructed_frozen__InstaDeepAI_nucleotide-transformer-v2-500m-multi-species__20260514T120331Z,2,2,0.15494965016841888,0.1245359480381012,0.7205144166946411
gue_splice_reconstructed_frozen__InstaDeepAI_nucleotide-transformer-v2-500m-multi-species__20260514T120331Z,0,2,0.22523854672908783,0.24515162408351898,0.5296097993850708
gue_splice_reconstructed_frozen__InstaDeepAI_nucleotide-transformer-v2-500m-multi-species__20260514T120331Z,2,2,0.21006350219249725,0.15432493388652802,0.6356115341186523
gue_splice_reconstructed_frozen__InstaDeepAI_nucleotide-transformer-v2-500m-multi-species__20260514T120331Z,1,2,0.3302948474884033,0.24982228875160217,0.4198828935623169
gue_splice_reconstructed_frozen__InstaDeepAI_nucleotide-transformer-v2-500m-multi-species__20260514T120331Z,2,2,0.22709020972251892,0.26470252871513367,0.5082072615623474
gue_splice_reconstructed_frozen__InstaDeepAI_nucleotide-transformer-v2-500m-multi-species__20260514T120331Z,2,2,0.22869157791137695,0.16291065514087677,0.6083977818489075
gue_splice_reconstructed_frozen__InstaDeepAI_nucleotide-transformer-v2-500m-multi-species__20260514T120331Z,2,2,0.20611271262168884,0.24404887855052948,0.5498383641242981
gue_splice_reconstructed_frozen__InstaDeepAI_nucleotide-transformer-v2-500m-multi-species__20260514T120331Z,0,2,0.2625874876976013,0.10418268293142319,0.6332297921180725
gue_splice_reconstructed_frozen__InstaDeepAI_nucleotide-transformer-v2-500m-multi-species__20260514T120331Z,2,2,0.27205532789230347,0.21591080725193024,0.5120338201522827
gue_splice_reconstructed_frozen__InstaDeepAI_nucleotide-transformer-v2-500m-multi-species__20260514T120331Z,2,2,0.2325747162103653,0.13460393249988556,0.6328213810920715
gue_splice_reconstructed_frozen__InstaDeepAI_nucleotide-transformer-v2-500m-multi-species__20260514T120331Z,2,2,0.19072870910167694,0.2462194561958313,0.5630518198013306
gue_splice_reconstructed_frozen__InstaDeepAI_nucleotide-transformer-v2-500m-multi-species__20260514T120331Z,2,2,0.09471925348043442,0.20059411227703094,0.7046866416931152
gue_splice_reconstructed_frozen__InstaDeepAI_nucleotide-transformer-v2-500m-multi-species__20260514T120331Z,2,2,0.12228680402040482,0.16431401669979095,0.7133991718292236
gue_splice_reconstructed_frozen__InstaDeepAI_nucleotide-transformer-v2-500m-multi-species__20260514T120331Z,2,2,0.22167205810546875,0.20775920152664185,0.5705687403678894
gue_splice_reconstructed_frozen__InstaDeepAI_nucleotide-transformer-v2-500m-multi-species__20260514T120331Z,1,0,0.4602503776550293,0.26947951316833496,0.27027013897895813
gue_splice_reconstructed_frozen__InstaDeepAI_nucleotide-transformer-v2-500m-multi-species__20260514T120331Z,1,1,0.20228509604930878,0.41831743717193604,0.3793974220752716
gue_splice_reconstructed_frozen__InstaDeepAI_nucleotide-transformer-v2-500m-multi-species__20260514T120331Z,1,2,0.2181389331817627,0.3763585388660431,0.4055025577545166
gue_splice_reconstructed_frozen__InstaDeepAI_nucleotide-transformer-v2-500m-multi-species__20260514T120331Z,0,2,0.16788019239902496,0.21201331913471222,0.6201065182685852
gue_splice_reconstructed_frozen__InstaDeepAI_nucleotide-transformer-v2-500m-multi-species__20260514T120331Z,0,2,0.2868330776691437,0.06488212943077087,0.6482847929000854
gue_splice_reconstructed_frozen__InstaDeepAI_nucleotide-transformer-v2-500m-multi-species__20260514T120331Z,2,2,0.08159784227609634,0.15734156966209412,0.7610605955123901
gue_splice_reconstructed_frozen__InstaDeepAI_nucleotide-transformer-v2-500m-multi-species__20260514T120331Z,2,1,0.14063428342342377,0.5435999035835266,0.31576576828956604
gue_splice_reconstructed_frozen__InstaDeepAI_nucleotide-transformer-v2-500m-multi-species__20260514T120331Z,1,2,0.1929486095905304,0.23045049607753754,0.5766009092330933
gue_splice_reconstructed_frozen__InstaDeepAI_nucleotide-transformer-v2-500m-multi-species__20260514T120331Z,0,0,0.36332401633262634,0.2773655951023102,0.3593103885650635
gue_splice_reconstructed_frozen__InstaDeepAI_nucleotide-transformer-v2-500m-multi-species__20260514T120331Z,1,2,0.15148165822029114,0.19275718927383423,0.6557611227035522
gue_splice_reconstructed_frozen__InstaDeepAI_nucleotide-transformer-v2-500m-multi-species__20260514T120331Z,2,2,0.25351592898368835,0.2643076479434967,0.48217639327049255
gue_splice_reconstructed_frozen__InstaDeepAI_nucleotide-transformer-v2-500m-multi-species__20260514T120331Z,2,2,0.27562519907951355,0.0822741910815239,0.6421006321907043
gue_splice_reconstructed_frozen__InstaDeepAI_nucleotide-transformer-v2-500m-multi-species__20260514T120331Z,2,2,0.198504239320755,0.23890167474746704,0.5625941157341003
gue_splice_reconstructed_frozen__InstaDeepAI_nucleotide-transformer-v2-500m-multi-species__20260514T120331Z,2,2,0.1324833482503891,0.2115786075592041,0.6559380292892456
gue_splice_reconstructed_frozen__InstaDeepAI_nucleotide-transformer-v2-500m-multi-species__20260514T120331Z,0,2,0.3209177255630493,0.3234791159629822,0.3556031584739685
gue_splice_reconstructed_frozen__InstaDeepAI_nucleotide-transformer-v2-500m-multi-species__20260514T120331Z,1,2,0.1769305020570755,0.195796400308609,0.6272730827331543
gue_splice_reconstructed_frozen__InstaDeepAI_nucleotide-transformer-v2-500m-multi-species__20260514T120331Z,1,2,0.2972566783428192,0.1285056620836258,0.5742376446723938
gue_splice_reconstructed_frozen__InstaDeepAI_nucleotide-transformer-v2-500m-multi-species__20260514T120331Z,2,2,0.08388125151395798,0.16703173518180847,0.7490870356559753
gue_splice_reconstructed_frozen__InstaDeepAI_nucleotide-transformer-v2-500m-multi-species__20260514T120331Z,2,2,0.3664631247520447,0.15265271067619324,0.4808841645717621
gue_splice_reconstructed_frozen__InstaDeepAI_nucleotide-transformer-v2-500m-multi-species__20260514T120331Z,2,2,0.16953855752944946,0.1914101243019104,0.6390513181686401
gue_splice_reconstructed_frozen__InstaDeepAI_nucleotide-transformer-v2-500m-multi-species__20260514T120331Z,2,2,0.2595982253551483,0.23467060923576355,0.5057311654090881
gue_splice_reconstructed_frozen__InstaDeepAI_nucleotide-transformer-v2-500m-multi-species__20260514T120331Z,0,2,0.2406814694404602,0.18466082215309143,0.5746577382087708
gue_splice_reconstructed_frozen__InstaDeepAI_nucleotide-transformer-v2-500m-multi-species__20260514T120331Z,2,2,0.1993584781885147,0.26517313718795776,0.5354683995246887
gue_splice_reconstructed_frozen__InstaDeepAI_nucleotide-transformer-v2-500m-multi-species__20260514T120331Z,1,2,0.13251382112503052,0.3562741279602051,0.5112120509147644
gue_splice_reconstructed_frozen__InstaDeepAI_nucleotide-transformer-v2-500m-multi-species__20260514T120331Z,2,2,0.22234921157360077,0.12452883273363113,0.6531219482421875
gue_splice_reconstructed_frozen__InstaDeepAI_nucleotide-transformer-v2-500m-multi-species__20260514T120331Z,1,2,0.2219369113445282,0.19511890411376953,0.5829442143440247
gue_splice_reconstructed_frozen__InstaDeepAI_nucleotide-transformer-v2-500m-multi-species__20260514T120331Z,2,2,0.21129684150218964,0.08334313333034515,0.7053599953651428
gue_splice_reconstructed_frozen__InstaDeepAI_nucleotide-transformer-v2-500m-multi-species__20260514T120331Z,2,2,0.1897571086883545,0.3568139672279358,0.4534289538860321
gue_splice_reconstructed_frozen__InstaDeepAI_nucleotide-transformer-v2-500m-multi-species__20260514T120331Z,2,2,0.27895665168762207,0.2658413350582123,0.45520204305648804
gue_splice_reconstructed_frozen__InstaDeepAI_nucleotide-transformer-v2-500m-multi-species__20260514T120331Z,2,2,0.31219813227653503,0.10182713717222214,0.5859747529029846
gue_splice_reconstructed_frozen__InstaDeepAI_nucleotide-transformer-v2-500m-multi-species__20260514T120331Z,2,2,0.1775446981191635,0.2922753691673279,0.5301799774169922
gue_splice_reconstructed_frozen__InstaDeepAI_nucleotide-transformer-v2-500m-multi-species__20260514T120331Z,0,2,0.19034764170646667,0.3130267560482025,0.4966256320476532
gue_splice_reconstructed_frozen__InstaDeepAI_nucleotide-transformer-v2-500m-multi-species__20260514T120331Z,2,2,0.2245965451002121,0.26833969354629517,0.5070637464523315
gue_splice_reconstructed_frozen__InstaDeepAI_nucleotide-transformer-v2-500m-multi-species__20260514T120331Z,2,2,0.23630216717720032,0.17741475999355316,0.5862830877304077
gue_splice_reconstructed_frozen__InstaDeepAI_nucleotide-transformer-v2-500m-multi-species__20260514T120331Z,1,2,0.23685909807682037,0.23642580211162567,0.526715099811554
gue_splice_reconstructed_frozen__InstaDeepAI_nucleotide-transformer-v2-500m-multi-species__20260514T120331Z,2,2,0.24639149010181427,0.3166143596172333,0.43699410557746887
gue_splice_reconstructed_frozen__InstaDeepAI_nucleotide-transformer-v2-500m-multi-species__20260514T120331Z,0,2,0.20898735523223877,0.24468915164470673,0.5463235378265381
gue_splice_reconstructed_frozen__InstaDeepAI_nucleotide-transformer-v2-500m-multi-species__20260514T120331Z,2,2,0.15891052782535553,0.2691100835800171,0.5719794034957886
gue_splice_reconstructed_frozen__InstaDeepAI_nucleotide-transformer-v2-500m-multi-species__20260514T120331Z,0,2,0.17946018278598785,0.2730018198490143,0.5475379824638367
gue_splice_reconstructed_frozen__InstaDeepAI_nucleotide-transformer-v2-500m-multi-species__20260514T120331Z,2,2,0.21139226853847504,0.24483050405979156,0.5437772274017334
gue_splice_reconstructed_frozen__InstaDeepAI_nucleotide-transformer-v2-500m-multi-species__20260514T120331Z,0,2,0.26487505435943604,0.2358437329530716,0.4992811977863312
gue_splice_reconstructed_frozen__InstaDeepAI_nucleotide-transformer-v2-500m-multi-species__20260514T120331Z,2,2,0.22198344767093658,0.0839897021651268,0.6940268278121948
gue_splice_reconstructed_frozen__InstaDeepAI_nucleotide-transformer-v2-500m-multi-species__20260514T120331Z,2,2,0.23913171887397766,0.1968725323677063,0.5639957785606384
gue_splice_reconstructed_frozen__InstaDeepAI_nucleotide-transformer-v2-500m-multi-species__20260514T120331Z,1,2,0.20013931393623352,0.2895351052284241,0.5103256106376648
gue_splice_reconstructed_frozen__InstaDeepAI_nucleotide-transformer-v2-500m-multi-species__20260514T120331Z,1,1,0.21517840027809143,0.45231887698173523,0.33250272274017334
gue_splice_reconstructed_frozen__InstaDeepAI_nucleotide-transformer-v2-500m-multi-species__20260514T120331Z,0,2,0.16982953250408173,0.25142109394073486,0.5787492990493774
gue_splice_reconstructed_frozen__InstaDeepAI_nucleotide-transformer-v2-500m-multi-species__20260514T120331Z,0,2,0.16742636263370514,0.27468642592430115,0.5578871965408325
gue_splice_reconstructed_frozen__InstaDeepAI_nucleotide-transformer-v2-500m-multi-species__20260514T120331Z,0,2,0.25911152362823486,0.19368691742420197,0.5472015738487244
gue_splice_reconstructed_frozen__InstaDeepAI_nucleotide-transformer-v2-500m-multi-species__20260514T120331Z,0,2,0.2425435334444046,0.2804296016693115,0.4770268499851227
gue_splice_reconstructed_frozen__InstaDeepAI_nucleotide-transformer-v2-500m-multi-species__20260514T120331Z,2,2,0.28460508584976196,0.20993629097938538,0.505458652973175
gue_splice_reconstructed_frozen__InstaDeepAI_nucleotide-transformer-v2-500m-multi-species__20260514T120331Z,2,2,0.20643949508666992,0.21529291570186615,0.5782675743103027
gue_splice_reconstructed_frozen__InstaDeepAI_nucleotide-transformer-v2-500m-multi-species__20260514T120331Z,1,2,0.20983079075813293,0.2425774484872818,0.5475917458534241
gue_splice_reconstructed_frozen__InstaDeepAI_nucleotide-transformer-v2-500m-multi-species__20260514T120331Z,1,1,0.1375034749507904,0.4647141993045807,0.3977823555469513
gue_splice_reconstructed_frozen__InstaDeepAI_nucleotide-transformer-v2-500m-multi-species__20260514T120331Z,2,2,0.15464873611927032,0.1498907059431076,0.6954605579376221
gue_splice_reconstructed_frozen__InstaDeepAI_nucleotide-transformer-v2-500m-multi-species__20260514T120331Z,2,2,0.1556803286075592,0.14592714607715607,0.6983925700187683
gue_splice_reconstructed_frozen__InstaDeepAI_nucleotide-transformer-v2-500m-multi-species__20260514T120331Z,0,2,0.23504787683486938,0.16867978870868683,0.5962722897529602
gue_splice_reconstructed_frozen__InstaDeepAI_nucleotide-transformer-v2-500m-multi-species__20260514T120331Z,2,2,0.250662237405777,0.2836044728755951,0.4657333195209503
gue_splice_reconstructed_frozen__InstaDeepAI_nucleotide-transformer-v2-500m-multi-species__20260514T120331Z,2,2,0.22343429923057556,0.1060853898525238,0.6704803109169006
gue_splice_reconstructed_frozen__InstaDeepAI_nucleotide-transformer-v2-500m-multi-species__20260514T120331Z,2,2,0.23480276763439178,0.06390612572431564,0.7012911438941956
gue_splice_reconstructed_frozen__InstaDeepAI_nucleotide-transformer-v2-500m-multi-species__20260514T120331Z,2,2,0.14942747354507446,0.15454766154289246,0.6960248351097107
gue_splice_reconstructed_frozen__InstaDeepAI_nucleotide-transformer-v2-500m-multi-species__20260514T120331Z,2,2,0.22516590356826782,0.28104138374328613,0.49379271268844604
gue_splice_reconstructed_frozen__InstaDeepAI_nucleotide-transformer-v2-500m-multi-species__20260514T120331Z,2,2,0.05688488110899925,0.02951148897409439,0.9136036038398743
gue_splice_reconstructed_frozen__InstaDeepAI_nucleotide-transformer-v2-500m-multi-species__20260514T120331Z,2,2,0.1464749425649643,0.09702697396278381,0.7564980983734131
gue_splice_reconstructed_frozen__InstaDeepAI_nucleotide-transformer-v2-500m-multi-species__20260514T120331Z,2,2,0.24424974620342255,0.1417064368724823,0.6140437722206116
gue_splice_reconstructed_frozen__InstaDeepAI_nucleotide-transformer-v2-500m-multi-species__20260514T120331Z,2,2,0.20833410322666168,0.39476993680000305,0.39689600467681885
gue_splice_reconstructed_frozen__InstaDeepAI_nucleotide-transformer-v2-500m-multi-species__20260514T120331Z,0,1,0.32746872305870056,0.4411417245864868,0.23138950765132904
gue_splice_reconstructed_frozen__InstaDeepAI_nucleotide-transformer-v2-500m-multi-species__20260514T120331Z,2,2,0.3135320544242859,0.19788706302642822,0.4885809123516083
gue_splice_reconstructed_frozen__InstaDeepAI_nucleotide-transformer-v2-500m-multi-species__20260514T120331Z,0,2,0.22542184591293335,0.09708002209663391,0.6774981021881104
gue_splice_reconstructed_frozen__InstaDeepAI_nucleotide-transformer-v2-500m-multi-species__20260514T120331Z,2,2,0.18348883092403412,0.17607218027114868,0.640438973903656
gue_splice_reconstructed_frozen__InstaDeepAI_nucleotide-transformer-v2-500m-multi-species__20260514T120331Z,0,2,0.07919346541166306,0.10001219809055328,0.820794403553009
gue_splice_reconstructed_frozen__InstaDeepAI_nucleotide-transformer-v2-500m-multi-species__20260514T120331Z,2,2,0.19286568462848663,0.29589003324508667,0.5112442970275879
gue_splice_reconstructed_frozen__InstaDeepAI_nucleotide-transformer-v2-500m-multi-species__20260514T120331Z,2,2,0.15338262915611267,0.24056945741176605,0.6060479283332825
gue_splice_reconstructed_frozen__InstaDeepAI_nucleotide-transformer-v2-500m-multi-species__20260514T120331Z,0,2,0.3238617181777954,0.2760515511035919,0.40008673071861267
gue_splice_reconstructed_frozen__InstaDeepAI_nucleotide-transformer-v2-500m-multi-species__20260514T120331Z,2,2,0.21859394013881683,0.3310149013996124,0.45039108395576477
gue_splice_reconstructed_frozen__InstaDeepAI_nucleotide-transformer-v2-500m-multi-species__20260514T120331Z,2,2,0.23021990060806274,0.28371164202690125,0.4860684275627136
gue_splice_reconstructed_frozen__InstaDeepAI_nucleotide-transformer-v2-500m-multi-species__20260514T120331Z,1,2,0.2440771609544754,0.20548342168331146,0.5504394173622131
gue_splice_reconstructed_frozen__InstaDeepAI_nucleotide-transformer-v2-500m-multi-species__20260514T120331Z,0,2,0.15721839666366577,0.11421194672584534,0.7285696268081665
gue_splice_reconstructed_frozen__InstaDeepAI_nucleotide-transformer-v2-500m-multi-species__20260514T120331Z,2,2,0.24047239124774933,0.30817723274230957,0.4513503909111023
gue_splice_reconstructed_frozen__InstaDeepAI_nucleotide-transformer-v2-500m-multi-species__20260514T120331Z,1,2,0.14903032779693604,0.19757775962352753,0.6533918976783752
gue_splice_reconstructed_frozen__InstaDeepAI_nucleotide-transformer-v2-500m-multi-species__20260514T120331Z,0,2,0.24770155549049377,0.21858251094818115,0.5337159037590027
gue_splice_reconstructed_frozen__InstaDeepAI_nucleotide-transformer-v2-500m-multi-species__20260514T120331Z,2,2,0.1340194195508957,0.08126705139875412,0.7847135066986084
gue_splice_reconstructed_frozen__InstaDeepAI_nucleotide-transformer-v2-500m-multi-species__20260514T120331Z,2,2,0.2140001654624939,0.18317817151546478,0.6028216481208801
gue_splice_reconstructed_frozen__InstaDeepAI_nucleotide-transformer-v2-500m-multi-species__20260514T120331Z,0,2,0.33389362692832947,0.3001784384250641,0.36592787504196167
gue_splice_reconstructed_frozen__InstaDeepAI_nucleotide-transformer-v2-500m-multi-species__20260514T120331Z,2,2,0.3057388663291931,0.1695265769958496,0.5247345566749573
gue_splice_reconstructed_frozen__InstaDeepAI_nucleotide-transformer-v2-500m-multi-species__20260514T120331Z,2,2,0.1812002807855606,0.26202458143234253,0.5567751526832581
gue_splice_reconstructed_frozen__InstaDeepAI_nucleotide-transformer-v2-500m-multi-species__20260514T120331Z,2,2,0.18817520141601562,0.21043774485588074,0.6013870239257812
gue_splice_reconstructed_frozen__InstaDeepAI_nucleotide-transformer-v2-500m-multi-species__20260514T120331Z,0,2,0.18343740701675415,0.3767338693141937,0.43982869386672974
gue_splice_reconstructed_frozen__InstaDeepAI_nucleotide-transformer-v2-500m-multi-species__20260514T120331Z,2,2,0.12936808168888092,0.10944535583257675,0.7611865997314453
gue_splice_reconstructed_frozen__InstaDeepAI_nucleotide-transformer-v2-500m-multi-species__20260514T120331Z,2,2,0.21757403016090393,0.2619563043117523,0.5204696655273438
gue_splice_reconstructed_frozen__InstaDeepAI_nucleotide-transformer-v2-500m-multi-species__20260514T120331Z,0,2,0.219534769654274,0.24383483827114105,0.536630392074585
gue_splice_reconstructed_frozen__InstaDeepAI_nucleotide-transformer-v2-500m-multi-species__20260514T120331Z,2,2,0.2623301148414612,0.18441464006900787,0.5532552599906921
gue_splice_reconstructed_frozen__InstaDeepAI_nucleotide-transformer-v2-500m-multi-species__20260514T120331Z,2,2,0.15216617286205292,0.2363782823085785,0.6114555597305298
gue_splice_reconstructed_frozen__InstaDeepAI_nucleotide-transformer-v2-500m-multi-species__20260514T120331Z,0,2,0.28683000802993774,0.1753677874803543,0.5378022193908691
gue_splice_reconstructed_frozen__InstaDeepAI_nucleotide-transformer-v2-500m-multi-species__20260514T120331Z,2,2,0.3104270398616791,0.21280694007873535,0.47676610946655273
gue_splice_reconstructed_frozen__InstaDeepAI_nucleotide-transformer-v2-500m-multi-species__20260514T120331Z,2,2,0.38100549578666687,0.1440144181251526,0.47498008608818054
gue_splice_reconstructed_frozen__InstaDeepAI_nucleotide-transformer-v2-500m-multi-species__20260514T120331Z,1,2,0.18741606175899506,0.3672565519809723,0.4453273415565491
gue_splice_reconstructed_frozen__InstaDeepAI_nucleotide-transformer-v2-500m-multi-species__20260514T120331Z,2,2,0.2091725915670395,0.25407201051712036,0.5367554426193237
gue_splice_reconstructed_frozen__InstaDeepAI_nucleotide-transformer-v2-500m-multi-species__20260514T120331Z,1,2,0.25064846873283386,0.29830262064933777,0.45104894042015076
gue_splice_reconstructed_frozen__InstaDeepAI_nucleotide-transformer-v2-500m-multi-species__20260514T120331Z,0,2,0.25931328535079956,0.12380629777908325,0.6168804168701172
gue_splice_reconstructed_frozen__InstaDeepAI_nucleotide-transformer-v2-500m-multi-species__20260514T120331Z,1,2,0.1991790235042572,0.1122898980975151,0.6885310411453247
gue_splice_reconstructed_frozen__InstaDeepAI_nucleotide-transformer-v2-500m-multi-species__20260514T120331Z,0,2,0.18931515514850616,0.23841287195682526,0.5722719430923462
gue_splice_reconstructed_frozen__InstaDeepAI_nucleotide-transformer-v2-500m-multi-species__20260514T120331Z,1,2,0.24876078963279724,0.21274065971374512,0.5384985208511353
gue_splice_reconstructed_frozen__InstaDeepAI_nucleotide-transformer-v2-500m-multi-species__20260514T120331Z,2,2,0.16727180778980255,0.16335704922676086,0.6693711876869202
gue_splice_reconstructed_frozen__InstaDeepAI_nucleotide-transformer-v2-500m-multi-species__20260514T120331Z,0,2,0.3079741597175598,0.17548643052577972,0.5165393948554993
gue_splice_reconstructed_frozen__InstaDeepAI_nucleotide-transformer-v2-500m-multi-species__20260514T120331Z,1,2,0.27266791462898254,0.20181499421596527,0.5255170464515686
gue_splice_reconstructed_frozen__InstaDeepAI_nucleotide-transformer-v2-500m-multi-species__20260514T120331Z,2,2,0.23532864451408386,0.2006983757019043,0.5639730095863342
gue_splice_reconstructed_frozen__InstaDeepAI_nucleotide-transformer-v2-500m-multi-species__20260514T120331Z,2,2,0.1882220208644867,0.21637791395187378,0.5954000353813171
gue_splice_reconstructed_frozen__InstaDeepAI_nucleotide-transformer-v2-500m-multi-species__20260514T120331Z,2,2,0.14622178673744202,0.21644501388072968,0.6373331546783447
gue_splice_reconstructed_frozen__InstaDeepAI_nucleotide-transformer-v2-500m-multi-species__20260514T120331Z,1,2,0.2986496686935425,0.21161280572414398,0.48973751068115234
gue_splice_reconstructed_frozen__InstaDeepAI_nucleotide-transformer-v2-500m-multi-species__20260514T120331Z,0,2,0.22186441719532013,0.15832725167274475,0.6198083162307739
gue_splice_reconstructed_frozen__InstaDeepAI_nucleotide-transformer-v2-500m-multi-species__20260514T120331Z,2,2,0.20322555303573608,0.3603040277957916,0.43647047877311707
gue_splice_reconstructed_frozen__InstaDeepAI_nucleotide-transformer-v2-500m-multi-species__20260514T120331Z,2,2,0.295591801404953,0.25579777359962463,0.4486103951931
gue_splice_reconstructed_frozen__InstaDeepAI_nucleotide-transformer-v2-500m-multi-species__20260514T120331Z,2,2,0.10588530451059341,0.08688648790121078,0.8072282075881958
gue_splice_reconstructed_frozen__InstaDeepAI_nucleotide-transformer-v2-500m-multi-species__20260514T120331Z,0,2,0.20604844391345978,0.12388866394758224,0.6700628399848938
gue_splice_reconstructed_frozen__InstaDeepAI_nucleotide-transformer-v2-500m-multi-species__20260514T120331Z,2,2,0.21179230511188507,0.11047489196062088,0.6777328252792358
gue_splice_reconstructed_frozen__InstaDeepAI_nucleotide-transformer-v2-500m-multi-species__20260514T120331Z,0,2,0.3448511064052582,0.234737828373909,0.42041105031967163
gue_splice_reconstructed_frozen__InstaDeepAI_nucleotide-transformer-v2-500m-multi-species__20260514T120331Z,2,2,0.14830461144447327,0.2903575003147125,0.5613378882408142
gue_splice_reconstructed_frozen__InstaDeepAI_nucleotide-transformer-v2-500m-multi-species__20260514T120331Z,0,2,0.2328675240278244,0.24152398109436035,0.525608479976654
gue_splice_reconstructed_frozen__InstaDeepAI_nucleotide-transformer-v2-500m-multi-species__20260514T120331Z,2,2,0.21671360731124878,0.320340633392334,0.4629457890987396
gue_splice_reconstructed_frozen__InstaDeepAI_nucleotide-transformer-v2-500m-multi-species__20260514T120331Z,2,2,0.2538532614707947,0.21726477146148682,0.5288819074630737
gue_splice_reconstructed_frozen__InstaDeepAI_nucleotide-transformer-v2-500m-multi-species__20260514T120331Z,2,1,0.15536385774612427,0.49338385462760925,0.35125231742858887
gue_splice_reconstructed_frozen__InstaDeepAI_nucleotide-transformer-v2-500m-multi-species__20260514T120331Z,2,2,0.26531803607940674,0.16885754466056824,0.5658244490623474
gue_splice_reconstructed_frozen__InstaDeepAI_nucleotide-transformer-v2-500m-multi-species__20260514T120331Z,1,2,0.2277548462152481,0.12351113557815552,0.6487339735031128
gue_splice_reconstructed_frozen__InstaDeepAI_nucleotide-transformer-v2-500m-multi-species__20260514T120331Z,1,2,0.144443079829216,0.20725904405117035,0.648297905921936
gue_splice_reconstructed_frozen__InstaDeepAI_nucleotide-transformer-v2-500m-multi-species__20260514T120331Z,2,2,0.2724524438381195,0.14843755960464478,0.5791099667549133
gue_splice_reconstructed_frozen__InstaDeepAI_nucleotide-transformer-v2-500m-multi-species__20260514T120331Z,2,2,0.2690015733242035,0.2338981181383133,0.4971003532409668
gue_splice_reconstructed_frozen__InstaDeepAI_nucleotide-transformer-v2-500m-multi-species__20260514T120331Z,0,2,0.21930506825447083,0.3075003921985626,0.47319456934928894
gue_splice_reconstructed_frozen__InstaDeepAI_nucleotide-transformer-v2-500m-multi-species__20260514T120331Z,1,2,0.16959871351718903,0.22336915135383606,0.607032060623169
gue_splice_reconstructed_frozen__InstaDeepAI_nucleotide-transformer-v2-500m-multi-species__20260514T120331Z,2,2,0.10760968923568726,0.06214301660656929,0.8302473425865173
gue_splice_reconstructed_frozen__InstaDeepAI_nucleotide-transformer-v2-500m-multi-species__20260514T120331Z,0,2,0.262179970741272,0.16384537518024445,0.5739746689796448
gue_splice_reconstructed_frozen__InstaDeepAI_nucleotide-transformer-v2-500m-multi-species__20260514T120331Z,2,2,0.2864069640636444,0.17712460458278656,0.5364684462547302
gue_splice_reconstructed_frozen__InstaDeepAI_nucleotide-transformer-v2-500m-multi-species__20260514T120331Z,1,2,0.14176051318645477,0.09952207654714584,0.75871741771698
gue_splice_reconstructed_frozen__InstaDeepAI_nucleotide-transformer-v2-500m-multi-species__20260514T120331Z,1,2,0.2508239150047302,0.1651381403207779,0.5840378999710083
gue_splice_reconstructed_frozen__InstaDeepAI_nucleotide-transformer-v2-500m-multi-species__20260514T120331Z,1,2,0.19674348831176758,0.26307213306427,0.5401844382286072
gue_splice_reconstructed_frozen__InstaDeepAI_nucleotide-transformer-v2-500m-multi-species__20260514T120331Z,2,2,0.18827947974205017,0.3454967141151428,0.4662237763404846
gue_splice_reconstructed_frozen__InstaDeepAI_nucleotide-transformer-v2-500m-multi-species__20260514T120331Z,2,2,0.22737063467502594,0.2684318423271179,0.5041975378990173
gue_splice_reconstructed_frozen__InstaDeepAI_nucleotide-transformer-v2-500m-multi-species__20260514T120331Z,1,2,0.298858106136322,0.2932118773460388,0.40793004631996155
gue_splice_reconstructed_frozen__InstaDeepAI_nucleotide-transformer-v2-500m-multi-species__20260514T120331Z,2,2,0.1545591950416565,0.1060972809791565,0.739343523979187
gue_splice_reconstructed_frozen__InstaDeepAI_nucleotide-transformer-v2-500m-multi-species__20260514T120331Z,2,2,0.1207805797457695,0.22564782202243805,0.653571605682373
gue_splice_reconstructed_frozen__InstaDeepAI_nucleotide-transformer-v2-500m-multi-species__20260514T120331Z,2,2,0.20992441475391388,0.10536351799964905,0.6847121119499207
gue_splice_reconstructed_frozen__InstaDeepAI_nucleotide-transformer-v2-500m-multi-species__20260514T120331Z,0,2,0.303499698638916,0.19030818343162537,0.506192147731781
gue_splice_reconstructed_frozen__InstaDeepAI_nucleotide-transformer-v2-500m-multi-species__20260514T120331Z,0,2,0.21734128892421722,0.3473528027534485,0.4353059232234955
gue_splice_reconstructed_frozen__InstaDeepAI_nucleotide-transformer-v2-500m-multi-species__20260514T120331Z,1,1,0.2316301316022873,0.40741777420043945,0.36095213890075684
gue_splice_reconstructed_frozen__InstaDeepAI_nucleotide-transformer-v2-500m-multi-species__20260514T120331Z,2,2,0.16650895774364471,0.37854620814323425,0.45494478940963745
gue_splice_reconstructed_frozen__InstaDeepAI_nucleotide-transformer-v2-500m-multi-species__20260514T120331Z,1,2,0.2308124303817749,0.10695191472768784,0.662235677242279
gue_splice_reconstructed_frozen__InstaDeepAI_nucleotide-transformer-v2-500m-multi-species__20260514T120331Z,2,2,0.21532641351222992,0.33731693029403687,0.4473566710948944
gue_splice_reconstructed_frozen__InstaDeepAI_nucleotide-transformer-v2-500m-multi-species__20260514T120331Z,0,2,0.2667708396911621,0.2872621417045593,0.4459669888019562
gue_splice_reconstructed_frozen__InstaDeepAI_nucleotide-transformer-v2-500m-multi-species__20260514T120331Z,0,2,0.27800753712654114,0.24008208513259888,0.48191037774086
gue_splice_reconstructed_frozen__InstaDeepAI_nucleotide-transformer-v2-500m-multi-species__20260514T120331Z,1,2,0.24955801665782928,0.19650298357009888,0.5539390444755554
gue_splice_reconstructed_frozen__InstaDeepAI_nucleotide-transformer-v2-500m-multi-species__20260514T120331Z,0,2,0.17059293389320374,0.3373442590236664,0.4920628070831299
gue_splice_reconstructed_frozen__InstaDeepAI_nucleotide-transformer-v2-500m-multi-species__20260514T120331Z,2,2,0.14268609881401062,0.22590617835521698,0.6314077377319336
gue_splice_reconstructed_frozen__InstaDeepAI_nucleotide-transformer-v2-500m-multi-species__20260514T120331Z,1,2,0.1919133961200714,0.24153749644756317,0.5665490627288818
gue_splice_reconstructed_frozen__InstaDeepAI_nucleotide-transformer-v2-500m-multi-species__20260514T120331Z,2,2,0.26583215594291687,0.17520101368427277,0.5589668154716492
gue_splice_reconstructed_frozen__InstaDeepAI_nucleotide-transformer-v2-500m-multi-species__20260514T120331Z,0,2,0.32958364486694336,0.19663529098033905,0.4737810492515564
gue_splice_reconstructed_frozen__InstaDeepAI_nucleotide-transformer-v2-500m-multi-species__20260514T120331Z,2,2,0.14955736696720123,0.09518055617809296,0.7552620768547058
gue_splice_reconstructed_frozen__InstaDeepAI_nucleotide-transformer-v2-500m-multi-species__20260514T120331Z,1,2,0.1973557472229004,0.24914631247520447,0.5534979701042175
gue_splice_reconstructed_frozen__InstaDeepAI_nucleotide-transformer-v2-500m-multi-species__20260514T120331Z,2,2,0.13293267786502838,0.129599928855896,0.737467348575592
gue_splice_reconstructed_frozen__InstaDeepAI_nucleotide-transformer-v2-500m-multi-species__20260514T120331Z,2,2,0.15249982476234436,0.19756636023521423,0.6499337553977966
gue_splice_reconstructed_frozen__InstaDeepAI_nucleotide-transformer-v2-500m-multi-species__20260514T120331Z,0,2,0.2901436686515808,0.19700069725513458,0.512855589389801
gue_splice_reconstructed_frozen__InstaDeepAI_nucleotide-transformer-v2-500m-multi-species__20260514T120331Z,2,2,0.3391525149345398,0.20181390643119812,0.4590335786342621
gue_splice_reconstructed_frozen__InstaDeepAI_nucleotide-transformer-v2-500m-multi-species__20260514T120331Z,2,2,0.23978449404239655,0.16642619669437408,0.5937893390655518
gue_splice_reconstructed_frozen__InstaDeepAI_nucleotide-transformer-v2-500m-multi-species__20260514T120331Z,1,2,0.28182753920555115,0.2008238136768341,0.5173486471176147
gue_splice_reconstructed_frozen__InstaDeepAI_nucleotide-transformer-v2-500m-multi-species__20260514T120331Z,2,2,0.21063099801540375,0.19668951630592346,0.5926794409751892
gue_splice_reconstructed_frozen__InstaDeepAI_nucleotide-transformer-v2-500m-multi-species__20260514T120331Z,2,2,0.2342437505722046,0.24932070076465607,0.5164355635643005
gue_splice_reconstructed_frozen__InstaDeepAI_nucleotide-transformer-v2-500m-multi-species__20260514T120331Z,2,2,0.3558329939842224,0.2408568561077118,0.403310090303421
gue_splice_reconstructed_frozen__InstaDeepAI_nucleotide-transformer-v2-500m-multi-species__20260514T120331Z,2,2,0.15749433636665344,0.18539252877235413,0.6571131348609924
gue_splice_reconstructed_frozen__InstaDeepAI_nucleotide-transformer-v2-500m-multi-species__20260514T120331Z,2,2,0.20809820294380188,0.20298007130622864,0.5889217257499695
gue_splice_reconstructed_frozen__InstaDeepAI_nucleotide-transformer-v2-500m-multi-species__20260514T120331Z,0,2,0.30649635195732117,0.1954641193151474,0.498039573431015
gue_splice_reconstructed_frozen__InstaDeepAI_nucleotide-transformer-v2-500m-multi-species__20260514T120331Z,0,2,0.08710980415344238,0.14215464890003204,0.770735502243042
gue_splice_reconstructed_frozen__InstaDeepAI_nucleotide-transformer-v2-500m-multi-species__20260514T120331Z,2,2,0.21869777143001556,0.2685762941837311,0.5127259492874146
gue_splice_reconstructed_frozen__InstaDeepAI_nucleotide-transformer-v2-500m-multi-species__20260514T120331Z,2,2,0.1858919858932495,0.1751844584941864,0.6389235854148865
gue_splice_reconstructed_frozen__InstaDeepAI_nucleotide-transformer-v2-500m-multi-species__20260514T120331Z,1,2,0.2209770828485489,0.20036856830120087,0.578654408454895
gue_splice_reconstructed_frozen__InstaDeepAI_nucleotide-transformer-v2-500m-multi-species__20260514T120331Z,0,2,0.19909970462322235,0.2507656216621399,0.5501347184181213
gue_splice_reconstructed_frozen__InstaDeepAI_nucleotide-transformer-v2-500m-multi-species__20260514T120331Z,2,1,0.13704445958137512,0.4543154239654541,0.408640056848526
gue_splice_reconstructed_frozen__InstaDeepAI_nucleotide-transformer-v2-500m-multi-species__20260514T120331Z,2,2,0.14236384630203247,0.04128383472561836,0.8163523077964783
gue_splice_reconstructed_frozen__InstaDeepAI_nucleotide-transformer-v2-500m-multi-species__20260514T120331Z,2,2,0.23898421227931976,0.13893957436084747,0.6220762133598328
gue_splice_reconstructed_frozen__InstaDeepAI_nucleotide-transformer-v2-500m-multi-species__20260514T120331Z,2,2,0.15821510553359985,0.13375192880630493,0.70803302526474
gue_splice_reconstructed_frozen__InstaDeepAI_nucleotide-transformer-v2-500m-multi-species__20260514T120331Z,2,2,0.190776526927948,0.10471571981906891,0.7045077085494995
gue_splice_reconstructed_frozen__InstaDeepAI_nucleotide-transformer-v2-500m-multi-species__20260514T120331Z,1,2,0.18243226408958435,0.22665292024612427,0.5909148454666138
gue_splice_reconstructed_frozen__InstaDeepAI_nucleotide-transformer-v2-500m-multi-species__20260514T120331Z,2,2,0.18963375687599182,0.06964217871427536,0.7407240271568298
gue_splice_reconstructed_frozen__InstaDeepAI_nucleotide-transformer-v2-500m-multi-species__20260514T120331Z,2,2,0.15913125872612,0.07162108272314072,0.7692476511001587
gue_splice_reconstructed_frozen__InstaDeepAI_nucleotide-transformer-v2-500m-multi-species__20260514T120331Z,2,2,0.2208871990442276,0.15871115028858185,0.6204016208648682
gue_splice_reconstructed_frozen__InstaDeepAI_nucleotide-transformer-v2-500m-multi-species__20260514T120331Z,2,2,0.22126337885856628,0.31758418679237366,0.46115246415138245
gue_splice_reconstructed_frozen__InstaDeepAI_nucleotide-transformer-v2-500m-multi-species__20260514T120331Z,0,2,0.27195554971694946,0.24506235122680664,0.4829820394515991
gue_splice_reconstructed_frozen__InstaDeepAI_nucleotide-transformer-v2-500m-multi-species__20260514T120331Z,2,2,0.0975688099861145,0.12897397577762604,0.7734572291374207
gue_splice_reconstructed_frozen__InstaDeepAI_nucleotide-transformer-v2-500m-multi-species__20260514T120331Z,0,2,0.2893606126308441,0.3262914717197418,0.38434797525405884
gue_splice_reconstructed_frozen__InstaDeepAI_nucleotide-transformer-v2-500m-multi-species__20260514T120331Z,2,2,0.16693799197673798,0.09271105378866196,0.7403509616851807
gue_splice_reconstructed_frozen__InstaDeepAI_nucleotide-transformer-v2-500m-multi-species__20260514T120331Z,0,2,0.28211644291877747,0.20586609840393066,0.5120174288749695
gue_splice_reconstructed_frozen__InstaDeepAI_nucleotide-transformer-v2-500m-multi-species__20260514T120331Z,0,1,0.19229672849178314,0.4186837077140808,0.3890194892883301
gue_splice_reconstructed_frozen__InstaDeepAI_nucleotide-transformer-v2-500m-multi-species__20260514T120331Z,2,2,0.28589388728141785,0.28465333580970764,0.42945271730422974
gue_splice_reconstructed_frozen__InstaDeepAI_nucleotide-transformer-v2-500m-multi-species__20260514T120331Z,0,1,0.08340583741664886,0.5343976020812988,0.3821965456008911
gue_splice_reconstructed_frozen__InstaDeepAI_nucleotide-transformer-v2-500m-multi-species__20260514T120331Z,2,2,0.24410034716129303,0.28388819098472595,0.4720114469528198
gue_splice_reconstructed_frozen__InstaDeepAI_nucleotide-transformer-v2-500m-multi-species__20260514T120331Z,1,2,0.23680266737937927,0.19686825573444366,0.5663290619850159
gue_splice_reconstructed_frozen__InstaDeepAI_nucleotide-transformer-v2-500m-multi-species__20260514T120331Z,2,2,0.1878104954957962,0.3284829556941986,0.483706533908844
gue_splice_reconstructed_frozen__InstaDeepAI_nucleotide-transformer-v2-500m-multi-species__20260514T120331Z,0,2,0.2728157043457031,0.2656514346599579,0.461532860994339
gue_splice_reconstructed_frozen__InstaDeepAI_nucleotide-transformer-v2-500m-multi-species__20260514T120331Z,2,2,0.2725508213043213,0.13207074999809265,0.5953783988952637
gue_splice_reconstructed_frozen__InstaDeepAI_nucleotide-transformer-v2-500m-multi-species__20260514T120331Z,2,2,0.13898520171642303,0.020572740584611893,0.8404420018196106
gue_splice_reconstructed_frozen__InstaDeepAI_nucleotide-transformer-v2-500m-multi-species__20260514T120331Z,2,2,0.1591310203075409,0.26162710785865784,0.5792418122291565
gue_splice_reconstructed_frozen__InstaDeepAI_nucleotide-transformer-v2-500m-multi-species__20260514T120331Z,0,2,0.2897289991378784,0.2892453074455261,0.42102566361427307
gue_splice_reconstructed_frozen__InstaDeepAI_nucleotide-transformer-v2-500m-multi-species__20260514T120331Z,0,2,0.2500796914100647,0.27215564250946045,0.47776469588279724
gue_splice_reconstructed_frozen__InstaDeepAI_nucleotide-transformer-v2-500m-multi-species__20260514T120331Z,0,1,0.24535830318927765,0.41280829906463623,0.3418334126472473
gue_splice_reconstructed_frozen__InstaDeepAI_nucleotide-transformer-v2-500m-multi-species__20260514T120331Z,2,2,0.10737220197916031,0.09224479645490646,0.8003830313682556
gue_splice_reconstructed_frozen__InstaDeepAI_nucleotide-transformer-v2-500m-multi-species__20260514T120331Z,2,2,0.3191271424293518,0.14043262600898743,0.5404402613639832
gue_splice_reconstructed_frozen__InstaDeepAI_nucleotide-transformer-v2-500m-multi-species__20260514T120331Z,0,2,0.21557104587554932,0.30300068855285645,0.4814282953739166
gue_splice_reconstructed_frozen__InstaDeepAI_nucleotide-transformer-v2-500m-multi-species__20260514T120331Z,2,2,0.10441414266824722,0.2707883417606354,0.624797523021698
gue_splice_reconstructed_frozen__InstaDeepAI_nucleotide-transformer-v2-500m-multi-species__20260514T120331Z,2,2,0.15284860134124756,0.28641408681869507,0.5607373118400574
gue_splice_reconstructed_frozen__InstaDeepAI_nucleotide-transformer-v2-500m-multi-species__20260514T120331Z,2,2,0.2054777890443802,0.09309215843677521,0.7014300227165222
gue_splice_reconstructed_frozen__InstaDeepAI_nucleotide-transformer-v2-500m-multi-species__20260514T120331Z,1,2,0.35125306248664856,0.21937964856624603,0.4293672442436218
gue_splice_reconstructed_frozen__InstaDeepAI_nucleotide-transformer-v2-500m-multi-species__20260514T120331Z,0,2,0.2717353105545044,0.16434931755065918,0.5639153718948364
gue_splice_reconstructed_frozen__InstaDeepAI_nucleotide-transformer-v2-500m-multi-species__20260514T120331Z,0,2,0.21940965950489044,0.1410403549671173,0.639549970626831
gue_splice_reconstructed_frozen__InstaDeepAI_nucleotide-transformer-v2-500m-multi-species__20260514T120331Z,2,2,0.3001396656036377,0.25838935375213623,0.4414709210395813
gue_splice_reconstructed_frozen__InstaDeepAI_nucleotide-transformer-v2-500m-multi-species__20260514T120331Z,2,2,0.18553245067596436,0.2295779138803482,0.5848895907402039
gue_splice_reconstructed_frozen__InstaDeepAI_nucleotide-transformer-v2-500m-multi-species__20260514T120331Z,1,2,0.1761060506105423,0.3009547293186188,0.5229392647743225
gue_splice_reconstructed_frozen__InstaDeepAI_nucleotide-transformer-v2-500m-multi-species__20260514T120331Z,2,2,0.14123736321926117,0.25506192445755005,0.6037007570266724
gue_splice_reconstructed_frozen__InstaDeepAI_nucleotide-transformer-v2-500m-multi-species__20260514T120331Z,2,2,0.10596755146980286,0.14871029555797577,0.7453221082687378
gue_splice_reconstructed_frozen__InstaDeepAI_nucleotide-transformer-v2-500m-multi-species__20260514T120331Z,0,2,0.22986391186714172,0.3670077621936798,0.40312838554382324
gue_splice_reconstructed_frozen__InstaDeepAI_nucleotide-transformer-v2-500m-multi-species__20260514T120331Z,1,2,0.38870030641555786,0.21676728129386902,0.3945324122905731
gue_splice_reconstructed_frozen__InstaDeepAI_nucleotide-transformer-v2-500m-multi-species__20260514T120331Z,2,2,0.20545901358127594,0.18992574512958527,0.6046152114868164
gue_splice_reconstructed_frozen__InstaDeepAI_nucleotide-transformer-v2-500m-multi-species__20260514T120331Z,0,2,0.1754429191350937,0.11767183244228363,0.7068852782249451
gue_splice_reconstructed_frozen__InstaDeepAI_nucleotide-transformer-v2-500m-multi-species__20260514T120331Z,2,2,0.23456811904907227,0.2003919631242752,0.5650399327278137
gue_splice_reconstructed_frozen__InstaDeepAI_nucleotide-transformer-v2-500m-multi-species__20260514T120331Z,1,2,0.2555917799472809,0.31190815567970276,0.43250012397766113
gue_splice_reconstructed_frozen__InstaDeepAI_nucleotide-transformer-v2-500m-multi-species__20260514T120331Z,1,1,0.151209756731987,0.42667457461357117,0.42211565375328064
gue_splice_reconstructed_frozen__InstaDeepAI_nucleotide-transformer-v2-500m-multi-species__20260514T120331Z,2,2,0.1951579600572586,0.20809990167617798,0.5967420935630798
gue_splice_reconstructed_frozen__InstaDeepAI_nucleotide-transformer-v2-500m-multi-species__20260514T120331Z,2,2,0.3828178942203522,0.17212878167629242,0.4450533092021942
gue_splice_reconstructed_frozen__InstaDeepAI_nucleotide-transformer-v2-500m-multi-species__20260514T120331Z,2,2,0.19811855256557465,0.244613915681839,0.5572674870491028
gue_splice_reconstructed_frozen__InstaDeepAI_nucleotide-transformer-v2-500m-multi-species__20260514T120331Z,2,2,0.18642592430114746,0.08323246985673904,0.7303416728973389
gue_splice_reconstructed_frozen__InstaDeepAI_nucleotide-transformer-v2-500m-multi-species__20260514T120331Z,2,2,0.2861146032810211,0.27065831422805786,0.443227082490921
gue_splice_reconstructed_frozen__InstaDeepAI_nucleotide-transformer-v2-500m-multi-species__20260514T120331Z,1,2,0.2129635512828827,0.1928197294473648,0.5942167043685913
gue_splice_reconstructed_frozen__InstaDeepAI_nucleotide-transformer-v2-500m-multi-species__20260514T120331Z,2,2,0.15213339030742645,0.18476663529872894,0.6630999445915222
gue_splice_reconstructed_frozen__InstaDeepAI_nucleotide-transformer-v2-500m-multi-species__20260514T120331Z,2,2,0.3086705803871155,0.14604614675045013,0.5452832579612732
gue_splice_reconstructed_frozen__InstaDeepAI_nucleotide-transformer-v2-500m-multi-species__20260514T120331Z,1,2,0.15436094999313354,0.2751907408237457,0.5704483389854431
gue_splice_reconstructed_frozen__InstaDeepAI_nucleotide-transformer-v2-500m-multi-species__20260514T120331Z,2,2,0.2537221312522888,0.20095588266849518,0.5453220009803772
gue_splice_reconstructed_frozen__InstaDeepAI_nucleotide-transformer-v2-500m-multi-species__20260514T120331Z,2,2,0.21274729073047638,0.3629128038883209,0.4243398904800415
gue_splice_reconstructed_frozen__InstaDeepAI_nucleotide-transformer-v2-500m-multi-species__20260514T120331Z,0,2,0.24232274293899536,0.18761859834194183,0.5700586438179016
gue_splice_reconstructed_frozen__InstaDeepAI_nucleotide-transformer-v2-500m-multi-species__20260514T120331Z,2,2,0.2242801934480667,0.22614966332912445,0.5495701432228088
gue_splice_reconstructed_frozen__InstaDeepAI_nucleotide-transformer-v2-500m-multi-species__20260514T120331Z,2,2,0.32013535499572754,0.24321191012859344,0.4366527199745178
gue_splice_reconstructed_frozen__InstaDeepAI_nucleotide-transformer-v2-500m-multi-species__20260514T120331Z,2,2,0.2895183861255646,0.17807339131832123,0.5324082374572754
gue_splice_reconstructed_frozen__InstaDeepAI_nucleotide-transformer-v2-500m-multi-species__20260514T120331Z,2,2,0.2749674916267395,0.25131380558013916,0.47371864318847656
gue_splice_reconstructed_frozen__InstaDeepAI_nucleotide-transformer-v2-500m-multi-species__20260514T120331Z,2,2,0.1834106594324112,0.05947570875287056,0.7571135759353638
gue_splice_reconstructed_frozen__InstaDeepAI_nucleotide-transformer-v2-500m-multi-species__20260514T120331Z,2,2,0.16373513638973236,0.20952269434928894,0.6267421841621399
gue_splice_reconstructed_frozen__InstaDeepAI_nucleotide-transformer-v2-500m-multi-species__20260514T120331Z,2,2,0.1995842009782791,0.32362115383148193,0.47679460048675537
gue_splice_reconstructed_frozen__InstaDeepAI_nucleotide-transformer-v2-500m-multi-species__20260514T120331Z,2,2,0.06862905621528625,0.06368882209062576,0.8676820993423462
gue_splice_reconstructed_frozen__InstaDeepAI_nucleotide-transformer-v2-500m-multi-species__20260514T120331Z,2,2,0.32109683752059937,0.26332223415374756,0.41558095812797546
gue_splice_reconstructed_frozen__InstaDeepAI_nucleotide-transformer-v2-500m-multi-species__20260514T120331Z,2,2,0.2290535271167755,0.34779712557792664,0.42314937710762024
gue_splice_reconstructed_frozen__InstaDeepAI_nucleotide-transformer-v2-500m-multi-species__20260514T120331Z,2,2,0.21886096894741058,0.24379962682724,0.5373393893241882
gue_splice_reconstructed_frozen__InstaDeepAI_nucleotide-transformer-v2-500m-multi-species__20260514T120331Z,2,2,0.1907552182674408,0.27790316939353943,0.5313416123390198
gue_splice_reconstructed_frozen__InstaDeepAI_nucleotide-transformer-v2-500m-multi-species__20260514T120331Z,0,2,0.2293241322040558,0.25489434599876404,0.5157815217971802
gue_splice_reconstructed_frozen__InstaDeepAI_nucleotide-transformer-v2-500m-multi-species__20260514T120331Z,0,2,0.167829230427742,0.40506619215011597,0.4271046221256256
gue_splice_reconstructed_frozen__InstaDeepAI_nucleotide-transformer-v2-500m-multi-species__20260514T120331Z,2,1,0.13635846972465515,0.6345301866531372,0.22911134362220764
gue_splice_reconstructed_frozen__InstaDeepAI_nucleotide-transformer-v2-500m-multi-species__20260514T120331Z,0,2,0.1655307114124298,0.344490647315979,0.4899786412715912
gue_splice_reconstructed_frozen__InstaDeepAI_nucleotide-transformer-v2-500m-multi-species__20260514T120331Z,2,2,0.14090566337108612,0.05729356035590172,0.8018007874488831
gue_splice_reconstructed_frozen__InstaDeepAI_nucleotide-transformer-v2-500m-multi-species__20260514T120331Z,2,2,0.1578974574804306,0.35288599133491516,0.48921656608581543
gue_splice_reconstructed_frozen__InstaDeepAI_nucleotide-transformer-v2-500m-multi-species__20260514T120331Z,0,2,0.23654323816299438,0.2485617846250534,0.5148950219154358
gue_splice_reconstructed_frozen__InstaDeepAI_nucleotide-transformer-v2-500m-multi-species__20260514T120331Z,0,2,0.33839553594589233,0.20760329067707062,0.45400118827819824
gue_splice_reconstructed_frozen__InstaDeepAI_nucleotide-transformer-v2-500m-multi-species__20260514T120331Z,1,2,0.21706797182559967,0.20690028369426727,0.5760317444801331
gue_splice_reconstructed_frozen__InstaDeepAI_nucleotide-transformer-v2-500m-multi-species__20260514T120331Z,0,2,0.12068897485733032,0.20352725684642792,0.6757837533950806
gue_splice_reconstructed_frozen__InstaDeepAI_nucleotide-transformer-v2-500m-multi-species__20260514T120331Z,0,2,0.2642436921596527,0.29025033116340637,0.44550594687461853
gue_splice_reconstructed_frozen__InstaDeepAI_nucleotide-transformer-v2-500m-multi-species__20260514T120331Z,0,2,0.2761123776435852,0.07251343131065369,0.6513742208480835
gue_splice_reconstructed_frozen__InstaDeepAI_nucleotide-transformer-v2-500m-multi-species__20260514T120331Z,0,2,0.2139578014612198,0.263044148683548,0.522998034954071
gue_splice_reconstructed_frozen__InstaDeepAI_nucleotide-transformer-v2-500m-multi-species__20260514T120331Z,0,2,0.1991325318813324,0.25077635049819946,0.5500911474227905
gue_splice_reconstructed_frozen__InstaDeepAI_nucleotide-transformer-v2-500m-multi-species__20260514T120331Z,2,2,0.12740834057331085,0.28718921542167664,0.5854024291038513
gue_splice_reconstructed_frozen__InstaDeepAI_nucleotide-transformer-v2-500m-multi-species__20260514T120331Z,1,2,0.26261261105537415,0.21230706572532654,0.5250802636146545
gue_splice_reconstructed_frozen__InstaDeepAI_nucleotide-transformer-v2-500m-multi-species__20260514T120331Z,2,2,0.1983012557029724,0.15891218185424805,0.6427865624427795
gue_splice_reconstructed_frozen__InstaDeepAI_nucleotide-transformer-v2-500m-multi-species__20260514T120331Z,0,2,0.19986672699451447,0.2549789845943451,0.5451542735099792
gue_splice_reconstructed_frozen__InstaDeepAI_nucleotide-transformer-v2-500m-multi-species__20260514T120331Z,1,2,0.20579929649829865,0.24493029713630676,0.5492703914642334
gue_splice_reconstructed_frozen__InstaDeepAI_nucleotide-transformer-v2-500m-multi-species__20260514T120331Z,0,2,0.22636550664901733,0.1967177838087082,0.5769166946411133
gue_splice_reconstructed_frozen__InstaDeepAI_nucleotide-transformer-v2-500m-multi-species__20260514T120331Z,1,2,0.20862089097499847,0.2957870662212372,0.49559205770492554
gue_splice_reconstructed_frozen__InstaDeepAI_nucleotide-transformer-v2-500m-multi-species__20260514T120331Z,2,2,0.2172098308801651,0.23203863203525543,0.5507515668869019
gue_splice_reconstructed_frozen__InstaDeepAI_nucleotide-transformer-v2-500m-multi-species__20260514T120331Z,2,2,0.2736567556858063,0.27814438939094543,0.4481988549232483
gue_splice_reconstructed_frozen__InstaDeepAI_nucleotide-transformer-v2-500m-multi-species__20260514T120331Z,1,2,0.17121973633766174,0.20110686123371124,0.6276734471321106
gue_splice_reconstructed_frozen__InstaDeepAI_nucleotide-transformer-v2-500m-multi-species__20260514T120331Z,1,1,0.19796612858772278,0.42704734206199646,0.3749864995479584
gue_splice_reconstructed_frozen__InstaDeepAI_nucleotide-transformer-v2-500m-multi-species__20260514T120331Z,2,2,0.2886509597301483,0.08715677261352539,0.6241922974586487
gue_splice_reconstructed_frozen__InstaDeepAI_nucleotide-transformer-v2-500m-multi-species__20260514T120331Z,2,2,0.2136482447385788,0.3000444173812866,0.486307293176651
gue_splice_reconstructed_frozen__InstaDeepAI_nucleotide-transformer-v2-500m-multi-species__20260514T120331Z,0,2,0.143291175365448,0.05554119125008583,0.8011676073074341
gue_splice_reconstructed_frozen__InstaDeepAI_nucleotide-transformer-v2-500m-multi-species__20260514T120331Z,1,2,0.2077215611934662,0.20970883965492249,0.5825695991516113
gue_splice_reconstructed_frozen__InstaDeepAI_nucleotide-transformer-v2-500m-multi-species__20260514T120331Z,1,2,0.15494173765182495,0.2580256164073944,0.5870326161384583
gue_splice_reconstructed_frozen__InstaDeepAI_nucleotide-transformer-v2-500m-multi-species__20260514T120331Z,2,2,0.2548331022262573,0.21079955995082855,0.5343673825263977
gue_splice_reconstructed_frozen__InstaDeepAI_nucleotide-transformer-v2-500m-multi-species__20260514T120331Z,2,2,0.1570548713207245,0.19545792043209076,0.647487223148346
gue_splice_reconstructed_frozen__InstaDeepAI_nucleotide-transformer-v2-500m-multi-species__20260514T120331Z,2,2,0.1879218965768814,0.22912517189979553,0.5829529166221619
gue_splice_reconstructed_frozen__InstaDeepAI_nucleotide-transformer-v2-500m-multi-species__20260514T120331Z,0,2,0.21676954627037048,0.18638862669467926,0.5968418717384338
gue_splice_reconstructed_frozen__InstaDeepAI_nucleotide-transformer-v2-500m-multi-species__20260514T120331Z,2,2,0.157140851020813,0.35812172293663025,0.48473742604255676
gue_splice_reconstructed_frozen__InstaDeepAI_nucleotide-transformer-v2-500m-multi-species__20260514T120331Z,2,1,0.13996700942516327,0.4620821177959442,0.3979508578777313
gue_splice_reconstructed_frozen__InstaDeepAI_nucleotide-transformer-v2-500m-multi-species__20260514T120331Z,2,2,0.2635798454284668,0.2916806638240814,0.4447394907474518
gue_splice_reconstructed_frozen__InstaDeepAI_nucleotide-transformer-v2-500m-multi-species__20260514T120331Z,2,2,0.32839617133140564,0.1731160283088684,0.49848783016204834
gue_splice_reconstructed_frozen__InstaDeepAI_nucleotide-transformer-v2-500m-multi-species__20260514T120331Z,0,2,0.3072931170463562,0.2905488908290863,0.4021580219268799
gue_splice_reconstructed_frozen__InstaDeepAI_nucleotide-transformer-v2-500m-multi-species__20260514T120331Z,2,2,0.21418823301792145,0.31073036789894104,0.4750813841819763
gue_splice_reconstructed_frozen__InstaDeepAI_nucleotide-transformer-v2-500m-multi-species__20260514T120331Z,2,2,0.17697358131408691,0.2298610806465149,0.5931653380393982
gue_splice_reconstructed_frozen__InstaDeepAI_nucleotide-transformer-v2-500m-multi-species__20260514T120331Z,1,2,0.22062109410762787,0.2090839296579361,0.570294976234436
gue_splice_reconstructed_frozen__InstaDeepAI_nucleotide-transformer-v2-500m-multi-species__20260514T120331Z,1,1,0.11699272692203522,0.49714866280555725,0.3858586251735687
gue_splice_reconstructed_frozen__InstaDeepAI_nucleotide-transformer-v2-500m-multi-species__20260514T120331Z,2,2,0.2229078859090805,0.20425231754779816,0.5728398561477661
gue_splice_reconstructed_frozen__InstaDeepAI_nucleotide-transformer-v2-500m-multi-species__20260514T120331Z,2,2,0.3131366968154907,0.1851879358291626,0.5016753673553467
gue_splice_reconstructed_frozen__InstaDeepAI_nucleotide-transformer-v2-500m-multi-species__20260514T120331Z,0,2,0.23252476751804352,0.16169558465480804,0.6057796478271484
gue_splice_reconstructed_frozen__InstaDeepAI_nucleotide-transformer-v2-500m-multi-species__20260514T120331Z,2,2,0.2168038934469223,0.27004745602607727,0.5131486058235168
gue_splice_reconstructed_frozen__InstaDeepAI_nucleotide-transformer-v2-500m-multi-species__20260514T120331Z,2,2,0.19823311269283295,0.14130809903144836,0.6604588627815247
gue_splice_reconstructed_frozen__InstaDeepAI_nucleotide-transformer-v2-500m-multi-species__20260514T120331Z,0,2,0.24264124035835266,0.23629823327064514,0.5210605263710022
gue_splice_reconstructed_frozen__InstaDeepAI_nucleotide-transformer-v2-500m-multi-species__20260514T120331Z,2,2,0.20680981874465942,0.1643606722354889,0.6288294792175293
gue_splice_reconstructed_frozen__InstaDeepAI_nucleotide-transformer-v2-500m-multi-species__20260514T120331Z,2,2,0.38076040148735046,0.11922798305749893,0.5000116229057312
gue_splice_reconstructed_frozen__InstaDeepAI_nucleotide-transformer-v2-500m-multi-species__20260514T120331Z,2,2,0.1724666953086853,0.13382621109485626,0.6937071084976196
gue_splice_reconstructed_frozen__InstaDeepAI_nucleotide-transformer-v2-500m-multi-species__20260514T120331Z,2,2,0.25342658162117004,0.10019578039646149,0.646377682685852
gue_splice_reconstructed_frozen__InstaDeepAI_nucleotide-transformer-v2-500m-multi-species__20260514T120331Z,2,2,0.2180682271718979,0.3367728888988495,0.44515880942344666
gue_splice_reconstructed_frozen__InstaDeepAI_nucleotide-transformer-v2-500m-multi-species__20260514T120331Z,0,2,0.21751150488853455,0.38756686449050903,0.39492160081863403
gue_splice_reconstructed_frozen__InstaDeepAI_nucleotide-transformer-v2-500m-multi-species__20260514T120331Z,1,2,0.20995599031448364,0.11312457919120789,0.6769194006919861
gue_splice_reconstructed_frozen__InstaDeepAI_nucleotide-transformer-v2-500m-multi-species__20260514T120331Z,0,2,0.25398823618888855,0.24092666804790497,0.5050851106643677
gue_splice_reconstructed_frozen__InstaDeepAI_nucleotide-transformer-v2-500m-multi-species__20260514T120331Z,0,2,0.18314117193222046,0.09269820898771286,0.7241606116294861
gue_splice_reconstructed_frozen__InstaDeepAI_nucleotide-transformer-v2-500m-multi-species__20260514T120331Z,2,1,0.2719189524650574,0.38211214542388916,0.34596890211105347
gue_splice_reconstructed_frozen__InstaDeepAI_nucleotide-transformer-v2-500m-multi-species__20260514T120331Z,0,2,0.2758762538433075,0.1892700493335724,0.5348536968231201
gue_splice_reconstructed_frozen__InstaDeepAI_nucleotide-transformer-v2-500m-multi-species__20260514T120331Z,1,1,0.154397651553154,0.5881215929985046,0.2574807405471802
gue_splice_reconstructed_frozen__InstaDeepAI_nucleotide-transformer-v2-500m-multi-species__20260514T120331Z,2,2,0.15226620435714722,0.07502838969230652,0.7727053761482239
gue_splice_reconstructed_frozen__InstaDeepAI_nucleotide-transformer-v2-500m-multi-species__20260514T120331Z,2,2,0.32390323281288147,0.2971033453941345,0.3789933919906616
gue_splice_reconstructed_frozen__InstaDeepAI_nucleotide-transformer-v2-500m-multi-species__20260514T120331Z,2,2,0.1735881268978119,0.20403803884983063,0.6223738193511963
gue_splice_reconstructed_frozen__InstaDeepAI_nucleotide-transformer-v2-500m-multi-species__20260514T120331Z,2,1,0.12800870835781097,0.4411579668521881,0.4308333396911621
gue_splice_reconstructed_frozen__InstaDeepAI_nucleotide-transformer-v2-500m-multi-species__20260514T120331Z,2,2,0.2645041346549988,0.2538438141345978,0.4816521108150482
gue_splice_reconstructed_frozen__InstaDeepAI_nucleotide-transformer-v2-500m-multi-species__20260514T120331Z,1,2,0.14727634191513062,0.24762189388275146,0.6051017642021179
gue_splice_reconstructed_frozen__InstaDeepAI_nucleotide-transformer-v2-500m-multi-species__20260514T120331Z,0,2,0.3773430287837982,0.11277458071708679,0.509882390499115
gue_splice_reconstructed_frozen__InstaDeepAI_nucleotide-transformer-v2-500m-multi-species__20260514T120331Z,0,2,0.2187296748161316,0.256565123796463,0.5247052311897278
gue_splice_reconstructed_frozen__InstaDeepAI_nucleotide-transformer-v2-500m-multi-species__20260514T120331Z,2,2,0.1927778720855713,0.22767527401447296,0.5795468688011169
gue_splice_reconstructed_frozen__InstaDeepAI_nucleotide-transformer-v2-500m-multi-species__20260514T120331Z,2,2,0.2916739881038666,0.23653660714626312,0.4717893898487091
gue_splice_reconstructed_frozen__InstaDeepAI_nucleotide-transformer-v2-500m-multi-species__20260514T120331Z,1,2,0.1532943695783615,0.2804754376411438,0.5662302374839783
gue_splice_reconstructed_frozen__InstaDeepAI_nucleotide-transformer-v2-500m-multi-species__20260514T120331Z,2,2,0.0766700878739357,0.05653298646211624,0.8667969703674316
gue_splice_reconstructed_frozen__InstaDeepAI_nucleotide-transformer-v2-500m-multi-species__20260514T120331Z,0,2,0.3289377987384796,0.3088010847568512,0.3622611165046692
gue_splice_reconstructed_frozen__InstaDeepAI_nucleotide-transformer-v2-500m-multi-species__20260514T120331Z,0,2,0.19916003942489624,0.250000923871994,0.5508390665054321
gue_splice_reconstructed_frozen__InstaDeepAI_nucleotide-transformer-v2-500m-multi-species__20260514T120331Z,1,2,0.2076241672039032,0.22620075941085815,0.566175103187561
gue_splice_reconstructed_frozen__InstaDeepAI_nucleotide-transformer-v2-500m-multi-species__20260514T120331Z,0,2,0.19474686682224274,0.22327835857868195,0.5819747447967529
gue_splice_reconstructed_frozen__InstaDeepAI_nucleotide-transformer-v2-500m-multi-species__20260514T120331Z,2,2,0.24344182014465332,0.19600538909435272,0.5605527758598328
gue_splice_reconstructed_frozen__InstaDeepAI_nucleotide-transformer-v2-500m-multi-species__20260514T120331Z,2,1,0.1922595351934433,0.5423739552497864,0.26536649465560913
gue_splice_reconstructed_frozen__InstaDeepAI_nucleotide-transformer-v2-500m-multi-species__20260514T120331Z,2,2,0.1582406908273697,0.3586088716983795,0.483150452375412
gue_splice_reconstructed_frozen__InstaDeepAI_nucleotide-transformer-v2-500m-multi-species__20260514T120331Z,2,2,0.27069127559661865,0.196141317486763,0.5331674218177795
gue_splice_reconstructed_frozen__InstaDeepAI_nucleotide-transformer-v2-500m-multi-species__20260514T120331Z,2,2,0.14284496009349823,0.26796308159828186,0.5891919732093811
gue_splice_reconstructed_frozen__InstaDeepAI_nucleotide-transformer-v2-500m-multi-species__20260514T120331Z,2,2,0.24631279706954956,0.1831558793783188,0.5705313086509705
gue_splice_reconstructed_frozen__InstaDeepAI_nucleotide-transformer-v2-500m-multi-species__20260514T120331Z,2,2,0.15267501771450043,0.21512235701084137,0.6322026252746582
gue_splice_reconstructed_frozen__InstaDeepAI_nucleotide-transformer-v2-500m-multi-species__20260514T120331Z,0,2,0.26871493458747864,0.20708993077278137,0.52419513463974
gue_splice_reconstructed_frozen__InstaDeepAI_nucleotide-transformer-v2-500m-multi-species__20260514T120331Z,2,2,0.3083362579345703,0.28033241629600525,0.41133129596710205
gue_splice_reconstructed_frozen__InstaDeepAI_nucleotide-transformer-v2-500m-multi-species__20260514T120331Z,2,2,0.19533857703208923,0.11608800292015076,0.68857342004776
gue_splice_reconstructed_frozen__InstaDeepAI_nucleotide-transformer-v2-500m-multi-species__20260514T120331Z,0,2,0.2711572051048279,0.23332452774047852,0.49551820755004883
gue_splice_reconstructed_frozen__InstaDeepAI_nucleotide-transformer-v2-500m-multi-species__20260514T120331Z,0,2,0.17209669947624207,0.21238139271736145,0.6155219078063965
gue_splice_reconstructed_frozen__InstaDeepAI_nucleotide-transformer-v2-500m-multi-species__20260514T120331Z,2,2,0.18825763463974,0.0435103215277195,0.7682321071624756
gue_splice_reconstructed_frozen__InstaDeepAI_nucleotide-transformer-v2-500m-multi-species__20260514T120331Z,2,2,0.33204013109207153,0.2800498306751251,0.38791000843048096
gue_splice_reconstructed_frozen__InstaDeepAI_nucleotide-transformer-v2-500m-multi-species__20260514T120331Z,1,2,0.23065415024757385,0.1857888549566269,0.5835570096969604
gue_splice_reconstructed_frozen__InstaDeepAI_nucleotide-transformer-v2-500m-multi-species__20260514T120331Z,2,2,0.20063170790672302,0.21154747903347015,0.587820827960968
gue_splice_reconstructed_frozen__InstaDeepAI_nucleotide-transformer-v2-500m-multi-species__20260514T120331Z,0,2,0.25392672419548035,0.07559391111135483,0.670479416847229
gue_splice_reconstructed_frozen__InstaDeepAI_nucleotide-transformer-v2-500m-multi-species__20260514T120331Z,2,2,0.20380912721157074,0.3240526616573334,0.4721381962299347
gue_splice_reconstructed_frozen__InstaDeepAI_nucleotide-transformer-v2-500m-multi-species__20260514T120331Z,2,2,0.1515800952911377,0.1099279373884201,0.7384920120239258
gue_splice_reconstructed_frozen__InstaDeepAI_nucleotide-transformer-v2-500m-multi-species__20260514T120331Z,2,2,0.20604874193668365,0.15124614536762238,0.6427050828933716
gue_splice_reconstructed_frozen__InstaDeepAI_nucleotide-transformer-v2-500m-multi-species__20260514T120331Z,0,1,0.12549138069152832,0.5760318040847778,0.29847678542137146
gue_splice_reconstructed_frozen__InstaDeepAI_nucleotide-transformer-v2-500m-multi-species__20260514T120331Z,2,2,0.17879550158977509,0.2904086410999298,0.5307958126068115
gue_splice_reconstructed_frozen__InstaDeepAI_nucleotide-transformer-v2-500m-multi-species__20260514T120331Z,0,2,0.21395845711231232,0.10500311106443405,0.6810384392738342
gue_splice_reconstructed_frozen__InstaDeepAI_nucleotide-transformer-v2-500m-multi-species__20260514T120331Z,1,2,0.20441721379756927,0.22840607166290283,0.5671767592430115
gue_splice_reconstructed_frozen__InstaDeepAI_nucleotide-transformer-v2-500m-multi-species__20260514T120331Z,1,2,0.19330181181430817,0.1970181167125702,0.6096800565719604
gue_splice_reconstructed_frozen__InstaDeepAI_nucleotide-transformer-v2-500m-multi-species__20260514T120331Z,2,2,0.3036191463470459,0.2344612330198288,0.4619196057319641
gue_splice_reconstructed_frozen__InstaDeepAI_nucleotide-transformer-v2-500m-multi-species__20260514T120331Z,2,2,0.15177494287490845,0.3930020332336426,0.45522305369377136
gue_splice_reconstructed_frozen__InstaDeepAI_nucleotide-transformer-v2-500m-multi-species__20260514T120331Z,1,2,0.1933804452419281,0.3354187309741974,0.4712008535861969
gue_splice_reconstructed_frozen__InstaDeepAI_nucleotide-transformer-v2-500m-multi-species__20260514T120331Z,2,2,0.17321114242076874,0.2095455378293991,0.6172433495521545
gue_splice_reconstructed_frozen__InstaDeepAI_nucleotide-transformer-v2-500m-multi-species__20260514T120331Z,1,2,0.11076995730400085,0.31783512234687805,0.5713949203491211
gue_splice_reconstructed_frozen__InstaDeepAI_nucleotide-transformer-v2-500m-multi-species__20260514T120331Z,0,2,0.1678236424922943,0.23718984425067902,0.5949864983558655
gue_splice_reconstructed_frozen__InstaDeepAI_nucleotide-transformer-v2-500m-multi-species__20260514T120331Z,0,2,0.31443867087364197,0.17499010264873505,0.5105712413787842
gue_splice_reconstructed_frozen__InstaDeepAI_nucleotide-transformer-v2-500m-multi-species__20260514T120331Z,0,2,0.180732861161232,0.3006223738193512,0.5186448097229004
gue_splice_reconstructed_frozen__InstaDeepAI_nucleotide-transformer-v2-500m-multi-species__20260514T120331Z,2,2,0.13099215924739838,0.10928783565759659,0.7597200274467468
gue_splice_reconstructed_frozen__InstaDeepAI_nucleotide-transformer-v2-500m-multi-species__20260514T120331Z,0,2,0.1836034208536148,0.20100994408130646,0.6153866648674011
gue_splice_reconstructed_frozen__InstaDeepAI_nucleotide-transformer-v2-500m-multi-species__20260514T120331Z,2,2,0.23706017434597015,0.19640988111495972,0.5665299296379089
gue_splice_reconstructed_frozen__InstaDeepAI_nucleotide-transformer-v2-500m-multi-species__20260514T120331Z,2,2,0.13136142492294312,0.10098912566900253,0.7676494717597961
gue_splice_reconstructed_frozen__InstaDeepAI_nucleotide-transformer-v2-500m-multi-species__20260514T120331Z,2,2,0.1645391881465912,0.2714448869228363,0.5640159249305725
gue_splice_reconstructed_frozen__InstaDeepAI_nucleotide-transformer-v2-500m-multi-species__20260514T120331Z,1,1,0.19843772053718567,0.5057397484779358,0.29582253098487854
gue_splice_reconstructed_frozen__InstaDeepAI_nucleotide-transformer-v2-500m-multi-species__20260514T120331Z,2,2,0.23187051713466644,0.29939502477645874,0.4687345325946808
gue_splice_reconstructed_frozen__InstaDeepAI_nucleotide-transformer-v2-500m-multi-species__20260514T120331Z,2,2,0.207396000623703,0.2291184961795807,0.5634855031967163
gue_splice_reconstructed_frozen__InstaDeepAI_nucleotide-transformer-v2-500m-multi-species__20260514T120331Z,1,2,0.28787946701049805,0.16177181899547577,0.550348699092865
gue_splice_reconstructed_frozen__InstaDeepAI_nucleotide-transformer-v2-500m-multi-species__20260514T120331Z,2,2,0.24681057035923004,0.2206461876630783,0.5325432419776917
gue_splice_reconstructed_frozen__InstaDeepAI_nucleotide-transformer-v2-500m-multi-species__20260514T120331Z,0,2,0.20782016217708588,0.24142898619174957,0.5507507920265198
gue_splice_reconstructed_frozen__InstaDeepAI_nucleotide-transformer-v2-500m-multi-species__20260514T120331Z,2,2,0.22064486145973206,0.22776007652282715,0.5515950322151184
gue_splice_reconstructed_frozen__InstaDeepAI_nucleotide-transformer-v2-500m-multi-species__20260514T120331Z,2,2,0.22895124554634094,0.14880874752998352,0.6222400069236755
gue_splice_reconstructed_frozen__InstaDeepAI_nucleotide-transformer-v2-500m-multi-species__20260514T120331Z,0,2,0.19562029838562012,0.23639558255672455,0.5679841041564941
gue_splice_reconstructed_frozen__InstaDeepAI_nucleotide-transformer-v2-500m-multi-species__20260514T120331Z,2,2,0.1136784702539444,0.0857880711555481,0.8005334734916687
gue_splice_reconstructed_frozen__InstaDeepAI_nucleotide-transformer-v2-500m-multi-species__20260514T120331Z,2,2,0.1296129822731018,0.11091801524162292,0.7594689726829529
gue_splice_reconstructed_frozen__InstaDeepAI_nucleotide-transformer-v2-500m-multi-species__20260514T120331Z,2,2,0.1175648495554924,0.20721617341041565,0.675218939781189
gue_splice_reconstructed_frozen__InstaDeepAI_nucleotide-transformer-v2-500m-multi-species__20260514T120331Z,2,1,0.212716743350029,0.4043065309524536,0.3829767107963562
gue_splice_reconstructed_frozen__InstaDeepAI_nucleotide-transformer-v2-500m-multi-species__20260514T120331Z,2,2,0.14988821744918823,0.3851432204246521,0.46496859192848206
gue_splice_reconstructed_frozen__InstaDeepAI_nucleotide-transformer-v2-500m-multi-species__20260514T120331Z,2,1,0.15055881440639496,0.44838955998420715,0.4010516107082367
gue_splice_reconstructed_frozen__InstaDeepAI_nucleotide-transformer-v2-500m-multi-species__20260514T120331Z,1,2,0.13686881959438324,0.08904051035642624,0.7740907073020935
gue_splice_reconstructed_frozen__InstaDeepAI_nucleotide-transformer-v2-500m-multi-species__20260514T120331Z,2,2,0.22239291667938232,0.30760517716407776,0.4700019061565399
gue_splice_reconstructed_frozen__InstaDeepAI_nucleotide-transformer-v2-500m-multi-species__20260514T120331Z,2,1,0.30927127599716187,0.37641453742980957,0.31431421637535095
gue_splice_reconstructed_frozen__InstaDeepAI_nucleotide-transformer-v2-500m-multi-species__20260514T120331Z,2,2,0.20301347970962524,0.16813978552818298,0.6288467645645142
gue_splice_reconstructed_frozen__InstaDeepAI_nucleotide-transformer-v2-500m-multi-species__20260514T120331Z,0,2,0.30879271030426025,0.21809320151805878,0.4731140732765198
gue_splice_reconstructed_frozen__InstaDeepAI_nucleotide-transformer-v2-500m-multi-species__20260514T120331Z,0,2,0.23552602529525757,0.2971595525741577,0.46731436252593994
gue_splice_reconstructed_frozen__InstaDeepAI_nucleotide-transformer-v2-500m-multi-species__20260514T120331Z,2,2,0.3778321146965027,0.1296224147081375,0.4925454258918762
gue_splice_reconstructed_frozen__InstaDeepAI_nucleotide-transformer-v2-500m-multi-species__20260514T120331Z,0,2,0.2711922228336334,0.22499096393585205,0.5038167834281921
gue_splice_reconstructed_frozen__InstaDeepAI_nucleotide-transformer-v2-500m-multi-species__20260514T120331Z,0,0,0.49954307079315186,0.10740260034799576,0.3930542767047882
gue_splice_reconstructed_frozen__InstaDeepAI_nucleotide-transformer-v2-500m-multi-species__20260514T120331Z,0,2,0.24126076698303223,0.28648895025253296,0.4722503125667572
gue_splice_reconstructed_frozen__InstaDeepAI_nucleotide-transformer-v2-500m-multi-species__20260514T120331Z,2,2,0.28001052141189575,0.16644719243049622,0.5535423159599304
gue_splice_reconstructed_frozen__InstaDeepAI_nucleotide-transformer-v2-500m-multi-species__20260514T120331Z,1,2,0.26738056540489197,0.2918910086154938,0.44072842597961426
gue_splice_reconstructed_frozen__InstaDeepAI_nucleotide-transformer-v2-500m-multi-species__20260514T120331Z,2,2,0.2775338292121887,0.31099390983581543,0.41147229075431824
gue_splice_reconstructed_frozen__InstaDeepAI_nucleotide-transformer-v2-500m-multi-species__20260514T120331Z,2,2,0.34860116243362427,0.20863623917102814,0.4427625834941864
gue_splice_reconstructed_frozen__InstaDeepAI_nucleotide-transformer-v2-500m-multi-species__20260514T120331Z,0,2,0.16078618168830872,0.21467772126197815,0.6245360970497131
gue_splice_reconstructed_frozen__InstaDeepAI_nucleotide-transformer-v2-500m-multi-species__20260514T120331Z,1,1,0.17468427121639252,0.47287437319755554,0.3524414300918579
gue_splice_reconstructed_frozen__InstaDeepAI_nucleotide-transformer-v2-500m-multi-species__20260514T120331Z,2,2,0.2974857985973358,0.29148271679878235,0.41103145480155945
gue_splice_reconstructed_frozen__InstaDeepAI_nucleotide-transformer-v2-500m-multi-species__20260514T120331Z,2,2,0.3080572187900543,0.13785581290721893,0.5540869832038879
gue_splice_reconstructed_frozen__InstaDeepAI_nucleotide-transformer-v2-500m-multi-species__20260514T120331Z,1,2,0.11368966102600098,0.39798012375831604,0.48833027482032776
gue_splice_reconstructed_frozen__InstaDeepAI_nucleotide-transformer-v2-500m-multi-species__20260514T120331Z,2,0,0.43676862120628357,0.1742868274450302,0.388944536447525
gue_splice_reconstructed_frozen__InstaDeepAI_nucleotide-transformer-v2-500m-multi-species__20260514T120331Z,0,2,0.2087695300579071,0.11136497557163239,0.6798654794692993
gue_splice_reconstructed_frozen__InstaDeepAI_nucleotide-transformer-v2-500m-multi-species__20260514T120331Z,0,2,0.32814306020736694,0.13537836074829102,0.536478579044342
gue_splice_reconstructed_frozen__InstaDeepAI_nucleotide-transformer-v2-500m-multi-species__20260514T120331Z,1,2,0.282758504152298,0.26323843002319336,0.45400309562683105
gue_splice_reconstructed_frozen__InstaDeepAI_nucleotide-transformer-v2-500m-multi-species__20260514T120331Z,2,2,0.15454642474651337,0.23837478458881378,0.6070787906646729
gue_splice_reconstructed_frozen__InstaDeepAI_nucleotide-transformer-v2-500m-multi-species__20260514T120331Z,1,2,0.19510020315647125,0.277403324842453,0.5274965167045593
gue_splice_reconstructed_frozen__InstaDeepAI_nucleotide-transformer-v2-500m-multi-species__20260514T120331Z,1,2,0.24743136763572693,0.2880432903766632,0.4645253121852875
gue_splice_reconstructed_frozen__InstaDeepAI_nucleotide-transformer-v2-500m-multi-species__20260514T120331Z,0,2,0.23020176589488983,0.3792143762111664,0.3905838429927826
gue_splice_reconstructed_frozen__InstaDeepAI_nucleotide-transformer-v2-500m-multi-species__20260514T120331Z,1,2,0.1458835005760193,0.3434390425682068,0.5106773972511292
gue_splice_reconstructed_frozen__InstaDeepAI_nucleotide-transformer-v2-500m-multi-species__20260514T120331Z,1,2,0.17654424905776978,0.3546755015850067,0.4687802195549011
gue_splice_reconstructed_frozen__InstaDeepAI_nucleotide-transformer-v2-500m-multi-species__20260514T120331Z,2,2,0.27254518866539,0.20345522463321686,0.5239996314048767
gue_splice_reconstructed_frozen__InstaDeepAI_nucleotide-transformer-v2-500m-multi-species__20260514T120331Z,0,2,0.33992496132850647,0.2551209330558777,0.40495410561561584
gue_splice_reconstructed_frozen__InstaDeepAI_nucleotide-transformer-v2-500m-multi-species__20260514T120331Z,2,2,0.20432507991790771,0.16615568101406097,0.6295192241668701
gue_splice_reconstructed_frozen__InstaDeepAI_nucleotide-transformer-v2-500m-multi-species__20260514T120331Z,2,2,0.2306579202413559,0.25472354888916016,0.5146185159683228
gue_splice_reconstructed_frozen__InstaDeepAI_nucleotide-transformer-v2-500m-multi-species__20260514T120331Z,1,2,0.20210008323192596,0.35604146122932434,0.4418584406375885
gue_splice_reconstructed_frozen__InstaDeepAI_nucleotide-transformer-v2-500m-multi-species__20260514T120331Z,1,2,0.2203594446182251,0.2696606516838074,0.5099799633026123
gue_splice_reconstructed_frozen__InstaDeepAI_nucleotide-transformer-v2-500m-multi-species__20260514T120331Z,2,2,0.15522538125514984,0.2555176019668579,0.5892570614814758
gue_splice_reconstructed_frozen__InstaDeepAI_nucleotide-transformer-v2-500m-multi-species__20260514T120331Z,2,2,0.16454710066318512,0.24260665476322174,0.5928462743759155
gue_splice_reconstructed_frozen__InstaDeepAI_nucleotide-transformer-v2-500m-multi-species__20260514T120331Z,2,2,0.17189517617225647,0.3155466914176941,0.5125581622123718
gue_splice_reconstructed_frozen__InstaDeepAI_nucleotide-transformer-v2-500m-multi-species__20260514T120331Z,2,2,0.08788466453552246,0.05851522460579872,0.8536000847816467
gue_splice_reconstructed_frozen__InstaDeepAI_nucleotide-transformer-v2-500m-multi-species__20260514T120331Z,1,2,0.23350605368614197,0.19536375999450684,0.5711302161216736
gue_splice_reconstructed_frozen__InstaDeepAI_nucleotide-transformer-v2-500m-multi-species__20260514T120331Z,2,2,0.16113445162773132,0.1896311491727829,0.6492343544960022
gue_splice_reconstructed_frozen__InstaDeepAI_nucleotide-transformer-v2-500m-multi-species__20260514T120331Z,1,2,0.22928662598133087,0.3325123190879822,0.43820109963417053
gue_splice_reconstructed_frozen__InstaDeepAI_nucleotide-transformer-v2-500m-multi-species__20260514T120331Z,2,2,0.24497021734714508,0.0932643860578537,0.6617653965950012
gue_splice_reconstructed_frozen__InstaDeepAI_nucleotide-transformer-v2-500m-multi-species__20260514T120331Z,0,0,0.4915277361869812,0.15331265330314636,0.35515955090522766
gue_splice_reconstructed_frozen__InstaDeepAI_nucleotide-transformer-v2-500m-multi-species__20260514T120331Z,2,2,0.15997610986232758,0.16485294699668884,0.6751709580421448
gue_splice_reconstructed_frozen__InstaDeepAI_nucleotide-transformer-v2-500m-multi-species__20260514T120331Z,2,2,0.17842721939086914,0.1712988018989563,0.6502739191055298
gue_splice_reconstructed_frozen__InstaDeepAI_nucleotide-transformer-v2-500m-multi-species__20260514T120331Z,1,2,0.11675124615430832,0.2777565121650696,0.6054922342300415
gue_splice_reconstructed_frozen__InstaDeepAI_nucleotide-transformer-v2-500m-multi-species__20260514T120331Z,2,1,0.1585826426744461,0.4458431899547577,0.3955742120742798
gue_splice_reconstructed_frozen__InstaDeepAI_nucleotide-transformer-v2-500m-multi-species__20260514T120331Z,2,2,0.14971806108951569,0.20341996848583221,0.6468619704246521
gue_splice_reconstructed_frozen__InstaDeepAI_nucleotide-transformer-v2-500m-multi-species__20260514T120331Z,1,2,0.23567098379135132,0.18853658437728882,0.5757924318313599
gue_splice_reconstructed_frozen__InstaDeepAI_nucleotide-transformer-v2-500m-multi-species__20260514T120331Z,1,1,0.19553683698177338,0.5203535556793213,0.28410959243774414
gue_splice_reconstructed_frozen__InstaDeepAI_nucleotide-transformer-v2-500m-multi-species__20260514T120331Z,2,2,0.14910997450351715,0.1604018360376358,0.6904882192611694
gue_splice_reconstructed_frozen__InstaDeepAI_nucleotide-transformer-v2-500m-multi-species__20260514T120331Z,2,2,0.25603964924812317,0.29281049966812134,0.4511498510837555
gue_splice_reconstructed_frozen__InstaDeepAI_nucleotide-transformer-v2-500m-multi-species__20260514T120331Z,1,2,0.23095625638961792,0.23382136225700378,0.5352224111557007
gue_splice_reconstructed_frozen__InstaDeepAI_nucleotide-transformer-v2-500m-multi-species__20260514T120331Z,1,2,0.25846219062805176,0.3221147358417511,0.41942310333251953
gue_splice_reconstructed_frozen__InstaDeepAI_nucleotide-transformer-v2-500m-multi-species__20260514T120331Z,0,2,0.26926755905151367,0.3057166337966919,0.4250158369541168
gue_splice_reconstructed_frozen__InstaDeepAI_nucleotide-transformer-v2-500m-multi-species__20260514T120331Z,2,2,0.16327396035194397,0.21646133065223694,0.6202647089958191
gue_splice_reconstructed_frozen__InstaDeepAI_nucleotide-transformer-v2-500m-multi-species__20260514T120331Z,2,2,0.19139258563518524,0.3612096905708313,0.4473976790904999
gue_splice_reconstructed_frozen__InstaDeepAI_nucleotide-transformer-v2-500m-multi-species__20260514T120331Z,2,2,0.21775703132152557,0.128639355301857,0.6536036133766174
gue_splice_reconstructed_frozen__InstaDeepAI_nucleotide-transformer-v2-500m-multi-species__20260514T120331Z,2,2,0.1981714814901352,0.17846567928791046,0.6233628392219543
gue_splice_reconstructed_frozen__InstaDeepAI_nucleotide-transformer-v2-500m-multi-species__20260514T120331Z,0,2,0.27875998616218567,0.1429077535867691,0.5783323049545288
gue_splice_reconstructed_frozen__InstaDeepAI_nucleotide-transformer-v2-500m-multi-species__20260514T120331Z,0,2,0.20020484924316406,0.35594651103019714,0.4438486397266388
gue_splice_reconstructed_frozen__InstaDeepAI_nucleotide-transformer-v2-500m-multi-species__20260514T120331Z,0,2,0.24343349039554596,0.34774595499038696,0.40882056951522827
gue_splice_reconstructed_frozen__InstaDeepAI_nucleotide-transformer-v2-500m-multi-species__20260514T120331Z,2,2,0.2382371574640274,0.2893577218055725,0.47240516543388367
gue_splice_reconstructed_frozen__InstaDeepAI_nucleotide-transformer-v2-500m-multi-species__20260514T120331Z,2,2,0.14365960657596588,0.2594323456287384,0.5969080328941345
gue_splice_reconstructed_frozen__InstaDeepAI_nucleotide-transformer-v2-500m-multi-species__20260514T120331Z,1,2,0.1527998000383377,0.19184114038944244,0.6553590893745422
gue_splice_reconstructed_frozen__InstaDeepAI_nucleotide-transformer-v2-500m-multi-species__20260514T120331Z,2,2,0.2342837154865265,0.18337580561637878,0.5823404788970947
gue_splice_reconstructed_frozen__InstaDeepAI_nucleotide-transformer-v2-500m-multi-species__20260514T120331Z,2,2,0.14786337316036224,0.10360398143529892,0.7485326528549194
gue_splice_reconstructed_frozen__InstaDeepAI_nucleotide-transformer-v2-500m-multi-species__20260514T120331Z,1,2,0.15300016105175018,0.19397780299186707,0.653022050857544
gue_splice_reconstructed_frozen__InstaDeepAI_nucleotide-transformer-v2-500m-multi-species__20260514T120331Z,2,2,0.186287984251976,0.2120734006166458,0.601638674736023
gue_splice_reconstructed_frozen__InstaDeepAI_nucleotide-transformer-v2-500m-multi-species__20260514T120331Z,0,2,0.30867379903793335,0.21772997081279755,0.4735962748527527
gue_splice_reconstructed_frozen__InstaDeepAI_nucleotide-transformer-v2-500m-multi-species__20260514T120331Z,2,2,0.187092125415802,0.255443811416626,0.557464063167572
gue_splice_reconstructed_frozen__InstaDeepAI_nucleotide-transformer-v2-500m-multi-species__20260514T120331Z,2,2,0.2235724776983261,0.1835692822933197,0.5928583145141602
gue_splice_reconstructed_frozen__InstaDeepAI_nucleotide-transformer-v2-500m-multi-species__20260514T120331Z,2,2,0.2770848274230957,0.26389238238334656,0.45902276039123535
gue_splice_reconstructed_frozen__InstaDeepAI_nucleotide-transformer-v2-500m-multi-species__20260514T120331Z,0,2,0.1678236424922943,0.23718984425067902,0.5949864983558655
gue_splice_reconstructed_frozen__InstaDeepAI_nucleotide-transformer-v2-500m-multi-species__20260514T120331Z,2,2,0.20028486847877502,0.2608383595943451,0.5388767123222351
gue_splice_reconstructed_frozen__InstaDeepAI_nucleotide-transformer-v2-500m-multi-species__20260514T120331Z,1,2,0.32181546092033386,0.18977536261081696,0.48840922117233276
gue_splice_reconstructed_frozen__InstaDeepAI_nucleotide-transformer-v2-500m-multi-species__20260514T120331Z,2,1,0.2639826238155365,0.4097636640071869,0.3262537121772766
gue_splice_reconstructed_frozen__InstaDeepAI_nucleotide-transformer-v2-500m-multi-species__20260514T120331Z,2,2,0.12685568630695343,0.32799598574638367,0.5451483130455017
gue_splice_reconstructed_frozen__InstaDeepAI_nucleotide-transformer-v2-500m-multi-species__20260514T120331Z,0,2,0.24939626455307007,0.22424063086509705,0.5263630747795105
gue_splice_reconstructed_frozen__InstaDeepAI_nucleotide-transformer-v2-500m-multi-species__20260514T120331Z,2,2,0.24044828116893768,0.2009020447731018,0.5586496591567993
gue_splice_reconstructed_frozen__InstaDeepAI_nucleotide-transformer-v2-500m-multi-species__20260514T120331Z,2,2,0.17181618511676788,0.34830909967422485,0.4798746407032013
gue_splice_reconstructed_frozen__InstaDeepAI_nucleotide-transformer-v2-500m-multi-species__20260514T120331Z,2,2,0.21979385614395142,0.36361950635910034,0.41658660769462585
gue_splice_reconstructed_frozen__InstaDeepAI_nucleotide-transformer-v2-500m-multi-species__20260514T120331Z,1,2,0.23116882145404816,0.2234828770160675,0.5453482866287231
gue_splice_reconstructed_frozen__InstaDeepAI_nucleotide-transformer-v2-500m-multi-species__20260514T120331Z,2,2,0.1956290751695633,0.10399933159351349,0.7003715634346008
gue_splice_reconstructed_frozen__InstaDeepAI_nucleotide-transformer-v2-500m-multi-species__20260514T120331Z,2,2,0.2189726084470749,0.1905023157596588,0.5905250310897827
gue_splice_reconstructed_frozen__InstaDeepAI_nucleotide-transformer-v2-500m-multi-species__20260514T120331Z,2,2,0.20275066792964935,0.23866547644138336,0.5585838556289673
gue_splice_reconstructed_frozen__InstaDeepAI_nucleotide-transformer-v2-500m-multi-species__20260514T120331Z,2,2,0.11768420785665512,0.30333662033081055,0.5789791941642761
gue_splice_reconstructed_frozen__InstaDeepAI_nucleotide-transformer-v2-500m-multi-species__20260514T120331Z,0,2,0.16075968742370605,0.35600847005844116,0.4832318425178528
gue_splice_reconstructed_frozen__InstaDeepAI_nucleotide-transformer-v2-500m-multi-species__20260514T120331Z,1,2,0.18096089363098145,0.26516732573509216,0.5538718104362488
gue_splice_reconstructed_frozen__InstaDeepAI_nucleotide-transformer-v2-500m-multi-species__20260514T120331Z,2,2,0.24683810770511627,0.10441581159830093,0.6487460136413574
gue_splice_reconstructed_frozen__InstaDeepAI_nucleotide-transformer-v2-500m-multi-species__20260514T120331Z,2,2,0.13855154812335968,0.058082111179828644,0.8033663034439087
gue_splice_reconstructed_frozen__InstaDeepAI_nucleotide-transformer-v2-500m-multi-species__20260514T120331Z,2,2,0.22842717170715332,0.22494065761566162,0.5466321110725403
gue_splice_reconstructed_frozen__InstaDeepAI_nucleotide-transformer-v2-500m-multi-species__20260514T120331Z,2,2,0.19251622259616852,0.04392656683921814,0.7635572552680969
gue_splice_reconstructed_frozen__InstaDeepAI_nucleotide-transformer-v2-500m-multi-species__20260514T120331Z,0,2,0.21765951812267303,0.12486935406923294,0.6574711203575134
gue_splice_reconstructed_frozen__InstaDeepAI_nucleotide-transformer-v2-500m-multi-species__20260514T120331Z,2,2,0.16758762300014496,0.1309642344713211,0.7014481425285339
gue_splice_reconstructed_frozen__InstaDeepAI_nucleotide-transformer-v2-500m-multi-species__20260514T120331Z,0,2,0.3016345500946045,0.26452338695526123,0.4338420629501343
gue_splice_reconstructed_frozen__InstaDeepAI_nucleotide-transformer-v2-500m-multi-species__20260514T120331Z,1,2,0.19528938829898834,0.1951940655708313,0.6095165610313416
gue_splice_reconstructed_frozen__InstaDeepAI_nucleotide-transformer-v2-500m-multi-species__20260514T120331Z,2,2,0.22100335359573364,0.2705146372318268,0.5084819793701172
gue_splice_reconstructed_frozen__InstaDeepAI_nucleotide-transformer-v2-500m-multi-species__20260514T120331Z,2,2,0.23266716301441193,0.21985502541065216,0.5474777817726135
gue_splice_reconstructed_frozen__InstaDeepAI_nucleotide-transformer-v2-500m-multi-species__20260514T120331Z,2,2,0.3577955365180969,0.13676878809928894,0.5054356455802917
gue_splice_reconstructed_frozen__InstaDeepAI_nucleotide-transformer-v2-500m-multi-species__20260514T120331Z,2,2,0.1435486078262329,0.17860554158687592,0.67784583568573
gue_splice_reconstructed_frozen__InstaDeepAI_nucleotide-transformer-v2-500m-multi-species__20260514T120331Z,2,2,0.28268659114837646,0.14268702268600464,0.5746263265609741
gue_splice_reconstructed_frozen__InstaDeepAI_nucleotide-transformer-v2-500m-multi-species__20260514T120331Z,0,2,0.15139827132225037,0.3079025149345398,0.5406991839408875
gue_splice_reconstructed_frozen__InstaDeepAI_nucleotide-transformer-v2-500m-multi-species__20260514T120331Z,0,2,0.23682422935962677,0.2441331148147583,0.5190426707267761
gue_splice_reconstructed_frozen__InstaDeepAI_nucleotide-transformer-v2-500m-multi-species__20260514T120331Z,2,2,0.24095064401626587,0.34545934200286865,0.41359004378318787
gue_splice_reconstructed_frozen__InstaDeepAI_nucleotide-transformer-v2-500m-multi-species__20260514T120331Z,2,2,0.2837841212749481,0.24256682395935059,0.4736490547657013
gue_splice_reconstructed_frozen__InstaDeepAI_nucleotide-transformer-v2-500m-multi-species__20260514T120331Z,2,1,0.18035604059696198,0.4488990902900696,0.3707447946071625
gue_splice_reconstructed_frozen__InstaDeepAI_nucleotide-transformer-v2-500m-multi-species__20260514T120331Z,2,2,0.12163901329040527,0.39679935574531555,0.48156169056892395
gue_splice_reconstructed_frozen__InstaDeepAI_nucleotide-transformer-v2-500m-multi-species__20260514T120331Z,0,2,0.21723783016204834,0.2769286632537842,0.5058335065841675
gue_splice_reconstructed_frozen__InstaDeepAI_nucleotide-transformer-v2-500m-multi-species__20260514T120331Z,2,1,0.23771923780441284,0.38632771372795105,0.3759531080722809
gue_splice_reconstructed_frozen__InstaDeepAI_nucleotide-transformer-v2-500m-multi-species__20260514T120331Z,0,1,0.15698325634002686,0.47837597131729126,0.3646407425403595
gue_splice_reconstructed_frozen__InstaDeepAI_nucleotide-transformer-v2-500m-multi-species__20260514T120331Z,2,2,0.20495447516441345,0.23423685133457184,0.5608086585998535
gue_splice_reconstructed_frozen__InstaDeepAI_nucleotide-transformer-v2-500m-multi-species__20260514T120331Z,1,2,0.23063518106937408,0.1547844558954239,0.6145803928375244
gue_splice_reconstructed_frozen__InstaDeepAI_nucleotide-transformer-v2-500m-multi-species__20260514T120331Z,0,2,0.2941474914550781,0.24699290096759796,0.4588596522808075
gue_splice_reconstructed_frozen__InstaDeepAI_nucleotide-transformer-v2-500m-multi-species__20260514T120331Z,2,2,0.21669797599315643,0.17213517427444458,0.6111668348312378
gue_splice_reconstructed_frozen__InstaDeepAI_nucleotide-transformer-v2-500m-multi-species__20260514T120331Z,0,2,0.17264504730701447,0.2328018993139267,0.5945530533790588
gue_splice_reconstructed_frozen__InstaDeepAI_nucleotide-transformer-v2-500m-multi-species__20260514T120331Z,2,2,0.19915679097175598,0.16428251564502716,0.6365606784820557
gue_splice_reconstructed_frozen__InstaDeepAI_nucleotide-transformer-v2-500m-multi-species__20260514T120331Z,2,2,0.1358451098203659,0.10239118337631226,0.7617637515068054
gue_splice_reconstructed_frozen__InstaDeepAI_nucleotide-transformer-v2-500m-multi-species__20260514T120331Z,0,2,0.14791496098041534,0.19609905779361725,0.6559860110282898
gue_splice_reconstructed_frozen__InstaDeepAI_nucleotide-transformer-v2-500m-multi-species__20260514T120331Z,2,2,0.24343045055866241,0.15049579739570618,0.6060736775398254
gue_splice_reconstructed_frozen__InstaDeepAI_nucleotide-transformer-v2-500m-multi-species__20260514T120331Z,0,2,0.23925663530826569,0.2177392840385437,0.5430040955543518
gue_splice_reconstructed_frozen__InstaDeepAI_nucleotide-transformer-v2-500m-multi-species__20260514T120331Z,1,2,0.15996387600898743,0.27457395195961,0.5654621124267578
gue_splice_reconstructed_frozen__InstaDeepAI_nucleotide-transformer-v2-500m-multi-species__20260514T120331Z,0,2,0.2229524403810501,0.31350788474082947,0.4635396897792816
gue_splice_reconstructed_frozen__InstaDeepAI_nucleotide-transformer-v2-500m-multi-species__20260514T120331Z,1,2,0.2962823510169983,0.21505168080329895,0.48866596817970276
gue_splice_reconstructed_frozen__InstaDeepAI_nucleotide-transformer-v2-500m-multi-species__20260514T120331Z,2,2,0.1405089795589447,0.12363599985837936,0.7358550429344177
gue_splice_reconstructed_frozen__InstaDeepAI_nucleotide-transformer-v2-500m-multi-species__20260514T120331Z,0,2,0.2649916708469391,0.2457662671804428,0.4892421066761017
gue_splice_reconstructed_frozen__InstaDeepAI_nucleotide-transformer-v2-500m-multi-species__20260514T120331Z,2,2,0.1894179880619049,0.3432534635066986,0.4673284888267517
gue_splice_reconstructed_frozen__InstaDeepAI_nucleotide-transformer-v2-500m-multi-species__20260514T120331Z,1,2,0.23172038793563843,0.2713388204574585,0.4969407916069031
gue_splice_reconstructed_frozen__InstaDeepAI_nucleotide-transformer-v2-500m-multi-species__20260514T120331Z,2,2,0.21862637996673584,0.3462645709514618,0.43510907888412476
gue_splice_reconstructed_frozen__InstaDeepAI_nucleotide-transformer-v2-500m-multi-species__20260514T120331Z,2,2,0.18571221828460693,0.2676490843296051,0.5466386675834656
gue_splice_reconstructed_frozen__InstaDeepAI_nucleotide-transformer-v2-500m-multi-species__20260514T120331Z,1,1,0.21076194941997528,0.40063998103141785,0.38859811425209045
gue_splice_reconstructed_frozen__InstaDeepAI_nucleotide-transformer-v2-500m-multi-species__20260514T120331Z,2,2,0.20781336724758148,0.26319822669029236,0.5289884209632874
gue_splice_reconstructed_frozen__InstaDeepAI_nucleotide-transformer-v2-500m-multi-species__20260514T120331Z,1,1,0.1515018343925476,0.4467041492462158,0.4017940163612366
gue_splice_reconstructed_frozen__InstaDeepAI_nucleotide-transformer-v2-500m-multi-species__20260514T120331Z,0,2,0.1358795315027237,0.22374051809310913,0.6403799057006836
gue_splice_reconstructed_frozen__InstaDeepAI_nucleotide-transformer-v2-500m-multi-species__20260514T120331Z,1,2,0.19515328109264374,0.2763042449951172,0.5285425186157227
gue_splice_reconstructed_frozen__InstaDeepAI_nucleotide-transformer-v2-500m-multi-species__20260514T120331Z,2,2,0.16138362884521484,0.2089989334344864,0.6296173930168152
gue_splice_reconstructed_frozen__InstaDeepAI_nucleotide-transformer-v2-500m-multi-species__20260514T120331Z,2,2,0.11693384498357773,0.2932727038860321,0.5897933840751648
gue_splice_reconstructed_frozen__InstaDeepAI_nucleotide-transformer-v2-500m-multi-species__20260514T120331Z,1,1,0.2050248086452484,0.4883590638637543,0.3066161870956421
gue_splice_reconstructed_frozen__InstaDeepAI_nucleotide-transformer-v2-500m-multi-species__20260514T120331Z,0,2,0.2703416347503662,0.23242402076721191,0.4972343444824219
gue_splice_reconstructed_frozen__InstaDeepAI_nucleotide-transformer-v2-500m-multi-species__20260514T120331Z,2,2,0.2740900218486786,0.17634044587612152,0.5495695471763611
gue_splice_reconstructed_frozen__InstaDeepAI_nucleotide-transformer-v2-500m-multi-species__20260514T120331Z,2,2,0.19401544332504272,0.12499083578586578,0.6809936761856079
gue_splice_reconstructed_frozen__InstaDeepAI_nucleotide-transformer-v2-500m-multi-species__20260514T120331Z,2,2,0.29824545979499817,0.2293769121170044,0.47237759828567505
gue_splice_reconstructed_frozen__InstaDeepAI_nucleotide-transformer-v2-500m-multi-species__20260514T120331Z,1,2,0.13458006083965302,0.21991655230522156,0.6455033421516418
gue_splice_reconstructed_frozen__InstaDeepAI_nucleotide-transformer-v2-500m-multi-species__20260514T120331Z,2,2,0.21222563087940216,0.2254171520471573,0.5623572468757629
gue_splice_reconstructed_frozen__InstaDeepAI_nucleotide-transformer-v2-500m-multi-species__20260514T120331Z,2,2,0.34894976019859314,0.17490695416927338,0.47614336013793945
gue_splice_reconstructed_frozen__InstaDeepAI_nucleotide-transformer-v2-500m-multi-species__20260514T120331Z,2,2,0.32107535004615784,0.198959082365036,0.47996556758880615
gue_splice_reconstructed_frozen__InstaDeepAI_nucleotide-transformer-v2-500m-multi-species__20260514T120331Z,2,2,0.29643240571022034,0.19087783992290497,0.5126897692680359
gue_splice_reconstructed_frozen__InstaDeepAI_nucleotide-transformer-v2-500m-multi-species__20260514T120331Z,2,2,0.24513961374759674,0.24394555389881134,0.5109148621559143
gue_splice_reconstructed_frozen__InstaDeepAI_nucleotide-transformer-v2-500m-multi-species__20260514T120331Z,2,2,0.19255098700523376,0.1803997904062271,0.6270492076873779
gue_splice_reconstructed_frozen__InstaDeepAI_nucleotide-transformer-v2-500m-multi-species__20260514T120331Z,2,2,0.19448763132095337,0.2723033130168915,0.5332090258598328
gue_splice_reconstructed_frozen__InstaDeepAI_nucleotide-transformer-v2-500m-multi-species__20260514T120331Z,2,2,0.12400443851947784,0.12412558495998383,0.7518699765205383
gue_splice_reconstructed_frozen__InstaDeepAI_nucleotide-transformer-v2-500m-multi-species__20260514T120331Z,1,2,0.24391275644302368,0.36273089051246643,0.3933562934398651
gue_splice_reconstructed_frozen__InstaDeepAI_nucleotide-transformer-v2-500m-multi-species__20260514T120331Z,1,2,0.19182409346103668,0.28046858310699463,0.5277073383331299
gue_splice_reconstructed_frozen__InstaDeepAI_nucleotide-transformer-v2-500m-multi-species__20260514T120331Z,1,2,0.1196589320898056,0.39110326766967773,0.48923778533935547
gue_splice_reconstructed_frozen__InstaDeepAI_nucleotide-transformer-v2-500m-multi-species__20260514T120331Z,2,2,0.1426892876625061,0.19299639761447906,0.664314329624176
gue_splice_reconstructed_frozen__InstaDeepAI_nucleotide-transformer-v2-500m-multi-species__20260514T120331Z,2,2,0.14302599430084229,0.03952343016862869,0.8174506425857544
gue_splice_reconstructed_frozen__InstaDeepAI_nucleotide-transformer-v2-500m-multi-species__20260514T120331Z,1,1,0.08665072172880173,0.4899519383907318,0.42339739203453064
gue_splice_reconstructed_frozen__InstaDeepAI_nucleotide-transformer-v2-500m-multi-species__20260514T120331Z,0,2,0.21731124818325043,0.23623491823673248,0.5464538335800171
gue_splice_reconstructed_frozen__InstaDeepAI_nucleotide-transformer-v2-500m-multi-species__20260514T120331Z,2,2,0.16604793071746826,0.157364621758461,0.6765874028205872
gue_splice_reconstructed_frozen__InstaDeepAI_nucleotide-transformer-v2-500m-multi-species__20260514T120331Z,2,2,0.3292049467563629,0.1653125137090683,0.50548255443573
gue_splice_reconstructed_frozen__InstaDeepAI_nucleotide-transformer-v2-500m-multi-species__20260514T120331Z,0,2,0.3186691701412201,0.21591205894947052,0.46541881561279297
gue_splice_reconstructed_frozen__InstaDeepAI_nucleotide-transformer-v2-500m-multi-species__20260514T120331Z,0,2,0.23733747005462646,0.15511861443519592,0.6075439453125
gue_splice_reconstructed_frozen__InstaDeepAI_nucleotide-transformer-v2-500m-multi-species__20260514T120331Z,2,2,0.216043159365654,0.22997677326202393,0.5539800524711609
gue_splice_reconstructed_frozen__InstaDeepAI_nucleotide-transformer-v2-500m-multi-species__20260514T120331Z,2,2,0.2682780921459198,0.1344466209411621,0.5972753167152405
gue_splice_reconstructed_frozen__InstaDeepAI_nucleotide-transformer-v2-500m-multi-species__20260514T120331Z,2,2,0.2099999189376831,0.19547879695892334,0.5945212841033936
gue_splice_reconstructed_frozen__InstaDeepAI_nucleotide-transformer-v2-500m-multi-species__20260514T120331Z,0,2,0.26947903633117676,0.15527862310409546,0.5752423405647278
gue_splice_reconstructed_frozen__InstaDeepAI_nucleotide-transformer-v2-500m-multi-species__20260514T120331Z,2,2,0.26173439621925354,0.15935182571411133,0.5789137482643127
gue_splice_reconstructed_frozen__InstaDeepAI_nucleotide-transformer-v2-500m-multi-species__20260514T120331Z,2,2,0.18662621080875397,0.24438893795013428,0.568984866142273
