run_id,true_label,predicted_label,prob_class_0,prob_class_1
gue_emp_H3K4me1_frozen__zhihan1996_DNABERT-2-117M__20260514T122234Z,1,1,0.47753509879112244,0.5224648714065552
gue_emp_H3K4me1_frozen__zhihan1996_DNABERT-2-117M__20260514T122234Z,0,0,0.5913398265838623,0.4086602032184601
gue_emp_H3K4me1_frozen__zhihan1996_DNABERT-2-117M__20260514T122234Z,0,1,0.49710848927497864,0.502891480922699
gue_emp_H3K4me1_frozen__zhihan1996_DNABERT-2-117M__20260514T122234Z,0,0,0.5970206260681152,0.40297931432724
gue_emp_H3K4me1_frozen__zhihan1996_DNABERT-2-117M__20260514T122234Z,0,1,0.42107561230659485,0.5789243578910828
gue_emp_H3K4me1_frozen__zhihan1996_DNABERT-2-117M__20260514T122234Z,1,1,0.4677809476852417,0.5322190523147583
gue_emp_H3K4me1_frozen__zhihan1996_DNABERT-2-117M__20260514T122234Z,0,0,0.5896130204200745,0.4103870391845703
gue_emp_H3K4me1_frozen__zhihan1996_DNABERT-2-117M__20260514T122234Z,1,1,0.4121752381324768,0.587824821472168
gue_emp_H3K4me1_frozen__zhihan1996_DNABERT-2-117M__20260514T122234Z,0,0,0.549323320388794,0.45067667961120605
gue_emp_H3K4me1_frozen__zhihan1996_DNABERT-2-117M__20260514T122234Z,0,0,0.623892605304718,0.376107394695282
gue_emp_H3K4me1_frozen__zhihan1996_DNABERT-2-117M__20260514T122234Z,0,0,0.5837076902389526,0.416292279958725
gue_emp_H3K4me1_frozen__zhihan1996_DNABERT-2-117M__20260514T122234Z,0,0,0.5329872965812683,0.4670126736164093
gue_emp_H3K4me1_frozen__zhihan1996_DNABERT-2-117M__20260514T122234Z,0,0,0.6061779260635376,0.39382204413414
gue_emp_H3K4me1_frozen__zhihan1996_DNABERT-2-117M__20260514T122234Z,1,1,0.49764254689216614,0.5023574829101562
gue_emp_H3K4me1_frozen__zhihan1996_DNABERT-2-117M__20260514T122234Z,1,0,0.5243794322013855,0.4756205379962921
gue_emp_H3K4me1_frozen__zhihan1996_DNABERT-2-117M__20260514T122234Z,1,0,0.5170984864234924,0.48290157318115234
gue_emp_H3K4me1_frozen__zhihan1996_DNABERT-2-117M__20260514T122234Z,1,0,0.563948392868042,0.4360515773296356
gue_emp_H3K4me1_frozen__zhihan1996_DNABERT-2-117M__20260514T122234Z,0,0,0.5897753834724426,0.4102245569229126
gue_emp_H3K4me1_frozen__zhihan1996_DNABERT-2-117M__20260514T122234Z,1,1,0.390882670879364,0.609117329120636
gue_emp_H3K4me1_frozen__zhihan1996_DNABERT-2-117M__20260514T122234Z,0,0,0.5709743499755859,0.42902565002441406
gue_emp_H3K4me1_frozen__zhihan1996_DNABERT-2-117M__20260514T122234Z,1,1,0.4906703233718872,0.5093296766281128
gue_emp_H3K4me1_frozen__zhihan1996_DNABERT-2-117M__20260514T122234Z,1,0,0.5048673748970032,0.49513256549835205
gue_emp_H3K4me1_frozen__zhihan1996_DNABERT-2-117M__20260514T122234Z,1,0,0.5518152713775635,0.4481847286224365
gue_emp_H3K4me1_frozen__zhihan1996_DNABERT-2-117M__20260514T122234Z,0,1,0.498748779296875,0.501251220703125
gue_emp_H3K4me1_frozen__zhihan1996_DNABERT-2-117M__20260514T122234Z,0,1,0.3089194893836975,0.6910805702209473
gue_emp_H3K4me1_frozen__zhihan1996_DNABERT-2-117M__20260514T122234Z,1,0,0.5106642842292786,0.48933571577072144
gue_emp_H3K4me1_frozen__zhihan1996_DNABERT-2-117M__20260514T122234Z,0,0,0.5854863524436951,0.41451364755630493
gue_emp_H3K4me1_frozen__zhihan1996_DNABERT-2-117M__20260514T122234Z,1,0,0.5857825875282288,0.41421741247177124
gue_emp_H3K4me1_frozen__zhihan1996_DNABERT-2-117M__20260514T122234Z,1,0,0.5871739387512207,0.4128260314464569
gue_emp_H3K4me1_frozen__zhihan1996_DNABERT-2-117M__20260514T122234Z,0,1,0.3847387433052063,0.6152611970901489
gue_emp_H3K4me1_frozen__zhihan1996_DNABERT-2-117M__20260514T122234Z,0,1,0.484452486038208,0.5155474543571472
gue_emp_H3K4me1_frozen__zhihan1996_DNABERT-2-117M__20260514T122234Z,0,0,0.5280847549438477,0.4719153046607971
gue_emp_H3K4me1_frozen__zhihan1996_DNABERT-2-117M__20260514T122234Z,1,1,0.275909423828125,0.724090576171875
gue_emp_H3K4me1_frozen__zhihan1996_DNABERT-2-117M__20260514T122234Z,0,1,0.4910440444946289,0.5089559555053711
gue_emp_H3K4me1_frozen__zhihan1996_DNABERT-2-117M__20260514T122234Z,1,1,0.376651793718338,0.6233482360839844
gue_emp_H3K4me1_frozen__zhihan1996_DNABERT-2-117M__20260514T122234Z,1,0,0.539150059223175,0.46084997057914734
gue_emp_H3K4me1_frozen__zhihan1996_DNABERT-2-117M__20260514T122234Z,1,1,0.4005148708820343,0.5994850993156433
gue_emp_H3K4me1_frozen__zhihan1996_DNABERT-2-117M__20260514T122234Z,0,0,0.5171555876731873,0.48284441232681274
gue_emp_H3K4me1_frozen__zhihan1996_DNABERT-2-117M__20260514T122234Z,0,0,0.5239536762237549,0.4760463237762451
gue_emp_H3K4me1_frozen__zhihan1996_DNABERT-2-117M__20260514T122234Z,1,0,0.5700621008872986,0.4299378991127014
gue_emp_H3K4me1_frozen__zhihan1996_DNABERT-2-117M__20260514T122234Z,0,0,0.5191366076469421,0.48086339235305786
gue_emp_H3K4me1_frozen__zhihan1996_DNABERT-2-117M__20260514T122234Z,0,0,0.5576947331428528,0.44230523705482483
gue_emp_H3K4me1_frozen__zhihan1996_DNABERT-2-117M__20260514T122234Z,1,0,0.5633929371833801,0.4366070032119751
gue_emp_H3K4me1_frozen__zhihan1996_DNABERT-2-117M__20260514T122234Z,0,0,0.6262384653091431,0.37376150488853455
gue_emp_H3K4me1_frozen__zhihan1996_DNABERT-2-117M__20260514T122234Z,1,0,0.5165230631828308,0.4834769368171692
gue_emp_H3K4me1_frozen__zhihan1996_DNABERT-2-117M__20260514T122234Z,1,0,0.5489152669906616,0.4510846734046936
gue_emp_H3K4me1_frozen__zhihan1996_DNABERT-2-117M__20260514T122234Z,1,1,0.39396777749061584,0.6060321927070618
gue_emp_H3K4me1_frozen__zhihan1996_DNABERT-2-117M__20260514T122234Z,1,0,0.6026171445846558,0.3973828852176666
gue_emp_H3K4me1_frozen__zhihan1996_DNABERT-2-117M__20260514T122234Z,1,0,0.5756775140762329,0.4243225157260895
gue_emp_H3K4me1_frozen__zhihan1996_DNABERT-2-117M__20260514T122234Z,0,0,0.5538182854652405,0.4461817443370819
gue_emp_H3K4me1_frozen__zhihan1996_DNABERT-2-117M__20260514T122234Z,1,1,0.4988555908203125,0.5011444091796875
gue_emp_H3K4me1_frozen__zhihan1996_DNABERT-2-117M__20260514T122234Z,0,1,0.48222243785858154,0.5177776217460632
gue_emp_H3K4me1_frozen__zhihan1996_DNABERT-2-117M__20260514T122234Z,0,0,0.5497312545776367,0.4502687156200409
gue_emp_H3K4me1_frozen__zhihan1996_DNABERT-2-117M__20260514T122234Z,1,1,0.44553330540657043,0.5544666647911072
gue_emp_H3K4me1_frozen__zhihan1996_DNABERT-2-117M__20260514T122234Z,0,1,0.4447757601737976,0.5552242398262024
gue_emp_H3K4me1_frozen__zhihan1996_DNABERT-2-117M__20260514T122234Z,1,0,0.5269551873207092,0.4730447828769684
gue_emp_H3K4me1_frozen__zhihan1996_DNABERT-2-117M__20260514T122234Z,1,0,0.5304493308067322,0.4695506691932678
gue_emp_H3K4me1_frozen__zhihan1996_DNABERT-2-117M__20260514T122234Z,0,0,0.5550885200500488,0.4449114501476288
gue_emp_H3K4me1_frozen__zhihan1996_DNABERT-2-117M__20260514T122234Z,0,1,0.46956589818000793,0.5304341316223145
gue_emp_H3K4me1_frozen__zhihan1996_DNABERT-2-117M__20260514T122234Z,1,1,0.4496040642261505,0.5503959059715271
gue_emp_H3K4me1_frozen__zhihan1996_DNABERT-2-117M__20260514T122234Z,0,1,0.4724058508872986,0.5275941491127014
gue_emp_H3K4me1_frozen__zhihan1996_DNABERT-2-117M__20260514T122234Z,0,1,0.44899997115135193,0.5509999990463257
gue_emp_H3K4me1_frozen__zhihan1996_DNABERT-2-117M__20260514T122234Z,0,0,0.5339329242706299,0.4660671055316925
gue_emp_H3K4me1_frozen__zhihan1996_DNABERT-2-117M__20260514T122234Z,1,0,0.5398475527763367,0.46015244722366333
gue_emp_H3K4me1_frozen__zhihan1996_DNABERT-2-117M__20260514T122234Z,1,1,0.44563883543014526,0.5543611645698547
gue_emp_H3K4me1_frozen__zhihan1996_DNABERT-2-117M__20260514T122234Z,0,0,0.582164466381073,0.417835533618927
gue_emp_H3K4me1_frozen__zhihan1996_DNABERT-2-117M__20260514T122234Z,0,0,0.573976993560791,0.42602306604385376
gue_emp_H3K4me1_frozen__zhihan1996_DNABERT-2-117M__20260514T122234Z,0,0,0.6213399171829224,0.3786601424217224
gue_emp_H3K4me1_frozen__zhihan1996_DNABERT-2-117M__20260514T122234Z,1,1,0.47279760241508484,0.5272024273872375
gue_emp_H3K4me1_frozen__zhihan1996_DNABERT-2-117M__20260514T122234Z,1,1,0.4172121286392212,0.5827878713607788
gue_emp_H3K4me1_frozen__zhihan1996_DNABERT-2-117M__20260514T122234Z,0,1,0.4762066602706909,0.5237933397293091
gue_emp_H3K4me1_frozen__zhihan1996_DNABERT-2-117M__20260514T122234Z,0,0,0.5410602688789368,0.45893970131874084
gue_emp_H3K4me1_frozen__zhihan1996_DNABERT-2-117M__20260514T122234Z,0,0,0.5558270812034607,0.4441729485988617
gue_emp_H3K4me1_frozen__zhihan1996_DNABERT-2-117M__20260514T122234Z,1,1,0.4056841731071472,0.5943158864974976
gue_emp_H3K4me1_frozen__zhihan1996_DNABERT-2-117M__20260514T122234Z,1,0,0.5193270444869995,0.4806729555130005
gue_emp_H3K4me1_frozen__zhihan1996_DNABERT-2-117M__20260514T122234Z,1,1,0.385114461183548,0.6148855686187744
gue_emp_H3K4me1_frozen__zhihan1996_DNABERT-2-117M__20260514T122234Z,1,0,0.5175365805625916,0.48246338963508606
gue_emp_H3K4me1_frozen__zhihan1996_DNABERT-2-117M__20260514T122234Z,0,0,0.5604180693626404,0.439581960439682
gue_emp_H3K4me1_frozen__zhihan1996_DNABERT-2-117M__20260514T122234Z,0,1,0.3689739406108856,0.631026029586792
gue_emp_H3K4me1_frozen__zhihan1996_DNABERT-2-117M__20260514T122234Z,1,1,0.4383343458175659,0.5616656541824341
gue_emp_H3K4me1_frozen__zhihan1996_DNABERT-2-117M__20260514T122234Z,0,0,0.5921655297279358,0.4078344702720642
gue_emp_H3K4me1_frozen__zhihan1996_DNABERT-2-117M__20260514T122234Z,1,0,0.5231158137321472,0.476884126663208
gue_emp_H3K4me1_frozen__zhihan1996_DNABERT-2-117M__20260514T122234Z,1,1,0.4805167615413666,0.519483208656311
gue_emp_H3K4me1_frozen__zhihan1996_DNABERT-2-117M__20260514T122234Z,1,0,0.5080216526985168,0.49197837710380554
gue_emp_H3K4me1_frozen__zhihan1996_DNABERT-2-117M__20260514T122234Z,0,1,0.4684562683105469,0.5315437316894531
gue_emp_H3K4me1_frozen__zhihan1996_DNABERT-2-117M__20260514T122234Z,1,1,0.4696342945098877,0.5303657054901123
gue_emp_H3K4me1_frozen__zhihan1996_DNABERT-2-117M__20260514T122234Z,0,0,0.5588838458061218,0.4411161541938782
gue_emp_H3K4me1_frozen__zhihan1996_DNABERT-2-117M__20260514T122234Z,1,1,0.40581661462783813,0.5941833853721619
gue_emp_H3K4me1_frozen__zhihan1996_DNABERT-2-117M__20260514T122234Z,1,1,0.4982748031616211,0.5017251968383789
gue_emp_H3K4me1_frozen__zhihan1996_DNABERT-2-117M__20260514T122234Z,1,1,0.4217899739742279,0.5782100558280945
gue_emp_H3K4me1_frozen__zhihan1996_DNABERT-2-117M__20260514T122234Z,0,0,0.5824761986732483,0.4175237715244293
gue_emp_H3K4me1_frozen__zhihan1996_DNABERT-2-117M__20260514T122234Z,1,0,0.6179449558258057,0.38205498456954956
gue_emp_H3K4me1_frozen__zhihan1996_DNABERT-2-117M__20260514T122234Z,0,1,0.43041664361953735,0.5695833563804626
gue_emp_H3K4me1_frozen__zhihan1996_DNABERT-2-117M__20260514T122234Z,1,0,0.5858269929885864,0.4141730070114136
gue_emp_H3K4me1_frozen__zhihan1996_DNABERT-2-117M__20260514T122234Z,1,0,0.5420566201210022,0.4579433798789978
gue_emp_H3K4me1_frozen__zhihan1996_DNABERT-2-117M__20260514T122234Z,0,1,0.4716681241989136,0.5283318758010864
gue_emp_H3K4me1_frozen__zhihan1996_DNABERT-2-117M__20260514T122234Z,1,0,0.5147891044616699,0.48521092534065247
gue_emp_H3K4me1_frozen__zhihan1996_DNABERT-2-117M__20260514T122234Z,1,0,0.5901297926902771,0.4098702073097229
gue_emp_H3K4me1_frozen__zhihan1996_DNABERT-2-117M__20260514T122234Z,0,1,0.43818408250808716,0.5618159174919128
gue_emp_H3K4me1_frozen__zhihan1996_DNABERT-2-117M__20260514T122234Z,1,1,0.49474450945854187,0.5052555203437805
gue_emp_H3K4me1_frozen__zhihan1996_DNABERT-2-117M__20260514T122234Z,1,1,0.435316264629364,0.564683735370636
gue_emp_H3K4me1_frozen__zhihan1996_DNABERT-2-117M__20260514T122234Z,1,1,0.3894014060497284,0.6105985641479492
gue_emp_H3K4me1_frozen__zhihan1996_DNABERT-2-117M__20260514T122234Z,0,1,0.4765910506248474,0.5234089493751526
gue_emp_H3K4me1_frozen__zhihan1996_DNABERT-2-117M__20260514T122234Z,1,0,0.6267526149749756,0.3732473850250244
gue_emp_H3K4me1_frozen__zhihan1996_DNABERT-2-117M__20260514T122234Z,0,0,0.5238770842552185,0.4761229157447815
gue_emp_H3K4me1_frozen__zhihan1996_DNABERT-2-117M__20260514T122234Z,1,0,0.6156657338142395,0.3843342661857605
gue_emp_H3K4me1_frozen__zhihan1996_DNABERT-2-117M__20260514T122234Z,0,0,0.5205724835395813,0.4794274866580963
gue_emp_H3K4me1_frozen__zhihan1996_DNABERT-2-117M__20260514T122234Z,0,1,0.32439592480659485,0.6756041049957275
gue_emp_H3K4me1_frozen__zhihan1996_DNABERT-2-117M__20260514T122234Z,0,0,0.5701369047164917,0.4298631250858307
gue_emp_H3K4me1_frozen__zhihan1996_DNABERT-2-117M__20260514T122234Z,0,0,0.592003345489502,0.40799662470817566
gue_emp_H3K4me1_frozen__zhihan1996_DNABERT-2-117M__20260514T122234Z,0,1,0.48348456621170044,0.5165154337882996
gue_emp_H3K4me1_frozen__zhihan1996_DNABERT-2-117M__20260514T122234Z,1,1,0.44004806876182556,0.559951901435852
gue_emp_H3K4me1_frozen__zhihan1996_DNABERT-2-117M__20260514T122234Z,1,1,0.446450412273407,0.553549587726593
gue_emp_H3K4me1_frozen__zhihan1996_DNABERT-2-117M__20260514T122234Z,1,0,0.558522641658783,0.44147732853889465
gue_emp_H3K4me1_frozen__zhihan1996_DNABERT-2-117M__20260514T122234Z,0,0,0.5625370144844055,0.4374629855155945
gue_emp_H3K4me1_frozen__zhihan1996_DNABERT-2-117M__20260514T122234Z,1,0,0.5241587162017822,0.4758412837982178
gue_emp_H3K4me1_frozen__zhihan1996_DNABERT-2-117M__20260514T122234Z,1,0,0.5007743835449219,0.4992256462574005
gue_emp_H3K4me1_frozen__zhihan1996_DNABERT-2-117M__20260514T122234Z,0,0,0.512174129486084,0.4878259003162384
gue_emp_H3K4me1_frozen__zhihan1996_DNABERT-2-117M__20260514T122234Z,0,1,0.39987021684646606,0.6001297831535339
gue_emp_H3K4me1_frozen__zhihan1996_DNABERT-2-117M__20260514T122234Z,0,0,0.5247904658317566,0.4752095341682434
gue_emp_H3K4me1_frozen__zhihan1996_DNABERT-2-117M__20260514T122234Z,1,0,0.5075200796127319,0.4924798905849457
gue_emp_H3K4me1_frozen__zhihan1996_DNABERT-2-117M__20260514T122234Z,1,0,0.528788149356842,0.47121185064315796
gue_emp_H3K4me1_frozen__zhihan1996_DNABERT-2-117M__20260514T122234Z,0,0,0.5393433570861816,0.46065661311149597
gue_emp_H3K4me1_frozen__zhihan1996_DNABERT-2-117M__20260514T122234Z,1,0,0.6157234907150269,0.38427653908729553
gue_emp_H3K4me1_frozen__zhihan1996_DNABERT-2-117M__20260514T122234Z,0,0,0.5927844643592834,0.40721553564071655
gue_emp_H3K4me1_frozen__zhihan1996_DNABERT-2-117M__20260514T122234Z,1,0,0.5916053056716919,0.4083947539329529
gue_emp_H3K4me1_frozen__zhihan1996_DNABERT-2-117M__20260514T122234Z,0,1,0.36500388383865356,0.6349961161613464
gue_emp_H3K4me1_frozen__zhihan1996_DNABERT-2-117M__20260514T122234Z,1,0,0.5342632532119751,0.4657367765903473
gue_emp_H3K4me1_frozen__zhihan1996_DNABERT-2-117M__20260514T122234Z,1,1,0.38228559494018555,0.6177144646644592
gue_emp_H3K4me1_frozen__zhihan1996_DNABERT-2-117M__20260514T122234Z,1,0,0.506119430065155,0.49388056993484497
gue_emp_H3K4me1_frozen__zhihan1996_DNABERT-2-117M__20260514T122234Z,0,0,0.5290732979774475,0.4709267020225525
gue_emp_H3K4me1_frozen__zhihan1996_DNABERT-2-117M__20260514T122234Z,0,0,0.5215168595314026,0.478483110666275
gue_emp_H3K4me1_frozen__zhihan1996_DNABERT-2-117M__20260514T122234Z,1,0,0.5769293308258057,0.42307063937187195
gue_emp_H3K4me1_frozen__zhihan1996_DNABERT-2-117M__20260514T122234Z,1,0,0.5399688482284546,0.460031121969223
gue_emp_H3K4me1_frozen__zhihan1996_DNABERT-2-117M__20260514T122234Z,1,1,0.4119977355003357,0.5880022048950195
gue_emp_H3K4me1_frozen__zhihan1996_DNABERT-2-117M__20260514T122234Z,1,1,0.36692994832992554,0.6330700516700745
gue_emp_H3K4me1_frozen__zhihan1996_DNABERT-2-117M__20260514T122234Z,1,1,0.2947729229927063,0.7052270174026489
gue_emp_H3K4me1_frozen__zhihan1996_DNABERT-2-117M__20260514T122234Z,1,0,0.6226027011871338,0.37739723920822144
gue_emp_H3K4me1_frozen__zhihan1996_DNABERT-2-117M__20260514T122234Z,0,1,0.46507617831230164,0.5349238514900208
gue_emp_H3K4me1_frozen__zhihan1996_DNABERT-2-117M__20260514T122234Z,0,0,0.5008087158203125,0.4991913139820099
gue_emp_H3K4me1_frozen__zhihan1996_DNABERT-2-117M__20260514T122234Z,1,1,0.3958199918270111,0.6041799783706665
gue_emp_H3K4me1_frozen__zhihan1996_DNABERT-2-117M__20260514T122234Z,0,0,0.5188356637954712,0.48116427659988403
gue_emp_H3K4me1_frozen__zhihan1996_DNABERT-2-117M__20260514T122234Z,1,1,0.39539676904678345,0.6046031713485718
gue_emp_H3K4me1_frozen__zhihan1996_DNABERT-2-117M__20260514T122234Z,1,0,0.5239227414131165,0.47607722878456116
gue_emp_H3K4me1_frozen__zhihan1996_DNABERT-2-117M__20260514T122234Z,0,1,0.47715064883232117,0.5228493809700012
gue_emp_H3K4me1_frozen__zhihan1996_DNABERT-2-117M__20260514T122234Z,0,1,0.4854472279548645,0.5145527720451355
gue_emp_H3K4me1_frozen__zhihan1996_DNABERT-2-117M__20260514T122234Z,1,0,0.5630927085876465,0.4369073212146759
gue_emp_H3K4me1_frozen__zhihan1996_DNABERT-2-117M__20260514T122234Z,1,1,0.45300474762916565,0.5469952821731567
gue_emp_H3K4me1_frozen__zhihan1996_DNABERT-2-117M__20260514T122234Z,1,0,0.5353831648826599,0.46461689472198486
gue_emp_H3K4me1_frozen__zhihan1996_DNABERT-2-117M__20260514T122234Z,1,1,0.42391255497932434,0.5760874152183533
gue_emp_H3K4me1_frozen__zhihan1996_DNABERT-2-117M__20260514T122234Z,0,1,0.35231322050094604,0.647686779499054
gue_emp_H3K4me1_frozen__zhihan1996_DNABERT-2-117M__20260514T122234Z,1,0,0.5401659607887268,0.4598340690135956
gue_emp_H3K4me1_frozen__zhihan1996_DNABERT-2-117M__20260514T122234Z,1,1,0.49516311287879944,0.504836916923523
gue_emp_H3K4me1_frozen__zhihan1996_DNABERT-2-117M__20260514T122234Z,0,0,0.631423830986023,0.36857613921165466
gue_emp_H3K4me1_frozen__zhihan1996_DNABERT-2-117M__20260514T122234Z,0,0,0.5936387181282043,0.40636128187179565
gue_emp_H3K4me1_frozen__zhihan1996_DNABERT-2-117M__20260514T122234Z,0,0,0.5994850993156433,0.4005148708820343
gue_emp_H3K4me1_frozen__zhihan1996_DNABERT-2-117M__20260514T122234Z,0,0,0.5596059560775757,0.4403940439224243
gue_emp_H3K4me1_frozen__zhihan1996_DNABERT-2-117M__20260514T122234Z,1,0,0.5150863528251648,0.4849136769771576
gue_emp_H3K4me1_frozen__zhihan1996_DNABERT-2-117M__20260514T122234Z,0,1,0.493435263633728,0.5065646767616272
gue_emp_H3K4me1_frozen__zhihan1996_DNABERT-2-117M__20260514T122234Z,1,1,0.4804215431213379,0.5195784568786621
gue_emp_H3K4me1_frozen__zhihan1996_DNABERT-2-117M__20260514T122234Z,0,1,0.4398375451564789,0.5601624250411987
gue_emp_H3K4me1_frozen__zhihan1996_DNABERT-2-117M__20260514T122234Z,0,1,0.40972259640693665,0.590277373790741
gue_emp_H3K4me1_frozen__zhihan1996_DNABERT-2-117M__20260514T122234Z,1,1,0.45627349615097046,0.5437265038490295
gue_emp_H3K4me1_frozen__zhihan1996_DNABERT-2-117M__20260514T122234Z,0,0,0.5181195139884949,0.4818805158138275
gue_emp_H3K4me1_frozen__zhihan1996_DNABERT-2-117M__20260514T122234Z,1,0,0.5463902354240417,0.45360976457595825
gue_emp_H3K4me1_frozen__zhihan1996_DNABERT-2-117M__20260514T122234Z,1,0,0.5834110379219055,0.4165889322757721
gue_emp_H3K4me1_frozen__zhihan1996_DNABERT-2-117M__20260514T122234Z,1,1,0.44634386897087097,0.5536561608314514
gue_emp_H3K4me1_frozen__zhihan1996_DNABERT-2-117M__20260514T122234Z,1,0,0.5410943627357483,0.4589056372642517
gue_emp_H3K4me1_frozen__zhihan1996_DNABERT-2-117M__20260514T122234Z,1,1,0.4095454812049866,0.5904545783996582
gue_emp_H3K4me1_frozen__zhihan1996_DNABERT-2-117M__20260514T122234Z,1,1,0.43136709928512573,0.5686329007148743
gue_emp_H3K4me1_frozen__zhihan1996_DNABERT-2-117M__20260514T122234Z,1,0,0.5503053069114685,0.4496946930885315
gue_emp_H3K4me1_frozen__zhihan1996_DNABERT-2-117M__20260514T122234Z,0,0,0.5609592795372009,0.4390407204627991
gue_emp_H3K4me1_frozen__zhihan1996_DNABERT-2-117M__20260514T122234Z,0,0,0.5319237112998962,0.46807634830474854
gue_emp_H3K4me1_frozen__zhihan1996_DNABERT-2-117M__20260514T122234Z,0,1,0.4374479651451111,0.5625520348548889
gue_emp_H3K4me1_frozen__zhihan1996_DNABERT-2-117M__20260514T122234Z,1,1,0.4592883288860321,0.5407116413116455
gue_emp_H3K4me1_frozen__zhihan1996_DNABERT-2-117M__20260514T122234Z,0,1,0.43170395493507385,0.5682960748672485
gue_emp_H3K4me1_frozen__zhihan1996_DNABERT-2-117M__20260514T122234Z,0,0,0.5112133622169495,0.4887866973876953
gue_emp_H3K4me1_frozen__zhihan1996_DNABERT-2-117M__20260514T122234Z,1,0,0.533944308757782,0.4660557210445404
gue_emp_H3K4me1_frozen__zhihan1996_DNABERT-2-117M__20260514T122234Z,1,1,0.41430628299713135,0.5856937170028687
gue_emp_H3K4me1_frozen__zhihan1996_DNABERT-2-117M__20260514T122234Z,1,1,0.4938662648200989,0.5061337351799011
gue_emp_H3K4me1_frozen__zhihan1996_DNABERT-2-117M__20260514T122234Z,1,1,0.46970269083976746,0.5302973389625549
gue_emp_H3K4me1_frozen__zhihan1996_DNABERT-2-117M__20260514T122234Z,0,0,0.5353831648826599,0.46461689472198486
gue_emp_H3K4me1_frozen__zhihan1996_DNABERT-2-117M__20260514T122234Z,0,0,0.5321971774101257,0.4678027927875519
gue_emp_H3K4me1_frozen__zhihan1996_DNABERT-2-117M__20260514T122234Z,0,1,0.4964028000831604,0.5035971999168396
gue_emp_H3K4me1_frozen__zhihan1996_DNABERT-2-117M__20260514T122234Z,1,0,0.5521926283836365,0.4478074014186859
gue_emp_H3K4me1_frozen__zhihan1996_DNABERT-2-117M__20260514T122234Z,1,1,0.3515058159828186,0.6484941840171814
gue_emp_H3K4me1_frozen__zhihan1996_DNABERT-2-117M__20260514T122234Z,1,1,0.4820214509963989,0.5179785490036011
gue_emp_H3K4me1_frozen__zhihan1996_DNABERT-2-117M__20260514T122234Z,1,1,0.39367637038230896,0.6063236594200134
gue_emp_H3K4me1_frozen__zhihan1996_DNABERT-2-117M__20260514T122234Z,0,0,0.5273469686508179,0.47265303134918213
gue_emp_H3K4me1_frozen__zhihan1996_DNABERT-2-117M__20260514T122234Z,1,0,0.6531268954277039,0.34687304496765137
gue_emp_H3K4me1_frozen__zhihan1996_DNABERT-2-117M__20260514T122234Z,0,1,0.47138291597366333,0.5286170244216919
gue_emp_H3K4me1_frozen__zhihan1996_DNABERT-2-117M__20260514T122234Z,1,0,0.5065151453018188,0.49348488450050354
gue_emp_H3K4me1_frozen__zhihan1996_DNABERT-2-117M__20260514T122234Z,1,0,0.5916937589645386,0.4083062410354614
gue_emp_H3K4me1_frozen__zhihan1996_DNABERT-2-117M__20260514T122234Z,0,1,0.4697330892086029,0.5302668809890747
gue_emp_H3K4me1_frozen__zhihan1996_DNABERT-2-117M__20260514T122234Z,0,1,0.46666330099105835,0.5333366990089417
gue_emp_H3K4me1_frozen__zhihan1996_DNABERT-2-117M__20260514T122234Z,1,1,0.4983701705932617,0.5016298294067383
gue_emp_H3K4me1_frozen__zhihan1996_DNABERT-2-117M__20260514T122234Z,1,1,0.48209384083747864,0.5179061889648438
gue_emp_H3K4me1_frozen__zhihan1996_DNABERT-2-117M__20260514T122234Z,1,1,0.3664480149745941,0.6335519552230835
gue_emp_H3K4me1_frozen__zhihan1996_DNABERT-2-117M__20260514T122234Z,0,1,0.4976997673511505,0.5023002624511719
gue_emp_H3K4me1_frozen__zhihan1996_DNABERT-2-117M__20260514T122234Z,1,1,0.475129634141922,0.5248703360557556
gue_emp_H3K4me1_frozen__zhihan1996_DNABERT-2-117M__20260514T122234Z,0,1,0.46952787041664124,0.5304720997810364
gue_emp_H3K4me1_frozen__zhihan1996_DNABERT-2-117M__20260514T122234Z,0,0,0.6159834265708923,0.38401660323143005
gue_emp_H3K4me1_frozen__zhihan1996_DNABERT-2-117M__20260514T122234Z,1,1,0.41054946184158325,0.589450478553772
gue_emp_H3K4me1_frozen__zhihan1996_DNABERT-2-117M__20260514T122234Z,0,0,0.5971674919128418,0.4028325378894806
gue_emp_H3K4me1_frozen__zhihan1996_DNABERT-2-117M__20260514T122234Z,1,0,0.5518152713775635,0.4481847286224365
gue_emp_H3K4me1_frozen__zhihan1996_DNABERT-2-117M__20260514T122234Z,1,0,0.5740813612937927,0.4259185791015625
gue_emp_H3K4me1_frozen__zhihan1996_DNABERT-2-117M__20260514T122234Z,1,0,0.5606135129928589,0.4393865168094635
gue_emp_H3K4me1_frozen__zhihan1996_DNABERT-2-117M__20260514T122234Z,0,1,0.4926915764808655,0.5073084235191345
gue_emp_H3K4me1_frozen__zhihan1996_DNABERT-2-117M__20260514T122234Z,1,1,0.49099448323249817,0.5090055465698242
gue_emp_H3K4me1_frozen__zhihan1996_DNABERT-2-117M__20260514T122234Z,0,1,0.4661392569541931,0.5338607430458069
gue_emp_H3K4me1_frozen__zhihan1996_DNABERT-2-117M__20260514T122234Z,0,0,0.6022078394889832,0.3977922201156616
gue_emp_H3K4me1_frozen__zhihan1996_DNABERT-2-117M__20260514T122234Z,1,1,0.36746886372566223,0.6325311660766602
gue_emp_H3K4me1_frozen__zhihan1996_DNABERT-2-117M__20260514T122234Z,0,0,0.5398475527763367,0.46015244722366333
gue_emp_H3K4me1_frozen__zhihan1996_DNABERT-2-117M__20260514T122234Z,0,0,0.5842118859291077,0.41578811407089233
gue_emp_H3K4me1_frozen__zhihan1996_DNABERT-2-117M__20260514T122234Z,1,0,0.5492931008338928,0.4507068991661072
gue_emp_H3K4me1_frozen__zhihan1996_DNABERT-2-117M__20260514T122234Z,0,0,0.5333595275878906,0.46664053201675415
gue_emp_H3K4me1_frozen__zhihan1996_DNABERT-2-117M__20260514T122234Z,0,1,0.36161547899246216,0.6383845806121826
gue_emp_H3K4me1_frozen__zhihan1996_DNABERT-2-117M__20260514T122234Z,1,1,0.4634784162044525,0.5365216135978699
gue_emp_H3K4me1_frozen__zhihan1996_DNABERT-2-117M__20260514T122234Z,1,1,0.4786316454410553,0.5213683247566223
gue_emp_H3K4me1_frozen__zhihan1996_DNABERT-2-117M__20260514T122234Z,1,1,0.49816131591796875,0.5018386840820312
gue_emp_H3K4me1_frozen__zhihan1996_DNABERT-2-117M__20260514T122234Z,1,1,0.43540632724761963,0.5645937323570251
gue_emp_H3K4me1_frozen__zhihan1996_DNABERT-2-117M__20260514T122234Z,1,1,0.4070976674556732,0.5929023027420044
gue_emp_H3K4me1_frozen__zhihan1996_DNABERT-2-117M__20260514T122234Z,0,1,0.49121755361557007,0.5087824463844299
gue_emp_H3K4me1_frozen__zhihan1996_DNABERT-2-117M__20260514T122234Z,1,1,0.40272971987724304,0.5972702503204346
gue_emp_H3K4me1_frozen__zhihan1996_DNABERT-2-117M__20260514T122234Z,1,0,0.6243221759796143,0.37567782402038574
gue_emp_H3K4me1_frozen__zhihan1996_DNABERT-2-117M__20260514T122234Z,0,0,0.6277800798416138,0.37221992015838623
gue_emp_H3K4me1_frozen__zhihan1996_DNABERT-2-117M__20260514T122234Z,1,0,0.5408329367637634,0.4591670632362366
gue_emp_H3K4me1_frozen__zhihan1996_DNABERT-2-117M__20260514T122234Z,0,0,0.5149796605110168,0.48502033948898315
gue_emp_H3K4me1_frozen__zhihan1996_DNABERT-2-117M__20260514T122234Z,0,0,0.5428330302238464,0.45716702938079834
gue_emp_H3K4me1_frozen__zhihan1996_DNABERT-2-117M__20260514T122234Z,1,1,0.44200417399406433,0.5579958558082581
gue_emp_H3K4me1_frozen__zhihan1996_DNABERT-2-117M__20260514T122234Z,1,0,0.5590342879295349,0.4409657418727875
gue_emp_H3K4me1_frozen__zhihan1996_DNABERT-2-117M__20260514T122234Z,1,1,0.3637033998966217,0.6362966299057007
gue_emp_H3K4me1_frozen__zhihan1996_DNABERT-2-117M__20260514T122234Z,0,1,0.48564544320106506,0.5143545866012573
gue_emp_H3K4me1_frozen__zhihan1996_DNABERT-2-117M__20260514T122234Z,0,0,0.6138443350791931,0.3861556351184845
gue_emp_H3K4me1_frozen__zhihan1996_DNABERT-2-117M__20260514T122234Z,0,0,0.5948160886764526,0.40518391132354736
gue_emp_H3K4me1_frozen__zhihan1996_DNABERT-2-117M__20260514T122234Z,1,1,0.4403940439224243,0.5596059560775757
gue_emp_H3K4me1_frozen__zhihan1996_DNABERT-2-117M__20260514T122234Z,1,1,0.4845820665359497,0.5154179334640503
gue_emp_H3K4me1_frozen__zhihan1996_DNABERT-2-117M__20260514T122234Z,1,1,0.29818472266197205,0.7018153071403503
gue_emp_H3K4me1_frozen__zhihan1996_DNABERT-2-117M__20260514T122234Z,1,1,0.451481431722641,0.5485185384750366
gue_emp_H3K4me1_frozen__zhihan1996_DNABERT-2-117M__20260514T122234Z,1,1,0.2878679037094116,0.7121320962905884
gue_emp_H3K4me1_frozen__zhihan1996_DNABERT-2-117M__20260514T122234Z,1,1,0.44578585028648376,0.5542141199111938
gue_emp_H3K4me1_frozen__zhihan1996_DNABERT-2-117M__20260514T122234Z,1,0,0.6426007151603699,0.3573992848396301
gue_emp_H3K4me1_frozen__zhihan1996_DNABERT-2-117M__20260514T122234Z,0,1,0.46057698130607605,0.5394229888916016
gue_emp_H3K4me1_frozen__zhihan1996_DNABERT-2-117M__20260514T122234Z,0,0,0.5467987060546875,0.4532013535499573
gue_emp_H3K4me1_frozen__zhihan1996_DNABERT-2-117M__20260514T122234Z,0,0,0.582669198513031,0.4173308312892914
gue_emp_H3K4me1_frozen__zhihan1996_DNABERT-2-117M__20260514T122234Z,1,1,0.46920105814933777,0.5307989716529846
gue_emp_H3K4me1_frozen__zhihan1996_DNABERT-2-117M__20260514T122234Z,1,1,0.496315062046051,0.503684937953949
gue_emp_H3K4me1_frozen__zhihan1996_DNABERT-2-117M__20260514T122234Z,1,1,0.41046085953712463,0.5895391702651978
gue_emp_H3K4me1_frozen__zhihan1996_DNABERT-2-117M__20260514T122234Z,1,1,0.45259642601013184,0.5474035739898682
gue_emp_H3K4me1_frozen__zhihan1996_DNABERT-2-117M__20260514T122234Z,0,1,0.47496601939201355,0.5250340104103088
gue_emp_H3K4me1_frozen__zhihan1996_DNABERT-2-117M__20260514T122234Z,0,1,0.443494975566864,0.556505024433136
gue_emp_H3K4me1_frozen__zhihan1996_DNABERT-2-117M__20260514T122234Z,1,0,0.5181461572647095,0.48185381293296814
gue_emp_H3K4me1_frozen__zhihan1996_DNABERT-2-117M__20260514T122234Z,0,1,0.4641462564468384,0.5358537435531616
gue_emp_H3K4me1_frozen__zhihan1996_DNABERT-2-117M__20260514T122234Z,1,1,0.43180128931999207,0.5681986808776855
gue_emp_H3K4me1_frozen__zhihan1996_DNABERT-2-117M__20260514T122234Z,0,0,0.5173794031143188,0.4826205372810364
gue_emp_H3K4me1_frozen__zhihan1996_DNABERT-2-117M__20260514T122234Z,1,1,0.4372827410697937,0.5627171993255615
gue_emp_H3K4me1_frozen__zhihan1996_DNABERT-2-117M__20260514T122234Z,1,1,0.444368839263916,0.555631160736084
gue_emp_H3K4me1_frozen__zhihan1996_DNABERT-2-117M__20260514T122234Z,0,0,0.5994265079498291,0.4005734920501709
gue_emp_H3K4me1_frozen__zhihan1996_DNABERT-2-117M__20260514T122234Z,0,1,0.4733985364437103,0.5266014337539673
gue_emp_H3K4me1_frozen__zhihan1996_DNABERT-2-117M__20260514T122234Z,0,0,0.5598879456520081,0.44011205434799194
gue_emp_H3K4me1_frozen__zhihan1996_DNABERT-2-117M__20260514T122234Z,1,0,0.5169193148612976,0.48308065533638
gue_emp_H3K4me1_frozen__zhihan1996_DNABERT-2-117M__20260514T122234Z,1,0,0.596550703048706,0.40344932675361633
gue_emp_H3K4me1_frozen__zhihan1996_DNABERT-2-117M__20260514T122234Z,0,0,0.6386662721633911,0.3613337278366089
gue_emp_H3K4me1_frozen__zhihan1996_DNABERT-2-117M__20260514T122234Z,0,0,0.5541990399360657,0.44580093026161194
gue_emp_H3K4me1_frozen__zhihan1996_DNABERT-2-117M__20260514T122234Z,0,0,0.5718114376068115,0.4281885623931885
gue_emp_H3K4me1_frozen__zhihan1996_DNABERT-2-117M__20260514T122234Z,1,0,0.5074915289878845,0.4925084710121155
gue_emp_H3K4me1_frozen__zhihan1996_DNABERT-2-117M__20260514T122234Z,0,1,0.38343924283981323,0.6165607571601868
gue_emp_H3K4me1_frozen__zhihan1996_DNABERT-2-117M__20260514T122234Z,0,0,0.5435448288917542,0.45645520091056824
gue_emp_H3K4me1_frozen__zhihan1996_DNABERT-2-117M__20260514T122234Z,0,1,0.48015496134757996,0.5198450684547424
gue_emp_H3K4me1_frozen__zhihan1996_DNABERT-2-117M__20260514T122234Z,0,0,0.543893039226532,0.45610693097114563
gue_emp_H3K4me1_frozen__zhihan1996_DNABERT-2-117M__20260514T122234Z,0,1,0.4907618761062622,0.5092381238937378
gue_emp_H3K4me1_frozen__zhihan1996_DNABERT-2-117M__20260514T122234Z,1,0,0.5740067958831787,0.4259932041168213
gue_emp_H3K4me1_frozen__zhihan1996_DNABERT-2-117M__20260514T122234Z,1,0,0.5124810338020325,0.4875189960002899
gue_emp_H3K4me1_frozen__zhihan1996_DNABERT-2-117M__20260514T122234Z,0,1,0.45530736446380615,0.5446925759315491
gue_emp_H3K4me1_frozen__zhihan1996_DNABERT-2-117M__20260514T122234Z,0,1,0.4281138479709625,0.5718861818313599
gue_emp_H3K4me1_frozen__zhihan1996_DNABERT-2-117M__20260514T122234Z,1,1,0.3101717531681061,0.6898282170295715
gue_emp_H3K4me1_frozen__zhihan1996_DNABERT-2-117M__20260514T122234Z,1,1,0.3302551805973053,0.6697447896003723
gue_emp_H3K4me1_frozen__zhihan1996_DNABERT-2-117M__20260514T122234Z,0,0,0.5430185198783875,0.45698148012161255
gue_emp_H3K4me1_frozen__zhihan1996_DNABERT-2-117M__20260514T122234Z,1,0,0.5298982262611389,0.4701017737388611
gue_emp_H3K4me1_frozen__zhihan1996_DNABERT-2-117M__20260514T122234Z,0,0,0.5500409603118896,0.44995903968811035
gue_emp_H3K4me1_frozen__zhihan1996_DNABERT-2-117M__20260514T122234Z,1,1,0.49324455857276917,0.5067554116249084
gue_emp_H3K4me1_frozen__zhihan1996_DNABERT-2-117M__20260514T122234Z,0,0,0.5085479021072388,0.49145209789276123
gue_emp_H3K4me1_frozen__zhihan1996_DNABERT-2-117M__20260514T122234Z,0,1,0.384941041469574,0.615058958530426
gue_emp_H3K4me1_frozen__zhihan1996_DNABERT-2-117M__20260514T122234Z,0,0,0.5230473279953003,0.4769527018070221
gue_emp_H3K4me1_frozen__zhihan1996_DNABERT-2-117M__20260514T122234Z,1,1,0.35409796237945557,0.6459020376205444
gue_emp_H3K4me1_frozen__zhihan1996_DNABERT-2-117M__20260514T122234Z,1,0,0.5094126462936401,0.49058738350868225
gue_emp_H3K4me1_frozen__zhihan1996_DNABERT-2-117M__20260514T122234Z,1,0,0.5864636301994324,0.4135363698005676
gue_emp_H3K4me1_frozen__zhihan1996_DNABERT-2-117M__20260514T122234Z,1,0,0.5863452553749084,0.41365480422973633
gue_emp_H3K4me1_frozen__zhihan1996_DNABERT-2-117M__20260514T122234Z,0,0,0.5153684020042419,0.48463156819343567
gue_emp_H3K4me1_frozen__zhihan1996_DNABERT-2-117M__20260514T122234Z,0,0,0.5790582895278931,0.4209417402744293
gue_emp_H3K4me1_frozen__zhihan1996_DNABERT-2-117M__20260514T122234Z,1,1,0.4817890524864197,0.5182109475135803
gue_emp_H3K4me1_frozen__zhihan1996_DNABERT-2-117M__20260514T122234Z,0,0,0.5072016716003418,0.4927983582019806
gue_emp_H3K4me1_frozen__zhihan1996_DNABERT-2-117M__20260514T122234Z,1,0,0.5305709838867188,0.46942904591560364
gue_emp_H3K4me1_frozen__zhihan1996_DNABERT-2-117M__20260514T122234Z,0,1,0.3086589276790619,0.6913410425186157
gue_emp_H3K4me1_frozen__zhihan1996_DNABERT-2-117M__20260514T122234Z,1,1,0.3979969024658203,0.6020030975341797
gue_emp_H3K4me1_frozen__zhihan1996_DNABERT-2-117M__20260514T122234Z,0,1,0.44712552428245544,0.5528745055198669
gue_emp_H3K4me1_frozen__zhihan1996_DNABERT-2-117M__20260514T122234Z,0,0,0.5916347503662109,0.4083652198314667
gue_emp_H3K4me1_frozen__zhihan1996_DNABERT-2-117M__20260514T122234Z,0,0,0.5710192322731018,0.4289807677268982
gue_emp_H3K4me1_frozen__zhihan1996_DNABERT-2-117M__20260514T122234Z,1,1,0.4975281059741974,0.502471923828125
gue_emp_H3K4me1_frozen__zhihan1996_DNABERT-2-117M__20260514T122234Z,1,0,0.5489455461502075,0.4510544538497925
gue_emp_H3K4me1_frozen__zhihan1996_DNABERT-2-117M__20260514T122234Z,0,0,0.5210827589035034,0.4789172410964966
gue_emp_H3K4me1_frozen__zhihan1996_DNABERT-2-117M__20260514T122234Z,0,1,0.4352112412452698,0.5647886991500854
gue_emp_H3K4me1_frozen__zhihan1996_DNABERT-2-117M__20260514T122234Z,1,0,0.5267953872680664,0.4732045531272888
gue_emp_H3K4me1_frozen__zhihan1996_DNABERT-2-117M__20260514T122234Z,1,0,0.5997781753540039,0.4002217948436737
gue_emp_H3K4me1_frozen__zhihan1996_DNABERT-2-117M__20260514T122234Z,1,1,0.35409796237945557,0.6459020376205444
gue_emp_H3K4me1_frozen__zhihan1996_DNABERT-2-117M__20260514T122234Z,0,1,0.46960386633872986,0.5303961038589478
gue_emp_H3K4me1_frozen__zhihan1996_DNABERT-2-117M__20260514T122234Z,1,0,0.5627171993255615,0.4372827410697937
gue_emp_H3K4me1_frozen__zhihan1996_DNABERT-2-117M__20260514T122234Z,1,1,0.3905048966407776,0.6094951033592224
gue_emp_H3K4me1_frozen__zhihan1996_DNABERT-2-117M__20260514T122234Z,1,1,0.4202724099159241,0.5797275900840759
gue_emp_H3K4me1_frozen__zhihan1996_DNABERT-2-117M__20260514T122234Z,0,1,0.4961319863796234,0.503868043422699
gue_emp_H3K4me1_frozen__zhihan1996_DNABERT-2-117M__20260514T122234Z,1,0,0.5303125381469727,0.46968749165534973
gue_emp_H3K4me1_frozen__zhihan1996_DNABERT-2-117M__20260514T122234Z,1,1,0.4007786810398102,0.5992212891578674
gue_emp_H3K4me1_frozen__zhihan1996_DNABERT-2-117M__20260514T122234Z,1,0,0.5317412614822388,0.46825867891311646
gue_emp_H3K4me1_frozen__zhihan1996_DNABERT-2-117M__20260514T122234Z,0,0,0.543832540512085,0.4561675190925598
gue_emp_H3K4me1_frozen__zhihan1996_DNABERT-2-117M__20260514T122234Z,1,1,0.29128316044807434,0.708716869354248
gue_emp_H3K4me1_frozen__zhihan1996_DNABERT-2-117M__20260514T122234Z,1,1,0.40359625220298767,0.5964037179946899
gue_emp_H3K4me1_frozen__zhihan1996_DNABERT-2-117M__20260514T122234Z,0,1,0.35390257835388184,0.6460974216461182
gue_emp_H3K4me1_frozen__zhihan1996_DNABERT-2-117M__20260514T122234Z,0,0,0.537071704864502,0.46292826533317566
gue_emp_H3K4me1_frozen__zhihan1996_DNABERT-2-117M__20260514T122234Z,1,0,0.5063625574111938,0.49363744258880615
gue_emp_H3K4me1_frozen__zhihan1996_DNABERT-2-117M__20260514T122234Z,0,1,0.4898848235607147,0.5101152062416077
gue_emp_H3K4me1_frozen__zhihan1996_DNABERT-2-117M__20260514T122234Z,0,1,0.38317957520484924,0.6168203949928284
gue_emp_H3K4me1_frozen__zhihan1996_DNABERT-2-117M__20260514T122234Z,0,0,0.5650437474250793,0.43495625257492065
gue_emp_H3K4me1_frozen__zhihan1996_DNABERT-2-117M__20260514T122234Z,0,1,0.3639293909072876,0.6360705494880676
gue_emp_H3K4me1_frozen__zhihan1996_DNABERT-2-117M__20260514T122234Z,1,1,0.49967193603515625,0.5003280639648438
gue_emp_H3K4me1_frozen__zhihan1996_DNABERT-2-117M__20260514T122234Z,1,0,0.5076287984848022,0.49237120151519775
gue_emp_H3K4me1_frozen__zhihan1996_DNABERT-2-117M__20260514T122234Z,0,1,0.4731893241405487,0.5268106460571289
gue_emp_H3K4me1_frozen__zhihan1996_DNABERT-2-117M__20260514T122234Z,1,0,0.505021870136261,0.4949781000614166
gue_emp_H3K4me1_frozen__zhihan1996_DNABERT-2-117M__20260514T122234Z,0,0,0.5325011014938354,0.46749886870384216
gue_emp_H3K4me1_frozen__zhihan1996_DNABERT-2-117M__20260514T122234Z,1,1,0.3842187523841858,0.6157812476158142
gue_emp_H3K4me1_frozen__zhihan1996_DNABERT-2-117M__20260514T122234Z,1,1,0.48765718936920166,0.5123428106307983
gue_emp_H3K4me1_frozen__zhihan1996_DNABERT-2-117M__20260514T122234Z,0,0,0.6370307803153992,0.36296921968460083
gue_emp_H3K4me1_frozen__zhihan1996_DNABERT-2-117M__20260514T122234Z,1,0,0.5855159759521484,0.41448405385017395
gue_emp_H3K4me1_frozen__zhihan1996_DNABERT-2-117M__20260514T122234Z,0,0,0.5384693741798401,0.46153056621551514
gue_emp_H3K4me1_frozen__zhihan1996_DNABERT-2-117M__20260514T122234Z,0,0,0.5965800285339355,0.40341997146606445
gue_emp_H3K4me1_frozen__zhihan1996_DNABERT-2-117M__20260514T122234Z,1,1,0.4229067862033844,0.577093243598938
gue_emp_H3K4me1_frozen__zhihan1996_DNABERT-2-117M__20260514T122234Z,0,0,0.5252774953842163,0.4747224748134613
gue_emp_H3K4me1_frozen__zhihan1996_DNABERT-2-117M__20260514T122234Z,0,0,0.5374966263771057,0.4625034034252167
gue_emp_H3K4me1_frozen__zhihan1996_DNABERT-2-117M__20260514T122234Z,0,0,0.5838560461997986,0.4161439836025238
gue_emp_H3K4me1_frozen__zhihan1996_DNABERT-2-117M__20260514T122234Z,1,0,0.5412270426750183,0.4587729871273041
gue_emp_H3K4me1_frozen__zhihan1996_DNABERT-2-117M__20260514T122234Z,1,1,0.4559403657913208,0.5440596342086792
gue_emp_H3K4me1_frozen__zhihan1996_DNABERT-2-117M__20260514T122234Z,1,0,0.551211416721344,0.448788583278656
gue_emp_H3K4me1_frozen__zhihan1996_DNABERT-2-117M__20260514T122234Z,1,1,0.357735812664032,0.6422642469406128
gue_emp_H3K4me1_frozen__zhihan1996_DNABERT-2-117M__20260514T122234Z,1,1,0.4412817060947418,0.5587183237075806
gue_emp_H3K4me1_frozen__zhihan1996_DNABERT-2-117M__20260514T122234Z,1,0,0.5032500624656677,0.4967499375343323
gue_emp_H3K4me1_frozen__zhihan1996_DNABERT-2-117M__20260514T122234Z,0,0,0.568116307258606,0.43188366293907166
gue_emp_H3K4me1_frozen__zhihan1996_DNABERT-2-117M__20260514T122234Z,0,0,0.5003662109375,0.4996337890625
gue_emp_H3K4me1_frozen__zhihan1996_DNABERT-2-117M__20260514T122234Z,1,1,0.4919593036174774,0.5080406665802002
gue_emp_H3K4me1_frozen__zhihan1996_DNABERT-2-117M__20260514T122234Z,1,1,0.38711094856262207,0.6128891110420227
gue_emp_H3K4me1_frozen__zhihan1996_DNABERT-2-117M__20260514T122234Z,1,0,0.547176718711853,0.4528232514858246
gue_emp_H3K4me1_frozen__zhihan1996_DNABERT-2-117M__20260514T122234Z,0,1,0.43107518553733826,0.5689248442649841
gue_emp_H3K4me1_frozen__zhihan1996_DNABERT-2-117M__20260514T122234Z,1,1,0.4756433963775635,0.5243566036224365
gue_emp_H3K4me1_frozen__zhihan1996_DNABERT-2-117M__20260514T122234Z,1,0,0.5426966547966003,0.45730331540107727
gue_emp_H3K4me1_frozen__zhihan1996_DNABERT-2-117M__20260514T122234Z,1,0,0.5942422151565552,0.40575775504112244
gue_emp_H3K4me1_frozen__zhihan1996_DNABERT-2-117M__20260514T122234Z,1,0,0.5320148468017578,0.4679851531982422
gue_emp_H3K4me1_frozen__zhihan1996_DNABERT-2-117M__20260514T122234Z,1,0,0.6397360563278198,0.3602639436721802
gue_emp_H3K4me1_frozen__zhihan1996_DNABERT-2-117M__20260514T122234Z,1,0,0.5816744565963745,0.4183255732059479
gue_emp_H3K4me1_frozen__zhihan1996_DNABERT-2-117M__20260514T122234Z,1,0,0.5128298401832581,0.48717018961906433
gue_emp_H3K4me1_frozen__zhihan1996_DNABERT-2-117M__20260514T122234Z,0,0,0.6132944822311401,0.38670551776885986
gue_emp_H3K4me1_frozen__zhihan1996_DNABERT-2-117M__20260514T122234Z,0,1,0.4907008409500122,0.5092991590499878
gue_emp_H3K4me1_frozen__zhihan1996_DNABERT-2-117M__20260514T122234Z,1,0,0.6016228199005127,0.3983771800994873
gue_emp_H3K4me1_frozen__zhihan1996_DNABERT-2-117M__20260514T122234Z,0,0,0.5009689331054688,0.49903106689453125
gue_emp_H3K4me1_frozen__zhihan1996_DNABERT-2-117M__20260514T122234Z,0,1,0.3623484671115875,0.6376515030860901
gue_emp_H3K4me1_frozen__zhihan1996_DNABERT-2-117M__20260514T122234Z,0,0,0.5426208972930908,0.4573790729045868
gue_emp_H3K4me1_frozen__zhihan1996_DNABERT-2-117M__20260514T122234Z,0,1,0.44101834297180176,0.5589816570281982
gue_emp_H3K4me1_frozen__zhihan1996_DNABERT-2-117M__20260514T122234Z,0,0,0.588386595249176,0.4116133451461792
gue_emp_H3K4me1_frozen__zhihan1996_DNABERT-2-117M__20260514T122234Z,0,0,0.6085359454154968,0.39146411418914795
gue_emp_H3K4me1_frozen__zhihan1996_DNABERT-2-117M__20260514T122234Z,1,1,0.35563501715660095,0.6443650126457214
gue_emp_H3K4me1_frozen__zhihan1996_DNABERT-2-117M__20260514T122234Z,1,1,0.41630712151527405,0.5836928486824036
gue_emp_H3K4me1_frozen__zhihan1996_DNABERT-2-117M__20260514T122234Z,1,1,0.49537673592567444,0.504623293876648
gue_emp_H3K4me1_frozen__zhihan1996_DNABERT-2-117M__20260514T122234Z,1,0,0.6434413194656372,0.3565586805343628
gue_emp_H3K4me1_frozen__zhihan1996_DNABERT-2-117M__20260514T122234Z,0,1,0.4509184658527374,0.549081563949585
gue_emp_H3K4me1_frozen__zhihan1996_DNABERT-2-117M__20260514T122234Z,1,1,0.4876047670841217,0.5123952627182007
gue_emp_H3K4me1_frozen__zhihan1996_DNABERT-2-117M__20260514T122234Z,1,1,0.4007786810398102,0.5992212891578674
gue_emp_H3K4me1_frozen__zhihan1996_DNABERT-2-117M__20260514T122234Z,1,1,0.4748784899711609,0.5251215100288391
gue_emp_H3K4me1_frozen__zhihan1996_DNABERT-2-117M__20260514T122234Z,1,0,0.6316511034965515,0.3683488667011261
gue_emp_H3K4me1_frozen__zhihan1996_DNABERT-2-117M__20260514T122234Z,1,1,0.48008260130882263,0.5199174284934998
gue_emp_H3K4me1_frozen__zhihan1996_DNABERT-2-117M__20260514T122234Z,1,1,0.32863715291023254,0.6713628768920898
gue_emp_H3K4me1_frozen__zhihan1996_DNABERT-2-117M__20260514T122234Z,0,1,0.43973228335380554,0.5602676868438721
gue_emp_H3K4me1_frozen__zhihan1996_DNABERT-2-117M__20260514T122234Z,1,0,0.6252664923667908,0.37473347783088684
gue_emp_H3K4me1_frozen__zhihan1996_DNABERT-2-117M__20260514T122234Z,0,1,0.4747377336025238,0.5252622961997986
gue_emp_H3K4me1_frozen__zhihan1996_DNABERT-2-117M__20260514T122234Z,1,1,0.4650495946407318,0.5349503755569458
gue_emp_H3K4me1_frozen__zhihan1996_DNABERT-2-117M__20260514T122234Z,1,0,0.5273279547691345,0.4726720452308655
gue_emp_H3K4me1_frozen__zhihan1996_DNABERT-2-117M__20260514T122234Z,0,1,0.4856530725955963,0.5143469572067261
gue_emp_H3K4me1_frozen__zhihan1996_DNABERT-2-117M__20260514T122234Z,1,0,0.5078728795051575,0.49212712049484253
gue_emp_H3K4me1_frozen__zhihan1996_DNABERT-2-117M__20260514T122234Z,1,1,0.4198412299156189,0.5801588296890259
gue_emp_H3K4me1_frozen__zhihan1996_DNABERT-2-117M__20260514T122234Z,1,0,0.5889482498168945,0.41105177998542786
gue_emp_H3K4me1_frozen__zhihan1996_DNABERT-2-117M__20260514T122234Z,1,0,0.548133134841919,0.45186686515808105
gue_emp_H3K4me1_frozen__zhihan1996_DNABERT-2-117M__20260514T122234Z,1,1,0.47270631790161133,0.5272936820983887
gue_emp_H3K4me1_frozen__zhihan1996_DNABERT-2-117M__20260514T122234Z,1,0,0.5733798742294312,0.4266201853752136
gue_emp_H3K4me1_frozen__zhihan1996_DNABERT-2-117M__20260514T122234Z,1,1,0.35092172026634216,0.6490783095359802
gue_emp_H3K4me1_frozen__zhihan1996_DNABERT-2-117M__20260514T122234Z,0,0,0.5213397741317749,0.4786601960659027
gue_emp_H3K4me1_frozen__zhihan1996_DNABERT-2-117M__20260514T122234Z,1,1,0.4641956090927124,0.5358043909072876
gue_emp_H3K4me1_frozen__zhihan1996_DNABERT-2-117M__20260514T122234Z,1,0,0.5774208903312683,0.4225791096687317
gue_emp_H3K4me1_frozen__zhihan1996_DNABERT-2-117M__20260514T122234Z,1,0,0.501983642578125,0.4980163872241974
gue_emp_H3K4me1_frozen__zhihan1996_DNABERT-2-117M__20260514T122234Z,0,0,0.5091237425804138,0.49087628722190857
gue_emp_H3K4me1_frozen__zhihan1996_DNABERT-2-117M__20260514T122234Z,1,1,0.467529296875,0.532470703125
gue_emp_H3K4me1_frozen__zhihan1996_DNABERT-2-117M__20260514T122234Z,0,1,0.4879555404186249,0.5120444893836975
gue_emp_H3K4me1_frozen__zhihan1996_DNABERT-2-117M__20260514T122234Z,1,1,0.3724481463432312,0.6275518536567688
gue_emp_H3K4me1_frozen__zhihan1996_DNABERT-2-117M__20260514T122234Z,1,0,0.5419391989707947,0.4580608010292053
gue_emp_H3K4me1_frozen__zhihan1996_DNABERT-2-117M__20260514T122234Z,0,0,0.5211551189422607,0.47884488105773926
gue_emp_H3K4me1_frozen__zhihan1996_DNABERT-2-117M__20260514T122234Z,1,0,0.5508641004562378,0.4491358995437622
gue_emp_H3K4me1_frozen__zhihan1996_DNABERT-2-117M__20260514T122234Z,1,1,0.40139448642730713,0.5986055731773376
gue_emp_H3K4me1_frozen__zhihan1996_DNABERT-2-117M__20260514T122234Z,0,0,0.5919591188430786,0.4080408215522766
gue_emp_H3K4me1_frozen__zhihan1996_DNABERT-2-117M__20260514T122234Z,1,1,0.38369905948638916,0.6163009405136108
gue_emp_H3K4me1_frozen__zhihan1996_DNABERT-2-117M__20260514T122234Z,0,0,0.5034217238426208,0.49657830595970154
gue_emp_H3K4me1_frozen__zhihan1996_DNABERT-2-117M__20260514T122234Z,0,1,0.4927373230457306,0.5072627067565918
gue_emp_H3K4me1_frozen__zhihan1996_DNABERT-2-117M__20260514T122234Z,0,0,0.5728422403335571,0.4271577000617981
gue_emp_H3K4me1_frozen__zhihan1996_DNABERT-2-117M__20260514T122234Z,1,1,0.4436004161834717,0.5563995838165283
gue_emp_H3K4me1_frozen__zhihan1996_DNABERT-2-117M__20260514T122234Z,1,0,0.5456942915916443,0.4543057084083557
gue_emp_H3K4me1_frozen__zhihan1996_DNABERT-2-117M__20260514T122234Z,1,1,0.4698851406574249,0.5301148891448975
gue_emp_H3K4me1_frozen__zhihan1996_DNABERT-2-117M__20260514T122234Z,0,1,0.45630377531051636,0.5436962842941284
gue_emp_H3K4me1_frozen__zhihan1996_DNABERT-2-117M__20260514T122234Z,1,1,0.462338387966156,0.537661612033844
gue_emp_H3K4me1_frozen__zhihan1996_DNABERT-2-117M__20260514T122234Z,1,1,0.4220579266548157,0.5779420733451843
gue_emp_H3K4me1_frozen__zhihan1996_DNABERT-2-117M__20260514T122234Z,1,0,0.5288034081459045,0.47119665145874023
gue_emp_H3K4me1_frozen__zhihan1996_DNABERT-2-117M__20260514T122234Z,0,1,0.3906792402267456,0.6093207597732544
gue_emp_H3K4me1_frozen__zhihan1996_DNABERT-2-117M__20260514T122234Z,0,0,0.5129632353782654,0.48703673481941223
gue_emp_H3K4me1_frozen__zhihan1996_DNABERT-2-117M__20260514T122234Z,1,1,0.41060855984687805,0.5893914699554443
gue_emp_H3K4me1_frozen__zhihan1996_DNABERT-2-117M__20260514T122234Z,0,1,0.4261872470378876,0.5738127827644348
gue_emp_H3K4me1_frozen__zhihan1996_DNABERT-2-117M__20260514T122234Z,0,1,0.4426967203617096,0.557303249835968
gue_emp_H3K4me1_frozen__zhihan1996_DNABERT-2-117M__20260514T122234Z,1,1,0.4690414071083069,0.5309585928916931
gue_emp_H3K4me1_frozen__zhihan1996_DNABERT-2-117M__20260514T122234Z,1,1,0.4811224341392517,0.5188776254653931
gue_emp_H3K4me1_frozen__zhihan1996_DNABERT-2-117M__20260514T122234Z,0,1,0.4630572199821472,0.5369427800178528
gue_emp_H3K4me1_frozen__zhihan1996_DNABERT-2-117M__20260514T122234Z,0,1,0.4635011553764343,0.5364988446235657
gue_emp_H3K4me1_frozen__zhihan1996_DNABERT-2-117M__20260514T122234Z,0,1,0.4339814782142639,0.5660185217857361
gue_emp_H3K4me1_frozen__zhihan1996_DNABERT-2-117M__20260514T122234Z,1,1,0.4288163185119629,0.5711836814880371
gue_emp_H3K4me1_frozen__zhihan1996_DNABERT-2-117M__20260514T122234Z,1,1,0.48192620277404785,0.5180737972259521
gue_emp_H3K4me1_frozen__zhihan1996_DNABERT-2-117M__20260514T122234Z,0,0,0.5450284481048584,0.4549715518951416
gue_emp_H3K4me1_frozen__zhihan1996_DNABERT-2-117M__20260514T122234Z,1,0,0.5130890607833862,0.48691093921661377
gue_emp_H3K4me1_frozen__zhihan1996_DNABERT-2-117M__20260514T122234Z,1,0,0.6131497025489807,0.3868503272533417
gue_emp_H3K4me1_frozen__zhihan1996_DNABERT-2-117M__20260514T122234Z,0,0,0.5016450881958008,0.4983549118041992
gue_emp_H3K4me1_frozen__zhihan1996_DNABERT-2-117M__20260514T122234Z,0,1,0.41362518072128296,0.586374819278717
gue_emp_H3K4me1_frozen__zhihan1996_DNABERT-2-117M__20260514T122234Z,0,0,0.5584925413131714,0.4415074288845062
gue_emp_H3K4me1_frozen__zhihan1996_DNABERT-2-117M__20260514T122234Z,0,0,0.5974610447883606,0.40253889560699463
gue_emp_H3K4me1_frozen__zhihan1996_DNABERT-2-117M__20260514T122234Z,0,0,0.580173671245575,0.41982629895210266
gue_emp_H3K4me1_frozen__zhihan1996_DNABERT-2-117M__20260514T122234Z,1,1,0.3713075518608093,0.6286924481391907
gue_emp_H3K4me1_frozen__zhihan1996_DNABERT-2-117M__20260514T122234Z,0,1,0.4632583558559418,0.5367416739463806
gue_emp_H3K4me1_frozen__zhihan1996_DNABERT-2-117M__20260514T122234Z,1,1,0.4218941330909729,0.5781058073043823
gue_emp_H3K4me1_frozen__zhihan1996_DNABERT-2-117M__20260514T122234Z,0,0,0.5251766443252563,0.4748232960700989
gue_emp_H3K4me1_frozen__zhihan1996_DNABERT-2-117M__20260514T122234Z,0,0,0.5725734233856201,0.4274265766143799
gue_emp_H3K4me1_frozen__zhihan1996_DNABERT-2-117M__20260514T122234Z,1,1,0.32018330693244934,0.679816722869873
gue_emp_H3K4me1_frozen__zhihan1996_DNABERT-2-117M__20260514T122234Z,1,1,0.41054946184158325,0.589450478553772
gue_emp_H3K4me1_frozen__zhihan1996_DNABERT-2-117M__20260514T122234Z,1,1,0.4585002362728119,0.5414997935295105
gue_emp_H3K4me1_frozen__zhihan1996_DNABERT-2-117M__20260514T122234Z,1,1,0.4870510399341583,0.5129489302635193
gue_emp_H3K4me1_frozen__zhihan1996_DNABERT-2-117M__20260514T122234Z,1,1,0.44229018688201904,0.557709813117981
gue_emp_H3K4me1_frozen__zhihan1996_DNABERT-2-117M__20260514T122234Z,1,0,0.5332721471786499,0.4667278528213501
gue_emp_H3K4me1_frozen__zhihan1996_DNABERT-2-117M__20260514T122234Z,1,1,0.45177996158599854,0.5482199788093567
gue_emp_H3K4me1_frozen__zhihan1996_DNABERT-2-117M__20260514T122234Z,1,0,0.6530715823173523,0.3469284176826477
gue_emp_H3K4me1_frozen__zhihan1996_DNABERT-2-117M__20260514T122234Z,0,1,0.4611077904701233,0.5388922095298767
gue_emp_H3K4me1_frozen__zhihan1996_DNABERT-2-117M__20260514T122234Z,0,0,0.5692989826202393,0.43070098757743835
gue_emp_H3K4me1_frozen__zhihan1996_DNABERT-2-117M__20260514T122234Z,1,1,0.4641728401184082,0.5358271598815918
gue_emp_H3K4me1_frozen__zhihan1996_DNABERT-2-117M__20260514T122234Z,1,0,0.504257082939148,0.49574291706085205
gue_emp_H3K4me1_frozen__zhihan1996_DNABERT-2-117M__20260514T122234Z,0,0,0.5906316041946411,0.4093683660030365
gue_emp_H3K4me1_frozen__zhihan1996_DNABERT-2-117M__20260514T122234Z,1,1,0.3440851867198944,0.6559147834777832
gue_emp_H3K4me1_frozen__zhihan1996_DNABERT-2-117M__20260514T122234Z,0,1,0.44801872968673706,0.5519813299179077
gue_emp_H3K4me1_frozen__zhihan1996_DNABERT-2-117M__20260514T122234Z,0,0,0.5452289581298828,0.4547710418701172
gue_emp_H3K4me1_frozen__zhihan1996_DNABERT-2-117M__20260514T122234Z,1,1,0.4958840310573578,0.5041159391403198
gue_emp_H3K4me1_frozen__zhihan1996_DNABERT-2-117M__20260514T122234Z,0,0,0.5307381749153137,0.4692618250846863
gue_emp_H3K4me1_frozen__zhihan1996_DNABERT-2-117M__20260514T122234Z,1,1,0.4261125922203064,0.5738873481750488
gue_emp_H3K4me1_frozen__zhihan1996_DNABERT-2-117M__20260514T122234Z,1,0,0.540620744228363,0.45937928557395935
gue_emp_H3K4me1_frozen__zhihan1996_DNABERT-2-117M__20260514T122234Z,1,0,0.5339025259017944,0.4660974442958832
gue_emp_H3K4me1_frozen__zhihan1996_DNABERT-2-117M__20260514T122234Z,0,1,0.31970518827438354,0.6802948117256165
gue_emp_H3K4me1_frozen__zhihan1996_DNABERT-2-117M__20260514T122234Z,1,0,0.5313461422920227,0.4686538279056549
gue_emp_H3K4me1_frozen__zhihan1996_DNABERT-2-117M__20260514T122234Z,1,1,0.48038724064826965,0.519612729549408
gue_emp_H3K4me1_frozen__zhihan1996_DNABERT-2-117M__20260514T122234Z,0,1,0.3855481445789337,0.6144518852233887
gue_emp_H3K4me1_frozen__zhihan1996_DNABERT-2-117M__20260514T122234Z,1,0,0.5228264927864075,0.47717347741127014
gue_emp_H3K4me1_frozen__zhihan1996_DNABERT-2-117M__20260514T122234Z,0,0,0.5492326617240906,0.4507673680782318
gue_emp_H3K4me1_frozen__zhihan1996_DNABERT-2-117M__20260514T122234Z,0,1,0.4720131754875183,0.5279868245124817
gue_emp_H3K4me1_frozen__zhihan1996_DNABERT-2-117M__20260514T122234Z,0,0,0.5263123512268066,0.47368764877319336
gue_emp_H3K4me1_frozen__zhihan1996_DNABERT-2-117M__20260514T122234Z,1,1,0.47331202030181885,0.5266879796981812
gue_emp_H3K4me1_frozen__zhihan1996_DNABERT-2-117M__20260514T122234Z,1,1,0.39774829149246216,0.6022516489028931
gue_emp_H3K4me1_frozen__zhihan1996_DNABERT-2-117M__20260514T122234Z,1,0,0.5749616622924805,0.42503833770751953
gue_emp_H3K4me1_frozen__zhihan1996_DNABERT-2-117M__20260514T122234Z,0,0,0.5537616610527039,0.44623830914497375
gue_emp_H3K4me1_frozen__zhihan1996_DNABERT-2-117M__20260514T122234Z,1,0,0.5208771228790283,0.4791228771209717
gue_emp_H3K4me1_frozen__zhihan1996_DNABERT-2-117M__20260514T122234Z,1,0,0.5395442843437195,0.46045568585395813
gue_emp_H3K4me1_frozen__zhihan1996_DNABERT-2-117M__20260514T122234Z,1,1,0.4888629615306854,0.511137068271637
gue_emp_H3K4me1_frozen__zhihan1996_DNABERT-2-117M__20260514T122234Z,0,0,0.5802926421165466,0.41970741748809814
gue_emp_H3K4me1_frozen__zhihan1996_DNABERT-2-117M__20260514T122234Z,1,1,0.4586820602416992,0.5413179397583008
gue_emp_H3K4me1_frozen__zhihan1996_DNABERT-2-117M__20260514T122234Z,1,0,0.5136608481407166,0.48633915185928345
gue_emp_H3K4me1_frozen__zhihan1996_DNABERT-2-117M__20260514T122234Z,1,0,0.6344866752624512,0.36551329493522644
gue_emp_H3K4me1_frozen__zhihan1996_DNABERT-2-117M__20260514T122234Z,0,0,0.5145794749259949,0.4854205250740051
gue_emp_H3K4me1_frozen__zhihan1996_DNABERT-2-117M__20260514T122234Z,1,0,0.5285372138023376,0.47146275639533997
gue_emp_H3K4me1_frozen__zhihan1996_DNABERT-2-117M__20260514T122234Z,1,0,0.6074885129928589,0.3925114870071411
gue_emp_H3K4me1_frozen__zhihan1996_DNABERT-2-117M__20260514T122234Z,0,1,0.4647800922393799,0.5352199077606201
gue_emp_H3K4me1_frozen__zhihan1996_DNABERT-2-117M__20260514T122234Z,1,1,0.4758146405220032,0.5241854190826416
gue_emp_H3K4me1_frozen__zhihan1996_DNABERT-2-117M__20260514T122234Z,1,0,0.5174642205238342,0.48253583908081055
gue_emp_H3K4me1_frozen__zhihan1996_DNABERT-2-117M__20260514T122234Z,1,1,0.46752169728279114,0.5324783325195312
gue_emp_H3K4me1_frozen__zhihan1996_DNABERT-2-117M__20260514T122234Z,0,1,0.3638729155063629,0.6361271142959595
gue_emp_H3K4me1_frozen__zhihan1996_DNABERT-2-117M__20260514T122234Z,1,0,0.5471314191818237,0.45286861062049866
gue_emp_H3K4me1_frozen__zhihan1996_DNABERT-2-117M__20260514T122234Z,1,1,0.41990068554878235,0.58009934425354
gue_emp_H3K4me1_frozen__zhihan1996_DNABERT-2-117M__20260514T122234Z,0,0,0.5656736493110657,0.43432632088661194
gue_emp_H3K4me1_frozen__zhihan1996_DNABERT-2-117M__20260514T122234Z,0,1,0.4606149196624756,0.5393851399421692
gue_emp_H3K4me1_frozen__zhihan1996_DNABERT-2-117M__20260514T122234Z,1,1,0.4582047462463379,0.5417952537536621
gue_emp_H3K4me1_frozen__zhihan1996_DNABERT-2-117M__20260514T122234Z,0,0,0.5526755452156067,0.4473244845867157
gue_emp_H3K4me1_frozen__zhihan1996_DNABERT-2-117M__20260514T122234Z,1,0,0.5358423590660095,0.46415767073631287
gue_emp_H3K4me1_frozen__zhihan1996_DNABERT-2-117M__20260514T122234Z,0,1,0.4469095766544342,0.5530904531478882
gue_emp_H3K4me1_frozen__zhihan1996_DNABERT-2-117M__20260514T122234Z,0,0,0.5509396195411682,0.4490604102611542
gue_emp_H3K4me1_frozen__zhihan1996_DNABERT-2-117M__20260514T122234Z,0,1,0.46941763162612915,0.5305823683738708
gue_emp_H3K4me1_frozen__zhihan1996_DNABERT-2-117M__20260514T122234Z,1,1,0.44924160838127136,0.550758421421051
gue_emp_H3K4me1_frozen__zhihan1996_DNABERT-2-117M__20260514T122234Z,1,0,0.5181137919425964,0.48188620805740356
gue_emp_H3K4me1_frozen__zhihan1996_DNABERT-2-117M__20260514T122234Z,1,0,0.5720803737640381,0.4279195964336395
gue_emp_H3K4me1_frozen__zhihan1996_DNABERT-2-117M__20260514T122234Z,0,1,0.4796065092086792,0.5203934907913208
gue_emp_H3K4me1_frozen__zhihan1996_DNABERT-2-117M__20260514T122234Z,1,0,0.6035813689231873,0.39641860127449036
gue_emp_H3K4me1_frozen__zhihan1996_DNABERT-2-117M__20260514T122234Z,0,1,0.471466600894928,0.5285334587097168
gue_emp_H3K4me1_frozen__zhihan1996_DNABERT-2-117M__20260514T122234Z,1,0,0.5475094318389893,0.45249053835868835
gue_emp_H3K4me1_frozen__zhihan1996_DNABERT-2-117M__20260514T122234Z,0,0,0.5090160369873047,0.4909839630126953
gue_emp_H3K4me1_frozen__zhihan1996_DNABERT-2-117M__20260514T122234Z,1,1,0.4140101373195648,0.5859898924827576
gue_emp_H3K4me1_frozen__zhihan1996_DNABERT-2-117M__20260514T122234Z,1,0,0.613062858581543,0.3869371712207794
gue_emp_H3K4me1_frozen__zhihan1996_DNABERT-2-117M__20260514T122234Z,1,0,0.5448240637779236,0.45517590641975403
gue_emp_H3K4me1_frozen__zhihan1996_DNABERT-2-117M__20260514T122234Z,0,1,0.45974308252334595,0.540256917476654
gue_emp_H3K4me1_frozen__zhihan1996_DNABERT-2-117M__20260514T122234Z,0,0,0.5740216970443726,0.42597830295562744
gue_emp_H3K4me1_frozen__zhihan1996_DNABERT-2-117M__20260514T122234Z,0,1,0.44821491837501526,0.5517850518226624
gue_emp_H3K4me1_frozen__zhihan1996_DNABERT-2-117M__20260514T122234Z,1,1,0.4533412456512451,0.5466587543487549
gue_emp_H3K4me1_frozen__zhihan1996_DNABERT-2-117M__20260514T122234Z,0,0,0.5950219631195068,0.4049779772758484
gue_emp_H3K4me1_frozen__zhihan1996_DNABERT-2-117M__20260514T122234Z,1,1,0.40871918201446533,0.5912807583808899
gue_emp_H3K4me1_frozen__zhihan1996_DNABERT-2-117M__20260514T122234Z,0,1,0.46576714515686035,0.5342328548431396
gue_emp_H3K4me1_frozen__zhihan1996_DNABERT-2-117M__20260514T122234Z,1,0,0.6355618238449097,0.3644382059574127
gue_emp_H3K4me1_frozen__zhihan1996_DNABERT-2-117M__20260514T122234Z,1,1,0.42245247960090637,0.5775474905967712
gue_emp_H3K4me1_frozen__zhihan1996_DNABERT-2-117M__20260514T122234Z,1,0,0.5281189680099487,0.47188106179237366
gue_emp_H3K4me1_frozen__zhihan1996_DNABERT-2-117M__20260514T122234Z,1,0,0.507087230682373,0.49291273951530457
gue_emp_H3K4me1_frozen__zhihan1996_DNABERT-2-117M__20260514T122234Z,1,1,0.33090347051620483,0.6690964698791504
gue_emp_H3K4me1_frozen__zhihan1996_DNABERT-2-117M__20260514T122234Z,0,0,0.5325314998626709,0.4674685001373291
gue_emp_H3K4me1_frozen__zhihan1996_DNABERT-2-117M__20260514T122234Z,0,0,0.6152901649475098,0.3847098648548126
gue_emp_H3K4me1_frozen__zhihan1996_DNABERT-2-117M__20260514T122234Z,1,1,0.4511602222919464,0.5488397479057312
gue_emp_H3K4me1_frozen__zhihan1996_DNABERT-2-117M__20260514T122234Z,0,1,0.440258651971817,0.5597413182258606
gue_emp_H3K4me1_frozen__zhihan1996_DNABERT-2-117M__20260514T122234Z,1,0,0.5928286910057068,0.4071713387966156
gue_emp_H3K4me1_frozen__zhihan1996_DNABERT-2-117M__20260514T122234Z,0,0,0.5667530298233032,0.4332469403743744
gue_emp_H3K4me1_frozen__zhihan1996_DNABERT-2-117M__20260514T122234Z,0,0,0.5935209393501282,0.4064790904521942
gue_emp_H3K4me1_frozen__zhihan1996_DNABERT-2-117M__20260514T122234Z,0,0,0.5221336483955383,0.47786635160446167
gue_emp_H3K4me1_frozen__zhihan1996_DNABERT-2-117M__20260514T122234Z,0,0,0.5823129415512085,0.4176870882511139
gue_emp_H3K4me1_frozen__zhihan1996_DNABERT-2-117M__20260514T122234Z,0,0,0.5451646447181702,0.45483535528182983
gue_emp_H3K4me1_frozen__zhihan1996_DNABERT-2-117M__20260514T122234Z,0,0,0.5647587180137634,0.4352412819862366
gue_emp_H3K4me1_frozen__zhihan1996_DNABERT-2-117M__20260514T122234Z,1,1,0.4342813491821289,0.5657186508178711
gue_emp_H3K4me1_frozen__zhihan1996_DNABERT-2-117M__20260514T122234Z,1,1,0.4418686628341675,0.5581313371658325
gue_emp_H3K4me1_frozen__zhihan1996_DNABERT-2-117M__20260514T122234Z,0,0,0.5086356401443481,0.49136438965797424
gue_emp_H3K4me1_frozen__zhihan1996_DNABERT-2-117M__20260514T122234Z,1,1,0.3965938687324524,0.6034061312675476
gue_emp_H3K4me1_frozen__zhihan1996_DNABERT-2-117M__20260514T122234Z,1,1,0.2926458418369293,0.7073541879653931
gue_emp_H3K4me1_frozen__zhihan1996_DNABERT-2-117M__20260514T122234Z,1,0,0.5142630934715271,0.4857368767261505
gue_emp_H3K4me1_frozen__zhihan1996_DNABERT-2-117M__20260514T122234Z,1,1,0.4501780867576599,0.5498219132423401
gue_emp_H3K4me1_frozen__zhihan1996_DNABERT-2-117M__20260514T122234Z,1,0,0.5288223624229431,0.4711776375770569
gue_emp_H3K4me1_frozen__zhihan1996_DNABERT-2-117M__20260514T122234Z,0,1,0.3791772425174713,0.6208227276802063
gue_emp_H3K4me1_frozen__zhihan1996_DNABERT-2-117M__20260514T122234Z,1,1,0.47290027141571045,0.5270997285842896
gue_emp_H3K4me1_frozen__zhihan1996_DNABERT-2-117M__20260514T122234Z,0,0,0.588297963142395,0.41170206665992737
gue_emp_H3K4me1_frozen__zhihan1996_DNABERT-2-117M__20260514T122234Z,0,0,0.5388163924217224,0.4611835777759552
gue_emp_H3K4me1_frozen__zhihan1996_DNABERT-2-117M__20260514T122234Z,1,1,0.32338011264801025,0.6766198873519897
gue_emp_H3K4me1_frozen__zhihan1996_DNABERT-2-117M__20260514T122234Z,1,0,0.6171088814735413,0.38289111852645874
gue_emp_H3K4me1_frozen__zhihan1996_DNABERT-2-117M__20260514T122234Z,0,0,0.5401962399482727,0.4598037302494049
gue_emp_H3K4me1_frozen__zhihan1996_DNABERT-2-117M__20260514T122234Z,0,1,0.4732644855976105,0.5267355442047119
gue_emp_H3K4me1_frozen__zhihan1996_DNABERT-2-117M__20260514T122234Z,0,0,0.612831175327301,0.38716888427734375
gue_emp_H3K4me1_frozen__zhihan1996_DNABERT-2-117M__20260514T122234Z,1,1,0.415284126996994,0.5847158432006836
gue_emp_H3K4me1_frozen__zhihan1996_DNABERT-2-117M__20260514T122234Z,1,0,0.5336405038833618,0.46635952591896057
gue_emp_H3K4me1_frozen__zhihan1996_DNABERT-2-117M__20260514T122234Z,0,1,0.4958830773830414,0.504116952419281
gue_emp_H3K4me1_frozen__zhihan1996_DNABERT-2-117M__20260514T122234Z,0,0,0.5071711540222168,0.4928288757801056
gue_emp_H3K4me1_frozen__zhihan1996_DNABERT-2-117M__20260514T122234Z,1,1,0.3966522812843323,0.6033477187156677
gue_emp_H3K4me1_frozen__zhihan1996_DNABERT-2-117M__20260514T122234Z,1,1,0.4477319121360779,0.5522680878639221
gue_emp_H3K4me1_frozen__zhihan1996_DNABERT-2-117M__20260514T122234Z,0,1,0.48916128277778625,0.5108386874198914
gue_emp_H3K4me1_frozen__zhihan1996_DNABERT-2-117M__20260514T122234Z,0,0,0.6180315017700195,0.38196855783462524
gue_emp_H3K4me1_frozen__zhihan1996_DNABERT-2-117M__20260514T122234Z,1,1,0.48177000880241394,0.5182299613952637
gue_emp_H3K4me1_frozen__zhihan1996_DNABERT-2-117M__20260514T122234Z,1,0,0.5021095275878906,0.49789050221443176
gue_emp_H3K4me1_frozen__zhihan1996_DNABERT-2-117M__20260514T122234Z,0,0,0.5756775140762329,0.4243225157260895
gue_emp_H3K4me1_frozen__zhihan1996_DNABERT-2-117M__20260514T122234Z,1,1,0.41363996267318726,0.586359977722168
gue_emp_H3K4me1_frozen__zhihan1996_DNABERT-2-117M__20260514T122234Z,1,0,0.5966387987136841,0.40336114168167114
gue_emp_H3K4me1_frozen__zhihan1996_DNABERT-2-117M__20260514T122234Z,1,1,0.3897787928581238,0.6102211475372314
gue_emp_H3K4me1_frozen__zhihan1996_DNABERT-2-117M__20260514T122234Z,0,0,0.5432116389274597,0.4567883610725403
gue_emp_H3K4me1_frozen__zhihan1996_DNABERT-2-117M__20260514T122234Z,1,0,0.5733798742294312,0.4266201853752136
gue_emp_H3K4me1_frozen__zhihan1996_DNABERT-2-117M__20260514T122234Z,1,0,0.5600571632385254,0.4399428367614746
gue_emp_H3K4me1_frozen__zhihan1996_DNABERT-2-117M__20260514T122234Z,1,1,0.45341309905052185,0.5465868711471558
gue_emp_H3K4me1_frozen__zhihan1996_DNABERT-2-117M__20260514T122234Z,0,1,0.47692981362342834,0.5230701565742493
gue_emp_H3K4me1_frozen__zhihan1996_DNABERT-2-117M__20260514T122234Z,1,1,0.4831377863883972,0.516862154006958
gue_emp_H3K4me1_frozen__zhihan1996_DNABERT-2-117M__20260514T122234Z,1,1,0.38716888427734375,0.612831175327301
gue_emp_H3K4me1_frozen__zhihan1996_DNABERT-2-117M__20260514T122234Z,0,0,0.596433162689209,0.4035668969154358
gue_emp_H3K4me1_frozen__zhihan1996_DNABERT-2-117M__20260514T122234Z,1,1,0.4805319905281067,0.5194680094718933
gue_emp_H3K4me1_frozen__zhihan1996_DNABERT-2-117M__20260514T122234Z,1,1,0.43575146794319153,0.5642485618591309
gue_emp_H3K4me1_frozen__zhihan1996_DNABERT-2-117M__20260514T122234Z,0,0,0.528301477432251,0.471698522567749
gue_emp_H3K4me1_frozen__zhihan1996_DNABERT-2-117M__20260514T122234Z,0,0,0.545285701751709,0.454714298248291
gue_emp_H3K4me1_frozen__zhihan1996_DNABERT-2-117M__20260514T122234Z,1,1,0.45522886514663696,0.544771134853363
gue_emp_H3K4me1_frozen__zhihan1996_DNABERT-2-117M__20260514T122234Z,0,0,0.5415357947349548,0.45846426486968994
gue_emp_H3K4me1_frozen__zhihan1996_DNABERT-2-117M__20260514T122234Z,1,1,0.4292648732662201,0.5707351565361023
gue_emp_H3K4me1_frozen__zhihan1996_DNABERT-2-117M__20260514T122234Z,1,0,0.5861379504203796,0.413862019777298
gue_emp_H3K4me1_frozen__zhihan1996_DNABERT-2-117M__20260514T122234Z,0,0,0.6186076402664185,0.38139235973358154
gue_emp_H3K4me1_frozen__zhihan1996_DNABERT-2-117M__20260514T122234Z,0,1,0.48661932349205017,0.5133806467056274
gue_emp_H3K4me1_frozen__zhihan1996_DNABERT-2-117M__20260514T122234Z,1,1,0.4571821391582489,0.5428178310394287
gue_emp_H3K4me1_frozen__zhihan1996_DNABERT-2-117M__20260514T122234Z,1,1,0.4403940439224243,0.5596059560775757
gue_emp_H3K4me1_frozen__zhihan1996_DNABERT-2-117M__20260514T122234Z,0,0,0.5302060842514038,0.4697939157485962
gue_emp_H3K4me1_frozen__zhihan1996_DNABERT-2-117M__20260514T122234Z,1,0,0.5356753468513489,0.4643246531486511
gue_emp_H3K4me1_frozen__zhihan1996_DNABERT-2-117M__20260514T122234Z,1,0,0.5818971991539001,0.41810280084609985
gue_emp_H3K4me1_frozen__zhihan1996_DNABERT-2-117M__20260514T122234Z,1,1,0.4640817642211914,0.5359182357788086
gue_emp_H3K4me1_frozen__zhihan1996_DNABERT-2-117M__20260514T122234Z,0,1,0.4807872176170349,0.5192127823829651
gue_emp_H3K4me1_frozen__zhihan1996_DNABERT-2-117M__20260514T122234Z,1,1,0.38312187790870667,0.6168781518936157
gue_emp_H3K4me1_frozen__zhihan1996_DNABERT-2-117M__20260514T122234Z,0,0,0.5963450074195862,0.4036549925804138
gue_emp_H3K4me1_frozen__zhihan1996_DNABERT-2-117M__20260514T122234Z,1,1,0.48034536838531494,0.5196546316146851
gue_emp_H3K4me1_frozen__zhihan1996_DNABERT-2-117M__20260514T122234Z,1,0,0.5283851027488708,0.47161486744880676
gue_emp_H3K4me1_frozen__zhihan1996_DNABERT-2-117M__20260514T122234Z,1,0,0.5072569847106934,0.49274304509162903
gue_emp_H3K4me1_frozen__zhihan1996_DNABERT-2-117M__20260514T122234Z,1,0,0.5082713961601257,0.4917285740375519
gue_emp_H3K4me1_frozen__zhihan1996_DNABERT-2-117M__20260514T122234Z,1,0,0.5046395063400269,0.49536049365997314
gue_emp_H3K4me1_frozen__zhihan1996_DNABERT-2-117M__20260514T122234Z,0,0,0.5008010864257812,0.49919891357421875
gue_emp_H3K4me1_frozen__zhihan1996_DNABERT-2-117M__20260514T122234Z,1,0,0.5027274489402771,0.4972725212574005
gue_emp_H3K4me1_frozen__zhihan1996_DNABERT-2-117M__20260514T122234Z,1,1,0.431194931268692,0.5688050985336304
gue_emp_H3K4me1_frozen__zhihan1996_DNABERT-2-117M__20260514T122234Z,1,0,0.5342860221862793,0.4657140076160431
gue_emp_H3K4me1_frozen__zhihan1996_DNABERT-2-117M__20260514T122234Z,1,0,0.5150882601737976,0.4849117398262024
gue_emp_H3K4me1_frozen__zhihan1996_DNABERT-2-117M__20260514T122234Z,1,1,0.38992398977279663,0.6100760698318481
gue_emp_H3K4me1_frozen__zhihan1996_DNABERT-2-117M__20260514T122234Z,0,0,0.589627742767334,0.41037222743034363
gue_emp_H3K4me1_frozen__zhihan1996_DNABERT-2-117M__20260514T122234Z,0,1,0.41888999938964844,0.5811100006103516
gue_emp_H3K4me1_frozen__zhihan1996_DNABERT-2-117M__20260514T122234Z,0,0,0.5817338824272156,0.4182661771774292
gue_emp_H3K4me1_frozen__zhihan1996_DNABERT-2-117M__20260514T122234Z,1,1,0.39922595024108887,0.6007740497589111
gue_emp_H3K4me1_frozen__zhihan1996_DNABERT-2-117M__20260514T122234Z,0,0,0.5957865715026855,0.40421339869499207
gue_emp_H3K4me1_frozen__zhihan1996_DNABERT-2-117M__20260514T122234Z,1,1,0.4871520698070526,0.512847900390625
gue_emp_H3K4me1_frozen__zhihan1996_DNABERT-2-117M__20260514T122234Z,0,0,0.569418728351593,0.430581271648407
gue_emp_H3K4me1_frozen__zhihan1996_DNABERT-2-117M__20260514T122234Z,1,1,0.4672367572784424,0.5327631831169128
gue_emp_H3K4me1_frozen__zhihan1996_DNABERT-2-117M__20260514T122234Z,1,1,0.40341997146606445,0.5965800285339355
gue_emp_H3K4me1_frozen__zhihan1996_DNABERT-2-117M__20260514T122234Z,1,1,0.46803832054138184,0.5319616794586182
gue_emp_H3K4me1_frozen__zhihan1996_DNABERT-2-117M__20260514T122234Z,0,0,0.6170800924301147,0.38291993737220764
gue_emp_H3K4me1_frozen__zhihan1996_DNABERT-2-117M__20260514T122234Z,1,0,0.5237401127815247,0.47625991702079773
gue_emp_H3K4me1_frozen__zhihan1996_DNABERT-2-117M__20260514T122234Z,0,0,0.5219661593437195,0.4780338704586029
gue_emp_H3K4me1_frozen__zhihan1996_DNABERT-2-117M__20260514T122234Z,0,1,0.42857715487480164,0.5714228749275208
gue_emp_H3K4me1_frozen__zhihan1996_DNABERT-2-117M__20260514T122234Z,1,1,0.292746901512146,0.707253098487854
gue_emp_H3K4me1_frozen__zhihan1996_DNABERT-2-117M__20260514T122234Z,0,1,0.36846253275871277,0.6315374970436096
gue_emp_H3K4me1_frozen__zhihan1996_DNABERT-2-117M__20260514T122234Z,0,1,0.4329022765159607,0.5670977234840393
gue_emp_H3K4me1_frozen__zhihan1996_DNABERT-2-117M__20260514T122234Z,1,0,0.5661534667015076,0.43384653329849243
gue_emp_H3K4me1_frozen__zhihan1996_DNABERT-2-117M__20260514T122234Z,1,0,0.5635881423950195,0.43641188740730286
gue_emp_H3K4me1_frozen__zhihan1996_DNABERT-2-117M__20260514T122234Z,0,0,0.5140191912651062,0.4859808385372162
gue_emp_H3K4me1_frozen__zhihan1996_DNABERT-2-117M__20260514T122234Z,0,1,0.46836885809898376,0.5316311717033386
gue_emp_H3K4me1_frozen__zhihan1996_DNABERT-2-117M__20260514T122234Z,0,0,0.6315374970436096,0.36846253275871277
gue_emp_H3K4me1_frozen__zhihan1996_DNABERT-2-117M__20260514T122234Z,0,1,0.48797839879989624,0.5120216012001038
gue_emp_H3K4me1_frozen__zhihan1996_DNABERT-2-117M__20260514T122234Z,0,0,0.5877065062522888,0.41229352355003357
gue_emp_H3K4me1_frozen__zhihan1996_DNABERT-2-117M__20260514T122234Z,0,1,0.4391609728336334,0.560839056968689
gue_emp_H3K4me1_frozen__zhihan1996_DNABERT-2-117M__20260514T122234Z,1,1,0.43402644991874695,0.5659735798835754
gue_emp_H3K4me1_frozen__zhihan1996_DNABERT-2-117M__20260514T122234Z,1,0,0.5017890930175781,0.49821093678474426
gue_emp_H3K4me1_frozen__zhihan1996_DNABERT-2-117M__20260514T122234Z,0,0,0.5726630091667175,0.4273369610309601
gue_emp_H3K4me1_frozen__zhihan1996_DNABERT-2-117M__20260514T122234Z,1,0,0.5178718566894531,0.4821281433105469
gue_emp_H3K4me1_frozen__zhihan1996_DNABERT-2-117M__20260514T122234Z,1,0,0.5290048718452454,0.47099509835243225
gue_emp_H3K4me1_frozen__zhihan1996_DNABERT-2-117M__20260514T122234Z,1,0,0.5315968990325928,0.46840304136276245
gue_emp_H3K4me1_frozen__zhihan1996_DNABERT-2-117M__20260514T122234Z,0,0,0.5001068115234375,0.4998931884765625
gue_emp_H3K4me1_frozen__zhihan1996_DNABERT-2-117M__20260514T122234Z,1,1,0.4862590730190277,0.5137408971786499
gue_emp_H3K4me1_frozen__zhihan1996_DNABERT-2-117M__20260514T122234Z,0,1,0.4573705494403839,0.5426294803619385
gue_emp_H3K4me1_frozen__zhihan1996_DNABERT-2-117M__20260514T122234Z,0,1,0.39487165212631226,0.6051284074783325
gue_emp_H3K4me1_frozen__zhihan1996_DNABERT-2-117M__20260514T122234Z,0,0,0.5404805541038513,0.45951950550079346
gue_emp_H3K4me1_frozen__zhihan1996_DNABERT-2-117M__20260514T122234Z,1,0,0.5404539704322815,0.4595459997653961
gue_emp_H3K4me1_frozen__zhihan1996_DNABERT-2-117M__20260514T122234Z,1,0,0.6071392297744751,0.3928608000278473
gue_emp_H3K4me1_frozen__zhihan1996_DNABERT-2-117M__20260514T122234Z,0,1,0.48528334498405457,0.514716625213623
gue_emp_H3K4me1_frozen__zhihan1996_DNABERT-2-117M__20260514T122234Z,1,1,0.46136558055877686,0.5386344194412231
gue_emp_H3K4me1_frozen__zhihan1996_DNABERT-2-117M__20260514T122234Z,0,0,0.5459250807762146,0.4540749788284302
gue_emp_H3K4me1_frozen__zhihan1996_DNABERT-2-117M__20260514T122234Z,0,0,0.5180433392524719,0.48195669054985046
gue_emp_H3K4me1_frozen__zhihan1996_DNABERT-2-117M__20260514T122234Z,1,0,0.5403327345848083,0.45966729521751404
gue_emp_H3K4me1_frozen__zhihan1996_DNABERT-2-117M__20260514T122234Z,1,1,0.45008742809295654,0.5499125719070435
gue_emp_H3K4me1_frozen__zhihan1996_DNABERT-2-117M__20260514T122234Z,1,1,0.4173605144023895,0.5826395153999329
gue_emp_H3K4me1_frozen__zhihan1996_DNABERT-2-117M__20260514T122234Z,0,0,0.5709145665168762,0.4290854334831238
gue_emp_H3K4me1_frozen__zhihan1996_DNABERT-2-117M__20260514T122234Z,0,1,0.45102426409721375,0.5489757657051086
gue_emp_H3K4me1_frozen__zhihan1996_DNABERT-2-117M__20260514T122234Z,1,0,0.5564899444580078,0.4435100555419922
gue_emp_H3K4me1_frozen__zhihan1996_DNABERT-2-117M__20260514T122234Z,1,1,0.49087628722190857,0.5091237425804138
gue_emp_H3K4me1_frozen__zhihan1996_DNABERT-2-117M__20260514T122234Z,1,0,0.5691044926643372,0.4308955669403076
gue_emp_H3K4me1_frozen__zhihan1996_DNABERT-2-117M__20260514T122234Z,0,1,0.28587010502815247,0.7141298651695251
gue_emp_H3K4me1_frozen__zhihan1996_DNABERT-2-117M__20260514T122234Z,1,0,0.5071253776550293,0.4928746223449707
gue_emp_H3K4me1_frozen__zhihan1996_DNABERT-2-117M__20260514T122234Z,1,0,0.5195555686950684,0.48044440150260925
gue_emp_H3K4me1_frozen__zhihan1996_DNABERT-2-117M__20260514T122234Z,1,0,0.6056532859802246,0.3943467140197754
gue_emp_H3K4me1_frozen__zhihan1996_DNABERT-2-117M__20260514T122234Z,1,0,0.6099308133125305,0.3900691866874695
gue_emp_H3K4me1_frozen__zhihan1996_DNABERT-2-117M__20260514T122234Z,1,1,0.3722769320011139,0.6277230381965637
gue_emp_H3K4me1_frozen__zhihan1996_DNABERT-2-117M__20260514T122234Z,0,0,0.5661084651947021,0.43389150500297546
gue_emp_H3K4me1_frozen__zhihan1996_DNABERT-2-117M__20260514T122234Z,1,0,0.5424997806549072,0.45750024914741516
gue_emp_H3K4me1_frozen__zhihan1996_DNABERT-2-117M__20260514T122234Z,1,0,0.5832924246788025,0.4167076349258423
gue_emp_H3K4me1_frozen__zhihan1996_DNABERT-2-117M__20260514T122234Z,0,0,0.5610645413398743,0.4389355182647705
gue_emp_H3K4me1_frozen__zhihan1996_DNABERT-2-117M__20260514T122234Z,1,0,0.5172051191329956,0.4827949106693268
gue_emp_H3K4me1_frozen__zhihan1996_DNABERT-2-117M__20260514T122234Z,0,0,0.5463297367095947,0.4536702632904053
gue_emp_H3K4me1_frozen__zhihan1996_DNABERT-2-117M__20260514T122234Z,1,1,0.3869371712207794,0.613062858581543
gue_emp_H3K4me1_frozen__zhihan1996_DNABERT-2-117M__20260514T122234Z,0,1,0.4587010443210602,0.5412989854812622
gue_emp_H3K4me1_frozen__zhihan1996_DNABERT-2-117M__20260514T122234Z,0,0,0.5320756435394287,0.4679243862628937
gue_emp_H3K4me1_frozen__zhihan1996_DNABERT-2-117M__20260514T122234Z,0,0,0.5664982199668884,0.4335017502307892
gue_emp_H3K4me1_frozen__zhihan1996_DNABERT-2-117M__20260514T122234Z,0,1,0.47391974925994873,0.526080310344696
gue_emp_H3K4me1_frozen__zhihan1996_DNABERT-2-117M__20260514T122234Z,1,1,0.46244269609451294,0.5375573039054871
gue_emp_H3K4me1_frozen__zhihan1996_DNABERT-2-117M__20260514T122234Z,1,1,0.45060113072395325,0.5493988990783691
gue_emp_H3K4me1_frozen__zhihan1996_DNABERT-2-117M__20260514T122234Z,0,0,0.5693140029907227,0.43068599700927734
gue_emp_H3K4me1_frozen__zhihan1996_DNABERT-2-117M__20260514T122234Z,0,0,0.5754985809326172,0.4245014488697052
gue_emp_H3K4me1_frozen__zhihan1996_DNABERT-2-117M__20260514T122234Z,0,1,0.2886693477630615,0.7113306522369385
gue_emp_H3K4me1_frozen__zhihan1996_DNABERT-2-117M__20260514T122234Z,0,1,0.4794846177101135,0.5205153822898865
gue_emp_H3K4me1_frozen__zhihan1996_DNABERT-2-117M__20260514T122234Z,1,1,0.48638489842414856,0.513615071773529
gue_emp_H3K4me1_frozen__zhihan1996_DNABERT-2-117M__20260514T122234Z,0,0,0.6090883016586304,0.390911728143692
gue_emp_H3K4me1_frozen__zhihan1996_DNABERT-2-117M__20260514T122234Z,1,0,0.5435258746147156,0.45647409558296204
gue_emp_H3K4me1_frozen__zhihan1996_DNABERT-2-117M__20260514T122234Z,0,1,0.33742183446884155,0.6625781655311584
gue_emp_H3K4me1_frozen__zhihan1996_DNABERT-2-117M__20260514T122234Z,1,0,0.5434312224388123,0.45656877756118774
gue_emp_H3K4me1_frozen__zhihan1996_DNABERT-2-117M__20260514T122234Z,0,1,0.478559285402298,0.5214406847953796
gue_emp_H3K4me1_frozen__zhihan1996_DNABERT-2-117M__20260514T122234Z,1,0,0.6034353375434875,0.39656463265419006
gue_emp_H3K4me1_frozen__zhihan1996_DNABERT-2-117M__20260514T122234Z,1,0,0.5448468327522278,0.4551531970500946
gue_emp_H3K4me1_frozen__zhihan1996_DNABERT-2-117M__20260514T122234Z,0,1,0.4943535029888153,0.5056464672088623
gue_emp_H3K4me1_frozen__zhihan1996_DNABERT-2-117M__20260514T122234Z,1,0,0.5560078620910645,0.44399213790893555
gue_emp_H3K4me1_frozen__zhihan1996_DNABERT-2-117M__20260514T122234Z,1,1,0.4664534628391266,0.533546507358551
gue_emp_H3K4me1_frozen__zhihan1996_DNABERT-2-117M__20260514T122234Z,1,1,0.39379292726516724,0.6062070727348328
gue_emp_H3K4me1_frozen__zhihan1996_DNABERT-2-117M__20260514T122234Z,0,0,0.5088339447975159,0.4911660850048065
gue_emp_H3K4me1_frozen__zhihan1996_DNABERT-2-117M__20260514T122234Z,0,1,0.3493107259273529,0.6506892442703247
gue_emp_H3K4me1_frozen__zhihan1996_DNABERT-2-117M__20260514T122234Z,0,0,0.51697838306427,0.4830215871334076
gue_emp_H3K4me1_frozen__zhihan1996_DNABERT-2-117M__20260514T122234Z,1,1,0.4246803820133209,0.5753195881843567
gue_emp_H3K4me1_frozen__zhihan1996_DNABERT-2-117M__20260514T122234Z,1,1,0.48743322491645813,0.5125668048858643
gue_emp_H3K4me1_frozen__zhihan1996_DNABERT-2-117M__20260514T122234Z,0,0,0.546057403087616,0.45394256711006165
gue_emp_H3K4me1_frozen__zhihan1996_DNABERT-2-117M__20260514T122234Z,1,0,0.5361611247062683,0.4638388752937317
gue_emp_H3K4me1_frozen__zhihan1996_DNABERT-2-117M__20260514T122234Z,0,0,0.5051344633102417,0.4948655962944031
gue_emp_H3K4me1_frozen__zhihan1996_DNABERT-2-117M__20260514T122234Z,1,1,0.4059196412563324,0.5940803289413452
gue_emp_H3K4me1_frozen__zhihan1996_DNABERT-2-117M__20260514T122234Z,0,1,0.4278075098991394,0.5721924304962158
gue_emp_H3K4me1_frozen__zhihan1996_DNABERT-2-117M__20260514T122234Z,1,1,0.462268203496933,0.5377317667007446
gue_emp_H3K4me1_frozen__zhihan1996_DNABERT-2-117M__20260514T122234Z,0,0,0.5802926421165466,0.41970741748809814
gue_emp_H3K4me1_frozen__zhihan1996_DNABERT-2-117M__20260514T122234Z,0,0,0.5045689344406128,0.4954310953617096
gue_emp_H3K4me1_frozen__zhihan1996_DNABERT-2-117M__20260514T122234Z,1,0,0.5188166499137878,0.48118335008621216
gue_emp_H3K4me1_frozen__zhihan1996_DNABERT-2-117M__20260514T122234Z,1,1,0.4423504173755646,0.5576496124267578
gue_emp_H3K4me1_frozen__zhihan1996_DNABERT-2-117M__20260514T122234Z,0,0,0.5980480909347534,0.4019518792629242
gue_emp_H3K4me1_frozen__zhihan1996_DNABERT-2-117M__20260514T122234Z,1,1,0.4367121160030365,0.5632878541946411
gue_emp_H3K4me1_frozen__zhihan1996_DNABERT-2-117M__20260514T122234Z,0,1,0.45658770203590393,0.5434123277664185
gue_emp_H3K4me1_frozen__zhihan1996_DNABERT-2-117M__20260514T122234Z,0,1,0.4754454791545868,0.5245545506477356
gue_emp_H3K4me1_frozen__zhihan1996_DNABERT-2-117M__20260514T122234Z,1,1,0.3383503556251526,0.6616496443748474
gue_emp_H3K4me1_frozen__zhihan1996_DNABERT-2-117M__20260514T122234Z,0,1,0.45337149500846863,0.546628475189209
gue_emp_H3K4me1_frozen__zhihan1996_DNABERT-2-117M__20260514T122234Z,0,0,0.5539125204086304,0.44608747959136963
gue_emp_H3K4me1_frozen__zhihan1996_DNABERT-2-117M__20260514T122234Z,1,0,0.5541236400604248,0.4458763599395752
gue_emp_H3K4me1_frozen__zhihan1996_DNABERT-2-117M__20260514T122234Z,0,0,0.5517850518226624,0.44821491837501526
gue_emp_H3K4me1_frozen__zhihan1996_DNABERT-2-117M__20260514T122234Z,1,1,0.41273725032806396,0.587262749671936
gue_emp_H3K4me1_frozen__zhihan1996_DNABERT-2-117M__20260514T122234Z,1,0,0.5734395980834961,0.4265604615211487
gue_emp_H3K4me1_frozen__zhihan1996_DNABERT-2-117M__20260514T122234Z,0,1,0.38783523440361023,0.6121647953987122
gue_emp_H3K4me1_frozen__zhihan1996_DNABERT-2-117M__20260514T122234Z,1,1,0.3599826693534851,0.6400173902511597
gue_emp_H3K4me1_frozen__zhihan1996_DNABERT-2-117M__20260514T122234Z,0,1,0.49676138162612915,0.5032386183738708
gue_emp_H3K4me1_frozen__zhihan1996_DNABERT-2-117M__20260514T122234Z,0,0,0.58521968126297,0.41478031873703003
gue_emp_H3K4me1_frozen__zhihan1996_DNABERT-2-117M__20260514T122234Z,0,1,0.49601754546165466,0.503982424736023
gue_emp_H3K4me1_frozen__zhihan1996_DNABERT-2-117M__20260514T122234Z,0,1,0.46449920535087585,0.5355007648468018
gue_emp_H3K4me1_frozen__zhihan1996_DNABERT-2-117M__20260514T122234Z,1,0,0.5702415704727173,0.4297583997249603
gue_emp_H3K4me1_frozen__zhihan1996_DNABERT-2-117M__20260514T122234Z,1,1,0.36903080344200134,0.6309691667556763
gue_emp_H3K4me1_frozen__zhihan1996_DNABERT-2-117M__20260514T122234Z,0,0,0.5753195881843567,0.4246803820133209
gue_emp_H3K4me1_frozen__zhihan1996_DNABERT-2-117M__20260514T122234Z,0,1,0.4982605278491974,0.501739501953125
gue_emp_H3K4me1_frozen__zhihan1996_DNABERT-2-117M__20260514T122234Z,1,0,0.5636782050132751,0.43632176518440247
gue_emp_H3K4me1_frozen__zhihan1996_DNABERT-2-117M__20260514T122234Z,1,1,0.44946813583374023,0.5505318641662598
gue_emp_H3K4me1_frozen__zhihan1996_DNABERT-2-117M__20260514T122234Z,1,1,0.42033183574676514,0.5796681046485901
gue_emp_H3K4me1_frozen__zhihan1996_DNABERT-2-117M__20260514T122234Z,1,1,0.3930937349796295,0.6069062352180481
gue_emp_H3K4me1_frozen__zhihan1996_DNABERT-2-117M__20260514T122234Z,1,1,0.34207683801651,0.6579231023788452
gue_emp_H3K4me1_frozen__zhihan1996_DNABERT-2-117M__20260514T122234Z,1,1,0.4477319121360779,0.5522680878639221
gue_emp_H3K4me1_frozen__zhihan1996_DNABERT-2-117M__20260514T122234Z,1,0,0.5624619126319885,0.4375380575656891
gue_emp_H3K4me1_frozen__zhihan1996_DNABERT-2-117M__20260514T122234Z,1,1,0.4559479355812073,0.5440520644187927
gue_emp_H3K4me1_frozen__zhihan1996_DNABERT-2-117M__20260514T122234Z,0,0,0.5742604732513428,0.4257395267486572
gue_emp_H3K4me1_frozen__zhihan1996_DNABERT-2-117M__20260514T122234Z,0,1,0.4433292746543884,0.5566707253456116
gue_emp_H3K4me1_frozen__zhihan1996_DNABERT-2-117M__20260514T122234Z,0,0,0.5156161189079285,0.48438385128974915
gue_emp_H3K4me1_frozen__zhihan1996_DNABERT-2-117M__20260514T122234Z,1,1,0.3725908100605011,0.6274092197418213
gue_emp_H3K4me1_frozen__zhihan1996_DNABERT-2-117M__20260514T122234Z,1,1,0.4275759756565094,0.572424054145813
gue_emp_H3K4me1_frozen__zhihan1996_DNABERT-2-117M__20260514T122234Z,0,0,0.5139257907867432,0.48607420921325684
gue_emp_H3K4me1_frozen__zhihan1996_DNABERT-2-117M__20260514T122234Z,0,1,0.45406362414360046,0.5459363460540771
gue_emp_H3K4me1_frozen__zhihan1996_DNABERT-2-117M__20260514T122234Z,1,0,0.566288411617279,0.43371158838272095
gue_emp_H3K4me1_frozen__zhihan1996_DNABERT-2-117M__20260514T122234Z,0,0,0.5348098874092102,0.465190052986145
gue_emp_H3K4me1_frozen__zhihan1996_DNABERT-2-117M__20260514T122234Z,0,1,0.46253374218940735,0.537466287612915
gue_emp_H3K4me1_frozen__zhihan1996_DNABERT-2-117M__20260514T122234Z,0,0,0.5882683396339417,0.41173163056373596
gue_emp_H3K4me1_frozen__zhihan1996_DNABERT-2-117M__20260514T122234Z,0,0,0.5907349586486816,0.40926507115364075
gue_emp_H3K4me1_frozen__zhihan1996_DNABERT-2-117M__20260514T122234Z,0,0,0.5569117665290833,0.4430882930755615
gue_emp_H3K4me1_frozen__zhihan1996_DNABERT-2-117M__20260514T122234Z,1,0,0.5407533049583435,0.4592466354370117
gue_emp_H3K4me1_frozen__zhihan1996_DNABERT-2-117M__20260514T122234Z,1,0,0.5623567700386047,0.43764322996139526
gue_emp_H3K4me1_frozen__zhihan1996_DNABERT-2-117M__20260514T122234Z,1,0,0.5918412208557129,0.4081588089466095
gue_emp_H3K4me1_frozen__zhihan1996_DNABERT-2-117M__20260514T122234Z,0,0,0.5322731733322144,0.46772679686546326
gue_emp_H3K4me1_frozen__zhihan1996_DNABERT-2-117M__20260514T122234Z,1,1,0.38485434651374817,0.6151456236839294
gue_emp_H3K4me1_frozen__zhihan1996_DNABERT-2-117M__20260514T122234Z,1,1,0.4561750590801239,0.5438249707221985
gue_emp_H3K4me1_frozen__zhihan1996_DNABERT-2-117M__20260514T122234Z,1,1,0.4736039638519287,0.5263960361480713
gue_emp_H3K4me1_frozen__zhihan1996_DNABERT-2-117M__20260514T122234Z,0,0,0.5956836938858032,0.4043163061141968
gue_emp_H3K4me1_frozen__zhihan1996_DNABERT-2-117M__20260514T122234Z,1,0,0.5746932029724121,0.42530685663223267
gue_emp_H3K4me1_frozen__zhihan1996_DNABERT-2-117M__20260514T122234Z,1,1,0.4877334237098694,0.5122665762901306
gue_emp_H3K4me1_frozen__zhihan1996_DNABERT-2-117M__20260514T122234Z,1,1,0.36511704325675964,0.634882926940918
gue_emp_H3K4me1_frozen__zhihan1996_DNABERT-2-117M__20260514T122234Z,1,0,0.5816150307655334,0.41838496923446655
gue_emp_H3K4me1_frozen__zhihan1996_DNABERT-2-117M__20260514T122234Z,0,0,0.5670527815818787,0.4329472482204437
gue_emp_H3K4me1_frozen__zhihan1996_DNABERT-2-117M__20260514T122234Z,0,0,0.600364089012146,0.399635910987854
gue_emp_H3K4me1_frozen__zhihan1996_DNABERT-2-117M__20260514T122234Z,1,1,0.4801168739795685,0.5198831558227539
gue_emp_H3K4me1_frozen__zhihan1996_DNABERT-2-117M__20260514T122234Z,0,0,0.6379899382591248,0.36201012134552
gue_emp_H3K4me1_frozen__zhihan1996_DNABERT-2-117M__20260514T122234Z,1,1,0.4114951193332672,0.5885048508644104
gue_emp_H3K4me1_frozen__zhihan1996_DNABERT-2-117M__20260514T122234Z,0,0,0.5006332397460938,0.49936676025390625
gue_emp_H3K4me1_frozen__zhihan1996_DNABERT-2-117M__20260514T122234Z,1,0,0.5000534057617188,0.49994662404060364
gue_emp_H3K4me1_frozen__zhihan1996_DNABERT-2-117M__20260514T122234Z,0,1,0.47291168570518494,0.5270883440971375
gue_emp_H3K4me1_frozen__zhihan1996_DNABERT-2-117M__20260514T122234Z,1,0,0.5223963260650635,0.4776036739349365
gue_emp_H3K4me1_frozen__zhihan1996_DNABERT-2-117M__20260514T122234Z,1,1,0.4193209409713745,0.5806790590286255
gue_emp_H3K4me1_frozen__zhihan1996_DNABERT-2-117M__20260514T122234Z,1,0,0.5803223252296448,0.4196776747703552
gue_emp_H3K4me1_frozen__zhihan1996_DNABERT-2-117M__20260514T122234Z,1,1,0.4822462201118469,0.5177537798881531
gue_emp_H3K4me1_frozen__zhihan1996_DNABERT-2-117M__20260514T122234Z,1,0,0.5462995171546936,0.45370054244995117
gue_emp_H3K4me1_frozen__zhihan1996_DNABERT-2-117M__20260514T122234Z,1,1,0.42859208583831787,0.5714079141616821
gue_emp_H3K4me1_frozen__zhihan1996_DNABERT-2-117M__20260514T122234Z,0,1,0.46640506386756897,0.5335949659347534
gue_emp_H3K4me1_frozen__zhihan1996_DNABERT-2-117M__20260514T122234Z,0,0,0.5127021074295044,0.4872978925704956
gue_emp_H3K4me1_frozen__zhihan1996_DNABERT-2-117M__20260514T122234Z,0,0,0.5749168992042542,0.42508307099342346
gue_emp_H3K4me1_frozen__zhihan1996_DNABERT-2-117M__20260514T122234Z,1,0,0.6071100831031799,0.39288991689682007
gue_emp_H3K4me1_frozen__zhihan1996_DNABERT-2-117M__20260514T122234Z,1,1,0.49246272444725037,0.5075372457504272
gue_emp_H3K4me1_frozen__zhihan1996_DNABERT-2-117M__20260514T122234Z,1,1,0.41406935453414917,0.5859306454658508
gue_emp_H3K4me1_frozen__zhihan1996_DNABERT-2-117M__20260514T122234Z,1,0,0.5644436478614807,0.4355563819408417
gue_emp_H3K4me1_frozen__zhihan1996_DNABERT-2-117M__20260514T122234Z,1,0,0.5169346332550049,0.4830654263496399
gue_emp_H3K4me1_frozen__zhihan1996_DNABERT-2-117M__20260514T122234Z,1,1,0.45122069120407104,0.548779308795929
gue_emp_H3K4me1_frozen__zhihan1996_DNABERT-2-117M__20260514T122234Z,1,0,0.5165230631828308,0.4834769368171692
gue_emp_H3K4me1_frozen__zhihan1996_DNABERT-2-117M__20260514T122234Z,1,1,0.42659032344818115,0.5734097361564636
gue_emp_H3K4me1_frozen__zhihan1996_DNABERT-2-117M__20260514T122234Z,1,0,0.5800250172615051,0.41997501254081726
gue_emp_H3K4me1_frozen__zhihan1996_DNABERT-2-117M__20260514T122234Z,0,1,0.3990210294723511,0.6009790301322937
gue_emp_H3K4me1_frozen__zhihan1996_DNABERT-2-117M__20260514T122234Z,1,0,0.5919296741485596,0.4080703556537628
gue_emp_H3K4me1_frozen__zhihan1996_DNABERT-2-117M__20260514T122234Z,1,1,0.3392801284790039,0.6607198715209961
gue_emp_H3K4me1_frozen__zhihan1996_DNABERT-2-117M__20260514T122234Z,0,0,0.5544704794883728,0.4455295503139496
gue_emp_H3K4me1_frozen__zhihan1996_DNABERT-2-117M__20260514T122234Z,0,0,0.5990747213363647,0.40092527866363525
gue_emp_H3K4me1_frozen__zhihan1996_DNABERT-2-117M__20260514T122234Z,1,0,0.5188071131706238,0.4811929166316986
gue_emp_H3K4me1_frozen__zhihan1996_DNABERT-2-117M__20260514T122234Z,1,1,0.4811490774154663,0.5188509225845337
gue_emp_H3K4me1_frozen__zhihan1996_DNABERT-2-117M__20260514T122234Z,1,1,0.46576905250549316,0.5342309474945068
gue_emp_H3K4me1_frozen__zhihan1996_DNABERT-2-117M__20260514T122234Z,1,0,0.526080310344696,0.47391974925994873
gue_emp_H3K4me1_frozen__zhihan1996_DNABERT-2-117M__20260514T122234Z,0,0,0.5190185308456421,0.4809814691543579
gue_emp_H3K4me1_frozen__zhihan1996_DNABERT-2-117M__20260514T122234Z,1,0,0.5127002000808716,0.48729977011680603
gue_emp_H3K4me1_frozen__zhihan1996_DNABERT-2-117M__20260514T122234Z,1,1,0.3980846703052521,0.6019153594970703
gue_emp_H3K4me1_frozen__zhihan1996_DNABERT-2-117M__20260514T122234Z,0,0,0.5670977234840393,0.4329022765159607
gue_emp_H3K4me1_frozen__zhihan1996_DNABERT-2-117M__20260514T122234Z,0,0,0.5958454012870789,0.4041546583175659
gue_emp_H3K4me1_frozen__zhihan1996_DNABERT-2-117M__20260514T122234Z,1,0,0.5106375813484192,0.4893624186515808
gue_emp_H3K4me1_frozen__zhihan1996_DNABERT-2-117M__20260514T122234Z,1,0,0.5110303163528442,0.48896968364715576
gue_emp_H3K4me1_frozen__zhihan1996_DNABERT-2-117M__20260514T122234Z,1,1,0.4837322533130646,0.5162677764892578
gue_emp_H3K4me1_frozen__zhihan1996_DNABERT-2-117M__20260514T122234Z,1,1,0.44754329323768616,0.5524567365646362
gue_emp_H3K4me1_frozen__zhihan1996_DNABERT-2-117M__20260514T122234Z,1,1,0.32327327132225037,0.6767266988754272
gue_emp_H3K4me1_frozen__zhihan1996_DNABERT-2-117M__20260514T122234Z,0,0,0.5130661725997925,0.4869338274002075
gue_emp_H3K4me1_frozen__zhihan1996_DNABERT-2-117M__20260514T122234Z,1,0,0.504348635673523,0.49565136432647705
gue_emp_H3K4me1_frozen__zhihan1996_DNABERT-2-117M__20260514T122234Z,1,0,0.5206258296966553,0.4793741703033447
gue_emp_H3K4me1_frozen__zhihan1996_DNABERT-2-117M__20260514T122234Z,1,0,0.5591095685958862,0.44089049100875854
gue_emp_H3K4me1_frozen__zhihan1996_DNABERT-2-117M__20260514T122234Z,0,1,0.47747039794921875,0.5225296020507812
gue_emp_H3K4me1_frozen__zhihan1996_DNABERT-2-117M__20260514T122234Z,0,1,0.4864230453968048,0.5135769844055176
gue_emp_H3K4me1_frozen__zhihan1996_DNABERT-2-117M__20260514T122234Z,1,1,0.37125059962272644,0.628749430179596
gue_emp_H3K4me1_frozen__zhihan1996_DNABERT-2-117M__20260514T122234Z,1,0,0.5837966799736023,0.4162032902240753
gue_emp_H3K4me1_frozen__zhihan1996_DNABERT-2-117M__20260514T122234Z,1,0,0.6161277890205383,0.38387227058410645
gue_emp_H3K4me1_frozen__zhihan1996_DNABERT-2-117M__20260514T122234Z,0,0,0.5154027342796326,0.4845973253250122
gue_emp_H3K4me1_frozen__zhihan1996_DNABERT-2-117M__20260514T122234Z,1,1,0.29844024777412415,0.7015597224235535
gue_emp_H3K4me1_frozen__zhihan1996_DNABERT-2-117M__20260514T122234Z,1,0,0.5063778162002563,0.49362218379974365
gue_emp_H3K4me1_frozen__zhihan1996_DNABERT-2-117M__20260514T122234Z,1,0,0.5635581612586975,0.43644189834594727
gue_emp_H3K4me1_frozen__zhihan1996_DNABERT-2-117M__20260514T122234Z,0,0,0.5218480825424194,0.4781518876552582
gue_emp_H3K4me1_frozen__zhihan1996_DNABERT-2-117M__20260514T122234Z,1,1,0.4852261543273926,0.5147738456726074
gue_emp_H3K4me1_frozen__zhihan1996_DNABERT-2-117M__20260514T122234Z,1,0,0.5158295035362244,0.48417046666145325
gue_emp_H3K4me1_frozen__zhihan1996_DNABERT-2-117M__20260514T122234Z,1,1,0.46519386768341064,0.5348061323165894
gue_emp_H3K4me1_frozen__zhihan1996_DNABERT-2-117M__20260514T122234Z,0,0,0.5193861126899719,0.4806138575077057
gue_emp_H3K4me1_frozen__zhihan1996_DNABERT-2-117M__20260514T122234Z,1,1,0.4828405976295471,0.5171594023704529
gue_emp_H3K4me1_frozen__zhihan1996_DNABERT-2-117M__20260514T122234Z,1,0,0.5353413820266724,0.46465864777565
gue_emp_H3K4me1_frozen__zhihan1996_DNABERT-2-117M__20260514T122234Z,1,1,0.45080509781837463,0.549194872379303
gue_emp_H3K4me1_frozen__zhihan1996_DNABERT-2-117M__20260514T122234Z,1,1,0.4177464544773102,0.5822535157203674
gue_emp_H3K4me1_frozen__zhihan1996_DNABERT-2-117M__20260514T122234Z,1,1,0.4977684020996094,0.5022315979003906
gue_emp_H3K4me1_frozen__zhihan1996_DNABERT-2-117M__20260514T122234Z,0,0,0.5098406672477722,0.4901593327522278
gue_emp_H3K4me1_frozen__zhihan1996_DNABERT-2-117M__20260514T122234Z,0,0,0.5839746594429016,0.4160253703594208
gue_emp_H3K4me1_frozen__zhihan1996_DNABERT-2-117M__20260514T122234Z,1,1,0.4929775893688202,0.5070224404335022
gue_emp_H3K4me1_frozen__zhihan1996_DNABERT-2-117M__20260514T122234Z,0,0,0.5607187151908875,0.4392812252044678
gue_emp_H3K4me1_frozen__zhihan1996_DNABERT-2-117M__20260514T122234Z,1,1,0.4310452342033386,0.5689547657966614
gue_emp_H3K4me1_frozen__zhihan1996_DNABERT-2-117M__20260514T122234Z,0,1,0.42765066027641296,0.5723493099212646
gue_emp_H3K4me1_frozen__zhihan1996_DNABERT-2-117M__20260514T122234Z,1,1,0.4750649333000183,0.5249350666999817
gue_emp_H3K4me1_frozen__zhihan1996_DNABERT-2-117M__20260514T122234Z,1,0,0.5859454870223999,0.4140545427799225
gue_emp_H3K4me1_frozen__zhihan1996_DNABERT-2-117M__20260514T122234Z,0,0,0.5631827712059021,0.4368172287940979
gue_emp_H3K4me1_frozen__zhihan1996_DNABERT-2-117M__20260514T122234Z,0,1,0.40889620780944824,0.5911037921905518
gue_emp_H3K4me1_frozen__zhihan1996_DNABERT-2-117M__20260514T122234Z,1,0,0.5620713233947754,0.4379286468029022
gue_emp_H3K4me1_frozen__zhihan1996_DNABERT-2-117M__20260514T122234Z,1,1,0.4103426933288574,0.5896573066711426
gue_emp_H3K4me1_frozen__zhihan1996_DNABERT-2-117M__20260514T122234Z,0,0,0.5955219268798828,0.4044780731201172
gue_emp_H3K4me1_frozen__zhihan1996_DNABERT-2-117M__20260514T122234Z,0,1,0.47701358795166016,0.5229864120483398
gue_emp_H3K4me1_frozen__zhihan1996_DNABERT-2-117M__20260514T122234Z,0,1,0.4329022765159607,0.5670977234840393
gue_emp_H3K4me1_frozen__zhihan1996_DNABERT-2-117M__20260514T122234Z,0,0,0.5524642467498779,0.4475357234477997
gue_emp_H3K4me1_frozen__zhihan1996_DNABERT-2-117M__20260514T122234Z,0,0,0.6053325533866882,0.39466747641563416
gue_emp_H3K4me1_frozen__zhihan1996_DNABERT-2-117M__20260514T122234Z,1,1,0.46368709206581116,0.5363128781318665
gue_emp_H3K4me1_frozen__zhihan1996_DNABERT-2-117M__20260514T122234Z,0,1,0.4222961664199829,0.5777038931846619
gue_emp_H3K4me1_frozen__zhihan1996_DNABERT-2-117M__20260514T122234Z,0,0,0.5522680878639221,0.4477319121360779
gue_emp_H3K4me1_frozen__zhihan1996_DNABERT-2-117M__20260514T122234Z,0,0,0.5602526664733887,0.43974730372428894
gue_emp_H3K4me1_frozen__zhihan1996_DNABERT-2-117M__20260514T122234Z,1,1,0.3433968126773834,0.656603217124939
gue_emp_H3K4me1_frozen__zhihan1996_DNABERT-2-117M__20260514T122234Z,1,0,0.5130699872970581,0.4869299829006195
gue_emp_H3K4me1_frozen__zhihan1996_DNABERT-2-117M__20260514T122234Z,1,1,0.4309404492378235,0.5690595507621765
gue_emp_H3K4me1_frozen__zhihan1996_DNABERT-2-117M__20260514T122234Z,1,1,0.39948946237564087,0.6005104780197144
gue_emp_H3K4me1_frozen__zhihan1996_DNABERT-2-117M__20260514T122234Z,0,0,0.5262666940689087,0.4737333059310913
gue_emp_H3K4me1_frozen__zhihan1996_DNABERT-2-117M__20260514T122234Z,1,1,0.3737329840660095,0.6262670755386353
gue_emp_H3K4me1_frozen__zhihan1996_DNABERT-2-117M__20260514T122234Z,0,1,0.4623706340789795,0.5376293659210205
gue_emp_H3K4me1_frozen__zhihan1996_DNABERT-2-117M__20260514T122234Z,1,1,0.46990033984184265,0.530099630355835
gue_emp_H3K4me1_frozen__zhihan1996_DNABERT-2-117M__20260514T122234Z,0,1,0.3947550058364868,0.6052449941635132
gue_emp_H3K4me1_frozen__zhihan1996_DNABERT-2-117M__20260514T122234Z,1,0,0.5292102098464966,0.4707898199558258
gue_emp_H3K4me1_frozen__zhihan1996_DNABERT-2-117M__20260514T122234Z,1,1,0.48495936393737793,0.5150406360626221
gue_emp_H3K4me1_frozen__zhihan1996_DNABERT-2-117M__20260514T122234Z,1,0,0.5763631463050842,0.4236368238925934
gue_emp_H3K4me1_frozen__zhihan1996_DNABERT-2-117M__20260514T122234Z,0,0,0.5858714580535889,0.4141286015510559
gue_emp_H3K4me1_frozen__zhihan1996_DNABERT-2-117M__20260514T122234Z,0,1,0.4520256221294403,0.5479744076728821
gue_emp_H3K4me1_frozen__zhihan1996_DNABERT-2-117M__20260514T122234Z,1,0,0.5437984466552734,0.45620155334472656
gue_emp_H3K4me1_frozen__zhihan1996_DNABERT-2-117M__20260514T122234Z,0,0,0.5162334442138672,0.4837665557861328
gue_emp_H3K4me1_frozen__zhihan1996_DNABERT-2-117M__20260514T122234Z,0,1,0.48815757036209106,0.5118424296379089
gue_emp_H3K4me1_frozen__zhihan1996_DNABERT-2-117M__20260514T122234Z,0,0,0.5147891044616699,0.48521092534065247
gue_emp_H3K4me1_frozen__zhihan1996_DNABERT-2-117M__20260514T122234Z,0,1,0.45832598209381104,0.541674017906189
gue_emp_H3K4me1_frozen__zhihan1996_DNABERT-2-117M__20260514T122234Z,0,0,0.5581614375114441,0.4418385326862335
gue_emp_H3K4me1_frozen__zhihan1996_DNABERT-2-117M__20260514T122234Z,1,1,0.31289464235305786,0.6871053576469421
gue_emp_H3K4me1_frozen__zhihan1996_DNABERT-2-117M__20260514T122234Z,0,0,0.5265881419181824,0.47341188788414
gue_emp_H3K4me1_frozen__zhihan1996_DNABERT-2-117M__20260514T122234Z,0,0,0.5630176067352295,0.4369823932647705
gue_emp_H3K4me1_frozen__zhihan1996_DNABERT-2-117M__20260514T122234Z,1,1,0.4731779396533966,0.5268220901489258
gue_emp_H3K4me1_frozen__zhihan1996_DNABERT-2-117M__20260514T122234Z,1,1,0.3554392457008362,0.6445608139038086
gue_emp_H3K4me1_frozen__zhihan1996_DNABERT-2-117M__20260514T122234Z,0,1,0.43779346346855164,0.562206506729126
gue_emp_H3K4me1_frozen__zhihan1996_DNABERT-2-117M__20260514T122234Z,0,1,0.4685085415840149,0.5314915180206299
gue_emp_H3K4me1_frozen__zhihan1996_DNABERT-2-117M__20260514T122234Z,1,0,0.5181233286857605,0.4818767011165619
gue_emp_H3K4me1_frozen__zhihan1996_DNABERT-2-117M__20260514T122234Z,0,0,0.5996609330177307,0.4003390073776245
gue_emp_H3K4me1_frozen__zhihan1996_DNABERT-2-117M__20260514T122234Z,1,1,0.4857064187526703,0.5142935514450073
gue_emp_H3K4me1_frozen__zhihan1996_DNABERT-2-117M__20260514T122234Z,0,1,0.3812195360660553,0.6187804341316223
gue_emp_H3K4me1_frozen__zhihan1996_DNABERT-2-117M__20260514T122234Z,1,0,0.5589740872383118,0.44102588295936584
gue_emp_H3K4me1_frozen__zhihan1996_DNABERT-2-117M__20260514T122234Z,1,0,0.561860978603363,0.4381389915943146
gue_emp_H3K4me1_frozen__zhihan1996_DNABERT-2-117M__20260514T122234Z,0,1,0.45179128646850586,0.5482086539268494
gue_emp_H3K4me1_frozen__zhihan1996_DNABERT-2-117M__20260514T122234Z,0,0,0.5626571774482727,0.4373428225517273
gue_emp_H3K4me1_frozen__zhihan1996_DNABERT-2-117M__20260514T122234Z,0,0,0.5790136456489563,0.4209863543510437
gue_emp_H3K4me1_frozen__zhihan1996_DNABERT-2-117M__20260514T122234Z,1,0,0.5812140107154846,0.41878604888916016
gue_emp_H3K4me1_frozen__zhihan1996_DNABERT-2-117M__20260514T122234Z,1,0,0.5652837157249451,0.43471625447273254
gue_emp_H3K4me1_frozen__zhihan1996_DNABERT-2-117M__20260514T122234Z,1,0,0.5759159922599792,0.42408397793769836
gue_emp_H3K4me1_frozen__zhihan1996_DNABERT-2-117M__20260514T122234Z,0,1,0.49523937702178955,0.5047606229782104
gue_emp_H3K4me1_frozen__zhihan1996_DNABERT-2-117M__20260514T122234Z,0,0,0.6139890551567078,0.3860109746456146
gue_emp_H3K4me1_frozen__zhihan1996_DNABERT-2-117M__20260514T122234Z,0,1,0.48331308364868164,0.5166869163513184
gue_emp_H3K4me1_frozen__zhihan1996_DNABERT-2-117M__20260514T122234Z,0,1,0.4635239243507385,0.5364760756492615
gue_emp_H3K4me1_frozen__zhihan1996_DNABERT-2-117M__20260514T122234Z,1,0,0.5559890270233154,0.44401097297668457
gue_emp_H3K4me1_frozen__zhihan1996_DNABERT-2-117M__20260514T122234Z,1,0,0.6212249994277954,0.3787750005722046
gue_emp_H3K4me1_frozen__zhihan1996_DNABERT-2-117M__20260514T122234Z,1,1,0.4860685169696808,0.5139314532279968
gue_emp_H3K4me1_frozen__zhihan1996_DNABERT-2-117M__20260514T122234Z,1,1,0.32402145862579346,0.6759784817695618
gue_emp_H3K4me1_frozen__zhihan1996_DNABERT-2-117M__20260514T122234Z,1,0,0.6024709343910217,0.3975290060043335
gue_emp_H3K4me1_frozen__zhihan1996_DNABERT-2-117M__20260514T122234Z,0,0,0.6001297831535339,0.39987021684646606
gue_emp_H3K4me1_frozen__zhihan1996_DNABERT-2-117M__20260514T122234Z,0,0,0.5787457823753357,0.42125415802001953
gue_emp_H3K4me1_frozen__zhihan1996_DNABERT-2-117M__20260514T122234Z,0,0,0.5998660922050476,0.4001339077949524
gue_emp_H3K4me1_frozen__zhihan1996_DNABERT-2-117M__20260514T122234Z,0,0,0.5412213206291199,0.4587786793708801
gue_emp_H3K4me1_frozen__zhihan1996_DNABERT-2-117M__20260514T122234Z,0,1,0.45997050404548645,0.5400295257568359
gue_emp_H3K4me1_frozen__zhihan1996_DNABERT-2-117M__20260514T122234Z,1,0,0.5887561440467834,0.41124385595321655
gue_emp_H3K4me1_frozen__zhihan1996_DNABERT-2-117M__20260514T122234Z,0,1,0.44296780228614807,0.5570322275161743
gue_emp_H3K4me1_frozen__zhihan1996_DNABERT-2-117M__20260514T122234Z,0,0,0.6219141483306885,0.3780858516693115
gue_emp_H3K4me1_frozen__zhihan1996_DNABERT-2-117M__20260514T122234Z,0,1,0.3861556351184845,0.6138443350791931
gue_emp_H3K4me1_frozen__zhihan1996_DNABERT-2-117M__20260514T122234Z,1,1,0.3580162823200226,0.641983687877655
gue_emp_H3K4me1_frozen__zhihan1996_DNABERT-2-117M__20260514T122234Z,1,1,0.3716495931148529,0.6283503770828247
gue_emp_H3K4me1_frozen__zhihan1996_DNABERT-2-117M__20260514T122234Z,1,0,0.5558571815490723,0.44414281845092773
gue_emp_H3K4me1_frozen__zhihan1996_DNABERT-2-117M__20260514T122234Z,0,0,0.545225203037262,0.4547748267650604
gue_emp_H3K4me1_frozen__zhihan1996_DNABERT-2-117M__20260514T122234Z,1,0,0.5150368213653564,0.48496317863464355
gue_emp_H3K4me1_frozen__zhihan1996_DNABERT-2-117M__20260514T122234Z,1,1,0.4953881800174713,0.5046118497848511
gue_emp_H3K4me1_frozen__zhihan1996_DNABERT-2-117M__20260514T122234Z,1,1,0.4901212155818939,0.5098787546157837
gue_emp_H3K4me1_frozen__zhihan1996_DNABERT-2-117M__20260514T122234Z,1,1,0.41362518072128296,0.586374819278717
gue_emp_H3K4me1_frozen__zhihan1996_DNABERT-2-117M__20260514T122234Z,1,0,0.5524039268493652,0.44759613275527954
gue_emp_H3K4me1_frozen__zhihan1996_DNABERT-2-117M__20260514T122234Z,0,0,0.5105842351913452,0.4894157946109772
gue_emp_H3K4me1_frozen__zhihan1996_DNABERT-2-117M__20260514T122234Z,0,1,0.48712441325187683,0.5128756165504456
gue_emp_H3K4me1_frozen__zhihan1996_DNABERT-2-117M__20260514T122234Z,1,1,0.42869672179222107,0.5713032484054565
gue_emp_H3K4me1_frozen__zhihan1996_DNABERT-2-117M__20260514T122234Z,0,1,0.4846392273902893,0.5153607726097107
gue_emp_H3K4me1_frozen__zhihan1996_DNABERT-2-117M__20260514T122234Z,1,1,0.4959641396999359,0.5040358304977417
gue_emp_H3K4me1_frozen__zhihan1996_DNABERT-2-117M__20260514T122234Z,0,0,0.5502297878265381,0.4497702121734619
gue_emp_H3K4me1_frozen__zhihan1996_DNABERT-2-117M__20260514T122234Z,1,0,0.5091046690940857,0.4908953011035919
gue_emp_H3K4me1_frozen__zhihan1996_DNABERT-2-117M__20260514T122234Z,1,0,0.5295523405075073,0.47044768929481506
gue_emp_H3K4me1_frozen__zhihan1996_DNABERT-2-117M__20260514T122234Z,1,1,0.47021201252937317,0.5297880172729492
gue_emp_H3K4me1_frozen__zhihan1996_DNABERT-2-117M__20260514T122234Z,0,0,0.5097224712371826,0.4902775287628174
gue_emp_H3K4me1_frozen__zhihan1996_DNABERT-2-117M__20260514T122234Z,0,0,0.5792368054389954,0.42076316475868225
gue_emp_H3K4me1_frozen__zhihan1996_DNABERT-2-117M__20260514T122234Z,1,0,0.5324403047561646,0.4675596356391907
gue_emp_H3K4me1_frozen__zhihan1996_DNABERT-2-117M__20260514T122234Z,1,1,0.3260568082332611,0.6739432215690613
gue_emp_H3K4me1_frozen__zhihan1996_DNABERT-2-117M__20260514T122234Z,0,1,0.46496516466140747,0.5350348353385925
gue_emp_H3K4me1_frozen__zhihan1996_DNABERT-2-117M__20260514T122234Z,0,0,0.5334126353263855,0.4665873348712921
gue_emp_H3K4me1_frozen__zhihan1996_DNABERT-2-117M__20260514T122234Z,1,1,0.4989166259765625,0.5010833740234375
gue_emp_H3K4me1_frozen__zhihan1996_DNABERT-2-117M__20260514T122234Z,0,0,0.6122806668281555,0.3877193033695221
gue_emp_H3K4me1_frozen__zhihan1996_DNABERT-2-117M__20260514T122234Z,1,0,0.5134283304214478,0.48657166957855225
gue_emp_H3K4me1_frozen__zhihan1996_DNABERT-2-117M__20260514T122234Z,1,1,0.4876047670841217,0.5123952627182007
gue_emp_H3K4me1_frozen__zhihan1996_DNABERT-2-117M__20260514T122234Z,0,1,0.4739273190498352,0.5260726809501648
gue_emp_H3K4me1_frozen__zhihan1996_DNABERT-2-117M__20260514T122234Z,1,1,0.38606885075569153,0.6139311790466309
gue_emp_H3K4me1_frozen__zhihan1996_DNABERT-2-117M__20260514T122234Z,1,0,0.5487037301063538,0.45129629969596863
gue_emp_H3K4me1_frozen__zhihan1996_DNABERT-2-117M__20260514T122234Z,0,0,0.5022582411766052,0.49774169921875
gue_emp_H3K4me1_frozen__zhihan1996_DNABERT-2-117M__20260514T122234Z,0,1,0.4765073359012604,0.523492693901062
gue_emp_H3K4me1_frozen__zhihan1996_DNABERT-2-117M__20260514T122234Z,0,0,0.563948392868042,0.4360515773296356
gue_emp_H3K4me1_frozen__zhihan1996_DNABERT-2-117M__20260514T122234Z,1,1,0.4717593491077423,0.5282406210899353
gue_emp_H3K4me1_frozen__zhihan1996_DNABERT-2-117M__20260514T122234Z,1,0,0.5539728403091431,0.44602712988853455
gue_emp_H3K4me1_frozen__zhihan1996_DNABERT-2-117M__20260514T122234Z,1,0,0.5738425850868225,0.4261573851108551
gue_emp_H3K4me1_frozen__zhihan1996_DNABERT-2-117M__20260514T122234Z,1,0,0.5348554849624634,0.4651445150375366
gue_emp_H3K4me1_frozen__zhihan1996_DNABERT-2-117M__20260514T122234Z,1,0,0.5274230241775513,0.4725770056247711
gue_emp_H3K4me1_frozen__zhihan1996_DNABERT-2-117M__20260514T122234Z,1,0,0.5727078914642334,0.4272921681404114
gue_emp_H3K4me1_frozen__zhihan1996_DNABERT-2-117M__20260514T122234Z,1,1,0.4944765567779541,0.5055235028266907
gue_emp_H3K4me1_frozen__zhihan1996_DNABERT-2-117M__20260514T122234Z,1,0,0.5027007460594177,0.4972992539405823
gue_emp_H3K4me1_frozen__zhihan1996_DNABERT-2-117M__20260514T122234Z,1,0,0.5037078261375427,0.4962921738624573
gue_emp_H3K4me1_frozen__zhihan1996_DNABERT-2-117M__20260514T122234Z,0,0,0.5637682676315308,0.43623173236846924
gue_emp_H3K4me1_frozen__zhihan1996_DNABERT-2-117M__20260514T122234Z,1,0,0.588682234287262,0.41131776571273804
gue_emp_H3K4me1_frozen__zhihan1996_DNABERT-2-117M__20260514T122234Z,0,0,0.5829066038131714,0.4170933663845062
gue_emp_H3K4me1_frozen__zhihan1996_DNABERT-2-117M__20260514T122234Z,1,1,0.4981575012207031,0.5018424987792969
gue_emp_H3K4me1_frozen__zhihan1996_DNABERT-2-117M__20260514T122234Z,0,0,0.566138505935669,0.43386152386665344
gue_emp_H3K4me1_frozen__zhihan1996_DNABERT-2-117M__20260514T122234Z,1,0,0.5002861022949219,0.4997138977050781
gue_emp_H3K4me1_frozen__zhihan1996_DNABERT-2-117M__20260514T122234Z,0,1,0.3665896952152252,0.6334102749824524
gue_emp_H3K4me1_frozen__zhihan1996_DNABERT-2-117M__20260514T122234Z,1,1,0.4822195768356323,0.5177804231643677
gue_emp_H3K4me1_frozen__zhihan1996_DNABERT-2-117M__20260514T122234Z,1,1,0.4251725673675537,0.5748273730278015
gue_emp_H3K4me1_frozen__zhihan1996_DNABERT-2-117M__20260514T122234Z,0,0,0.5134245157241821,0.48657551407814026
gue_emp_H3K4me1_frozen__zhihan1996_DNABERT-2-117M__20260514T122234Z,1,1,0.39671069383621216,0.6032892465591431
gue_emp_H3K4me1_frozen__zhihan1996_DNABERT-2-117M__20260514T122234Z,1,0,0.57478266954422,0.42521730065345764
gue_emp_H3K4me1_frozen__zhihan1996_DNABERT-2-117M__20260514T122234Z,0,1,0.44589143991470337,0.5541086196899414
gue_emp_H3K4me1_frozen__zhihan1996_DNABERT-2-117M__20260514T122234Z,1,1,0.44881880283355713,0.5511811971664429
gue_emp_H3K4me1_frozen__zhihan1996_DNABERT-2-117M__20260514T122234Z,0,0,0.5248779654502869,0.47512203454971313
gue_emp_H3K4me1_frozen__zhihan1996_DNABERT-2-117M__20260514T122234Z,1,0,0.6270666718482971,0.3729332983493805
gue_emp_H3K4me1_frozen__zhihan1996_DNABERT-2-117M__20260514T122234Z,1,0,0.5087347626686096,0.491265207529068
gue_emp_H3K4me1_frozen__zhihan1996_DNABERT-2-117M__20260514T122234Z,0,1,0.42265352606773376,0.5773464441299438
gue_emp_H3K4me1_frozen__zhihan1996_DNABERT-2-117M__20260514T122234Z,1,0,0.6242935061454773,0.3757064640522003
gue_emp_H3K4me1_frozen__zhihan1996_DNABERT-2-117M__20260514T122234Z,1,0,0.5388466715812683,0.4611532688140869
gue_emp_H3K4me1_frozen__zhihan1996_DNABERT-2-117M__20260514T122234Z,0,1,0.44229018688201904,0.557709813117981
gue_emp_H3K4me1_frozen__zhihan1996_DNABERT-2-117M__20260514T122234Z,0,0,0.538179337978363,0.46182069182395935
gue_emp_H3K4me1_frozen__zhihan1996_DNABERT-2-117M__20260514T122234Z,1,1,0.42054009437561035,0.5794599056243896
gue_emp_H3K4me1_frozen__zhihan1996_DNABERT-2-117M__20260514T122234Z,0,0,0.6095823049545288,0.39041775465011597
gue_emp_H3K4me1_frozen__zhihan1996_DNABERT-2-117M__20260514T122234Z,1,0,0.5354931354522705,0.4645068347454071
gue_emp_H3K4me1_frozen__zhihan1996_DNABERT-2-117M__20260514T122234Z,0,1,0.4114803373813629,0.5885196328163147
gue_emp_H3K4me1_frozen__zhihan1996_DNABERT-2-117M__20260514T122234Z,0,0,0.5778229832649231,0.4221770167350769
gue_emp_H3K4me1_frozen__zhihan1996_DNABERT-2-117M__20260514T122234Z,0,0,0.6092336177825928,0.3907664120197296
gue_emp_H3K4me1_frozen__zhihan1996_DNABERT-2-117M__20260514T122234Z,0,0,0.5027618408203125,0.4972381889820099
gue_emp_H3K4me1_frozen__zhihan1996_DNABERT-2-117M__20260514T122234Z,1,1,0.49238643050193787,0.5076135396957397
gue_emp_H3K4me1_frozen__zhihan1996_DNABERT-2-117M__20260514T122234Z,1,1,0.3777414858341217,0.6222584843635559
gue_emp_H3K4me1_frozen__zhihan1996_DNABERT-2-117M__20260514T122234Z,1,0,0.5598917007446289,0.4401082396507263
gue_emp_H3K4me1_frozen__zhihan1996_DNABERT-2-117M__20260514T122234Z,0,0,0.5657036304473877,0.4342963397502899
gue_emp_H3K4me1_frozen__zhihan1996_DNABERT-2-117M__20260514T122234Z,0,0,0.5487037301063538,0.45129629969596863
gue_emp_H3K4me1_frozen__zhihan1996_DNABERT-2-117M__20260514T122234Z,0,0,0.5082599520683289,0.49174001812934875
gue_emp_H3K4me1_frozen__zhihan1996_DNABERT-2-117M__20260514T122234Z,0,0,0.5324403047561646,0.4675596356391907
gue_emp_H3K4me1_frozen__zhihan1996_DNABERT-2-117M__20260514T122234Z,0,1,0.4876505434513092,0.5123494863510132
gue_emp_H3K4me1_frozen__zhihan1996_DNABERT-2-117M__20260514T122234Z,0,1,0.49218812584877014,0.5078119039535522
gue_emp_H3K4me1_frozen__zhihan1996_DNABERT-2-117M__20260514T122234Z,1,0,0.5530376434326172,0.4469623863697052
gue_emp_H3K4me1_frozen__zhihan1996_DNABERT-2-117M__20260514T122234Z,0,1,0.4139508903026581,0.5860491394996643
gue_emp_H3K4me1_frozen__zhihan1996_DNABERT-2-117M__20260514T122234Z,1,0,0.5435770153999329,0.4564230144023895
gue_emp_H3K4me1_frozen__zhihan1996_DNABERT-2-117M__20260514T122234Z,0,0,0.5710790157318115,0.4289209544658661
gue_emp_H3K4me1_frozen__zhihan1996_DNABERT-2-117M__20260514T122234Z,1,0,0.5489757657051086,0.45102426409721375
gue_emp_H3K4me1_frozen__zhihan1996_DNABERT-2-117M__20260514T122234Z,0,0,0.5151016116142273,0.4848984181880951
gue_emp_H3K4me1_frozen__zhihan1996_DNABERT-2-117M__20260514T122234Z,0,1,0.39922595024108887,0.6007740497589111
gue_emp_H3K4me1_frozen__zhihan1996_DNABERT-2-117M__20260514T122234Z,0,0,0.5655087232589722,0.43449124693870544
gue_emp_H3K4me1_frozen__zhihan1996_DNABERT-2-117M__20260514T122234Z,1,1,0.4792218804359436,0.5207781195640564
gue_emp_H3K4me1_frozen__zhihan1996_DNABERT-2-117M__20260514T122234Z,0,1,0.36285629868507385,0.6371436715126038
gue_emp_H3K4me1_frozen__zhihan1996_DNABERT-2-117M__20260514T122234Z,1,0,0.5025787353515625,0.4974212944507599
gue_emp_H3K4me1_frozen__zhihan1996_DNABERT-2-117M__20260514T122234Z,0,0,0.5669029355049133,0.43309709429740906
gue_emp_H3K4me1_frozen__zhihan1996_DNABERT-2-117M__20260514T122234Z,1,1,0.4959135949611664,0.5040863752365112
gue_emp_H3K4me1_frozen__zhihan1996_DNABERT-2-117M__20260514T122234Z,1,1,0.49030423164367676,0.5096957683563232
gue_emp_H3K4me1_frozen__zhihan1996_DNABERT-2-117M__20260514T122234Z,1,1,0.4836360216140747,0.5163639783859253
gue_emp_H3K4me1_frozen__zhihan1996_DNABERT-2-117M__20260514T122234Z,1,1,0.4481545388698578,0.5518454313278198
gue_emp_H3K4me1_frozen__zhihan1996_DNABERT-2-117M__20260514T122234Z,0,0,0.5759755969047546,0.4240243434906006
gue_emp_H3K4me1_frozen__zhihan1996_DNABERT-2-117M__20260514T122234Z,1,1,0.3909408152103424,0.60905921459198
gue_emp_H3K4me1_frozen__zhihan1996_DNABERT-2-117M__20260514T122234Z,0,0,0.5777783393859863,0.42222169041633606
gue_emp_H3K4me1_frozen__zhihan1996_DNABERT-2-117M__20260514T122234Z,1,1,0.46042534708976746,0.5395746827125549
gue_emp_H3K4me1_frozen__zhihan1996_DNABERT-2-117M__20260514T122234Z,1,1,0.4473244845867157,0.5526755452156067
gue_emp_H3K4me1_frozen__zhihan1996_DNABERT-2-117M__20260514T122234Z,0,1,0.49451470375061035,0.5054853558540344
gue_emp_H3K4me1_frozen__zhihan1996_DNABERT-2-117M__20260514T122234Z,1,1,0.4556792676448822,0.5443207621574402
gue_emp_H3K4me1_frozen__zhihan1996_DNABERT-2-117M__20260514T122234Z,0,1,0.4991416931152344,0.5008583068847656
gue_emp_H3K4me1_frozen__zhihan1996_DNABERT-2-117M__20260514T122234Z,0,0,0.5036010146141052,0.4963989853858948
gue_emp_H3K4me1_frozen__zhihan1996_DNABERT-2-117M__20260514T122234Z,1,1,0.3195990025997162,0.6804009675979614
gue_emp_H3K4me1_frozen__zhihan1996_DNABERT-2-117M__20260514T122234Z,0,0,0.5516794323921204,0.448320597410202
gue_emp_H3K4me1_frozen__zhihan1996_DNABERT-2-117M__20260514T122234Z,0,0,0.5462540984153748,0.45374590158462524
gue_emp_H3K4me1_frozen__zhihan1996_DNABERT-2-117M__20260514T122234Z,0,0,0.6139311790466309,0.38606885075569153
gue_emp_H3K4me1_frozen__zhihan1996_DNABERT-2-117M__20260514T122234Z,1,1,0.4661012589931488,0.5338987112045288
gue_emp_H3K4me1_frozen__zhihan1996_DNABERT-2-117M__20260514T122234Z,0,1,0.49508681893348694,0.5049131512641907
gue_emp_H3K4me1_frozen__zhihan1996_DNABERT-2-117M__20260514T122234Z,1,1,0.31742629408836365,0.6825737357139587
gue_emp_H3K4me1_frozen__zhihan1996_DNABERT-2-117M__20260514T122234Z,0,0,0.500859260559082,0.49914073944091797
gue_emp_H3K4me1_frozen__zhihan1996_DNABERT-2-117M__20260514T122234Z,1,0,0.5644736289978027,0.43552637100219727
gue_emp_H3K4me1_frozen__zhihan1996_DNABERT-2-117M__20260514T122234Z,0,1,0.41842952370643616,0.5815704464912415
gue_emp_H3K4me1_frozen__zhihan1996_DNABERT-2-117M__20260514T122234Z,0,0,0.5936092138290405,0.4063907265663147
gue_emp_H3K4me1_frozen__zhihan1996_DNABERT-2-117M__20260514T122234Z,1,0,0.5549227595329285,0.44507724046707153
gue_emp_H3K4me1_frozen__zhihan1996_DNABERT-2-117M__20260514T122234Z,0,1,0.4565006196498871,0.5434993505477905
gue_emp_H3K4me1_frozen__zhihan1996_DNABERT-2-117M__20260514T122234Z,1,1,0.46133527159690857,0.538664698600769
gue_emp_H3K4me1_frozen__zhihan1996_DNABERT-2-117M__20260514T122234Z,0,0,0.5008696913719177,0.4991302490234375
gue_emp_H3K4me1_frozen__zhihan1996_DNABERT-2-117M__20260514T122234Z,1,1,0.481945276260376,0.518054723739624
gue_emp_H3K4me1_frozen__zhihan1996_DNABERT-2-117M__20260514T122234Z,1,1,0.43860483169555664,0.5613951683044434
gue_emp_H3K4me1_frozen__zhihan1996_DNABERT-2-117M__20260514T122234Z,0,1,0.4679661691188812,0.5320338010787964
gue_emp_H3K4me1_frozen__zhihan1996_DNABERT-2-117M__20260514T122234Z,0,0,0.5085898637771606,0.49141016602516174
gue_emp_H3K4me1_frozen__zhihan1996_DNABERT-2-117M__20260514T122234Z,1,1,0.35798826813697815,0.6420117616653442
gue_emp_H3K4me1_frozen__zhihan1996_DNABERT-2-117M__20260514T122234Z,0,0,0.5595006346702576,0.44049936532974243
gue_emp_H3K4me1_frozen__zhihan1996_DNABERT-2-117M__20260514T122234Z,0,0,0.5494895577430725,0.4505104422569275
gue_emp_H3K4me1_frozen__zhihan1996_DNABERT-2-117M__20260514T122234Z,0,1,0.3491997718811035,0.6508002281188965
gue_emp_H3K4me1_frozen__zhihan1996_DNABERT-2-117M__20260514T122234Z,1,1,0.4822309911251068,0.5177690386772156
gue_emp_H3K4me1_frozen__zhihan1996_DNABERT-2-117M__20260514T122234Z,1,1,0.48542818427085876,0.5145718455314636
gue_emp_H3K4me1_frozen__zhihan1996_DNABERT-2-117M__20260514T122234Z,0,0,0.5653437376022339,0.4346562623977661
gue_emp_H3K4me1_frozen__zhihan1996_DNABERT-2-117M__20260514T122234Z,0,0,0.6197877526283264,0.38021227717399597
gue_emp_H3K4me1_frozen__zhihan1996_DNABERT-2-117M__20260514T122234Z,1,0,0.5423482656478882,0.4576517641544342
gue_emp_H3K4me1_frozen__zhihan1996_DNABERT-2-117M__20260514T122234Z,1,1,0.3929772675037384,0.6070227026939392
gue_emp_H3K4me1_frozen__zhihan1996_DNABERT-2-117M__20260514T122234Z,0,0,0.6225740909576416,0.3774259686470032
gue_emp_H3K4me1_frozen__zhihan1996_DNABERT-2-117M__20260514T122234Z,0,0,0.5362331867218018,0.46376678347587585
gue_emp_H3K4me1_frozen__zhihan1996_DNABERT-2-117M__20260514T122234Z,0,1,0.49951550364494324,0.5004844665527344
gue_emp_H3K4me1_frozen__zhihan1996_DNABERT-2-117M__20260514T122234Z,0,0,0.5666631460189819,0.43333685398101807
gue_emp_H3K4me1_frozen__zhihan1996_DNABERT-2-117M__20260514T122234Z,0,1,0.4030968248844147,0.5969031453132629
gue_emp_H3K4me1_frozen__zhihan1996_DNABERT-2-117M__20260514T122234Z,1,0,0.5153149962425232,0.4846849739551544
gue_emp_H3K4me1_frozen__zhihan1996_DNABERT-2-117M__20260514T122234Z,0,1,0.48855504393577576,0.5114449858665466
gue_emp_H3K4me1_frozen__zhihan1996_DNABERT-2-117M__20260514T122234Z,1,1,0.48802414536476135,0.511975884437561
gue_emp_H3K4me1_frozen__zhihan1996_DNABERT-2-117M__20260514T122234Z,1,1,0.4891384243965149,0.5108615756034851
gue_emp_H3K4me1_frozen__zhihan1996_DNABERT-2-117M__20260514T122234Z,0,0,0.551860511302948,0.4481394290924072
gue_emp_H3K4me1_frozen__zhihan1996_DNABERT-2-117M__20260514T122234Z,0,0,0.5204877853393555,0.4795122444629669
gue_emp_H3K4me1_frozen__zhihan1996_DNABERT-2-117M__20260514T122234Z,1,1,0.37496232986450195,0.625037670135498
gue_emp_H3K4me1_frozen__zhihan1996_DNABERT-2-117M__20260514T122234Z,1,1,0.4477621018886566,0.552237868309021
gue_emp_H3K4me1_frozen__zhihan1996_DNABERT-2-117M__20260514T122234Z,1,0,0.5314715504646301,0.4685284495353699
gue_emp_H3K4me1_frozen__zhihan1996_DNABERT-2-117M__20260514T122234Z,1,0,0.6057407259941101,0.3942592442035675
gue_emp_H3K4me1_frozen__zhihan1996_DNABERT-2-117M__20260514T122234Z,0,0,0.621540904045105,0.378459095954895
gue_emp_H3K4me1_frozen__zhihan1996_DNABERT-2-117M__20260514T122234Z,1,1,0.44263648986816406,0.5573635101318359
gue_emp_H3K4me1_frozen__zhihan1996_DNABERT-2-117M__20260514T122234Z,0,0,0.5324668884277344,0.46753308176994324
gue_emp_H3K4me1_frozen__zhihan1996_DNABERT-2-117M__20260514T122234Z,0,1,0.47579556703567505,0.5242043733596802
gue_emp_H3K4me1_frozen__zhihan1996_DNABERT-2-117M__20260514T122234Z,0,0,0.5082542896270752,0.4917457401752472
gue_emp_H3K4me1_frozen__zhihan1996_DNABERT-2-117M__20260514T122234Z,0,1,0.45122069120407104,0.548779308795929
gue_emp_H3K4me1_frozen__zhihan1996_DNABERT-2-117M__20260514T122234Z,0,0,0.5146804451942444,0.48531949520111084
gue_emp_H3K4me1_frozen__zhihan1996_DNABERT-2-117M__20260514T122234Z,1,0,0.5693439245223999,0.4306560754776001
gue_emp_H3K4me1_frozen__zhihan1996_DNABERT-2-117M__20260514T122234Z,1,1,0.4887847602367401,0.5112152099609375
gue_emp_H3K4me1_frozen__zhihan1996_DNABERT-2-117M__20260514T122234Z,1,1,0.4379286468029022,0.5620713233947754
gue_emp_H3K4me1_frozen__zhihan1996_DNABERT-2-117M__20260514T122234Z,0,0,0.5454975366592407,0.4545024037361145
gue_emp_H3K4me1_frozen__zhihan1996_DNABERT-2-117M__20260514T122234Z,0,1,0.47884488105773926,0.5211551189422607
gue_emp_H3K4me1_frozen__zhihan1996_DNABERT-2-117M__20260514T122234Z,1,1,0.45408251881599426,0.5459174513816833
gue_emp_H3K4me1_frozen__zhihan1996_DNABERT-2-117M__20260514T122234Z,1,0,0.5490211248397827,0.4509789049625397
gue_emp_H3K4me1_frozen__zhihan1996_DNABERT-2-117M__20260514T122234Z,1,1,0.42924991250038147,0.5707501173019409
gue_emp_H3K4me1_frozen__zhihan1996_DNABERT-2-117M__20260514T122234Z,1,0,0.5872183442115784,0.41278165578842163
gue_emp_H3K4me1_frozen__zhihan1996_DNABERT-2-117M__20260514T122234Z,0,0,0.5496557354927063,0.4503442645072937
gue_emp_H3K4me1_frozen__zhihan1996_DNABERT-2-117M__20260514T122234Z,1,0,0.5439838767051697,0.45601609349250793
gue_emp_H3K4me1_frozen__zhihan1996_DNABERT-2-117M__20260514T122234Z,1,1,0.41501736640930176,0.5849826335906982
gue_emp_H3K4me1_frozen__zhihan1996_DNABERT-2-117M__20260514T122234Z,1,1,0.4999561011791229,0.5000438690185547
gue_emp_H3K4me1_frozen__zhihan1996_DNABERT-2-117M__20260514T122234Z,1,1,0.42310041189193726,0.5768995881080627
gue_emp_H3K4me1_frozen__zhihan1996_DNABERT-2-117M__20260514T122234Z,1,1,0.49158936738967896,0.508410632610321
gue_emp_H3K4me1_frozen__zhihan1996_DNABERT-2-117M__20260514T122234Z,1,0,0.5487490892410278,0.45125094056129456
gue_emp_H3K4me1_frozen__zhihan1996_DNABERT-2-117M__20260514T122234Z,0,0,0.5820159912109375,0.4179839789867401
gue_emp_H3K4me1_frozen__zhihan1996_DNABERT-2-117M__20260514T122234Z,0,0,0.5030974745750427,0.4969024956226349
gue_emp_H3K4me1_frozen__zhihan1996_DNABERT-2-117M__20260514T122234Z,1,0,0.5064960718154907,0.4935038983821869
gue_emp_H3K4me1_frozen__zhihan1996_DNABERT-2-117M__20260514T122234Z,0,0,0.5434123277664185,0.45658770203590393
gue_emp_H3K4me1_frozen__zhihan1996_DNABERT-2-117M__20260514T122234Z,1,1,0.35242462158203125,0.6475753784179688
gue_emp_H3K4me1_frozen__zhihan1996_DNABERT-2-117M__20260514T122234Z,0,0,0.6027925610542297,0.39720746874809265
gue_emp_H3K4me1_frozen__zhihan1996_DNABERT-2-117M__20260514T122234Z,0,0,0.5249921679496765,0.4750078618526459
gue_emp_H3K4me1_frozen__zhihan1996_DNABERT-2-117M__20260514T122234Z,1,0,0.5815110802650452,0.4184889495372772
gue_emp_H3K4me1_frozen__zhihan1996_DNABERT-2-117M__20260514T122234Z,1,0,0.5280847549438477,0.4719153046607971
gue_emp_H3K4me1_frozen__zhihan1996_DNABERT-2-117M__20260514T122234Z,1,1,0.4605087637901306,0.5394912362098694
gue_emp_H3K4me1_frozen__zhihan1996_DNABERT-2-117M__20260514T122234Z,1,0,0.5606135129928589,0.4393865168094635
gue_emp_H3K4me1_frozen__zhihan1996_DNABERT-2-117M__20260514T122234Z,1,0,0.5134321451187134,0.4865678548812866
gue_emp_H3K4me1_frozen__zhihan1996_DNABERT-2-117M__20260514T122234Z,1,1,0.4207334816455841,0.5792665481567383
gue_emp_H3K4me1_frozen__zhihan1996_DNABERT-2-117M__20260514T122234Z,0,0,0.5186337828636169,0.48136621713638306
gue_emp_H3K4me1_frozen__zhihan1996_DNABERT-2-117M__20260514T122234Z,1,0,0.513866662979126,0.48613330721855164
gue_emp_H3K4me1_frozen__zhihan1996_DNABERT-2-117M__20260514T122234Z,1,1,0.42086729407310486,0.5791326761245728
gue_emp_H3K4me1_frozen__zhihan1996_DNABERT-2-117M__20260514T122234Z,1,1,0.4467059075832367,0.5532941222190857
gue_emp_H3K4me1_frozen__zhihan1996_DNABERT-2-117M__20260514T122234Z,1,1,0.4131515622138977,0.5868484377861023
gue_emp_H3K4me1_frozen__zhihan1996_DNABERT-2-117M__20260514T122234Z,1,0,0.567202627658844,0.4327974021434784
gue_emp_H3K4me1_frozen__zhihan1996_DNABERT-2-117M__20260514T122234Z,0,0,0.5128412842750549,0.48715874552726746
gue_emp_H3K4me1_frozen__zhihan1996_DNABERT-2-117M__20260514T122234Z,0,0,0.5597413182258606,0.440258651971817
gue_emp_H3K4me1_frozen__zhihan1996_DNABERT-2-117M__20260514T122234Z,1,0,0.5696132779121399,0.4303867220878601
gue_emp_H3K4me1_frozen__zhihan1996_DNABERT-2-117M__20260514T122234Z,1,0,0.6088266372680664,0.3911733329296112
gue_emp_H3K4me1_frozen__zhihan1996_DNABERT-2-117M__20260514T122234Z,1,1,0.41860777139663696,0.581392228603363
gue_emp_H3K4me1_frozen__zhihan1996_DNABERT-2-117M__20260514T122234Z,1,0,0.5889186859130859,0.41108131408691406
gue_emp_H3K4me1_frozen__zhihan1996_DNABERT-2-117M__20260514T122234Z,1,1,0.47547972202301025,0.5245202779769897
gue_emp_H3K4me1_frozen__zhihan1996_DNABERT-2-117M__20260514T122234Z,1,0,0.5596661567687988,0.44033387303352356
gue_emp_H3K4me1_frozen__zhihan1996_DNABERT-2-117M__20260514T122234Z,0,0,0.5546665191650391,0.4453335106372833
gue_emp_H3K4me1_frozen__zhihan1996_DNABERT-2-117M__20260514T122234Z,1,1,0.389111191034317,0.6108888387680054
gue_emp_H3K4me1_frozen__zhihan1996_DNABERT-2-117M__20260514T122234Z,0,1,0.4708288013935089,0.5291711688041687
gue_emp_H3K4me1_frozen__zhihan1996_DNABERT-2-117M__20260514T122234Z,0,1,0.48791739344596863,0.5120826363563538
gue_emp_H3K4me1_frozen__zhihan1996_DNABERT-2-117M__20260514T122234Z,0,0,0.5186147689819336,0.4813852310180664
gue_emp_H3K4me1_frozen__zhihan1996_DNABERT-2-117M__20260514T122234Z,0,1,0.3465965986251831,0.6534034013748169
gue_emp_H3K4me1_frozen__zhihan1996_DNABERT-2-117M__20260514T122234Z,0,0,0.5442526340484619,0.4557473361492157
gue_emp_H3K4me1_frozen__zhihan1996_DNABERT-2-117M__20260514T122234Z,1,0,0.5170832276344299,0.48291680216789246
gue_emp_H3K4me1_frozen__zhihan1996_DNABERT-2-117M__20260514T122234Z,0,0,0.5336177349090576,0.4663822650909424
gue_emp_H3K4me1_frozen__zhihan1996_DNABERT-2-117M__20260514T122234Z,0,1,0.48574739694595337,0.5142526030540466
gue_emp_H3K4me1_frozen__zhihan1996_DNABERT-2-117M__20260514T122234Z,1,1,0.4130331575870514,0.586966872215271
gue_emp_H3K4me1_frozen__zhihan1996_DNABERT-2-117M__20260514T122234Z,0,0,0.5780314207077026,0.42196857929229736
gue_emp_H3K4me1_frozen__zhihan1996_DNABERT-2-117M__20260514T122234Z,0,0,0.5798168182373047,0.4201831519603729
gue_emp_H3K4me1_frozen__zhihan1996_DNABERT-2-117M__20260514T122234Z,0,0,0.5159819722175598,0.4840180575847626
gue_emp_H3K4me1_frozen__zhihan1996_DNABERT-2-117M__20260514T122234Z,1,1,0.4466003179550171,0.5533996820449829
gue_emp_H3K4me1_frozen__zhihan1996_DNABERT-2-117M__20260514T122234Z,1,1,0.4170933663845062,0.5829066038131714
gue_emp_H3K4me1_frozen__zhihan1996_DNABERT-2-117M__20260514T122234Z,1,1,0.47510677576065063,0.5248932242393494
gue_emp_H3K4me1_frozen__zhihan1996_DNABERT-2-117M__20260514T122234Z,0,0,0.6043405532836914,0.395659476518631
gue_emp_H3K4me1_frozen__zhihan1996_DNABERT-2-117M__20260514T122234Z,0,0,0.5777485370635986,0.42225149273872375
gue_emp_H3K4me1_frozen__zhihan1996_DNABERT-2-117M__20260514T122234Z,0,0,0.5503959059715271,0.4496040642261505
gue_emp_H3K4me1_frozen__zhihan1996_DNABERT-2-117M__20260514T122234Z,1,1,0.46626079082489014,0.5337392687797546
gue_emp_H3K4me1_frozen__zhihan1996_DNABERT-2-117M__20260514T122234Z,1,0,0.5421910881996155,0.4578089416027069
gue_emp_H3K4me1_frozen__zhihan1996_DNABERT-2-117M__20260514T122234Z,0,0,0.5489984154701233,0.4510015547275543
gue_emp_H3K4me1_frozen__zhihan1996_DNABERT-2-117M__20260514T122234Z,0,0,0.506770670413971,0.49322932958602905
gue_emp_H3K4me1_frozen__zhihan1996_DNABERT-2-117M__20260514T122234Z,1,0,0.5040110945701599,0.4959889352321625
gue_emp_H3K4me1_frozen__zhihan1996_DNABERT-2-117M__20260514T122234Z,1,0,0.5143545866012573,0.48564544320106506
gue_emp_H3K4me1_frozen__zhihan1996_DNABERT-2-117M__20260514T122234Z,1,0,0.6080123782157898,0.391987681388855
gue_emp_H3K4me1_frozen__zhihan1996_DNABERT-2-117M__20260514T122234Z,1,0,0.5117737650871277,0.4882262349128723
gue_emp_H3K4me1_frozen__zhihan1996_DNABERT-2-117M__20260514T122234Z,0,0,0.5024566650390625,0.4975433349609375
gue_emp_H3K4me1_frozen__zhihan1996_DNABERT-2-117M__20260514T122234Z,1,0,0.5345859527587891,0.4654140770435333
gue_emp_H3K4me1_frozen__zhihan1996_DNABERT-2-117M__20260514T122234Z,1,1,0.4858722388744354,0.514127790927887
gue_emp_H3K4me1_frozen__zhihan1996_DNABERT-2-117M__20260514T122234Z,0,0,0.6365790963172913,0.36342093348503113
gue_emp_H3K4me1_frozen__zhihan1996_DNABERT-2-117M__20260514T122234Z,1,0,0.5840339660644531,0.4159660339355469
gue_emp_H3K4me1_frozen__zhihan1996_DNABERT-2-117M__20260514T122234Z,1,0,0.584567666053772,0.415432333946228
gue_emp_H3K4me1_frozen__zhihan1996_DNABERT-2-117M__20260514T122234Z,0,0,0.6149722933769226,0.38502776622772217
gue_emp_H3K4me1_frozen__zhihan1996_DNABERT-2-117M__20260514T122234Z,0,0,0.5668129920959473,0.4331870377063751
gue_emp_H3K4me1_frozen__zhihan1996_DNABERT-2-117M__20260514T122234Z,1,0,0.5765717625617981,0.4234282374382019
gue_emp_H3K4me1_frozen__zhihan1996_DNABERT-2-117M__20260514T122234Z,0,1,0.4170340299606323,0.5829659700393677
gue_emp_H3K4me1_frozen__zhihan1996_DNABERT-2-117M__20260514T122234Z,0,0,0.5170907974243164,0.4829092025756836
gue_emp_H3K4me1_frozen__zhihan1996_DNABERT-2-117M__20260514T122234Z,1,0,0.5294800996780396,0.47051993012428284
gue_emp_H3K4me1_frozen__zhihan1996_DNABERT-2-117M__20260514T122234Z,0,0,0.5642335414886475,0.43576645851135254
gue_emp_H3K4me1_frozen__zhihan1996_DNABERT-2-117M__20260514T122234Z,1,0,0.5003948211669922,0.4996052086353302
gue_emp_H3K4me1_frozen__zhihan1996_DNABERT-2-117M__20260514T122234Z,1,1,0.41780585050582886,0.5821940898895264
gue_emp_H3K4me1_frozen__zhihan1996_DNABERT-2-117M__20260514T122234Z,0,1,0.49481600522994995,0.5051839351654053
gue_emp_H3K4me1_frozen__zhihan1996_DNABERT-2-117M__20260514T122234Z,1,1,0.4511300325393677,0.5488699674606323
gue_emp_H3K4me1_frozen__zhihan1996_DNABERT-2-117M__20260514T122234Z,0,0,0.5169722437858582,0.48302775621414185
gue_emp_H3K4me1_frozen__zhihan1996_DNABERT-2-117M__20260514T122234Z,0,1,0.47721153497695923,0.5227884650230408
gue_emp_H3K4me1_frozen__zhihan1996_DNABERT-2-117M__20260514T122234Z,1,0,0.551754891872406,0.4482451379299164
gue_emp_H3K4me1_frozen__zhihan1996_DNABERT-2-117M__20260514T122234Z,0,0,0.5599368810653687,0.44006314873695374
gue_emp_H3K4me1_frozen__zhihan1996_DNABERT-2-117M__20260514T122234Z,1,0,0.5154484510421753,0.4845515787601471
gue_emp_H3K4me1_frozen__zhihan1996_DNABERT-2-117M__20260514T122234Z,0,0,0.5810951590538025,0.4189049005508423
gue_emp_H3K4me1_frozen__zhihan1996_DNABERT-2-117M__20260514T122234Z,0,1,0.4131515622138977,0.5868484377861023
gue_emp_H3K4me1_frozen__zhihan1996_DNABERT-2-117M__20260514T122234Z,0,0,0.5663183927536011,0.4336816668510437
gue_emp_H3K4me1_frozen__zhihan1996_DNABERT-2-117M__20260514T122234Z,1,1,0.4649319648742676,0.5350680351257324
gue_emp_H3K4me1_frozen__zhihan1996_DNABERT-2-117M__20260514T122234Z,0,1,0.4804253578186035,0.5195746421813965
gue_emp_H3K4me1_frozen__zhihan1996_DNABERT-2-117M__20260514T122234Z,1,1,0.41375839710235596,0.5862415432929993
gue_emp_H3K4me1_frozen__zhihan1996_DNABERT-2-117M__20260514T122234Z,1,0,0.5060822367668152,0.4939177632331848
gue_emp_H3K4me1_frozen__zhihan1996_DNABERT-2-117M__20260514T122234Z,1,1,0.48464304208755493,0.5153569579124451
gue_emp_H3K4me1_frozen__zhihan1996_DNABERT-2-117M__20260514T122234Z,0,1,0.40189316868782043,0.5981068015098572
gue_emp_H3K4me1_frozen__zhihan1996_DNABERT-2-117M__20260514T122234Z,0,0,0.5686254501342773,0.43137454986572266
gue_emp_H3K4me1_frozen__zhihan1996_DNABERT-2-117M__20260514T122234Z,1,1,0.48901546001434326,0.5109845399856567
gue_emp_H3K4me1_frozen__zhihan1996_DNABERT-2-117M__20260514T122234Z,1,0,0.509728193283081,0.49027183651924133
gue_emp_H3K4me1_frozen__zhihan1996_DNABERT-2-117M__20260514T122234Z,0,0,0.5665732026100159,0.43342679738998413
gue_emp_H3K4me1_frozen__zhihan1996_DNABERT-2-117M__20260514T122234Z,0,1,0.44460245966911316,0.5553975701332092
gue_emp_H3K4me1_frozen__zhihan1996_DNABERT-2-117M__20260514T122234Z,0,0,0.6192986369132996,0.3807014226913452
gue_emp_H3K4me1_frozen__zhihan1996_DNABERT-2-117M__20260514T122234Z,1,0,0.5115946531295776,0.48840540647506714
gue_emp_H3K4me1_frozen__zhihan1996_DNABERT-2-117M__20260514T122234Z,0,1,0.4124709963798523,0.5875290632247925
gue_emp_H3K4me1_frozen__zhihan1996_DNABERT-2-117M__20260514T122234Z,0,1,0.4751448631286621,0.5248551368713379
gue_emp_H3K4me1_frozen__zhihan1996_DNABERT-2-117M__20260514T122234Z,0,1,0.3734187185764313,0.6265812516212463
gue_emp_H3K4me1_frozen__zhihan1996_DNABERT-2-117M__20260514T122234Z,1,1,0.3468177914619446,0.6531822681427002
gue_emp_H3K4me1_frozen__zhihan1996_DNABERT-2-117M__20260514T122234Z,1,1,0.38708195090293884,0.6129180192947388
gue_emp_H3K4me1_frozen__zhihan1996_DNABERT-2-117M__20260514T122234Z,0,0,0.6368049383163452,0.3631950616836548
gue_emp_H3K4me1_frozen__zhihan1996_DNABERT-2-117M__20260514T122234Z,1,1,0.37284764647483826,0.6271523237228394
gue_emp_H3K4me1_frozen__zhihan1996_DNABERT-2-117M__20260514T122234Z,0,0,0.5832033753395081,0.41679662466049194
gue_emp_H3K4me1_frozen__zhihan1996_DNABERT-2-117M__20260514T122234Z,1,1,0.495948851108551,0.5040510892868042
gue_emp_H3K4me1_frozen__zhihan1996_DNABERT-2-117M__20260514T122234Z,1,0,0.5088425278663635,0.49115750193595886
gue_emp_H3K4me1_frozen__zhihan1996_DNABERT-2-117M__20260514T122234Z,1,1,0.34169232845306396,0.658307671546936
gue_emp_H3K4me1_frozen__zhihan1996_DNABERT-2-117M__20260514T122234Z,0,0,0.5535505414009094,0.4464494585990906
gue_emp_H3K4me1_frozen__zhihan1996_DNABERT-2-117M__20260514T122234Z,0,0,0.5016632080078125,0.4983367919921875
gue_emp_H3K4me1_frozen__zhihan1996_DNABERT-2-117M__20260514T122234Z,1,0,0.5007305145263672,0.4992694556713104
gue_emp_H3K4me1_frozen__zhihan1996_DNABERT-2-117M__20260514T122234Z,0,1,0.3881540596485138,0.6118459105491638
gue_emp_H3K4me1_frozen__zhihan1996_DNABERT-2-117M__20260514T122234Z,1,1,0.48649927973747253,0.5135007500648499
gue_emp_H3K4me1_frozen__zhihan1996_DNABERT-2-117M__20260514T122234Z,0,0,0.6147699356079102,0.38523009419441223
gue_emp_H3K4me1_frozen__zhihan1996_DNABERT-2-117M__20260514T122234Z,0,1,0.42089709639549255,0.5791029334068298
gue_emp_H3K4me1_frozen__zhihan1996_DNABERT-2-117M__20260514T122234Z,0,0,0.5052183270454407,0.4947816729545593
gue_emp_H3K4me1_frozen__zhihan1996_DNABERT-2-117M__20260514T122234Z,1,0,0.5630776286125183,0.4369223117828369
gue_emp_H3K4me1_frozen__zhihan1996_DNABERT-2-117M__20260514T122234Z,0,0,0.5216996669769287,0.47830039262771606
gue_emp_H3K4me1_frozen__zhihan1996_DNABERT-2-117M__20260514T122234Z,1,1,0.46932265162467957,0.5306773781776428
gue_emp_H3K4me1_frozen__zhihan1996_DNABERT-2-117M__20260514T122234Z,0,0,0.617455005645752,0.38254502415657043
gue_emp_H3K4me1_frozen__zhihan1996_DNABERT-2-117M__20260514T122234Z,1,1,0.4896979331970215,0.5103020071983337
gue_emp_H3K4me1_frozen__zhihan1996_DNABERT-2-117M__20260514T122234Z,0,1,0.4723953902721405,0.5276046395301819
gue_emp_H3K4me1_frozen__zhihan1996_DNABERT-2-117M__20260514T122234Z,0,1,0.48461636900901794,0.5153836011886597
gue_emp_H3K4me1_frozen__zhihan1996_DNABERT-2-117M__20260514T122234Z,1,0,0.6366919875144958,0.36330798268318176
gue_emp_H3K4me1_frozen__zhihan1996_DNABERT-2-117M__20260514T122234Z,1,0,0.5630176067352295,0.4369823932647705
gue_emp_H3K4me1_frozen__zhihan1996_DNABERT-2-117M__20260514T122234Z,1,1,0.4187266230583191,0.5812733769416809
gue_emp_H3K4me1_frozen__zhihan1996_DNABERT-2-117M__20260514T122234Z,0,1,0.4321832060813904,0.5678167939186096
gue_emp_H3K4me1_frozen__zhihan1996_DNABERT-2-117M__20260514T122234Z,0,0,0.520618200302124,0.479381799697876
gue_emp_H3K4me1_frozen__zhihan1996_DNABERT-2-117M__20260514T122234Z,0,0,0.5474234223365784,0.45257654786109924
gue_emp_H3K4me1_frozen__zhihan1996_DNABERT-2-117M__20260514T122234Z,0,1,0.4666357636451721,0.5333642363548279
gue_emp_H3K4me1_frozen__zhihan1996_DNABERT-2-117M__20260514T122234Z,0,1,0.4608272314071655,0.5391727685928345
gue_emp_H3K4me1_frozen__zhihan1996_DNABERT-2-117M__20260514T122234Z,1,0,0.5999833345413208,0.400016725063324
gue_emp_H3K4me1_frozen__zhihan1996_DNABERT-2-117M__20260514T122234Z,0,1,0.4977159798145294,0.5022839903831482
gue_emp_H3K4me1_frozen__zhihan1996_DNABERT-2-117M__20260514T122234Z,1,1,0.49190211296081543,0.5080978870391846
gue_emp_H3K4me1_frozen__zhihan1996_DNABERT-2-117M__20260514T122234Z,1,1,0.3782006800174713,0.6217992901802063
gue_emp_H3K4me1_frozen__zhihan1996_DNABERT-2-117M__20260514T122234Z,0,1,0.44673606753349304,0.5532639622688293
gue_emp_H3K4me1_frozen__zhihan1996_DNABERT-2-117M__20260514T122234Z,0,0,0.5097185969352722,0.4902813732624054
gue_emp_H3K4me1_frozen__zhihan1996_DNABERT-2-117M__20260514T122234Z,1,0,0.5409693121910095,0.4590306282043457
gue_emp_H3K4me1_frozen__zhihan1996_DNABERT-2-117M__20260514T122234Z,1,1,0.47260740399360657,0.527392566204071
gue_emp_H3K4me1_frozen__zhihan1996_DNABERT-2-117M__20260514T122234Z,1,1,0.3958929777145386,0.6041070222854614
gue_emp_H3K4me1_frozen__zhihan1996_DNABERT-2-117M__20260514T122234Z,0,1,0.44469285011291504,0.5553070902824402
gue_emp_H3K4me1_frozen__zhihan1996_DNABERT-2-117M__20260514T122234Z,1,1,0.46185100078582764,0.5381489396095276
gue_emp_H3K4me1_frozen__zhihan1996_DNABERT-2-117M__20260514T122234Z,0,0,0.535498857498169,0.46450114250183105
gue_emp_H3K4me1_frozen__zhihan1996_DNABERT-2-117M__20260514T122234Z,1,1,0.497406005859375,0.502593994140625
gue_emp_H3K4me1_frozen__zhihan1996_DNABERT-2-117M__20260514T122234Z,0,0,0.5297309756278992,0.4702690541744232
gue_emp_H3K4me1_frozen__zhihan1996_DNABERT-2-117M__20260514T122234Z,0,0,0.5198717713356018,0.48012828826904297
gue_emp_H3K4me1_frozen__zhihan1996_DNABERT-2-117M__20260514T122234Z,1,0,0.5794599056243896,0.42054009437561035
gue_emp_H3K4me1_frozen__zhihan1996_DNABERT-2-117M__20260514T122234Z,1,0,0.5153455138206482,0.4846544563770294
gue_emp_H3K4me1_frozen__zhihan1996_DNABERT-2-117M__20260514T122234Z,0,1,0.41116997599601746,0.5888300538063049
gue_emp_H3K4me1_frozen__zhihan1996_DNABERT-2-117M__20260514T122234Z,1,0,0.621540904045105,0.378459095954895
gue_emp_H3K4me1_frozen__zhihan1996_DNABERT-2-117M__20260514T122234Z,0,0,0.6169646382331848,0.3830353021621704
gue_emp_H3K4me1_frozen__zhihan1996_DNABERT-2-117M__20260514T122234Z,1,1,0.460789293050766,0.5392107367515564
gue_emp_H3K4me1_frozen__zhihan1996_DNABERT-2-117M__20260514T122234Z,0,0,0.5195136666297913,0.48048630356788635
gue_emp_H3K4me1_frozen__zhihan1996_DNABERT-2-117M__20260514T122234Z,1,0,0.6044718623161316,0.3955281376838684
gue_emp_H3K4me1_frozen__zhihan1996_DNABERT-2-117M__20260514T122234Z,1,0,0.5700621008872986,0.4299378991127014
gue_emp_H3K4me1_frozen__zhihan1996_DNABERT-2-117M__20260514T122234Z,1,0,0.5017261505126953,0.4982738792896271
gue_emp_H3K4me1_frozen__zhihan1996_DNABERT-2-117M__20260514T122234Z,0,0,0.5576646327972412,0.4423353970050812
gue_emp_H3K4me1_frozen__zhihan1996_DNABERT-2-117M__20260514T122234Z,1,0,0.5560530424118042,0.4439469575881958
gue_emp_H3K4me1_frozen__zhihan1996_DNABERT-2-117M__20260514T122234Z,0,1,0.32680830359458923,0.6731916666030884
gue_emp_H3K4me1_frozen__zhihan1996_DNABERT-2-117M__20260514T122234Z,0,0,0.5369958877563477,0.46300411224365234
gue_emp_H3K4me1_frozen__zhihan1996_DNABERT-2-117M__20260514T122234Z,1,0,0.5506979823112488,0.4493020176887512
gue_emp_H3K4me1_frozen__zhihan1996_DNABERT-2-117M__20260514T122234Z,1,1,0.4631710648536682,0.5368289351463318
gue_emp_H3K4me1_frozen__zhihan1996_DNABERT-2-117M__20260514T122234Z,0,1,0.4455822706222534,0.5544176697731018
gue_emp_H3K4me1_frozen__zhihan1996_DNABERT-2-117M__20260514T122234Z,1,1,0.42614248394966125,0.5738575458526611
gue_emp_H3K4me1_frozen__zhihan1996_DNABERT-2-117M__20260514T122234Z,0,1,0.4534584581851959,0.5465415120124817
gue_emp_H3K4me1_frozen__zhihan1996_DNABERT-2-117M__20260514T122234Z,0,1,0.4128555953502655,0.5871443748474121
gue_emp_H3K4me1_frozen__zhihan1996_DNABERT-2-117M__20260514T122234Z,1,1,0.4148099422454834,0.5851900577545166
gue_emp_H3K4me1_frozen__zhihan1996_DNABERT-2-117M__20260514T122234Z,1,0,0.5131767392158508,0.48682326078414917
gue_emp_H3K4me1_frozen__zhihan1996_DNABERT-2-117M__20260514T122234Z,1,0,0.5545910596847534,0.4454089105129242
gue_emp_H3K4me1_frozen__zhihan1996_DNABERT-2-117M__20260514T122234Z,0,0,0.52110755443573,0.4788924753665924
gue_emp_H3K4me1_frozen__zhihan1996_DNABERT-2-117M__20260514T122234Z,0,0,0.5458002090454102,0.45419979095458984
gue_emp_H3K4me1_frozen__zhihan1996_DNABERT-2-117M__20260514T122234Z,0,0,0.5267840623855591,0.4732159972190857
gue_emp_H3K4me1_frozen__zhihan1996_DNABERT-2-117M__20260514T122234Z,1,0,0.5540935397148132,0.44590651988983154
gue_emp_H3K4me1_frozen__zhihan1996_DNABERT-2-117M__20260514T122234Z,1,0,0.5036925673484802,0.49630746245384216
gue_emp_H3K4me1_frozen__zhihan1996_DNABERT-2-117M__20260514T122234Z,0,0,0.5980041027069092,0.4019958972930908
gue_emp_H3K4me1_frozen__zhihan1996_DNABERT-2-117M__20260514T122234Z,1,0,0.528963029384613,0.47103697061538696
gue_emp_H3K4me1_frozen__zhihan1996_DNABERT-2-117M__20260514T122234Z,1,1,0.4099735617637634,0.5900264382362366
gue_emp_H3K4me1_frozen__zhihan1996_DNABERT-2-117M__20260514T122234Z,1,1,0.2799268960952759,0.7200731039047241
gue_emp_H3K4me1_frozen__zhihan1996_DNABERT-2-117M__20260514T122234Z,1,0,0.5068555474281311,0.4931444823741913
gue_emp_H3K4me1_frozen__zhihan1996_DNABERT-2-117M__20260514T122234Z,0,0,0.5778825283050537,0.4221174716949463
gue_emp_H3K4me1_frozen__zhihan1996_DNABERT-2-117M__20260514T122234Z,0,0,0.5775846838951111,0.42241525650024414
gue_emp_H3K4me1_frozen__zhihan1996_DNABERT-2-117M__20260514T122234Z,0,1,0.4688818156719208,0.5311181545257568
gue_emp_H3K4me1_frozen__zhihan1996_DNABERT-2-117M__20260514T122234Z,0,0,0.6238067150115967,0.3761933445930481
gue_emp_H3K4me1_frozen__zhihan1996_DNABERT-2-117M__20260514T122234Z,1,0,0.5281531810760498,0.4718468189239502
gue_emp_H3K4me1_frozen__zhihan1996_DNABERT-2-117M__20260514T122234Z,0,1,0.4932064414024353,0.5067935585975647
gue_emp_H3K4me1_frozen__zhihan1996_DNABERT-2-117M__20260514T122234Z,1,1,0.4828987121582031,0.5171013474464417
gue_emp_H3K4me1_frozen__zhihan1996_DNABERT-2-117M__20260514T122234Z,0,0,0.5737231969833374,0.4262768030166626
gue_emp_H3K4me1_frozen__zhihan1996_DNABERT-2-117M__20260514T122234Z,0,0,0.60873943567276,0.39126056432724
gue_emp_H3K4me1_frozen__zhihan1996_DNABERT-2-117M__20260514T122234Z,1,0,0.5256732106208801,0.47432681918144226
gue_emp_H3K4me1_frozen__zhihan1996_DNABERT-2-117M__20260514T122234Z,1,1,0.3374491035938263,0.6625508666038513
gue_emp_H3K4me1_frozen__zhihan1996_DNABERT-2-117M__20260514T122234Z,0,1,0.4005441665649414,0.5994558334350586
gue_emp_H3K4me1_frozen__zhihan1996_DNABERT-2-117M__20260514T122234Z,0,1,0.4902051091194153,0.5097948908805847
gue_emp_H3K4me1_frozen__zhihan1996_DNABERT-2-117M__20260514T122234Z,1,1,0.48827195167541504,0.511728048324585
gue_emp_H3K4me1_frozen__zhihan1996_DNABERT-2-117M__20260514T122234Z,0,1,0.40098387002944946,0.5990160703659058
gue_emp_H3K4me1_frozen__zhihan1996_DNABERT-2-117M__20260514T122234Z,0,0,0.5328923463821411,0.4671076536178589
gue_emp_H3K4me1_frozen__zhihan1996_DNABERT-2-117M__20260514T122234Z,1,1,0.46018654108047485,0.5398134589195251
gue_emp_H3K4me1_frozen__zhihan1996_DNABERT-2-117M__20260514T122234Z,1,1,0.386445015668869,0.6135549545288086
gue_emp_H3K4me1_frozen__zhihan1996_DNABERT-2-117M__20260514T122234Z,1,1,0.49670031666755676,0.5032996535301208
gue_emp_H3K4me1_frozen__zhihan1996_DNABERT-2-117M__20260514T122234Z,1,1,0.3195458948612213,0.6804540753364563
gue_emp_H3K4me1_frozen__zhihan1996_DNABERT-2-117M__20260514T122234Z,0,0,0.5686853528022766,0.43131470680236816
gue_emp_H3K4me1_frozen__zhihan1996_DNABERT-2-117M__20260514T122234Z,1,1,0.44637781381607056,0.5536221265792847
gue_emp_H3K4me1_frozen__zhihan1996_DNABERT-2-117M__20260514T122234Z,1,0,0.5555256605148315,0.44447433948516846
gue_emp_H3K4me1_frozen__zhihan1996_DNABERT-2-117M__20260514T122234Z,1,1,0.4042428433895111,0.5957571268081665
gue_emp_H3K4me1_frozen__zhihan1996_DNABERT-2-117M__20260514T122234Z,0,0,0.5912070870399475,0.4087929427623749
gue_emp_H3K4me1_frozen__zhihan1996_DNABERT-2-117M__20260514T122234Z,1,0,0.6045156717300415,0.3954843580722809
gue_emp_H3K4me1_frozen__zhihan1996_DNABERT-2-117M__20260514T122234Z,1,0,0.5204392075538635,0.47956082224845886
gue_emp_H3K4me1_frozen__zhihan1996_DNABERT-2-117M__20260514T122234Z,0,0,0.547373354434967,0.45262664556503296
gue_emp_H3K4me1_frozen__zhihan1996_DNABERT-2-117M__20260514T122234Z,1,0,0.5758712887763977,0.4241287112236023
gue_emp_H3K4me1_frozen__zhihan1996_DNABERT-2-117M__20260514T122234Z,1,0,0.5306469798088074,0.4693530201911926
gue_emp_H3K4me1_frozen__zhihan1996_DNABERT-2-117M__20260514T122234Z,0,1,0.33171480894088745,0.6682851910591125
gue_emp_H3K4me1_frozen__zhihan1996_DNABERT-2-117M__20260514T122234Z,1,0,0.5516642928123474,0.4483357071876526
gue_emp_H3K4me1_frozen__zhihan1996_DNABERT-2-117M__20260514T122234Z,1,1,0.4114951193332672,0.5885048508644104
gue_emp_H3K4me1_frozen__zhihan1996_DNABERT-2-117M__20260514T122234Z,1,1,0.4628561735153198,0.5371438264846802
gue_emp_H3K4me1_frozen__zhihan1996_DNABERT-2-117M__20260514T122234Z,1,0,0.5208733081817627,0.4791266918182373
gue_emp_H3K4me1_frozen__zhihan1996_DNABERT-2-117M__20260514T122234Z,1,0,0.5090475082397461,0.4909525215625763
gue_emp_H3K4me1_frozen__zhihan1996_DNABERT-2-117M__20260514T122234Z,1,1,0.4582350254058838,0.5417649745941162
gue_emp_H3K4me1_frozen__zhihan1996_DNABERT-2-117M__20260514T122234Z,0,1,0.3690592348575592,0.6309407949447632
gue_emp_H3K4me1_frozen__zhihan1996_DNABERT-2-117M__20260514T122234Z,1,0,0.6594600081443787,0.3405400216579437
gue_emp_H3K4me1_frozen__zhihan1996_DNABERT-2-117M__20260514T122234Z,0,0,0.6137286424636841,0.3862713575363159
gue_emp_H3K4me1_frozen__zhihan1996_DNABERT-2-117M__20260514T122234Z,1,0,0.5424240231513977,0.4575759768486023
gue_emp_H3K4me1_frozen__zhihan1996_DNABERT-2-117M__20260514T122234Z,1,0,0.5161533951759338,0.4838465750217438
gue_emp_H3K4me1_frozen__zhihan1996_DNABERT-2-117M__20260514T122234Z,1,0,0.518269956111908,0.48173001408576965
gue_emp_H3K4me1_frozen__zhihan1996_DNABERT-2-117M__20260514T122234Z,1,0,0.5208923816680908,0.4791076183319092
gue_emp_H3K4me1_frozen__zhihan1996_DNABERT-2-117M__20260514T122234Z,0,1,0.49769213795661926,0.5023078918457031
gue_emp_H3K4me1_frozen__zhihan1996_DNABERT-2-117M__20260514T122234Z,1,0,0.5283965468406677,0.4716034531593323
gue_emp_H3K4me1_frozen__zhihan1996_DNABERT-2-117M__20260514T122234Z,0,1,0.39557188749313354,0.6044281125068665
gue_emp_H3K4me1_frozen__zhihan1996_DNABERT-2-117M__20260514T122234Z,1,0,0.5221450328826904,0.4778549075126648
gue_emp_H3K4me1_frozen__zhihan1996_DNABERT-2-117M__20260514T122234Z,0,0,0.5193498730659485,0.48065006732940674
gue_emp_H3K4me1_frozen__zhihan1996_DNABERT-2-117M__20260514T122234Z,0,0,0.5757073163986206,0.4242927134037018
gue_emp_H3K4me1_frozen__zhihan1996_DNABERT-2-117M__20260514T122234Z,1,1,0.45905715227127075,0.5409428477287292
gue_emp_H3K4me1_frozen__zhihan1996_DNABERT-2-117M__20260514T122234Z,1,1,0.4990806579589844,0.5009193420410156
gue_emp_H3K4me1_frozen__zhihan1996_DNABERT-2-117M__20260514T122234Z,0,1,0.46601492166519165,0.5339850783348083
gue_emp_H3K4me1_frozen__zhihan1996_DNABERT-2-117M__20260514T122234Z,0,0,0.5523585677146912,0.44764137268066406
gue_emp_H3K4me1_frozen__zhihan1996_DNABERT-2-117M__20260514T122234Z,1,1,0.48460111021995544,0.5153988599777222
gue_emp_H3K4me1_frozen__zhihan1996_DNABERT-2-117M__20260514T122234Z,1,1,0.49226438999176025,0.507735550403595
gue_emp_H3K4me1_frozen__zhihan1996_DNABERT-2-117M__20260514T122234Z,0,1,0.4048897624015808,0.5951101779937744
gue_emp_H3K4me1_frozen__zhihan1996_DNABERT-2-117M__20260514T122234Z,1,0,0.5941980481147766,0.4058018922805786
gue_emp_H3K4me1_frozen__zhihan1996_DNABERT-2-117M__20260514T122234Z,1,0,0.5379403829574585,0.4620595872402191
gue_emp_H3K4me1_frozen__zhihan1996_DNABERT-2-117M__20260514T122234Z,0,1,0.4956895112991333,0.5043104887008667
gue_emp_H3K4me1_frozen__zhihan1996_DNABERT-2-117M__20260514T122234Z,1,1,0.42702335119247437,0.5729767084121704
gue_emp_H3K4me1_frozen__zhihan1996_DNABERT-2-117M__20260514T122234Z,0,0,0.5264112949371338,0.473588764667511
gue_emp_H3K4me1_frozen__zhihan1996_DNABERT-2-117M__20260514T122234Z,1,0,0.5203249454498291,0.4796750545501709
gue_emp_H3K4me1_frozen__zhihan1996_DNABERT-2-117M__20260514T122234Z,1,0,0.538088321685791,0.461911678314209
gue_emp_H3K4me1_frozen__zhihan1996_DNABERT-2-117M__20260514T122234Z,1,0,0.6039025783538818,0.3960973620414734
gue_emp_H3K4me1_frozen__zhihan1996_DNABERT-2-117M__20260514T122234Z,0,0,0.5630176067352295,0.4369823932647705
gue_emp_H3K4me1_frozen__zhihan1996_DNABERT-2-117M__20260514T122234Z,0,0,0.5055844783782959,0.4944154918193817
gue_emp_H3K4me1_frozen__zhihan1996_DNABERT-2-117M__20260514T122234Z,0,0,0.5431813597679138,0.45681867003440857
gue_emp_H3K4me1_frozen__zhihan1996_DNABERT-2-117M__20260514T122234Z,0,0,0.5323719382286072,0.46762803196907043
gue_emp_H3K4me1_frozen__zhihan1996_DNABERT-2-117M__20260514T122234Z,0,0,0.6107437014579773,0.3892562985420227
gue_emp_H3K4me1_frozen__zhihan1996_DNABERT-2-117M__20260514T122234Z,1,1,0.43934136629104614,0.5606586337089539
gue_emp_H3K4me1_frozen__zhihan1996_DNABERT-2-117M__20260514T122234Z,0,0,0.5498521327972412,0.4501478970050812
gue_emp_H3K4me1_frozen__zhihan1996_DNABERT-2-117M__20260514T122234Z,1,1,0.41516557335853577,0.5848344564437866
gue_emp_H3K4me1_frozen__zhihan1996_DNABERT-2-117M__20260514T122234Z,1,0,0.5027618408203125,0.4972381889820099
gue_emp_H3K4me1_frozen__zhihan1996_DNABERT-2-117M__20260514T122234Z,1,0,0.5706603527069092,0.4293396472930908
gue_emp_H3K4me1_frozen__zhihan1996_DNABERT-2-117M__20260514T122234Z,0,1,0.46724820137023926,0.5327517986297607
gue_emp_H3K4me1_frozen__zhihan1996_DNABERT-2-117M__20260514T122234Z,0,1,0.4964523911476135,0.5035476088523865
gue_emp_H3K4me1_frozen__zhihan1996_DNABERT-2-117M__20260514T122234Z,1,0,0.5055387020111084,0.4944612979888916
gue_emp_H3K4me1_frozen__zhihan1996_DNABERT-2-117M__20260514T122234Z,0,0,0.5342632532119751,0.4657367765903473
gue_emp_H3K4me1_frozen__zhihan1996_DNABERT-2-117M__20260514T122234Z,0,0,0.5201992392539978,0.4798007309436798
gue_emp_H3K4me1_frozen__zhihan1996_DNABERT-2-117M__20260514T122234Z,1,0,0.5260545611381531,0.47394540905952454
gue_emp_H3K4me1_frozen__zhihan1996_DNABERT-2-117M__20260514T122234Z,1,1,0.49723055958747864,0.502769410610199
gue_emp_H3K4me1_frozen__zhihan1996_DNABERT-2-117M__20260514T122234Z,1,1,0.47948843240737915,0.5205115675926208
gue_emp_H3K4me1_frozen__zhihan1996_DNABERT-2-117M__20260514T122234Z,1,0,0.5924013257026672,0.4075986444950104
gue_emp_H3K4me1_frozen__zhihan1996_DNABERT-2-117M__20260514T122234Z,1,0,0.581332802772522,0.418667197227478
gue_emp_H3K4me1_frozen__zhihan1996_DNABERT-2-117M__20260514T122234Z,1,0,0.5703612565994263,0.42963874340057373
gue_emp_H3K4me1_frozen__zhihan1996_DNABERT-2-117M__20260514T122234Z,0,0,0.5615604519844055,0.4384395182132721
gue_emp_H3K4me1_frozen__zhihan1996_DNABERT-2-117M__20260514T122234Z,1,0,0.5211132764816284,0.47888678312301636
gue_emp_H3K4me1_frozen__zhihan1996_DNABERT-2-117M__20260514T122234Z,0,1,0.3909408152103424,0.60905921459198
gue_emp_H3K4me1_frozen__zhihan1996_DNABERT-2-117M__20260514T122234Z,0,0,0.5721102952957153,0.42788970470428467
gue_emp_H3K4me1_frozen__zhihan1996_DNABERT-2-117M__20260514T122234Z,1,0,0.5693738460540771,0.43062615394592285
gue_emp_H3K4me1_frozen__zhihan1996_DNABERT-2-117M__20260514T122234Z,0,0,0.5613951683044434,0.43860483169555664
gue_emp_H3K4me1_frozen__zhihan1996_DNABERT-2-117M__20260514T122234Z,1,1,0.4364568889141083,0.5635430812835693
gue_emp_H3K4me1_frozen__zhihan1996_DNABERT-2-117M__20260514T122234Z,0,0,0.6132365465164185,0.38676345348358154
gue_emp_H3K4me1_frozen__zhihan1996_DNABERT-2-117M__20260514T122234Z,1,0,0.5273279547691345,0.4726720452308655
gue_emp_H3K4me1_frozen__zhihan1996_DNABERT-2-117M__20260514T122234Z,0,1,0.37693843245506287,0.6230615377426147
gue_emp_H3K4me1_frozen__zhihan1996_DNABERT-2-117M__20260514T122234Z,1,1,0.4561750590801239,0.5438249707221985
gue_emp_H3K4me1_frozen__zhihan1996_DNABERT-2-117M__20260514T122234Z,1,1,0.4549412727355957,0.5450586676597595
gue_emp_H3K4me1_frozen__zhihan1996_DNABERT-2-117M__20260514T122234Z,1,1,0.4682435095310211,0.5317565202713013
gue_emp_H3K4me1_frozen__zhihan1996_DNABERT-2-117M__20260514T122234Z,1,0,0.5501542687416077,0.4498457610607147
gue_emp_H3K4me1_frozen__zhihan1996_DNABERT-2-117M__20260514T122234Z,0,0,0.5304797887802124,0.4695202708244324
gue_emp_H3K4me1_frozen__zhihan1996_DNABERT-2-117M__20260514T122234Z,0,0,0.581347644329071,0.41865232586860657
gue_emp_H3K4me1_frozen__zhihan1996_DNABERT-2-117M__20260514T122234Z,1,1,0.4875056743621826,0.5124943256378174
gue_emp_H3K4me1_frozen__zhihan1996_DNABERT-2-117M__20260514T122234Z,0,0,0.5129861235618591,0.48701387643814087
gue_emp_H3K4me1_frozen__zhihan1996_DNABERT-2-117M__20260514T122234Z,1,1,0.424233078956604,0.5757669806480408
gue_emp_H3K4me1_frozen__zhihan1996_DNABERT-2-117M__20260514T122234Z,0,1,0.4001339077949524,0.5998660922050476
gue_emp_H3K4me1_frozen__zhihan1996_DNABERT-2-117M__20260514T122234Z,0,0,0.5495499968528748,0.45045003294944763
gue_emp_H3K4me1_frozen__zhihan1996_DNABERT-2-117M__20260514T122234Z,0,0,0.5856640934944153,0.4143359065055847
gue_emp_H3K4me1_frozen__zhihan1996_DNABERT-2-117M__20260514T122234Z,0,0,0.529510498046875,0.4704895317554474
gue_emp_H3K4me1_frozen__zhihan1996_DNABERT-2-117M__20260514T122234Z,0,0,0.5342935919761658,0.46570637822151184
gue_emp_H3K4me1_frozen__zhihan1996_DNABERT-2-117M__20260514T122234Z,0,0,0.5208466649055481,0.4791533350944519
gue_emp_H3K4me1_frozen__zhihan1996_DNABERT-2-117M__20260514T122234Z,0,1,0.49280598759651184,0.5071939826011658
gue_emp_H3K4me1_frozen__zhihan1996_DNABERT-2-117M__20260514T122234Z,0,0,0.606789767742157,0.3932102620601654
gue_emp_H3K4me1_frozen__zhihan1996_DNABERT-2-117M__20260514T122234Z,1,0,0.5721551179885864,0.4278448820114136
gue_emp_H3K4me1_frozen__zhihan1996_DNABERT-2-117M__20260514T122234Z,0,0,0.5248132944107056,0.4751867353916168
gue_emp_H3K4me1_frozen__zhihan1996_DNABERT-2-117M__20260514T122234Z,1,1,0.45327699184417725,0.5467230677604675
gue_emp_H3K4me1_frozen__zhihan1996_DNABERT-2-117M__20260514T122234Z,0,0,0.5783588886260986,0.42164111137390137
gue_emp_H3K4me1_frozen__zhihan1996_DNABERT-2-117M__20260514T122234Z,1,0,0.5777931809425354,0.4222067892551422
gue_emp_H3K4me1_frozen__zhihan1996_DNABERT-2-117M__20260514T122234Z,1,0,0.5529018640518188,0.44709816575050354
gue_emp_H3K4me1_frozen__zhihan1996_DNABERT-2-117M__20260514T122234Z,1,1,0.3415825068950653,0.6584175229072571
gue_emp_H3K4me1_frozen__zhihan1996_DNABERT-2-117M__20260514T122234Z,1,0,0.6168493032455444,0.38315072655677795
gue_emp_H3K4me1_frozen__zhihan1996_DNABERT-2-117M__20260514T122234Z,1,0,0.5688949227333069,0.4311051368713379
gue_emp_H3K4me1_frozen__zhihan1996_DNABERT-2-117M__20260514T122234Z,0,0,0.501495361328125,0.498504638671875
gue_emp_H3K4me1_frozen__zhihan1996_DNABERT-2-117M__20260514T122234Z,1,0,0.5966387987136841,0.40336114168167114
gue_emp_H3K4me1_frozen__zhihan1996_DNABERT-2-117M__20260514T122234Z,0,0,0.5116708874702454,0.488329142332077
gue_emp_H3K4me1_frozen__zhihan1996_DNABERT-2-117M__20260514T122234Z,1,1,0.4724724292755127,0.5275276303291321
gue_emp_H3K4me1_frozen__zhihan1996_DNABERT-2-117M__20260514T122234Z,0,0,0.553882360458374,0.4461176097393036
gue_emp_H3K4me1_frozen__zhihan1996_DNABERT-2-117M__20260514T122234Z,0,1,0.4177464544773102,0.5822535157203674
gue_emp_H3K4me1_frozen__zhihan1996_DNABERT-2-117M__20260514T122234Z,0,1,0.47616854310035706,0.5238314270973206
gue_emp_H3K4me1_frozen__zhihan1996_DNABERT-2-117M__20260514T122234Z,0,0,0.6311965584754944,0.3688034415245056
gue_emp_H3K4me1_frozen__zhihan1996_DNABERT-2-117M__20260514T122234Z,1,1,0.4501478970050812,0.5498521327972412
gue_emp_H3K4me1_frozen__zhihan1996_DNABERT-2-117M__20260514T122234Z,1,1,0.42083755135536194,0.5791624188423157
gue_emp_H3K4me1_frozen__zhihan1996_DNABERT-2-117M__20260514T122234Z,1,1,0.2805177867412567,0.7194821834564209
gue_emp_H3K4me1_frozen__zhihan1996_DNABERT-2-117M__20260514T122234Z,1,1,0.4532542824745178,0.5467457175254822
gue_emp_H3K4me1_frozen__zhihan1996_DNABERT-2-117M__20260514T122234Z,1,1,0.3449397385120392,0.6550602316856384
gue_emp_H3K4me1_frozen__zhihan1996_DNABERT-2-117M__20260514T122234Z,1,1,0.4533223509788513,0.5466776490211487
gue_emp_H3K4me1_frozen__zhihan1996_DNABERT-2-117M__20260514T122234Z,0,1,0.36043277382850647,0.6395672559738159
gue_emp_H3K4me1_frozen__zhihan1996_DNABERT-2-117M__20260514T122234Z,1,0,0.5654637217521667,0.43453627824783325
gue_emp_H3K4me1_frozen__zhihan1996_DNABERT-2-117M__20260514T122234Z,1,1,0.4439130425453186,0.5560869574546814
gue_emp_H3K4me1_frozen__zhihan1996_DNABERT-2-117M__20260514T122234Z,0,0,0.5733798742294312,0.4266201853752136
gue_emp_H3K4me1_frozen__zhihan1996_DNABERT-2-117M__20260514T122234Z,1,1,0.4562280774116516,0.5437719225883484
gue_emp_H3K4me1_frozen__zhihan1996_DNABERT-2-117M__20260514T122234Z,0,0,0.6016813516616821,0.39831867814064026
gue_emp_H3K4me1_frozen__zhihan1996_DNABERT-2-117M__20260514T122234Z,0,1,0.493946373462677,0.506053626537323
gue_emp_H3K4me1_frozen__zhihan1996_DNABERT-2-117M__20260514T122234Z,0,1,0.48984286189079285,0.5101571083068848
gue_emp_H3K4me1_frozen__zhihan1996_DNABERT-2-117M__20260514T122234Z,1,1,0.31864413619041443,0.6813558340072632
gue_emp_H3K4me1_frozen__zhihan1996_DNABERT-2-117M__20260514T122234Z,1,1,0.49345436692237854,0.5065456628799438
gue_emp_H3K4me1_frozen__zhihan1996_DNABERT-2-117M__20260514T122234Z,0,1,0.4778130054473877,0.5221869945526123
gue_emp_H3K4me1_frozen__zhihan1996_DNABERT-2-117M__20260514T122234Z,0,0,0.5935503840446472,0.4064496159553528
gue_emp_H3K4me1_frozen__zhihan1996_DNABERT-2-117M__20260514T122234Z,1,0,0.5365405678749084,0.46345940232276917
gue_emp_H3K4me1_frozen__zhihan1996_DNABERT-2-117M__20260514T122234Z,1,0,0.5701817870140076,0.4298182427883148
gue_emp_H3K4me1_frozen__zhihan1996_DNABERT-2-117M__20260514T122234Z,0,1,0.4488339126110077,0.5511661171913147
gue_emp_H3K4me1_frozen__zhihan1996_DNABERT-2-117M__20260514T122234Z,0,0,0.5587483644485474,0.44125160574913025
gue_emp_H3K4me1_frozen__zhihan1996_DNABERT-2-117M__20260514T122234Z,0,1,0.3094409108161926,0.6905590891838074
gue_emp_H3K4me1_frozen__zhihan1996_DNABERT-2-117M__20260514T122234Z,1,1,0.4002217948436737,0.5997781753540039
gue_emp_H3K4me1_frozen__zhihan1996_DNABERT-2-117M__20260514T122234Z,0,0,0.537071704864502,0.46292826533317566
gue_emp_H3K4me1_frozen__zhihan1996_DNABERT-2-117M__20260514T122234Z,1,0,0.5543649196624756,0.445635050535202
gue_emp_H3K4me1_frozen__zhihan1996_DNABERT-2-117M__20260514T122234Z,1,1,0.4689122140407562,0.5310877561569214
gue_emp_H3K4me1_frozen__zhihan1996_DNABERT-2-117M__20260514T122234Z,1,0,0.5251747369766235,0.4748252034187317
gue_emp_H3K4me1_frozen__zhihan1996_DNABERT-2-117M__20260514T122234Z,1,0,0.5163363814353943,0.4836636483669281
gue_emp_H3K4me1_frozen__zhihan1996_DNABERT-2-117M__20260514T122234Z,1,0,0.5577700138092041,0.4422299861907959
gue_emp_H3K4me1_frozen__zhihan1996_DNABERT-2-117M__20260514T122234Z,1,0,0.5562037229537964,0.4437962770462036
gue_emp_H3K4me1_frozen__zhihan1996_DNABERT-2-117M__20260514T122234Z,1,1,0.4263514578342438,0.5736485123634338
gue_emp_H3K4me1_frozen__zhihan1996_DNABERT-2-117M__20260514T122234Z,0,0,0.558311939239502,0.44168803095817566
gue_emp_H3K4me1_frozen__zhihan1996_DNABERT-2-117M__20260514T122234Z,1,0,0.5071578025817871,0.4928422272205353
gue_emp_H3K4me1_frozen__zhihan1996_DNABERT-2-117M__20260514T122234Z,0,0,0.5296587347984314,0.4703412353992462
gue_emp_H3K4me1_frozen__zhihan1996_DNABERT-2-117M__20260514T122234Z,0,0,0.5119606256484985,0.48803940415382385
gue_emp_H3K4me1_frozen__zhihan1996_DNABERT-2-117M__20260514T122234Z,1,1,0.4758146405220032,0.5241854190826416
gue_emp_H3K4me1_frozen__zhihan1996_DNABERT-2-117M__20260514T122234Z,1,1,0.46077412366867065,0.5392258763313293
gue_emp_H3K4me1_frozen__zhihan1996_DNABERT-2-117M__20260514T122234Z,1,1,0.49030807614326477,0.5096918940544128
gue_emp_H3K4me1_frozen__zhihan1996_DNABERT-2-117M__20260514T122234Z,1,1,0.43356168270111084,0.5664383172988892
gue_emp_H3K4me1_frozen__zhihan1996_DNABERT-2-117M__20260514T122234Z,0,0,0.5921065807342529,0.40789341926574707
gue_emp_H3K4me1_frozen__zhihan1996_DNABERT-2-117M__20260514T122234Z,1,1,0.4722423255443573,0.5277577042579651
gue_emp_H3K4me1_frozen__zhihan1996_DNABERT-2-117M__20260514T122234Z,1,1,0.4417632818222046,0.5582366585731506
gue_emp_H3K4me1_frozen__zhihan1996_DNABERT-2-117M__20260514T122234Z,0,1,0.45677322149276733,0.5432267785072327
gue_emp_H3K4me1_frozen__zhihan1996_DNABERT-2-117M__20260514T122234Z,0,0,0.508319079875946,0.49168092012405396
gue_emp_H3K4me1_frozen__zhihan1996_DNABERT-2-117M__20260514T122234Z,0,0,0.6306280493736267,0.3693719506263733
gue_emp_H3K4me1_frozen__zhihan1996_DNABERT-2-117M__20260514T122234Z,0,0,0.5372689962387085,0.4627310037612915
gue_emp_H3K4me1_frozen__zhihan1996_DNABERT-2-117M__20260514T122234Z,0,1,0.4882681369781494,0.5117318630218506
gue_emp_H3K4me1_frozen__zhihan1996_DNABERT-2-117M__20260514T122234Z,0,0,0.5197346210479736,0.48026540875434875
gue_emp_H3K4me1_frozen__zhihan1996_DNABERT-2-117M__20260514T122234Z,1,0,0.5233137607574463,0.4766862392425537
gue_emp_H3K4me1_frozen__zhihan1996_DNABERT-2-117M__20260514T122234Z,0,0,0.619269847869873,0.38073018193244934
gue_emp_H3K4me1_frozen__zhihan1996_DNABERT-2-117M__20260514T122234Z,1,1,0.37424740195274353,0.6257526278495789
gue_emp_H3K4me1_frozen__zhihan1996_DNABERT-2-117M__20260514T122234Z,0,1,0.3605453372001648,0.6394546627998352
gue_emp_H3K4me1_frozen__zhihan1996_DNABERT-2-117M__20260514T122234Z,1,0,0.6297746300697327,0.37022536993026733
gue_emp_H3K4me1_frozen__zhihan1996_DNABERT-2-117M__20260514T122234Z,1,1,0.42448651790618896,0.5755134224891663
gue_emp_H3K4me1_frozen__zhihan1996_DNABERT-2-117M__20260514T122234Z,1,0,0.5203515887260437,0.4796483814716339
gue_emp_H3K4me1_frozen__zhihan1996_DNABERT-2-117M__20260514T122234Z,1,1,0.3729903995990753,0.6270095705986023
gue_emp_H3K4me1_frozen__zhihan1996_DNABERT-2-117M__20260514T122234Z,0,0,0.6254095435142517,0.37459051609039307
gue_emp_H3K4me1_frozen__zhihan1996_DNABERT-2-117M__20260514T122234Z,1,1,0.4866936504840851,0.5133063197135925
gue_emp_H3K4me1_frozen__zhihan1996_DNABERT-2-117M__20260514T122234Z,0,1,0.36681652069091797,0.6331834197044373
gue_emp_H3K4me1_frozen__zhihan1996_DNABERT-2-117M__20260514T122234Z,1,1,0.398347944021225,0.6016520857810974
gue_emp_H3K4me1_frozen__zhihan1996_DNABERT-2-117M__20260514T122234Z,1,1,0.44536370038986206,0.5546362996101379
gue_emp_H3K4me1_frozen__zhihan1996_DNABERT-2-117M__20260514T122234Z,0,1,0.43114998936653137,0.5688499808311462
gue_emp_H3K4me1_frozen__zhihan1996_DNABERT-2-117M__20260514T122234Z,0,0,0.6254953145980835,0.3745047152042389
gue_emp_H3K4me1_frozen__zhihan1996_DNABERT-2-117M__20260514T122234Z,1,0,0.5836928486824036,0.41630712151527405
gue_emp_H3K4me1_frozen__zhihan1996_DNABERT-2-117M__20260514T122234Z,0,0,0.5494555234909058,0.45054447650909424
gue_emp_H3K4me1_frozen__zhihan1996_DNABERT-2-117M__20260514T122234Z,1,1,0.45816686749458313,0.5418331623077393
gue_emp_H3K4me1_frozen__zhihan1996_DNABERT-2-117M__20260514T122234Z,0,0,0.5835297703742981,0.4164702594280243
gue_emp_H3K4me1_frozen__zhihan1996_DNABERT-2-117M__20260514T122234Z,0,0,0.545225203037262,0.4547748267650604
gue_emp_H3K4me1_frozen__zhihan1996_DNABERT-2-117M__20260514T122234Z,0,1,0.49854281544685364,0.5014572143554688
gue_emp_H3K4me1_frozen__zhihan1996_DNABERT-2-117M__20260514T122234Z,1,0,0.5031432509422302,0.4968567192554474
gue_emp_H3K4me1_frozen__zhihan1996_DNABERT-2-117M__20260514T122234Z,1,1,0.4897055923938751,0.5102943778038025
gue_emp_H3K4me1_frozen__zhihan1996_DNABERT-2-117M__20260514T122234Z,0,1,0.4735868275165558,0.5264131426811218
gue_emp_H3K4me1_frozen__zhihan1996_DNABERT-2-117M__20260514T122234Z,1,1,0.31869712471961975,0.6813028454780579
gue_emp_H3K4me1_frozen__zhihan1996_DNABERT-2-117M__20260514T122234Z,1,1,0.38390111923217773,0.6160988807678223
gue_emp_H3K4me1_frozen__zhihan1996_DNABERT-2-117M__20260514T122234Z,1,0,0.5346125364303589,0.4653874635696411
gue_emp_H3K4me1_frozen__zhihan1996_DNABERT-2-117M__20260514T122234Z,1,0,0.5903069972991943,0.40969306230545044
gue_emp_H3K4me1_frozen__zhihan1996_DNABERT-2-117M__20260514T122234Z,0,0,0.5899526476860046,0.41004735231399536
gue_emp_H3K4me1_frozen__zhihan1996_DNABERT-2-117M__20260514T122234Z,1,1,0.4580153524875641,0.5419846177101135
gue_emp_H3K4me1_frozen__zhihan1996_DNABERT-2-117M__20260514T122234Z,1,1,0.4572351574897766,0.5427648425102234
gue_emp_H3K4me1_frozen__zhihan1996_DNABERT-2-117M__20260514T122234Z,0,0,0.5113629698753357,0.4886370301246643
gue_emp_H3K4me1_frozen__zhihan1996_DNABERT-2-117M__20260514T122234Z,1,0,0.5578904747962952,0.44210952520370483
gue_emp_H3K4me1_frozen__zhihan1996_DNABERT-2-117M__20260514T122234Z,1,1,0.4616917371749878,0.5383082628250122
gue_emp_H3K4me1_frozen__zhihan1996_DNABERT-2-117M__20260514T122234Z,1,1,0.44928693771362305,0.550713062286377
gue_emp_H3K4me1_frozen__zhihan1996_DNABERT-2-117M__20260514T122234Z,0,0,0.5182490348815918,0.4817509651184082
gue_emp_H3K4me1_frozen__zhihan1996_DNABERT-2-117M__20260514T122234Z,0,0,0.5052793025970459,0.4947206377983093
gue_emp_H3K4me1_frozen__zhihan1996_DNABERT-2-117M__20260514T122234Z,1,1,0.38641607761383057,0.6135839223861694
gue_emp_H3K4me1_frozen__zhihan1996_DNABERT-2-117M__20260514T122234Z,1,0,0.5765419602394104,0.4234580099582672
gue_emp_H3K4me1_frozen__zhihan1996_DNABERT-2-117M__20260514T122234Z,1,1,0.4568943679332733,0.5431056618690491
gue_emp_H3K4me1_frozen__zhihan1996_DNABERT-2-117M__20260514T122234Z,1,0,0.5633479356765747,0.4366520643234253
gue_emp_H3K4me1_frozen__zhihan1996_DNABERT-2-117M__20260514T122234Z,1,0,0.6260099411010742,0.37399011850357056
gue_emp_H3K4me1_frozen__zhihan1996_DNABERT-2-117M__20260514T122234Z,1,0,0.5938153862953186,0.4061846435070038
gue_emp_H3K4me1_frozen__zhihan1996_DNABERT-2-117M__20260514T122234Z,1,1,0.4814690947532654,0.5185309648513794
gue_emp_H3K4me1_frozen__zhihan1996_DNABERT-2-117M__20260514T122234Z,0,0,0.5182852149009705,0.48171478509902954
gue_emp_H3K4me1_frozen__zhihan1996_DNABERT-2-117M__20260514T122234Z,1,1,0.4135955572128296,0.5864044427871704
gue_emp_H3K4me1_frozen__zhihan1996_DNABERT-2-117M__20260514T122234Z,1,0,0.50103759765625,0.49896240234375
gue_emp_H3K4me1_frozen__zhihan1996_DNABERT-2-117M__20260514T122234Z,0,0,0.5469952821731567,0.45300474762916565
gue_emp_H3K4me1_frozen__zhihan1996_DNABERT-2-117M__20260514T122234Z,1,1,0.4267321228981018,0.5732678771018982
gue_emp_H3K4me1_frozen__zhihan1996_DNABERT-2-117M__20260514T122234Z,0,0,0.5105422735214233,0.48945775628089905
gue_emp_H3K4me1_frozen__zhihan1996_DNABERT-2-117M__20260514T122234Z,0,0,0.5859010219573975,0.41409897804260254
gue_emp_H3K4me1_frozen__zhihan1996_DNABERT-2-117M__20260514T122234Z,1,1,0.409161776304245,0.5908382534980774
gue_emp_H3K4me1_frozen__zhihan1996_DNABERT-2-117M__20260514T122234Z,1,0,0.5145070552825928,0.4854929745197296
gue_emp_H3K4me1_frozen__zhihan1996_DNABERT-2-117M__20260514T122234Z,0,0,0.5102028846740723,0.48979711532592773
gue_emp_H3K4me1_frozen__zhihan1996_DNABERT-2-117M__20260514T122234Z,1,1,0.4953080713748932,0.5046919584274292
gue_emp_H3K4me1_frozen__zhihan1996_DNABERT-2-117M__20260514T122234Z,0,0,0.5285637974739075,0.47143614292144775
gue_emp_H3K4me1_frozen__zhihan1996_DNABERT-2-117M__20260514T122234Z,0,0,0.5366467833518982,0.4633531868457794
gue_emp_H3K4me1_frozen__zhihan1996_DNABERT-2-117M__20260514T122234Z,0,0,0.5558835864067078,0.4441164433956146
gue_emp_H3K4me1_frozen__zhihan1996_DNABERT-2-117M__20260514T122234Z,1,1,0.48937004804611206,0.5106300115585327
gue_emp_H3K4me1_frozen__zhihan1996_DNABERT-2-117M__20260514T122234Z,0,1,0.42508307099342346,0.5749168992042542
gue_emp_H3K4me1_frozen__zhihan1996_DNABERT-2-117M__20260514T122234Z,1,1,0.45805415511131287,0.5419458150863647
gue_emp_H3K4me1_frozen__zhihan1996_DNABERT-2-117M__20260514T122234Z,1,0,0.5430450439453125,0.4569549560546875
gue_emp_H3K4me1_frozen__zhihan1996_DNABERT-2-117M__20260514T122234Z,0,0,0.570331335067749,0.429668664932251
gue_emp_H3K4me1_frozen__zhihan1996_DNABERT-2-117M__20260514T122234Z,0,1,0.4918677806854248,0.5081322193145752
gue_emp_H3K4me1_frozen__zhihan1996_DNABERT-2-117M__20260514T122234Z,1,0,0.5292710065841675,0.4707290232181549
gue_emp_H3K4me1_frozen__zhihan1996_DNABERT-2-117M__20260514T122234Z,0,0,0.5602526664733887,0.43974730372428894
gue_emp_H3K4me1_frozen__zhihan1996_DNABERT-2-117M__20260514T122234Z,0,0,0.5366923213005066,0.4633076786994934
gue_emp_H3K4me1_frozen__zhihan1996_DNABERT-2-117M__20260514T122234Z,0,1,0.40436044335365295,0.5956395864486694
gue_emp_H3K4me1_frozen__zhihan1996_DNABERT-2-117M__20260514T122234Z,0,0,0.5345517992973328,0.4654482305049896
gue_emp_H3K4me1_frozen__zhihan1996_DNABERT-2-117M__20260514T122234Z,0,1,0.39137688279151917,0.6086231470108032
gue_emp_H3K4me1_frozen__zhihan1996_DNABERT-2-117M__20260514T122234Z,1,0,0.5107786655426025,0.48922133445739746
gue_emp_H3K4me1_frozen__zhihan1996_DNABERT-2-117M__20260514T122234Z,1,1,0.47183161973953247,0.5281683802604675
gue_emp_H3K4me1_frozen__zhihan1996_DNABERT-2-117M__20260514T122234Z,1,1,0.45079755783081055,0.5492024421691895
gue_emp_H3K4me1_frozen__zhihan1996_DNABERT-2-117M__20260514T122234Z,1,1,0.4000459909439087,0.5999540090560913
gue_emp_H3K4me1_frozen__zhihan1996_DNABERT-2-117M__20260514T122234Z,1,1,0.3883860111236572,0.6116139888763428
gue_emp_H3K4me1_frozen__zhihan1996_DNABERT-2-117M__20260514T122234Z,1,1,0.4262021780014038,0.573797881603241
gue_emp_H3K4me1_frozen__zhihan1996_DNABERT-2-117M__20260514T122234Z,1,0,0.5375269651412964,0.462473064661026
gue_emp_H3K4me1_frozen__zhihan1996_DNABERT-2-117M__20260514T122234Z,1,1,0.36846253275871277,0.6315374970436096
gue_emp_H3K4me1_frozen__zhihan1996_DNABERT-2-117M__20260514T122234Z,0,0,0.5015716552734375,0.4984283447265625
gue_emp_H3K4me1_frozen__zhihan1996_DNABERT-2-117M__20260514T122234Z,0,1,0.47237923741340637,0.527620792388916
gue_emp_H3K4me1_frozen__zhihan1996_DNABERT-2-117M__20260514T122234Z,0,0,0.5026816725730896,0.497318297624588
gue_emp_H3K4me1_frozen__zhihan1996_DNABERT-2-117M__20260514T122234Z,1,0,0.5446197390556335,0.45538026094436646
gue_emp_H3K4me1_frozen__zhihan1996_DNABERT-2-117M__20260514T122234Z,0,0,0.5158523917198181,0.4841476380825043
gue_emp_H3K4me1_frozen__zhihan1996_DNABERT-2-117M__20260514T122234Z,0,0,0.5560982823371887,0.4439017176628113
gue_emp_H3K4me1_frozen__zhihan1996_DNABERT-2-117M__20260514T122234Z,0,0,0.6040778160095215,0.3959221839904785
gue_emp_H3K4me1_frozen__zhihan1996_DNABERT-2-117M__20260514T122234Z,1,0,0.5474640727043152,0.4525358974933624
gue_emp_H3K4me1_frozen__zhihan1996_DNABERT-2-117M__20260514T122234Z,1,0,0.5283661484718323,0.4716338813304901
gue_emp_H3K4me1_frozen__zhihan1996_DNABERT-2-117M__20260514T122234Z,0,0,0.5812733769416809,0.4187266230583191
gue_emp_H3K4me1_frozen__zhihan1996_DNABERT-2-117M__20260514T122234Z,0,1,0.49987030029296875,0.500129759311676
gue_emp_H3K4me1_frozen__zhihan1996_DNABERT-2-117M__20260514T122234Z,0,0,0.5362673401832581,0.46373263001441956
gue_emp_H3K4me1_frozen__zhihan1996_DNABERT-2-117M__20260514T122234Z,1,0,0.5140496492385864,0.4859503507614136
gue_emp_H3K4me1_frozen__zhihan1996_DNABERT-2-117M__20260514T122234Z,1,0,0.5668879151344299,0.43311208486557007
gue_emp_H3K4me1_frozen__zhihan1996_DNABERT-2-117M__20260514T122234Z,1,0,0.5795193910598755,0.4204806089401245
gue_emp_H3K4me1_frozen__zhihan1996_DNABERT-2-117M__20260514T122234Z,1,0,0.5239988565444946,0.47600114345550537
gue_emp_H3K4me1_frozen__zhihan1996_DNABERT-2-117M__20260514T122234Z,0,0,0.5942275524139404,0.40577244758605957
gue_emp_H3K4me1_frozen__zhihan1996_DNABERT-2-117M__20260514T122234Z,0,0,0.5752748847007751,0.42472514510154724
gue_emp_H3K4me1_frozen__zhihan1996_DNABERT-2-117M__20260514T122234Z,1,1,0.3834969699382782,0.6165030002593994
gue_emp_H3K4me1_frozen__zhihan1996_DNABERT-2-117M__20260514T122234Z,0,1,0.440100759267807,0.5598992705345154
gue_emp_H3K4me1_frozen__zhihan1996_DNABERT-2-117M__20260514T122234Z,0,0,0.5178852081298828,0.4821148216724396
gue_emp_H3K4me1_frozen__zhihan1996_DNABERT-2-117M__20260514T122234Z,0,1,0.4976387321949005,0.5023612380027771
gue_emp_H3K4me1_frozen__zhihan1996_DNABERT-2-117M__20260514T122234Z,0,0,0.6057407259941101,0.3942592442035675
gue_emp_H3K4me1_frozen__zhihan1996_DNABERT-2-117M__20260514T122234Z,0,0,0.6062070727348328,0.39379292726516724
gue_emp_H3K4me1_frozen__zhihan1996_DNABERT-2-117M__20260514T122234Z,1,0,0.5666781067848206,0.43332189321517944
gue_emp_H3K4me1_frozen__zhihan1996_DNABERT-2-117M__20260514T122234Z,0,0,0.5434842109680176,0.45651575922966003
gue_emp_H3K4me1_frozen__zhihan1996_DNABERT-2-117M__20260514T122234Z,1,1,0.43332189321517944,0.5666781067848206
gue_emp_H3K4me1_frozen__zhihan1996_DNABERT-2-117M__20260514T122234Z,1,0,0.5446500182151794,0.45534995198249817
gue_emp_H3K4me1_frozen__zhihan1996_DNABERT-2-117M__20260514T122234Z,0,1,0.4517497420310974,0.5482502579689026
gue_emp_H3K4me1_frozen__zhihan1996_DNABERT-2-117M__20260514T122234Z,0,1,0.48792120814323425,0.5120788216590881
gue_emp_H3K4me1_frozen__zhihan1996_DNABERT-2-117M__20260514T122234Z,1,0,0.606381893157959,0.39361807703971863
gue_emp_H3K4me1_frozen__zhihan1996_DNABERT-2-117M__20260514T122234Z,0,1,0.4856749475002289,0.5143250226974487
gue_emp_H3K4me1_frozen__zhihan1996_DNABERT-2-117M__20260514T122234Z,0,0,0.5650737285614014,0.43492624163627625
gue_emp_H3K4me1_frozen__zhihan1996_DNABERT-2-117M__20260514T122234Z,1,1,0.4319959878921509,0.5680040121078491
gue_emp_H3K4me1_frozen__zhihan1996_DNABERT-2-117M__20260514T122234Z,1,1,0.3938511908054352,0.6061487793922424
gue_emp_H3K4me1_frozen__zhihan1996_DNABERT-2-117M__20260514T122234Z,1,1,0.4304615557193756,0.5695384740829468
gue_emp_H3K4me1_frozen__zhihan1996_DNABERT-2-117M__20260514T122234Z,1,0,0.5625219941139221,0.4374780058860779
gue_emp_H3K4me1_frozen__zhihan1996_DNABERT-2-117M__20260514T122234Z,1,0,0.5039748549461365,0.4960251748561859
gue_emp_H3K4me1_frozen__zhihan1996_DNABERT-2-117M__20260514T122234Z,0,1,0.42235568165779114,0.5776442885398865
gue_emp_H3K4me1_frozen__zhihan1996_DNABERT-2-117M__20260514T122234Z,0,1,0.4253963530063629,0.5746036767959595
gue_emp_H3K4me1_frozen__zhihan1996_DNABERT-2-117M__20260514T122234Z,0,0,0.5279858708381653,0.4720141589641571
gue_emp_H3K4me1_frozen__zhihan1996_DNABERT-2-117M__20260514T122234Z,1,0,0.5191194415092468,0.4808805286884308
gue_emp_H3K4me1_frozen__zhihan1996_DNABERT-2-117M__20260514T122234Z,1,0,0.5138333439826965,0.48616668581962585
gue_emp_H3K4me1_frozen__zhihan1996_DNABERT-2-117M__20260514T122234Z,0,0,0.5705856084823608,0.42941439151763916
gue_emp_H3K4me1_frozen__zhihan1996_DNABERT-2-117M__20260514T122234Z,1,1,0.45005345344543457,0.5499466061592102
gue_emp_H3K4me1_frozen__zhihan1996_DNABERT-2-117M__20260514T122234Z,1,0,0.5277690887451172,0.4722309112548828
gue_emp_H3K4me1_frozen__zhihan1996_DNABERT-2-117M__20260514T122234Z,1,0,0.5186204314231873,0.48137950897216797
gue_emp_H3K4me1_frozen__zhihan1996_DNABERT-2-117M__20260514T122234Z,1,0,0.5149109959602356,0.48508894443511963
gue_emp_H3K4me1_frozen__zhihan1996_DNABERT-2-117M__20260514T122234Z,1,1,0.4675596356391907,0.5324403047561646
gue_emp_H3K4me1_frozen__zhihan1996_DNABERT-2-117M__20260514T122234Z,0,0,0.5762737393379211,0.42372623085975647
gue_emp_H3K4me1_frozen__zhihan1996_DNABERT-2-117M__20260514T122234Z,0,0,0.5695533752441406,0.430446594953537
gue_emp_H3K4me1_frozen__zhihan1996_DNABERT-2-117M__20260514T122234Z,1,1,0.3527590036392212,0.6472409963607788
gue_emp_H3K4me1_frozen__zhihan1996_DNABERT-2-117M__20260514T122234Z,0,0,0.5107595920562744,0.4892404079437256
gue_emp_H3K4me1_frozen__zhihan1996_DNABERT-2-117M__20260514T122234Z,1,1,0.4461478292942047,0.5538522005081177
gue_emp_H3K4me1_frozen__zhihan1996_DNABERT-2-117M__20260514T122234Z,1,0,0.534737765789032,0.46526217460632324
gue_emp_H3K4me1_frozen__zhihan1996_DNABERT-2-117M__20260514T122234Z,0,0,0.5696581602096558,0.43034180998802185
gue_emp_H3K4me1_frozen__zhihan1996_DNABERT-2-117M__20260514T122234Z,1,1,0.46218475699424744,0.537815272808075
gue_emp_H3K4me1_frozen__zhihan1996_DNABERT-2-117M__20260514T122234Z,1,0,0.5687302350997925,0.4312697947025299
gue_emp_H3K4me1_frozen__zhihan1996_DNABERT-2-117M__20260514T122234Z,1,1,0.4034786820411682,0.596521258354187
gue_emp_H3K4me1_frozen__zhihan1996_DNABERT-2-117M__20260514T122234Z,1,1,0.43076086044311523,0.5692391395568848
gue_emp_H3K4me1_frozen__zhihan1996_DNABERT-2-117M__20260514T122234Z,1,0,0.5427572727203369,0.4572427570819855
gue_emp_H3K4me1_frozen__zhihan1996_DNABERT-2-117M__20260514T122234Z,0,0,0.556821346282959,0.44317862391471863
gue_emp_H3K4me1_frozen__zhihan1996_DNABERT-2-117M__20260514T122234Z,1,0,0.5630325675010681,0.4369673728942871
gue_emp_H3K4me1_frozen__zhihan1996_DNABERT-2-117M__20260514T122234Z,1,1,0.4890955090522766,0.5109044909477234
gue_emp_H3K4me1_frozen__zhihan1996_DNABERT-2-117M__20260514T122234Z,1,0,0.5362370014190674,0.4637629985809326
gue_emp_H3K4me1_frozen__zhihan1996_DNABERT-2-117M__20260514T122234Z,1,1,0.4998779296875,0.5001220107078552
gue_emp_H3K4me1_frozen__zhihan1996_DNABERT-2-117M__20260514T122234Z,0,0,0.5120944976806641,0.48790544271469116
gue_emp_H3K4me1_frozen__zhihan1996_DNABERT-2-117M__20260514T122234Z,0,0,0.5466625094413757,0.45333749055862427
gue_emp_H3K4me1_frozen__zhihan1996_DNABERT-2-117M__20260514T122234Z,0,0,0.5857825875282288,0.41421741247177124
gue_emp_H3K4me1_frozen__zhihan1996_DNABERT-2-117M__20260514T122234Z,1,1,0.38586631417274475,0.6141336560249329
gue_emp_H3K4me1_frozen__zhihan1996_DNABERT-2-117M__20260514T122234Z,1,1,0.46244269609451294,0.5375573039054871
gue_emp_H3K4me1_frozen__zhihan1996_DNABERT-2-117M__20260514T122234Z,1,1,0.45209744572639465,0.547902524471283
gue_emp_H3K4me1_frozen__zhihan1996_DNABERT-2-117M__20260514T122234Z,0,0,0.5630025863647461,0.4369974136352539
gue_emp_H3K4me1_frozen__zhihan1996_DNABERT-2-117M__20260514T122234Z,0,0,0.5426058173179626,0.45739421248435974
gue_emp_H3K4me1_frozen__zhihan1996_DNABERT-2-117M__20260514T122234Z,0,0,0.6039610505104065,0.3960389494895935
gue_emp_H3K4me1_frozen__zhihan1996_DNABERT-2-117M__20260514T122234Z,0,1,0.46361878514289856,0.536381185054779
gue_emp_H3K4me1_frozen__zhihan1996_DNABERT-2-117M__20260514T122234Z,1,1,0.3158942461013794,0.6841058135032654
gue_emp_H3K4me1_frozen__zhihan1996_DNABERT-2-117M__20260514T122234Z,1,0,0.538285493850708,0.4617144763469696
gue_emp_H3K4me1_frozen__zhihan1996_DNABERT-2-117M__20260514T122234Z,0,0,0.5871295928955078,0.4128704071044922
gue_emp_H3K4me1_frozen__zhihan1996_DNABERT-2-117M__20260514T122234Z,0,0,0.576988935470581,0.42301106452941895
gue_emp_H3K4me1_frozen__zhihan1996_DNABERT-2-117M__20260514T122234Z,0,1,0.48008638620376587,0.5199136137962341
gue_emp_H3K4me1_frozen__zhihan1996_DNABERT-2-117M__20260514T122234Z,1,0,0.5557366609573364,0.4442633390426636
gue_emp_H3K4me1_frozen__zhihan1996_DNABERT-2-117M__20260514T122234Z,0,0,0.5572731494903564,0.44272682070732117
gue_emp_H3K4me1_frozen__zhihan1996_DNABERT-2-117M__20260514T122234Z,0,1,0.38021227717399597,0.6197877526283264
gue_emp_H3K4me1_frozen__zhihan1996_DNABERT-2-117M__20260514T122234Z,0,1,0.419291228055954,0.5807088017463684
gue_emp_H3K4me1_frozen__zhihan1996_DNABERT-2-117M__20260514T122234Z,1,0,0.535523533821106,0.46447646617889404
gue_emp_H3K4me1_frozen__zhihan1996_DNABERT-2-117M__20260514T122234Z,1,1,0.42597830295562744,0.5740216970443726
gue_emp_H3K4me1_frozen__zhihan1996_DNABERT-2-117M__20260514T122234Z,1,1,0.4196925163269043,0.5803074836730957
gue_emp_H3K4me1_frozen__zhihan1996_DNABERT-2-117M__20260514T122234Z,0,0,0.5089187622070312,0.49108120799064636
gue_emp_H3K4me1_frozen__zhihan1996_DNABERT-2-117M__20260514T122234Z,0,0,0.5710939764976501,0.42890602350234985
gue_emp_H3K4me1_frozen__zhihan1996_DNABERT-2-117M__20260514T122234Z,1,1,0.42424800992012024,0.5757520198822021
gue_emp_H3K4me1_frozen__zhihan1996_DNABERT-2-117M__20260514T122234Z,0,1,0.4964886009693146,0.503511369228363
gue_emp_H3K4me1_frozen__zhihan1996_DNABERT-2-117M__20260514T122234Z,0,0,0.5189194679260254,0.4810805022716522
gue_emp_H3K4me1_frozen__zhihan1996_DNABERT-2-117M__20260514T122234Z,1,1,0.39187130331993103,0.6081287264823914
gue_emp_H3K4me1_frozen__zhihan1996_DNABERT-2-117M__20260514T122234Z,1,1,0.34997695684432983,0.6500230431556702
gue_emp_H3K4me1_frozen__zhihan1996_DNABERT-2-117M__20260514T122234Z,0,0,0.5494744181632996,0.45052558183670044
gue_emp_H3K4me1_frozen__zhihan1996_DNABERT-2-117M__20260514T122234Z,0,0,0.54617840051651,0.4538215398788452
gue_emp_H3K4me1_frozen__zhihan1996_DNABERT-2-117M__20260514T122234Z,0,1,0.34012892842292786,0.6598710417747498
gue_emp_H3K4me1_frozen__zhihan1996_DNABERT-2-117M__20260514T122234Z,0,0,0.546057403087616,0.45394256711006165
gue_emp_H3K4me1_frozen__zhihan1996_DNABERT-2-117M__20260514T122234Z,0,0,0.510961651802063,0.4890383183956146
gue_emp_H3K4me1_frozen__zhihan1996_DNABERT-2-117M__20260514T122234Z,1,1,0.3997237980365753,0.6002762317657471
gue_emp_H3K4me1_frozen__zhihan1996_DNABERT-2-117M__20260514T122234Z,1,1,0.4670051336288452,0.5329948663711548
gue_emp_H3K4me1_frozen__zhihan1996_DNABERT-2-117M__20260514T122234Z,0,0,0.61503005027771,0.38496991991996765
gue_emp_H3K4me1_frozen__zhihan1996_DNABERT-2-117M__20260514T122234Z,0,0,0.534278392791748,0.46572157740592957
gue_emp_H3K4me1_frozen__zhihan1996_DNABERT-2-117M__20260514T122234Z,0,1,0.3988015055656433,0.6011984944343567
gue_emp_H3K4me1_frozen__zhihan1996_DNABERT-2-117M__20260514T122234Z,1,1,0.4090142250061035,0.5909857749938965
gue_emp_H3K4me1_frozen__zhihan1996_DNABERT-2-117M__20260514T122234Z,1,1,0.47027286887168884,0.5297271609306335
gue_emp_H3K4me1_frozen__zhihan1996_DNABERT-2-117M__20260514T122234Z,1,0,0.551754891872406,0.4482451379299164
gue_emp_H3K4me1_frozen__zhihan1996_DNABERT-2-117M__20260514T122234Z,1,1,0.45032164454460144,0.549678385257721
gue_emp_H3K4me1_frozen__zhihan1996_DNABERT-2-117M__20260514T122234Z,1,0,0.5235117077827454,0.47648829221725464
gue_emp_H3K4me1_frozen__zhihan1996_DNABERT-2-117M__20260514T122234Z,1,1,0.39230772852897644,0.607692301273346
gue_emp_H3K4me1_frozen__zhihan1996_DNABERT-2-117M__20260514T122234Z,1,1,0.35420966148376465,0.6457903385162354
gue_emp_H3K4me1_frozen__zhihan1996_DNABERT-2-117M__20260514T122234Z,0,1,0.41730114817619324,0.5826988220214844
gue_emp_H3K4me1_frozen__zhihan1996_DNABERT-2-117M__20260514T122234Z,1,0,0.5837670564651489,0.41623297333717346
gue_emp_H3K4me1_frozen__zhihan1996_DNABERT-2-117M__20260514T122234Z,1,1,0.38928529620170593,0.6107146739959717
gue_emp_H3K4me1_frozen__zhihan1996_DNABERT-2-117M__20260514T122234Z,1,0,0.5359941720962524,0.46400585770606995
gue_emp_H3K4me1_frozen__zhihan1996_DNABERT-2-117M__20260514T122234Z,1,1,0.4400744140148163,0.5599255561828613
gue_emp_H3K4me1_frozen__zhihan1996_DNABERT-2-117M__20260514T122234Z,1,1,0.4892747104167938,0.5107253193855286
gue_emp_H3K4me1_frozen__zhihan1996_DNABERT-2-117M__20260514T122234Z,0,1,0.4860113263130188,0.5139886736869812
gue_emp_H3K4me1_frozen__zhihan1996_DNABERT-2-117M__20260514T122234Z,1,1,0.44720661640167236,0.5527934432029724
gue_emp_H3K4me1_frozen__zhihan1996_DNABERT-2-117M__20260514T122234Z,0,0,0.6176567673683167,0.38234320282936096
gue_emp_H3K4me1_frozen__zhihan1996_DNABERT-2-117M__20260514T122234Z,0,1,0.49185633659362793,0.5081436634063721
gue_emp_H3K4me1_frozen__zhihan1996_DNABERT-2-117M__20260514T122234Z,1,1,0.46544063091278076,0.5345593690872192
gue_emp_H3K4me1_frozen__zhihan1996_DNABERT-2-117M__20260514T122234Z,1,1,0.39595139026641846,0.6040486097335815
gue_emp_H3K4me1_frozen__zhihan1996_DNABERT-2-117M__20260514T122234Z,1,1,0.339991956949234,0.6600080132484436
gue_emp_H3K4me1_frozen__zhihan1996_DNABERT-2-117M__20260514T122234Z,1,1,0.4195624589920044,0.5804375410079956
gue_emp_H3K4me1_frozen__zhihan1996_DNABERT-2-117M__20260514T122234Z,1,1,0.351811945438385,0.6481879949569702
gue_emp_H3K4me1_frozen__zhihan1996_DNABERT-2-117M__20260514T122234Z,1,0,0.5699723362922668,0.43002763390541077
gue_emp_H3K4me1_frozen__zhihan1996_DNABERT-2-117M__20260514T122234Z,1,0,0.5157037377357483,0.4842962324619293
gue_emp_H3K4me1_frozen__zhihan1996_DNABERT-2-117M__20260514T122234Z,1,1,0.43077585101127625,0.5692241787910461
gue_emp_H3K4me1_frozen__zhihan1996_DNABERT-2-117M__20260514T122234Z,1,0,0.5034903883934021,0.4965095818042755
gue_emp_H3K4me1_frozen__zhihan1996_DNABERT-2-117M__20260514T122234Z,0,0,0.6276944875717163,0.3723054826259613
gue_emp_H3K4me1_frozen__zhihan1996_DNABERT-2-117M__20260514T122234Z,0,1,0.48015496134757996,0.5198450684547424
gue_emp_H3K4me1_frozen__zhihan1996_DNABERT-2-117M__20260514T122234Z,1,1,0.4770973324775696,0.5229027271270752
gue_emp_H3K4me1_frozen__zhihan1996_DNABERT-2-117M__20260514T122234Z,1,0,0.5556914210319519,0.4443085789680481
gue_emp_H3K4me1_frozen__zhihan1996_DNABERT-2-117M__20260514T122234Z,1,1,0.417256623506546,0.5827434062957764
gue_emp_H3K4me1_frozen__zhihan1996_DNABERT-2-117M__20260514T122234Z,0,0,0.5168774127960205,0.4831225574016571
gue_emp_H3K4me1_frozen__zhihan1996_DNABERT-2-117M__20260514T122234Z,1,1,0.45312193036079407,0.5468780398368835
gue_emp_H3K4me1_frozen__zhihan1996_DNABERT-2-117M__20260514T122234Z,1,1,0.4542451798915863,0.5457548499107361
gue_emp_H3K4me1_frozen__zhihan1996_DNABERT-2-117M__20260514T122234Z,1,0,0.5630476474761963,0.4369523525238037
gue_emp_H3K4me1_frozen__zhihan1996_DNABERT-2-117M__20260514T122234Z,0,0,0.5590944886207581,0.44090554118156433
gue_emp_H3K4me1_frozen__zhihan1996_DNABERT-2-117M__20260514T122234Z,0,1,0.446871817111969,0.553128182888031
gue_emp_H3K4me1_frozen__zhihan1996_DNABERT-2-117M__20260514T122234Z,1,1,0.35420966148376465,0.6457903385162354
gue_emp_H3K4me1_frozen__zhihan1996_DNABERT-2-117M__20260514T122234Z,1,0,0.5474792122840881,0.45252078771591187
gue_emp_H3K4me1_frozen__zhihan1996_DNABERT-2-117M__20260514T122234Z,1,0,0.553360104560852,0.44663989543914795
gue_emp_H3K4me1_frozen__zhihan1996_DNABERT-2-117M__20260514T122234Z,1,0,0.5079625248908997,0.49203750491142273
gue_emp_H3K4me1_frozen__zhihan1996_DNABERT-2-117M__20260514T122234Z,1,0,0.5094364285469055,0.4905635714530945
gue_emp_H3K4me1_frozen__zhihan1996_DNABERT-2-117M__20260514T122234Z,1,0,0.529762327671051,0.470237672328949
gue_emp_H3K4me1_frozen__zhihan1996_DNABERT-2-117M__20260514T122234Z,1,0,0.541715681552887,0.45828428864479065
gue_emp_H3K4me1_frozen__zhihan1996_DNABERT-2-117M__20260514T122234Z,0,0,0.5693439245223999,0.4306560754776001
gue_emp_H3K4me1_frozen__zhihan1996_DNABERT-2-117M__20260514T122234Z,0,0,0.5195594429969788,0.48044058680534363
gue_emp_H3K4me1_frozen__zhihan1996_DNABERT-2-117M__20260514T122234Z,0,0,0.5108243823051453,0.48917558789253235
gue_emp_H3K4me1_frozen__zhihan1996_DNABERT-2-117M__20260514T122234Z,1,1,0.39404064416885376,0.6059593558311462
gue_emp_H3K4me1_frozen__zhihan1996_DNABERT-2-117M__20260514T122234Z,0,0,0.5526642203330994,0.447335809469223
gue_emp_H3K4me1_frozen__zhihan1996_DNABERT-2-117M__20260514T122234Z,0,0,0.5530678033828735,0.44693219661712646
gue_emp_H3K4me1_frozen__zhihan1996_DNABERT-2-117M__20260514T122234Z,1,1,0.39606815576553345,0.6039317846298218
gue_emp_H3K4me1_frozen__zhihan1996_DNABERT-2-117M__20260514T122234Z,1,1,0.416648268699646,0.583351731300354
gue_emp_H3K4me1_frozen__zhihan1996_DNABERT-2-117M__20260514T122234Z,1,1,0.4298182427883148,0.5701817870140076
gue_emp_H3K4me1_frozen__zhihan1996_DNABERT-2-117M__20260514T122234Z,1,0,0.5912512540817261,0.40874868631362915
gue_emp_H3K4me1_frozen__zhihan1996_DNABERT-2-117M__20260514T122234Z,0,0,0.5245811343193054,0.4754188656806946
gue_emp_H3K4me1_frozen__zhihan1996_DNABERT-2-117M__20260514T122234Z,1,1,0.36390116810798645,0.6360988020896912
gue_emp_H3K4me1_frozen__zhihan1996_DNABERT-2-117M__20260514T122234Z,1,1,0.3093365728855133,0.6906633973121643
gue_emp_H3K4me1_frozen__zhihan1996_DNABERT-2-117M__20260514T122234Z,1,1,0.4891336262226105,0.5108664035797119
gue_emp_H3K4me1_frozen__zhihan1996_DNABERT-2-117M__20260514T122234Z,1,1,0.37980958819389343,0.6201903820037842
gue_emp_H3K4me1_frozen__zhihan1996_DNABERT-2-117M__20260514T122234Z,0,0,0.502197265625,0.497802734375
gue_emp_H3K4me1_frozen__zhihan1996_DNABERT-2-117M__20260514T122234Z,0,1,0.4550245702266693,0.5449754595756531
gue_emp_H3K4me1_frozen__zhihan1996_DNABERT-2-117M__20260514T122234Z,0,0,0.5730811953544617,0.42691874504089355
gue_emp_H3K4me1_frozen__zhihan1996_DNABERT-2-117M__20260514T122234Z,0,0,0.5112323760986328,0.4887675940990448
gue_emp_H3K4me1_frozen__zhihan1996_DNABERT-2-117M__20260514T122234Z,1,1,0.4986152648925781,0.5013847351074219
gue_emp_H3K4me1_frozen__zhihan1996_DNABERT-2-117M__20260514T122234Z,0,0,0.5155665278434753,0.4844334125518799
gue_emp_H3K4me1_frozen__zhihan1996_DNABERT-2-117M__20260514T122234Z,1,1,0.4515230059623718,0.5484769940376282
gue_emp_H3K4me1_frozen__zhihan1996_DNABERT-2-117M__20260514T122234Z,0,1,0.48103100061416626,0.5189689993858337
gue_emp_H3K4me1_frozen__zhihan1996_DNABERT-2-117M__20260514T122234Z,1,1,0.48133954405784607,0.5186604857444763
gue_emp_H3K4me1_frozen__zhihan1996_DNABERT-2-117M__20260514T122234Z,1,1,0.4353313148021698,0.5646687150001526
gue_emp_H3K4me1_frozen__zhihan1996_DNABERT-2-117M__20260514T122234Z,0,1,0.4808557629585266,0.5191442370414734
gue_emp_H3K4me1_frozen__zhihan1996_DNABERT-2-117M__20260514T122234Z,1,1,0.46622657775878906,0.5337734222412109
gue_emp_H3K4me1_frozen__zhihan1996_DNABERT-2-117M__20260514T122234Z,1,1,0.32119378447532654,0.6788061857223511
gue_emp_H3K4me1_frozen__zhihan1996_DNABERT-2-117M__20260514T122234Z,0,0,0.5213226675987244,0.47867730259895325
gue_emp_H3K4me1_frozen__zhihan1996_DNABERT-2-117M__20260514T122234Z,1,0,0.5614853501319885,0.4385146498680115
gue_emp_H3K4me1_frozen__zhihan1996_DNABERT-2-117M__20260514T122234Z,0,1,0.4836026728153229,0.5163972973823547
gue_emp_H3K4me1_frozen__zhihan1996_DNABERT-2-117M__20260514T122234Z,0,1,0.4532315731048584,0.5467683672904968
gue_emp_H3K4me1_frozen__zhihan1996_DNABERT-2-117M__20260514T122234Z,1,1,0.4683755338191986,0.5316244959831238
gue_emp_H3K4me1_frozen__zhihan1996_DNABERT-2-117M__20260514T122234Z,1,1,0.2929997444152832,0.7070003151893616
gue_emp_H3K4me1_frozen__zhihan1996_DNABERT-2-117M__20260514T122234Z,1,0,0.6054200530052185,0.39458000659942627
gue_emp_H3K4me1_frozen__zhihan1996_DNABERT-2-117M__20260514T122234Z,0,1,0.45155322551727295,0.548446774482727
gue_emp_H3K4me1_frozen__zhihan1996_DNABERT-2-117M__20260514T122234Z,1,0,0.5577700138092041,0.4422299861907959
gue_emp_H3K4me1_frozen__zhihan1996_DNABERT-2-117M__20260514T122234Z,1,0,0.545210063457489,0.454789936542511
gue_emp_H3K4me1_frozen__zhihan1996_DNABERT-2-117M__20260514T122234Z,0,0,0.6238353848457336,0.37616467475891113
gue_emp_H3K4me1_frozen__zhihan1996_DNABERT-2-117M__20260514T122234Z,1,0,0.6120198369026184,0.3879801332950592
gue_emp_H3K4me1_frozen__zhihan1996_DNABERT-2-117M__20260514T122234Z,0,0,0.5292671918869019,0.47073280811309814
gue_emp_H3K4me1_frozen__zhihan1996_DNABERT-2-117M__20260514T122234Z,1,0,0.5530828833580017,0.4469170868396759
gue_emp_H3K4me1_frozen__zhihan1996_DNABERT-2-117M__20260514T122234Z,1,0,0.5780016183853149,0.42199835181236267
gue_emp_H3K4me1_frozen__zhihan1996_DNABERT-2-117M__20260514T122234Z,1,1,0.45851537585258484,0.5414845943450928
gue_emp_H3K4me1_frozen__zhihan1996_DNABERT-2-117M__20260514T122234Z,1,1,0.47129929065704346,0.5287007093429565
gue_emp_H3K4me1_frozen__zhihan1996_DNABERT-2-117M__20260514T122234Z,0,0,0.5765717625617981,0.4234282374382019
gue_emp_H3K4me1_frozen__zhihan1996_DNABERT-2-117M__20260514T122234Z,0,0,0.5558421015739441,0.44415783882141113
gue_emp_H3K4me1_frozen__zhihan1996_DNABERT-2-117M__20260514T122234Z,1,1,0.30554190278053284,0.6944581270217896
gue_emp_H3K4me1_frozen__zhihan1996_DNABERT-2-117M__20260514T122234Z,1,0,0.5933589339256287,0.40664103627204895
gue_emp_H3K4me1_frozen__zhihan1996_DNABERT-2-117M__20260514T122234Z,0,0,0.5939331650733948,0.4060668349266052
gue_emp_H3K4me1_frozen__zhihan1996_DNABERT-2-117M__20260514T122234Z,1,0,0.5210980176925659,0.47890201210975647
gue_emp_H3K4me1_frozen__zhihan1996_DNABERT-2-117M__20260514T122234Z,1,0,0.5154522657394409,0.48454779386520386
gue_emp_H3K4me1_frozen__zhihan1996_DNABERT-2-117M__20260514T122234Z,1,0,0.5726182460784912,0.4273817539215088
gue_emp_H3K4me1_frozen__zhihan1996_DNABERT-2-117M__20260514T122234Z,0,0,0.5027236938476562,0.4972763657569885
gue_emp_H3K4me1_frozen__zhihan1996_DNABERT-2-117M__20260514T122234Z,1,0,0.5013809204101562,0.49861907958984375
gue_emp_H3K4me1_frozen__zhihan1996_DNABERT-2-117M__20260514T122234Z,1,1,0.41501736640930176,0.5849826335906982
gue_emp_H3K4me1_frozen__zhihan1996_DNABERT-2-117M__20260514T122234Z,1,1,0.3782006800174713,0.6217992901802063
gue_emp_H3K4me1_frozen__zhihan1996_DNABERT-2-117M__20260514T122234Z,0,1,0.41111084818840027,0.5888891220092773
gue_emp_H3K4me1_frozen__zhihan1996_DNABERT-2-117M__20260514T122234Z,0,1,0.45504721999168396,0.5449527502059937
gue_emp_H3K4me1_frozen__zhihan1996_DNABERT-2-117M__20260514T122234Z,0,0,0.5053480267524719,0.49465200304985046
gue_emp_H3K4me1_frozen__zhihan1996_DNABERT-2-117M__20260514T122234Z,1,0,0.5758861899375916,0.42411378026008606
gue_emp_H3K4me1_frozen__zhihan1996_DNABERT-2-117M__20260514T122234Z,1,1,0.3919295072555542,0.6080705523490906
gue_emp_H3K4me1_frozen__zhihan1996_DNABERT-2-117M__20260514T122234Z,0,1,0.4989433288574219,0.5010566115379333
gue_emp_H3K4me1_frozen__zhihan1996_DNABERT-2-117M__20260514T122234Z,0,0,0.564683735370636,0.435316264629364
gue_emp_H3K4me1_frozen__zhihan1996_DNABERT-2-117M__20260514T122234Z,1,1,0.4513113796710968,0.5486885905265808
gue_emp_H3K4me1_frozen__zhihan1996_DNABERT-2-117M__20260514T122234Z,1,0,0.5308141708374023,0.46918582916259766
gue_emp_H3K4me1_frozen__zhihan1996_DNABERT-2-117M__20260514T122234Z,0,1,0.47359636425971985,0.5264036059379578
gue_emp_H3K4me1_frozen__zhihan1996_DNABERT-2-117M__20260514T122234Z,1,1,0.4149136543273926,0.5850863456726074
gue_emp_H3K4me1_frozen__zhihan1996_DNABERT-2-117M__20260514T122234Z,1,1,0.4768689274787903,0.5231310129165649
gue_emp_H3K4me1_frozen__zhihan1996_DNABERT-2-117M__20260514T122234Z,1,0,0.6159545183181763,0.3840455114841461
gue_emp_H3K4me1_frozen__zhihan1996_DNABERT-2-117M__20260514T122234Z,1,1,0.3558308780193329,0.6441691517829895
gue_emp_H3K4me1_frozen__zhihan1996_DNABERT-2-117M__20260514T122234Z,1,1,0.35203465819358826,0.6479653120040894
gue_emp_H3K4me1_frozen__zhihan1996_DNABERT-2-117M__20260514T122234Z,0,0,0.630827009677887,0.36917293071746826
gue_emp_H3K4me1_frozen__zhihan1996_DNABERT-2-117M__20260514T122234Z,1,1,0.35317718982696533,0.6468228697776794
gue_emp_H3K4me1_frozen__zhihan1996_DNABERT-2-117M__20260514T122234Z,1,1,0.3556070327758789,0.6443929076194763
gue_emp_H3K4me1_frozen__zhihan1996_DNABERT-2-117M__20260514T122234Z,0,0,0.5548322796821594,0.4451676905155182
gue_emp_H3K4me1_frozen__zhihan1996_DNABERT-2-117M__20260514T122234Z,1,0,0.5190033316612244,0.480996698141098
gue_emp_H3K4me1_frozen__zhihan1996_DNABERT-2-117M__20260514T122234Z,0,0,0.5648487210273743,0.43515127897262573
gue_emp_H3K4me1_frozen__zhihan1996_DNABERT-2-117M__20260514T122234Z,1,0,0.5354931354522705,0.4645068347454071
gue_emp_H3K4me1_frozen__zhihan1996_DNABERT-2-117M__20260514T122234Z,0,1,0.4493548572063446,0.550645112991333
gue_emp_H3K4me1_frozen__zhihan1996_DNABERT-2-117M__20260514T122234Z,0,0,0.5216158628463745,0.4783841371536255
gue_emp_H3K4me1_frozen__zhihan1996_DNABERT-2-117M__20260514T122234Z,0,1,0.45351895689964294,0.5464810132980347
gue_emp_H3K4me1_frozen__zhihan1996_DNABERT-2-117M__20260514T122234Z,1,1,0.4197371304035187,0.5802628993988037
gue_emp_H3K4me1_frozen__zhihan1996_DNABERT-2-117M__20260514T122234Z,1,1,0.39533841609954834,0.6046615839004517
gue_emp_H3K4me1_frozen__zhihan1996_DNABERT-2-117M__20260514T122234Z,1,1,0.44420307874679565,0.5557968616485596
gue_emp_H3K4me1_frozen__zhihan1996_DNABERT-2-117M__20260514T122234Z,1,0,0.515177845954895,0.484822154045105
gue_emp_H3K4me1_frozen__zhihan1996_DNABERT-2-117M__20260514T122234Z,0,0,0.5944041609764099,0.4055958688259125
gue_emp_H3K4me1_frozen__zhihan1996_DNABERT-2-117M__20260514T122234Z,1,1,0.4524168074131012,0.5475831627845764
gue_emp_H3K4me1_frozen__zhihan1996_DNABERT-2-117M__20260514T122234Z,1,0,0.5704959034919739,0.4295041561126709
gue_emp_H3K4me1_frozen__zhihan1996_DNABERT-2-117M__20260514T122234Z,1,1,0.3605734705924988,0.6394265294075012
gue_emp_H3K4me1_frozen__zhihan1996_DNABERT-2-117M__20260514T122234Z,0,0,0.5259661674499512,0.47403383255004883
gue_emp_H3K4me1_frozen__zhihan1996_DNABERT-2-117M__20260514T122234Z,1,1,0.42857715487480164,0.5714228749275208
gue_emp_H3K4me1_frozen__zhihan1996_DNABERT-2-117M__20260514T122234Z,1,1,0.332093745470047,0.6679062247276306
gue_emp_H3K4me1_frozen__zhihan1996_DNABERT-2-117M__20260514T122234Z,0,0,0.5817338824272156,0.4182661771774292
gue_emp_H3K4me1_frozen__zhihan1996_DNABERT-2-117M__20260514T122234Z,1,1,0.40749549865722656,0.5925045013427734
gue_emp_H3K4me1_frozen__zhihan1996_DNABERT-2-117M__20260514T122234Z,0,0,0.5079949498176575,0.4920050799846649
gue_emp_H3K4me1_frozen__zhihan1996_DNABERT-2-117M__20260514T122234Z,1,1,0.4980621337890625,0.5019378662109375
gue_emp_H3K4me1_frozen__zhihan1996_DNABERT-2-117M__20260514T122234Z,0,0,0.5312511920928955,0.4687488377094269
gue_emp_H3K4me1_frozen__zhihan1996_DNABERT-2-117M__20260514T122234Z,0,0,0.6318783164024353,0.3681217133998871
gue_emp_H3K4me1_frozen__zhihan1996_DNABERT-2-117M__20260514T122234Z,0,0,0.5311790108680725,0.46882104873657227
gue_emp_H3K4me1_frozen__zhihan1996_DNABERT-2-117M__20260514T122234Z,1,0,0.5215968489646912,0.4784031808376312
gue_emp_H3K4me1_frozen__zhihan1996_DNABERT-2-117M__20260514T122234Z,0,0,0.5122427344322205,0.48775726556777954
gue_emp_H3K4me1_frozen__zhihan1996_DNABERT-2-117M__20260514T122234Z,1,1,0.4180285632610321,0.5819714069366455
gue_emp_H3K4me1_frozen__zhihan1996_DNABERT-2-117M__20260514T122234Z,0,0,0.5898492932319641,0.4101507365703583
gue_emp_H3K4me1_frozen__zhihan1996_DNABERT-2-117M__20260514T122234Z,1,1,0.44720378518104553,0.5527962446212769
gue_emp_H3K4me1_frozen__zhihan1996_DNABERT-2-117M__20260514T122234Z,1,1,0.4967346787452698,0.5032653212547302
gue_emp_H3K4me1_frozen__zhihan1996_DNABERT-2-117M__20260514T122234Z,1,1,0.40820303559303284,0.5917969346046448
gue_emp_H3K4me1_frozen__zhihan1996_DNABERT-2-117M__20260514T122234Z,0,0,0.51335209608078,0.48664790391921997
gue_emp_H3K4me1_frozen__zhihan1996_DNABERT-2-117M__20260514T122234Z,1,1,0.42802420258522034,0.571975827217102
gue_emp_H3K4me1_frozen__zhihan1996_DNABERT-2-117M__20260514T122234Z,1,1,0.4711928069591522,0.5288071632385254
gue_emp_H3K4me1_frozen__zhihan1996_DNABERT-2-117M__20260514T122234Z,1,0,0.525912880897522,0.47408708930015564
gue_emp_H3K4me1_frozen__zhihan1996_DNABERT-2-117M__20260514T122234Z,0,0,0.5088567733764648,0.4911431670188904
gue_emp_H3K4me1_frozen__zhihan1996_DNABERT-2-117M__20260514T122234Z,1,0,0.5460271239280701,0.45397284626960754
gue_emp_H3K4me1_frozen__zhihan1996_DNABERT-2-117M__20260514T122234Z,1,0,0.5179613828659058,0.48203861713409424
gue_emp_H3K4me1_frozen__zhihan1996_DNABERT-2-117M__20260514T122234Z,0,0,0.5767207741737366,0.4232792258262634
gue_emp_H3K4me1_frozen__zhihan1996_DNABERT-2-117M__20260514T122234Z,0,1,0.4610622823238373,0.5389376878738403
gue_emp_H3K4me1_frozen__zhihan1996_DNABERT-2-117M__20260514T122234Z,0,0,0.5521284341812134,0.44787153601646423
gue_emp_H3K4me1_frozen__zhihan1996_DNABERT-2-117M__20260514T122234Z,1,1,0.4253963530063629,0.5746036767959595
gue_emp_H3K4me1_frozen__zhihan1996_DNABERT-2-117M__20260514T122234Z,0,0,0.6068770885467529,0.3931228816509247
gue_emp_H3K4me1_frozen__zhihan1996_DNABERT-2-117M__20260514T122234Z,0,0,0.5316843390464783,0.46831566095352173
gue_emp_H3K4me1_frozen__zhihan1996_DNABERT-2-117M__20260514T122234Z,1,1,0.4012771546840668,0.5987228751182556
gue_emp_H3K4me1_frozen__zhihan1996_DNABERT-2-117M__20260514T122234Z,1,0,0.5048978924751282,0.4951021075248718
gue_emp_H3K4me1_frozen__zhihan1996_DNABERT-2-117M__20260514T122234Z,1,1,0.43633678555488586,0.5636632442474365
gue_emp_H3K4me1_frozen__zhihan1996_DNABERT-2-117M__20260514T122234Z,1,1,0.38139235973358154,0.6186076402664185
gue_emp_H3K4me1_frozen__zhihan1996_DNABERT-2-117M__20260514T122234Z,1,0,0.5342139005661011,0.4657861292362213
gue_emp_H3K4me1_frozen__zhihan1996_DNABERT-2-117M__20260514T122234Z,1,0,0.5302935242652893,0.4697064459323883
gue_emp_H3K4me1_frozen__zhihan1996_DNABERT-2-117M__20260514T122234Z,1,0,0.5084487199783325,0.4915512204170227
gue_emp_H3K4me1_frozen__zhihan1996_DNABERT-2-117M__20260514T122234Z,1,1,0.4709038734436035,0.5290960669517517
gue_emp_H3K4me1_frozen__zhihan1996_DNABERT-2-117M__20260514T122234Z,0,0,0.5625970959663391,0.4374029040336609
gue_emp_H3K4me1_frozen__zhihan1996_DNABERT-2-117M__20260514T122234Z,0,0,0.6123965978622437,0.38760340213775635
gue_emp_H3K4me1_frozen__zhihan1996_DNABERT-2-117M__20260514T122234Z,0,1,0.49295854568481445,0.5070415139198303
gue_emp_H3K4me1_frozen__zhihan1996_DNABERT-2-117M__20260514T122234Z,1,1,0.34169232845306396,0.658307671546936
gue_emp_H3K4me1_frozen__zhihan1996_DNABERT-2-117M__20260514T122234Z,0,0,0.6250090599060059,0.37499096989631653
gue_emp_H3K4me1_frozen__zhihan1996_DNABERT-2-117M__20260514T122234Z,1,1,0.35225749015808105,0.6477425694465637
gue_emp_H3K4me1_frozen__zhihan1996_DNABERT-2-117M__20260514T122234Z,1,0,0.5824316740036011,0.4175683259963989
gue_emp_H3K4me1_frozen__zhihan1996_DNABERT-2-117M__20260514T122234Z,1,1,0.46502685546875,0.53497314453125
gue_emp_H3K4me1_frozen__zhihan1996_DNABERT-2-117M__20260514T122234Z,0,0,0.6045156717300415,0.3954843580722809
gue_emp_H3K4me1_frozen__zhihan1996_DNABERT-2-117M__20260514T122234Z,0,1,0.4725770056247711,0.5274230241775513
gue_emp_H3K4me1_frozen__zhihan1996_DNABERT-2-117M__20260514T122234Z,1,1,0.4755139946937561,0.5244860053062439
gue_emp_H3K4me1_frozen__zhihan1996_DNABERT-2-117M__20260514T122234Z,1,0,0.5898049473762512,0.4101950228214264
gue_emp_H3K4me1_frozen__zhihan1996_DNABERT-2-117M__20260514T122234Z,1,1,0.42923498153686523,0.5707650184631348
gue_emp_H3K4me1_frozen__zhihan1996_DNABERT-2-117M__20260514T122234Z,0,1,0.47648829221725464,0.5235117077827454
gue_emp_H3K4me1_frozen__zhihan1996_DNABERT-2-117M__20260514T122234Z,1,0,0.5238466262817383,0.4761533737182617
gue_emp_H3K4me1_frozen__zhihan1996_DNABERT-2-117M__20260514T122234Z,0,0,0.5739470720291138,0.42605292797088623
gue_emp_H3K4me1_frozen__zhihan1996_DNABERT-2-117M__20260514T122234Z,1,1,0.46990033984184265,0.530099630355835
gue_emp_H3K4me1_frozen__zhihan1996_DNABERT-2-117M__20260514T122234Z,1,1,0.490548312664032,0.509451687335968
gue_emp_H3K4me1_frozen__zhihan1996_DNABERT-2-117M__20260514T122234Z,1,1,0.39396777749061584,0.6060321927070618
gue_emp_H3K4me1_frozen__zhihan1996_DNABERT-2-117M__20260514T122234Z,1,0,0.594904363155365,0.4050956666469574
gue_emp_H3K4me1_frozen__zhihan1996_DNABERT-2-117M__20260514T122234Z,1,0,0.5727675557136536,0.42723241448402405
gue_emp_H3K4me1_frozen__zhihan1996_DNABERT-2-117M__20260514T122234Z,1,1,0.4736267924308777,0.5263732075691223
gue_emp_H3K4me1_frozen__zhihan1996_DNABERT-2-117M__20260514T122234Z,1,0,0.5236905813217163,0.4763094186782837
gue_emp_H3K4me1_frozen__zhihan1996_DNABERT-2-117M__20260514T122234Z,1,1,0.40133580565452576,0.5986642241477966
gue_emp_H3K4me1_frozen__zhihan1996_DNABERT-2-117M__20260514T122234Z,0,1,0.4872960150241852,0.5127040147781372
gue_emp_H3K4me1_frozen__zhihan1996_DNABERT-2-117M__20260514T122234Z,1,1,0.499603271484375,0.500396728515625
gue_emp_H3K4me1_frozen__zhihan1996_DNABERT-2-117M__20260514T122234Z,0,0,0.583618700504303,0.416381299495697
gue_emp_H3K4me1_frozen__zhihan1996_DNABERT-2-117M__20260514T122234Z,0,0,0.5342708230018616,0.4657291769981384
gue_emp_H3K4me1_frozen__zhihan1996_DNABERT-2-117M__20260514T122234Z,0,1,0.46440815925598145,0.5355918407440186
gue_emp_H3K4me1_frozen__zhihan1996_DNABERT-2-117M__20260514T122234Z,1,0,0.5611396431922913,0.43886035680770874
gue_emp_H3K4me1_frozen__zhihan1996_DNABERT-2-117M__20260514T122234Z,0,0,0.5610194206237793,0.4389806091785431
gue_emp_H3K4me1_frozen__zhihan1996_DNABERT-2-117M__20260514T122234Z,1,0,0.5340582132339478,0.46594178676605225
gue_emp_H3K4me1_frozen__zhihan1996_DNABERT-2-117M__20260514T122234Z,1,1,0.4348362684249878,0.5651637315750122
gue_emp_H3K4me1_frozen__zhihan1996_DNABERT-2-117M__20260514T122234Z,1,1,0.4428774118423462,0.5571225881576538
gue_emp_H3K4me1_frozen__zhihan1996_DNABERT-2-117M__20260514T122234Z,1,1,0.4632014036178589,0.5367985963821411
gue_emp_H3K4me1_frozen__zhihan1996_DNABERT-2-117M__20260514T122234Z,1,0,0.5347795486450195,0.4652204215526581
gue_emp_H3K4me1_frozen__zhihan1996_DNABERT-2-117M__20260514T122234Z,0,1,0.3508661091327667,0.6491339206695557
gue_emp_H3K4me1_frozen__zhihan1996_DNABERT-2-117M__20260514T122234Z,1,0,0.5816892981529236,0.4183107316493988
gue_emp_H3K4me1_frozen__zhihan1996_DNABERT-2-117M__20260514T122234Z,1,1,0.4083062410354614,0.5916937589645386
gue_emp_H3K4me1_frozen__zhihan1996_DNABERT-2-117M__20260514T122234Z,0,0,0.5253079533576965,0.47469204664230347
gue_emp_H3K4me1_frozen__zhihan1996_DNABERT-2-117M__20260514T122234Z,0,0,0.5564899444580078,0.4435100555419922
gue_emp_H3K4me1_frozen__zhihan1996_DNABERT-2-117M__20260514T122234Z,1,1,0.43344178795814514,0.5665581822395325
gue_emp_H3K4me1_frozen__zhihan1996_DNABERT-2-117M__20260514T122234Z,0,0,0.588682234287262,0.41131776571273804
gue_emp_H3K4me1_frozen__zhihan1996_DNABERT-2-117M__20260514T122234Z,0,0,0.5419051051139832,0.45809489488601685
gue_emp_H3K4me1_frozen__zhihan1996_DNABERT-2-117M__20260514T122234Z,1,1,0.3765658140182495,0.6234341859817505
gue_emp_H3K4me1_frozen__zhihan1996_DNABERT-2-117M__20260514T122234Z,1,0,0.5206714868545532,0.4793284833431244
gue_emp_H3K4me1_frozen__zhihan1996_DNABERT-2-117M__20260514T122234Z,0,1,0.4781404733657837,0.5218595266342163
gue_emp_H3K4me1_frozen__zhihan1996_DNABERT-2-117M__20260514T122234Z,0,0,0.5988988280296326,0.4011012315750122
gue_emp_H3K4me1_frozen__zhihan1996_DNABERT-2-117M__20260514T122234Z,1,1,0.49058645963668823,0.5094135403633118
gue_emp_H3K4me1_frozen__zhihan1996_DNABERT-2-117M__20260514T122234Z,0,0,0.5725734233856201,0.4274265766143799
gue_emp_H3K4me1_frozen__zhihan1996_DNABERT-2-117M__20260514T122234Z,0,0,0.5808870792388916,0.419112890958786
gue_emp_H3K4me1_frozen__zhihan1996_DNABERT-2-117M__20260514T122234Z,0,0,0.5541877746582031,0.44581225514411926
gue_emp_H3K4me1_frozen__zhihan1996_DNABERT-2-117M__20260514T122234Z,0,0,0.5856492519378662,0.4143507182598114
gue_emp_H3K4me1_frozen__zhihan1996_DNABERT-2-117M__20260514T122234Z,0,1,0.3827757239341736,0.6172242760658264
gue_emp_H3K4me1_frozen__zhihan1996_DNABERT-2-117M__20260514T122234Z,0,0,0.529700517654419,0.47029945254325867
gue_emp_H3K4me1_frozen__zhihan1996_DNABERT-2-117M__20260514T122234Z,0,0,0.6271523237228394,0.37284764647483826
gue_emp_H3K4me1_frozen__zhihan1996_DNABERT-2-117M__20260514T122234Z,0,0,0.5272328853607178,0.472767174243927
gue_emp_H3K4me1_frozen__zhihan1996_DNABERT-2-117M__20260514T122234Z,1,0,0.5009384155273438,0.49906158447265625
gue_emp_H3K4me1_frozen__zhihan1996_DNABERT-2-117M__20260514T122234Z,1,0,0.506604790687561,0.49339526891708374
gue_emp_H3K4me1_frozen__zhihan1996_DNABERT-2-117M__20260514T122234Z,1,1,0.4758060574531555,0.5241939425468445
gue_emp_H3K4me1_frozen__zhihan1996_DNABERT-2-117M__20260514T122234Z,0,0,0.5456299781799316,0.45436999201774597
gue_emp_H3K4me1_frozen__zhihan1996_DNABERT-2-117M__20260514T122234Z,1,1,0.31447145342826843,0.685528576374054
gue_emp_H3K4me1_frozen__zhihan1996_DNABERT-2-117M__20260514T122234Z,0,1,0.43826672434806824,0.5617333054542542
gue_emp_H3K4me1_frozen__zhihan1996_DNABERT-2-117M__20260514T122234Z,1,1,0.3361676037311554,0.6638323664665222
gue_emp_H3K4me1_frozen__zhihan1996_DNABERT-2-117M__20260514T122234Z,0,0,0.5905725955963135,0.4094274342060089
gue_emp_H3K4me1_frozen__zhihan1996_DNABERT-2-117M__20260514T122234Z,1,0,0.6118749380111694,0.38812509179115295
gue_emp_H3K4me1_frozen__zhihan1996_DNABERT-2-117M__20260514T122234Z,0,1,0.44699347019195557,0.5530065298080444
gue_emp_H3K4me1_frozen__zhihan1996_DNABERT-2-117M__20260514T122234Z,0,1,0.4367721974849701,0.5632278323173523
gue_emp_H3K4me1_frozen__zhihan1996_DNABERT-2-117M__20260514T122234Z,1,0,0.5836483836174011,0.4163516163825989
gue_emp_H3K4me1_frozen__zhihan1996_DNABERT-2-117M__20260514T122234Z,1,0,0.5372083187103271,0.46279171109199524
gue_emp_H3K4me1_frozen__zhihan1996_DNABERT-2-117M__20260514T122234Z,0,1,0.4588525891304016,0.5411474108695984
gue_emp_H3K4me1_frozen__zhihan1996_DNABERT-2-117M__20260514T122234Z,0,1,0.41467660665512085,0.5853233933448792
gue_emp_H3K4me1_frozen__zhihan1996_DNABERT-2-117M__20260514T122234Z,1,1,0.3916676640510559,0.6083322763442993
gue_emp_H3K4me1_frozen__zhihan1996_DNABERT-2-117M__20260514T122234Z,1,0,0.5813625454902649,0.4186374843120575
gue_emp_H3K4me1_frozen__zhihan1996_DNABERT-2-117M__20260514T122234Z,0,0,0.5596360564231873,0.44036394357681274
gue_emp_H3K4me1_frozen__zhihan1996_DNABERT-2-117M__20260514T122234Z,1,0,0.510908305644989,0.489091694355011
gue_emp_H3K4me1_frozen__zhihan1996_DNABERT-2-117M__20260514T122234Z,0,0,0.5033826231956482,0.4966173768043518
gue_emp_H3K4me1_frozen__zhihan1996_DNABERT-2-117M__20260514T122234Z,0,1,0.4850699305534363,0.5149301290512085
gue_emp_H3K4me1_frozen__zhihan1996_DNABERT-2-117M__20260514T122234Z,0,0,0.5430564284324646,0.4569436013698578
gue_emp_H3K4me1_frozen__zhihan1996_DNABERT-2-117M__20260514T122234Z,1,1,0.4396195411682129,0.5603805184364319
gue_emp_H3K4me1_frozen__zhihan1996_DNABERT-2-117M__20260514T122234Z,1,1,0.4986724555492401,0.5013275146484375
gue_emp_H3K4me1_frozen__zhihan1996_DNABERT-2-117M__20260514T122234Z,1,0,0.5371400117874146,0.46285995841026306
gue_emp_H3K4me1_frozen__zhihan1996_DNABERT-2-117M__20260514T122234Z,0,0,0.5807979106903076,0.41920205950737
gue_emp_H3K4me1_frozen__zhihan1996_DNABERT-2-117M__20260514T122234Z,0,0,0.5418520569801331,0.45814794301986694
gue_emp_H3K4me1_frozen__zhihan1996_DNABERT-2-117M__20260514T122234Z,0,1,0.46574434638023376,0.5342556238174438
gue_emp_H3K4me1_frozen__zhihan1996_DNABERT-2-117M__20260514T122234Z,0,0,0.5670527815818787,0.4329472482204437
gue_emp_H3K4me1_frozen__zhihan1996_DNABERT-2-117M__20260514T122234Z,0,1,0.3979969024658203,0.6020030975341797
gue_emp_H3K4me1_frozen__zhihan1996_DNABERT-2-117M__20260514T122234Z,0,0,0.5961392521858215,0.4038607180118561
gue_emp_H3K4me1_frozen__zhihan1996_DNABERT-2-117M__20260514T122234Z,1,1,0.48006731271743774,0.5199326872825623
gue_emp_H3K4me1_frozen__zhihan1996_DNABERT-2-117M__20260514T122234Z,0,0,0.5956248641014099,0.4043751358985901
gue_emp_H3K4me1_frozen__zhihan1996_DNABERT-2-117M__20260514T122234Z,1,1,0.46982431411743164,0.5301756858825684
gue_emp_H3K4me1_frozen__zhihan1996_DNABERT-2-117M__20260514T122234Z,0,1,0.42671722173690796,0.573282778263092
gue_emp_H3K4me1_frozen__zhihan1996_DNABERT-2-117M__20260514T122234Z,0,1,0.4553954005241394,0.5446045994758606
gue_emp_H3K4me1_frozen__zhihan1996_DNABERT-2-117M__20260514T122234Z,1,1,0.3376401662826538,0.6623597741127014
gue_emp_H3K4me1_frozen__zhihan1996_DNABERT-2-117M__20260514T122234Z,1,1,0.4834664463996887,0.5165335536003113
gue_emp_H3K4me1_frozen__zhihan1996_DNABERT-2-117M__20260514T122234Z,1,1,0.3798958659172058,0.620104193687439
gue_emp_H3K4me1_frozen__zhihan1996_DNABERT-2-117M__20260514T122234Z,1,1,0.41430628299713135,0.5856937170028687
gue_emp_H3K4me1_frozen__zhihan1996_DNABERT-2-117M__20260514T122234Z,1,1,0.41561025381088257,0.5843898057937622
gue_emp_H3K4me1_frozen__zhihan1996_DNABERT-2-117M__20260514T122234Z,1,0,0.6334669589996338,0.3665330708026886
gue_emp_H3K4me1_frozen__zhihan1996_DNABERT-2-117M__20260514T122234Z,1,1,0.36322328448295593,0.6367767453193665
gue_emp_H3K4me1_frozen__zhihan1996_DNABERT-2-117M__20260514T122234Z,0,1,0.486685574054718,0.513314425945282
gue_emp_H3K4me1_frozen__zhihan1996_DNABERT-2-117M__20260514T122234Z,1,1,0.42448651790618896,0.5755134224891663
gue_emp_H3K4me1_frozen__zhihan1996_DNABERT-2-117M__20260514T122234Z,1,0,0.573738157749176,0.42626190185546875
gue_emp_H3K4me1_frozen__zhihan1996_DNABERT-2-117M__20260514T122234Z,0,0,0.5466322898864746,0.4533677101135254
gue_emp_H3K4me1_frozen__zhihan1996_DNABERT-2-117M__20260514T122234Z,1,1,0.3757637143135071,0.6242362856864929
gue_emp_H3K4me1_frozen__zhihan1996_DNABERT-2-117M__20260514T122234Z,1,1,0.4052721858024597,0.5947277545928955
gue_emp_H3K4me1_frozen__zhihan1996_DNABERT-2-117M__20260514T122234Z,0,0,0.6030847430229187,0.3969152569770813
gue_emp_H3K4me1_frozen__zhihan1996_DNABERT-2-117M__20260514T122234Z,0,1,0.448048859834671,0.5519511103630066
gue_emp_H3K4me1_frozen__zhihan1996_DNABERT-2-117M__20260514T122234Z,1,0,0.5072169303894043,0.4927830696105957
gue_emp_H3K4me1_frozen__zhihan1996_DNABERT-2-117M__20260514T122234Z,0,1,0.4004562497138977,0.5995438098907471
gue_emp_H3K4me1_frozen__zhihan1996_DNABERT-2-117M__20260514T122234Z,0,0,0.5837076902389526,0.416292279958725
gue_emp_H3K4me1_frozen__zhihan1996_DNABERT-2-117M__20260514T122234Z,0,0,0.5142354965209961,0.4857645630836487
gue_emp_H3K4me1_frozen__zhihan1996_DNABERT-2-117M__20260514T122234Z,1,0,0.5755283832550049,0.4244716167449951
gue_emp_H3K4me1_frozen__zhihan1996_DNABERT-2-117M__20260514T122234Z,0,0,0.6496897339820862,0.35031023621559143
gue_emp_H3K4me1_frozen__zhihan1996_DNABERT-2-117M__20260514T122234Z,1,1,0.43518126010894775,0.5648187398910522
gue_emp_H3K4me1_frozen__zhihan1996_DNABERT-2-117M__20260514T122234Z,0,1,0.3912314772605896,0.6087685227394104
gue_emp_H3K4me1_frozen__zhihan1996_DNABERT-2-117M__20260514T122234Z,1,1,0.37088024616241455,0.6291196942329407
gue_emp_H3K4me1_frozen__zhihan1996_DNABERT-2-117M__20260514T122234Z,0,0,0.5298715829849243,0.4701283872127533
gue_emp_H3K4me1_frozen__zhihan1996_DNABERT-2-117M__20260514T122234Z,0,0,0.5284878015518188,0.47151219844818115
gue_emp_H3K4me1_frozen__zhihan1996_DNABERT-2-117M__20260514T122234Z,0,0,0.55457603931427,0.44542399048805237
gue_emp_H3K4me1_frozen__zhihan1996_DNABERT-2-117M__20260514T122234Z,1,0,0.5106604695320129,0.48933956027030945
gue_emp_H3K4me1_frozen__zhihan1996_DNABERT-2-117M__20260514T122234Z,0,1,0.4886761009693146,0.511323869228363
gue_emp_H3K4me1_frozen__zhihan1996_DNABERT-2-117M__20260514T122234Z,1,0,0.5920475721359253,0.4079523980617523
gue_emp_H3K4me1_frozen__zhihan1996_DNABERT-2-117M__20260514T122234Z,1,1,0.37062394618988037,0.6293760538101196
gue_emp_H3K4me1_frozen__zhihan1996_DNABERT-2-117M__20260514T122234Z,0,0,0.565568745136261,0.4344313144683838
gue_emp_H3K4me1_frozen__zhihan1996_DNABERT-2-117M__20260514T122234Z,1,1,0.32316645979881287,0.6768335700035095
gue_emp_H3K4me1_frozen__zhihan1996_DNABERT-2-117M__20260514T122234Z,0,0,0.5816744565963745,0.4183255732059479
gue_emp_H3K4me1_frozen__zhihan1996_DNABERT-2-117M__20260514T122234Z,0,0,0.5566405653953552,0.4433594048023224
gue_emp_H3K4me1_frozen__zhihan1996_DNABERT-2-117M__20260514T122234Z,0,0,0.6334102749824524,0.3665896952152252
gue_emp_H3K4me1_frozen__zhihan1996_DNABERT-2-117M__20260514T122234Z,1,1,0.42216214537620544,0.5778378248214722
gue_emp_H3K4me1_frozen__zhihan1996_DNABERT-2-117M__20260514T122234Z,1,1,0.4308955669403076,0.5691044926643372
gue_emp_H3K4me1_frozen__zhihan1996_DNABERT-2-117M__20260514T122234Z,1,1,0.49549874663352966,0.504501223564148
gue_emp_H3K4me1_frozen__zhihan1996_DNABERT-2-117M__20260514T122234Z,1,1,0.4765872359275818,0.5234127044677734
gue_emp_H3K4me1_frozen__zhihan1996_DNABERT-2-117M__20260514T122234Z,0,0,0.5937270522117615,0.4062729477882385
gue_emp_H3K4me1_frozen__zhihan1996_DNABERT-2-117M__20260514T122234Z,0,1,0.48787161707878113,0.5121283531188965
gue_emp_H3K4me1_frozen__zhihan1996_DNABERT-2-117M__20260514T122234Z,0,0,0.503982424736023,0.49601754546165466
gue_emp_H3K4me1_frozen__zhihan1996_DNABERT-2-117M__20260514T122234Z,0,1,0.3047136664390564,0.6952863335609436
gue_emp_H3K4me1_frozen__zhihan1996_DNABERT-2-117M__20260514T122234Z,1,1,0.492436021566391,0.5075639486312866
gue_emp_H3K4me1_frozen__zhihan1996_DNABERT-2-117M__20260514T122234Z,1,1,0.4815566837787628,0.5184433460235596
gue_emp_H3K4me1_frozen__zhihan1996_DNABERT-2-117M__20260514T122234Z,1,1,0.41695985198020935,0.583040177822113
gue_emp_H3K4me1_frozen__zhihan1996_DNABERT-2-117M__20260514T122234Z,1,1,0.3860109746456146,0.6139890551567078
gue_emp_H3K4me1_frozen__zhihan1996_DNABERT-2-117M__20260514T122234Z,1,0,0.5273773670196533,0.4726226031780243
gue_emp_H3K4me1_frozen__zhihan1996_DNABERT-2-117M__20260514T122234Z,0,1,0.42216214537620544,0.5778378248214722
gue_emp_H3K4me1_frozen__zhihan1996_DNABERT-2-117M__20260514T122234Z,0,0,0.6113239526748657,0.3886760175228119
gue_emp_H3K4me1_frozen__zhihan1996_DNABERT-2-117M__20260514T122234Z,1,1,0.4307907521724701,0.5692092180252075
gue_emp_H3K4me1_frozen__zhihan1996_DNABERT-2-117M__20260514T122234Z,0,1,0.45623183250427246,0.5437681674957275
gue_emp_H3K4me1_frozen__zhihan1996_DNABERT-2-117M__20260514T122234Z,1,0,0.5371324419975281,0.4628675580024719
gue_emp_H3K4me1_frozen__zhihan1996_DNABERT-2-117M__20260514T122234Z,1,1,0.3752771019935608,0.6247228980064392
gue_emp_H3K4me1_frozen__zhihan1996_DNABERT-2-117M__20260514T122234Z,1,1,0.33496999740600586,0.6650299429893494
gue_emp_H3K4me1_frozen__zhihan1996_DNABERT-2-117M__20260514T122234Z,1,1,0.4771801233291626,0.5228198766708374
gue_emp_H3K4me1_frozen__zhihan1996_DNABERT-2-117M__20260514T122234Z,0,0,0.5530376434326172,0.4469623863697052
gue_emp_H3K4me1_frozen__zhihan1996_DNABERT-2-117M__20260514T122234Z,0,0,0.5029448866844177,0.4970550537109375
gue_emp_H3K4me1_frozen__zhihan1996_DNABERT-2-117M__20260514T122234Z,0,0,0.5028991103172302,0.4971008598804474
gue_emp_H3K4me1_frozen__zhihan1996_DNABERT-2-117M__20260514T122234Z,1,1,0.3645513355731964,0.635448694229126
gue_emp_H3K4me1_frozen__zhihan1996_DNABERT-2-117M__20260514T122234Z,0,0,0.5632878541946411,0.4367121160030365
gue_emp_H3K4me1_frozen__zhihan1996_DNABERT-2-117M__20260514T122234Z,0,0,0.5262933373451233,0.4737066924571991
gue_emp_H3K4me1_frozen__zhihan1996_DNABERT-2-117M__20260514T122234Z,1,0,0.5244098901748657,0.4755901098251343
gue_emp_H3K4me1_frozen__zhihan1996_DNABERT-2-117M__20260514T122234Z,1,1,0.34466394782066345,0.6553360223770142
gue_emp_H3K4me1_frozen__zhihan1996_DNABERT-2-117M__20260514T122234Z,0,1,0.34213176369667053,0.6578682065010071
gue_emp_H3K4me1_frozen__zhihan1996_DNABERT-2-117M__20260514T122234Z,0,1,0.4559706449508667,0.5440293550491333
gue_emp_H3K4me1_frozen__zhihan1996_DNABERT-2-117M__20260514T122234Z,0,0,0.541742205619812,0.4582577645778656
gue_emp_H3K4me1_frozen__zhihan1996_DNABERT-2-117M__20260514T122234Z,0,1,0.4711928069591522,0.5288071632385254
gue_emp_H3K4me1_frozen__zhihan1996_DNABERT-2-117M__20260514T122234Z,1,0,0.537071704864502,0.46292826533317566
gue_emp_H3K4me1_frozen__zhihan1996_DNABERT-2-117M__20260514T122234Z,1,1,0.46016761660575867,0.5398324131965637
gue_emp_H3K4me1_frozen__zhihan1996_DNABERT-2-117M__20260514T122234Z,1,1,0.45363906025886536,0.5463609099388123
gue_emp_H3K4me1_frozen__zhihan1996_DNABERT-2-117M__20260514T122234Z,0,0,0.5803223252296448,0.4196776747703552
gue_emp_H3K4me1_frozen__zhihan1996_DNABERT-2-117M__20260514T122234Z,1,1,0.48724785447120667,0.512752115726471
gue_emp_H3K4me1_frozen__zhihan1996_DNABERT-2-117M__20260514T122234Z,0,1,0.4894500970840454,0.5105499029159546
gue_emp_H3K4me1_frozen__zhihan1996_DNABERT-2-117M__20260514T122234Z,0,0,0.5660784840583801,0.4339215159416199
gue_emp_H3K4me1_frozen__zhihan1996_DNABERT-2-117M__20260514T122234Z,1,0,0.5539879202842712,0.44601207971572876
gue_emp_H3K4me1_frozen__zhihan1996_DNABERT-2-117M__20260514T122234Z,1,1,0.4645789563655853,0.5354210734367371
gue_emp_H3K4me1_frozen__zhihan1996_DNABERT-2-117M__20260514T122234Z,1,0,0.532254159450531,0.4677458107471466
gue_emp_H3K4me1_frozen__zhihan1996_DNABERT-2-117M__20260514T122234Z,1,1,0.3703961670398712,0.6296038031578064
gue_emp_H3K4me1_frozen__zhihan1996_DNABERT-2-117M__20260514T122234Z,0,0,0.5771230459213257,0.4228769838809967
gue_emp_H3K4me1_frozen__zhihan1996_DNABERT-2-117M__20260514T122234Z,0,0,0.519612729549408,0.48038724064826965
gue_emp_H3K4me1_frozen__zhihan1996_DNABERT-2-117M__20260514T122234Z,1,0,0.5521737337112427,0.4478262662887573
gue_emp_H3K4me1_frozen__zhihan1996_DNABERT-2-117M__20260514T122234Z,1,1,0.45466509461402893,0.5453348755836487
gue_emp_H3K4me1_frozen__zhihan1996_DNABERT-2-117M__20260514T122234Z,1,0,0.6047491431236267,0.3952508866786957
gue_emp_H3K4me1_frozen__zhihan1996_DNABERT-2-117M__20260514T122234Z,0,1,0.499481201171875,0.500518798828125
gue_emp_H3K4me1_frozen__zhihan1996_DNABERT-2-117M__20260514T122234Z,1,1,0.4693986773490906,0.5306013822555542
gue_emp_H3K4me1_frozen__zhihan1996_DNABERT-2-117M__20260514T122234Z,0,0,0.5594856142997742,0.44051438570022583
gue_emp_H3K4me1_frozen__zhihan1996_DNABERT-2-117M__20260514T122234Z,0,1,0.4647042155265808,0.535295844078064
gue_emp_H3K4me1_frozen__zhihan1996_DNABERT-2-117M__20260514T122234Z,0,0,0.6091464161872864,0.3908535838127136
gue_emp_H3K4me1_frozen__zhihan1996_DNABERT-2-117M__20260514T122234Z,1,1,0.48307302594184875,0.5169269442558289
gue_emp_H3K4me1_frozen__zhihan1996_DNABERT-2-117M__20260514T122234Z,1,1,0.29568731784820557,0.7043126821517944
gue_emp_H3K4me1_frozen__zhihan1996_DNABERT-2-117M__20260514T122234Z,0,1,0.4975128471851349,0.5024871826171875
gue_emp_H3K4me1_frozen__zhihan1996_DNABERT-2-117M__20260514T122234Z,0,0,0.5527509450912476,0.44724902510643005
gue_emp_H3K4me1_frozen__zhihan1996_DNABERT-2-117M__20260514T122234Z,0,0,0.5459363460540771,0.45406362414360046
gue_emp_H3K4me1_frozen__zhihan1996_DNABERT-2-117M__20260514T122234Z,0,1,0.44898486137390137,0.5510151386260986
gue_emp_H3K4me1_frozen__zhihan1996_DNABERT-2-117M__20260514T122234Z,0,0,0.5494139790534973,0.4505860209465027
gue_emp_H3K4me1_frozen__zhihan1996_DNABERT-2-117M__20260514T122234Z,0,0,0.5398021340370178,0.46019792556762695
gue_emp_H3K4me1_frozen__zhihan1996_DNABERT-2-117M__20260514T122234Z,1,1,0.38951751589775085,0.6104824542999268
gue_emp_H3K4me1_frozen__zhihan1996_DNABERT-2-117M__20260514T122234Z,1,1,0.361221045255661,0.6387789249420166
gue_emp_H3K4me1_frozen__zhihan1996_DNABERT-2-117M__20260514T122234Z,1,1,0.3253597617149353,0.6746402978897095
gue_emp_H3K4me1_frozen__zhihan1996_DNABERT-2-117M__20260514T122234Z,1,1,0.39828941226005554,0.6017106175422668
gue_emp_H3K4me1_frozen__zhihan1996_DNABERT-2-117M__20260514T122234Z,1,1,0.3986990749835968,0.6013009548187256
gue_emp_H3K4me1_frozen__zhihan1996_DNABERT-2-117M__20260514T122234Z,1,0,0.5221526622772217,0.47784730792045593
gue_emp_H3K4me1_frozen__zhihan1996_DNABERT-2-117M__20260514T122234Z,0,0,0.5102200508117676,0.4897799491882324
gue_emp_H3K4me1_frozen__zhihan1996_DNABERT-2-117M__20260514T122234Z,0,1,0.4339364767074585,0.5660635232925415
gue_emp_H3K4me1_frozen__zhihan1996_DNABERT-2-117M__20260514T122234Z,0,0,0.5521473288536072,0.4478526711463928
gue_emp_H3K4me1_frozen__zhihan1996_DNABERT-2-117M__20260514T122234Z,0,1,0.4433443248271942,0.5566557049751282
gue_emp_H3K4me1_frozen__zhihan1996_DNABERT-2-117M__20260514T122234Z,1,0,0.5726032853126526,0.4273967146873474
gue_emp_H3K4me1_frozen__zhihan1996_DNABERT-2-117M__20260514T122234Z,1,1,0.35209038853645325,0.6479096412658691
gue_emp_H3K4me1_frozen__zhihan1996_DNABERT-2-117M__20260514T122234Z,0,0,0.5611697435379028,0.43883028626441956
gue_emp_H3K4me1_frozen__zhihan1996_DNABERT-2-117M__20260514T122234Z,1,1,0.4605391025543213,0.5394608974456787
gue_emp_H3K4me1_frozen__zhihan1996_DNABERT-2-117M__20260514T122234Z,0,1,0.4589473009109497,0.5410526990890503
gue_emp_H3K4me1_frozen__zhihan1996_DNABERT-2-117M__20260514T122234Z,0,0,0.5305291414260864,0.4694708287715912
gue_emp_H3K4me1_frozen__zhihan1996_DNABERT-2-117M__20260514T122234Z,1,1,0.4441126883029938,0.5558873414993286
gue_emp_H3K4me1_frozen__zhihan1996_DNABERT-2-117M__20260514T122234Z,0,0,0.6102211475372314,0.3897787928581238
gue_emp_H3K4me1_frozen__zhihan1996_DNABERT-2-117M__20260514T122234Z,0,1,0.4636567533016205,0.5363432765007019
gue_emp_H3K4me1_frozen__zhihan1996_DNABERT-2-117M__20260514T122234Z,1,0,0.5228683948516846,0.47713160514831543
gue_emp_H3K4me1_frozen__zhihan1996_DNABERT-2-117M__20260514T122234Z,0,1,0.4464796483516693,0.5535203814506531
gue_emp_H3K4me1_frozen__zhihan1996_DNABERT-2-117M__20260514T122234Z,1,0,0.5890220999717712,0.41097787022590637
gue_emp_H3K4me1_frozen__zhihan1996_DNABERT-2-117M__20260514T122234Z,0,1,0.46811431646347046,0.5318856835365295
gue_emp_H3K4me1_frozen__zhihan1996_DNABERT-2-117M__20260514T122234Z,0,0,0.5556461811065674,0.44435378909111023
gue_emp_H3K4me1_frozen__zhihan1996_DNABERT-2-117M__20260514T122234Z,1,0,0.5211513042449951,0.4788486361503601
gue_emp_H3K4me1_frozen__zhihan1996_DNABERT-2-117M__20260514T122234Z,1,1,0.3228461742401123,0.6771538853645325
gue_emp_H3K4me1_frozen__zhihan1996_DNABERT-2-117M__20260514T122234Z,1,1,0.46433225274086,0.5356677770614624
gue_emp_H3K4me1_frozen__zhihan1996_DNABERT-2-117M__20260514T122234Z,1,0,0.5264188647270203,0.4735811650753021
gue_emp_H3K4me1_frozen__zhihan1996_DNABERT-2-117M__20260514T122234Z,0,0,0.579311192035675,0.42068883776664734
gue_emp_H3K4me1_frozen__zhihan1996_DNABERT-2-117M__20260514T122234Z,0,1,0.4903881549835205,0.5096119046211243
gue_emp_H3K4me1_frozen__zhihan1996_DNABERT-2-117M__20260514T122234Z,1,0,0.5745589137077332,0.42544111609458923
gue_emp_H3K4me1_frozen__zhihan1996_DNABERT-2-117M__20260514T122234Z,0,0,0.6098146438598633,0.3901853561401367
gue_emp_H3K4me1_frozen__zhihan1996_DNABERT-2-117M__20260514T122234Z,1,1,0.38225674629211426,0.6177433133125305
gue_emp_H3K4me1_frozen__zhihan1996_DNABERT-2-117M__20260514T122234Z,0,0,0.5410451292991638,0.4589548408985138
gue_emp_H3K4me1_frozen__zhihan1996_DNABERT-2-117M__20260514T122234Z,0,0,0.5404918789863586,0.45950812101364136
gue_emp_H3K4me1_frozen__zhihan1996_DNABERT-2-117M__20260514T122234Z,1,1,0.48715490102767944,0.5128450989723206
gue_emp_H3K4me1_frozen__zhihan1996_DNABERT-2-117M__20260514T122234Z,1,0,0.5806939005851746,0.41930606961250305
gue_emp_H3K4me1_frozen__zhihan1996_DNABERT-2-117M__20260514T122234Z,1,0,0.5057751536369324,0.49422478675842285
gue_emp_H3K4me1_frozen__zhihan1996_DNABERT-2-117M__20260514T122234Z,1,1,0.43022218346595764,0.5697778463363647
gue_emp_H3K4me1_frozen__zhihan1996_DNABERT-2-117M__20260514T122234Z,0,1,0.4323779344558716,0.5676220655441284
gue_emp_H3K4me1_frozen__zhihan1996_DNABERT-2-117M__20260514T122234Z,0,1,0.46672406792640686,0.5332759618759155
gue_emp_H3K4me1_frozen__zhihan1996_DNABERT-2-117M__20260514T122234Z,0,1,0.483648419380188,0.516351580619812
gue_emp_H3K4me1_frozen__zhihan1996_DNABERT-2-117M__20260514T122234Z,1,1,0.416574090719223,0.5834259390830994
gue_emp_H3K4me1_frozen__zhihan1996_DNABERT-2-117M__20260514T122234Z,1,0,0.5366467833518982,0.4633531868457794
gue_emp_H3K4me1_frozen__zhihan1996_DNABERT-2-117M__20260514T122234Z,1,0,0.5525095462799072,0.44749048352241516
gue_emp_H3K4me1_frozen__zhihan1996_DNABERT-2-117M__20260514T122234Z,0,0,0.5334278345108032,0.4665721356868744
gue_emp_H3K4me1_frozen__zhihan1996_DNABERT-2-117M__20260514T122234Z,0,0,0.53227698802948,0.46772301197052
gue_emp_H3K4me1_frozen__zhihan1996_DNABERT-2-117M__20260514T122234Z,0,0,0.5277158617973328,0.4722841680049896
gue_emp_H3K4me1_frozen__zhihan1996_DNABERT-2-117M__20260514T122234Z,0,0,0.5889778137207031,0.41102221608161926
gue_emp_H3K4me1_frozen__zhihan1996_DNABERT-2-117M__20260514T122234Z,0,1,0.4768346846103668,0.5231653451919556
gue_emp_H3K4me1_frozen__zhihan1996_DNABERT-2-117M__20260514T122234Z,1,0,0.5474376082420349,0.4525623917579651
gue_emp_H3K4me1_frozen__zhihan1996_DNABERT-2-117M__20260514T122234Z,0,0,0.5448164939880371,0.4551834762096405
gue_emp_H3K4me1_frozen__zhihan1996_DNABERT-2-117M__20260514T122234Z,0,1,0.41884544491767883,0.5811545252799988
gue_emp_H3K4me1_frozen__zhihan1996_DNABERT-2-117M__20260514T122234Z,1,0,0.5216292142868042,0.4783708453178406
gue_emp_H3K4me1_frozen__zhihan1996_DNABERT-2-117M__20260514T122234Z,0,1,0.40730392932891846,0.5926960706710815
gue_emp_H3K4me1_frozen__zhihan1996_DNABERT-2-117M__20260514T122234Z,0,1,0.4053898751735687,0.5946100950241089
gue_emp_H3K4me1_frozen__zhihan1996_DNABERT-2-117M__20260514T122234Z,1,0,0.5000762939453125,0.4999237060546875
gue_emp_H3K4me1_frozen__zhihan1996_DNABERT-2-117M__20260514T122234Z,1,1,0.44468533992767334,0.5553146600723267
gue_emp_H3K4me1_frozen__zhihan1996_DNABERT-2-117M__20260514T122234Z,0,0,0.5480839610099792,0.45191600918769836
gue_emp_H3K4me1_frozen__zhihan1996_DNABERT-2-117M__20260514T122234Z,0,0,0.5722447633743286,0.4277552366256714
gue_emp_H3K4me1_frozen__zhihan1996_DNABERT-2-117M__20260514T122234Z,1,0,0.5150596499443054,0.4849403202533722
gue_emp_H3K4me1_frozen__zhihan1996_DNABERT-2-117M__20260514T122234Z,0,1,0.35591480135917664,0.644085168838501
gue_emp_H3K4me1_frozen__zhihan1996_DNABERT-2-117M__20260514T122234Z,1,1,0.4806691110134125,0.5193309187889099
gue_emp_H3K4me1_frozen__zhihan1996_DNABERT-2-117M__20260514T122234Z,0,1,0.46180927753448486,0.5381907224655151
gue_emp_H3K4me1_frozen__zhihan1996_DNABERT-2-117M__20260514T122234Z,1,0,0.5174261331558228,0.48257386684417725
gue_emp_H3K4me1_frozen__zhihan1996_DNABERT-2-117M__20260514T122234Z,0,0,0.5196546316146851,0.48034536838531494
gue_emp_H3K4me1_frozen__zhihan1996_DNABERT-2-117M__20260514T122234Z,1,1,0.42503833770751953,0.5749616622924805
gue_emp_H3K4me1_frozen__zhihan1996_DNABERT-2-117M__20260514T122234Z,1,1,0.44555971026420593,0.5544403195381165
gue_emp_H3K4me1_frozen__zhihan1996_DNABERT-2-117M__20260514T122234Z,0,0,0.561981201171875,0.4380188286304474
gue_emp_H3K4me1_frozen__zhihan1996_DNABERT-2-117M__20260514T122234Z,0,1,0.40186381340026855,0.5981361865997314
gue_emp_H3K4me1_frozen__zhihan1996_DNABERT-2-117M__20260514T122234Z,1,1,0.4116725027561188,0.5883275270462036
gue_emp_H3K4me1_frozen__zhihan1996_DNABERT-2-117M__20260514T122234Z,1,0,0.5341625809669495,0.46583735942840576
gue_emp_H3K4me1_frozen__zhihan1996_DNABERT-2-117M__20260514T122234Z,0,0,0.5660485029220581,0.4339514672756195
gue_emp_H3K4me1_frozen__zhihan1996_DNABERT-2-117M__20260514T122234Z,0,0,0.5357285141944885,0.4642714858055115
gue_emp_H3K4me1_frozen__zhihan1996_DNABERT-2-117M__20260514T122234Z,0,0,0.5939626097679138,0.4060373902320862
gue_emp_H3K4me1_frozen__zhihan1996_DNABERT-2-117M__20260514T122234Z,1,1,0.4452280104160309,0.5547720193862915
gue_emp_H3K4me1_frozen__zhihan1996_DNABERT-2-117M__20260514T122234Z,1,1,0.44812434911727905,0.551875650882721
gue_emp_H3K4me1_frozen__zhihan1996_DNABERT-2-117M__20260514T122234Z,1,0,0.5557818412780762,0.44421812891960144
gue_emp_H3K4me1_frozen__zhihan1996_DNABERT-2-117M__20260514T122234Z,1,1,0.4158770442008972,0.584122896194458
gue_emp_H3K4me1_frozen__zhihan1996_DNABERT-2-117M__20260514T122234Z,1,0,0.5326549410820007,0.4673450291156769
gue_emp_H3K4me1_frozen__zhihan1996_DNABERT-2-117M__20260514T122234Z,1,0,0.5513623952865601,0.44863763451576233
gue_emp_H3K4me1_frozen__zhihan1996_DNABERT-2-117M__20260514T122234Z,0,0,0.501579225063324,0.49842071533203125
gue_emp_H3K4me1_frozen__zhihan1996_DNABERT-2-117M__20260514T122234Z,0,1,0.4574093520641327,0.5425906777381897
gue_emp_H3K4me1_frozen__zhihan1996_DNABERT-2-117M__20260514T122234Z,1,1,0.3372035324573517,0.6627964973449707
gue_emp_H3K4me1_frozen__zhihan1996_DNABERT-2-117M__20260514T122234Z,1,1,0.472149133682251,0.527850866317749
gue_emp_H3K4me1_frozen__zhihan1996_DNABERT-2-117M__20260514T122234Z,0,0,0.5093830823898315,0.49061694741249084
gue_emp_H3K4me1_frozen__zhihan1996_DNABERT-2-117M__20260514T122234Z,0,1,0.40925031900405884,0.5907496809959412
gue_emp_H3K4me1_frozen__zhihan1996_DNABERT-2-117M__20260514T122234Z,1,1,0.4697597026824951,0.5302402973175049
gue_emp_H3K4me1_frozen__zhihan1996_DNABERT-2-117M__20260514T122234Z,1,1,0.41232308745384216,0.5876769423484802
gue_emp_H3K4me1_frozen__zhihan1996_DNABERT-2-117M__20260514T122234Z,0,0,0.5155741572380066,0.484425812959671
gue_emp_H3K4me1_frozen__zhihan1996_DNABERT-2-117M__20260514T122234Z,1,0,0.5371020436286926,0.462897926568985
gue_emp_H3K4me1_frozen__zhihan1996_DNABERT-2-117M__20260514T122234Z,0,0,0.5759905576705933,0.4240094721317291
gue_emp_H3K4me1_frozen__zhihan1996_DNABERT-2-117M__20260514T122234Z,1,0,0.5494895577430725,0.4505104422569275
gue_emp_H3K4me1_frozen__zhihan1996_DNABERT-2-117M__20260514T122234Z,1,1,0.3419669568538666,0.6580330729484558
gue_emp_H3K4me1_frozen__zhihan1996_DNABERT-2-117M__20260514T122234Z,1,1,0.4584699273109436,0.5415300726890564
gue_emp_H3K4me1_frozen__zhihan1996_DNABERT-2-117M__20260514T122234Z,0,1,0.45861008763313293,0.5413898825645447
gue_emp_H3K4me1_frozen__zhihan1996_DNABERT-2-117M__20260514T122234Z,1,1,0.4665769040584564,0.533423125743866
gue_emp_H3K4me1_frozen__zhihan1996_DNABERT-2-117M__20260514T122234Z,0,0,0.5819862484931946,0.41801369190216064
gue_emp_H3K4me1_frozen__zhihan1996_DNABERT-2-117M__20260514T122234Z,1,0,0.5663033723831177,0.4336966276168823
gue_emp_H3K4me1_frozen__zhihan1996_DNABERT-2-117M__20260514T122234Z,1,1,0.32611045241355896,0.6738895177841187
gue_emp_H3K4me1_frozen__zhihan1996_DNABERT-2-117M__20260514T122234Z,1,0,0.6173396110534668,0.3826603591442108
gue_emp_H3K4me1_frozen__zhihan1996_DNABERT-2-117M__20260514T122234Z,1,1,0.4588942527770996,0.5411057472229004
gue_emp_H3K4me1_frozen__zhihan1996_DNABERT-2-117M__20260514T122234Z,0,1,0.45956116914749146,0.5404388308525085
gue_emp_H3K4me1_frozen__zhihan1996_DNABERT-2-117M__20260514T122234Z,0,0,0.6621959805488586,0.33780401945114136
gue_emp_H3K4me1_frozen__zhihan1996_DNABERT-2-117M__20260514T122234Z,1,0,0.5659435987472534,0.43405643105506897
gue_emp_H3K4me1_frozen__zhihan1996_DNABERT-2-117M__20260514T122234Z,0,0,0.5379365682601929,0.46206340193748474
gue_emp_H3K4me1_frozen__zhihan1996_DNABERT-2-117M__20260514T122234Z,0,1,0.48319873213768005,0.5168012380599976
gue_emp_H3K4me1_frozen__zhihan1996_DNABERT-2-117M__20260514T122234Z,0,0,0.6274662613868713,0.37253376841545105
gue_emp_H3K4me1_frozen__zhihan1996_DNABERT-2-117M__20260514T122234Z,0,0,0.5741112232208252,0.4258887469768524
gue_emp_H3K4me1_frozen__zhihan1996_DNABERT-2-117M__20260514T122234Z,1,1,0.45522886514663696,0.544771134853363
gue_emp_H3K4me1_frozen__zhihan1996_DNABERT-2-117M__20260514T122234Z,1,0,0.5442261099815369,0.45577383041381836
gue_emp_H3K4me1_frozen__zhihan1996_DNABERT-2-117M__20260514T122234Z,0,0,0.5962861776351929,0.40371376276016235
gue_emp_H3K4me1_frozen__zhihan1996_DNABERT-2-117M__20260514T122234Z,0,1,0.45662933588027954,0.5433706045150757
gue_emp_H3K4me1_frozen__zhihan1996_DNABERT-2-117M__20260514T122234Z,0,1,0.461911678314209,0.538088321685791
gue_emp_H3K4me1_frozen__zhihan1996_DNABERT-2-117M__20260514T122234Z,1,1,0.3666747808456421,0.6333252191543579
gue_emp_H3K4me1_frozen__zhihan1996_DNABERT-2-117M__20260514T122234Z,0,0,0.5646237134933472,0.4353763163089752
gue_emp_H3K4me1_frozen__zhihan1996_DNABERT-2-117M__20260514T122234Z,1,1,0.3982308804988861,0.6017690896987915
gue_emp_H3K4me1_frozen__zhihan1996_DNABERT-2-117M__20260514T122234Z,1,0,0.5681612491607666,0.4318387508392334
gue_emp_H3K4me1_frozen__zhihan1996_DNABERT-2-117M__20260514T122234Z,0,1,0.44051438570022583,0.5594856142997742
gue_emp_H3K4me1_frozen__zhihan1996_DNABERT-2-117M__20260514T122234Z,0,0,0.5594404935836792,0.4405595064163208
gue_emp_H3K4me1_frozen__zhihan1996_DNABERT-2-117M__20260514T122234Z,1,1,0.3081381916999817,0.6918618083000183
gue_emp_H3K4me1_frozen__zhihan1996_DNABERT-2-117M__20260514T122234Z,0,0,0.5779420733451843,0.4220579266548157
gue_emp_H3K4me1_frozen__zhihan1996_DNABERT-2-117M__20260514T122234Z,0,0,0.6133813261985779,0.3866187036037445
gue_emp_H3K4me1_frozen__zhihan1996_DNABERT-2-117M__20260514T122234Z,1,1,0.4875256419181824,0.5124743580818176
gue_emp_H3K4me1_frozen__zhihan1996_DNABERT-2-117M__20260514T122234Z,1,0,0.5257568955421448,0.47424307465553284
gue_emp_H3K4me1_frozen__zhihan1996_DNABERT-2-117M__20260514T122234Z,1,1,0.45605772733688354,0.5439422726631165
gue_emp_H3K4me1_frozen__zhihan1996_DNABERT-2-117M__20260514T122234Z,1,0,0.538194477558136,0.4618054926395416
gue_emp_H3K4me1_frozen__zhihan1996_DNABERT-2-117M__20260514T122234Z,0,1,0.49752044677734375,0.5024794936180115
gue_emp_H3K4me1_frozen__zhihan1996_DNABERT-2-117M__20260514T122234Z,0,1,0.4713068902492523,0.5286931395530701
gue_emp_H3K4me1_frozen__zhihan1996_DNABERT-2-117M__20260514T122234Z,1,1,0.41486918926239014,0.5851307511329651
gue_emp_H3K4me1_frozen__zhihan1996_DNABERT-2-117M__20260514T122234Z,1,1,0.46622276306152344,0.5337772369384766
gue_emp_H3K4me1_frozen__zhihan1996_DNABERT-2-117M__20260514T122234Z,0,1,0.4315093159675598,0.5684906840324402
gue_emp_H3K4me1_frozen__zhihan1996_DNABERT-2-117M__20260514T122234Z,0,1,0.4975738823413849,0.5024261474609375
gue_emp_H3K4me1_frozen__zhihan1996_DNABERT-2-117M__20260514T122234Z,0,0,0.5289022326469421,0.47109776735305786
gue_emp_H3K4me1_frozen__zhihan1996_DNABERT-2-117M__20260514T122234Z,0,1,0.45294418931007385,0.5470557808876038
gue_emp_H3K4me1_frozen__zhihan1996_DNABERT-2-117M__20260514T122234Z,1,1,0.4325876832008362,0.5674123167991638
gue_emp_H3K4me1_frozen__zhihan1996_DNABERT-2-117M__20260514T122234Z,1,1,0.40530160069465637,0.5946983695030212
gue_emp_H3K4me1_frozen__zhihan1996_DNABERT-2-117M__20260514T122234Z,0,0,0.6088266372680664,0.3911733329296112
gue_emp_H3K4me1_frozen__zhihan1996_DNABERT-2-117M__20260514T122234Z,1,1,0.4365319609642029,0.5634680390357971
gue_emp_H3K4me1_frozen__zhihan1996_DNABERT-2-117M__20260514T122234Z,1,1,0.4217601716518402,0.5782397985458374
gue_emp_H3K4me1_frozen__zhihan1996_DNABERT-2-117M__20260514T122234Z,0,1,0.4696114659309387,0.5303885340690613
gue_emp_H3K4me1_frozen__zhihan1996_DNABERT-2-117M__20260514T122234Z,1,1,0.4784679114818573,0.5215321183204651
gue_emp_H3K4me1_frozen__zhihan1996_DNABERT-2-117M__20260514T122234Z,0,0,0.5221127271652222,0.47788727283477783
gue_emp_H3K4me1_frozen__zhihan1996_DNABERT-2-117M__20260514T122234Z,0,0,0.5374472737312317,0.4625526964664459
gue_emp_H3K4me1_frozen__zhihan1996_DNABERT-2-117M__20260514T122234Z,1,1,0.4637705683708191,0.5362294316291809
gue_emp_H3K4me1_frozen__zhihan1996_DNABERT-2-117M__20260514T122234Z,0,0,0.6165896058082581,0.38341042399406433
gue_emp_H3K4me1_frozen__zhihan1996_DNABERT-2-117M__20260514T122234Z,0,0,0.5446954369544983,0.4553045332431793
gue_emp_H3K4me1_frozen__zhihan1996_DNABERT-2-117M__20260514T122234Z,0,0,0.5376597046852112,0.4623402953147888
gue_emp_H3K4me1_frozen__zhihan1996_DNABERT-2-117M__20260514T122234Z,0,1,0.4618054926395416,0.538194477558136
gue_emp_H3K4me1_frozen__zhihan1996_DNABERT-2-117M__20260514T122234Z,1,1,0.38641607761383057,0.6135839223861694
gue_emp_H3K4me1_frozen__zhihan1996_DNABERT-2-117M__20260514T122234Z,0,0,0.5507735013961792,0.4492264986038208
gue_emp_H3K4me1_frozen__zhihan1996_DNABERT-2-117M__20260514T122234Z,0,0,0.5651787519454956,0.434821218252182
gue_emp_H3K4me1_frozen__zhihan1996_DNABERT-2-117M__20260514T122234Z,0,0,0.6830496788024902,0.31695038080215454
gue_emp_H3K4me1_frozen__zhihan1996_DNABERT-2-117M__20260514T122234Z,1,0,0.5259623527526855,0.47403767704963684
gue_emp_H3K4me1_frozen__zhihan1996_DNABERT-2-117M__20260514T122234Z,0,0,0.5344188809394836,0.46558111906051636
gue_emp_H3K4me1_frozen__zhihan1996_DNABERT-2-117M__20260514T122234Z,1,1,0.3916676640510559,0.6083322763442993
gue_emp_H3K4me1_frozen__zhihan1996_DNABERT-2-117M__20260514T122234Z,0,0,0.5681013464927673,0.43189865350723267
gue_emp_H3K4me1_frozen__zhihan1996_DNABERT-2-117M__20260514T122234Z,1,0,0.5105270147323608,0.4894729554653168
gue_emp_H3K4me1_frozen__zhihan1996_DNABERT-2-117M__20260514T122234Z,1,0,0.5905725955963135,0.4094274342060089
gue_emp_H3K4me1_frozen__zhihan1996_DNABERT-2-117M__20260514T122234Z,1,1,0.4103426933288574,0.5896573066711426
gue_emp_H3K4me1_frozen__zhihan1996_DNABERT-2-117M__20260514T122234Z,1,1,0.3631950616836548,0.6368049383163452
gue_emp_H3K4me1_frozen__zhihan1996_DNABERT-2-117M__20260514T122234Z,0,0,0.5649387836456299,0.4350612163543701
gue_emp_H3K4me1_frozen__zhihan1996_DNABERT-2-117M__20260514T122234Z,0,1,0.4447003901004791,0.5552995800971985
gue_emp_H3K4me1_frozen__zhihan1996_DNABERT-2-117M__20260514T122234Z,1,1,0.417583167552948,0.582416832447052
gue_emp_H3K4me1_frozen__zhihan1996_DNABERT-2-117M__20260514T122234Z,1,1,0.4455898106098175,0.5544101595878601
gue_emp_H3K4me1_frozen__zhihan1996_DNABERT-2-117M__20260514T122234Z,1,0,0.6653018593788147,0.3346981406211853
gue_emp_H3K4me1_frozen__zhihan1996_DNABERT-2-117M__20260514T122234Z,0,0,0.597108781337738,0.40289124846458435
gue_emp_H3K4me1_frozen__zhihan1996_DNABERT-2-117M__20260514T122234Z,0,0,0.5944041609764099,0.4055958688259125
gue_emp_H3K4me1_frozen__zhihan1996_DNABERT-2-117M__20260514T122234Z,0,0,0.5656736493110657,0.43432632088661194
gue_emp_H3K4me1_frozen__zhihan1996_DNABERT-2-117M__20260514T122234Z,0,1,0.4098702073097229,0.5901297926902771
gue_emp_H3K4me1_frozen__zhihan1996_DNABERT-2-117M__20260514T122234Z,0,0,0.5352502465248108,0.46474969387054443
gue_emp_H3K4me1_frozen__zhihan1996_DNABERT-2-117M__20260514T122234Z,0,1,0.43323197960853577,0.5667680501937866
gue_emp_H3K4me1_frozen__zhihan1996_DNABERT-2-117M__20260514T122234Z,1,0,0.555344820022583,0.4446552097797394
gue_emp_H3K4me1_frozen__zhihan1996_DNABERT-2-117M__20260514T122234Z,0,0,0.5666930675506592,0.43330690264701843
gue_emp_H3K4me1_frozen__zhihan1996_DNABERT-2-117M__20260514T122234Z,1,1,0.47301816940307617,0.5269818305969238
gue_emp_H3K4me1_frozen__zhihan1996_DNABERT-2-117M__20260514T122234Z,0,1,0.4800102114677429,0.5199898481369019
gue_emp_H3K4me1_frozen__zhihan1996_DNABERT-2-117M__20260514T122234Z,1,0,0.558522641658783,0.44147732853889465
gue_emp_H3K4me1_frozen__zhihan1996_DNABERT-2-117M__20260514T122234Z,1,1,0.3490888178348541,0.6509112119674683
gue_emp_H3K4me1_frozen__zhihan1996_DNABERT-2-117M__20260514T122234Z,0,1,0.34213176369667053,0.6578682065010071
gue_emp_H3K4me1_frozen__zhihan1996_DNABERT-2-117M__20260514T122234Z,1,1,0.4511224627494812,0.5488775372505188
gue_emp_H3K4me1_frozen__zhihan1996_DNABERT-2-117M__20260514T122234Z,0,0,0.5595909357070923,0.4404091238975525
gue_emp_H3K4me1_frozen__zhihan1996_DNABERT-2-117M__20260514T122234Z,0,0,0.573573887348175,0.4264260530471802
gue_emp_H3K4me1_frozen__zhihan1996_DNABERT-2-117M__20260514T122234Z,0,1,0.4878220856189728,0.5121779441833496
gue_emp_H3K4me1_frozen__zhihan1996_DNABERT-2-117M__20260514T122234Z,0,1,0.48914510011672974,0.510854959487915
gue_emp_H3K4me1_frozen__zhihan1996_DNABERT-2-117M__20260514T122234Z,1,1,0.48034536838531494,0.5196546316146851
gue_emp_H3K4me1_frozen__zhihan1996_DNABERT-2-117M__20260514T122234Z,1,1,0.49919891357421875,0.5008010864257812
gue_emp_H3K4me1_frozen__zhihan1996_DNABERT-2-117M__20260514T122234Z,1,1,0.389836847782135,0.6101630926132202
gue_emp_H3K4me1_frozen__zhihan1996_DNABERT-2-117M__20260514T122234Z,0,0,0.5120521187782288,0.48794791102409363
gue_emp_H3K4me1_frozen__zhihan1996_DNABERT-2-117M__20260514T122234Z,1,0,0.5189651846885681,0.4810347855091095
gue_emp_H3K4me1_frozen__zhihan1996_DNABERT-2-117M__20260514T122234Z,0,0,0.6073430180549622,0.39265701174736023
gue_emp_H3K4me1_frozen__zhihan1996_DNABERT-2-117M__20260514T122234Z,0,1,0.4640665650367737,0.5359334349632263
gue_emp_H3K4me1_frozen__zhihan1996_DNABERT-2-117M__20260514T122234Z,0,0,0.5649237632751465,0.4350762665271759
gue_emp_H3K4me1_frozen__zhihan1996_DNABERT-2-117M__20260514T122234Z,1,1,0.45188578963279724,0.5481142401695251
gue_emp_H3K4me1_frozen__zhihan1996_DNABERT-2-117M__20260514T122234Z,1,1,0.41374364495277405,0.5862563848495483
gue_emp_H3K4me1_frozen__zhihan1996_DNABERT-2-117M__20260514T122234Z,1,0,0.6003348231315613,0.3996651768684387
gue_emp_H3K4me1_frozen__zhihan1996_DNABERT-2-117M__20260514T122234Z,1,1,0.3384050130844116,0.6615949869155884
gue_emp_H3K4me1_frozen__zhihan1996_DNABERT-2-117M__20260514T122234Z,1,0,0.5210351943969727,0.47896480560302734
gue_emp_H3K4me1_frozen__zhihan1996_DNABERT-2-117M__20260514T122234Z,0,1,0.49810031056404114,0.5018997192382812
gue_emp_H3K4me1_frozen__zhihan1996_DNABERT-2-117M__20260514T122234Z,1,1,0.4866974651813507,0.5133025646209717
gue_emp_H3K4me1_frozen__zhihan1996_DNABERT-2-117M__20260514T122234Z,1,1,0.41599568724632263,0.584004282951355
gue_emp_H3K4me1_frozen__zhihan1996_DNABERT-2-117M__20260514T122234Z,0,1,0.48483744263648987,0.5151625871658325
gue_emp_H3K4me1_frozen__zhihan1996_DNABERT-2-117M__20260514T122234Z,0,0,0.5573785901069641,0.4426214098930359
gue_emp_H3K4me1_frozen__zhihan1996_DNABERT-2-117M__20260514T122234Z,1,0,0.5611697435379028,0.43883028626441956
gue_emp_H3K4me1_frozen__zhihan1996_DNABERT-2-117M__20260514T122234Z,0,0,0.5123075842857361,0.4876924753189087
gue_emp_H3K4me1_frozen__zhihan1996_DNABERT-2-117M__20260514T122234Z,1,1,0.4065379500389099,0.5934619903564453
gue_emp_H3K4me1_frozen__zhihan1996_DNABERT-2-117M__20260514T122234Z,0,0,0.5961980819702148,0.40380191802978516
gue_emp_H3K4me1_frozen__zhihan1996_DNABERT-2-117M__20260514T122234Z,0,0,0.5664532780647278,0.4335467517375946
gue_emp_H3K4me1_frozen__zhihan1996_DNABERT-2-117M__20260514T122234Z,1,0,0.5349618196487427,0.4650382101535797
gue_emp_H3K4me1_frozen__zhihan1996_DNABERT-2-117M__20260514T122234Z,1,0,0.5410148501396179,0.45898520946502686
gue_emp_H3K4me1_frozen__zhihan1996_DNABERT-2-117M__20260514T122234Z,1,1,0.4806310534477234,0.5193689465522766
gue_emp_H3K4me1_frozen__zhihan1996_DNABERT-2-117M__20260514T122234Z,1,0,0.5166888236999512,0.48331117630004883
gue_emp_H3K4me1_frozen__zhihan1996_DNABERT-2-117M__20260514T122234Z,1,1,0.4724096357822418,0.5275903940200806
gue_emp_H3K4me1_frozen__zhihan1996_DNABERT-2-117M__20260514T122234Z,0,1,0.4336366653442383,0.5663633346557617
gue_emp_H3K4me1_frozen__zhihan1996_DNABERT-2-117M__20260514T122234Z,1,0,0.5168126821517944,0.48318734765052795
gue_emp_H3K4me1_frozen__zhihan1996_DNABERT-2-117M__20260514T122234Z,0,0,0.5069842338562012,0.49301573634147644
gue_emp_H3K4me1_frozen__zhihan1996_DNABERT-2-117M__20260514T122234Z,1,1,0.4970274567604065,0.5029726028442383
gue_emp_H3K4me1_frozen__zhihan1996_DNABERT-2-117M__20260514T122234Z,0,1,0.4591822028160095,0.5408177375793457
gue_emp_H3K4me1_frozen__zhihan1996_DNABERT-2-117M__20260514T122234Z,1,1,0.4432690143585205,0.5567309856414795
gue_emp_H3K4me1_frozen__zhihan1996_DNABERT-2-117M__20260514T122234Z,0,0,0.5202202200889587,0.47977980971336365
gue_emp_H3K4me1_frozen__zhihan1996_DNABERT-2-117M__20260514T122234Z,1,0,0.5086051225662231,0.49139487743377686
gue_emp_H3K4me1_frozen__zhihan1996_DNABERT-2-117M__20260514T122234Z,1,1,0.42051035165786743,0.5794896483421326
gue_emp_H3K4me1_frozen__zhihan1996_DNABERT-2-117M__20260514T122234Z,1,1,0.3956010639667511,0.6043989658355713
gue_emp_H3K4me1_frozen__zhihan1996_DNABERT-2-117M__20260514T122234Z,1,1,0.3760787546634674,0.623921275138855
gue_emp_H3K4me1_frozen__zhihan1996_DNABERT-2-117M__20260514T122234Z,0,0,0.5712883472442627,0.4287116825580597
gue_emp_H3K4me1_frozen__zhihan1996_DNABERT-2-117M__20260514T122234Z,1,1,0.4571063816547394,0.5428935885429382
gue_emp_H3K4me1_frozen__zhihan1996_DNABERT-2-117M__20260514T122234Z,0,0,0.5235459804534912,0.4764540195465088
gue_emp_H3K4me1_frozen__zhihan1996_DNABERT-2-117M__20260514T122234Z,0,0,0.5541387796401978,0.445861279964447
gue_emp_H3K4me1_frozen__zhihan1996_DNABERT-2-117M__20260514T122234Z,0,1,0.4760544002056122,0.5239456295967102
gue_emp_H3K4me1_frozen__zhihan1996_DNABERT-2-117M__20260514T122234Z,0,0,0.5272709131240845,0.4727291166782379
gue_emp_H3K4me1_frozen__zhihan1996_DNABERT-2-117M__20260514T122234Z,0,0,0.6244080662727356,0.3755919635295868
gue_emp_H3K4me1_frozen__zhihan1996_DNABERT-2-117M__20260514T122234Z,0,0,0.5466927886009216,0.45330721139907837
gue_emp_H3K4me1_frozen__zhihan1996_DNABERT-2-117M__20260514T122234Z,0,1,0.42009392380714417,0.5799060463905334
gue_emp_H3K4me1_frozen__zhihan1996_DNABERT-2-117M__20260514T122234Z,1,0,0.5113315582275391,0.4886684715747833
gue_emp_H3K4me1_frozen__zhihan1996_DNABERT-2-117M__20260514T122234Z,0,1,0.49063217639923096,0.5093677639961243
gue_emp_H3K4me1_frozen__zhihan1996_DNABERT-2-117M__20260514T122234Z,1,0,0.5568816065788269,0.4431183934211731
gue_emp_H3K4me1_frozen__zhihan1996_DNABERT-2-117M__20260514T122234Z,0,1,0.4123378396034241,0.5876621603965759
gue_emp_H3K4me1_frozen__zhihan1996_DNABERT-2-117M__20260514T122234Z,0,0,0.540272057056427,0.459727942943573
gue_emp_H3K4me1_frozen__zhihan1996_DNABERT-2-117M__20260514T122234Z,0,1,0.4655848741531372,0.5344151258468628
gue_emp_H3K4me1_frozen__zhihan1996_DNABERT-2-117M__20260514T122234Z,1,0,0.530795156955719,0.4692048132419586
gue_emp_H3K4me1_frozen__zhihan1996_DNABERT-2-117M__20260514T122234Z,1,0,0.5016212463378906,0.4983787536621094
gue_emp_H3K4me1_frozen__zhihan1996_DNABERT-2-117M__20260514T122234Z,1,0,0.5637682676315308,0.43623173236846924
gue_emp_H3K4me1_frozen__zhihan1996_DNABERT-2-117M__20260514T122234Z,1,1,0.33344894647598267,0.6665510535240173
gue_emp_H3K4me1_frozen__zhihan1996_DNABERT-2-117M__20260514T122234Z,0,0,0.5246686339378357,0.4753313362598419
gue_emp_H3K4me1_frozen__zhihan1996_DNABERT-2-117M__20260514T122234Z,0,1,0.4793970584869385,0.5206029415130615
gue_emp_H3K4me1_frozen__zhihan1996_DNABERT-2-117M__20260514T122234Z,1,1,0.49096015095710754,0.5090398192405701
gue_emp_H3K4me1_frozen__zhihan1996_DNABERT-2-117M__20260514T122234Z,1,1,0.4887409210205078,0.5112590789794922
gue_emp_H3K4me1_frozen__zhihan1996_DNABERT-2-117M__20260514T122234Z,1,1,0.4985809326171875,0.5014190673828125
gue_emp_H3K4me1_frozen__zhihan1996_DNABERT-2-117M__20260514T122234Z,1,0,0.5300084352493286,0.469991534948349
gue_emp_H3K4me1_frozen__zhihan1996_DNABERT-2-117M__20260514T122234Z,1,1,0.4628561735153198,0.5371438264846802
gue_emp_H3K4me1_frozen__zhihan1996_DNABERT-2-117M__20260514T122234Z,1,1,0.4214922785758972,0.5785077214241028
gue_emp_H3K4me1_frozen__zhihan1996_DNABERT-2-117M__20260514T122234Z,0,1,0.4580494463443756,0.5419505834579468
gue_emp_H3K4me1_frozen__zhihan1996_DNABERT-2-117M__20260514T122234Z,0,0,0.5123304128646851,0.48766955733299255
gue_emp_H3K4me1_frozen__zhihan1996_DNABERT-2-117M__20260514T122234Z,0,0,0.6165607571601868,0.38343924283981323
gue_emp_H3K4me1_frozen__zhihan1996_DNABERT-2-117M__20260514T122234Z,1,0,0.5760650634765625,0.4239349365234375
gue_emp_H3K4me1_frozen__zhihan1996_DNABERT-2-117M__20260514T122234Z,0,1,0.4944422245025635,0.5055577754974365
gue_emp_H3K4me1_frozen__zhihan1996_DNABERT-2-117M__20260514T122234Z,1,0,0.5901297926902771,0.4098702073097229
gue_emp_H3K4me1_frozen__zhihan1996_DNABERT-2-117M__20260514T122234Z,1,0,0.5493384599685669,0.4506615698337555
gue_emp_H3K4me1_frozen__zhihan1996_DNABERT-2-117M__20260514T122234Z,0,1,0.4376206696033478,0.5623793005943298
gue_emp_H3K4me1_frozen__zhihan1996_DNABERT-2-117M__20260514T122234Z,1,0,0.5736187100410461,0.42638131976127625
gue_emp_H3K4me1_frozen__zhihan1996_DNABERT-2-117M__20260514T122234Z,0,0,0.564188539981842,0.43581146001815796
gue_emp_H3K4me1_frozen__zhihan1996_DNABERT-2-117M__20260514T122234Z,1,1,0.45906850695610046,0.5409314632415771
gue_emp_H3K4me1_frozen__zhihan1996_DNABERT-2-117M__20260514T122234Z,1,0,0.5402113795280457,0.45978856086730957
gue_emp_H3K4me1_frozen__zhihan1996_DNABERT-2-117M__20260514T122234Z,0,0,0.5565201044082642,0.4434799253940582
gue_emp_H3K4me1_frozen__zhihan1996_DNABERT-2-117M__20260514T122234Z,1,1,0.4877648949623108,0.5122351050376892
gue_emp_H3K4me1_frozen__zhihan1996_DNABERT-2-117M__20260514T122234Z,1,0,0.6224019527435303,0.37759801745414734
gue_emp_H3K4me1_frozen__zhihan1996_DNABERT-2-117M__20260514T122234Z,1,0,0.5814664959907532,0.41853344440460205
gue_emp_H3K4me1_frozen__zhihan1996_DNABERT-2-117M__20260514T122234Z,0,0,0.5630776286125183,0.4369223117828369
gue_emp_H3K4me1_frozen__zhihan1996_DNABERT-2-117M__20260514T122234Z,0,1,0.39878684282302856,0.6012131571769714
gue_emp_H3K4me1_frozen__zhihan1996_DNABERT-2-117M__20260514T122234Z,0,0,0.5013885498046875,0.4986114501953125
gue_emp_H3K4me1_frozen__zhihan1996_DNABERT-2-117M__20260514T122234Z,1,1,0.4882414937019348,0.51175856590271
gue_emp_H3K4me1_frozen__zhihan1996_DNABERT-2-117M__20260514T122234Z,1,1,0.31473466753959656,0.685265302658081
gue_emp_H3K4me1_frozen__zhihan1996_DNABERT-2-117M__20260514T122234Z,1,0,0.5655537247657776,0.4344462752342224
gue_emp_H3K4me1_frozen__zhihan1996_DNABERT-2-117M__20260514T122234Z,1,1,0.40798187255859375,0.5920181274414062
gue_emp_H3K4me1_frozen__zhihan1996_DNABERT-2-117M__20260514T122234Z,1,0,0.6240644454956055,0.37593552470207214
gue_emp_H3K4me1_frozen__zhihan1996_DNABERT-2-117M__20260514T122234Z,1,0,0.5320110321044922,0.4679889678955078
gue_emp_H3K4me1_frozen__zhihan1996_DNABERT-2-117M__20260514T122234Z,1,1,0.41258931159973145,0.5874106884002686
gue_emp_H3K4me1_frozen__zhihan1996_DNABERT-2-117M__20260514T122234Z,0,0,0.5204353928565979,0.4795646071434021
gue_emp_H3K4me1_frozen__zhihan1996_DNABERT-2-117M__20260514T122234Z,0,0,0.5083915591239929,0.49160847067832947
gue_emp_H3K4me1_frozen__zhihan1996_DNABERT-2-117M__20260514T122234Z,0,0,0.5407419800758362,0.45925799012184143
gue_emp_H3K4me1_frozen__zhihan1996_DNABERT-2-117M__20260514T122234Z,1,1,0.42378586530685425,0.5762141346931458
gue_emp_H3K4me1_frozen__zhihan1996_DNABERT-2-117M__20260514T122234Z,0,0,0.522466778755188,0.477533221244812
gue_emp_H3K4me1_frozen__zhihan1996_DNABERT-2-117M__20260514T122234Z,0,1,0.3568948209285736,0.643105149269104
gue_emp_H3K4me1_frozen__zhihan1996_DNABERT-2-117M__20260514T122234Z,1,0,0.6670392155647278,0.33296075463294983
gue_emp_H3K4me1_frozen__zhihan1996_DNABERT-2-117M__20260514T122234Z,1,1,0.48391661047935486,0.5160834193229675
gue_emp_H3K4me1_frozen__zhihan1996_DNABERT-2-117M__20260514T122234Z,0,0,0.5254525542259216,0.47454750537872314
gue_emp_H3K4me1_frozen__zhihan1996_DNABERT-2-117M__20260514T122234Z,0,1,0.4703640639781952,0.5296359062194824
gue_emp_H3K4me1_frozen__zhihan1996_DNABERT-2-117M__20260514T122234Z,1,0,0.5408177375793457,0.4591822028160095
gue_emp_H3K4me1_frozen__zhihan1996_DNABERT-2-117M__20260514T122234Z,1,1,0.39146411418914795,0.6085359454154968
gue_emp_H3K4me1_frozen__zhihan1996_DNABERT-2-117M__20260514T122234Z,0,0,0.5966681838035583,0.40333181619644165
gue_emp_H3K4me1_frozen__zhihan1996_DNABERT-2-117M__20260514T122234Z,1,1,0.4763246476650238,0.5236753821372986
gue_emp_H3K4me1_frozen__zhihan1996_DNABERT-2-117M__20260514T122234Z,0,1,0.34560203552246094,0.6543979048728943
gue_emp_H3K4me1_frozen__zhihan1996_DNABERT-2-117M__20260514T122234Z,1,0,0.5212426781654358,0.4787573218345642
gue_emp_H3K4me1_frozen__zhihan1996_DNABERT-2-117M__20260514T122234Z,1,1,0.4177909791469574,0.5822089910507202
gue_emp_H3K4me1_frozen__zhihan1996_DNABERT-2-117M__20260514T122234Z,1,1,0.3939386010169983,0.6060613393783569
gue_emp_H3K4me1_frozen__zhihan1996_DNABERT-2-117M__20260514T122234Z,1,1,0.39033058285713196,0.6096694469451904
gue_emp_H3K4me1_frozen__zhihan1996_DNABERT-2-117M__20260514T122234Z,1,1,0.4816538393497467,0.5183461904525757
gue_emp_H3K4me1_frozen__zhihan1996_DNABERT-2-117M__20260514T122234Z,1,1,0.44061967730522156,0.559380292892456
gue_emp_H3K4me1_frozen__zhihan1996_DNABERT-2-117M__20260514T122234Z,0,0,0.5098749995231628,0.49012503027915955
gue_emp_H3K4me1_frozen__zhihan1996_DNABERT-2-117M__20260514T122234Z,1,0,0.6178873777389526,0.38211262226104736
gue_emp_H3K4me1_frozen__zhihan1996_DNABERT-2-117M__20260514T122234Z,0,1,0.4720521569252014,0.5279478430747986
gue_emp_H3K4me1_frozen__zhihan1996_DNABERT-2-117M__20260514T122234Z,1,1,0.364777535200119,0.6352224349975586
gue_emp_H3K4me1_frozen__zhihan1996_DNABERT-2-117M__20260514T122234Z,0,0,0.5230549573898315,0.47694507241249084
gue_emp_H3K4me1_frozen__zhihan1996_DNABERT-2-117M__20260514T122234Z,1,0,0.602777898311615,0.397222101688385
gue_emp_H3K4me1_frozen__zhihan1996_DNABERT-2-117M__20260514T122234Z,1,0,0.5212198495864868,0.4787801206111908
gue_emp_H3K4me1_frozen__zhihan1996_DNABERT-2-117M__20260514T122234Z,1,1,0.47331297397613525,0.5266870260238647
gue_emp_H3K4me1_frozen__zhihan1996_DNABERT-2-117M__20260514T122234Z,0,1,0.4901784062385559,0.5098215341567993
gue_emp_H3K4me1_frozen__zhihan1996_DNABERT-2-117M__20260514T122234Z,0,0,0.5554239749908447,0.44457608461380005
gue_emp_H3K4me1_frozen__zhihan1996_DNABERT-2-117M__20260514T122234Z,1,0,0.5412838459014893,0.45871618390083313
gue_emp_H3K4me1_frozen__zhihan1996_DNABERT-2-117M__20260514T122234Z,1,0,0.5689098834991455,0.4310901165008545
gue_emp_H3K4me1_frozen__zhihan1996_DNABERT-2-117M__20260514T122234Z,0,0,0.5081931948661804,0.4918067753314972
gue_emp_H3K4me1_frozen__zhihan1996_DNABERT-2-117M__20260514T122234Z,0,0,0.5774953961372375,0.42250460386276245
gue_emp_H3K4me1_frozen__zhihan1996_DNABERT-2-117M__20260514T122234Z,1,0,0.5084792375564575,0.4915207326412201
gue_emp_H3K4me1_frozen__zhihan1996_DNABERT-2-117M__20260514T122234Z,0,0,0.5446500182151794,0.45534995198249817
gue_emp_H3K4me1_frozen__zhihan1996_DNABERT-2-117M__20260514T122234Z,0,0,0.5358366966247559,0.46416333317756653
gue_emp_H3K4me1_frozen__zhihan1996_DNABERT-2-117M__20260514T122234Z,0,0,0.6138443350791931,0.3861556351184845
gue_emp_H3K4me1_frozen__zhihan1996_DNABERT-2-117M__20260514T122234Z,0,1,0.4997711181640625,0.5002288818359375
gue_emp_H3K4me1_frozen__zhihan1996_DNABERT-2-117M__20260514T122234Z,0,1,0.371393084526062,0.6286068558692932
gue_emp_H3K4me1_frozen__zhihan1996_DNABERT-2-117M__20260514T122234Z,1,1,0.49252375960350037,0.507476270198822
gue_emp_H3K4me1_frozen__zhihan1996_DNABERT-2-117M__20260514T122234Z,0,0,0.5403668284416199,0.4596331715583801
gue_emp_H3K4me1_frozen__zhihan1996_DNABERT-2-117M__20260514T122234Z,0,1,0.4703260362148285,0.5296739339828491
gue_emp_H3K4me1_frozen__zhihan1996_DNABERT-2-117M__20260514T122234Z,1,0,0.5054300427436829,0.4945700168609619
gue_emp_H3K4me1_frozen__zhihan1996_DNABERT-2-117M__20260514T122234Z,0,0,0.5058133006095886,0.494186669588089
gue_emp_H3K4me1_frozen__zhihan1996_DNABERT-2-117M__20260514T122234Z,0,0,0.5554239749908447,0.44457608461380005
gue_emp_H3K4me1_frozen__zhihan1996_DNABERT-2-117M__20260514T122234Z,1,1,0.46070966124534607,0.5392903089523315
gue_emp_H3K4me1_frozen__zhihan1996_DNABERT-2-117M__20260514T122234Z,0,0,0.5369806885719299,0.46301931142807007
gue_emp_H3K4me1_frozen__zhihan1996_DNABERT-2-117M__20260514T122234Z,1,1,0.47568902373313904,0.5243109464645386
gue_emp_H3K4me1_frozen__zhihan1996_DNABERT-2-117M__20260514T122234Z,1,0,0.5484619140625,0.4515380859375
gue_emp_H3K4me1_frozen__zhihan1996_DNABERT-2-117M__20260514T122234Z,1,0,0.6185787916183472,0.38142114877700806
gue_emp_H3K4me1_frozen__zhihan1996_DNABERT-2-117M__20260514T122234Z,0,1,0.49131864309310913,0.5086813569068909
gue_emp_H3K4me1_frozen__zhihan1996_DNABERT-2-117M__20260514T122234Z,1,0,0.517231822013855,0.4827682077884674
gue_emp_H3K4me1_frozen__zhihan1996_DNABERT-2-117M__20260514T122234Z,0,1,0.4967127740383148,0.5032872557640076
gue_emp_H3K4me1_frozen__zhihan1996_DNABERT-2-117M__20260514T122234Z,1,1,0.48215481638908386,0.5178452134132385
gue_emp_H3K4me1_frozen__zhihan1996_DNABERT-2-117M__20260514T122234Z,1,1,0.45657631754875183,0.5434236526489258
gue_emp_H3K4me1_frozen__zhihan1996_DNABERT-2-117M__20260514T122234Z,1,1,0.48502224683761597,0.5149776935577393
gue_emp_H3K4me1_frozen__zhihan1996_DNABERT-2-117M__20260514T122234Z,1,1,0.37236255407333374,0.6276374459266663
gue_emp_H3K4me1_frozen__zhihan1996_DNABERT-2-117M__20260514T122234Z,1,0,0.5989281535148621,0.4010718762874603
gue_emp_H3K4me1_frozen__zhihan1996_DNABERT-2-117M__20260514T122234Z,0,1,0.49336186051368713,0.5066381692886353
gue_emp_H3K4me1_frozen__zhihan1996_DNABERT-2-117M__20260514T122234Z,1,0,0.5170260667800903,0.48297396302223206
gue_emp_H3K4me1_frozen__zhihan1996_DNABERT-2-117M__20260514T122234Z,0,1,0.3477031886577606,0.652296781539917
gue_emp_H3K4me1_frozen__zhihan1996_DNABERT-2-117M__20260514T122234Z,1,1,0.44272682070732117,0.5572731494903564
gue_emp_H3K4me1_frozen__zhihan1996_DNABERT-2-117M__20260514T122234Z,1,1,0.41623297333717346,0.5837670564651489
gue_emp_H3K4me1_frozen__zhihan1996_DNABERT-2-117M__20260514T122234Z,1,1,0.4067441523075104,0.5932558178901672
gue_emp_H3K4me1_frozen__zhihan1996_DNABERT-2-117M__20260514T122234Z,1,1,0.4365769922733307,0.5634230375289917
gue_emp_H3K4me1_frozen__zhihan1996_DNABERT-2-117M__20260514T122234Z,1,1,0.4509184658527374,0.549081563949585
gue_emp_H3K4me1_frozen__zhihan1996_DNABERT-2-117M__20260514T122234Z,1,1,0.480295866727829,0.5197041630744934
gue_emp_H3K4me1_frozen__zhihan1996_DNABERT-2-117M__20260514T122234Z,0,0,0.546730637550354,0.45326942205429077
gue_emp_H3K4me1_frozen__zhihan1996_DNABERT-2-117M__20260514T122234Z,0,1,0.46408557891845703,0.5359144806861877
gue_emp_H3K4me1_frozen__zhihan1996_DNABERT-2-117M__20260514T122234Z,1,1,0.41599568724632263,0.584004282951355
gue_emp_H3K4me1_frozen__zhihan1996_DNABERT-2-117M__20260514T122234Z,0,0,0.5695983171463013,0.4304017126560211
gue_emp_H3K4me1_frozen__zhihan1996_DNABERT-2-117M__20260514T122234Z,0,1,0.46977490186691284,0.5302250981330872
gue_emp_H3K4me1_frozen__zhihan1996_DNABERT-2-117M__20260514T122234Z,1,1,0.3678662180900574,0.6321338415145874
gue_emp_H3K4me1_frozen__zhihan1996_DNABERT-2-117M__20260514T122234Z,0,0,0.5860491394996643,0.4139508903026581
gue_emp_H3K4me1_frozen__zhihan1996_DNABERT-2-117M__20260514T122234Z,0,0,0.5580711364746094,0.441928893327713
gue_emp_H3K4me1_frozen__zhihan1996_DNABERT-2-117M__20260514T122234Z,1,1,0.4098406732082367,0.5901593565940857
gue_emp_H3K4me1_frozen__zhihan1996_DNABERT-2-117M__20260514T122234Z,0,0,0.6220002174377441,0.37799975275993347
gue_emp_H3K4me1_frozen__zhihan1996_DNABERT-2-117M__20260514T122234Z,1,1,0.49895286560058594,0.5010471343994141
gue_emp_H3K4me1_frozen__zhihan1996_DNABERT-2-117M__20260514T122234Z,1,0,0.5503506064414978,0.4496493637561798
gue_emp_H3K4me1_frozen__zhihan1996_DNABERT-2-117M__20260514T122234Z,0,1,0.36060163378715515,0.6393983960151672
gue_emp_H3K4me1_frozen__zhihan1996_DNABERT-2-117M__20260514T122234Z,0,1,0.4886074662208557,0.5113925337791443
gue_emp_H3K4me1_frozen__zhihan1996_DNABERT-2-117M__20260514T122234Z,0,0,0.5216463208198547,0.47835370898246765
gue_emp_H3K4me1_frozen__zhihan1996_DNABERT-2-117M__20260514T122234Z,1,0,0.5319008827209473,0.4680991470813751
gue_emp_H3K4me1_frozen__zhihan1996_DNABERT-2-117M__20260514T122234Z,0,0,0.5522982478141785,0.44770175218582153
gue_emp_H3K4me1_frozen__zhihan1996_DNABERT-2-117M__20260514T122234Z,1,1,0.4076281487941742,0.5923718810081482
gue_emp_H3K4me1_frozen__zhihan1996_DNABERT-2-117M__20260514T122234Z,0,1,0.45801156759262085,0.5419883728027344
gue_emp_H3K4me1_frozen__zhihan1996_DNABERT-2-117M__20260514T122234Z,0,0,0.528938353061676,0.47106167674064636
gue_emp_H3K4me1_frozen__zhihan1996_DNABERT-2-117M__20260514T122234Z,1,1,0.3937637507915497,0.6062362194061279
gue_emp_H3K4me1_frozen__zhihan1996_DNABERT-2-117M__20260514T122234Z,1,1,0.4723031520843506,0.5276968479156494
gue_emp_H3K4me1_frozen__zhihan1996_DNABERT-2-117M__20260514T122234Z,0,0,0.6177144646644592,0.38228559494018555
gue_emp_H3K4me1_frozen__zhihan1996_DNABERT-2-117M__20260514T122234Z,0,0,0.53174889087677,0.4682510793209076
gue_emp_H3K4me1_frozen__zhihan1996_DNABERT-2-117M__20260514T122234Z,1,0,0.5375421047210693,0.46245789527893066
gue_emp_H3K4me1_frozen__zhihan1996_DNABERT-2-117M__20260514T122234Z,1,1,0.4599553644657135,0.5400446653366089
gue_emp_H3K4me1_frozen__zhihan1996_DNABERT-2-117M__20260514T122234Z,1,1,0.47359636425971985,0.5264036059379578
gue_emp_H3K4me1_frozen__zhihan1996_DNABERT-2-117M__20260514T122234Z,0,1,0.46280306577682495,0.537196934223175
gue_emp_H3K4me1_frozen__zhihan1996_DNABERT-2-117M__20260514T122234Z,0,0,0.546042263507843,0.4539577066898346
gue_emp_H3K4me1_frozen__zhihan1996_DNABERT-2-117M__20260514T122234Z,0,0,0.5071406364440918,0.4928593337535858
gue_emp_H3K4me1_frozen__zhihan1996_DNABERT-2-117M__20260514T122234Z,1,0,0.5009708404541016,0.49902915954589844
gue_emp_H3K4me1_frozen__zhihan1996_DNABERT-2-117M__20260514T122234Z,1,1,0.3771391212940216,0.622860848903656
gue_emp_H3K4me1_frozen__zhihan1996_DNABERT-2-117M__20260514T122234Z,0,0,0.519531786441803,0.480468213558197
gue_emp_H3K4me1_frozen__zhihan1996_DNABERT-2-117M__20260514T122234Z,1,1,0.4554256796836853,0.5445743203163147
gue_emp_H3K4me1_frozen__zhihan1996_DNABERT-2-117M__20260514T122234Z,1,0,0.500732421875,0.499267578125
gue_emp_H3K4me1_frozen__zhihan1996_DNABERT-2-117M__20260514T122234Z,0,1,0.4393865168094635,0.5606135129928589
gue_emp_H3K4me1_frozen__zhihan1996_DNABERT-2-117M__20260514T122234Z,1,0,0.5001220107078552,0.4998779296875
gue_emp_H3K4me1_frozen__zhihan1996_DNABERT-2-117M__20260514T122234Z,0,0,0.5175670385360718,0.48243290185928345
gue_emp_H3K4me1_frozen__zhihan1996_DNABERT-2-117M__20260514T122234Z,0,0,0.5475850701332092,0.45241495966911316
gue_emp_H3K4me1_frozen__zhihan1996_DNABERT-2-117M__20260514T122234Z,1,1,0.4931034743785858,0.5068965554237366
gue_emp_H3K4me1_frozen__zhihan1996_DNABERT-2-117M__20260514T122234Z,1,0,0.5327327847480774,0.4672671854496002
gue_emp_H3K4me1_frozen__zhihan1996_DNABERT-2-117M__20260514T122234Z,0,0,0.5403327345848083,0.45966729521751404
gue_emp_H3K4me1_frozen__zhihan1996_DNABERT-2-117M__20260514T122234Z,0,0,0.5890664458274841,0.41093358397483826
gue_emp_H3K4me1_frozen__zhihan1996_DNABERT-2-117M__20260514T122234Z,1,1,0.4712688624858856,0.528731107711792
gue_emp_H3K4me1_frozen__zhihan1996_DNABERT-2-117M__20260514T122234Z,1,1,0.3081381916999817,0.6918618083000183
gue_emp_H3K4me1_frozen__zhihan1996_DNABERT-2-117M__20260514T122234Z,1,1,0.4912957549095154,0.5087042450904846
gue_emp_H3K4me1_frozen__zhihan1996_DNABERT-2-117M__20260514T122234Z,1,1,0.44473809003829956,0.5552619099617004
gue_emp_H3K4me1_frozen__zhihan1996_DNABERT-2-117M__20260514T122234Z,1,0,0.5354931354522705,0.4645068347454071
gue_emp_H3K4me1_frozen__zhihan1996_DNABERT-2-117M__20260514T122234Z,0,0,0.6037274599075317,0.39627259969711304
gue_emp_H3K4me1_frozen__zhihan1996_DNABERT-2-117M__20260514T122234Z,1,0,0.5657036304473877,0.4342963397502899
gue_emp_H3K4me1_frozen__zhihan1996_DNABERT-2-117M__20260514T122234Z,1,0,0.52857905626297,0.4714209735393524
gue_emp_H3K4me1_frozen__zhihan1996_DNABERT-2-117M__20260514T122234Z,0,0,0.5252622961997986,0.4747377336025238
gue_emp_H3K4me1_frozen__zhihan1996_DNABERT-2-117M__20260514T122234Z,1,1,0.4988880157470703,0.5011119842529297
gue_emp_H3K4me1_frozen__zhihan1996_DNABERT-2-117M__20260514T122234Z,1,1,0.4047868251800537,0.5952131748199463
gue_emp_H3K4me1_frozen__zhihan1996_DNABERT-2-117M__20260514T122234Z,0,1,0.38202619552612305,0.6179738640785217
gue_emp_H3K4me1_frozen__zhihan1996_DNABERT-2-117M__20260514T122234Z,0,1,0.49206894636154175,0.5079310536384583
gue_emp_H3K4me1_frozen__zhihan1996_DNABERT-2-117M__20260514T122234Z,0,0,0.6198165416717529,0.38018348813056946
gue_emp_H3K4me1_frozen__zhihan1996_DNABERT-2-117M__20260514T122234Z,0,0,0.5649387836456299,0.4350612163543701
gue_emp_H3K4me1_frozen__zhihan1996_DNABERT-2-117M__20260514T122234Z,0,0,0.5294344425201416,0.470565527677536
gue_emp_H3K4me1_frozen__zhihan1996_DNABERT-2-117M__20260514T122234Z,0,0,0.5414088368415833,0.45859116315841675
gue_emp_H3K4me1_frozen__zhihan1996_DNABERT-2-117M__20260514T122234Z,1,0,0.5040130019187927,0.49598702788352966
gue_emp_H3K4me1_frozen__zhihan1996_DNABERT-2-117M__20260514T122234Z,0,0,0.5466322898864746,0.4533677101135254
gue_emp_H3K4me1_frozen__zhihan1996_DNABERT-2-117M__20260514T122234Z,0,0,0.6150878667831421,0.3849121630191803
gue_emp_H3K4me1_frozen__zhihan1996_DNABERT-2-117M__20260514T122234Z,1,0,0.6062362194061279,0.3937637507915497
gue_emp_H3K4me1_frozen__zhihan1996_DNABERT-2-117M__20260514T122234Z,1,1,0.4296088218688965,0.5703911185264587
gue_emp_H3K4me1_frozen__zhihan1996_DNABERT-2-117M__20260514T122234Z,0,0,0.5045040845870972,0.49549591541290283
gue_emp_H3K4me1_frozen__zhihan1996_DNABERT-2-117M__20260514T122234Z,0,0,0.5160619616508484,0.483938068151474
gue_emp_H3K4me1_frozen__zhihan1996_DNABERT-2-117M__20260514T122234Z,0,1,0.415432333946228,0.584567666053772
gue_emp_H3K4me1_frozen__zhihan1996_DNABERT-2-117M__20260514T122234Z,1,1,0.4383643865585327,0.5616356730461121
gue_emp_H3K4me1_frozen__zhihan1996_DNABERT-2-117M__20260514T122234Z,1,1,0.45811763405799866,0.5418823957443237
gue_emp_H3K4me1_frozen__zhihan1996_DNABERT-2-117M__20260514T122234Z,0,1,0.4993591010570526,0.500640869140625
gue_emp_H3K4me1_frozen__zhihan1996_DNABERT-2-117M__20260514T122234Z,0,0,0.5887413620948792,0.41125860810279846
gue_emp_H3K4me1_frozen__zhihan1996_DNABERT-2-117M__20260514T122234Z,0,0,0.5744842886924744,0.42551568150520325
gue_emp_H3K4me1_frozen__zhihan1996_DNABERT-2-117M__20260514T122234Z,0,0,0.5955513715744019,0.40444865822792053
gue_emp_H3K4me1_frozen__zhihan1996_DNABERT-2-117M__20260514T122234Z,1,1,0.4707518219947815,0.5292481780052185
gue_emp_H3K4me1_frozen__zhihan1996_DNABERT-2-117M__20260514T122234Z,0,0,0.5086861252784729,0.4913138449192047
gue_emp_H3K4me1_frozen__zhihan1996_DNABERT-2-117M__20260514T122234Z,1,1,0.46864622831344604,0.531353771686554
gue_emp_H3K4me1_frozen__zhihan1996_DNABERT-2-117M__20260514T122234Z,0,0,0.5715125203132629,0.4284874498844147
gue_emp_H3K4me1_frozen__zhihan1996_DNABERT-2-117M__20260514T122234Z,0,1,0.4840752184391022,0.5159248113632202
gue_emp_H3K4me1_frozen__zhihan1996_DNABERT-2-117M__20260514T122234Z,1,0,0.5644586086273193,0.4355413615703583
gue_emp_H3K4me1_frozen__zhihan1996_DNABERT-2-117M__20260514T122234Z,1,0,0.6197877526283264,0.38021227717399597
gue_emp_H3K4me1_frozen__zhihan1996_DNABERT-2-117M__20260514T122234Z,0,1,0.3623484671115875,0.6376515030860901
gue_emp_H3K4me1_frozen__zhihan1996_DNABERT-2-117M__20260514T122234Z,1,1,0.4899725317955017,0.5100275278091431
gue_emp_H3K4me1_frozen__zhihan1996_DNABERT-2-117M__20260514T122234Z,0,1,0.45032915472984314,0.5496708154678345
gue_emp_H3K4me1_frozen__zhihan1996_DNABERT-2-117M__20260514T122234Z,1,1,0.38592416048049927,0.6140758395195007
gue_emp_H3K4me1_frozen__zhihan1996_DNABERT-2-117M__20260514T122234Z,1,0,0.5438438653945923,0.4561561644077301
gue_emp_H3K4me1_frozen__zhihan1996_DNABERT-2-117M__20260514T122234Z,1,1,0.3718777000904083,0.6281223297119141
gue_emp_H3K4me1_frozen__zhihan1996_DNABERT-2-117M__20260514T122234Z,1,1,0.3040933310985565,0.6959066987037659
gue_emp_H3K4me1_frozen__zhihan1996_DNABERT-2-117M__20260514T122234Z,1,1,0.45627349615097046,0.5437265038490295
gue_emp_H3K4me1_frozen__zhihan1996_DNABERT-2-117M__20260514T122234Z,1,0,0.544771134853363,0.45522886514663696
gue_emp_H3K4me1_frozen__zhihan1996_DNABERT-2-117M__20260514T122234Z,0,0,0.5306317806243896,0.46936821937561035
gue_emp_H3K4me1_frozen__zhihan1996_DNABERT-2-117M__20260514T122234Z,0,1,0.4610423445701599,0.5389575958251953
gue_emp_H3K4me1_frozen__zhihan1996_DNABERT-2-117M__20260514T122234Z,0,0,0.5623117089271545,0.43768829107284546
gue_emp_H3K4me1_frozen__zhihan1996_DNABERT-2-117M__20260514T122234Z,0,0,0.589361846446991,0.41063809394836426
gue_emp_H3K4me1_frozen__zhihan1996_DNABERT-2-117M__20260514T122234Z,0,0,0.5461330413818359,0.4538669288158417
gue_emp_H3K4me1_frozen__zhihan1996_DNABERT-2-117M__20260514T122234Z,0,0,0.5076287984848022,0.49237120151519775
gue_emp_H3K4me1_frozen__zhihan1996_DNABERT-2-117M__20260514T122234Z,1,1,0.47212061285972595,0.5278793573379517
gue_emp_H3K4me1_frozen__zhihan1996_DNABERT-2-117M__20260514T122234Z,0,0,0.5476152896881104,0.45238471031188965
gue_emp_H3K4me1_frozen__zhihan1996_DNABERT-2-117M__20260514T122234Z,1,1,0.47070619463920593,0.5292937755584717
gue_emp_H3K4me1_frozen__zhihan1996_DNABERT-2-117M__20260514T122234Z,1,1,0.49238261580467224,0.5076173543930054
gue_emp_H3K4me1_frozen__zhihan1996_DNABERT-2-117M__20260514T122234Z,0,0,0.5317109227180481,0.4682890772819519
gue_emp_H3K4me1_frozen__zhihan1996_DNABERT-2-117M__20260514T122234Z,1,0,0.5410451292991638,0.4589548408985138
gue_emp_H3K4me1_frozen__zhihan1996_DNABERT-2-117M__20260514T122234Z,1,0,0.5552543997764587,0.44474563002586365
gue_emp_H3K4me1_frozen__zhihan1996_DNABERT-2-117M__20260514T122234Z,0,1,0.3488392233848572,0.6511607766151428
gue_emp_H3K4me1_frozen__zhihan1996_DNABERT-2-117M__20260514T122234Z,1,0,0.5857529640197754,0.4142470359802246
gue_emp_H3K4me1_frozen__zhihan1996_DNABERT-2-117M__20260514T122234Z,1,1,0.4943163990974426,0.5056836605072021
gue_emp_H3K4me1_frozen__zhihan1996_DNABERT-2-117M__20260514T122234Z,1,1,0.36212286353111267,0.6378771066665649
gue_emp_H3K4me1_frozen__zhihan1996_DNABERT-2-117M__20260514T122234Z,1,1,0.32428887486457825,0.6757110953330994
gue_emp_H3K4me1_frozen__zhihan1996_DNABERT-2-117M__20260514T122234Z,0,0,0.5041979551315308,0.49580198526382446
gue_emp_H3K4me1_frozen__zhihan1996_DNABERT-2-117M__20260514T122234Z,0,1,0.486306756734848,0.5136932730674744
gue_emp_H3K4me1_frozen__zhihan1996_DNABERT-2-117M__20260514T122234Z,1,1,0.37433314323425293,0.6256668567657471
gue_emp_H3K4me1_frozen__zhihan1996_DNABERT-2-117M__20260514T122234Z,1,0,0.5244708061218262,0.47552919387817383
gue_emp_H3K4me1_frozen__zhihan1996_DNABERT-2-117M__20260514T122234Z,1,1,0.4074365496635437,0.5925634503364563
gue_emp_H3K4me1_frozen__zhihan1996_DNABERT-2-117M__20260514T122234Z,0,1,0.4682890772819519,0.5317109227180481
gue_emp_H3K4me1_frozen__zhihan1996_DNABERT-2-117M__20260514T122234Z,1,1,0.4473772644996643,0.5526226758956909
gue_emp_H3K4me1_frozen__zhihan1996_DNABERT-2-117M__20260514T122234Z,1,0,0.5430147647857666,0.4569852948188782
gue_emp_H3K4me1_frozen__zhihan1996_DNABERT-2-117M__20260514T122234Z,0,0,0.5107100605964661,0.4892899692058563
gue_emp_H3K4me1_frozen__zhihan1996_DNABERT-2-117M__20260514T122234Z,1,0,0.509697675704956,0.49030235409736633
gue_emp_H3K4me1_frozen__zhihan1996_DNABERT-2-117M__20260514T122234Z,0,0,0.5666181445121765,0.4333818256855011
gue_emp_H3K4me1_frozen__zhihan1996_DNABERT-2-117M__20260514T122234Z,0,0,0.5375838875770569,0.4624161720275879
gue_emp_H3K4me1_frozen__zhihan1996_DNABERT-2-117M__20260514T122234Z,1,1,0.4384846091270447,0.5615153908729553
gue_emp_H3K4me1_frozen__zhihan1996_DNABERT-2-117M__20260514T122234Z,1,0,0.6184924244880676,0.3815075755119324
gue_emp_H3K4me1_frozen__zhihan1996_DNABERT-2-117M__20260514T122234Z,1,0,0.5608841776847839,0.43911588191986084
gue_emp_H3K4me1_frozen__zhihan1996_DNABERT-2-117M__20260514T122234Z,0,0,0.5563544034957886,0.4436456561088562
gue_emp_H3K4me1_frozen__zhihan1996_DNABERT-2-117M__20260514T122234Z,0,0,0.5911923050880432,0.4088076949119568
gue_emp_H3K4me1_frozen__zhihan1996_DNABERT-2-117M__20260514T122234Z,1,0,0.5105880498886108,0.48941200971603394
gue_emp_H3K4me1_frozen__zhihan1996_DNABERT-2-117M__20260514T122234Z,1,1,0.4648408889770508,0.535159170627594
gue_emp_H3K4me1_frozen__zhihan1996_DNABERT-2-117M__20260514T122234Z,1,0,0.5864044427871704,0.4135955572128296
gue_emp_H3K4me1_frozen__zhihan1996_DNABERT-2-117M__20260514T122234Z,0,1,0.35953280329704285,0.6404672265052795
gue_emp_H3K4me1_frozen__zhihan1996_DNABERT-2-117M__20260514T122234Z,0,1,0.46795475482940674,0.5320452451705933
gue_emp_H3K4me1_frozen__zhihan1996_DNABERT-2-117M__20260514T122234Z,0,0,0.561259925365448,0.4387401044368744
gue_emp_H3K4me1_frozen__zhihan1996_DNABERT-2-117M__20260514T122234Z,1,0,0.5336101055145264,0.46638986468315125
gue_emp_H3K4me1_frozen__zhihan1996_DNABERT-2-117M__20260514T122234Z,1,0,0.525810182094574,0.4741898477077484
gue_emp_H3K4me1_frozen__zhihan1996_DNABERT-2-117M__20260514T122234Z,1,1,0.3621792793273926,0.6378207206726074
gue_emp_H3K4me1_frozen__zhihan1996_DNABERT-2-117M__20260514T122234Z,1,1,0.49409130215644836,0.5059086680412292
gue_emp_H3K4me1_frozen__zhihan1996_DNABERT-2-117M__20260514T122234Z,1,1,0.39647701382637024,0.6035230159759521
gue_emp_H3K4me1_frozen__zhihan1996_DNABERT-2-117M__20260514T122234Z,0,0,0.5920623540878296,0.4079376757144928
gue_emp_H3K4me1_frozen__zhihan1996_DNABERT-2-117M__20260514T122234Z,1,1,0.36857613921165466,0.631423830986023
gue_emp_H3K4me1_frozen__zhihan1996_DNABERT-2-117M__20260514T122234Z,1,1,0.40748074650764465,0.5925192832946777
gue_emp_H3K4me1_frozen__zhihan1996_DNABERT-2-117M__20260514T122234Z,1,1,0.41880089044570923,0.5811991095542908
gue_emp_H3K4me1_frozen__zhihan1996_DNABERT-2-117M__20260514T122234Z,0,1,0.4856034815311432,0.5143964886665344
gue_emp_H3K4me1_frozen__zhihan1996_DNABERT-2-117M__20260514T122234Z,1,0,0.5568665266036987,0.44313347339630127
gue_emp_H3K4me1_frozen__zhihan1996_DNABERT-2-117M__20260514T122234Z,1,1,0.4460573196411133,0.5539426803588867
gue_emp_H3K4me1_frozen__zhihan1996_DNABERT-2-117M__20260514T122234Z,0,0,0.5887561440467834,0.41124385595321655
gue_emp_H3K4me1_frozen__zhihan1996_DNABERT-2-117M__20260514T122234Z,0,1,0.32396796345710754,0.6760320067405701
gue_emp_H3K4me1_frozen__zhihan1996_DNABERT-2-117M__20260514T122234Z,0,0,0.5747080445289612,0.42529189586639404
gue_emp_H3K4me1_frozen__zhihan1996_DNABERT-2-117M__20260514T122234Z,0,0,0.5408025979995728,0.45919740200042725
gue_emp_H3K4me1_frozen__zhihan1996_DNABERT-2-117M__20260514T122234Z,0,0,0.5199631452560425,0.4800368547439575
gue_emp_H3K4me1_frozen__zhihan1996_DNABERT-2-117M__20260514T122234Z,1,1,0.43572139739990234,0.5642785429954529
gue_emp_H3K4me1_frozen__zhihan1996_DNABERT-2-117M__20260514T122234Z,1,1,0.43419137597084045,0.5658086538314819
gue_emp_H3K4me1_frozen__zhihan1996_DNABERT-2-117M__20260514T122234Z,0,0,0.5727825164794922,0.4272174835205078
gue_emp_H3K4me1_frozen__zhihan1996_DNABERT-2-117M__20260514T122234Z,0,0,0.5950366854667664,0.40496328473091125
gue_emp_H3K4me1_frozen__zhihan1996_DNABERT-2-117M__20260514T122234Z,0,0,0.6286354064941406,0.3713645935058594
gue_emp_H3K4me1_frozen__zhihan1996_DNABERT-2-117M__20260514T122234Z,0,0,0.5140039324760437,0.4859960973262787
gue_emp_H3K4me1_frozen__zhihan1996_DNABERT-2-117M__20260514T122234Z,0,0,0.5901445746421814,0.409855455160141
gue_emp_H3K4me1_frozen__zhihan1996_DNABERT-2-117M__20260514T122234Z,0,1,0.4384104013442993,0.5615895986557007
gue_emp_H3K4me1_frozen__zhihan1996_DNABERT-2-117M__20260514T122234Z,1,0,0.5122999548912048,0.48770010471343994
gue_emp_H3K4me1_frozen__zhihan1996_DNABERT-2-117M__20260514T122234Z,1,1,0.35527142882347107,0.6447285413742065
gue_emp_H3K4me1_frozen__zhihan1996_DNABERT-2-117M__20260514T122234Z,1,0,0.5002365112304688,0.49976348876953125
gue_emp_H3K4me1_frozen__zhihan1996_DNABERT-2-117M__20260514T122234Z,1,0,0.5274192094802856,0.47258079051971436
gue_emp_H3K4me1_frozen__zhihan1996_DNABERT-2-117M__20260514T122234Z,0,0,0.543832540512085,0.4561675190925598
gue_emp_H3K4me1_frozen__zhihan1996_DNABERT-2-117M__20260514T122234Z,1,1,0.47409090399742126,0.5259091258049011
gue_emp_H3K4me1_frozen__zhihan1996_DNABERT-2-117M__20260514T122234Z,0,0,0.6020030975341797,0.3979969024658203
gue_emp_H3K4me1_frozen__zhihan1996_DNABERT-2-117M__20260514T122234Z,1,1,0.42333880066871643,0.5766611695289612
gue_emp_H3K4me1_frozen__zhihan1996_DNABERT-2-117M__20260514T122234Z,0,0,0.5591095685958862,0.44089049100875854
gue_emp_H3K4me1_frozen__zhihan1996_DNABERT-2-117M__20260514T122234Z,0,0,0.562056303024292,0.4379436671733856
gue_emp_H3K4me1_frozen__zhihan1996_DNABERT-2-117M__20260514T122234Z,0,0,0.5434463620185852,0.4565536379814148
gue_emp_H3K4me1_frozen__zhihan1996_DNABERT-2-117M__20260514T122234Z,1,1,0.41816219687461853,0.5818377733230591
gue_emp_H3K4me1_frozen__zhihan1996_DNABERT-2-117M__20260514T122234Z,1,1,0.444282203912735,0.5557178258895874
gue_emp_H3K4me1_frozen__zhihan1996_DNABERT-2-117M__20260514T122234Z,0,0,0.5464053750038147,0.4535946249961853
gue_emp_H3K4me1_frozen__zhihan1996_DNABERT-2-117M__20260514T122234Z,0,1,0.4681675136089325,0.5318325161933899
gue_emp_H3K4me1_frozen__zhihan1996_DNABERT-2-117M__20260514T122234Z,1,0,0.5364684462547302,0.4635315239429474
gue_emp_H3K4me1_frozen__zhihan1996_DNABERT-2-117M__20260514T122234Z,1,0,0.607226550579071,0.39277344942092896
gue_emp_H3K4me1_frozen__zhihan1996_DNABERT-2-117M__20260514T122234Z,1,1,0.3717636466026306,0.6282364130020142
gue_emp_H3K4me1_frozen__zhihan1996_DNABERT-2-117M__20260514T122234Z,0,1,0.4806995987892151,0.5193004608154297
gue_emp_H3K4me1_frozen__zhihan1996_DNABERT-2-117M__20260514T122234Z,0,0,0.5936681628227234,0.4063318371772766
gue_emp_H3K4me1_frozen__zhihan1996_DNABERT-2-117M__20260514T122234Z,1,0,0.507178783416748,0.49282127618789673
gue_emp_H3K4me1_frozen__zhihan1996_DNABERT-2-117M__20260514T122234Z,1,1,0.29614511132240295,0.7038548588752747
gue_emp_H3K4me1_frozen__zhihan1996_DNABERT-2-117M__20260514T122234Z,1,1,0.47525903582572937,0.524740993976593
gue_emp_H3K4me1_frozen__zhihan1996_DNABERT-2-117M__20260514T122234Z,0,0,0.5099817514419556,0.49001824855804443
gue_emp_H3K4me1_frozen__zhihan1996_DNABERT-2-117M__20260514T122234Z,1,1,0.4416109025478363,0.5583891272544861
gue_emp_H3K4me1_frozen__zhihan1996_DNABERT-2-117M__20260514T122234Z,0,0,0.5363736152648926,0.46362635493278503
gue_emp_H3K4me1_frozen__zhihan1996_DNABERT-2-117M__20260514T122234Z,1,0,0.5702864527702332,0.42971351742744446
gue_emp_H3K4me1_frozen__zhihan1996_DNABERT-2-117M__20260514T122234Z,1,1,0.38966265320777893,0.6103373169898987
gue_emp_H3K4me1_frozen__zhihan1996_DNABERT-2-117M__20260514T122234Z,0,1,0.4985542297363281,0.5014457702636719
gue_emp_H3K4me1_frozen__zhihan1996_DNABERT-2-117M__20260514T122234Z,1,1,0.46528878808021545,0.5347112417221069
gue_emp_H3K4me1_frozen__zhihan1996_DNABERT-2-117M__20260514T122234Z,1,1,0.4391309320926666,0.5608690977096558
gue_emp_H3K4me1_frozen__zhihan1996_DNABERT-2-117M__20260514T122234Z,0,0,0.5962861776351929,0.40371376276016235
gue_emp_H3K4me1_frozen__zhihan1996_DNABERT-2-117M__20260514T122234Z,0,1,0.41516557335853577,0.5848344564437866
gue_emp_H3K4me1_frozen__zhihan1996_DNABERT-2-117M__20260514T122234Z,1,0,0.5034980177879333,0.49650198221206665
gue_emp_H3K4me1_frozen__zhihan1996_DNABERT-2-117M__20260514T122234Z,0,1,0.34246155619621277,0.6575384140014648
gue_emp_H3K4me1_frozen__zhihan1996_DNABERT-2-117M__20260514T122234Z,1,1,0.41205689311027527,0.5879431366920471
gue_emp_H3K4me1_frozen__zhihan1996_DNABERT-2-117M__20260514T122234Z,0,0,0.5455808043479919,0.45441916584968567
gue_emp_H3K4me1_frozen__zhihan1996_DNABERT-2-117M__20260514T122234Z,1,0,0.554726779460907,0.44527319073677063
gue_emp_H3K4me1_frozen__zhihan1996_DNABERT-2-117M__20260514T122234Z,0,0,0.5528264045715332,0.4471735656261444
gue_emp_H3K4me1_frozen__zhihan1996_DNABERT-2-117M__20260514T122234Z,0,1,0.4132107198238373,0.5867892503738403
gue_emp_H3K4me1_frozen__zhihan1996_DNABERT-2-117M__20260514T122234Z,1,0,0.6470736861228943,0.35292625427246094
gue_emp_H3K4me1_frozen__zhihan1996_DNABERT-2-117M__20260514T122234Z,0,0,0.6326162815093994,0.36738377809524536
gue_emp_H3K4me1_frozen__zhihan1996_DNABERT-2-117M__20260514T122234Z,1,1,0.44480592012405396,0.555194079875946
gue_emp_H3K4me1_frozen__zhihan1996_DNABERT-2-117M__20260514T122234Z,0,0,0.537815272808075,0.46218475699424744
gue_emp_H3K4me1_frozen__zhihan1996_DNABERT-2-117M__20260514T122234Z,1,0,0.5238085985183716,0.4761914014816284
gue_emp_H3K4me1_frozen__zhihan1996_DNABERT-2-117M__20260514T122234Z,0,0,0.531435489654541,0.46856456995010376
gue_emp_H3K4me1_frozen__zhihan1996_DNABERT-2-117M__20260514T122234Z,1,1,0.4981689453125,0.5018310546875
gue_emp_H3K4me1_frozen__zhihan1996_DNABERT-2-117M__20260514T122234Z,0,0,0.5834704041481018,0.4165296256542206
gue_emp_H3K4me1_frozen__zhihan1996_DNABERT-2-117M__20260514T122234Z,0,0,0.5831736922264099,0.4168263375759125
gue_emp_H3K4me1_frozen__zhihan1996_DNABERT-2-117M__20260514T122234Z,0,0,0.5427572727203369,0.4572427570819855
gue_emp_H3K4me1_frozen__zhihan1996_DNABERT-2-117M__20260514T122234Z,1,0,0.573290228843689,0.42670977115631104
gue_emp_H3K4me1_frozen__zhihan1996_DNABERT-2-117M__20260514T122234Z,0,0,0.5599669218063354,0.44003310799598694
gue_emp_H3K4me1_frozen__zhihan1996_DNABERT-2-117M__20260514T122234Z,0,1,0.3626023530960083,0.6373976469039917
gue_emp_H3K4me1_frozen__zhihan1996_DNABERT-2-117M__20260514T122234Z,0,0,0.5424845814704895,0.4575154185295105
gue_emp_H3K4me1_frozen__zhihan1996_DNABERT-2-117M__20260514T122234Z,0,1,0.4948694109916687,0.5051305890083313
gue_emp_H3K4me1_frozen__zhihan1996_DNABERT-2-117M__20260514T122234Z,1,1,0.46733933687210083,0.5326606035232544
gue_emp_H3K4me1_frozen__zhihan1996_DNABERT-2-117M__20260514T122234Z,0,0,0.5941097736358643,0.40589022636413574
gue_emp_H3K4me1_frozen__zhihan1996_DNABERT-2-117M__20260514T122234Z,1,0,0.5330632328987122,0.46693673729896545
gue_emp_H3K4me1_frozen__zhihan1996_DNABERT-2-117M__20260514T122234Z,0,1,0.40552231669425964,0.594477653503418
gue_emp_H3K4me1_frozen__zhihan1996_DNABERT-2-117M__20260514T122234Z,1,0,0.6079540848731995,0.39204585552215576
gue_emp_H3K4me1_frozen__zhihan1996_DNABERT-2-117M__20260514T122234Z,0,1,0.47510775923728943,0.524892270565033
gue_emp_H3K4me1_frozen__zhihan1996_DNABERT-2-117M__20260514T122234Z,1,1,0.3170561194419861,0.6829438805580139
gue_emp_H3K4me1_frozen__zhihan1996_DNABERT-2-117M__20260514T122234Z,0,0,0.5684158205986023,0.4315841794013977
gue_emp_H3K4me1_frozen__zhihan1996_DNABERT-2-117M__20260514T122234Z,1,1,0.4574699401855469,0.5425300002098083
gue_emp_H3K4me1_frozen__zhihan1996_DNABERT-2-117M__20260514T122234Z,1,1,0.36336445808410645,0.6366355419158936
gue_emp_H3K4me1_frozen__zhihan1996_DNABERT-2-117M__20260514T122234Z,0,0,0.5030059218406677,0.4969940781593323
gue_emp_H3K4me1_frozen__zhihan1996_DNABERT-2-117M__20260514T122234Z,1,1,0.4444780945777893,0.5555218458175659
gue_emp_H3K4me1_frozen__zhihan1996_DNABERT-2-117M__20260514T122234Z,0,0,0.5894209742546082,0.41057902574539185
gue_emp_H3K4me1_frozen__zhihan1996_DNABERT-2-117M__20260514T122234Z,0,1,0.4984397888183594,0.5015602111816406
gue_emp_H3K4me1_frozen__zhihan1996_DNABERT-2-117M__20260514T122234Z,0,0,0.5615454316139221,0.4384545385837555
gue_emp_H3K4me1_frozen__zhihan1996_DNABERT-2-117M__20260514T122234Z,1,1,0.4119386076927185,0.5880613923072815
gue_emp_H3K4me1_frozen__zhihan1996_DNABERT-2-117M__20260514T122234Z,1,0,0.5347188115119934,0.465281218290329
gue_emp_H3K4me1_frozen__zhihan1996_DNABERT-2-117M__20260514T122234Z,0,0,0.6207078099250793,0.3792921304702759
gue_emp_H3K4me1_frozen__zhihan1996_DNABERT-2-117M__20260514T122234Z,0,1,0.2818501591682434,0.7181498408317566
gue_emp_H3K4me1_frozen__zhihan1996_DNABERT-2-117M__20260514T122234Z,1,1,0.44798094034194946,0.5520190000534058
gue_emp_H3K4me1_frozen__zhihan1996_DNABERT-2-117M__20260514T122234Z,1,0,0.5091847777366638,0.4908152222633362
gue_emp_H3K4me1_frozen__zhihan1996_DNABERT-2-117M__20260514T122234Z,1,1,0.4498910903930664,0.5501089692115784
gue_emp_H3K4me1_frozen__zhihan1996_DNABERT-2-117M__20260514T122234Z,1,0,0.5663183927536011,0.4336816668510437
gue_emp_H3K4me1_frozen__zhihan1996_DNABERT-2-117M__20260514T122234Z,1,1,0.42225149273872375,0.5777485370635986
gue_emp_H3K4me1_frozen__zhihan1996_DNABERT-2-117M__20260514T122234Z,0,0,0.5779123306274414,0.422087699174881
gue_emp_H3K4me1_frozen__zhihan1996_DNABERT-2-117M__20260514T122234Z,1,0,0.5711687207221985,0.4288312494754791
gue_emp_H3K4me1_frozen__zhihan1996_DNABERT-2-117M__20260514T122234Z,1,1,0.2818007171154022,0.7181993126869202
gue_emp_H3K4me1_frozen__zhihan1996_DNABERT-2-117M__20260514T122234Z,0,0,0.5242577195167542,0.47574231028556824
gue_emp_H3K4me1_frozen__zhihan1996_DNABERT-2-117M__20260514T122234Z,0,0,0.5885935425758362,0.41140642762184143
gue_emp_H3K4me1_frozen__zhihan1996_DNABERT-2-117M__20260514T122234Z,1,0,0.5203135013580322,0.4796864688396454
gue_emp_H3K4me1_frozen__zhihan1996_DNABERT-2-117M__20260514T122234Z,1,0,0.5559777021408081,0.4440222680568695
gue_emp_H3K4me1_frozen__zhihan1996_DNABERT-2-117M__20260514T122234Z,0,0,0.5410906076431274,0.45890942215919495
gue_emp_H3K4me1_frozen__zhihan1996_DNABERT-2-117M__20260514T122234Z,1,0,0.6112079620361328,0.3887920677661896
gue_emp_H3K4me1_frozen__zhihan1996_DNABERT-2-117M__20260514T122234Z,1,1,0.4036549925804138,0.5963450074195862
gue_emp_H3K4me1_frozen__zhihan1996_DNABERT-2-117M__20260514T122234Z,1,1,0.4394391179084778,0.560560941696167
gue_emp_H3K4me1_frozen__zhihan1996_DNABERT-2-117M__20260514T122234Z,1,1,0.4072449803352356,0.5927550196647644
gue_emp_H3K4me1_frozen__zhihan1996_DNABERT-2-117M__20260514T122234Z,1,0,0.5397717356681824,0.46022823452949524
gue_emp_H3K4me1_frozen__zhihan1996_DNABERT-2-117M__20260514T122234Z,1,1,0.37949338555336,0.6205066442489624
gue_emp_H3K4me1_frozen__zhihan1996_DNABERT-2-117M__20260514T122234Z,1,0,0.5129517912864685,0.4870482087135315
gue_emp_H3K4me1_frozen__zhihan1996_DNABERT-2-117M__20260514T122234Z,1,1,0.38737162947654724,0.6126284003257751
gue_emp_H3K4me1_frozen__zhihan1996_DNABERT-2-117M__20260514T122234Z,1,1,0.35639065504074097,0.643609344959259
gue_emp_H3K4me1_frozen__zhihan1996_DNABERT-2-117M__20260514T122234Z,0,1,0.4490150809288025,0.5509849190711975
gue_emp_H3K4me1_frozen__zhihan1996_DNABERT-2-117M__20260514T122234Z,0,0,0.6082450747489929,0.3917549252510071
gue_emp_H3K4me1_frozen__zhihan1996_DNABERT-2-117M__20260514T122234Z,1,0,0.5688949227333069,0.4311051368713379
gue_emp_H3K4me1_frozen__zhihan1996_DNABERT-2-117M__20260514T122234Z,0,0,0.5610194206237793,0.4389806091785431
gue_emp_H3K4me1_frozen__zhihan1996_DNABERT-2-117M__20260514T122234Z,0,1,0.4383944571018219,0.5616055727005005
gue_emp_H3K4me1_frozen__zhihan1996_DNABERT-2-117M__20260514T122234Z,1,1,0.4379887580871582,0.5620112419128418
gue_emp_H3K4me1_frozen__zhihan1996_DNABERT-2-117M__20260514T122234Z,1,0,0.5343087911605835,0.4656912088394165
gue_emp_H3K4me1_frozen__zhihan1996_DNABERT-2-117M__20260514T122234Z,1,0,0.5078728795051575,0.49212712049484253
gue_emp_H3K4me1_frozen__zhihan1996_DNABERT-2-117M__20260514T122234Z,1,1,0.4887104332447052,0.5112895965576172
gue_emp_H3K4me1_frozen__zhihan1996_DNABERT-2-117M__20260514T122234Z,1,1,0.47884106636047363,0.5211589336395264
gue_emp_H3K4me1_frozen__zhihan1996_DNABERT-2-117M__20260514T122234Z,0,0,0.5600121021270752,0.4399879574775696
gue_emp_H3K4me1_frozen__zhihan1996_DNABERT-2-117M__20260514T122234Z,1,0,0.5328106880187988,0.46718934178352356
gue_emp_H3K4me1_frozen__zhihan1996_DNABERT-2-117M__20260514T122234Z,0,0,0.5860787034034729,0.4139212667942047
gue_emp_H3K4me1_frozen__zhihan1996_DNABERT-2-117M__20260514T122234Z,1,0,0.5368630886077881,0.4631369113922119
gue_emp_H3K4me1_frozen__zhihan1996_DNABERT-2-117M__20260514T122234Z,0,1,0.32664722204208374,0.6733527779579163
gue_emp_H3K4me1_frozen__zhihan1996_DNABERT-2-117M__20260514T122234Z,0,0,0.5938006639480591,0.4061993658542633
gue_emp_H3K4me1_frozen__zhihan1996_DNABERT-2-117M__20260514T122234Z,1,0,0.5037230849266052,0.4962769150733948
gue_emp_H3K4me1_frozen__zhihan1996_DNABERT-2-117M__20260514T122234Z,0,1,0.48301494121551514,0.5169850587844849
gue_emp_H3K4me1_frozen__zhihan1996_DNABERT-2-117M__20260514T122234Z,1,0,0.6022955179214478,0.39770445227622986
gue_emp_H3K4me1_frozen__zhihan1996_DNABERT-2-117M__20260514T122234Z,1,0,0.547252357006073,0.4527476131916046
gue_emp_H3K4me1_frozen__zhihan1996_DNABERT-2-117M__20260514T122234Z,0,0,0.5372197031974792,0.46278032660484314
gue_emp_H3K4me1_frozen__zhihan1996_DNABERT-2-117M__20260514T122234Z,1,1,0.46548616886138916,0.5345138311386108
gue_emp_H3K4me1_frozen__zhihan1996_DNABERT-2-117M__20260514T122234Z,0,1,0.427127867937088,0.5728721618652344
gue_emp_H3K4me1_frozen__zhihan1996_DNABERT-2-117M__20260514T122234Z,1,0,0.5307837724685669,0.4692162275314331
gue_emp_H3K4me1_frozen__zhihan1996_DNABERT-2-117M__20260514T122234Z,1,0,0.5664682984352112,0.4335317313671112
gue_emp_H3K4me1_frozen__zhihan1996_DNABERT-2-117M__20260514T122234Z,0,0,0.5949631333351135,0.4050368368625641
gue_emp_H3K4me1_frozen__zhihan1996_DNABERT-2-117M__20260514T122234Z,1,1,0.37679508328437805,0.6232048869132996
gue_emp_H3K4me1_frozen__zhihan1996_DNABERT-2-117M__20260514T122234Z,1,1,0.4804796278476715,0.5195203423500061
gue_emp_H3K4me1_frozen__zhihan1996_DNABERT-2-117M__20260514T122234Z,0,1,0.4375981390476227,0.5624018311500549
gue_emp_H3K4me1_frozen__zhihan1996_DNABERT-2-117M__20260514T122234Z,0,0,0.5641584992408752,0.43584147095680237
gue_emp_H3K4me1_frozen__zhihan1996_DNABERT-2-117M__20260514T122234Z,0,0,0.5648187398910522,0.43518126010894775
gue_emp_H3K4me1_frozen__zhihan1996_DNABERT-2-117M__20260514T122234Z,0,0,0.5883275270462036,0.4116725027561188
gue_emp_H3K4me1_frozen__zhihan1996_DNABERT-2-117M__20260514T122234Z,1,0,0.5342366695404053,0.4657633304595947
gue_emp_H3K4me1_frozen__zhihan1996_DNABERT-2-117M__20260514T122234Z,1,0,0.5260061621665955,0.4739938974380493
gue_emp_H3K4me1_frozen__zhihan1996_DNABERT-2-117M__20260514T122234Z,0,0,0.6037274599075317,0.39627259969711304
gue_emp_H3K4me1_frozen__zhihan1996_DNABERT-2-117M__20260514T122234Z,0,1,0.4837169945240021,0.5162829756736755
gue_emp_H3K4me1_frozen__zhihan1996_DNABERT-2-117M__20260514T122234Z,1,0,0.5077279806137085,0.4922720193862915
gue_emp_H3K4me1_frozen__zhihan1996_DNABERT-2-117M__20260514T122234Z,1,0,0.5184699892997742,0.4815300405025482
gue_emp_H3K4me1_frozen__zhihan1996_DNABERT-2-117M__20260514T122234Z,1,0,0.5700621008872986,0.4299378991127014
gue_emp_H3K4me1_frozen__zhihan1996_DNABERT-2-117M__20260514T122234Z,0,0,0.5469083189964294,0.45309171080589294
gue_emp_H3K4me1_frozen__zhihan1996_DNABERT-2-117M__20260514T122234Z,1,1,0.29173699021339417,0.7082630395889282
gue_emp_H3K4me1_frozen__zhihan1996_DNABERT-2-117M__20260514T122234Z,0,0,0.5127840638160706,0.48721596598625183
gue_emp_H3K4me1_frozen__zhihan1996_DNABERT-2-117M__20260514T122234Z,1,0,0.5089712142944336,0.4910287857055664
gue_emp_H3K4me1_frozen__zhihan1996_DNABERT-2-117M__20260514T122234Z,0,0,0.5788946151733398,0.42110541462898254
gue_emp_H3K4me1_frozen__zhihan1996_DNABERT-2-117M__20260514T122234Z,0,1,0.4302371144294739,0.5697628855705261
gue_emp_H3K4me1_frozen__zhihan1996_DNABERT-2-117M__20260514T122234Z,0,1,0.4300052225589752,0.5699948072433472
gue_emp_H3K4me1_frozen__zhihan1996_DNABERT-2-117M__20260514T122234Z,0,0,0.5354438424110413,0.46455615758895874
gue_emp_H3K4me1_frozen__zhihan1996_DNABERT-2-117M__20260514T122234Z,1,1,0.364918977022171,0.6350809931755066
gue_emp_H3K4me1_frozen__zhihan1996_DNABERT-2-117M__20260514T122234Z,1,0,0.6136707663536072,0.3863292336463928
gue_emp_H3K4me1_frozen__zhihan1996_DNABERT-2-117M__20260514T122234Z,1,0,0.5481595993041992,0.45184043049812317
gue_emp_H3K4me1_frozen__zhihan1996_DNABERT-2-117M__20260514T122234Z,1,0,0.5521926283836365,0.4478074014186859
gue_emp_H3K4me1_frozen__zhihan1996_DNABERT-2-117M__20260514T122234Z,1,1,0.4888300597667694,0.511169970035553
gue_emp_H3K4me1_frozen__zhihan1996_DNABERT-2-117M__20260514T122234Z,1,1,0.47120043635368347,0.5287995338439941
gue_emp_H3K4me1_frozen__zhihan1996_DNABERT-2-117M__20260514T122234Z,1,1,0.4680611491203308,0.5319388508796692
gue_emp_H3K4me1_frozen__zhihan1996_DNABERT-2-117M__20260514T122234Z,0,0,0.6193274259567261,0.3806726038455963
gue_emp_H3K4me1_frozen__zhihan1996_DNABERT-2-117M__20260514T122234Z,1,1,0.4313296675682068,0.5686703324317932
gue_emp_H3K4me1_frozen__zhihan1996_DNABERT-2-117M__20260514T122234Z,0,1,0.4141286015510559,0.5858714580535889
gue_emp_H3K4me1_frozen__zhihan1996_DNABERT-2-117M__20260514T122234Z,1,0,0.5402871966362,0.45971277356147766
gue_emp_H3K4me1_frozen__zhihan1996_DNABERT-2-117M__20260514T122234Z,0,1,0.48656025528907776,0.5134397745132446
gue_emp_H3K4me1_frozen__zhihan1996_DNABERT-2-117M__20260514T122234Z,1,1,0.49981689453125,0.50018310546875
gue_emp_H3K4me1_frozen__zhihan1996_DNABERT-2-117M__20260514T122234Z,1,0,0.5275599360466003,0.47244003415107727
gue_emp_H3K4me1_frozen__zhihan1996_DNABERT-2-117M__20260514T122234Z,0,1,0.4771011471748352,0.5228988528251648
gue_emp_H3K4me1_frozen__zhihan1996_DNABERT-2-117M__20260514T122234Z,1,1,0.40201056003570557,0.5979894399642944
gue_emp_H3K4me1_frozen__zhihan1996_DNABERT-2-117M__20260514T122234Z,1,1,0.47878777980804443,0.5212122797966003
gue_emp_H3K4me1_frozen__zhihan1996_DNABERT-2-117M__20260514T122234Z,0,0,0.5341464877128601,0.46585357189178467
gue_emp_H3K4me1_frozen__zhihan1996_DNABERT-2-117M__20260514T122234Z,1,0,0.5400295257568359,0.45997050404548645
gue_emp_H3K4me1_frozen__zhihan1996_DNABERT-2-117M__20260514T122234Z,1,0,0.5570774078369141,0.44292259216308594
gue_emp_H3K4me1_frozen__zhihan1996_DNABERT-2-117M__20260514T122234Z,1,1,0.34427809715270996,0.65572190284729
gue_emp_H3K4me1_frozen__zhihan1996_DNABERT-2-117M__20260514T122234Z,0,0,0.6100470423698425,0.38995298743247986
gue_emp_H3K4me1_frozen__zhihan1996_DNABERT-2-117M__20260514T122234Z,1,1,0.4433594048023224,0.5566405653953552
gue_emp_H3K4me1_frozen__zhihan1996_DNABERT-2-117M__20260514T122234Z,0,1,0.4453335106372833,0.5546665191650391
gue_emp_H3K4me1_frozen__zhihan1996_DNABERT-2-117M__20260514T122234Z,0,1,0.4835045635700226,0.5164954662322998
gue_emp_H3K4me1_frozen__zhihan1996_DNABERT-2-117M__20260514T122234Z,0,1,0.4787573218345642,0.5212426781654358
gue_emp_H3K4me1_frozen__zhihan1996_DNABERT-2-117M__20260514T122234Z,1,1,0.2548797130584717,0.7451202869415283
gue_emp_H3K4me1_frozen__zhihan1996_DNABERT-2-117M__20260514T122234Z,1,0,0.5178280472755432,0.4821719229221344
gue_emp_H3K4me1_frozen__zhihan1996_DNABERT-2-117M__20260514T122234Z,1,1,0.3570629358291626,0.6429370641708374
gue_emp_H3K4me1_frozen__zhihan1996_DNABERT-2-117M__20260514T122234Z,1,0,0.5449225306510925,0.45507752895355225
gue_emp_H3K4me1_frozen__zhihan1996_DNABERT-2-117M__20260514T122234Z,1,1,0.4132847189903259,0.5867152214050293
gue_emp_H3K4me1_frozen__zhihan1996_DNABERT-2-117M__20260514T122234Z,1,0,0.6344301104545593,0.3655698895454407
gue_emp_H3K4me1_frozen__zhihan1996_DNABERT-2-117M__20260514T122234Z,1,1,0.4481016993522644,0.5518983006477356
gue_emp_H3K4me1_frozen__zhihan1996_DNABERT-2-117M__20260514T122234Z,0,1,0.3911442458629608,0.6088557243347168
gue_emp_H3K4me1_frozen__zhihan1996_DNABERT-2-117M__20260514T122234Z,1,1,0.4671798348426819,0.5328201651573181
gue_emp_H3K4me1_frozen__zhihan1996_DNABERT-2-117M__20260514T122234Z,0,1,0.47671666741371155,0.5232833027839661
gue_emp_H3K4me1_frozen__zhihan1996_DNABERT-2-117M__20260514T122234Z,1,0,0.5242043733596802,0.47579556703567505
gue_emp_H3K4me1_frozen__zhihan1996_DNABERT-2-117M__20260514T122234Z,1,1,0.37333306670188904,0.6266669631004333
gue_emp_H3K4me1_frozen__zhihan1996_DNABERT-2-117M__20260514T122234Z,1,1,0.347869336605072,0.6521306037902832
gue_emp_H3K4me1_frozen__zhihan1996_DNABERT-2-117M__20260514T122234Z,0,1,0.3609394431114197,0.6390605568885803
gue_emp_H3K4me1_frozen__zhihan1996_DNABERT-2-117M__20260514T122234Z,1,0,0.5020256042480469,0.4979744255542755
gue_emp_H3K4me1_frozen__zhihan1996_DNABERT-2-117M__20260514T122234Z,1,1,0.39621418714523315,0.6037858128547668
gue_emp_H3K4me1_frozen__zhihan1996_DNABERT-2-117M__20260514T122234Z,1,0,0.5411360859870911,0.4588639736175537
gue_emp_H3K4me1_frozen__zhihan1996_DNABERT-2-117M__20260514T122234Z,0,0,0.5631527304649353,0.4368472397327423
gue_emp_H3K4me1_frozen__zhihan1996_DNABERT-2-117M__20260514T122234Z,1,0,0.5246515870094299,0.47534844279289246
gue_emp_H3K4me1_frozen__zhihan1996_DNABERT-2-117M__20260514T122234Z,0,0,0.5818377733230591,0.41816219687461853
gue_emp_H3K4me1_frozen__zhihan1996_DNABERT-2-117M__20260514T122234Z,1,1,0.44051438570022583,0.5594856142997742
gue_emp_H3K4me1_frozen__zhihan1996_DNABERT-2-117M__20260514T122234Z,0,0,0.5285334587097168,0.471466600894928
gue_emp_H3K4me1_frozen__zhihan1996_DNABERT-2-117M__20260514T122234Z,1,1,0.4800216257572174,0.5199783444404602
gue_emp_H3K4me1_frozen__zhihan1996_DNABERT-2-117M__20260514T122234Z,0,0,0.5705257654190063,0.42947420477867126
gue_emp_H3K4me1_frozen__zhihan1996_DNABERT-2-117M__20260514T122234Z,1,1,0.46124428510665894,0.5387557148933411
gue_emp_H3K4me1_frozen__zhihan1996_DNABERT-2-117M__20260514T122234Z,0,0,0.557303249835968,0.4426967203617096
gue_emp_H3K4me1_frozen__zhihan1996_DNABERT-2-117M__20260514T122234Z,0,0,0.5130185484886169,0.48698145151138306
gue_emp_H3K4me1_frozen__zhihan1996_DNABERT-2-117M__20260514T122234Z,1,1,0.4808366894721985,0.5191632509231567
gue_emp_H3K4me1_frozen__zhihan1996_DNABERT-2-117M__20260514T122234Z,0,0,0.5795640349388123,0.42043596506118774
gue_emp_H3K4me1_frozen__zhihan1996_DNABERT-2-117M__20260514T122234Z,1,1,0.448048859834671,0.5519511103630066
gue_emp_H3K4me1_frozen__zhihan1996_DNABERT-2-117M__20260514T122234Z,0,0,0.5924897789955139,0.40751025080680847
gue_emp_H3K4me1_frozen__zhihan1996_DNABERT-2-117M__20260514T122234Z,1,1,0.4952947199344635,0.5047052502632141
gue_emp_H3K4me1_frozen__zhihan1996_DNABERT-2-117M__20260514T122234Z,0,0,0.5583270192146301,0.44167301058769226
gue_emp_H3K4me1_frozen__zhihan1996_DNABERT-2-117M__20260514T122234Z,1,1,0.47421643137931824,0.5257835388183594
gue_emp_H3K4me1_frozen__zhihan1996_DNABERT-2-117M__20260514T122234Z,1,0,0.5885640382766724,0.41143599152565
gue_emp_H3K4me1_frozen__zhihan1996_DNABERT-2-117M__20260514T122234Z,0,0,0.6116139888763428,0.3883860111236572
gue_emp_H3K4me1_frozen__zhihan1996_DNABERT-2-117M__20260514T122234Z,1,1,0.41790974140167236,0.5820901989936829
gue_emp_H3K4me1_frozen__zhihan1996_DNABERT-2-117M__20260514T122234Z,1,1,0.39896246790885925,0.6010375022888184
gue_emp_H3K4me1_frozen__zhihan1996_DNABERT-2-117M__20260514T122234Z,1,0,0.5584022402763367,0.44159775972366333
gue_emp_H3K4me1_frozen__zhihan1996_DNABERT-2-117M__20260514T122234Z,0,0,0.595992386341095,0.4040076732635498
gue_emp_H3K4me1_frozen__zhihan1996_DNABERT-2-117M__20260514T122234Z,0,0,0.5310421586036682,0.4689578413963318
gue_emp_H3K4me1_frozen__zhihan1996_DNABERT-2-117M__20260514T122234Z,1,1,0.4754607081413269,0.5245392918586731
gue_emp_H3K4me1_frozen__zhihan1996_DNABERT-2-117M__20260514T122234Z,1,0,0.5535053014755249,0.4464946985244751
gue_emp_H3K4me1_frozen__zhihan1996_DNABERT-2-117M__20260514T122234Z,0,1,0.4834350049495697,0.5165650248527527
gue_emp_H3K4me1_frozen__zhihan1996_DNABERT-2-117M__20260514T122234Z,1,1,0.38829904794692993,0.6117010116577148
gue_emp_H3K4me1_frozen__zhihan1996_DNABERT-2-117M__20260514T122234Z,0,0,0.5052488446235657,0.4947511553764343
gue_emp_H3K4me1_frozen__zhihan1996_DNABERT-2-117M__20260514T122234Z,0,1,0.48551586270332336,0.514484167098999
gue_emp_H3K4me1_frozen__zhihan1996_DNABERT-2-117M__20260514T122234Z,1,0,0.5681013464927673,0.43189865350723267
gue_emp_H3K4me1_frozen__zhihan1996_DNABERT-2-117M__20260514T122234Z,1,1,0.4518744647502899,0.5481255054473877
gue_emp_H3K4me1_frozen__zhihan1996_DNABERT-2-117M__20260514T122234Z,1,0,0.5287007093429565,0.47129929065704346
gue_emp_H3K4me1_frozen__zhihan1996_DNABERT-2-117M__20260514T122234Z,1,0,0.5867892503738403,0.4132107198238373
gue_emp_H3K4me1_frozen__zhihan1996_DNABERT-2-117M__20260514T122234Z,1,0,0.5660485029220581,0.4339514672756195
gue_emp_H3K4me1_frozen__zhihan1996_DNABERT-2-117M__20260514T122234Z,1,0,0.5607638955116272,0.4392361640930176
gue_emp_H3K4me1_frozen__zhihan1996_DNABERT-2-117M__20260514T122234Z,1,1,0.42732203006744385,0.5726779699325562
gue_emp_H3K4me1_frozen__zhihan1996_DNABERT-2-117M__20260514T122234Z,1,0,0.558522641658783,0.44147732853889465
gue_emp_H3K4me1_frozen__zhihan1996_DNABERT-2-117M__20260514T122234Z,1,1,0.46084997057914734,0.539150059223175
gue_emp_H3K4me1_frozen__zhihan1996_DNABERT-2-117M__20260514T122234Z,0,0,0.5377393960952759,0.4622606039047241
gue_emp_H3K4me1_frozen__zhihan1996_DNABERT-2-117M__20260514T122234Z,0,1,0.4091322422027588,0.5908676981925964
gue_emp_H3K4me1_frozen__zhihan1996_DNABERT-2-117M__20260514T122234Z,0,0,0.5454521775245667,0.45454779267311096
gue_emp_H3K4me1_frozen__zhihan1996_DNABERT-2-117M__20260514T122234Z,1,1,0.48100242018699646,0.5189975500106812
gue_emp_H3K4me1_frozen__zhihan1996_DNABERT-2-117M__20260514T122234Z,1,1,0.49930572509765625,0.5006942749023438
gue_emp_H3K4me1_frozen__zhihan1996_DNABERT-2-117M__20260514T122234Z,0,0,0.6054491996765137,0.3945508301258087
gue_emp_H3K4me1_frozen__zhihan1996_DNABERT-2-117M__20260514T122234Z,1,1,0.353958398103714,0.6460416316986084
gue_emp_H3K4me1_frozen__zhihan1996_DNABERT-2-117M__20260514T122234Z,0,0,0.5311942100524902,0.46880581974983215
gue_emp_H3K4me1_frozen__zhihan1996_DNABERT-2-117M__20260514T122234Z,0,0,0.5035247206687927,0.4964752793312073
gue_emp_H3K4me1_frozen__zhihan1996_DNABERT-2-117M__20260514T122234Z,1,1,0.2882183790206909,0.7117816209793091
gue_emp_H3K4me1_frozen__zhihan1996_DNABERT-2-117M__20260514T122234Z,0,0,0.5142249464988708,0.48577502369880676
gue_emp_H3K4me1_frozen__zhihan1996_DNABERT-2-117M__20260514T122234Z,0,1,0.4925389885902405,0.5074610114097595
gue_emp_H3K4me1_frozen__zhihan1996_DNABERT-2-117M__20260514T122234Z,0,1,0.45727303624153137,0.5427269339561462
gue_emp_H3K4me1_frozen__zhihan1996_DNABERT-2-117M__20260514T122234Z,1,1,0.4740290939807892,0.5259709358215332
gue_emp_H3K4me1_frozen__zhihan1996_DNABERT-2-117M__20260514T122234Z,1,0,0.5206486582756042,0.47935137152671814
gue_emp_H3K4me1_frozen__zhihan1996_DNABERT-2-117M__20260514T122234Z,0,0,0.5394229888916016,0.46057698130607605
gue_emp_H3K4me1_frozen__zhihan1996_DNABERT-2-117M__20260514T122234Z,1,0,0.5626721978187561,0.4373278021812439
gue_emp_H3K4me1_frozen__zhihan1996_DNABERT-2-117M__20260514T122234Z,1,0,0.5786118507385254,0.4213881194591522
gue_emp_H3K4me1_frozen__zhihan1996_DNABERT-2-117M__20260514T122234Z,1,1,0.45354926586151123,0.5464507341384888
gue_emp_H3K4me1_frozen__zhihan1996_DNABERT-2-117M__20260514T122234Z,1,1,0.468083918094635,0.531916081905365
gue_emp_H3K4me1_frozen__zhihan1996_DNABERT-2-117M__20260514T122234Z,0,0,0.5013427734375,0.4986572265625
gue_emp_H3K4me1_frozen__zhihan1996_DNABERT-2-117M__20260514T122234Z,1,0,0.5019989013671875,0.4980010986328125
gue_emp_H3K4me1_frozen__zhihan1996_DNABERT-2-117M__20260514T122234Z,1,1,0.49348771572113037,0.5065122842788696
gue_emp_H3K4me1_frozen__zhihan1996_DNABERT-2-117M__20260514T122234Z,1,1,0.4725313186645508,0.5274686217308044
gue_emp_H3K4me1_frozen__zhihan1996_DNABERT-2-117M__20260514T122234Z,1,1,0.4685474634170532,0.5314525365829468
gue_emp_H3K4me1_frozen__zhihan1996_DNABERT-2-117M__20260514T122234Z,0,0,0.5431662201881409,0.45683377981185913
gue_emp_H3K4me1_frozen__zhihan1996_DNABERT-2-117M__20260514T122234Z,1,0,0.5359789729118347,0.4640210270881653
gue_emp_H3K4me1_frozen__zhihan1996_DNABERT-2-117M__20260514T122234Z,0,1,0.4654709994792938,0.5345289707183838
gue_emp_H3K4me1_frozen__zhihan1996_DNABERT-2-117M__20260514T122234Z,0,0,0.569149374961853,0.430850625038147
gue_emp_H3K4me1_frozen__zhihan1996_DNABERT-2-117M__20260514T122234Z,0,1,0.43129974603652954,0.5687003135681152
gue_emp_H3K4me1_frozen__zhihan1996_DNABERT-2-117M__20260514T122234Z,1,1,0.4886303246021271,0.5113696455955505
gue_emp_H3K4me1_frozen__zhihan1996_DNABERT-2-117M__20260514T122234Z,1,0,0.5544101595878601,0.4455898106098175
gue_emp_H3K4me1_frozen__zhihan1996_DNABERT-2-117M__20260514T122234Z,1,0,0.5228341221809387,0.4771658480167389
gue_emp_H3K4me1_frozen__zhihan1996_DNABERT-2-117M__20260514T122234Z,1,1,0.30342209339141846,0.6965778470039368
gue_emp_H3K4me1_frozen__zhihan1996_DNABERT-2-117M__20260514T122234Z,1,1,0.35616669058799744,0.6438332796096802
gue_emp_H3K4me1_frozen__zhihan1996_DNABERT-2-117M__20260514T122234Z,0,1,0.4361116290092468,0.5638883113861084
gue_emp_H3K4me1_frozen__zhihan1996_DNABERT-2-117M__20260514T122234Z,1,0,0.5113811492919922,0.4886189103126526
gue_emp_H3K4me1_frozen__zhihan1996_DNABERT-2-117M__20260514T122234Z,0,0,0.5275599360466003,0.47244003415107727
gue_emp_H3K4me1_frozen__zhihan1996_DNABERT-2-117M__20260514T122234Z,1,0,0.5196965336799622,0.48030349612236023
gue_emp_H3K4me1_frozen__zhihan1996_DNABERT-2-117M__20260514T122234Z,1,1,0.46393755078315735,0.5360624194145203
gue_emp_H3K4me1_frozen__zhihan1996_DNABERT-2-117M__20260514T122234Z,1,0,0.5205553770065308,0.479444682598114
gue_emp_H3K4me1_frozen__zhihan1996_DNABERT-2-117M__20260514T122234Z,0,0,0.5476152896881104,0.45238471031188965
gue_emp_H3K4me1_frozen__zhihan1996_DNABERT-2-117M__20260514T122234Z,1,1,0.37799975275993347,0.6220002174377441
gue_emp_H3K4me1_frozen__zhihan1996_DNABERT-2-117M__20260514T122234Z,0,0,0.5243794322013855,0.4756205379962921
gue_emp_H3K4me1_frozen__zhihan1996_DNABERT-2-117M__20260514T122234Z,1,1,0.3053865134716034,0.6946134567260742
gue_emp_H3K4me1_frozen__zhihan1996_DNABERT-2-117M__20260514T122234Z,1,1,0.3503658175468445,0.6496341824531555
gue_emp_H3K4me1_frozen__zhihan1996_DNABERT-2-117M__20260514T122234Z,1,0,0.5181652307510376,0.4818347692489624
gue_emp_H3K4me1_frozen__zhihan1996_DNABERT-2-117M__20260514T122234Z,0,1,0.38690823316574097,0.613091766834259
gue_emp_H3K4me1_frozen__zhihan1996_DNABERT-2-117M__20260514T122234Z,0,0,0.5135541558265686,0.48644590377807617
gue_emp_H3K4me1_frozen__zhihan1996_DNABERT-2-117M__20260514T122234Z,1,0,0.5769144892692566,0.4230855405330658
gue_emp_H3K4me1_frozen__zhihan1996_DNABERT-2-117M__20260514T122234Z,1,0,0.6000711917877197,0.39992883801460266
gue_emp_H3K4me1_frozen__zhihan1996_DNABERT-2-117M__20260514T122234Z,1,1,0.47606298327445984,0.5239370465278625
gue_emp_H3K4me1_frozen__zhihan1996_DNABERT-2-117M__20260514T122234Z,0,0,0.5853826403617859,0.4146173298358917
gue_emp_H3K4me1_frozen__zhihan1996_DNABERT-2-117M__20260514T122234Z,0,1,0.48246055841445923,0.5175394415855408
gue_emp_H3K4me1_frozen__zhihan1996_DNABERT-2-117M__20260514T122234Z,0,0,0.5351895689964294,0.46481046080589294
gue_emp_H3K4me1_frozen__zhihan1996_DNABERT-2-117M__20260514T122234Z,1,1,0.4242628812789917,0.5757371187210083
gue_emp_H3K4me1_frozen__zhihan1996_DNABERT-2-117M__20260514T122234Z,0,0,0.5678317546844482,0.43216821551322937
gue_emp_H3K4me1_frozen__zhihan1996_DNABERT-2-117M__20260514T122234Z,0,0,0.5753494501113892,0.42465054988861084
gue_emp_H3K4me1_frozen__zhihan1996_DNABERT-2-117M__20260514T122234Z,1,1,0.2913335859775543,0.7086664438247681
gue_emp_H3K4me1_frozen__zhihan1996_DNABERT-2-117M__20260514T122234Z,1,1,0.3507270812988281,0.6492729187011719
gue_emp_H3K4me1_frozen__zhihan1996_DNABERT-2-117M__20260514T122234Z,0,1,0.33895182609558105,0.6610482335090637
gue_emp_H3K4me1_frozen__zhihan1996_DNABERT-2-117M__20260514T122234Z,1,0,0.535295844078064,0.4647042155265808
gue_emp_H3K4me1_frozen__zhihan1996_DNABERT-2-117M__20260514T122234Z,1,1,0.3780284523963928,0.6219714879989624
gue_emp_H3K4me1_frozen__zhihan1996_DNABERT-2-117M__20260514T122234Z,1,1,0.4008080065250397,0.5991920232772827
gue_emp_H3K4me1_frozen__zhihan1996_DNABERT-2-117M__20260514T122234Z,0,0,0.6303721070289612,0.3696278929710388
gue_emp_H3K4me1_frozen__zhihan1996_DNABERT-2-117M__20260514T122234Z,0,1,0.4804481863975525,0.5195518136024475
gue_emp_H3K4me1_frozen__zhihan1996_DNABERT-2-117M__20260514T122234Z,1,1,0.4078197479248047,0.5921803116798401
gue_emp_H3K4me1_frozen__zhihan1996_DNABERT-2-117M__20260514T122234Z,0,0,0.5777038931846619,0.4222961664199829
gue_emp_H3K4me1_frozen__zhihan1996_DNABERT-2-117M__20260514T122234Z,0,0,0.6032016277313232,0.39679837226867676
gue_emp_H3K4me1_frozen__zhihan1996_DNABERT-2-117M__20260514T122234Z,1,1,0.28283950686454773,0.7171604633331299
gue_emp_H3K4me1_frozen__zhihan1996_DNABERT-2-117M__20260514T122234Z,0,1,0.43152427673339844,0.5684757232666016
gue_emp_H3K4me1_frozen__zhihan1996_DNABERT-2-117M__20260514T122234Z,1,1,0.4529593586921692,0.5470406413078308
gue_emp_H3K4me1_frozen__zhihan1996_DNABERT-2-117M__20260514T122234Z,0,0,0.5345517992973328,0.4654482305049896
gue_emp_H3K4me1_frozen__zhihan1996_DNABERT-2-117M__20260514T122234Z,1,1,0.4087044298648834,0.591295599937439
gue_emp_H3K4me1_frozen__zhihan1996_DNABERT-2-117M__20260514T122234Z,0,0,0.5153226256370544,0.48467734456062317
gue_emp_H3K4me1_frozen__zhihan1996_DNABERT-2-117M__20260514T122234Z,1,0,0.5708996057510376,0.42910036444664
gue_emp_H3K4me1_frozen__zhihan1996_DNABERT-2-117M__20260514T122234Z,1,1,0.4808519780635834,0.519148051738739
gue_emp_H3K4me1_frozen__zhihan1996_DNABERT-2-117M__20260514T122234Z,0,1,0.34670719504356384,0.6532928347587585
gue_emp_H3K4me1_frozen__zhihan1996_DNABERT-2-117M__20260514T122234Z,0,0,0.5990747213363647,0.40092527866363525
gue_emp_H3K4me1_frozen__zhihan1996_DNABERT-2-117M__20260514T122234Z,1,1,0.4769260287284851,0.5230739712715149
gue_emp_H3K4me1_frozen__zhihan1996_DNABERT-2-117M__20260514T122234Z,0,0,0.5304493308067322,0.4695506691932678
gue_emp_H3K4me1_frozen__zhihan1996_DNABERT-2-117M__20260514T122234Z,1,1,0.38202619552612305,0.6179738640785217
gue_emp_H3K4me1_frozen__zhihan1996_DNABERT-2-117M__20260514T122234Z,0,0,0.5974317789077759,0.4025682508945465
gue_emp_H3K4me1_frozen__zhihan1996_DNABERT-2-117M__20260514T122234Z,0,0,0.5726182460784912,0.4273817539215088
gue_emp_H3K4me1_frozen__zhihan1996_DNABERT-2-117M__20260514T122234Z,0,0,0.5367169976234436,0.4632830023765564
gue_emp_H3K4me1_frozen__zhihan1996_DNABERT-2-117M__20260514T122234Z,1,0,0.5330063104629517,0.4669937193393707
gue_emp_H3K4me1_frozen__zhihan1996_DNABERT-2-117M__20260514T122234Z,0,1,0.4950487017631531,0.5049512982368469
gue_emp_H3K4me1_frozen__zhihan1996_DNABERT-2-117M__20260514T122234Z,1,1,0.44835078716278076,0.5516492128372192
gue_emp_H3K4me1_frozen__zhihan1996_DNABERT-2-117M__20260514T122234Z,1,1,0.4877953827381134,0.5122045874595642
gue_emp_H3K4me1_frozen__zhihan1996_DNABERT-2-117M__20260514T122234Z,1,1,0.4355563819408417,0.5644436478614807
gue_emp_H3K4me1_frozen__zhihan1996_DNABERT-2-117M__20260514T122234Z,1,0,0.5428026914596558,0.45719730854034424
gue_emp_H3K4me1_frozen__zhihan1996_DNABERT-2-117M__20260514T122234Z,1,0,0.5954337120056152,0.4045662581920624
gue_emp_H3K4me1_frozen__zhihan1996_DNABERT-2-117M__20260514T122234Z,0,1,0.4681931436061859,0.5318068861961365
gue_emp_H3K4me1_frozen__zhihan1996_DNABERT-2-117M__20260514T122234Z,1,0,0.5210789442062378,0.4789210259914398
gue_emp_H3K4me1_frozen__zhihan1996_DNABERT-2-117M__20260514T122234Z,0,0,0.5833814144134521,0.41661858558654785
gue_emp_H3K4me1_frozen__zhihan1996_DNABERT-2-117M__20260514T122234Z,0,0,0.527495265007019,0.47250473499298096
gue_emp_H3K4me1_frozen__zhihan1996_DNABERT-2-117M__20260514T122234Z,1,0,0.5052440762519836,0.49475595355033875
gue_emp_H3K4me1_frozen__zhihan1996_DNABERT-2-117M__20260514T122234Z,0,0,0.6140469312667847,0.38595306873321533
gue_emp_H3K4me1_frozen__zhihan1996_DNABERT-2-117M__20260514T122234Z,0,0,0.5016651153564453,0.4983349144458771
gue_emp_H3K4me1_frozen__zhihan1996_DNABERT-2-117M__20260514T122234Z,1,1,0.4055075943470001,0.5944924354553223
gue_emp_H3K4me1_frozen__zhihan1996_DNABERT-2-117M__20260514T122234Z,0,0,0.5412535071372986,0.45874646306037903
gue_emp_H3K4me1_frozen__zhihan1996_DNABERT-2-117M__20260514T122234Z,0,0,0.6333535313606262,0.3666464388370514
gue_emp_H3K4me1_frozen__zhihan1996_DNABERT-2-117M__20260514T122234Z,0,0,0.5363888144493103,0.4636112451553345
gue_emp_H3K4me1_frozen__zhihan1996_DNABERT-2-117M__20260514T122234Z,1,1,0.427949458360672,0.5720505118370056
gue_emp_H3K4me1_frozen__zhihan1996_DNABERT-2-117M__20260514T122234Z,0,0,0.5609292387962341,0.43907079100608826
gue_emp_H3K4me1_frozen__zhihan1996_DNABERT-2-117M__20260514T122234Z,1,0,0.5868337154388428,0.413166344165802
gue_emp_H3K4me1_frozen__zhihan1996_DNABERT-2-117M__20260514T122234Z,0,0,0.5324327349662781,0.4675672650337219
gue_emp_H3K4me1_frozen__zhihan1996_DNABERT-2-117M__20260514T122234Z,0,1,0.46267029643058777,0.5373296737670898
gue_emp_H3K4me1_frozen__zhihan1996_DNABERT-2-117M__20260514T122234Z,1,1,0.35493600368499756,0.6450639963150024
gue_emp_H3K4me1_frozen__zhihan1996_DNABERT-2-117M__20260514T122234Z,1,1,0.4602130651473999,0.5397869348526001
gue_emp_H3K4me1_frozen__zhihan1996_DNABERT-2-117M__20260514T122234Z,0,0,0.5432419180870056,0.456758052110672
gue_emp_H3K4me1_frozen__zhihan1996_DNABERT-2-117M__20260514T122234Z,0,0,0.5148576498031616,0.485142320394516
gue_emp_H3K4me1_frozen__zhihan1996_DNABERT-2-117M__20260514T122234Z,1,1,0.32847559452056885,0.6715244054794312
gue_emp_H3K4me1_frozen__zhihan1996_DNABERT-2-117M__20260514T122234Z,1,1,0.44272682070732117,0.5572731494903564
gue_emp_H3K4me1_frozen__zhihan1996_DNABERT-2-117M__20260514T122234Z,0,1,0.49822998046875,0.50177001953125
gue_emp_H3K4me1_frozen__zhihan1996_DNABERT-2-117M__20260514T122234Z,1,1,0.45653942227363586,0.5434605479240417
gue_emp_H3K4me1_frozen__zhihan1996_DNABERT-2-117M__20260514T122234Z,1,0,0.5096728801727295,0.4903271198272705
gue_emp_H3K4me1_frozen__zhihan1996_DNABERT-2-117M__20260514T122234Z,1,1,0.361897349357605,0.638102650642395
gue_emp_H3K4me1_frozen__zhihan1996_DNABERT-2-117M__20260514T122234Z,0,0,0.6173396110534668,0.3826603591442108
gue_emp_H3K4me1_frozen__zhihan1996_DNABERT-2-117M__20260514T122234Z,0,0,0.6085940003395081,0.39140594005584717
gue_emp_H3K4me1_frozen__zhihan1996_DNABERT-2-117M__20260514T122234Z,0,0,0.5948748588562012,0.40512508153915405
gue_emp_H3K4me1_frozen__zhihan1996_DNABERT-2-117M__20260514T122234Z,1,1,0.4221770167350769,0.5778229832649231
gue_emp_H3K4me1_frozen__zhihan1996_DNABERT-2-117M__20260514T122234Z,1,1,0.4072449803352356,0.5927550196647644
gue_emp_H3K4me1_frozen__zhihan1996_DNABERT-2-117M__20260514T122234Z,0,1,0.29320207238197327,0.7067979574203491
gue_emp_H3K4me1_frozen__zhihan1996_DNABERT-2-117M__20260514T122234Z,0,0,0.5825653076171875,0.4174347519874573
gue_emp_H3K4me1_frozen__zhihan1996_DNABERT-2-117M__20260514T122234Z,1,0,0.5409238934516907,0.4590761065483093
gue_emp_H3K4me1_frozen__zhihan1996_DNABERT-2-117M__20260514T122234Z,1,1,0.37493374943733215,0.6250662803649902
gue_emp_H3K4me1_frozen__zhihan1996_DNABERT-2-117M__20260514T122234Z,1,0,0.5498067736625671,0.4501931965351105
gue_emp_H3K4me1_frozen__zhihan1996_DNABERT-2-117M__20260514T122234Z,1,0,0.5811248421669006,0.41887518763542175
gue_emp_H3K4me1_frozen__zhihan1996_DNABERT-2-117M__20260514T122234Z,1,1,0.455009400844574,0.544990599155426
gue_emp_H3K4me1_frozen__zhihan1996_DNABERT-2-117M__20260514T122234Z,1,1,0.3239145278930664,0.6760855317115784
gue_emp_H3K4me1_frozen__zhihan1996_DNABERT-2-117M__20260514T122234Z,1,1,0.3506993055343628,0.6493006944656372
gue_emp_H3K4me1_frozen__zhihan1996_DNABERT-2-117M__20260514T122234Z,1,0,0.5657336711883545,0.4342663586139679
gue_emp_H3K4me1_frozen__zhihan1996_DNABERT-2-117M__20260514T122234Z,0,0,0.6043989658355713,0.3956010639667511
gue_emp_H3K4me1_frozen__zhihan1996_DNABERT-2-117M__20260514T122234Z,1,1,0.4946596324443817,0.5053403377532959
gue_emp_H3K4me1_frozen__zhihan1996_DNABERT-2-117M__20260514T122234Z,1,1,0.44331419467926025,0.5566858053207397
gue_emp_H3K4me1_frozen__zhihan1996_DNABERT-2-117M__20260514T122234Z,1,1,0.49346959590911865,0.5065304040908813
gue_emp_H3K4me1_frozen__zhihan1996_DNABERT-2-117M__20260514T122234Z,1,1,0.41099268198013306,0.5890073180198669
gue_emp_H3K4me1_frozen__zhihan1996_DNABERT-2-117M__20260514T122234Z,1,1,0.4419138431549072,0.5580862164497375
gue_emp_H3K4me1_frozen__zhihan1996_DNABERT-2-117M__20260514T122234Z,0,1,0.3509773313999176,0.6490226984024048
gue_emp_H3K4me1_frozen__zhihan1996_DNABERT-2-117M__20260514T122234Z,1,1,0.4591822028160095,0.5408177375793457
gue_emp_H3K4me1_frozen__zhihan1996_DNABERT-2-117M__20260514T122234Z,1,0,0.5782546997070312,0.42174530029296875
gue_emp_H3K4me1_frozen__zhihan1996_DNABERT-2-117M__20260514T122234Z,1,0,0.5498823523521423,0.45011764764785767
gue_emp_H3K4me1_frozen__zhihan1996_DNABERT-2-117M__20260514T122234Z,0,0,0.5567761659622192,0.44322386384010315
gue_emp_H3K4me1_frozen__zhihan1996_DNABERT-2-117M__20260514T122234Z,0,0,0.6062653660774231,0.3937346637248993
gue_emp_H3K4me1_frozen__zhihan1996_DNABERT-2-117M__20260514T122234Z,1,0,0.6111499667167664,0.38885006308555603
gue_emp_H3K4me1_frozen__zhihan1996_DNABERT-2-117M__20260514T122234Z,0,0,0.5410906076431274,0.45890942215919495
gue_emp_H3K4me1_frozen__zhihan1996_DNABERT-2-117M__20260514T122234Z,1,1,0.4649888873100281,0.5350111126899719
gue_emp_H3K4me1_frozen__zhihan1996_DNABERT-2-117M__20260514T122234Z,0,1,0.48450204730033875,0.5154979825019836
gue_emp_H3K4me1_frozen__zhihan1996_DNABERT-2-117M__20260514T122234Z,1,0,0.5118576884269714,0.48814234137535095
gue_emp_H3K4me1_frozen__zhihan1996_DNABERT-2-117M__20260514T122234Z,1,1,0.35287052392959595,0.6471295356750488
gue_emp_H3K4me1_frozen__zhihan1996_DNABERT-2-117M__20260514T122234Z,1,0,0.5427383184432983,0.4572616517543793
gue_emp_H3K4me1_frozen__zhihan1996_DNABERT-2-117M__20260514T122234Z,1,0,0.5326226949691772,0.46737736463546753
gue_emp_H3K4me1_frozen__zhihan1996_DNABERT-2-117M__20260514T122234Z,0,1,0.4618699848651886,0.5381300449371338
gue_emp_H3K4me1_frozen__zhihan1996_DNABERT-2-117M__20260514T122234Z,0,1,0.4936898648738861,0.5063101053237915
gue_emp_H3K4me1_frozen__zhihan1996_DNABERT-2-117M__20260514T122234Z,1,1,0.4889039397239685,0.5110961198806763
gue_emp_H3K4me1_frozen__zhihan1996_DNABERT-2-117M__20260514T122234Z,0,0,0.5802183151245117,0.41978174448013306
gue_emp_H3K4me1_frozen__zhihan1996_DNABERT-2-117M__20260514T122234Z,0,1,0.35409796237945557,0.6459020376205444
gue_emp_H3K4me1_frozen__zhihan1996_DNABERT-2-117M__20260514T122234Z,1,0,0.5506828427314758,0.4493171274662018
gue_emp_H3K4me1_frozen__zhihan1996_DNABERT-2-117M__20260514T122234Z,1,0,0.5573936104774475,0.4426063597202301
gue_emp_H3K4me1_frozen__zhihan1996_DNABERT-2-117M__20260514T122234Z,0,0,0.5892732739448547,0.41072675585746765
gue_emp_H3K4me1_frozen__zhihan1996_DNABERT-2-117M__20260514T122234Z,1,1,0.4792313873767853,0.5207685828208923
gue_emp_H3K4me1_frozen__zhihan1996_DNABERT-2-117M__20260514T122234Z,1,0,0.5094860196113586,0.49051401019096375
gue_emp_H3K4me1_frozen__zhihan1996_DNABERT-2-117M__20260514T122234Z,1,1,0.35661470890045166,0.6433852910995483
gue_emp_H3K4me1_frozen__zhihan1996_DNABERT-2-117M__20260514T122234Z,0,0,0.5856640934944153,0.4143359065055847
gue_emp_H3K4me1_frozen__zhihan1996_DNABERT-2-117M__20260514T122234Z,1,1,0.47659868001937866,0.5234013199806213
gue_emp_H3K4me1_frozen__zhihan1996_DNABERT-2-117M__20260514T122234Z,0,1,0.4835492968559265,0.5164506435394287
gue_emp_H3K4me1_frozen__zhihan1996_DNABERT-2-117M__20260514T122234Z,0,1,0.49232161045074463,0.5076783895492554
gue_emp_H3K4me1_frozen__zhihan1996_DNABERT-2-117M__20260514T122234Z,0,1,0.4524981379508972,0.5475018620491028
gue_emp_H3K4me1_frozen__zhihan1996_DNABERT-2-117M__20260514T122234Z,0,0,0.6039610505104065,0.3960389494895935
gue_emp_H3K4me1_frozen__zhihan1996_DNABERT-2-117M__20260514T122234Z,1,0,0.6182907819747925,0.38170918822288513
gue_emp_H3K4me1_frozen__zhihan1996_DNABERT-2-117M__20260514T122234Z,1,1,0.3732759356498718,0.626724123954773
gue_emp_H3K4me1_frozen__zhihan1996_DNABERT-2-117M__20260514T122234Z,1,1,0.412204772233963,0.5877952575683594
gue_emp_H3K4me1_frozen__zhihan1996_DNABERT-2-117M__20260514T122234Z,0,1,0.39600980281829834,0.6039901971817017
gue_emp_H3K4me1_frozen__zhihan1996_DNABERT-2-117M__20260514T122234Z,1,0,0.6007155179977417,0.3992845118045807
gue_emp_H3K4me1_frozen__zhihan1996_DNABERT-2-117M__20260514T122234Z,0,0,0.6066440939903259,0.3933559060096741
gue_emp_H3K4me1_frozen__zhihan1996_DNABERT-2-117M__20260514T122234Z,0,0,0.5721102952957153,0.42788970470428467
gue_emp_H3K4me1_frozen__zhihan1996_DNABERT-2-117M__20260514T122234Z,1,0,0.50782710313797,0.49217286705970764
gue_emp_H3K4me1_frozen__zhihan1996_DNABERT-2-117M__20260514T122234Z,1,0,0.5130890607833862,0.48691093921661377
gue_emp_H3K4me1_frozen__zhihan1996_DNABERT-2-117M__20260514T122234Z,1,1,0.4431861639022827,0.5568137764930725
gue_emp_H3K4me1_frozen__zhihan1996_DNABERT-2-117M__20260514T122234Z,0,1,0.45771992206573486,0.5422800779342651
gue_emp_H3K4me1_frozen__zhihan1996_DNABERT-2-117M__20260514T122234Z,0,0,0.5575742721557617,0.4424256980419159
gue_emp_H3K4me1_frozen__zhihan1996_DNABERT-2-117M__20260514T122234Z,0,0,0.5518152713775635,0.4481847286224365
gue_emp_H3K4me1_frozen__zhihan1996_DNABERT-2-117M__20260514T122234Z,0,0,0.514430820941925,0.48556917905807495
gue_emp_H3K4me1_frozen__zhihan1996_DNABERT-2-117M__20260514T122234Z,1,1,0.47557488083839417,0.5244251489639282
gue_emp_H3K4me1_frozen__zhihan1996_DNABERT-2-117M__20260514T122234Z,1,1,0.40894049406051636,0.5910595655441284
gue_emp_H3K4me1_frozen__zhihan1996_DNABERT-2-117M__20260514T122234Z,0,1,0.4849250912666321,0.5150749087333679
gue_emp_H3K4me1_frozen__zhihan1996_DNABERT-2-117M__20260514T122234Z,1,1,0.41057902574539185,0.5894209742546082
gue_emp_H3K4me1_frozen__zhihan1996_DNABERT-2-117M__20260514T122234Z,1,1,0.43770331144332886,0.5622966289520264
gue_emp_H3K4me1_frozen__zhihan1996_DNABERT-2-117M__20260514T122234Z,0,1,0.4916151165962219,0.5083848834037781
gue_emp_H3K4me1_frozen__zhihan1996_DNABERT-2-117M__20260514T122234Z,0,0,0.5240179300308228,0.47598209977149963
gue_emp_H3K4me1_frozen__zhihan1996_DNABERT-2-117M__20260514T122234Z,1,0,0.5227580070495605,0.47724199295043945
gue_emp_H3K4me1_frozen__zhihan1996_DNABERT-2-117M__20260514T122234Z,1,0,0.5386344194412231,0.46136558055877686
gue_emp_H3K4me1_frozen__zhihan1996_DNABERT-2-117M__20260514T122234Z,1,1,0.4987030029296875,0.5012969970703125
gue_emp_H3K4me1_frozen__zhihan1996_DNABERT-2-117M__20260514T122234Z,0,0,0.629347562789917,0.370652437210083
gue_emp_H3K4me1_frozen__zhihan1996_DNABERT-2-117M__20260514T122234Z,1,1,0.385287880897522,0.6147120594978333
gue_emp_H3K4me1_frozen__zhihan1996_DNABERT-2-117M__20260514T122234Z,1,0,0.5049684643745422,0.4950315058231354
gue_emp_H3K4me1_frozen__zhihan1996_DNABERT-2-117M__20260514T122234Z,0,1,0.34856197237968445,0.6514380574226379
gue_emp_H3K4me1_frozen__zhihan1996_DNABERT-2-117M__20260514T122234Z,1,1,0.4304540753364563,0.5695459246635437
gue_emp_H3K4me1_frozen__zhihan1996_DNABERT-2-117M__20260514T122234Z,1,1,0.47926759719848633,0.5207324624061584
gue_emp_H3K4me1_frozen__zhihan1996_DNABERT-2-117M__20260514T122234Z,0,0,0.6195863485336304,0.38041362166404724
gue_emp_H3K4me1_frozen__zhihan1996_DNABERT-2-117M__20260514T122234Z,0,0,0.5608239769935608,0.4391760230064392
gue_emp_H3K4me1_frozen__zhihan1996_DNABERT-2-117M__20260514T122234Z,1,0,0.6012716889381409,0.39872831106185913
gue_emp_H3K4me1_frozen__zhihan1996_DNABERT-2-117M__20260514T122234Z,0,1,0.390824556350708,0.609175443649292
gue_emp_H3K4me1_frozen__zhihan1996_DNABERT-2-117M__20260514T122234Z,0,0,0.6158967614173889,0.3841032385826111
gue_emp_H3K4me1_frozen__zhihan1996_DNABERT-2-117M__20260514T122234Z,0,1,0.4779244065284729,0.5220755934715271
gue_emp_H3K4me1_frozen__zhihan1996_DNABERT-2-117M__20260514T122234Z,1,1,0.41920205950737,0.5807979106903076
gue_emp_H3K4me1_frozen__zhihan1996_DNABERT-2-117M__20260514T122234Z,0,1,0.430850625038147,0.569149374961853
gue_emp_H3K4me1_frozen__zhihan1996_DNABERT-2-117M__20260514T122234Z,0,0,0.5140076875686646,0.48599228262901306
gue_emp_H3K4me1_frozen__zhihan1996_DNABERT-2-117M__20260514T122234Z,0,0,0.6169358491897583,0.3830641508102417
gue_emp_H3K4me1_frozen__zhihan1996_DNABERT-2-117M__20260514T122234Z,0,0,0.6070227026939392,0.3929772675037384
gue_emp_H3K4me1_frozen__zhihan1996_DNABERT-2-117M__20260514T122234Z,1,1,0.4767090976238251,0.5232909321784973
gue_emp_H3K4me1_frozen__zhihan1996_DNABERT-2-117M__20260514T122234Z,1,0,0.5921949744224548,0.4078049957752228
gue_emp_H3K4me1_frozen__zhihan1996_DNABERT-2-117M__20260514T122234Z,0,1,0.40353745222091675,0.5964625477790833
gue_emp_H3K4me1_frozen__zhihan1996_DNABERT-2-117M__20260514T122234Z,1,0,0.5837522149085999,0.41624778509140015
gue_emp_H3K4me1_frozen__zhihan1996_DNABERT-2-117M__20260514T122234Z,1,1,0.394492506980896,0.6055075526237488
gue_emp_H3K4me1_frozen__zhihan1996_DNABERT-2-117M__20260514T122234Z,1,0,0.5728273391723633,0.4271726608276367
gue_emp_H3K4me1_frozen__zhihan1996_DNABERT-2-117M__20260514T122234Z,1,0,0.6006569266319275,0.3993430435657501
gue_emp_H3K4me1_frozen__zhihan1996_DNABERT-2-117M__20260514T122234Z,1,1,0.43682095408439636,0.5631790161132812
gue_emp_H3K4me1_frozen__zhihan1996_DNABERT-2-117M__20260514T122234Z,1,1,0.48153287172317505,0.518467128276825
gue_emp_H3K4me1_frozen__zhihan1996_DNABERT-2-117M__20260514T122234Z,0,0,0.5283204913139343,0.4716795086860657
gue_emp_H3K4me1_frozen__zhihan1996_DNABERT-2-117M__20260514T122234Z,1,0,0.5314316153526306,0.4685683250427246
gue_emp_H3K4me1_frozen__zhihan1996_DNABERT-2-117M__20260514T122234Z,1,0,0.5341873168945312,0.46581268310546875
gue_emp_H3K4me1_frozen__zhihan1996_DNABERT-2-117M__20260514T122234Z,0,1,0.48136240243911743,0.5186375975608826
gue_emp_H3K4me1_frozen__zhihan1996_DNABERT-2-117M__20260514T122234Z,1,1,0.3860109746456146,0.6139890551567078
gue_emp_H3K4me1_frozen__zhihan1996_DNABERT-2-117M__20260514T122234Z,1,1,0.46640506386756897,0.5335949659347534
gue_emp_H3K4me1_frozen__zhihan1996_DNABERT-2-117M__20260514T122234Z,1,0,0.5930201411247253,0.40697982907295227
gue_emp_H3K4me1_frozen__zhihan1996_DNABERT-2-117M__20260514T122234Z,0,0,0.5305177569389343,0.46948227286338806
gue_emp_H3K4me1_frozen__zhihan1996_DNABERT-2-117M__20260514T122234Z,1,1,0.46465864777565,0.5353413820266724
gue_emp_H3K4me1_frozen__zhihan1996_DNABERT-2-117M__20260514T122234Z,1,0,0.5661984086036682,0.433801531791687
gue_emp_H3K4me1_frozen__zhihan1996_DNABERT-2-117M__20260514T122234Z,1,1,0.4856759011745453,0.5143240690231323
gue_emp_H3K4me1_frozen__zhihan1996_DNABERT-2-117M__20260514T122234Z,0,0,0.5148996114730835,0.4851003885269165
gue_emp_H3K4me1_frozen__zhihan1996_DNABERT-2-117M__20260514T122234Z,0,0,0.5534713864326477,0.44652867317199707
gue_emp_H3K4me1_frozen__zhihan1996_DNABERT-2-117M__20260514T122234Z,1,1,0.3661363422870636,0.633863627910614
gue_emp_H3K4me1_frozen__zhihan1996_DNABERT-2-117M__20260514T122234Z,0,1,0.4454692304134369,0.5545307993888855
gue_emp_H3K4me1_frozen__zhihan1996_DNABERT-2-117M__20260514T122234Z,1,1,0.33589524030685425,0.6641048192977905
gue_emp_H3K4me1_frozen__zhihan1996_DNABERT-2-117M__20260514T122234Z,0,1,0.45492616295814514,0.5450738668441772
gue_emp_H3K4me1_frozen__zhihan1996_DNABERT-2-117M__20260514T122234Z,1,1,0.4475206434726715,0.5524793863296509
gue_emp_H3K4me1_frozen__zhihan1996_DNABERT-2-117M__20260514T122234Z,1,0,0.5328657627105713,0.4671342372894287
gue_emp_H3K4me1_frozen__zhihan1996_DNABERT-2-117M__20260514T122234Z,1,0,0.5200697779655457,0.47993022203445435
gue_emp_H3K4me1_frozen__zhihan1996_DNABERT-2-117M__20260514T122234Z,1,0,0.5757818222045898,0.42421814799308777
gue_emp_H3K4me1_frozen__zhihan1996_DNABERT-2-117M__20260514T122234Z,0,1,0.48274916410446167,0.5172508358955383
gue_emp_H3K4me1_frozen__zhihan1996_DNABERT-2-117M__20260514T122234Z,0,1,0.39024344086647034,0.609756588935852
gue_emp_H3K4me1_frozen__zhihan1996_DNABERT-2-117M__20260514T122234Z,0,0,0.5610645413398743,0.4389355182647705
gue_emp_H3K4me1_frozen__zhihan1996_DNABERT-2-117M__20260514T122234Z,1,0,0.5011672973632812,0.49883270263671875
gue_emp_H3K4me1_frozen__zhihan1996_DNABERT-2-117M__20260514T122234Z,1,1,0.3328523337841034,0.6671476364135742
gue_emp_H3K4me1_frozen__zhihan1996_DNABERT-2-117M__20260514T122234Z,1,0,0.5314677357673645,0.4685322344303131
gue_emp_H3K4me1_frozen__zhihan1996_DNABERT-2-117M__20260514T122234Z,0,0,0.5936092138290405,0.4063907265663147
gue_emp_H3K4me1_frozen__zhihan1996_DNABERT-2-117M__20260514T122234Z,0,0,0.5695085525512695,0.43049144744873047
gue_emp_H3K4me1_frozen__zhihan1996_DNABERT-2-117M__20260514T122234Z,0,1,0.434101402759552,0.565898597240448
gue_emp_H3K4me1_frozen__zhihan1996_DNABERT-2-117M__20260514T122234Z,0,1,0.46126699447631836,0.5387330055236816
gue_emp_H3K4me1_frozen__zhihan1996_DNABERT-2-117M__20260514T122234Z,0,0,0.5193727612495422,0.4806272089481354
gue_emp_H3K4me1_frozen__zhihan1996_DNABERT-2-117M__20260514T122234Z,0,0,0.5487566590309143,0.4512433707714081
gue_emp_H3K4me1_frozen__zhihan1996_DNABERT-2-117M__20260514T122234Z,0,0,0.5999246835708618,0.4000753164291382
gue_emp_H3K4me1_frozen__zhihan1996_DNABERT-2-117M__20260514T122234Z,0,0,0.5325656533241272,0.467434287071228
gue_emp_H3K4me1_frozen__zhihan1996_DNABERT-2-117M__20260514T122234Z,1,1,0.4095897376537323,0.5904102325439453
gue_emp_H3K4me1_frozen__zhihan1996_DNABERT-2-117M__20260514T122234Z,0,0,0.5215016007423401,0.4784983694553375
gue_emp_H3K4me1_frozen__zhihan1996_DNABERT-2-117M__20260514T122234Z,1,0,0.5853085517883301,0.41469141840934753
gue_emp_H3K4me1_frozen__zhihan1996_DNABERT-2-117M__20260514T122234Z,1,1,0.41254493594169617,0.5874550342559814
gue_emp_H3K4me1_frozen__zhihan1996_DNABERT-2-117M__20260514T122234Z,0,0,0.5663933157920837,0.43360668420791626
gue_emp_H3K4me1_frozen__zhihan1996_DNABERT-2-117M__20260514T122234Z,1,0,0.5609742999076843,0.4390256702899933
gue_emp_H3K4me1_frozen__zhihan1996_DNABERT-2-117M__20260514T122234Z,1,0,0.5628824830055237,0.4371175765991211
gue_emp_H3K4me1_frozen__zhihan1996_DNABERT-2-117M__20260514T122234Z,0,0,0.5233994126319885,0.4766005575656891
gue_emp_H3K4me1_frozen__zhihan1996_DNABERT-2-117M__20260514T122234Z,1,1,0.43161410093307495,0.5683858394622803
gue_emp_H3K4me1_frozen__zhihan1996_DNABERT-2-117M__20260514T122234Z,1,1,0.4966278374195099,0.5033721327781677
gue_emp_H3K4me1_frozen__zhihan1996_DNABERT-2-117M__20260514T122234Z,0,1,0.4337715804576874,0.5662283897399902
gue_emp_H3K4me1_frozen__zhihan1996_DNABERT-2-117M__20260514T122234Z,0,1,0.499237060546875,0.500762939453125
gue_emp_H3K4me1_frozen__zhihan1996_DNABERT-2-117M__20260514T122234Z,1,1,0.3539304733276367,0.6460695266723633
gue_emp_H3K4me1_frozen__zhihan1996_DNABERT-2-117M__20260514T122234Z,1,1,0.4033905863761902,0.5966094732284546
gue_emp_H3K4me1_frozen__zhihan1996_DNABERT-2-117M__20260514T122234Z,0,1,0.49747467041015625,0.5025253295898438
gue_emp_H3K4me1_frozen__zhihan1996_DNABERT-2-117M__20260514T122234Z,1,0,0.5332911014556885,0.46670886874198914
gue_emp_H3K4me1_frozen__zhihan1996_DNABERT-2-117M__20260514T122234Z,0,1,0.47663673758506775,0.5233632326126099
gue_emp_H3K4me1_frozen__zhihan1996_DNABERT-2-117M__20260514T122234Z,0,1,0.4649243652820587,0.5350756645202637
gue_emp_H3K4me1_frozen__zhihan1996_DNABERT-2-117M__20260514T122234Z,1,1,0.4920661151409149,0.5079339146614075
gue_emp_H3K4me1_frozen__zhihan1996_DNABERT-2-117M__20260514T122234Z,1,0,0.516802191734314,0.48319780826568604
gue_emp_H3K4me1_frozen__zhihan1996_DNABERT-2-117M__20260514T122234Z,0,1,0.4937747120857239,0.5062252879142761
gue_emp_H3K4me1_frozen__zhihan1996_DNABERT-2-117M__20260514T122234Z,0,0,0.5411815047264099,0.4588184654712677
gue_emp_H3K4me1_frozen__zhihan1996_DNABERT-2-117M__20260514T122234Z,1,1,0.3191213607788086,0.6808785796165466
gue_emp_H3K4me1_frozen__zhihan1996_DNABERT-2-117M__20260514T122234Z,0,0,0.5484127402305603,0.4515872299671173
gue_emp_H3K4me1_frozen__zhihan1996_DNABERT-2-117M__20260514T122234Z,0,0,0.5566405653953552,0.4433594048023224
gue_emp_H3K4me1_frozen__zhihan1996_DNABERT-2-117M__20260514T122234Z,0,0,0.575588047504425,0.42441195249557495
gue_emp_H3K4me1_frozen__zhihan1996_DNABERT-2-117M__20260514T122234Z,1,1,0.4509789049625397,0.5490211248397827
gue_emp_H3K4me1_frozen__zhihan1996_DNABERT-2-117M__20260514T122234Z,1,1,0.4798273742198944,0.5201725959777832
gue_emp_H3K4me1_frozen__zhihan1996_DNABERT-2-117M__20260514T122234Z,0,0,0.607226550579071,0.39277344942092896
gue_emp_H3K4me1_frozen__zhihan1996_DNABERT-2-117M__20260514T122234Z,1,0,0.5583420395851135,0.4416579604148865
gue_emp_H3K4me1_frozen__zhihan1996_DNABERT-2-117M__20260514T122234Z,1,1,0.3662496507167816,0.6337503790855408
gue_emp_H3K4me1_frozen__zhihan1996_DNABERT-2-117M__20260514T122234Z,0,0,0.5508036613464355,0.4491962790489197
gue_emp_H3K4me1_frozen__zhihan1996_DNABERT-2-117M__20260514T122234Z,1,1,0.4839075207710266,0.5160924792289734
gue_emp_H3K4me1_frozen__zhihan1996_DNABERT-2-117M__20260514T122234Z,0,0,0.5401356220245361,0.45986437797546387
gue_emp_H3K4me1_frozen__zhihan1996_DNABERT-2-117M__20260514T122234Z,0,0,0.5399840474128723,0.4600159823894501
gue_emp_H3K4me1_frozen__zhihan1996_DNABERT-2-117M__20260514T122234Z,0,0,0.5094707608222961,0.49052923917770386
gue_emp_H3K4me1_frozen__zhihan1996_DNABERT-2-117M__20260514T122234Z,0,1,0.477203905582428,0.522796094417572
gue_emp_H3K4me1_frozen__zhihan1996_DNABERT-2-117M__20260514T122234Z,1,1,0.4085422158241272,0.5914577841758728
gue_emp_H3K4me1_frozen__zhihan1996_DNABERT-2-117M__20260514T122234Z,0,1,0.42392003536224365,0.5760799646377563
gue_emp_H3K4me1_frozen__zhihan1996_DNABERT-2-117M__20260514T122234Z,1,0,0.5682361721992493,0.4317638576030731
gue_emp_H3K4me1_frozen__zhihan1996_DNABERT-2-117M__20260514T122234Z,0,0,0.5013704299926758,0.49862954020500183
gue_emp_H3K4me1_frozen__zhihan1996_DNABERT-2-117M__20260514T122234Z,1,1,0.42917513847351074,0.5708248615264893
gue_emp_H3K4me1_frozen__zhihan1996_DNABERT-2-117M__20260514T122234Z,0,1,0.42697852849960327,0.5730214715003967
gue_emp_H3K4me1_frozen__zhihan1996_DNABERT-2-117M__20260514T122234Z,1,1,0.45406362414360046,0.5459363460540771
gue_emp_H3K4me1_frozen__zhihan1996_DNABERT-2-117M__20260514T122234Z,1,1,0.4010718762874603,0.5989281535148621
gue_emp_H3K4me1_frozen__zhihan1996_DNABERT-2-117M__20260514T122234Z,1,0,0.5082619190216064,0.49173811078071594
gue_emp_H3K4me1_frozen__zhihan1996_DNABERT-2-117M__20260514T122234Z,0,1,0.4243896007537842,0.5756104588508606
gue_emp_H3K4me1_frozen__zhihan1996_DNABERT-2-117M__20260514T122234Z,1,1,0.4131515622138977,0.5868484377861023
gue_emp_H3K4me1_frozen__zhihan1996_DNABERT-2-117M__20260514T122234Z,1,1,0.45557701587677,0.54442298412323
gue_emp_H3K4me1_frozen__zhihan1996_DNABERT-2-117M__20260514T122234Z,0,0,0.6060759425163269,0.3939240574836731
gue_emp_H3K4me1_frozen__zhihan1996_DNABERT-2-117M__20260514T122234Z,1,1,0.37284764647483826,0.6271523237228394
gue_emp_H3K4me1_frozen__zhihan1996_DNABERT-2-117M__20260514T122234Z,0,1,0.47835370898246765,0.5216463208198547
gue_emp_H3K4me1_frozen__zhihan1996_DNABERT-2-117M__20260514T122234Z,1,0,0.5423785448074341,0.4576214551925659
gue_emp_H3K4me1_frozen__zhihan1996_DNABERT-2-117M__20260514T122234Z,1,0,0.561259925365448,0.4387401044368744
gue_emp_H3K4me1_frozen__zhihan1996_DNABERT-2-117M__20260514T122234Z,0,1,0.4419702887535095,0.5580297112464905
gue_emp_H3K4me1_frozen__zhihan1996_DNABERT-2-117M__20260514T122234Z,0,1,0.4686499834060669,0.5313499569892883
gue_emp_H3K4me1_frozen__zhihan1996_DNABERT-2-117M__20260514T122234Z,0,0,0.545285701751709,0.454714298248291
gue_emp_H3K4me1_frozen__zhihan1996_DNABERT-2-117M__20260514T122234Z,1,1,0.35387465357780457,0.6461253762245178
gue_emp_H3K4me1_frozen__zhihan1996_DNABERT-2-117M__20260514T122234Z,1,1,0.44841116666793823,0.5515888333320618
gue_emp_H3K4me1_frozen__zhihan1996_DNABERT-2-117M__20260514T122234Z,1,0,0.5504714250564575,0.4495285451412201
gue_emp_H3K4me1_frozen__zhihan1996_DNABERT-2-117M__20260514T122234Z,1,1,0.43518126010894775,0.5648187398910522
gue_emp_H3K4me1_frozen__zhihan1996_DNABERT-2-117M__20260514T122234Z,0,0,0.6039317846298218,0.39606815576553345
gue_emp_H3K4me1_frozen__zhihan1996_DNABERT-2-117M__20260514T122234Z,1,1,0.3662496507167816,0.6337503790855408
gue_emp_H3K4me1_frozen__zhihan1996_DNABERT-2-117M__20260514T122234Z,1,0,0.6101341247558594,0.3898658752441406
gue_emp_H3K4me1_frozen__zhihan1996_DNABERT-2-117M__20260514T122234Z,1,1,0.4572881758213043,0.5427117943763733
gue_emp_H3K4me1_frozen__zhihan1996_DNABERT-2-117M__20260514T122234Z,1,0,0.5285334587097168,0.471466600894928
gue_emp_H3K4me1_frozen__zhihan1996_DNABERT-2-117M__20260514T122234Z,1,1,0.41140642762184143,0.5885935425758362
gue_emp_H3K4me1_frozen__zhihan1996_DNABERT-2-117M__20260514T122234Z,0,0,0.5366467833518982,0.4633531868457794
gue_emp_H3K4me1_frozen__zhihan1996_DNABERT-2-117M__20260514T122234Z,0,0,0.5532790422439575,0.44672098755836487
gue_emp_H3K4me1_frozen__zhihan1996_DNABERT-2-117M__20260514T122234Z,0,0,0.590484082698822,0.40951597690582275
gue_emp_H3K4me1_frozen__zhihan1996_DNABERT-2-117M__20260514T122234Z,0,0,0.6057116389274597,0.39428842067718506
gue_emp_H3K4me1_frozen__zhihan1996_DNABERT-2-117M__20260514T122234Z,0,0,0.5143507719039917,0.4856492280960083
gue_emp_H3K4me1_frozen__zhihan1996_DNABERT-2-117M__20260514T122234Z,1,0,0.505634069442749,0.494365930557251
gue_emp_H3K4me1_frozen__zhihan1996_DNABERT-2-117M__20260514T122234Z,1,1,0.28806814551353455,0.7119318842887878
gue_emp_H3K4me1_frozen__zhihan1996_DNABERT-2-117M__20260514T122234Z,0,1,0.39681297540664673,0.6031870245933533
gue_emp_H3K4me1_frozen__zhihan1996_DNABERT-2-117M__20260514T122234Z,0,1,0.45488548278808594,0.5451145172119141
gue_emp_H3K4me1_frozen__zhihan1996_DNABERT-2-117M__20260514T122234Z,1,0,0.5127344727516174,0.4872654676437378
gue_emp_H3K4me1_frozen__zhihan1996_DNABERT-2-117M__20260514T122234Z,0,0,0.5215968489646912,0.4784031808376312
gue_emp_H3K4me1_frozen__zhihan1996_DNABERT-2-117M__20260514T122234Z,1,0,0.6078377962112427,0.3921622335910797
gue_emp_H3K4me1_frozen__zhihan1996_DNABERT-2-117M__20260514T122234Z,1,0,0.5117680430412292,0.48823192715644836
gue_emp_H3K4me1_frozen__zhihan1996_DNABERT-2-117M__20260514T122234Z,1,1,0.49227967858314514,0.5077203512191772
gue_emp_H3K4me1_frozen__zhihan1996_DNABERT-2-117M__20260514T122234Z,1,0,0.5276398062705994,0.47236019372940063
gue_emp_H3K4me1_frozen__zhihan1996_DNABERT-2-117M__20260514T122234Z,1,1,0.3954259753227234,0.6045740246772766
gue_emp_H3K4me1_frozen__zhihan1996_DNABERT-2-117M__20260514T122234Z,0,1,0.49511733651161194,0.5048826336860657
gue_emp_H3K4me1_frozen__zhihan1996_DNABERT-2-117M__20260514T122234Z,1,1,0.4667961895465851,0.5332037806510925
gue_emp_H3K4me1_frozen__zhihan1996_DNABERT-2-117M__20260514T122234Z,1,0,0.5983708500862122,0.40162914991378784
gue_emp_H3K4me1_frozen__zhihan1996_DNABERT-2-117M__20260514T122234Z,1,0,0.5991040468215942,0.4008959233760834
gue_emp_H3K4me1_frozen__zhihan1996_DNABERT-2-117M__20260514T122234Z,1,1,0.48999157547950745,0.5100084543228149
gue_emp_H3K4me1_frozen__zhihan1996_DNABERT-2-117M__20260514T122234Z,1,0,0.5761843323707581,0.42381569743156433
gue_emp_H3K4me1_frozen__zhihan1996_DNABERT-2-117M__20260514T122234Z,0,1,0.422728031873703,0.5772719979286194
gue_emp_H3K4me1_frozen__zhihan1996_DNABERT-2-117M__20260514T122234Z,1,1,0.44624581933021545,0.5537541508674622
gue_emp_H3K4me1_frozen__zhihan1996_DNABERT-2-117M__20260514T122234Z,1,1,0.3405948579311371,0.6594051122665405
gue_emp_H3K4me1_frozen__zhihan1996_DNABERT-2-117M__20260514T122234Z,1,1,0.403743177652359,0.5962568521499634
gue_emp_H3K4me1_frozen__zhihan1996_DNABERT-2-117M__20260514T122234Z,1,0,0.5852048993110657,0.4147951304912567
gue_emp_H3K4me1_frozen__zhihan1996_DNABERT-2-117M__20260514T122234Z,1,1,0.4501403272151947,0.5498597025871277
gue_emp_H3K4me1_frozen__zhihan1996_DNABERT-2-117M__20260514T122234Z,0,1,0.46196478605270386,0.5380352139472961
gue_emp_H3K4me1_frozen__zhihan1996_DNABERT-2-117M__20260514T122234Z,1,1,0.48170146346092224,0.5182985663414001
gue_emp_H3K4me1_frozen__zhihan1996_DNABERT-2-117M__20260514T122234Z,1,0,0.5675471425056458,0.4324527978897095
gue_emp_H3K4me1_frozen__zhihan1996_DNABERT-2-117M__20260514T122234Z,0,1,0.4828253388404846,0.5171746611595154
gue_emp_H3K4me1_frozen__zhihan1996_DNABERT-2-117M__20260514T122234Z,1,0,0.5776145458221436,0.4223855137825012
gue_emp_H3K4me1_frozen__zhihan1996_DNABERT-2-117M__20260514T122234Z,0,0,0.5630325675010681,0.4369673728942871
gue_emp_H3K4me1_frozen__zhihan1996_DNABERT-2-117M__20260514T122234Z,1,0,0.5576195120811462,0.44238054752349854
gue_emp_H3K4me1_frozen__zhihan1996_DNABERT-2-117M__20260514T122234Z,0,1,0.4461628794670105,0.5538371205329895
gue_emp_H3K4me1_frozen__zhihan1996_DNABERT-2-117M__20260514T122234Z,0,0,0.5551639199256897,0.4448360502719879
gue_emp_H3K4me1_frozen__zhihan1996_DNABERT-2-117M__20260514T122234Z,0,1,0.49336281418800354,0.5066372156143188
gue_emp_H3K4me1_frozen__zhihan1996_DNABERT-2-117M__20260514T122234Z,0,0,0.5500938296318054,0.4499061703681946
gue_emp_H3K4me1_frozen__zhihan1996_DNABERT-2-117M__20260514T122234Z,0,0,0.6195576190948486,0.38044244050979614
gue_emp_H3K4me1_frozen__zhihan1996_DNABERT-2-117M__20260514T122234Z,1,1,0.386445015668869,0.6135549545288086
gue_emp_H3K4me1_frozen__zhihan1996_DNABERT-2-117M__20260514T122234Z,1,0,0.61390221118927,0.38609778881073
gue_emp_H3K4me1_frozen__zhihan1996_DNABERT-2-117M__20260514T122234Z,1,0,0.5427458882331848,0.4572540819644928
gue_emp_H3K4me1_frozen__zhihan1996_DNABERT-2-117M__20260514T122234Z,0,1,0.48166337609291077,0.5183366537094116
gue_emp_H3K4me1_frozen__zhihan1996_DNABERT-2-117M__20260514T122234Z,0,0,0.5795640349388123,0.42043596506118774
gue_emp_H3K4me1_frozen__zhihan1996_DNABERT-2-117M__20260514T122234Z,0,0,0.6301729679107666,0.3698270320892334
gue_emp_H3K4me1_frozen__zhihan1996_DNABERT-2-117M__20260514T122234Z,0,0,0.519233763217926,0.48076626658439636
gue_emp_H3K4me1_frozen__zhihan1996_DNABERT-2-117M__20260514T122234Z,1,0,0.5393244028091431,0.46067556738853455
gue_emp_H3K4me1_frozen__zhihan1996_DNABERT-2-117M__20260514T122234Z,1,0,0.5474942922592163,0.4525056779384613
gue_emp_H3K4me1_frozen__zhihan1996_DNABERT-2-117M__20260514T122234Z,1,1,0.4987678825855255,0.5012321472167969
gue_emp_H3K4me1_frozen__zhihan1996_DNABERT-2-117M__20260514T122234Z,1,1,0.3589708209037781,0.6410291790962219
gue_emp_H3K4me1_frozen__zhihan1996_DNABERT-2-117M__20260514T122234Z,1,1,0.48274916410446167,0.5172508358955383
gue_emp_H3K4me1_frozen__zhihan1996_DNABERT-2-117M__20260514T122234Z,1,0,0.5297309756278992,0.4702690541744232
gue_emp_H3K4me1_frozen__zhihan1996_DNABERT-2-117M__20260514T122234Z,1,1,0.46004629135131836,0.5399536490440369
gue_emp_H3K4me1_frozen__zhihan1996_DNABERT-2-117M__20260514T122234Z,0,0,0.5401508212089539,0.45984917879104614
gue_emp_H3K4me1_frozen__zhihan1996_DNABERT-2-117M__20260514T122234Z,0,0,0.5734694004058838,0.4265305697917938
gue_emp_H3K4me1_frozen__zhihan1996_DNABERT-2-117M__20260514T122234Z,0,1,0.46623796224594116,0.5337620377540588
gue_emp_H3K4me1_frozen__zhihan1996_DNABERT-2-117M__20260514T122234Z,0,0,0.5711089372634888,0.4288910925388336
gue_emp_H3K4me1_frozen__zhihan1996_DNABERT-2-117M__20260514T122234Z,0,1,0.4929213225841522,0.5070786476135254
gue_emp_H3K4me1_frozen__zhihan1996_DNABERT-2-117M__20260514T122234Z,0,1,0.45079755783081055,0.5492024421691895
gue_emp_H3K4me1_frozen__zhihan1996_DNABERT-2-117M__20260514T122234Z,0,1,0.49951171875,0.50048828125
gue_emp_H3K4me1_frozen__zhihan1996_DNABERT-2-117M__20260514T122234Z,0,1,0.44804131984710693,0.5519586801528931
gue_emp_H3K4me1_frozen__zhihan1996_DNABERT-2-117M__20260514T122234Z,0,0,0.6346848607063293,0.36531510949134827
gue_emp_H3K4me1_frozen__zhihan1996_DNABERT-2-117M__20260514T122234Z,1,1,0.3632797598838806,0.6367202401161194
gue_emp_H3K4me1_frozen__zhihan1996_DNABERT-2-117M__20260514T122234Z,1,1,0.3114268481731415,0.6885731220245361
gue_emp_H3K4me1_frozen__zhihan1996_DNABERT-2-117M__20260514T122234Z,0,0,0.5115488171577454,0.48845112323760986
gue_emp_H3K4me1_frozen__zhihan1996_DNABERT-2-117M__20260514T122234Z,1,1,0.48571398854255676,0.5142859816551208
gue_emp_H3K4me1_frozen__zhihan1996_DNABERT-2-117M__20260514T122234Z,0,0,0.5736187100410461,0.42638131976127625
gue_emp_H3K4me1_frozen__zhihan1996_DNABERT-2-117M__20260514T122234Z,1,1,0.4318237602710724,0.56817626953125
gue_emp_H3K4me1_frozen__zhihan1996_DNABERT-2-117M__20260514T122234Z,1,0,0.5068507790565491,0.4931492209434509
gue_emp_H3K4me1_frozen__zhihan1996_DNABERT-2-117M__20260514T122234Z,1,0,0.6541770696640015,0.34582293033599854
gue_emp_H3K4me1_frozen__zhihan1996_DNABERT-2-117M__20260514T122234Z,0,0,0.5041197538375854,0.49588021636009216
gue_emp_H3K4me1_frozen__zhihan1996_DNABERT-2-117M__20260514T122234Z,1,0,0.5260612964630127,0.4739387333393097
gue_emp_H3K4me1_frozen__zhihan1996_DNABERT-2-117M__20260514T122234Z,1,0,0.5445138216018677,0.4554862082004547
gue_emp_H3K4me1_frozen__zhihan1996_DNABERT-2-117M__20260514T122234Z,0,1,0.4454541504383087,0.5545458197593689
gue_emp_H3K4me1_frozen__zhihan1996_DNABERT-2-117M__20260514T122234Z,0,0,0.5731260180473328,0.4268740117549896
gue_emp_H3K4me1_frozen__zhihan1996_DNABERT-2-117M__20260514T122234Z,0,0,0.5683296918869019,0.43167027831077576
gue_emp_H3K4me1_frozen__zhihan1996_DNABERT-2-117M__20260514T122234Z,1,1,0.48483744263648987,0.5151625871658325
gue_emp_H3K4me1_frozen__zhihan1996_DNABERT-2-117M__20260514T122234Z,0,0,0.6102502346038818,0.38974976539611816
gue_emp_H3K4me1_frozen__zhihan1996_DNABERT-2-117M__20260514T122234Z,1,1,0.4892098903656006,0.5107901096343994
gue_emp_H3K4me1_frozen__zhihan1996_DNABERT-2-117M__20260514T122234Z,0,0,0.5156389474868774,0.48436105251312256
gue_emp_H3K4me1_frozen__zhihan1996_DNABERT-2-117M__20260514T122234Z,1,1,0.4543359875679016,0.5456640720367432
gue_emp_H3K4me1_frozen__zhihan1996_DNABERT-2-117M__20260514T122234Z,1,0,0.5071864128112793,0.4928135871887207
gue_emp_H3K4me1_frozen__zhihan1996_DNABERT-2-117M__20260514T122234Z,1,0,0.5139886736869812,0.4860113263130188
gue_emp_H3K4me1_frozen__zhihan1996_DNABERT-2-117M__20260514T122234Z,0,1,0.37102270126342773,0.628977358341217
gue_emp_H3K4me1_frozen__zhihan1996_DNABERT-2-117M__20260514T122234Z,1,1,0.3961849510669708,0.6038150191307068
gue_emp_H3K4me1_frozen__zhihan1996_DNABERT-2-117M__20260514T122234Z,0,1,0.42155179381370544,0.5784481763839722
gue_emp_H3K4me1_frozen__zhihan1996_DNABERT-2-117M__20260514T122234Z,0,1,0.440002977848053,0.559997022151947
gue_emp_H3K4me1_frozen__zhihan1996_DNABERT-2-117M__20260514T122234Z,1,1,0.43389150500297546,0.5661084651947021
gue_emp_H3K4me1_frozen__zhihan1996_DNABERT-2-117M__20260514T122234Z,0,1,0.43138957023620605,0.5686104893684387
gue_emp_H3K4me1_frozen__zhihan1996_DNABERT-2-117M__20260514T122234Z,1,0,0.5118881464004517,0.48811182379722595
gue_emp_H3K4me1_frozen__zhihan1996_DNABERT-2-117M__20260514T122234Z,1,0,0.5606135129928589,0.4393865168094635
gue_emp_H3K4me1_frozen__zhihan1996_DNABERT-2-117M__20260514T122234Z,1,1,0.48259297013282776,0.5174070596694946
gue_emp_H3K4me1_frozen__zhihan1996_DNABERT-2-117M__20260514T122234Z,0,1,0.4449114501476288,0.5550885200500488
gue_emp_H3K4me1_frozen__zhihan1996_DNABERT-2-117M__20260514T122234Z,0,0,0.55549556016922,0.4445044994354248
gue_emp_H3K4me1_frozen__zhihan1996_DNABERT-2-117M__20260514T122234Z,1,0,0.5856492519378662,0.4143507182598114
gue_emp_H3K4me1_frozen__zhihan1996_DNABERT-2-117M__20260514T122234Z,1,0,0.5479328036308289,0.45206722617149353
gue_emp_H3K4me1_frozen__zhihan1996_DNABERT-2-117M__20260514T122234Z,0,0,0.5330708622932434,0.466929167509079
gue_emp_H3K4me1_frozen__zhihan1996_DNABERT-2-117M__20260514T122234Z,1,0,0.5082542896270752,0.4917457401752472
gue_emp_H3K4me1_frozen__zhihan1996_DNABERT-2-117M__20260514T122234Z,0,0,0.5492326617240906,0.4507673680782318
gue_emp_H3K4me1_frozen__zhihan1996_DNABERT-2-117M__20260514T122234Z,0,0,0.6053908467292786,0.39460915327072144
gue_emp_H3K4me1_frozen__zhihan1996_DNABERT-2-117M__20260514T122234Z,1,0,0.566947877407074,0.433052122592926
gue_emp_H3K4me1_frozen__zhihan1996_DNABERT-2-117M__20260514T122234Z,0,1,0.4796331524848938,0.5203668475151062
gue_emp_H3K4me1_frozen__zhihan1996_DNABERT-2-117M__20260514T122234Z,1,1,0.4962535500526428,0.5037463903427124
gue_emp_H3K4me1_frozen__zhihan1996_DNABERT-2-117M__20260514T122234Z,0,0,0.5201687812805176,0.47983118891716003
gue_emp_H3K4me1_frozen__zhihan1996_DNABERT-2-117M__20260514T122234Z,1,0,0.5174289345741272,0.4825710356235504
gue_emp_H3K4me1_frozen__zhihan1996_DNABERT-2-117M__20260514T122234Z,0,0,0.5384068489074707,0.4615931510925293
gue_emp_H3K4me1_frozen__zhihan1996_DNABERT-2-117M__20260514T122234Z,1,0,0.5160010457038879,0.48399901390075684
gue_emp_H3K4me1_frozen__zhihan1996_DNABERT-2-117M__20260514T122234Z,1,1,0.4213285744190216,0.5786714553833008
gue_emp_H3K4me1_frozen__zhihan1996_DNABERT-2-117M__20260514T122234Z,0,0,0.5249446034431458,0.475055456161499
gue_emp_H3K4me1_frozen__zhihan1996_DNABERT-2-117M__20260514T122234Z,1,0,0.5825800895690918,0.4174198806285858
gue_emp_H3K4me1_frozen__zhihan1996_DNABERT-2-117M__20260514T122234Z,1,0,0.5028838515281677,0.4971161186695099
gue_emp_H3K4me1_frozen__zhihan1996_DNABERT-2-117M__20260514T122234Z,1,0,0.5700770616531372,0.4299229383468628
gue_emp_H3K4me1_frozen__zhihan1996_DNABERT-2-117M__20260514T122234Z,1,1,0.4803020656108856,0.5196979641914368
gue_emp_H3K4me1_frozen__zhihan1996_DNABERT-2-117M__20260514T122234Z,0,1,0.285421758890152,0.7145782709121704
gue_emp_H3K4me1_frozen__zhihan1996_DNABERT-2-117M__20260514T122234Z,1,0,0.5709444880485535,0.42905551195144653
gue_emp_H3K4me1_frozen__zhihan1996_DNABERT-2-117M__20260514T122234Z,1,1,0.4482753276824951,0.5517246723175049
gue_emp_H3K4me1_frozen__zhihan1996_DNABERT-2-117M__20260514T122234Z,1,0,0.5634379982948303,0.4365619719028473
gue_emp_H3K4me1_frozen__zhihan1996_DNABERT-2-117M__20260514T122234Z,1,1,0.4819200336933136,0.5180799961090088
gue_emp_H3K4me1_frozen__zhihan1996_DNABERT-2-117M__20260514T122234Z,1,1,0.4812195301055908,0.5187804698944092
gue_emp_H3K4me1_frozen__zhihan1996_DNABERT-2-117M__20260514T122234Z,0,1,0.489329069852829,0.5106709003448486
gue_emp_H3K4me1_frozen__zhihan1996_DNABERT-2-117M__20260514T122234Z,0,1,0.4053310453891754,0.5946689248085022
gue_emp_H3K4me1_frozen__zhihan1996_DNABERT-2-117M__20260514T122234Z,1,1,0.4003097116947174,0.5996902585029602
gue_emp_H3K4me1_frozen__zhihan1996_DNABERT-2-117M__20260514T122234Z,0,0,0.5877065062522888,0.41229352355003357
gue_emp_H3K4me1_frozen__zhihan1996_DNABERT-2-117M__20260514T122234Z,0,1,0.3724195957183838,0.6275804042816162
gue_emp_H3K4me1_frozen__zhihan1996_DNABERT-2-117M__20260514T122234Z,1,1,0.3159997761249542,0.6840001940727234
gue_emp_H3K4me1_frozen__zhihan1996_DNABERT-2-117M__20260514T122234Z,1,0,0.5149034261703491,0.48509660363197327
gue_emp_H3K4me1_frozen__zhihan1996_DNABERT-2-117M__20260514T122234Z,1,0,0.558462381362915,0.4415375590324402
gue_emp_H3K4me1_frozen__zhihan1996_DNABERT-2-117M__20260514T122234Z,1,0,0.5820159912109375,0.4179839789867401
gue_emp_H3K4me1_frozen__zhihan1996_DNABERT-2-117M__20260514T122234Z,1,0,0.5098616480827332,0.49013838171958923
gue_emp_H3K4me1_frozen__zhihan1996_DNABERT-2-117M__20260514T122234Z,1,0,0.51335209608078,0.48664790391921997
gue_emp_H3K4me1_frozen__zhihan1996_DNABERT-2-117M__20260514T122234Z,0,0,0.5142630934715271,0.4857368767261505
gue_emp_H3K4me1_frozen__zhihan1996_DNABERT-2-117M__20260514T122234Z,1,1,0.4344763159751892,0.5655237436294556
gue_emp_H3K4me1_frozen__zhihan1996_DNABERT-2-117M__20260514T122234Z,0,0,0.6002469658851624,0.39975303411483765
gue_emp_H3K4me1_frozen__zhihan1996_DNABERT-2-117M__20260514T122234Z,1,1,0.40874868631362915,0.5912512540817261
gue_emp_H3K4me1_frozen__zhihan1996_DNABERT-2-117M__20260514T122234Z,1,1,0.4381089508533478,0.5618910193443298
gue_emp_H3K4me1_frozen__zhihan1996_DNABERT-2-117M__20260514T122234Z,0,1,0.4921080470085144,0.5078919529914856
gue_emp_H3K4me1_frozen__zhihan1996_DNABERT-2-117M__20260514T122234Z,0,0,0.5712584257125854,0.42874160408973694
gue_emp_H3K4me1_frozen__zhihan1996_DNABERT-2-117M__20260514T122234Z,1,0,0.5747080445289612,0.42529189586639404
gue_emp_H3K4me1_frozen__zhihan1996_DNABERT-2-117M__20260514T122234Z,1,1,0.485285222530365,0.514714777469635
gue_emp_H3K4me1_frozen__zhihan1996_DNABERT-2-117M__20260514T122234Z,0,1,0.4785097539424896,0.521490216255188
gue_emp_H3K4me1_frozen__zhihan1996_DNABERT-2-117M__20260514T122234Z,1,0,0.5062710642814636,0.49372896552085876
gue_emp_H3K4me1_frozen__zhihan1996_DNABERT-2-117M__20260514T122234Z,1,0,0.5456640720367432,0.4543359875679016
gue_emp_H3K4me1_frozen__zhihan1996_DNABERT-2-117M__20260514T122234Z,1,0,0.6259527206420898,0.37404730916023254
gue_emp_H3K4me1_frozen__zhihan1996_DNABERT-2-117M__20260514T122234Z,0,0,0.5722447633743286,0.4277552366256714
gue_emp_H3K4me1_frozen__zhihan1996_DNABERT-2-117M__20260514T122234Z,1,0,0.5562188029289246,0.44378119707107544
gue_emp_H3K4me1_frozen__zhihan1996_DNABERT-2-117M__20260514T122234Z,0,0,0.5608239769935608,0.4391760230064392
