run_id,true_label,predicted_label,prob_class_0,prob_class_1,prob_class_2
gue_splice_reconstructed_lora__evo2_1b_base__20260515T200437Z,1,2,0.008439768105745316,0.020807191729545593,0.970753014087677
gue_splice_reconstructed_lora__evo2_1b_base__20260515T200437Z,2,2,0.004646866582334042,0.01323769148439169,0.9821153879165649
gue_splice_reconstructed_lora__evo2_1b_base__20260515T200437Z,2,2,0.0120405787602067,0.003020644187927246,0.9849387407302856
gue_splice_reconstructed_lora__evo2_1b_base__20260515T200437Z,2,2,0.007662737276405096,0.005240864120423794,0.9870964288711548
gue_splice_reconstructed_lora__evo2_1b_base__20260515T200437Z,1,1,4.065001485287212e-05,0.9949700236320496,0.004989334382116795
gue_splice_reconstructed_lora__evo2_1b_base__20260515T200437Z,2,2,0.005437234416604042,0.0019885606598109007,0.9925742149353027
gue_splice_reconstructed_lora__evo2_1b_base__20260515T200437Z,2,0,0.6089224219322205,0.0025080449413508177,0.38856953382492065
gue_splice_reconstructed_lora__evo2_1b_base__20260515T200437Z,2,2,0.0023104529827833176,0.013192271813750267,0.9844973087310791
gue_splice_reconstructed_lora__evo2_1b_base__20260515T200437Z,1,1,7.807647489244118e-05,0.99143385887146,0.008488006889820099
gue_splice_reconstructed_lora__evo2_1b_base__20260515T200437Z,2,2,0.003695254446938634,0.19679194688796997,0.7995128035545349
gue_splice_reconstructed_lora__evo2_1b_base__20260515T200437Z,1,1,4.227389217703603e-05,0.9950775504112244,0.004880236927419901
gue_splice_reconstructed_lora__evo2_1b_base__20260515T200437Z,2,2,0.022537710145115852,0.0019017562735825777,0.9755605459213257
gue_splice_reconstructed_lora__evo2_1b_base__20260515T200437Z,2,2,0.012832176871597767,0.007790713105350733,0.9793771505355835
gue_splice_reconstructed_lora__evo2_1b_base__20260515T200437Z,2,2,0.010956713929772377,0.004675751551985741,0.9843675494194031
gue_splice_reconstructed_lora__evo2_1b_base__20260515T200437Z,0,0,0.9927216172218323,2.649498674145434e-05,0.007251880131661892
gue_splice_reconstructed_lora__evo2_1b_base__20260515T200437Z,2,2,0.0023312328848987818,0.002374892123043537,0.9952937960624695
gue_splice_reconstructed_lora__evo2_1b_base__20260515T200437Z,2,2,0.010039790533483028,0.0022162445820868015,0.9877439141273499
gue_splice_reconstructed_lora__evo2_1b_base__20260515T200437Z,1,1,9.404147567693144e-05,0.989994466304779,0.009911498054862022
gue_splice_reconstructed_lora__evo2_1b_base__20260515T200437Z,2,0,0.9101123809814453,0.00021313983597792685,0.08967439085245132
gue_splice_reconstructed_lora__evo2_1b_base__20260515T200437Z,2,2,0.0030908863991498947,0.002751777181401849,0.9941573143005371
gue_splice_reconstructed_lora__evo2_1b_base__20260515T200437Z,1,1,5.4539934353670105e-05,0.9920482039451599,0.007897290401160717
gue_splice_reconstructed_lora__evo2_1b_base__20260515T200437Z,0,0,0.9935281872749329,2.1306617782101966e-05,0.00645047053694725
gue_splice_reconstructed_lora__evo2_1b_base__20260515T200437Z,0,0,0.9874279499053955,6.0089041653554887e-05,0.012512089684605598
gue_splice_reconstructed_lora__evo2_1b_base__20260515T200437Z,2,2,0.01064598560333252,0.0015777552034705877,0.9877762794494629
gue_splice_reconstructed_lora__evo2_1b_base__20260515T200437Z,2,2,0.01253095455467701,0.0016859726747497916,0.9857831001281738
gue_splice_reconstructed_lora__evo2_1b_base__20260515T200437Z,2,2,0.0031815560068935156,0.002072300761938095,0.994746208190918
gue_splice_reconstructed_lora__evo2_1b_base__20260515T200437Z,1,1,4.887138493359089e-05,0.9916850328445435,0.008266192860901356
gue_splice_reconstructed_lora__evo2_1b_base__20260515T200437Z,0,0,0.9912729859352112,3.7019053706899285e-05,0.008690005168318748
gue_splice_reconstructed_lora__evo2_1b_base__20260515T200437Z,0,0,0.9904477596282959,3.937376823159866e-05,0.009512904100120068
gue_splice_reconstructed_lora__evo2_1b_base__20260515T200437Z,2,2,0.0024831925984472036,0.005460995249450207,0.9920558333396912
gue_splice_reconstructed_lora__evo2_1b_base__20260515T200437Z,2,2,0.09518276900053024,0.0026298623997718096,0.9021874070167542
gue_splice_reconstructed_lora__evo2_1b_base__20260515T200437Z,2,2,0.012680892832577229,0.002325203036889434,0.9849938750267029
gue_splice_reconstructed_lora__evo2_1b_base__20260515T200437Z,2,2,0.01600337214767933,0.004960034508258104,0.9790366291999817
gue_splice_reconstructed_lora__evo2_1b_base__20260515T200437Z,1,1,3.410291174077429e-05,0.9951340556144714,0.004831904545426369
gue_splice_reconstructed_lora__evo2_1b_base__20260515T200437Z,1,1,4.034304220112972e-05,0.9952012300491333,0.004758475814014673
gue_splice_reconstructed_lora__evo2_1b_base__20260515T200437Z,2,2,0.019049163907766342,0.002482895739376545,0.9784679412841797
gue_splice_reconstructed_lora__evo2_1b_base__20260515T200437Z,1,1,5.825774496770464e-05,0.9915896058082581,0.00835211668163538
gue_splice_reconstructed_lora__evo2_1b_base__20260515T200437Z,2,2,0.012730970978736877,0.0022405763156712055,0.9850285053253174
gue_splice_reconstructed_lora__evo2_1b_base__20260515T200437Z,2,2,0.002783287549391389,0.003390232566744089,0.9938264489173889
gue_splice_reconstructed_lora__evo2_1b_base__20260515T200437Z,2,0,0.8813421130180359,7.803596236044541e-05,0.11857984215021133
gue_splice_reconstructed_lora__evo2_1b_base__20260515T200437Z,2,2,0.011201773770153522,0.001879331306554377,0.9869188666343689
gue_splice_reconstructed_lora__evo2_1b_base__20260515T200437Z,2,2,0.001842834404669702,0.005517828743904829,0.9926393032073975
gue_splice_reconstructed_lora__evo2_1b_base__20260515T200437Z,2,2,0.17559543251991272,0.0028885675128549337,0.8215159773826599
gue_splice_reconstructed_lora__evo2_1b_base__20260515T200437Z,0,0,0.9667277336120605,3.075964195886627e-05,0.03324152156710625
gue_splice_reconstructed_lora__evo2_1b_base__20260515T200437Z,2,2,0.0035138078965246677,0.003958404064178467,0.9925278425216675
gue_splice_reconstructed_lora__evo2_1b_base__20260515T200437Z,2,2,0.003189261071383953,0.006448778323829174,0.9903619289398193
gue_splice_reconstructed_lora__evo2_1b_base__20260515T200437Z,1,1,5.205561683396809e-05,0.988431990146637,0.011515883728861809
gue_splice_reconstructed_lora__evo2_1b_base__20260515T200437Z,2,2,0.010336213745176792,0.0016346281627193093,0.9880291819572449
gue_splice_reconstructed_lora__evo2_1b_base__20260515T200437Z,1,1,8.897897350834683e-05,0.9932251572608948,0.0066857654601335526
gue_splice_reconstructed_lora__evo2_1b_base__20260515T200437Z,0,0,0.9895786643028259,3.857833507936448e-05,0.010382797569036484
gue_splice_reconstructed_lora__evo2_1b_base__20260515T200437Z,0,0,0.9834626317024231,5.6221746490336955e-05,0.016481071710586548
gue_splice_reconstructed_lora__evo2_1b_base__20260515T200437Z,2,0,0.9633597135543823,8.075851656030864e-05,0.03655955195426941
gue_splice_reconstructed_lora__evo2_1b_base__20260515T200437Z,1,1,3.481693784124218e-05,0.9963189363479614,0.0036463108845055103
gue_splice_reconstructed_lora__evo2_1b_base__20260515T200437Z,2,2,0.0013126543490216136,0.005462095141410828,0.9932252764701843
gue_splice_reconstructed_lora__evo2_1b_base__20260515T200437Z,2,2,0.0720335841178894,0.002446867059916258,0.9255195260047913
gue_splice_reconstructed_lora__evo2_1b_base__20260515T200437Z,1,1,5.7928536989493296e-05,0.9937193393707275,0.006222753785550594
gue_splice_reconstructed_lora__evo2_1b_base__20260515T200437Z,2,2,0.06316442042589188,0.0045246547088027,0.9323108792304993
gue_splice_reconstructed_lora__evo2_1b_base__20260515T200437Z,2,2,0.0025085965171456337,0.0030856262892484665,0.9944057464599609
gue_splice_reconstructed_lora__evo2_1b_base__20260515T200437Z,2,2,0.012523822486400604,0.002254185965284705,0.9852220416069031
gue_splice_reconstructed_lora__evo2_1b_base__20260515T200437Z,0,0,0.9864509105682373,5.015659553464502e-05,0.013498920015990734
gue_splice_reconstructed_lora__evo2_1b_base__20260515T200437Z,2,1,0.00034686014987528324,0.8896034359931946,0.11004969477653503
gue_splice_reconstructed_lora__evo2_1b_base__20260515T200437Z,2,2,0.03321007266640663,0.007088115438818932,0.9597018361091614
gue_splice_reconstructed_lora__evo2_1b_base__20260515T200437Z,2,2,0.0016954969614744186,0.006952551659196615,0.9913519620895386
gue_splice_reconstructed_lora__evo2_1b_base__20260515T200437Z,2,2,0.00484486622735858,0.002696573967114091,0.9924585223197937
gue_splice_reconstructed_lora__evo2_1b_base__20260515T200437Z,2,1,0.0003291688044555485,0.9491932392120361,0.050477635115385056
gue_splice_reconstructed_lora__evo2_1b_base__20260515T200437Z,1,1,0.0003431485965847969,0.9646974802017212,0.03495940938591957
gue_splice_reconstructed_lora__evo2_1b_base__20260515T200437Z,0,0,0.9886791110038757,4.419006290845573e-05,0.011276681907474995
gue_splice_reconstructed_lora__evo2_1b_base__20260515T200437Z,1,1,6.10604474786669e-05,0.9917008280754089,0.008238119073212147
gue_splice_reconstructed_lora__evo2_1b_base__20260515T200437Z,2,2,0.0021650874987244606,0.0022601464297622442,0.9955747127532959
gue_splice_reconstructed_lora__evo2_1b_base__20260515T200437Z,0,0,0.9923403263092041,2.9201719371485524e-05,0.007630445063114166
gue_splice_reconstructed_lora__evo2_1b_base__20260515T200437Z,0,0,0.9871929883956909,4.8083220463013276e-05,0.012758946046233177
gue_splice_reconstructed_lora__evo2_1b_base__20260515T200437Z,2,2,0.01796545833349228,0.002589434152469039,0.9794450402259827
gue_splice_reconstructed_lora__evo2_1b_base__20260515T200437Z,1,1,9.484547626925632e-05,0.9906883239746094,0.009216835722327232
gue_splice_reconstructed_lora__evo2_1b_base__20260515T200437Z,0,0,0.9872618317604065,4.0492956031812355e-05,0.01269768550992012
gue_splice_reconstructed_lora__evo2_1b_base__20260515T200437Z,2,2,0.01309660542756319,0.0023607376497238874,0.9845426678657532
gue_splice_reconstructed_lora__evo2_1b_base__20260515T200437Z,0,2,0.2294236272573471,0.001988783711567521,0.768587589263916
gue_splice_reconstructed_lora__evo2_1b_base__20260515T200437Z,0,0,0.9882809519767761,3.778254904318601e-05,0.011681176722049713
gue_splice_reconstructed_lora__evo2_1b_base__20260515T200437Z,2,2,0.003021758981049061,0.002977817552164197,0.9940004348754883
gue_splice_reconstructed_lora__evo2_1b_base__20260515T200437Z,2,2,0.013409281149506569,0.006211583968251944,0.9803791046142578
gue_splice_reconstructed_lora__evo2_1b_base__20260515T200437Z,2,2,0.008989800699055195,0.0033789838198572397,0.9876312613487244
gue_splice_reconstructed_lora__evo2_1b_base__20260515T200437Z,2,2,0.0023315532598644495,0.002237857785075903,0.995430588722229
gue_splice_reconstructed_lora__evo2_1b_base__20260515T200437Z,0,0,0.985024094581604,6.281947571551427e-05,0.014913045801222324
gue_splice_reconstructed_lora__evo2_1b_base__20260515T200437Z,2,2,0.0063971709460020065,0.0034611402079463005,0.9901416897773743
gue_splice_reconstructed_lora__evo2_1b_base__20260515T200437Z,1,1,6.401469727279618e-05,0.9920712113380432,0.007864763960242271
gue_splice_reconstructed_lora__evo2_1b_base__20260515T200437Z,0,0,0.9889180064201355,3.962129630963318e-05,0.011042356491088867
gue_splice_reconstructed_lora__evo2_1b_base__20260515T200437Z,2,2,0.0020950394682586193,0.0039601861499249935,0.9939448237419128
gue_splice_reconstructed_lora__evo2_1b_base__20260515T200437Z,2,2,0.003884374862536788,0.007777989376336336,0.9883376955986023
gue_splice_reconstructed_lora__evo2_1b_base__20260515T200437Z,2,2,0.004119750112295151,0.007308475207537413,0.98857182264328
gue_splice_reconstructed_lora__evo2_1b_base__20260515T200437Z,2,2,0.004754794295877218,0.003965027630329132,0.9912801384925842
gue_splice_reconstructed_lora__evo2_1b_base__20260515T200437Z,0,0,0.9887222051620483,3.9151938835857436e-05,0.011238694190979004
gue_splice_reconstructed_lora__evo2_1b_base__20260515T200437Z,2,2,0.03213247284293175,0.0030232782009989023,0.964844286441803
gue_splice_reconstructed_lora__evo2_1b_base__20260515T200437Z,1,1,0.0005186991184018552,0.8758626580238342,0.12361866980791092
gue_splice_reconstructed_lora__evo2_1b_base__20260515T200437Z,2,2,0.0026130678597837687,0.012855690903961658,0.9845312833786011
gue_splice_reconstructed_lora__evo2_1b_base__20260515T200437Z,2,2,0.009826523251831532,0.0019340123981237411,0.9882394075393677
gue_splice_reconstructed_lora__evo2_1b_base__20260515T200437Z,0,0,0.9811450839042664,7.726622425252572e-05,0.018777618184685707
gue_splice_reconstructed_lora__evo2_1b_base__20260515T200437Z,0,0,0.9899154901504517,4.476687900023535e-05,0.010039779357612133
gue_splice_reconstructed_lora__evo2_1b_base__20260515T200437Z,1,1,4.494125460041687e-05,0.9937713742256165,0.006183703429996967
gue_splice_reconstructed_lora__evo2_1b_base__20260515T200437Z,2,2,0.002705041319131851,0.002691865200176835,0.9946030974388123
gue_splice_reconstructed_lora__evo2_1b_base__20260515T200437Z,2,2,0.003436950035393238,0.019085710868239403,0.9774773716926575
gue_splice_reconstructed_lora__evo2_1b_base__20260515T200437Z,1,1,0.00023354202858172357,0.9646628499031067,0.03510354459285736
gue_splice_reconstructed_lora__evo2_1b_base__20260515T200437Z,2,2,0.0051849908195436,0.002863423665985465,0.991951584815979
gue_splice_reconstructed_lora__evo2_1b_base__20260515T200437Z,2,2,0.0021478752605617046,0.0024457748513668776,0.9954063892364502
gue_splice_reconstructed_lora__evo2_1b_base__20260515T200437Z,2,2,0.004348487593233585,0.002888243179768324,0.9927632212638855
gue_splice_reconstructed_lora__evo2_1b_base__20260515T200437Z,0,0,0.9870007038116455,4.826201620744541e-05,0.012951022014021873
gue_splice_reconstructed_lora__evo2_1b_base__20260515T200437Z,2,2,0.08012392371892929,0.004248486831784248,0.9156275391578674
gue_splice_reconstructed_lora__evo2_1b_base__20260515T200437Z,2,2,0.012224630452692509,0.004245398566126823,0.9835299849510193
gue_splice_reconstructed_lora__evo2_1b_base__20260515T200437Z,0,0,0.9909257888793945,3.4628468711161986e-05,0.009039629250764847
gue_splice_reconstructed_lora__evo2_1b_base__20260515T200437Z,2,2,0.008234979584813118,0.0020141308195888996,0.9897509217262268
gue_splice_reconstructed_lora__evo2_1b_base__20260515T200437Z,0,2,0.015845051035284996,0.0024192624259740114,0.9817356467247009
gue_splice_reconstructed_lora__evo2_1b_base__20260515T200437Z,2,2,0.005683197174221277,0.00241583539173007,0.9919009804725647
gue_splice_reconstructed_lora__evo2_1b_base__20260515T200437Z,2,2,0.0071873110719025135,0.005320333410054445,0.9874923229217529
gue_splice_reconstructed_lora__evo2_1b_base__20260515T200437Z,2,2,0.003905556397512555,0.004306203220039606,0.9917882084846497
gue_splice_reconstructed_lora__evo2_1b_base__20260515T200437Z,1,1,4.223190262564458e-05,0.9940891265869141,0.0058686500415205956
gue_splice_reconstructed_lora__evo2_1b_base__20260515T200437Z,0,0,0.9864691495895386,5.1547944167396054e-05,0.01347940880805254
gue_splice_reconstructed_lora__evo2_1b_base__20260515T200437Z,2,2,0.01297532394528389,0.0029885475523769855,0.9840361475944519
gue_splice_reconstructed_lora__evo2_1b_base__20260515T200437Z,2,2,0.015796726569533348,0.002590102143585682,0.9816131591796875
gue_splice_reconstructed_lora__evo2_1b_base__20260515T200437Z,2,2,0.007801838219165802,0.00758398650214076,0.9846142530441284
gue_splice_reconstructed_lora__evo2_1b_base__20260515T200437Z,1,1,5.7711116824066266e-05,0.9899896383285522,0.009952671825885773
gue_splice_reconstructed_lora__evo2_1b_base__20260515T200437Z,2,2,0.004426507279276848,0.006478378549218178,0.989095151424408
gue_splice_reconstructed_lora__evo2_1b_base__20260515T200437Z,0,0,0.9870338439941406,5.8903300669044256e-05,0.01290726289153099
gue_splice_reconstructed_lora__evo2_1b_base__20260515T200437Z,2,2,0.006287032272666693,0.005294212140142918,0.9884187579154968
gue_splice_reconstructed_lora__evo2_1b_base__20260515T200437Z,1,1,0.0001601352560101077,0.9794719219207764,0.02036803588271141
gue_splice_reconstructed_lora__evo2_1b_base__20260515T200437Z,2,2,0.006965453736484051,0.01619516685605049,0.9768393635749817
gue_splice_reconstructed_lora__evo2_1b_base__20260515T200437Z,2,2,0.002956064185127616,0.002565766451880336,0.9944781064987183
gue_splice_reconstructed_lora__evo2_1b_base__20260515T200437Z,2,2,0.07072371989488602,0.0019853259436786175,0.9272909760475159
gue_splice_reconstructed_lora__evo2_1b_base__20260515T200437Z,0,0,0.99043208360672,3.6556732084136456e-05,0.009531352669000626
gue_splice_reconstructed_lora__evo2_1b_base__20260515T200437Z,2,2,0.010971992276608944,0.0023246933706104755,0.9867032766342163
gue_splice_reconstructed_lora__evo2_1b_base__20260515T200437Z,1,2,0.004003576003015041,0.033423472195863724,0.9625729918479919
gue_splice_reconstructed_lora__evo2_1b_base__20260515T200437Z,2,2,0.025483988225460052,0.001990706892684102,0.9725252389907837
gue_splice_reconstructed_lora__evo2_1b_base__20260515T200437Z,2,2,0.0023459140211343765,0.0038866896647959948,0.9937673807144165
gue_splice_reconstructed_lora__evo2_1b_base__20260515T200437Z,2,2,0.01832175813615322,0.0030843813437968493,0.9785938262939453
gue_splice_reconstructed_lora__evo2_1b_base__20260515T200437Z,2,2,0.007003124337643385,0.07934463024139404,0.9136523008346558
gue_splice_reconstructed_lora__evo2_1b_base__20260515T200437Z,1,1,0.00022001200704835355,0.9617353677749634,0.03804458677768707
gue_splice_reconstructed_lora__evo2_1b_base__20260515T200437Z,2,2,0.003065191674977541,0.0023387165274471045,0.9945960640907288
gue_splice_reconstructed_lora__evo2_1b_base__20260515T200437Z,0,0,0.9925225377082825,2.9667027774848975e-05,0.0074477787129580975
gue_splice_reconstructed_lora__evo2_1b_base__20260515T200437Z,1,1,7.674866355955601e-05,0.9822165966033936,0.017706692218780518
gue_splice_reconstructed_lora__evo2_1b_base__20260515T200437Z,2,2,0.01004274282604456,0.002405242994427681,0.9875519275665283
gue_splice_reconstructed_lora__evo2_1b_base__20260515T200437Z,0,0,0.9936422109603882,2.5108211048063822e-05,0.006332613527774811
gue_splice_reconstructed_lora__evo2_1b_base__20260515T200437Z,2,2,0.009516021236777306,0.008381473831832409,0.9821025133132935
gue_splice_reconstructed_lora__evo2_1b_base__20260515T200437Z,0,0,0.9878320097923279,5.367542689782567e-05,0.012114336714148521
gue_splice_reconstructed_lora__evo2_1b_base__20260515T200437Z,2,2,0.013699679635465145,0.005979105364531279,0.9803212285041809
gue_splice_reconstructed_lora__evo2_1b_base__20260515T200437Z,2,2,0.018905337899923325,0.004784687422215939,0.9763100147247314
gue_splice_reconstructed_lora__evo2_1b_base__20260515T200437Z,0,0,0.9949603080749512,1.7483182091382332e-05,0.005022282246500254
gue_splice_reconstructed_lora__evo2_1b_base__20260515T200437Z,1,1,0.0015226257964968681,0.5352538228034973,0.46322357654571533
gue_splice_reconstructed_lora__evo2_1b_base__20260515T200437Z,2,2,0.0035544910933822393,0.00412328215315938,0.9923222661018372
gue_splice_reconstructed_lora__evo2_1b_base__20260515T200437Z,2,2,0.003582146018743515,0.00512617826461792,0.9912917017936707
gue_splice_reconstructed_lora__evo2_1b_base__20260515T200437Z,2,2,0.004295359365642071,0.044312890619039536,0.9513918161392212
gue_splice_reconstructed_lora__evo2_1b_base__20260515T200437Z,1,1,0.00010677595855668187,0.9919734001159668,0.007919863797724247
gue_splice_reconstructed_lora__evo2_1b_base__20260515T200437Z,1,1,0.0001656046515563503,0.9741210341453552,0.025713445618748665
gue_splice_reconstructed_lora__evo2_1b_base__20260515T200437Z,0,0,0.9825031757354736,8.940452971728519e-05,0.017407488077878952
gue_splice_reconstructed_lora__evo2_1b_base__20260515T200437Z,2,2,0.013844757340848446,0.0079503757879138,0.9782049059867859
gue_splice_reconstructed_lora__evo2_1b_base__20260515T200437Z,0,0,0.9904446005821228,3.5571123589761555e-05,0.009519844315946102
gue_splice_reconstructed_lora__evo2_1b_base__20260515T200437Z,2,2,0.016151631250977516,0.001994162332266569,0.9818542003631592
gue_splice_reconstructed_lora__evo2_1b_base__20260515T200437Z,2,2,0.009191688150167465,0.015881812199950218,0.9749265313148499
gue_splice_reconstructed_lora__evo2_1b_base__20260515T200437Z,0,0,0.9870896935462952,6.197523907758296e-05,0.012848258018493652
gue_splice_reconstructed_lora__evo2_1b_base__20260515T200437Z,2,2,0.003516615368425846,0.0021920620929449797,0.9942913055419922
gue_splice_reconstructed_lora__evo2_1b_base__20260515T200437Z,0,0,0.9891924262046814,3.110774196102284e-05,0.010776390321552753
gue_splice_reconstructed_lora__evo2_1b_base__20260515T200437Z,2,2,0.0016187442233785987,0.0026019467040896416,0.995779275894165
gue_splice_reconstructed_lora__evo2_1b_base__20260515T200437Z,1,1,5.873522241017781e-05,0.9919366836547852,0.008004614152014256
gue_splice_reconstructed_lora__evo2_1b_base__20260515T200437Z,1,1,9.367962775286287e-05,0.9900450110435486,0.009861315600574017
gue_splice_reconstructed_lora__evo2_1b_base__20260515T200437Z,2,2,0.07076161354780197,0.0025825307238847017,0.9266558885574341
gue_splice_reconstructed_lora__evo2_1b_base__20260515T200437Z,2,2,0.003490839619189501,0.004674557596445084,0.9918346405029297
gue_splice_reconstructed_lora__evo2_1b_base__20260515T200437Z,0,0,0.9928032755851746,3.579539043130353e-05,0.007160987239331007
gue_splice_reconstructed_lora__evo2_1b_base__20260515T200437Z,2,2,0.002739828312769532,0.0035456016194075346,0.9937145113945007
gue_splice_reconstructed_lora__evo2_1b_base__20260515T200437Z,2,2,0.004291502293199301,0.004406162071973085,0.9913023710250854
gue_splice_reconstructed_lora__evo2_1b_base__20260515T200437Z,1,1,5.526863969862461e-05,0.9935907125473022,0.006353966426104307
gue_splice_reconstructed_lora__evo2_1b_base__20260515T200437Z,1,1,0.00011467430886114016,0.9891448616981506,0.010740414261817932
gue_splice_reconstructed_lora__evo2_1b_base__20260515T200437Z,2,2,0.002376952674239874,0.0024380774702876806,0.9951849579811096
gue_splice_reconstructed_lora__evo2_1b_base__20260515T200437Z,2,2,0.04475869983434677,0.002105437219142914,0.9531359076499939
gue_splice_reconstructed_lora__evo2_1b_base__20260515T200437Z,1,1,5.949922342551872e-05,0.9931326508522034,0.0068078478798270226
gue_splice_reconstructed_lora__evo2_1b_base__20260515T200437Z,2,2,0.011372260749340057,0.0022219044622033834,0.9864057898521423
gue_splice_reconstructed_lora__evo2_1b_base__20260515T200437Z,2,2,0.0015228900592774153,0.0031895108986645937,0.9952875375747681
gue_splice_reconstructed_lora__evo2_1b_base__20260515T200437Z,1,1,4.750795051222667e-05,0.9946198463439941,0.005332632455974817
gue_splice_reconstructed_lora__evo2_1b_base__20260515T200437Z,2,2,0.004571703262627125,0.00241382815875113,0.9930144548416138
gue_splice_reconstructed_lora__evo2_1b_base__20260515T200437Z,0,0,0.9851934313774109,5.028871601098217e-05,0.014756239950656891
gue_splice_reconstructed_lora__evo2_1b_base__20260515T200437Z,2,2,0.005901777185499668,0.0025408025830984116,0.9915574789047241
gue_splice_reconstructed_lora__evo2_1b_base__20260515T200437Z,2,2,0.0031030778773128986,0.008517817594110966,0.9883791208267212
gue_splice_reconstructed_lora__evo2_1b_base__20260515T200437Z,1,1,8.51926306495443e-05,0.9927123785018921,0.007202408742159605
gue_splice_reconstructed_lora__evo2_1b_base__20260515T200437Z,0,0,0.9801177382469177,7.000404002610594e-05,0.01981235109269619
gue_splice_reconstructed_lora__evo2_1b_base__20260515T200437Z,1,1,0.00016169009904842824,0.9604283571243286,0.03941001370549202
gue_splice_reconstructed_lora__evo2_1b_base__20260515T200437Z,2,2,0.22314541041851044,0.0017942398553714156,0.7750602960586548
gue_splice_reconstructed_lora__evo2_1b_base__20260515T200437Z,2,2,0.004860812798142433,0.007162799593061209,0.9879763722419739
gue_splice_reconstructed_lora__evo2_1b_base__20260515T200437Z,2,2,0.002758837305009365,0.0024778409861028194,0.9947633147239685
gue_splice_reconstructed_lora__evo2_1b_base__20260515T200437Z,2,2,0.0075032152235507965,0.0030286142136901617,0.9894681572914124
gue_splice_reconstructed_lora__evo2_1b_base__20260515T200437Z,2,2,0.006720943376421928,0.005496198311448097,0.987782895565033
gue_splice_reconstructed_lora__evo2_1b_base__20260515T200437Z,0,0,0.8530223965644836,0.00018511814414523542,0.14679253101348877
gue_splice_reconstructed_lora__evo2_1b_base__20260515T200437Z,2,2,0.003773615462705493,0.004623530898243189,0.9916028380393982
gue_splice_reconstructed_lora__evo2_1b_base__20260515T200437Z,0,0,0.9848265647888184,6.556443258887157e-05,0.015107925049960613
gue_splice_reconstructed_lora__evo2_1b_base__20260515T200437Z,2,2,0.0024721790105104446,0.00406798068434,0.9934598207473755
gue_splice_reconstructed_lora__evo2_1b_base__20260515T200437Z,0,0,0.9903027415275574,3.12645424855873e-05,0.009666015394032001
gue_splice_reconstructed_lora__evo2_1b_base__20260515T200437Z,0,0,0.9397912621498108,7.11743050487712e-05,0.0601375438272953
gue_splice_reconstructed_lora__evo2_1b_base__20260515T200437Z,2,2,0.0029809100087732077,0.0029577126260846853,0.9940614104270935
gue_splice_reconstructed_lora__evo2_1b_base__20260515T200437Z,2,2,0.002080939942970872,0.0029203013982623816,0.9949988126754761
gue_splice_reconstructed_lora__evo2_1b_base__20260515T200437Z,0,0,0.9798231720924377,4.866553717874922e-05,0.020128127187490463
gue_splice_reconstructed_lora__evo2_1b_base__20260515T200437Z,2,2,0.0024304932449012995,0.0025696204975247383,0.994999885559082
gue_splice_reconstructed_lora__evo2_1b_base__20260515T200437Z,1,1,6.656694313278422e-05,0.9921038150787354,0.007829579524695873
gue_splice_reconstructed_lora__evo2_1b_base__20260515T200437Z,2,2,0.005245257634669542,0.003932355437427759,0.990822434425354
gue_splice_reconstructed_lora__evo2_1b_base__20260515T200437Z,1,1,0.00014076118532102555,0.9832583665847778,0.016600802540779114
gue_splice_reconstructed_lora__evo2_1b_base__20260515T200437Z,2,2,0.003639539936557412,0.0028622921090573072,0.9934982061386108
gue_splice_reconstructed_lora__evo2_1b_base__20260515T200437Z,2,2,0.002211065962910652,0.0017102486453950405,0.9960786700248718
gue_splice_reconstructed_lora__evo2_1b_base__20260515T200437Z,2,1,0.00040648417780175805,0.9774488806724548,0.02214457467198372
gue_splice_reconstructed_lora__evo2_1b_base__20260515T200437Z,2,2,0.014714403077960014,0.011481991969048977,0.9738035798072815
gue_splice_reconstructed_lora__evo2_1b_base__20260515T200437Z,0,0,0.9878731966018677,5.042550037615001e-05,0.012076451443135738
gue_splice_reconstructed_lora__evo2_1b_base__20260515T200437Z,1,1,6.284500705078244e-05,0.9931532144546509,0.006783931516110897
gue_splice_reconstructed_lora__evo2_1b_base__20260515T200437Z,0,0,0.9903562068939209,3.845812534564175e-05,0.00960537139326334
gue_splice_reconstructed_lora__evo2_1b_base__20260515T200437Z,2,2,0.0015391299966722727,0.00427882419899106,0.9941820502281189
gue_splice_reconstructed_lora__evo2_1b_base__20260515T200437Z,0,0,0.9829012155532837,6.268409197218716e-05,0.017036069184541702
gue_splice_reconstructed_lora__evo2_1b_base__20260515T200437Z,2,2,0.015659229829907417,0.005553560797125101,0.9787872433662415
gue_splice_reconstructed_lora__evo2_1b_base__20260515T200437Z,0,0,0.9881286025047302,1.3897280041419435e-05,0.011857508681714535
gue_splice_reconstructed_lora__evo2_1b_base__20260515T200437Z,1,1,6.344652501866221e-05,0.9909777641296387,0.00895881000906229
gue_splice_reconstructed_lora__evo2_1b_base__20260515T200437Z,0,0,0.9780821800231934,0.00010777737043099478,0.021810052916407585
gue_splice_reconstructed_lora__evo2_1b_base__20260515T200437Z,2,2,0.003547810250893235,0.014662245288491249,0.9817900061607361
gue_splice_reconstructed_lora__evo2_1b_base__20260515T200437Z,2,2,0.035775404423475266,0.0025824035983532667,0.9616422057151794
gue_splice_reconstructed_lora__evo2_1b_base__20260515T200437Z,2,2,0.007192792370915413,0.0016623558476567268,0.9911448359489441
gue_splice_reconstructed_lora__evo2_1b_base__20260515T200437Z,1,1,5.400571535574272e-05,0.993910551071167,0.0060354070737957954
gue_splice_reconstructed_lora__evo2_1b_base__20260515T200437Z,2,2,0.006409424357116222,0.0063844360411167145,0.9872061014175415
gue_splice_reconstructed_lora__evo2_1b_base__20260515T200437Z,2,2,0.0015047878259792924,0.005387290380895138,0.9931079149246216
gue_splice_reconstructed_lora__evo2_1b_base__20260515T200437Z,2,2,0.010483482852578163,0.001982331508770585,0.9875341653823853
gue_splice_reconstructed_lora__evo2_1b_base__20260515T200437Z,0,0,0.9943299293518066,2.2787920897826552e-05,0.005647261161357164
gue_splice_reconstructed_lora__evo2_1b_base__20260515T200437Z,2,2,0.0030887355096638203,0.003445733804255724,0.9934654831886292
gue_splice_reconstructed_lora__evo2_1b_base__20260515T200437Z,2,2,0.0038788041565567255,0.0053380629979074,0.9907830953598022
gue_splice_reconstructed_lora__evo2_1b_base__20260515T200437Z,2,2,0.0026524090208113194,0.00577080762013793,0.9915767908096313
gue_splice_reconstructed_lora__evo2_1b_base__20260515T200437Z,2,2,0.03902393579483032,0.014126635156571865,0.9468494653701782
gue_splice_reconstructed_lora__evo2_1b_base__20260515T200437Z,2,2,0.006246290169656277,0.0050043524242937565,0.9887493848800659
gue_splice_reconstructed_lora__evo2_1b_base__20260515T200437Z,1,1,9.58206073846668e-05,0.9892132878303528,0.010690795257687569
gue_splice_reconstructed_lora__evo2_1b_base__20260515T200437Z,2,2,0.00831453874707222,0.0030497994739562273,0.9886356592178345
gue_splice_reconstructed_lora__evo2_1b_base__20260515T200437Z,2,2,0.003979658707976341,0.014592567458748817,0.981427788734436
gue_splice_reconstructed_lora__evo2_1b_base__20260515T200437Z,2,2,0.011819211766123772,0.0027624364010989666,0.9854183197021484
gue_splice_reconstructed_lora__evo2_1b_base__20260515T200437Z,2,2,0.005077278707176447,0.010206426493823528,0.9847162961959839
gue_splice_reconstructed_lora__evo2_1b_base__20260515T200437Z,2,2,0.012601736932992935,0.003761622589081526,0.9836366772651672
gue_splice_reconstructed_lora__evo2_1b_base__20260515T200437Z,2,2,0.0018588727107271552,0.0027125792112201452,0.9954285621643066
gue_splice_reconstructed_lora__evo2_1b_base__20260515T200437Z,2,2,0.013700440526008606,0.0020867171697318554,0.9842128157615662
gue_splice_reconstructed_lora__evo2_1b_base__20260515T200437Z,1,1,9.29960806388408e-05,0.9905293583869934,0.009377633221447468
gue_splice_reconstructed_lora__evo2_1b_base__20260515T200437Z,1,1,4.269448618288152e-05,0.9932695031166077,0.006687697023153305
gue_splice_reconstructed_lora__evo2_1b_base__20260515T200437Z,2,2,0.24359455704689026,0.007911037653684616,0.7484943866729736
gue_splice_reconstructed_lora__evo2_1b_base__20260515T200437Z,2,2,0.005928377620875835,0.010609840042889118,0.9834617376327515
gue_splice_reconstructed_lora__evo2_1b_base__20260515T200437Z,0,0,0.984602689743042,5.498303289641626e-05,0.0153423510491848
gue_splice_reconstructed_lora__evo2_1b_base__20260515T200437Z,2,2,0.003576780902221799,0.00371200661174953,0.9927111864089966
gue_splice_reconstructed_lora__evo2_1b_base__20260515T200437Z,1,1,3.0349698135978542e-05,0.9957226514816284,0.004246917087584734
gue_splice_reconstructed_lora__evo2_1b_base__20260515T200437Z,2,2,0.0030591459944844246,0.005275416653603315,0.9916654229164124
gue_splice_reconstructed_lora__evo2_1b_base__20260515T200437Z,2,2,0.01578274555504322,0.003951722756028175,0.9802655577659607
gue_splice_reconstructed_lora__evo2_1b_base__20260515T200437Z,2,0,0.9266594648361206,4.6749810280743986e-05,0.07329384982585907
gue_splice_reconstructed_lora__evo2_1b_base__20260515T200437Z,2,2,0.0016299547860398889,0.0015522789908573031,0.9968177080154419
gue_splice_reconstructed_lora__evo2_1b_base__20260515T200437Z,2,2,0.002884021494537592,0.002895309356972575,0.9942207336425781
gue_splice_reconstructed_lora__evo2_1b_base__20260515T200437Z,2,2,0.011265371926128864,0.00249286531470716,0.9862418174743652
gue_splice_reconstructed_lora__evo2_1b_base__20260515T200437Z,2,2,0.021862579509615898,0.005804332904517651,0.9723330736160278
gue_splice_reconstructed_lora__evo2_1b_base__20260515T200437Z,2,2,0.0034375961404293776,0.0035053968895226717,0.9930570125579834
gue_splice_reconstructed_lora__evo2_1b_base__20260515T200437Z,0,0,0.9864792227745056,1.482668722019298e-05,0.013505900278687477
gue_splice_reconstructed_lora__evo2_1b_base__20260515T200437Z,2,2,0.1438131183385849,0.0023290670942515135,0.8538578152656555
gue_splice_reconstructed_lora__evo2_1b_base__20260515T200437Z,2,2,0.0031808004714548588,0.005218708422034979,0.991600513458252
gue_splice_reconstructed_lora__evo2_1b_base__20260515T200437Z,2,2,0.05038943514227867,0.002307215239852667,0.9473033547401428
gue_splice_reconstructed_lora__evo2_1b_base__20260515T200437Z,2,2,0.012285958044230938,0.0016602897085249424,0.9860537648200989
gue_splice_reconstructed_lora__evo2_1b_base__20260515T200437Z,1,1,4.1999013774329796e-05,0.9963609576225281,0.0035969498567283154
gue_splice_reconstructed_lora__evo2_1b_base__20260515T200437Z,2,2,0.002581133972853422,0.003799797035753727,0.9936190247535706
gue_splice_reconstructed_lora__evo2_1b_base__20260515T200437Z,1,1,3.7595233152387664e-05,0.9949730634689331,0.004989349748939276
gue_splice_reconstructed_lora__evo2_1b_base__20260515T200437Z,1,1,0.00030962194432504475,0.9672642350196838,0.03242611140012741
gue_splice_reconstructed_lora__evo2_1b_base__20260515T200437Z,0,0,0.9928105473518372,2.660106838447973e-05,0.007162787951529026
gue_splice_reconstructed_lora__evo2_1b_base__20260515T200437Z,1,1,9.558005694998428e-05,0.9828831553459167,0.01702120713889599
gue_splice_reconstructed_lora__evo2_1b_base__20260515T200437Z,1,1,5.118070839671418e-05,0.994865357875824,0.005083479452878237
gue_splice_reconstructed_lora__evo2_1b_base__20260515T200437Z,2,2,0.0022562521044164896,0.005823765881359577,0.991919994354248
gue_splice_reconstructed_lora__evo2_1b_base__20260515T200437Z,2,2,0.0020339107140898705,0.002391856163740158,0.9955742359161377
gue_splice_reconstructed_lora__evo2_1b_base__20260515T200437Z,2,2,0.007168728858232498,0.004037031903862953,0.9887942671775818
gue_splice_reconstructed_lora__evo2_1b_base__20260515T200437Z,2,2,0.0021705094259232283,0.0036527111660689116,0.9941767454147339
gue_splice_reconstructed_lora__evo2_1b_base__20260515T200437Z,2,2,0.06795036047697067,0.00325304944999516,0.9287965297698975
gue_splice_reconstructed_lora__evo2_1b_base__20260515T200437Z,0,0,0.9884420037269592,3.9140843000495806e-05,0.0115188118070364
gue_splice_reconstructed_lora__evo2_1b_base__20260515T200437Z,0,0,0.8903945088386536,0.00010142724931938574,0.10950404405593872
gue_splice_reconstructed_lora__evo2_1b_base__20260515T200437Z,2,2,0.014526122249662876,0.008037770166993141,0.9774361252784729
gue_splice_reconstructed_lora__evo2_1b_base__20260515T200437Z,1,1,0.0001473566226195544,0.9937707781791687,0.006081887520849705
gue_splice_reconstructed_lora__evo2_1b_base__20260515T200437Z,0,0,0.9834113717079163,6.80782541166991e-05,0.01652049459517002
gue_splice_reconstructed_lora__evo2_1b_base__20260515T200437Z,2,2,0.013026395812630653,0.0019542472437024117,0.985019326210022
gue_splice_reconstructed_lora__evo2_1b_base__20260515T200437Z,2,2,0.0019123603124171495,0.0035832419525831938,0.9945043921470642
gue_splice_reconstructed_lora__evo2_1b_base__20260515T200437Z,2,2,0.016452673822641373,0.0022583811078220606,0.9812889099121094
gue_splice_reconstructed_lora__evo2_1b_base__20260515T200437Z,1,1,0.0003842303704004735,0.8972607254981995,0.10235509276390076
gue_splice_reconstructed_lora__evo2_1b_base__20260515T200437Z,2,2,0.007853500545024872,0.0029461244121193886,0.9892003536224365
gue_splice_reconstructed_lora__evo2_1b_base__20260515T200437Z,0,0,0.9858237504959106,5.232544572209008e-05,0.014123952947556973
gue_splice_reconstructed_lora__evo2_1b_base__20260515T200437Z,1,1,0.0001425534428562969,0.9880286455154419,0.011828841641545296
gue_splice_reconstructed_lora__evo2_1b_base__20260515T200437Z,2,2,0.00766358245164156,0.0041666170582175255,0.98816978931427
gue_splice_reconstructed_lora__evo2_1b_base__20260515T200437Z,1,1,4.322264067013748e-05,0.9938416481018066,0.006115077994763851
gue_splice_reconstructed_lora__evo2_1b_base__20260515T200437Z,2,2,0.2991484999656677,0.0025881417095661163,0.6982633471488953
gue_splice_reconstructed_lora__evo2_1b_base__20260515T200437Z,2,2,0.002129484200850129,0.0032470757141709328,0.9946234226226807
gue_splice_reconstructed_lora__evo2_1b_base__20260515T200437Z,2,2,0.0025161292869597673,0.005919136106967926,0.9915647506713867
gue_splice_reconstructed_lora__evo2_1b_base__20260515T200437Z,0,0,0.9934294819831848,2.7142637918586843e-05,0.006543406751006842
gue_splice_reconstructed_lora__evo2_1b_base__20260515T200437Z,2,2,0.00424435269087553,0.01438653189688921,0.981369137763977
gue_splice_reconstructed_lora__evo2_1b_base__20260515T200437Z,0,0,0.9867480993270874,6.171225686557591e-05,0.013190190307796001
gue_splice_reconstructed_lora__evo2_1b_base__20260515T200437Z,1,1,7.386185461655259e-05,0.986774206161499,0.013151952065527439
gue_splice_reconstructed_lora__evo2_1b_base__20260515T200437Z,1,1,0.00011258988524787128,0.9903197884559631,0.009567571803927422
gue_splice_reconstructed_lora__evo2_1b_base__20260515T200437Z,1,1,4.9577749450691044e-05,0.9942979216575623,0.005652596242725849
gue_splice_reconstructed_lora__evo2_1b_base__20260515T200437Z,2,2,0.004212198778986931,0.0016738611739128828,0.9941139817237854
gue_splice_reconstructed_lora__evo2_1b_base__20260515T200437Z,0,0,0.9836394190788269,6.862811278551817e-05,0.016291989013552666
gue_splice_reconstructed_lora__evo2_1b_base__20260515T200437Z,0,0,0.9823905229568481,6.747833685949445e-05,0.017542004585266113
gue_splice_reconstructed_lora__evo2_1b_base__20260515T200437Z,1,2,0.0028879293240606785,0.24781642854213715,0.7492955923080444
gue_splice_reconstructed_lora__evo2_1b_base__20260515T200437Z,1,1,7.474639278370887e-05,0.9869574308395386,0.012967854738235474
gue_splice_reconstructed_lora__evo2_1b_base__20260515T200437Z,2,2,0.004336357116699219,0.004702476784586906,0.9909611344337463
gue_splice_reconstructed_lora__evo2_1b_base__20260515T200437Z,0,0,0.9885849356651306,5.105666059534997e-05,0.011364043690264225
gue_splice_reconstructed_lora__evo2_1b_base__20260515T200437Z,2,2,0.0039541590958833694,0.00941171869635582,0.9866341352462769
gue_splice_reconstructed_lora__evo2_1b_base__20260515T200437Z,1,2,0.002291162498295307,0.39329779148101807,0.6044110655784607
gue_splice_reconstructed_lora__evo2_1b_base__20260515T200437Z,2,2,0.006386436987668276,0.012825587764382362,0.980787992477417
gue_splice_reconstructed_lora__evo2_1b_base__20260515T200437Z,2,2,0.007368489634245634,0.012351954355835915,0.9802795648574829
gue_splice_reconstructed_lora__evo2_1b_base__20260515T200437Z,1,1,7.875350274844095e-05,0.9883803129196167,0.011540964245796204
gue_splice_reconstructed_lora__evo2_1b_base__20260515T200437Z,2,2,0.012956538237631321,0.003471913980320096,0.9835715293884277
gue_splice_reconstructed_lora__evo2_1b_base__20260515T200437Z,0,0,0.9912201762199402,3.2795313018141314e-05,0.008747011423110962
gue_splice_reconstructed_lora__evo2_1b_base__20260515T200437Z,2,2,0.0018040603026747704,0.005338799674063921,0.9928570985794067
gue_splice_reconstructed_lora__evo2_1b_base__20260515T200437Z,2,2,0.002816942986100912,0.003057762747630477,0.994125247001648
gue_splice_reconstructed_lora__evo2_1b_base__20260515T200437Z,1,1,8.987395267467946e-05,0.9915274977684021,0.008382745087146759
gue_splice_reconstructed_lora__evo2_1b_base__20260515T200437Z,2,2,0.00513917300850153,0.003963496536016464,0.9908973574638367
gue_splice_reconstructed_lora__evo2_1b_base__20260515T200437Z,2,2,0.004961384925991297,0.005159024149179459,0.9898796081542969
gue_splice_reconstructed_lora__evo2_1b_base__20260515T200437Z,2,2,0.0035455038305372,0.004706211853772402,0.9917483329772949
gue_splice_reconstructed_lora__evo2_1b_base__20260515T200437Z,2,2,0.016018781810998917,0.01683679409325123,0.9671443700790405
gue_splice_reconstructed_lora__evo2_1b_base__20260515T200437Z,2,2,0.002103848848491907,0.007539346814155579,0.9903567433357239
gue_splice_reconstructed_lora__evo2_1b_base__20260515T200437Z,2,2,0.011355162598192692,0.0017966475570574403,0.9868481755256653
gue_splice_reconstructed_lora__evo2_1b_base__20260515T200437Z,2,2,0.001598360133357346,0.0016267047030851245,0.9967749714851379
gue_splice_reconstructed_lora__evo2_1b_base__20260515T200437Z,2,2,0.0022359713912010193,0.005113194230943918,0.9926508069038391
gue_splice_reconstructed_lora__evo2_1b_base__20260515T200437Z,1,2,0.001924564247019589,0.006950956303626299,0.9911244511604309
gue_splice_reconstructed_lora__evo2_1b_base__20260515T200437Z,2,2,0.001269505126401782,0.0018381220288574696,0.9968923926353455
gue_splice_reconstructed_lora__evo2_1b_base__20260515T200437Z,0,0,0.993668258190155,8.280027032014914e-06,0.006323510315269232
gue_splice_reconstructed_lora__evo2_1b_base__20260515T200437Z,2,2,0.012521808966994286,0.00912543572485447,0.9783527851104736
gue_splice_reconstructed_lora__evo2_1b_base__20260515T200437Z,2,2,0.03342675045132637,0.005549468565732241,0.96102374792099
gue_splice_reconstructed_lora__evo2_1b_base__20260515T200437Z,2,2,0.0030748252756893635,0.0030928950291126966,0.9938322305679321
gue_splice_reconstructed_lora__evo2_1b_base__20260515T200437Z,1,1,0.00016415117715951055,0.9731444120407104,0.026691390201449394
gue_splice_reconstructed_lora__evo2_1b_base__20260515T200437Z,0,0,0.9889442920684814,4.542723763734102e-05,0.01101034414023161
gue_splice_reconstructed_lora__evo2_1b_base__20260515T200437Z,2,2,0.011693950742483139,0.001838544150814414,0.9864675402641296
gue_splice_reconstructed_lora__evo2_1b_base__20260515T200437Z,2,2,0.02419182099401951,0.0037905038334429264,0.9720177054405212
gue_splice_reconstructed_lora__evo2_1b_base__20260515T200437Z,1,1,0.0008880096720531583,0.8849437832832336,0.11416817456483841
gue_splice_reconstructed_lora__evo2_1b_base__20260515T200437Z,0,0,0.9935474991798401,2.241697075078264e-05,0.006430155131965876
gue_splice_reconstructed_lora__evo2_1b_base__20260515T200437Z,0,0,0.9904066920280457,3.42071070917882e-05,0.00955907255411148
gue_splice_reconstructed_lora__evo2_1b_base__20260515T200437Z,2,2,0.011583095416426659,0.006038644816726446,0.9823783040046692
gue_splice_reconstructed_lora__evo2_1b_base__20260515T200437Z,0,0,0.9905176758766174,4.0468112274538726e-05,0.009441846050322056
gue_splice_reconstructed_lora__evo2_1b_base__20260515T200437Z,1,2,0.004479797091335058,0.02626224420964718,0.9692580103874207
gue_splice_reconstructed_lora__evo2_1b_base__20260515T200437Z,2,2,0.002768073696643114,0.0040000854060053825,0.9932318925857544
gue_splice_reconstructed_lora__evo2_1b_base__20260515T200437Z,2,2,0.0018653478473424911,0.0031330350320786238,0.9950016140937805
gue_splice_reconstructed_lora__evo2_1b_base__20260515T200437Z,2,2,0.003565284889191389,0.005947450641542673,0.990487277507782
gue_splice_reconstructed_lora__evo2_1b_base__20260515T200437Z,2,2,0.0016223632264882326,0.002319393679499626,0.9960582256317139
gue_splice_reconstructed_lora__evo2_1b_base__20260515T200437Z,2,2,0.0018970960518345237,0.0037987055256962776,0.9943041205406189
gue_splice_reconstructed_lora__evo2_1b_base__20260515T200437Z,2,2,0.0011343412334099412,0.0032156973611563444,0.9956499934196472
gue_splice_reconstructed_lora__evo2_1b_base__20260515T200437Z,2,2,0.0030024058651179075,0.004529206547886133,0.9924684166908264
gue_splice_reconstructed_lora__evo2_1b_base__20260515T200437Z,1,1,4.866988456342369e-05,0.9953420162200928,0.00460934778675437
gue_splice_reconstructed_lora__evo2_1b_base__20260515T200437Z,1,1,0.00027834289357997477,0.9383710026741028,0.061350688338279724
gue_splice_reconstructed_lora__evo2_1b_base__20260515T200437Z,1,1,0.0001923295494634658,0.9695631265640259,0.030244559049606323
gue_splice_reconstructed_lora__evo2_1b_base__20260515T200437Z,2,2,0.0012823259457945824,0.0034891285467892885,0.9952285289764404
gue_splice_reconstructed_lora__evo2_1b_base__20260515T200437Z,0,0,0.9897379279136658,5.356932888389565e-05,0.010208507999777794
gue_splice_reconstructed_lora__evo2_1b_base__20260515T200437Z,2,2,0.002812805352732539,0.003552248701453209,0.9936349391937256
gue_splice_reconstructed_lora__evo2_1b_base__20260515T200437Z,2,2,0.003963276278227568,0.005194388329982758,0.990842342376709
gue_splice_reconstructed_lora__evo2_1b_base__20260515T200437Z,2,2,0.00205815932713449,0.00417794706299901,0.9937638640403748
gue_splice_reconstructed_lora__evo2_1b_base__20260515T200437Z,0,0,0.9845024943351746,6.657501216977835e-05,0.015430942177772522
gue_splice_reconstructed_lora__evo2_1b_base__20260515T200437Z,2,2,0.006709708832204342,0.0052306316792964935,0.9880596995353699
gue_splice_reconstructed_lora__evo2_1b_base__20260515T200437Z,1,1,0.00011524806177476421,0.9863576889038086,0.013527126982808113
gue_splice_reconstructed_lora__evo2_1b_base__20260515T200437Z,1,1,9.022936137625948e-05,0.9838512539863586,0.016058532521128654
gue_splice_reconstructed_lora__evo2_1b_base__20260515T200437Z,0,0,0.9924494028091431,1.3741649127041455e-05,0.007536854594945908
gue_splice_reconstructed_lora__evo2_1b_base__20260515T200437Z,2,2,0.003423528280109167,0.0037125779781490564,0.9928638935089111
gue_splice_reconstructed_lora__evo2_1b_base__20260515T200437Z,1,1,0.000131054621306248,0.9859840273857117,0.01388497743755579
gue_splice_reconstructed_lora__evo2_1b_base__20260515T200437Z,2,2,0.0019207103177905083,0.003126767696812749,0.9949525594711304
gue_splice_reconstructed_lora__evo2_1b_base__20260515T200437Z,2,2,0.0023342748172581196,0.0030178276356309652,0.9946479201316833
gue_splice_reconstructed_lora__evo2_1b_base__20260515T200437Z,0,0,0.9715647101402283,2.6963272830471396e-05,0.028408298268914223
gue_splice_reconstructed_lora__evo2_1b_base__20260515T200437Z,2,2,0.014525607228279114,0.0028090509586036205,0.9826653003692627
gue_splice_reconstructed_lora__evo2_1b_base__20260515T200437Z,0,0,0.9903926849365234,3.434050449868664e-05,0.009572948329150677
gue_splice_reconstructed_lora__evo2_1b_base__20260515T200437Z,2,2,0.002603852655738592,0.002831981284543872,0.9945641756057739
gue_splice_reconstructed_lora__evo2_1b_base__20260515T200437Z,2,2,0.0044909194111824036,0.003712211037054658,0.9917968511581421
gue_splice_reconstructed_lora__evo2_1b_base__20260515T200437Z,2,2,0.019855467602610588,0.001723131979815662,0.9784213304519653
gue_splice_reconstructed_lora__evo2_1b_base__20260515T200437Z,2,2,0.013458739034831524,0.0025461683981120586,0.9839950799942017
gue_splice_reconstructed_lora__evo2_1b_base__20260515T200437Z,2,2,0.002966785803437233,0.002839232562109828,0.994193971157074
gue_splice_reconstructed_lora__evo2_1b_base__20260515T200437Z,0,0,0.9891391396522522,4.817801163881086e-05,0.010812703520059586
gue_splice_reconstructed_lora__evo2_1b_base__20260515T200437Z,0,0,0.9866687059402466,6.466868944698945e-05,0.013266636058688164
gue_splice_reconstructed_lora__evo2_1b_base__20260515T200437Z,0,0,0.9861782789230347,4.692109359893948e-05,0.013774802908301353
gue_splice_reconstructed_lora__evo2_1b_base__20260515T200437Z,2,2,0.004471120424568653,0.003271141555160284,0.9922577142715454
gue_splice_reconstructed_lora__evo2_1b_base__20260515T200437Z,2,2,0.002036652062088251,0.002992391586303711,0.9949709177017212
gue_splice_reconstructed_lora__evo2_1b_base__20260515T200437Z,1,1,3.9841423131292686e-05,0.9944122433662415,0.005547964014112949
gue_splice_reconstructed_lora__evo2_1b_base__20260515T200437Z,2,2,0.007322097197175026,0.018570251762866974,0.9741076827049255
gue_splice_reconstructed_lora__evo2_1b_base__20260515T200437Z,0,0,0.9923682808876038,2.7113641408504918e-05,0.00760462274774909
gue_splice_reconstructed_lora__evo2_1b_base__20260515T200437Z,0,0,0.9799321293830872,8.442500256933272e-05,0.01998346671462059
gue_splice_reconstructed_lora__evo2_1b_base__20260515T200437Z,0,0,0.985072672367096,4.989125227439217e-05,0.014877415262162685
gue_splice_reconstructed_lora__evo2_1b_base__20260515T200437Z,2,2,0.030993901193141937,0.0018670175923034549,0.9671390056610107
gue_splice_reconstructed_lora__evo2_1b_base__20260515T200437Z,2,2,0.008546718396246433,0.03117114119231701,0.9602821469306946
gue_splice_reconstructed_lora__evo2_1b_base__20260515T200437Z,2,2,0.0018766343127936125,0.0029494783375412226,0.9951738715171814
gue_splice_reconstructed_lora__evo2_1b_base__20260515T200437Z,0,0,0.9905107617378235,3.831416688626632e-05,0.009451005607843399
gue_splice_reconstructed_lora__evo2_1b_base__20260515T200437Z,0,0,0.9908231496810913,4.048059054184705e-05,0.009136311709880829
gue_splice_reconstructed_lora__evo2_1b_base__20260515T200437Z,2,2,0.004011510871350765,0.0028334970120340586,0.9931550025939941
gue_splice_reconstructed_lora__evo2_1b_base__20260515T200437Z,2,2,0.0036322935484349728,0.001938538858667016,0.9944292306900024
gue_splice_reconstructed_lora__evo2_1b_base__20260515T200437Z,2,2,0.004918701946735382,0.006020637229084969,0.989060640335083
gue_splice_reconstructed_lora__evo2_1b_base__20260515T200437Z,2,2,0.006615832913666964,0.0038065810222178698,0.9895776510238647
gue_splice_reconstructed_lora__evo2_1b_base__20260515T200437Z,0,0,0.992213785648346,2.8970776838832535e-05,0.007757190614938736
gue_splice_reconstructed_lora__evo2_1b_base__20260515T200437Z,2,2,0.01346585527062416,0.007770639844238758,0.9787635207176208
gue_splice_reconstructed_lora__evo2_1b_base__20260515T200437Z,2,2,0.009938309900462627,0.003670408856123686,0.9863913059234619
gue_splice_reconstructed_lora__evo2_1b_base__20260515T200437Z,2,2,0.004484649281948805,0.004135488998144865,0.9913798570632935
gue_splice_reconstructed_lora__evo2_1b_base__20260515T200437Z,2,2,0.0055421339347958565,0.006170633714646101,0.9882872700691223
gue_splice_reconstructed_lora__evo2_1b_base__20260515T200437Z,2,2,0.004653929732739925,0.002085435204207897,0.9932606816291809
gue_splice_reconstructed_lora__evo2_1b_base__20260515T200437Z,0,0,0.9933176040649414,2.5395880584255792e-05,0.006657068617641926
gue_splice_reconstructed_lora__evo2_1b_base__20260515T200437Z,2,0,0.9656482934951782,2.6280735255568288e-05,0.03432539850473404
gue_splice_reconstructed_lora__evo2_1b_base__20260515T200437Z,1,1,3.7964837247272953e-05,0.993049144744873,0.0069127874448895454
gue_splice_reconstructed_lora__evo2_1b_base__20260515T200437Z,2,2,0.009043526835739613,0.0022621306125074625,0.9886943697929382
gue_splice_reconstructed_lora__evo2_1b_base__20260515T200437Z,0,0,0.9908560514450073,1.8533981346990913e-05,0.00912546832114458
gue_splice_reconstructed_lora__evo2_1b_base__20260515T200437Z,0,0,0.9918481111526489,4.132169851800427e-05,0.008110612630844116
gue_splice_reconstructed_lora__evo2_1b_base__20260515T200437Z,1,1,4.752008317154832e-05,0.9948738217353821,0.00507856160402298
gue_splice_reconstructed_lora__evo2_1b_base__20260515T200437Z,2,2,0.20013219118118286,0.002121457364410162,0.7977463603019714
gue_splice_reconstructed_lora__evo2_1b_base__20260515T200437Z,0,0,0.9868365526199341,5.554000017582439e-05,0.01310790330171585
gue_splice_reconstructed_lora__evo2_1b_base__20260515T200437Z,2,2,0.0028349801432341337,0.009295541793107986,0.9878694415092468
gue_splice_reconstructed_lora__evo2_1b_base__20260515T200437Z,2,2,0.002567681949585676,0.003183073364198208,0.9942492246627808
gue_splice_reconstructed_lora__evo2_1b_base__20260515T200437Z,0,0,0.9851117730140686,6.0892147303093225e-05,0.014827239327132702
gue_splice_reconstructed_lora__evo2_1b_base__20260515T200437Z,1,1,0.00010842566553037614,0.991682767868042,0.008208857849240303
gue_splice_reconstructed_lora__evo2_1b_base__20260515T200437Z,2,2,0.007421317044645548,0.00237431307323277,0.9902043342590332
gue_splice_reconstructed_lora__evo2_1b_base__20260515T200437Z,0,0,0.9850521087646484,2.7124839107273147e-05,0.014920755289494991
gue_splice_reconstructed_lora__evo2_1b_base__20260515T200437Z,1,1,7.73350620875135e-05,0.9935949444770813,0.006327676586806774
gue_splice_reconstructed_lora__evo2_1b_base__20260515T200437Z,1,1,4.909173367195763e-05,0.9961562752723694,0.0037946479860693216
gue_splice_reconstructed_lora__evo2_1b_base__20260515T200437Z,2,2,0.005084147676825523,0.020355159416794777,0.9745606780052185
gue_splice_reconstructed_lora__evo2_1b_base__20260515T200437Z,2,2,0.010816125199198723,0.0031079635955393314,0.9860759377479553
gue_splice_reconstructed_lora__evo2_1b_base__20260515T200437Z,2,0,0.9752434492111206,6.620700150961056e-05,0.024690473452210426
gue_splice_reconstructed_lora__evo2_1b_base__20260515T200437Z,1,1,8.17631880636327e-05,0.9868414402008057,0.013076802715659142
gue_splice_reconstructed_lora__evo2_1b_base__20260515T200437Z,2,2,0.01046944409608841,0.0028371410444378853,0.9866934418678284
gue_splice_reconstructed_lora__evo2_1b_base__20260515T200437Z,2,2,0.00147756258957088,0.002205125754699111,0.9963172674179077
gue_splice_reconstructed_lora__evo2_1b_base__20260515T200437Z,2,2,0.009702403098344803,0.0015916264383122325,0.9887059926986694
gue_splice_reconstructed_lora__evo2_1b_base__20260515T200437Z,2,2,0.006595298647880554,0.004004159476608038,0.9894005656242371
gue_splice_reconstructed_lora__evo2_1b_base__20260515T200437Z,2,2,0.0040284413844347,0.0034829224459826946,0.9924886226654053
gue_splice_reconstructed_lora__evo2_1b_base__20260515T200437Z,2,2,0.01280609704554081,0.014568003825843334,0.9726259708404541
gue_splice_reconstructed_lora__evo2_1b_base__20260515T200437Z,2,2,0.004501121584326029,0.007256268057972193,0.9882425665855408
gue_splice_reconstructed_lora__evo2_1b_base__20260515T200437Z,2,2,0.01269511878490448,0.0026493731420487165,0.984655499458313
gue_splice_reconstructed_lora__evo2_1b_base__20260515T200437Z,2,2,0.004931836389005184,0.003366506192833185,0.9917016625404358
gue_splice_reconstructed_lora__evo2_1b_base__20260515T200437Z,2,2,0.004513661377131939,0.018901430070400238,0.9765849709510803
gue_splice_reconstructed_lora__evo2_1b_base__20260515T200437Z,1,1,0.00012056634295731783,0.9807829260826111,0.01909656450152397
gue_splice_reconstructed_lora__evo2_1b_base__20260515T200437Z,2,2,0.2189650684595108,0.002458753064274788,0.7785761952400208
gue_splice_reconstructed_lora__evo2_1b_base__20260515T200437Z,2,2,0.0018025421304628253,0.006175830028951168,0.9920216202735901
gue_splice_reconstructed_lora__evo2_1b_base__20260515T200437Z,2,2,0.004800849128514528,0.005011631175875664,0.9901874661445618
gue_splice_reconstructed_lora__evo2_1b_base__20260515T200437Z,0,0,0.995109498500824,1.7147596736322157e-05,0.004873249679803848
gue_splice_reconstructed_lora__evo2_1b_base__20260515T200437Z,0,0,0.9929290413856506,2.5286975869676098e-05,0.007045696955174208
gue_splice_reconstructed_lora__evo2_1b_base__20260515T200437Z,1,1,3.1378531275549904e-05,0.9939132332801819,0.006055349018424749
gue_splice_reconstructed_lora__evo2_1b_base__20260515T200437Z,1,1,3.118632594123483e-05,0.9955726861953735,0.00439606886357069
gue_splice_reconstructed_lora__evo2_1b_base__20260515T200437Z,1,1,4.539086148724891e-05,0.9959024786949158,0.004052179399877787
gue_splice_reconstructed_lora__evo2_1b_base__20260515T200437Z,2,2,0.006076559890061617,0.00441110972315073,0.9895123839378357
gue_splice_reconstructed_lora__evo2_1b_base__20260515T200437Z,2,2,0.03523098677396774,0.014402397908270359,0.9503666758537292
gue_splice_reconstructed_lora__evo2_1b_base__20260515T200437Z,1,1,7.318617281271145e-05,0.9931446313858032,0.006782216485589743
gue_splice_reconstructed_lora__evo2_1b_base__20260515T200437Z,2,2,0.008892474696040154,0.0036175295244902372,0.9874899983406067
gue_splice_reconstructed_lora__evo2_1b_base__20260515T200437Z,2,2,0.001713382895104587,0.006212451495230198,0.9920741319656372
gue_splice_reconstructed_lora__evo2_1b_base__20260515T200437Z,2,2,0.0020290743559598923,0.004764036275446415,0.9932069182395935
gue_splice_reconstructed_lora__evo2_1b_base__20260515T200437Z,2,2,0.00601491704583168,0.005864116828888655,0.9881209135055542
gue_splice_reconstructed_lora__evo2_1b_base__20260515T200437Z,2,2,0.002868169452995062,0.0054748146794736385,0.991657018661499
gue_splice_reconstructed_lora__evo2_1b_base__20260515T200437Z,2,2,0.012311075814068317,0.002509710378944874,0.9851792454719543
gue_splice_reconstructed_lora__evo2_1b_base__20260515T200437Z,2,2,0.011688889004290104,0.002752059604972601,0.9855591058731079
gue_splice_reconstructed_lora__evo2_1b_base__20260515T200437Z,2,2,0.006228712387382984,0.012606944888830185,0.9811643958091736
gue_splice_reconstructed_lora__evo2_1b_base__20260515T200437Z,2,0,0.9923425316810608,1.017101931211073e-05,0.007647247519344091
gue_splice_reconstructed_lora__evo2_1b_base__20260515T200437Z,2,2,0.0020771711133420467,0.0027842421550303698,0.9951385259628296
gue_splice_reconstructed_lora__evo2_1b_base__20260515T200437Z,0,0,0.9883242845535278,5.370217695599422e-05,0.011621951125562191
gue_splice_reconstructed_lora__evo2_1b_base__20260515T200437Z,1,1,5.3281928558135405e-05,0.9960320591926575,0.003914615139365196
gue_splice_reconstructed_lora__evo2_1b_base__20260515T200437Z,2,2,0.0038343234919011593,0.0022918162867426872,0.9938738346099854
gue_splice_reconstructed_lora__evo2_1b_base__20260515T200437Z,1,1,8.237967267632484e-05,0.9904056191444397,0.009511919692158699
gue_splice_reconstructed_lora__evo2_1b_base__20260515T200437Z,1,1,3.557002855814062e-05,0.9942904710769653,0.005673984531313181
gue_splice_reconstructed_lora__evo2_1b_base__20260515T200437Z,2,2,0.003985363058745861,0.001594583853147924,0.9944199919700623
gue_splice_reconstructed_lora__evo2_1b_base__20260515T200437Z,2,2,0.005000913981348276,0.0040301368571817875,0.9909690022468567
gue_splice_reconstructed_lora__evo2_1b_base__20260515T200437Z,2,2,0.002943863160908222,0.00280631217174232,0.9942498207092285
gue_splice_reconstructed_lora__evo2_1b_base__20260515T200437Z,2,2,0.01334789115935564,0.002627072622999549,0.9840250611305237
gue_splice_reconstructed_lora__evo2_1b_base__20260515T200437Z,2,2,0.10848115384578705,0.007285548839718103,0.884233295917511
gue_splice_reconstructed_lora__evo2_1b_base__20260515T200437Z,0,0,0.9916941523551941,3.046398160222452e-05,0.008275356143712997
gue_splice_reconstructed_lora__evo2_1b_base__20260515T200437Z,0,0,0.9873563051223755,3.745344656636007e-05,0.01260622963309288
gue_splice_reconstructed_lora__evo2_1b_base__20260515T200437Z,2,2,0.014894653111696243,0.0008156394469551742,0.9842897057533264
gue_splice_reconstructed_lora__evo2_1b_base__20260515T200437Z,2,2,0.01692122034728527,0.0039394814521074295,0.9791393280029297
gue_splice_reconstructed_lora__evo2_1b_base__20260515T200437Z,1,1,0.00010808601655298844,0.9770590662956238,0.022832829505205154
gue_splice_reconstructed_lora__evo2_1b_base__20260515T200437Z,2,2,0.19358991086483002,0.003610363695770502,0.8027997612953186
gue_splice_reconstructed_lora__evo2_1b_base__20260515T200437Z,0,0,0.9906011819839478,4.110885492991656e-05,0.009357728995382786
gue_splice_reconstructed_lora__evo2_1b_base__20260515T200437Z,1,1,8.076536323642358e-05,0.9940243363380432,0.0058948323130607605
gue_splice_reconstructed_lora__evo2_1b_base__20260515T200437Z,0,0,0.9873629808425903,3.687303251354024e-05,0.012600159272551537
gue_splice_reconstructed_lora__evo2_1b_base__20260515T200437Z,0,2,0.010196065530180931,0.004164074547588825,0.9856398105621338
gue_splice_reconstructed_lora__evo2_1b_base__20260515T200437Z,0,0,0.9661487936973572,4.040857311338186e-05,0.033810749650001526
gue_splice_reconstructed_lora__evo2_1b_base__20260515T200437Z,0,0,0.9839972257614136,9.024274913826957e-05,0.015912601724267006
gue_splice_reconstructed_lora__evo2_1b_base__20260515T200437Z,0,0,0.9938754439353943,2.12309696507873e-05,0.006103353574872017
gue_splice_reconstructed_lora__evo2_1b_base__20260515T200437Z,2,2,0.006883884314447641,0.006750737316906452,0.9863653182983398
gue_splice_reconstructed_lora__evo2_1b_base__20260515T200437Z,0,0,0.9879313111305237,4.737316703540273e-05,0.012021270580589771
gue_splice_reconstructed_lora__evo2_1b_base__20260515T200437Z,2,2,0.0032878166530281305,0.0032846075482666492,0.9934276342391968
gue_splice_reconstructed_lora__evo2_1b_base__20260515T200437Z,2,1,6.71281450195238e-05,0.992682158946991,0.007250708062201738
gue_splice_reconstructed_lora__evo2_1b_base__20260515T200437Z,2,2,0.004654593300074339,0.0038814693689346313,0.9914639592170715
gue_splice_reconstructed_lora__evo2_1b_base__20260515T200437Z,0,0,0.9877852201461792,6.838104309281334e-05,0.012146338820457458
gue_splice_reconstructed_lora__evo2_1b_base__20260515T200437Z,2,2,0.0016713534714654088,0.005704029463231564,0.9926245808601379
gue_splice_reconstructed_lora__evo2_1b_base__20260515T200437Z,0,0,0.9884629845619202,4.0384165913565084e-05,0.011496580205857754
gue_splice_reconstructed_lora__evo2_1b_base__20260515T200437Z,2,2,0.0472213551402092,0.007548510562628508,0.9452300667762756
gue_splice_reconstructed_lora__evo2_1b_base__20260515T200437Z,2,2,0.011207597330212593,0.003287177998572588,0.9855052828788757
gue_splice_reconstructed_lora__evo2_1b_base__20260515T200437Z,2,2,0.028804324567317963,0.0027791543398052454,0.9684165120124817
gue_splice_reconstructed_lora__evo2_1b_base__20260515T200437Z,2,2,0.03547149524092674,0.003225294640287757,0.9613032341003418
gue_splice_reconstructed_lora__evo2_1b_base__20260515T200437Z,2,2,0.0023597031831741333,0.0038715426344424486,0.9937688112258911
gue_splice_reconstructed_lora__evo2_1b_base__20260515T200437Z,2,2,0.0015528695657849312,0.0012502052122727036,0.9971969127655029
gue_splice_reconstructed_lora__evo2_1b_base__20260515T200437Z,2,1,0.0002929809270426631,0.9224560856819153,0.07725096493959427
gue_splice_reconstructed_lora__evo2_1b_base__20260515T200437Z,0,0,0.9618145823478699,0.0002674885909073055,0.03791789710521698
gue_splice_reconstructed_lora__evo2_1b_base__20260515T200437Z,2,2,0.0031120709609240294,0.003706518327817321,0.9931814074516296
gue_splice_reconstructed_lora__evo2_1b_base__20260515T200437Z,1,1,5.9568366850726306e-05,0.990410327911377,0.009530051611363888
gue_splice_reconstructed_lora__evo2_1b_base__20260515T200437Z,2,2,0.007167177274823189,0.0023200344294309616,0.9905127882957458
gue_splice_reconstructed_lora__evo2_1b_base__20260515T200437Z,2,2,0.004248490557074547,0.0028163192328065634,0.9929351210594177
gue_splice_reconstructed_lora__evo2_1b_base__20260515T200437Z,2,2,0.0026604814920574427,0.0027449342887848616,0.9945946335792542
gue_splice_reconstructed_lora__evo2_1b_base__20260515T200437Z,2,2,0.006616691593080759,0.010419689118862152,0.9829636812210083
gue_splice_reconstructed_lora__evo2_1b_base__20260515T200437Z,1,1,7.546352571807802e-05,0.9925417900085449,0.007382750045508146
gue_splice_reconstructed_lora__evo2_1b_base__20260515T200437Z,0,0,0.9911025762557983,3.104629649897106e-05,0.008866367861628532
gue_splice_reconstructed_lora__evo2_1b_base__20260515T200437Z,0,0,0.986845850944519,5.8892081142403185e-05,0.013095231726765633
gue_splice_reconstructed_lora__evo2_1b_base__20260515T200437Z,2,2,0.011464952491223812,0.0023099915124475956,0.9862250089645386
gue_splice_reconstructed_lora__evo2_1b_base__20260515T200437Z,2,0,0.9830232262611389,5.4680822358932346e-05,0.016922110691666603
gue_splice_reconstructed_lora__evo2_1b_base__20260515T200437Z,2,2,0.002826269483193755,0.006552050821483135,0.9906216859817505
gue_splice_reconstructed_lora__evo2_1b_base__20260515T200437Z,2,2,0.0017408279236406088,0.003980904817581177,0.9942781925201416
gue_splice_reconstructed_lora__evo2_1b_base__20260515T200437Z,1,1,7.031854329397902e-05,0.9883743524551392,0.011555343866348267
gue_splice_reconstructed_lora__evo2_1b_base__20260515T200437Z,2,2,0.009142819792032242,0.003916947636753321,0.9869402050971985
gue_splice_reconstructed_lora__evo2_1b_base__20260515T200437Z,2,2,0.09108125418424606,0.0019646736327558756,0.9069541096687317
gue_splice_reconstructed_lora__evo2_1b_base__20260515T200437Z,2,2,0.007239750120788813,0.023947782814502716,0.9688124656677246
gue_splice_reconstructed_lora__evo2_1b_base__20260515T200437Z,2,2,0.0585467666387558,0.0032225330360233784,0.9382306933403015
gue_splice_reconstructed_lora__evo2_1b_base__20260515T200437Z,1,1,6.120563921285793e-05,0.990183413028717,0.009755303151905537
gue_splice_reconstructed_lora__evo2_1b_base__20260515T200437Z,2,2,0.004745331592857838,0.09271900355815887,0.9025356769561768
gue_splice_reconstructed_lora__evo2_1b_base__20260515T200437Z,2,2,0.011157062835991383,0.002016040263697505,0.9868268966674805
gue_splice_reconstructed_lora__evo2_1b_base__20260515T200437Z,0,0,0.9843623638153076,4.985527993994765e-05,0.01558776292949915
gue_splice_reconstructed_lora__evo2_1b_base__20260515T200437Z,2,2,0.0028553486336022615,0.006056590937077999,0.9910880327224731
gue_splice_reconstructed_lora__evo2_1b_base__20260515T200437Z,2,2,0.013395586051046848,0.033643633127212524,0.9529607892036438
gue_splice_reconstructed_lora__evo2_1b_base__20260515T200437Z,2,2,0.002285516355186701,0.004634940065443516,0.9930794835090637
gue_splice_reconstructed_lora__evo2_1b_base__20260515T200437Z,1,2,0.06530395895242691,0.015871133655309677,0.9188249111175537
gue_splice_reconstructed_lora__evo2_1b_base__20260515T200437Z,1,1,5.368427810026333e-05,0.9957436919212341,0.004202654585242271
gue_splice_reconstructed_lora__evo2_1b_base__20260515T200437Z,2,2,0.003907821141183376,0.003728868905454874,0.9923633337020874
gue_splice_reconstructed_lora__evo2_1b_base__20260515T200437Z,2,2,0.0016308731865137815,0.002935876837000251,0.9954332709312439
gue_splice_reconstructed_lora__evo2_1b_base__20260515T200437Z,2,2,0.0021502142772078514,0.005244443193078041,0.9926053285598755
gue_splice_reconstructed_lora__evo2_1b_base__20260515T200437Z,0,2,0.20229433476924896,0.0007353094988502562,0.7969703674316406
gue_splice_reconstructed_lora__evo2_1b_base__20260515T200437Z,2,2,0.0035068669822067022,0.003989353310316801,0.9925037622451782
gue_splice_reconstructed_lora__evo2_1b_base__20260515T200437Z,2,2,0.007291540037840605,0.002567081479355693,0.9901413321495056
gue_splice_reconstructed_lora__evo2_1b_base__20260515T200437Z,2,2,0.0036502406001091003,0.004784113261848688,0.9915657043457031
gue_splice_reconstructed_lora__evo2_1b_base__20260515T200437Z,2,2,0.0018790415488183498,0.003614879911765456,0.9945060610771179
gue_splice_reconstructed_lora__evo2_1b_base__20260515T200437Z,1,1,0.0001760172744980082,0.9764471650123596,0.023376772180199623
gue_splice_reconstructed_lora__evo2_1b_base__20260515T200437Z,1,1,4.052238000440411e-05,0.995728075504303,0.004231416154652834
gue_splice_reconstructed_lora__evo2_1b_base__20260515T200437Z,0,0,0.9888569712638855,4.4719010475091636e-05,0.011098428629338741
gue_splice_reconstructed_lora__evo2_1b_base__20260515T200437Z,0,0,0.9949342608451843,2.0280314856790937e-05,0.005045501049607992
gue_splice_reconstructed_lora__evo2_1b_base__20260515T200437Z,2,2,0.002361901802942157,0.001971516292542219,0.99566650390625
gue_splice_reconstructed_lora__evo2_1b_base__20260515T200437Z,0,0,0.9702935814857483,8.96839119377546e-05,0.02961677312850952
gue_splice_reconstructed_lora__evo2_1b_base__20260515T200437Z,1,1,7.150493911467493e-05,0.993340790271759,0.006587702315300703
gue_splice_reconstructed_lora__evo2_1b_base__20260515T200437Z,2,1,0.0001158497398137115,0.9837912321090698,0.016092874109745026
gue_splice_reconstructed_lora__evo2_1b_base__20260515T200437Z,2,2,0.017761355265975,0.01060578878968954,0.9716328978538513
gue_splice_reconstructed_lora__evo2_1b_base__20260515T200437Z,0,0,0.9883912801742554,5.391601735027507e-05,0.011554835364222527
gue_splice_reconstructed_lora__evo2_1b_base__20260515T200437Z,2,2,0.0043980395421385765,0.003223964711651206,0.9923779964447021
gue_splice_reconstructed_lora__evo2_1b_base__20260515T200437Z,0,0,0.9846082329750061,3.4407697967253625e-05,0.015357427299022675
gue_splice_reconstructed_lora__evo2_1b_base__20260515T200437Z,0,0,0.9898797273635864,5.378669447964057e-05,0.010066414251923561
gue_splice_reconstructed_lora__evo2_1b_base__20260515T200437Z,1,1,0.00020434963516891003,0.9810659289360046,0.01872974820435047
gue_splice_reconstructed_lora__evo2_1b_base__20260515T200437Z,0,0,0.9855567812919617,5.858585427631624e-05,0.01438456866890192
gue_splice_reconstructed_lora__evo2_1b_base__20260515T200437Z,1,1,8.141127182170749e-05,0.9864396452903748,0.013479006476700306
gue_splice_reconstructed_lora__evo2_1b_base__20260515T200437Z,0,0,0.8001514077186584,0.0002857325307559222,0.19956283271312714
gue_splice_reconstructed_lora__evo2_1b_base__20260515T200437Z,2,2,0.008816475048661232,0.014997327700257301,0.9761861562728882
gue_splice_reconstructed_lora__evo2_1b_base__20260515T200437Z,0,0,0.9937930107116699,2.462631164235063e-05,0.006182328797876835
gue_splice_reconstructed_lora__evo2_1b_base__20260515T200437Z,2,2,0.0060729170218110085,0.003074600826948881,0.9908525347709656
gue_splice_reconstructed_lora__evo2_1b_base__20260515T200437Z,2,2,0.002993473317474127,0.0016759098507463932,0.9953306913375854
gue_splice_reconstructed_lora__evo2_1b_base__20260515T200437Z,2,2,0.031254347413778305,0.00201393966563046,0.9667317867279053
gue_splice_reconstructed_lora__evo2_1b_base__20260515T200437Z,0,0,0.8124849200248718,0.00010467092215549201,0.18741033971309662
gue_splice_reconstructed_lora__evo2_1b_base__20260515T200437Z,1,1,0.0004800235328730196,0.9024762511253357,0.09704374521970749
gue_splice_reconstructed_lora__evo2_1b_base__20260515T200437Z,1,1,0.00014989444753155112,0.9797841310501099,0.020065994933247566
gue_splice_reconstructed_lora__evo2_1b_base__20260515T200437Z,1,1,0.000143101773574017,0.9879623055458069,0.011894652619957924
gue_splice_reconstructed_lora__evo2_1b_base__20260515T200437Z,2,2,0.041038572788238525,0.16159898042678833,0.7973623871803284
gue_splice_reconstructed_lora__evo2_1b_base__20260515T200437Z,2,2,0.010176043957471848,0.0032334572169929743,0.9865905046463013
gue_splice_reconstructed_lora__evo2_1b_base__20260515T200437Z,2,2,0.008967146277427673,0.004928006790578365,0.9861049056053162
gue_splice_reconstructed_lora__evo2_1b_base__20260515T200437Z,0,0,0.9878315329551697,5.1217430154792964e-05,0.012117289006710052
gue_splice_reconstructed_lora__evo2_1b_base__20260515T200437Z,1,1,4.323369648773223e-05,0.9940959215164185,0.0058608162216842175
gue_splice_reconstructed_lora__evo2_1b_base__20260515T200437Z,2,2,0.006654059514403343,0.002898439532145858,0.9904475212097168
gue_splice_reconstructed_lora__evo2_1b_base__20260515T200437Z,2,2,0.0029529042076319456,0.0036321342922747135,0.9934149980545044
gue_splice_reconstructed_lora__evo2_1b_base__20260515T200437Z,2,2,0.0025250366888940334,0.0043416209518909454,0.9931333661079407
gue_splice_reconstructed_lora__evo2_1b_base__20260515T200437Z,2,1,0.0006267376011237502,0.7864572405815125,0.21291600167751312
gue_splice_reconstructed_lora__evo2_1b_base__20260515T200437Z,1,1,5.542538929148577e-05,0.9925240874290466,0.007420565001666546
gue_splice_reconstructed_lora__evo2_1b_base__20260515T200437Z,1,1,5.912314372835681e-05,0.9945953488349915,0.005345535464584827
gue_splice_reconstructed_lora__evo2_1b_base__20260515T200437Z,2,2,0.017107591032981873,0.004023920278996229,0.9788684248924255
gue_splice_reconstructed_lora__evo2_1b_base__20260515T200437Z,2,2,0.002795474138110876,0.003888719482347369,0.9933158755302429
gue_splice_reconstructed_lora__evo2_1b_base__20260515T200437Z,2,2,0.007813001051545143,0.012881459668278694,0.9793055653572083
gue_splice_reconstructed_lora__evo2_1b_base__20260515T200437Z,0,0,0.9730081558227539,2.9083732442813925e-05,0.02696271426975727
gue_splice_reconstructed_lora__evo2_1b_base__20260515T200437Z,2,2,0.0023878926876932383,0.003687621094286442,0.9939244389533997
gue_splice_reconstructed_lora__evo2_1b_base__20260515T200437Z,2,2,0.0037639569491147995,0.004269289784133434,0.9919667840003967
gue_splice_reconstructed_lora__evo2_1b_base__20260515T200437Z,2,0,0.9799975156784058,6.65297411615029e-05,0.01993606798350811
gue_splice_reconstructed_lora__evo2_1b_base__20260515T200437Z,1,1,0.0013227630406618118,0.7279771566390991,0.2707001566886902
gue_splice_reconstructed_lora__evo2_1b_base__20260515T200437Z,0,0,0.9843069314956665,5.2860788855468854e-05,0.015640251338481903
gue_splice_reconstructed_lora__evo2_1b_base__20260515T200437Z,1,1,9.030119690578431e-05,0.9923570156097412,0.00755273038521409
gue_splice_reconstructed_lora__evo2_1b_base__20260515T200437Z,1,1,6.795975787099451e-05,0.9893993139266968,0.010532812215387821
gue_splice_reconstructed_lora__evo2_1b_base__20260515T200437Z,1,1,0.00015639403136447072,0.9869539141654968,0.012889687903225422
gue_splice_reconstructed_lora__evo2_1b_base__20260515T200437Z,1,1,9.91128254099749e-05,0.98785400390625,0.01204686239361763
gue_splice_reconstructed_lora__evo2_1b_base__20260515T200437Z,0,0,0.986981213092804,4.2756924813147634e-05,0.01297608483582735
gue_splice_reconstructed_lora__evo2_1b_base__20260515T200437Z,2,2,0.01295556128025055,0.0035470454022288322,0.9834973812103271
gue_splice_reconstructed_lora__evo2_1b_base__20260515T200437Z,2,2,0.007078215479850769,0.002205614699050784,0.9907162189483643
gue_splice_reconstructed_lora__evo2_1b_base__20260515T200437Z,0,0,0.9922060370445251,3.67655411537271e-05,0.007757130078971386
gue_splice_reconstructed_lora__evo2_1b_base__20260515T200437Z,0,0,0.9934288859367371,1.8151649783249013e-05,0.006552995182573795
gue_splice_reconstructed_lora__evo2_1b_base__20260515T200437Z,2,2,0.012150146067142487,0.002645677188411355,0.9852042198181152
gue_splice_reconstructed_lora__evo2_1b_base__20260515T200437Z,1,1,4.5881050027674064e-05,0.9949295520782471,0.00502457981929183
gue_splice_reconstructed_lora__evo2_1b_base__20260515T200437Z,2,2,0.012874274514615536,0.014084500260651112,0.9730412364006042
gue_splice_reconstructed_lora__evo2_1b_base__20260515T200437Z,0,0,0.9889233708381653,4.234195512253791e-05,0.011034330353140831
gue_splice_reconstructed_lora__evo2_1b_base__20260515T200437Z,2,2,0.052002690732479095,0.004714007955044508,0.9432833194732666
gue_splice_reconstructed_lora__evo2_1b_base__20260515T200437Z,0,0,0.9218127727508545,0.000118292446131818,0.07806893438100815
gue_splice_reconstructed_lora__evo2_1b_base__20260515T200437Z,1,1,3.720660606632009e-05,0.996295154094696,0.0036676512099802494
gue_splice_reconstructed_lora__evo2_1b_base__20260515T200437Z,1,1,7.54137072362937e-05,0.991886556148529,0.00803798995912075
gue_splice_reconstructed_lora__evo2_1b_base__20260515T200437Z,0,0,0.9883313775062561,4.3659874791046605e-05,0.011624871753156185
gue_splice_reconstructed_lora__evo2_1b_base__20260515T200437Z,2,2,0.010045735165476799,0.0016255708178505301,0.9883286952972412
gue_splice_reconstructed_lora__evo2_1b_base__20260515T200437Z,0,0,0.9818161725997925,9.547630179440603e-05,0.018088266253471375
gue_splice_reconstructed_lora__evo2_1b_base__20260515T200437Z,2,1,0.0006594927399419248,0.8913170099258423,0.10802347958087921
gue_splice_reconstructed_lora__evo2_1b_base__20260515T200437Z,2,2,0.006316377315670252,0.004522936884313822,0.9891607165336609
gue_splice_reconstructed_lora__evo2_1b_base__20260515T200437Z,2,2,0.009511375799775124,0.008865579031407833,0.9816230535507202
gue_splice_reconstructed_lora__evo2_1b_base__20260515T200437Z,2,2,0.0062051503919065,0.0019185151904821396,0.9918763637542725
gue_splice_reconstructed_lora__evo2_1b_base__20260515T200437Z,2,2,0.0033527377527207136,0.002226871205493808,0.9944203495979309
gue_splice_reconstructed_lora__evo2_1b_base__20260515T200437Z,2,2,0.13869674503803253,0.005854735616594553,0.8554484844207764
gue_splice_reconstructed_lora__evo2_1b_base__20260515T200437Z,0,0,0.9911852478981018,3.1661271350458264e-05,0.00878308154642582
gue_splice_reconstructed_lora__evo2_1b_base__20260515T200437Z,1,1,4.46993944933638e-05,0.9961754083633423,0.003779926337301731
gue_splice_reconstructed_lora__evo2_1b_base__20260515T200437Z,2,2,0.00492318719625473,0.005114308092743158,0.9899625182151794
gue_splice_reconstructed_lora__evo2_1b_base__20260515T200437Z,1,1,0.000119135802378878,0.9882603883743286,0.01162048988044262
gue_splice_reconstructed_lora__evo2_1b_base__20260515T200437Z,1,1,0.00010566477430984378,0.9854922890663147,0.014402075670659542
gue_splice_reconstructed_lora__evo2_1b_base__20260515T200437Z,2,2,0.009289709851145744,0.005386982578784227,0.9853233098983765
gue_splice_reconstructed_lora__evo2_1b_base__20260515T200437Z,2,2,0.004681095480918884,0.036408476531505585,0.9589104652404785
gue_splice_reconstructed_lora__evo2_1b_base__20260515T200437Z,0,0,0.9923908114433289,2.8526712412713096e-05,0.007580697536468506
gue_splice_reconstructed_lora__evo2_1b_base__20260515T200437Z,2,2,0.00828359741717577,0.018234943971037865,0.9734815359115601
gue_splice_reconstructed_lora__evo2_1b_base__20260515T200437Z,2,2,0.002042291685938835,0.004121515434235334,0.9938362240791321
gue_splice_reconstructed_lora__evo2_1b_base__20260515T200437Z,0,0,0.9939234852790833,2.4725941329961643e-05,0.006051716394722462
gue_splice_reconstructed_lora__evo2_1b_base__20260515T200437Z,2,2,0.003795865224674344,0.007482921238988638,0.9887211918830872
gue_splice_reconstructed_lora__evo2_1b_base__20260515T200437Z,2,2,0.03243613988161087,0.004007665440440178,0.963556170463562
gue_splice_reconstructed_lora__evo2_1b_base__20260515T200437Z,2,2,0.013289744965732098,0.01126785110682249,0.9754424691200256
gue_splice_reconstructed_lora__evo2_1b_base__20260515T200437Z,2,2,0.0016548153944313526,0.24037614464759827,0.757969081401825
gue_splice_reconstructed_lora__evo2_1b_base__20260515T200437Z,2,2,0.01989656314253807,0.001809122390113771,0.9782943725585938
gue_splice_reconstructed_lora__evo2_1b_base__20260515T200437Z,0,0,0.9868278503417969,4.5153301471145824e-05,0.013127002865076065
gue_splice_reconstructed_lora__evo2_1b_base__20260515T200437Z,2,2,0.016571326181292534,0.00275451154448092,0.980674147605896
gue_splice_reconstructed_lora__evo2_1b_base__20260515T200437Z,1,1,4.001074921688996e-05,0.9947452545166016,0.005214849021285772
gue_splice_reconstructed_lora__evo2_1b_base__20260515T200437Z,1,1,5.322983633959666e-05,0.9950582981109619,0.004888489376753569
gue_splice_reconstructed_lora__evo2_1b_base__20260515T200437Z,2,2,0.006424025632441044,0.005086787510663271,0.9884892106056213
gue_splice_reconstructed_lora__evo2_1b_base__20260515T200437Z,1,1,0.00013075285824015737,0.9837137460708618,0.016155574470758438
gue_splice_reconstructed_lora__evo2_1b_base__20260515T200437Z,2,2,0.0015906987246125937,0.002529547782614827,0.9958797693252563
gue_splice_reconstructed_lora__evo2_1b_base__20260515T200437Z,2,2,0.011817543767392635,0.005305817816406488,0.9828765988349915
gue_splice_reconstructed_lora__evo2_1b_base__20260515T200437Z,0,0,0.9856165647506714,4.011087730759755e-05,0.01434335671365261
gue_splice_reconstructed_lora__evo2_1b_base__20260515T200437Z,0,0,0.9946348667144775,2.0038012735312805e-05,0.005345094949007034
gue_splice_reconstructed_lora__evo2_1b_base__20260515T200437Z,2,2,0.002199810463935137,0.001941325725056231,0.9958588480949402
gue_splice_reconstructed_lora__evo2_1b_base__20260515T200437Z,2,2,0.0035048876889050007,0.00261225295253098,0.9938828945159912
gue_splice_reconstructed_lora__evo2_1b_base__20260515T200437Z,2,2,0.014513250440359116,0.005094630178064108,0.9803921580314636
gue_splice_reconstructed_lora__evo2_1b_base__20260515T200437Z,0,0,0.9240103960037231,0.00014219248259905726,0.07584739476442337
gue_splice_reconstructed_lora__evo2_1b_base__20260515T200437Z,1,1,2.9408911359496415e-05,0.9954849481582642,0.0044856625609099865
gue_splice_reconstructed_lora__evo2_1b_base__20260515T200437Z,2,2,0.011046823114156723,0.014735049568116665,0.9742180705070496
gue_splice_reconstructed_lora__evo2_1b_base__20260515T200437Z,2,2,0.002916165394708514,0.004464025143533945,0.9926198124885559
gue_splice_reconstructed_lora__evo2_1b_base__20260515T200437Z,2,2,0.002327987225726247,0.0037639648653566837,0.9939080476760864
gue_splice_reconstructed_lora__evo2_1b_base__20260515T200437Z,2,2,0.011595568619668484,0.0030456336680799723,0.9853588342666626
gue_splice_reconstructed_lora__evo2_1b_base__20260515T200437Z,2,2,0.003291273955255747,0.01574017107486725,0.9809685349464417
gue_splice_reconstructed_lora__evo2_1b_base__20260515T200437Z,0,0,0.9534397721290588,5.4932919738348573e-05,0.0465053990483284
gue_splice_reconstructed_lora__evo2_1b_base__20260515T200437Z,2,2,0.006670661270618439,0.006211670581251383,0.9871177077293396
gue_splice_reconstructed_lora__evo2_1b_base__20260515T200437Z,2,2,0.001894770422950387,0.0030785207636654377,0.9950266480445862
gue_splice_reconstructed_lora__evo2_1b_base__20260515T200437Z,2,2,0.021193869411945343,0.00486720772460103,0.9739389419555664
gue_splice_reconstructed_lora__evo2_1b_base__20260515T200437Z,0,0,0.9944849610328674,2.191834573750384e-05,0.005493109580129385
gue_splice_reconstructed_lora__evo2_1b_base__20260515T200437Z,1,1,0.0002355914912186563,0.9693343639373779,0.03042997047305107
gue_splice_reconstructed_lora__evo2_1b_base__20260515T200437Z,2,2,0.008907560259103775,0.0038573723286390305,0.9872350096702576
gue_splice_reconstructed_lora__evo2_1b_base__20260515T200437Z,1,1,7.139738590922207e-05,0.9918465614318848,0.00808194000273943
gue_splice_reconstructed_lora__evo2_1b_base__20260515T200437Z,2,2,0.003978770226240158,0.006150416564196348,0.9898708462715149
gue_splice_reconstructed_lora__evo2_1b_base__20260515T200437Z,2,2,0.009687863290309906,0.019342023879289627,0.970970094203949
gue_splice_reconstructed_lora__evo2_1b_base__20260515T200437Z,2,2,0.04285605251789093,0.007127079647034407,0.9500168561935425
gue_splice_reconstructed_lora__evo2_1b_base__20260515T200437Z,2,2,0.004137918818742037,0.001960349502041936,0.9939017295837402
gue_splice_reconstructed_lora__evo2_1b_base__20260515T200437Z,2,2,0.002635736484080553,0.010093947872519493,0.9872703552246094
gue_splice_reconstructed_lora__evo2_1b_base__20260515T200437Z,2,2,0.003682550508528948,0.0047284881584346294,0.9915890097618103
gue_splice_reconstructed_lora__evo2_1b_base__20260515T200437Z,2,2,0.014524377882480621,0.00337321893312037,0.9821023941040039
gue_splice_reconstructed_lora__evo2_1b_base__20260515T200437Z,2,2,0.0009020323632284999,0.004086289554834366,0.9950116872787476
gue_splice_reconstructed_lora__evo2_1b_base__20260515T200437Z,1,1,7.506802649004385e-05,0.995083749294281,0.004841106478124857
gue_splice_reconstructed_lora__evo2_1b_base__20260515T200437Z,2,2,0.015923138707876205,0.0023085528519004583,0.9817682504653931
gue_splice_reconstructed_lora__evo2_1b_base__20260515T200437Z,2,2,0.0020183222368359566,0.0022892931010574102,0.9956924319267273
gue_splice_reconstructed_lora__evo2_1b_base__20260515T200437Z,2,2,0.004956311080604792,0.010031596757471561,0.9850120544433594
gue_splice_reconstructed_lora__evo2_1b_base__20260515T200437Z,2,2,0.002312653698027134,0.004523536190390587,0.9931637644767761
gue_splice_reconstructed_lora__evo2_1b_base__20260515T200437Z,0,0,0.9928816556930542,2.639594822539948e-05,0.007091955281794071
gue_splice_reconstructed_lora__evo2_1b_base__20260515T200437Z,2,2,0.0026704694610089064,0.0028931109700351954,0.9944363832473755
gue_splice_reconstructed_lora__evo2_1b_base__20260515T200437Z,1,1,0.0001741859596222639,0.973866879940033,0.025959011167287827
gue_splice_reconstructed_lora__evo2_1b_base__20260515T200437Z,2,2,0.004059491213411093,0.002615890232846141,0.9933246970176697
gue_splice_reconstructed_lora__evo2_1b_base__20260515T200437Z,2,2,0.004032965749502182,0.003333665430545807,0.9926334023475647
gue_splice_reconstructed_lora__evo2_1b_base__20260515T200437Z,1,2,0.00933397188782692,0.03857506066560745,0.9520909786224365
gue_splice_reconstructed_lora__evo2_1b_base__20260515T200437Z,2,2,0.0010022660717368126,0.004085879307240248,0.9949118494987488
gue_splice_reconstructed_lora__evo2_1b_base__20260515T200437Z,2,2,0.008244406431913376,0.0028050176333636045,0.9889505505561829
gue_splice_reconstructed_lora__evo2_1b_base__20260515T200437Z,0,2,0.057468727231025696,0.005359145347028971,0.9371721148490906
gue_splice_reconstructed_lora__evo2_1b_base__20260515T200437Z,2,2,0.017939051613211632,0.005487153772264719,0.9765738248825073
gue_splice_reconstructed_lora__evo2_1b_base__20260515T200437Z,0,0,0.9755326509475708,4.5339395001064986e-05,0.02442198246717453
gue_splice_reconstructed_lora__evo2_1b_base__20260515T200437Z,1,1,3.718979860423133e-05,0.9958451390266418,0.004117764998227358
gue_splice_reconstructed_lora__evo2_1b_base__20260515T200437Z,2,2,0.0017735036090016365,0.002935457043349743,0.995290994644165
gue_splice_reconstructed_lora__evo2_1b_base__20260515T200437Z,2,2,0.0036467660684138536,0.008629347197711468,0.9877239465713501
gue_splice_reconstructed_lora__evo2_1b_base__20260515T200437Z,2,2,0.07558464258909225,0.006271564867347479,0.9181438088417053
gue_splice_reconstructed_lora__evo2_1b_base__20260515T200437Z,2,2,0.003375725820660591,0.0031774004455655813,0.9934468865394592
gue_splice_reconstructed_lora__evo2_1b_base__20260515T200437Z,1,2,0.01380106806755066,0.016777832061052322,0.9694210886955261
gue_splice_reconstructed_lora__evo2_1b_base__20260515T200437Z,1,1,1.843446989369113e-05,0.9971532821655273,0.002828283468261361
gue_splice_reconstructed_lora__evo2_1b_base__20260515T200437Z,2,2,0.006371866911649704,0.0035430165007710457,0.9900851249694824
gue_splice_reconstructed_lora__evo2_1b_base__20260515T200437Z,1,1,2.8757207473972812e-05,0.9965090155601501,0.003462201450020075
gue_splice_reconstructed_lora__evo2_1b_base__20260515T200437Z,0,0,0.9932055473327637,2.1804802599945106e-05,0.006772704888135195
gue_splice_reconstructed_lora__evo2_1b_base__20260515T200437Z,1,1,4.3565079977270216e-05,0.9939202070236206,0.006036202888935804
gue_splice_reconstructed_lora__evo2_1b_base__20260515T200437Z,2,2,0.001773639116436243,0.002859287429600954,0.9953670501708984
gue_splice_reconstructed_lora__evo2_1b_base__20260515T200437Z,0,0,0.9781304597854614,2.6413285013404675e-05,0.02184310182929039
gue_splice_reconstructed_lora__evo2_1b_base__20260515T200437Z,0,0,0.9908382296562195,3.422201189096086e-05,0.009127533063292503
gue_splice_reconstructed_lora__evo2_1b_base__20260515T200437Z,2,2,0.019090455025434494,0.012217868119478226,0.9686916470527649
gue_splice_reconstructed_lora__evo2_1b_base__20260515T200437Z,2,2,0.006246019154787064,0.010823816992342472,0.9829301238059998
gue_splice_reconstructed_lora__evo2_1b_base__20260515T200437Z,2,2,0.0054054660722613335,0.005890542175620794,0.9887040257453918
gue_splice_reconstructed_lora__evo2_1b_base__20260515T200437Z,2,2,0.002928993431851268,0.003001381875947118,0.9940696954727173
gue_splice_reconstructed_lora__evo2_1b_base__20260515T200437Z,1,1,4.702709338744171e-05,0.9961583018302917,0.0037946554366499186
gue_splice_reconstructed_lora__evo2_1b_base__20260515T200437Z,1,1,0.00032019856735132635,0.9452225565910339,0.054457277059555054
gue_splice_reconstructed_lora__evo2_1b_base__20260515T200437Z,2,2,0.3260881304740906,0.0015474088722839952,0.6723644733428955
gue_splice_reconstructed_lora__evo2_1b_base__20260515T200437Z,1,1,6.1997830925975e-05,0.9913142323493958,0.008623789995908737
gue_splice_reconstructed_lora__evo2_1b_base__20260515T200437Z,2,2,0.0011086268350481987,0.002735850866883993,0.9961555600166321
gue_splice_reconstructed_lora__evo2_1b_base__20260515T200437Z,0,0,0.9897520542144775,5.6802749895723537e-05,0.010191221721470356
gue_splice_reconstructed_lora__evo2_1b_base__20260515T200437Z,2,2,0.048997942358255386,0.002124883234500885,0.9488770961761475
gue_splice_reconstructed_lora__evo2_1b_base__20260515T200437Z,0,0,0.9714320302009583,2.454698369547259e-05,0.02854344993829727
gue_splice_reconstructed_lora__evo2_1b_base__20260515T200437Z,2,0,0.9448007345199585,4.39110845036339e-05,0.05515534430742264
gue_splice_reconstructed_lora__evo2_1b_base__20260515T200437Z,1,2,0.0022078414913266897,0.004136892966926098,0.9936553239822388
gue_splice_reconstructed_lora__evo2_1b_base__20260515T200437Z,2,2,0.01901218481361866,0.002987670712172985,0.9780001044273376
gue_splice_reconstructed_lora__evo2_1b_base__20260515T200437Z,1,2,0.0032033210154622793,0.015575994737446308,0.9812207221984863
gue_splice_reconstructed_lora__evo2_1b_base__20260515T200437Z,2,2,0.004382948856800795,0.006644153036177158,0.9889729619026184
gue_splice_reconstructed_lora__evo2_1b_base__20260515T200437Z,0,0,0.9863609075546265,5.5513228289783e-05,0.01358363963663578
gue_splice_reconstructed_lora__evo2_1b_base__20260515T200437Z,1,2,0.007271398324519396,0.07684791088104248,0.9158806800842285
gue_splice_reconstructed_lora__evo2_1b_base__20260515T200437Z,2,2,0.001914135878905654,0.006538984831422567,0.9915469288825989
gue_splice_reconstructed_lora__evo2_1b_base__20260515T200437Z,2,2,0.005153886042535305,0.007881795056164265,0.9869642853736877
gue_splice_reconstructed_lora__evo2_1b_base__20260515T200437Z,1,2,0.007080386392772198,0.009611808694899082,0.9833078384399414
gue_splice_reconstructed_lora__evo2_1b_base__20260515T200437Z,1,1,5.8861398429144174e-05,0.9940675497055054,0.005873539950698614
gue_splice_reconstructed_lora__evo2_1b_base__20260515T200437Z,1,1,6.720474630128592e-05,0.9938149452209473,0.006117899902164936
gue_splice_reconstructed_lora__evo2_1b_base__20260515T200437Z,1,1,0.0001815210416680202,0.9740931987762451,0.025725271552801132
gue_splice_reconstructed_lora__evo2_1b_base__20260515T200437Z,0,0,0.9922742247581482,3.219519931008108e-05,0.007693535182625055
gue_splice_reconstructed_lora__evo2_1b_base__20260515T200437Z,1,1,0.00011301712947897613,0.986341655254364,0.013545289635658264
gue_splice_reconstructed_lora__evo2_1b_base__20260515T200437Z,1,1,2.112035872414708e-05,0.9964519739151001,0.003526839427649975
gue_splice_reconstructed_lora__evo2_1b_base__20260515T200437Z,1,1,3.5441244108369574e-05,0.9945679903030396,0.005396527703851461
gue_splice_reconstructed_lora__evo2_1b_base__20260515T200437Z,1,1,6.218575435923412e-05,0.9904425740242004,0.009495164267718792
gue_splice_reconstructed_lora__evo2_1b_base__20260515T200437Z,2,2,0.0027707333210855722,0.0030430553015321493,0.9941861629486084
gue_splice_reconstructed_lora__evo2_1b_base__20260515T200437Z,2,2,0.0059614600613713264,0.009905872866511345,0.9841326475143433
gue_splice_reconstructed_lora__evo2_1b_base__20260515T200437Z,1,1,6.296321225818247e-05,0.9950212240219116,0.004915833938866854
gue_splice_reconstructed_lora__evo2_1b_base__20260515T200437Z,2,2,0.004764436278492212,0.01925293356180191,0.975982666015625
gue_splice_reconstructed_lora__evo2_1b_base__20260515T200437Z,0,0,0.986738920211792,4.514923057286069e-05,0.013215853832662106
gue_splice_reconstructed_lora__evo2_1b_base__20260515T200437Z,2,2,0.0024932625237852335,0.00240008975379169,0.9951066970825195
gue_splice_reconstructed_lora__evo2_1b_base__20260515T200437Z,2,2,0.0020811266731470823,0.002830707235261798,0.9950881600379944
gue_splice_reconstructed_lora__evo2_1b_base__20260515T200437Z,2,2,0.003860458033159375,0.010042645037174225,0.9860969185829163
gue_splice_reconstructed_lora__evo2_1b_base__20260515T200437Z,2,2,0.0019177919020876288,0.002699243137612939,0.9953829646110535
gue_splice_reconstructed_lora__evo2_1b_base__20260515T200437Z,2,2,0.489471971988678,0.004036894533783197,0.5064911842346191
gue_splice_reconstructed_lora__evo2_1b_base__20260515T200437Z,2,2,0.0015413574874401093,0.0028377599082887173,0.9956209063529968
gue_splice_reconstructed_lora__evo2_1b_base__20260515T200437Z,2,2,0.0012613054132089019,0.0024646976962685585,0.9962739944458008
gue_splice_reconstructed_lora__evo2_1b_base__20260515T200437Z,2,2,0.0036556515842676163,0.010073884390294552,0.9862704873085022
gue_splice_reconstructed_lora__evo2_1b_base__20260515T200437Z,0,0,0.9858357906341553,6.411127105820924e-05,0.014100008644163609
gue_splice_reconstructed_lora__evo2_1b_base__20260515T200437Z,2,2,0.010737664066255093,0.004586749244481325,0.9846755862236023
gue_splice_reconstructed_lora__evo2_1b_base__20260515T200437Z,2,2,0.005213330499827862,0.0032401930075138807,0.9915464520454407
gue_splice_reconstructed_lora__evo2_1b_base__20260515T200437Z,1,1,6.387921894202009e-05,0.9938463568687439,0.006089779548346996
gue_splice_reconstructed_lora__evo2_1b_base__20260515T200437Z,0,0,0.9901902675628662,2.1235035092104226e-05,0.009788398630917072
gue_splice_reconstructed_lora__evo2_1b_base__20260515T200437Z,1,1,4.1259332647314295e-05,0.9942272901535034,0.0057314010336995125
gue_splice_reconstructed_lora__evo2_1b_base__20260515T200437Z,2,2,0.001903392025269568,0.0024392351042479277,0.9956574440002441
gue_splice_reconstructed_lora__evo2_1b_base__20260515T200437Z,2,2,0.004703248851001263,0.00514034740626812,0.9901564121246338
gue_splice_reconstructed_lora__evo2_1b_base__20260515T200437Z,2,2,0.005048838444054127,0.00227124965749681,0.9926799535751343
gue_splice_reconstructed_lora__evo2_1b_base__20260515T200437Z,1,2,0.007087166886776686,0.0038457070477306843,0.9890671372413635
gue_splice_reconstructed_lora__evo2_1b_base__20260515T200437Z,1,1,0.0019015762954950333,0.8864408731460571,0.11165760457515717
gue_splice_reconstructed_lora__evo2_1b_base__20260515T200437Z,2,2,0.005716068670153618,0.013071439228951931,0.9812124371528625
gue_splice_reconstructed_lora__evo2_1b_base__20260515T200437Z,1,1,7.242142601171508e-05,0.9943513870239258,0.005576140712946653
gue_splice_reconstructed_lora__evo2_1b_base__20260515T200437Z,1,1,0.00020601801224984229,0.9661638140678406,0.03363015875220299
gue_splice_reconstructed_lora__evo2_1b_base__20260515T200437Z,2,2,0.0030172106344252825,0.005447479896247387,0.9915353059768677
gue_splice_reconstructed_lora__evo2_1b_base__20260515T200437Z,2,2,0.009741201996803284,0.0024342669639736414,0.987824559211731
gue_splice_reconstructed_lora__evo2_1b_base__20260515T200437Z,0,0,0.9871914386749268,5.8912708482239395e-05,0.012749586254358292
gue_splice_reconstructed_lora__evo2_1b_base__20260515T200437Z,0,0,0.992270827293396,2.6276866265106946e-05,0.007702905684709549
gue_splice_reconstructed_lora__evo2_1b_base__20260515T200437Z,2,2,0.005427513271570206,0.0018358300440013409,0.9927366971969604
gue_splice_reconstructed_lora__evo2_1b_base__20260515T200437Z,2,2,0.0014432737370952964,0.0022817025892436504,0.9962750673294067
gue_splice_reconstructed_lora__evo2_1b_base__20260515T200437Z,0,0,0.9923514723777771,2.3556342057418078e-05,0.0076249442063272
gue_splice_reconstructed_lora__evo2_1b_base__20260515T200437Z,2,2,0.0028196745552122593,0.005002129357308149,0.9921782612800598
gue_splice_reconstructed_lora__evo2_1b_base__20260515T200437Z,2,0,0.9433028101921082,0.00010273395309923217,0.05659443885087967
gue_splice_reconstructed_lora__evo2_1b_base__20260515T200437Z,1,1,0.00023374464944936335,0.9692785739898682,0.030487706884741783
gue_splice_reconstructed_lora__evo2_1b_base__20260515T200437Z,2,2,0.006405192892998457,0.0051116542890667915,0.9884831309318542
gue_splice_reconstructed_lora__evo2_1b_base__20260515T200437Z,1,1,4.0070226532407105e-05,0.9962239265441895,0.003736071055755019
gue_splice_reconstructed_lora__evo2_1b_base__20260515T200437Z,2,2,0.0038184316363185644,0.1132928878068924,0.882888674736023
gue_splice_reconstructed_lora__evo2_1b_base__20260515T200437Z,2,2,0.010871956124901772,0.010465674102306366,0.9786623120307922
gue_splice_reconstructed_lora__evo2_1b_base__20260515T200437Z,1,1,0.00011589561472646892,0.9841808080673218,0.015703288838267326
gue_splice_reconstructed_lora__evo2_1b_base__20260515T200437Z,1,1,4.792298932443373e-05,0.9955012202262878,0.0044508278369903564
gue_splice_reconstructed_lora__evo2_1b_base__20260515T200437Z,2,2,0.004644693341106176,0.006965705193579197,0.9883896112442017
gue_splice_reconstructed_lora__evo2_1b_base__20260515T200437Z,0,0,0.8984456062316895,0.000159134462592192,0.10139517486095428
gue_splice_reconstructed_lora__evo2_1b_base__20260515T200437Z,0,0,0.9909781217575073,3.020508484041784e-05,0.008991681970655918
gue_splice_reconstructed_lora__evo2_1b_base__20260515T200437Z,1,1,0.00013632357877213508,0.9824883341789246,0.01737537980079651
gue_splice_reconstructed_lora__evo2_1b_base__20260515T200437Z,2,2,0.003258449723944068,0.003495806362479925,0.9932457804679871
gue_splice_reconstructed_lora__evo2_1b_base__20260515T200437Z,2,2,0.005619416944682598,0.007847636006772518,0.9865329265594482
gue_splice_reconstructed_lora__evo2_1b_base__20260515T200437Z,0,0,0.9913320541381836,2.6149655241169967e-05,0.008641861379146576
gue_splice_reconstructed_lora__evo2_1b_base__20260515T200437Z,1,1,0.00013693916844204068,0.9869248867034912,0.012938175350427628
gue_splice_reconstructed_lora__evo2_1b_base__20260515T200437Z,1,1,6.640859646722674e-05,0.9897438883781433,0.0101896608248353
gue_splice_reconstructed_lora__evo2_1b_base__20260515T200437Z,0,0,0.9923911690711975,2.07081811822718e-05,0.007588108070194721
gue_splice_reconstructed_lora__evo2_1b_base__20260515T200437Z,1,1,0.00017362035578116775,0.9821469187736511,0.017679519951343536
gue_splice_reconstructed_lora__evo2_1b_base__20260515T200437Z,0,0,0.9870102405548096,3.862880475935526e-05,0.012951146811246872
gue_splice_reconstructed_lora__evo2_1b_base__20260515T200437Z,2,2,0.010972249321639538,0.005187986884266138,0.9838396906852722
gue_splice_reconstructed_lora__evo2_1b_base__20260515T200437Z,0,0,0.9917138814926147,3.0823692213743925e-05,0.008255341090261936
gue_splice_reconstructed_lora__evo2_1b_base__20260515T200437Z,2,2,0.00165817781817168,0.0038780351169407368,0.9944637417793274
gue_splice_reconstructed_lora__evo2_1b_base__20260515T200437Z,1,1,5.0031951104756445e-05,0.9917170405387878,0.008232975378632545
gue_splice_reconstructed_lora__evo2_1b_base__20260515T200437Z,0,2,0.007383977994322777,0.016968246549367905,0.9756478071212769
gue_splice_reconstructed_lora__evo2_1b_base__20260515T200437Z,2,2,0.003553610760718584,0.00243046204559505,0.9940159320831299
gue_splice_reconstructed_lora__evo2_1b_base__20260515T200437Z,2,2,0.013525708578526974,0.0019192901672795415,0.9845550656318665
gue_splice_reconstructed_lora__evo2_1b_base__20260515T200437Z,1,1,8.591385267209262e-05,0.9855955839157104,0.014318560250103474
gue_splice_reconstructed_lora__evo2_1b_base__20260515T200437Z,0,0,0.9880180358886719,5.0236274546477944e-05,0.011931680142879486
gue_splice_reconstructed_lora__evo2_1b_base__20260515T200437Z,2,2,0.0032791756093502045,0.1137472465634346,0.8829735517501831
gue_splice_reconstructed_lora__evo2_1b_base__20260515T200437Z,2,2,0.010058826766908169,0.002255413681268692,0.9876857995986938
gue_splice_reconstructed_lora__evo2_1b_base__20260515T200437Z,1,1,0.00010778834985103458,0.9858537912368774,0.01403843704611063
gue_splice_reconstructed_lora__evo2_1b_base__20260515T200437Z,2,2,0.003577830735594034,0.0024494179524481297,0.9939727187156677
gue_splice_reconstructed_lora__evo2_1b_base__20260515T200437Z,2,2,0.002741991775110364,0.003729602787643671,0.993528425693512
gue_splice_reconstructed_lora__evo2_1b_base__20260515T200437Z,2,2,0.0022329334169626236,0.0025851938407868147,0.9951818585395813
gue_splice_reconstructed_lora__evo2_1b_base__20260515T200437Z,0,0,0.9841977953910828,5.6483982916688547e-05,0.01574579067528248
gue_splice_reconstructed_lora__evo2_1b_base__20260515T200437Z,1,2,0.011250513605773449,0.0018829054897651076,0.9868665933609009
gue_splice_reconstructed_lora__evo2_1b_base__20260515T200437Z,2,2,0.003318866016343236,0.022824758663773537,0.9738563895225525
gue_splice_reconstructed_lora__evo2_1b_base__20260515T200437Z,2,2,0.0021161839831620455,0.001720445230603218,0.9961633682250977
gue_splice_reconstructed_lora__evo2_1b_base__20260515T200437Z,2,2,0.03977988287806511,0.004175403155386448,0.9560447335243225
gue_splice_reconstructed_lora__evo2_1b_base__20260515T200437Z,1,2,0.003526985412463546,0.07058244198560715,0.9258905053138733
gue_splice_reconstructed_lora__evo2_1b_base__20260515T200437Z,2,2,0.0014514564536511898,0.002478674054145813,0.9960699081420898
gue_splice_reconstructed_lora__evo2_1b_base__20260515T200437Z,2,2,0.017352400347590446,0.005641757510602474,0.9770057797431946
gue_splice_reconstructed_lora__evo2_1b_base__20260515T200437Z,0,0,0.9917439818382263,1.6563812096137553e-05,0.008239483460783958
gue_splice_reconstructed_lora__evo2_1b_base__20260515T200437Z,1,1,0.00010933636804111302,0.9845085144042969,0.015382137149572372
gue_splice_reconstructed_lora__evo2_1b_base__20260515T200437Z,1,1,0.00015516362327616662,0.973468542098999,0.026376329362392426
gue_splice_reconstructed_lora__evo2_1b_base__20260515T200437Z,0,0,0.9924437403678894,2.6695315682445653e-05,0.0075294547714293
gue_splice_reconstructed_lora__evo2_1b_base__20260515T200437Z,1,1,3.545129584381357e-05,0.9948499798774719,0.0051145232282578945
gue_splice_reconstructed_lora__evo2_1b_base__20260515T200437Z,2,2,0.0013691174099221826,0.004312972072511911,0.9943179488182068
gue_splice_reconstructed_lora__evo2_1b_base__20260515T200437Z,1,1,0.00034950120607391,0.9504684209823608,0.049182068556547165
gue_splice_reconstructed_lora__evo2_1b_base__20260515T200437Z,1,1,8.551005157642066e-05,0.9925264120101929,0.007388043683022261
gue_splice_reconstructed_lora__evo2_1b_base__20260515T200437Z,1,1,0.0004827330121770501,0.9218623638153076,0.07765491306781769
gue_splice_reconstructed_lora__evo2_1b_base__20260515T200437Z,2,2,0.00583695201203227,0.0038730893284082413,0.9902899861335754
gue_splice_reconstructed_lora__evo2_1b_base__20260515T200437Z,2,2,0.008472404442727566,0.006496018264442682,0.9850316047668457
gue_splice_reconstructed_lora__evo2_1b_base__20260515T200437Z,0,0,0.9916591048240662,3.3456952223787084e-05,0.008307451382279396
gue_splice_reconstructed_lora__evo2_1b_base__20260515T200437Z,2,2,0.009669989347457886,0.009726816788315773,0.9806031584739685
gue_splice_reconstructed_lora__evo2_1b_base__20260515T200437Z,2,2,0.014858786948025227,0.016081877052783966,0.9690593481063843
gue_splice_reconstructed_lora__evo2_1b_base__20260515T200437Z,1,1,0.00019349668582435697,0.9678558707237244,0.03195071220397949
gue_splice_reconstructed_lora__evo2_1b_base__20260515T200437Z,1,1,8.089139737421647e-05,0.9916941523551941,0.008225000463426113
gue_splice_reconstructed_lora__evo2_1b_base__20260515T200437Z,2,2,0.006750285159796476,0.02224166877567768,0.9710080027580261
gue_splice_reconstructed_lora__evo2_1b_base__20260515T200437Z,2,1,0.0012245865073055029,0.5436503887176514,0.45512497425079346
gue_splice_reconstructed_lora__evo2_1b_base__20260515T200437Z,0,0,0.989876925945282,2.7151427275384776e-05,0.010095919482409954
gue_splice_reconstructed_lora__evo2_1b_base__20260515T200437Z,2,2,0.008040335960686207,0.013256272301077843,0.9787034392356873
gue_splice_reconstructed_lora__evo2_1b_base__20260515T200437Z,2,2,0.009341814555227757,0.0017416153568774462,0.9889165163040161
gue_splice_reconstructed_lora__evo2_1b_base__20260515T200437Z,1,1,6.131388363428414e-05,0.9919345378875732,0.00800410844385624
gue_splice_reconstructed_lora__evo2_1b_base__20260515T200437Z,2,2,0.002208411693572998,0.0038796700537204742,0.9939119815826416
gue_splice_reconstructed_lora__evo2_1b_base__20260515T200437Z,1,1,9.513269469607621e-05,0.9936884045600891,0.0062164864502847195
gue_splice_reconstructed_lora__evo2_1b_base__20260515T200437Z,2,2,0.02680276148021221,0.00407039187848568,0.9691268801689148
gue_splice_reconstructed_lora__evo2_1b_base__20260515T200437Z,2,2,0.010516330599784851,0.0017531698103994131,0.9877304434776306
gue_splice_reconstructed_lora__evo2_1b_base__20260515T200437Z,2,2,0.00279894657433033,0.0036221060436218977,0.9935789108276367
gue_splice_reconstructed_lora__evo2_1b_base__20260515T200437Z,2,2,0.04936414211988449,0.009373132139444351,0.9412627220153809
gue_splice_reconstructed_lora__evo2_1b_base__20260515T200437Z,2,2,0.01337817870080471,0.0027688429690897465,0.9838529825210571
gue_splice_reconstructed_lora__evo2_1b_base__20260515T200437Z,2,2,0.0013141902163624763,0.002354264724999666,0.996331512928009
gue_splice_reconstructed_lora__evo2_1b_base__20260515T200437Z,1,1,4.303369132685475e-05,0.9933699369430542,0.006587091833353043
gue_splice_reconstructed_lora__evo2_1b_base__20260515T200437Z,1,1,3.0209243050194345e-05,0.9949937462806702,0.004976071882992983
gue_splice_reconstructed_lora__evo2_1b_base__20260515T200437Z,1,1,0.0005232609109953046,0.8076443672180176,0.19183236360549927
gue_splice_reconstructed_lora__evo2_1b_base__20260515T200437Z,0,0,0.9790549874305725,8.239548333222046e-05,0.020862536504864693
gue_splice_reconstructed_lora__evo2_1b_base__20260515T200437Z,1,1,3.24697612086311e-05,0.996834933757782,0.0031326832249760628
gue_splice_reconstructed_lora__evo2_1b_base__20260515T200437Z,0,0,0.9878304600715637,4.035832535009831e-05,0.01212911494076252
gue_splice_reconstructed_lora__evo2_1b_base__20260515T200437Z,2,2,0.003996585961431265,0.004609035328030586,0.9913943409919739
gue_splice_reconstructed_lora__evo2_1b_base__20260515T200437Z,1,1,0.00016710405179765075,0.9791087508201599,0.02072407491505146
gue_splice_reconstructed_lora__evo2_1b_base__20260515T200437Z,1,1,0.0009100394090637565,0.6635004281997681,0.33558955788612366
gue_splice_reconstructed_lora__evo2_1b_base__20260515T200437Z,1,1,3.7864276237087324e-05,0.994295060634613,0.005667089484632015
gue_splice_reconstructed_lora__evo2_1b_base__20260515T200437Z,1,1,8.517486276105046e-05,0.9925053119659424,0.007409562822431326
gue_splice_reconstructed_lora__evo2_1b_base__20260515T200437Z,2,2,0.011763054877519608,0.0017373586306348443,0.986499547958374
gue_splice_reconstructed_lora__evo2_1b_base__20260515T200437Z,2,2,0.001426586415618658,0.0022095402237027884,0.9963639378547668
gue_splice_reconstructed_lora__evo2_1b_base__20260515T200437Z,0,0,0.9775804281234741,2.734301051532384e-05,0.022392215207219124
gue_splice_reconstructed_lora__evo2_1b_base__20260515T200437Z,0,0,0.9896116256713867,4.320712105254643e-05,0.010345188900828362
gue_splice_reconstructed_lora__evo2_1b_base__20260515T200437Z,2,2,0.00274656992405653,0.004007961135357618,0.993245542049408
gue_splice_reconstructed_lora__evo2_1b_base__20260515T200437Z,1,1,0.00010331492376280949,0.9825810790061951,0.017315614968538284
gue_splice_reconstructed_lora__evo2_1b_base__20260515T200437Z,1,1,0.0003683691320475191,0.96528559923172,0.03434603288769722
gue_splice_reconstructed_lora__evo2_1b_base__20260515T200437Z,1,1,4.703851664089598e-05,0.9925156235694885,0.007437277585268021
gue_splice_reconstructed_lora__evo2_1b_base__20260515T200437Z,1,1,0.00011740460467990488,0.9892364144325256,0.010646115988492966
gue_splice_reconstructed_lora__evo2_1b_base__20260515T200437Z,0,0,0.9912740588188171,3.5880133509635925e-05,0.008690014481544495
gue_splice_reconstructed_lora__evo2_1b_base__20260515T200437Z,0,0,0.9900116324424744,4.272100341040641e-05,0.009945605881512165
gue_splice_reconstructed_lora__evo2_1b_base__20260515T200437Z,2,2,0.0018824508879333735,0.003751019947230816,0.994366466999054
gue_splice_reconstructed_lora__evo2_1b_base__20260515T200437Z,0,0,0.991567075252533,2.8391912564984523e-05,0.008404596708714962
gue_splice_reconstructed_lora__evo2_1b_base__20260515T200437Z,2,2,0.004040831699967384,0.003330395556986332,0.9926286935806274
gue_splice_reconstructed_lora__evo2_1b_base__20260515T200437Z,1,2,0.007604337763041258,0.012822221964597702,0.9795734882354736
gue_splice_reconstructed_lora__evo2_1b_base__20260515T200437Z,2,2,0.0036497185938060284,0.025051146745681763,0.9712990522384644
gue_splice_reconstructed_lora__evo2_1b_base__20260515T200437Z,2,2,0.0017033740878105164,0.004282281268388033,0.994014322757721
gue_splice_reconstructed_lora__evo2_1b_base__20260515T200437Z,1,1,7.462591020157561e-05,0.9892231225967407,0.010702245868742466
gue_splice_reconstructed_lora__evo2_1b_base__20260515T200437Z,1,1,6.06802168476861e-05,0.9932550191879272,0.0066843354143202305
gue_splice_reconstructed_lora__evo2_1b_base__20260515T200437Z,0,0,0.9845022559165955,6.683556421194226e-05,0.015430938452482224
gue_splice_reconstructed_lora__evo2_1b_base__20260515T200437Z,0,0,0.983391523361206,5.599851283477619e-05,0.016552459448575974
gue_splice_reconstructed_lora__evo2_1b_base__20260515T200437Z,2,2,0.014877907931804657,0.013867734931409359,0.9712543487548828
gue_splice_reconstructed_lora__evo2_1b_base__20260515T200437Z,0,2,0.030785243958234787,0.005415376741439104,0.9637993574142456
gue_splice_reconstructed_lora__evo2_1b_base__20260515T200437Z,2,2,0.020982852205634117,0.0038852295838296413,0.9751318693161011
gue_splice_reconstructed_lora__evo2_1b_base__20260515T200437Z,0,0,0.9943813681602478,1.7748168829712085e-05,0.005600867792963982
gue_splice_reconstructed_lora__evo2_1b_base__20260515T200437Z,2,2,0.00403818441554904,0.00398335000500083,0.9919784069061279
gue_splice_reconstructed_lora__evo2_1b_base__20260515T200437Z,1,1,6.1345926951617e-05,0.9924530386924744,0.007485536392778158
gue_splice_reconstructed_lora__evo2_1b_base__20260515T200437Z,0,0,0.9844643473625183,5.2457809943007305e-05,0.015483173541724682
gue_splice_reconstructed_lora__evo2_1b_base__20260515T200437Z,0,2,0.06302917003631592,0.003157634986564517,0.9338131546974182
gue_splice_reconstructed_lora__evo2_1b_base__20260515T200437Z,2,2,0.002774938242509961,0.005411884281784296,0.9918131828308105
gue_splice_reconstructed_lora__evo2_1b_base__20260515T200437Z,2,2,0.004763787612318993,0.0020811446011066437,0.9931550621986389
gue_splice_reconstructed_lora__evo2_1b_base__20260515T200437Z,2,2,0.06138965114951134,0.007973341271281242,0.9306369423866272
gue_splice_reconstructed_lora__evo2_1b_base__20260515T200437Z,2,2,0.002404881175607443,0.002447528298944235,0.9951476454734802
gue_splice_reconstructed_lora__evo2_1b_base__20260515T200437Z,0,0,0.9909021258354187,3.847932384815067e-05,0.009059298783540726
gue_splice_reconstructed_lora__evo2_1b_base__20260515T200437Z,2,2,0.017081640660762787,0.0014697955921292305,0.9814485907554626
gue_splice_reconstructed_lora__evo2_1b_base__20260515T200437Z,0,0,0.8525198101997375,0.0006307863513939083,0.1468493789434433
gue_splice_reconstructed_lora__evo2_1b_base__20260515T200437Z,2,2,0.004378101322799921,0.005811380688101053,0.989810585975647
gue_splice_reconstructed_lora__evo2_1b_base__20260515T200437Z,2,2,0.002478744136169553,0.002395452931523323,0.9951258301734924
gue_splice_reconstructed_lora__evo2_1b_base__20260515T200437Z,2,2,0.009990222752094269,0.0023315397556871176,0.9876782298088074
gue_splice_reconstructed_lora__evo2_1b_base__20260515T200437Z,2,2,0.008659121580421925,0.00214283331297338,0.9891980290412903
gue_splice_reconstructed_lora__evo2_1b_base__20260515T200437Z,2,2,0.007172063458710909,0.001639854279346764,0.9911880493164062
gue_splice_reconstructed_lora__evo2_1b_base__20260515T200437Z,0,0,0.992328941822052,3.3219017495866865e-05,0.007637812756001949
gue_splice_reconstructed_lora__evo2_1b_base__20260515T200437Z,2,2,0.0025011575780808926,0.004103625193238258,0.9933952689170837
gue_splice_reconstructed_lora__evo2_1b_base__20260515T200437Z,2,2,0.003595020854845643,0.2512931823730469,0.7451118230819702
gue_splice_reconstructed_lora__evo2_1b_base__20260515T200437Z,0,0,0.9912501573562622,3.4504755603848025e-05,0.00871530082076788
gue_splice_reconstructed_lora__evo2_1b_base__20260515T200437Z,0,0,0.9898943305015564,4.654919757740572e-05,0.010059192776679993
gue_splice_reconstructed_lora__evo2_1b_base__20260515T200437Z,2,2,0.0025155944749712944,0.004192307125777006,0.9932920932769775
gue_splice_reconstructed_lora__evo2_1b_base__20260515T200437Z,2,2,0.01570165529847145,0.11181434988975525,0.8724839687347412
gue_splice_reconstructed_lora__evo2_1b_base__20260515T200437Z,2,2,0.008531780913472176,0.006290940567851067,0.9851772785186768
gue_splice_reconstructed_lora__evo2_1b_base__20260515T200437Z,2,2,0.003436858067288995,0.004688462242484093,0.9918747544288635
gue_splice_reconstructed_lora__evo2_1b_base__20260515T200437Z,0,0,0.9939853549003601,2.1483605451066978e-05,0.00599327776581049
gue_splice_reconstructed_lora__evo2_1b_base__20260515T200437Z,1,1,0.00011538581020431593,0.987536609172821,0.012348068878054619
gue_splice_reconstructed_lora__evo2_1b_base__20260515T200437Z,2,2,0.008699084632098675,0.005271111149340868,0.9860298037528992
gue_splice_reconstructed_lora__evo2_1b_base__20260515T200437Z,1,1,3.4767268516588956e-05,0.9948976635932922,0.005067536141723394
gue_splice_reconstructed_lora__evo2_1b_base__20260515T200437Z,2,2,0.025060510262846947,0.0018529911758378148,0.9730864763259888
gue_splice_reconstructed_lora__evo2_1b_base__20260515T200437Z,0,0,0.9891002774238586,2.9220294891274534e-05,0.010870508849620819
gue_splice_reconstructed_lora__evo2_1b_base__20260515T200437Z,1,1,0.00011397218622732908,0.9907989501953125,0.009087149053812027
gue_splice_reconstructed_lora__evo2_1b_base__20260515T200437Z,1,1,0.00012363656423985958,0.990165650844574,0.009710798040032387
gue_splice_reconstructed_lora__evo2_1b_base__20260515T200437Z,0,0,0.993626594543457,2.395804585830774e-05,0.006349543575197458
gue_splice_reconstructed_lora__evo2_1b_base__20260515T200437Z,1,1,2.6684117983677424e-05,0.9959101676940918,0.004063107538968325
gue_splice_reconstructed_lora__evo2_1b_base__20260515T200437Z,2,2,0.022009627893567085,0.020858660340309143,0.9571317434310913
gue_splice_reconstructed_lora__evo2_1b_base__20260515T200437Z,2,2,0.0030573727563023567,0.003914260305464268,0.9930283427238464
gue_splice_reconstructed_lora__evo2_1b_base__20260515T200437Z,1,1,0.00011872939649038017,0.9848891496658325,0.014992221258580685
gue_splice_reconstructed_lora__evo2_1b_base__20260515T200437Z,2,2,0.002826126990839839,0.02195950783789158,0.975214421749115
gue_splice_reconstructed_lora__evo2_1b_base__20260515T200437Z,2,1,0.00011469179298728704,0.9815968871116638,0.018288463354110718
gue_splice_reconstructed_lora__evo2_1b_base__20260515T200437Z,2,2,0.000984231592155993,0.002736191265285015,0.9962795376777649
gue_splice_reconstructed_lora__evo2_1b_base__20260515T200437Z,0,0,0.9872797727584839,4.097101555089466e-05,0.0126793272793293
gue_splice_reconstructed_lora__evo2_1b_base__20260515T200437Z,2,0,0.6231037378311157,0.0004382118640933186,0.3764581084251404
gue_splice_reconstructed_lora__evo2_1b_base__20260515T200437Z,2,2,0.004883165471255779,0.004533865489065647,0.9905829429626465
gue_splice_reconstructed_lora__evo2_1b_base__20260515T200437Z,0,0,0.983633816242218,3.4508182579884306e-05,0.016331719234585762
gue_splice_reconstructed_lora__evo2_1b_base__20260515T200437Z,2,2,0.018651293590664864,0.004898854531347752,0.9764497876167297
gue_splice_reconstructed_lora__evo2_1b_base__20260515T200437Z,1,1,5.155408871360123e-05,0.9943246245384216,0.005623841192573309
gue_splice_reconstructed_lora__evo2_1b_base__20260515T200437Z,1,1,8.425449777860194e-05,0.9933536052703857,0.006562103517353535
gue_splice_reconstructed_lora__evo2_1b_base__20260515T200437Z,1,1,4.510339203989133e-05,0.9934684038162231,0.006486402824521065
gue_splice_reconstructed_lora__evo2_1b_base__20260515T200437Z,2,2,0.0015770206227898598,0.007242391351610422,0.9911805987358093
gue_splice_reconstructed_lora__evo2_1b_base__20260515T200437Z,2,2,0.002045617438852787,0.004441936034709215,0.9935124516487122
gue_splice_reconstructed_lora__evo2_1b_base__20260515T200437Z,1,1,0.0010185190476477146,0.5507705807685852,0.44821086525917053
gue_splice_reconstructed_lora__evo2_1b_base__20260515T200437Z,2,2,0.009042343124747276,0.004321649204939604,0.9866359829902649
gue_splice_reconstructed_lora__evo2_1b_base__20260515T200437Z,2,2,0.013859686441719532,0.0016067271353676915,0.9845335483551025
gue_splice_reconstructed_lora__evo2_1b_base__20260515T200437Z,0,0,0.9925342798233032,2.875460995710455e-05,0.0074369641952216625
gue_splice_reconstructed_lora__evo2_1b_base__20260515T200437Z,2,2,0.006061069201678038,0.004053344484418631,0.9898855686187744
gue_splice_reconstructed_lora__evo2_1b_base__20260515T200437Z,2,2,0.0025752633810043335,0.0021855977829545736,0.9952391386032104
gue_splice_reconstructed_lora__evo2_1b_base__20260515T200437Z,2,2,0.0023677367717027664,0.008240037597715855,0.9893921613693237
gue_splice_reconstructed_lora__evo2_1b_base__20260515T200437Z,2,2,0.004141092300415039,0.004104855470359325,0.9917540550231934
gue_splice_reconstructed_lora__evo2_1b_base__20260515T200437Z,1,1,6.168893014546484e-05,0.9902357459068298,0.009702486917376518
gue_splice_reconstructed_lora__evo2_1b_base__20260515T200437Z,2,2,0.00867492239922285,0.10645906627178192,0.8848660588264465
gue_splice_reconstructed_lora__evo2_1b_base__20260515T200437Z,2,2,0.010839113034307957,0.0038799315225332975,0.9852809309959412
gue_splice_reconstructed_lora__evo2_1b_base__20260515T200437Z,1,2,0.0027575751300901175,0.18491902947425842,0.8123233914375305
gue_splice_reconstructed_lora__evo2_1b_base__20260515T200437Z,0,0,0.9810978174209595,1.5036639524623752e-05,0.018887056037783623
gue_splice_reconstructed_lora__evo2_1b_base__20260515T200437Z,2,2,0.004330486059188843,0.003146667033433914,0.9925228953361511
gue_splice_reconstructed_lora__evo2_1b_base__20260515T200437Z,0,0,0.9911269545555115,2.6042320314445533e-05,0.008847125805914402
gue_splice_reconstructed_lora__evo2_1b_base__20260515T200437Z,0,0,0.9844725728034973,5.921124102314934e-05,0.015468189492821693
gue_splice_reconstructed_lora__evo2_1b_base__20260515T200437Z,1,1,8.863632683642209e-05,0.989400327205658,0.010510989464819431
gue_splice_reconstructed_lora__evo2_1b_base__20260515T200437Z,2,2,0.0014391684671863914,0.0031773822847753763,0.9953834414482117
gue_splice_reconstructed_lora__evo2_1b_base__20260515T200437Z,2,2,0.004487660247832537,0.0054025896824896336,0.9901097416877747
gue_splice_reconstructed_lora__evo2_1b_base__20260515T200437Z,2,2,0.10066628456115723,0.00625721225515008,0.8930765390396118
gue_splice_reconstructed_lora__evo2_1b_base__20260515T200437Z,2,2,0.004921751096844673,0.0034696541260927916,0.9916085600852966
gue_splice_reconstructed_lora__evo2_1b_base__20260515T200437Z,2,2,0.0033064023591578007,0.005424782633781433,0.9912687540054321
gue_splice_reconstructed_lora__evo2_1b_base__20260515T200437Z,1,1,0.0012455109972506762,0.5540207624435425,0.4447336494922638
gue_splice_reconstructed_lora__evo2_1b_base__20260515T200437Z,2,2,0.017323356121778488,0.0030103479512035847,0.9796662926673889
gue_splice_reconstructed_lora__evo2_1b_base__20260515T200437Z,2,2,0.004143867641687393,0.028318196535110474,0.9675379395484924
gue_splice_reconstructed_lora__evo2_1b_base__20260515T200437Z,2,2,0.016532093286514282,0.0022450359538197517,0.981222927570343
gue_splice_reconstructed_lora__evo2_1b_base__20260515T200437Z,2,2,0.002613007090985775,0.003217194229364395,0.9941698312759399
gue_splice_reconstructed_lora__evo2_1b_base__20260515T200437Z,0,0,0.9917576909065247,2.6781273845699616e-05,0.008215493522584438
gue_splice_reconstructed_lora__evo2_1b_base__20260515T200437Z,2,2,0.01238707359880209,0.0169476680457592,0.9706653356552124
gue_splice_reconstructed_lora__evo2_1b_base__20260515T200437Z,2,2,0.032826993614435196,0.00829591229557991,0.9588771462440491
gue_splice_reconstructed_lora__evo2_1b_base__20260515T200437Z,0,0,0.982517659664154,8.3010527305305e-05,0.017399247735738754
gue_splice_reconstructed_lora__evo2_1b_base__20260515T200437Z,2,2,0.0036350474692881107,0.005061570554971695,0.9913033246994019
gue_splice_reconstructed_lora__evo2_1b_base__20260515T200437Z,0,0,0.9865438342094421,7.413362618535757e-05,0.013382057659327984
gue_splice_reconstructed_lora__evo2_1b_base__20260515T200437Z,0,0,0.9923149943351746,3.2449039281345904e-05,0.0076526375487446785
gue_splice_reconstructed_lora__evo2_1b_base__20260515T200437Z,2,2,0.01209895871579647,0.0034884829074144363,0.9844126105308533
gue_splice_reconstructed_lora__evo2_1b_base__20260515T200437Z,2,2,0.001289613195694983,0.007552815601229668,0.991157591342926
gue_splice_reconstructed_lora__evo2_1b_base__20260515T200437Z,0,0,0.9948154091835022,2.192562897107564e-05,0.005162644200026989
gue_splice_reconstructed_lora__evo2_1b_base__20260515T200437Z,2,2,0.22862662374973297,0.0017068153247237206,0.7696665525436401
gue_splice_reconstructed_lora__evo2_1b_base__20260515T200437Z,2,2,0.0024061165750026703,0.007751883938908577,0.9898419976234436
gue_splice_reconstructed_lora__evo2_1b_base__20260515T200437Z,2,2,0.0027274286840111017,0.44937217235565186,0.5479004383087158
gue_splice_reconstructed_lora__evo2_1b_base__20260515T200437Z,0,0,0.9936506152153015,2.2861479010316543e-05,0.006326486822217703
gue_splice_reconstructed_lora__evo2_1b_base__20260515T200437Z,1,1,4.554419138003141e-05,0.9953708052635193,0.004583670757710934
gue_splice_reconstructed_lora__evo2_1b_base__20260515T200437Z,0,0,0.9857520461082458,6.985855725361034e-05,0.0141781996935606
gue_splice_reconstructed_lora__evo2_1b_base__20260515T200437Z,2,2,0.0038979786913841963,0.005270977504551411,0.9908310174942017
gue_splice_reconstructed_lora__evo2_1b_base__20260515T200437Z,1,1,0.00010971688607241958,0.9879348278045654,0.011955458670854568
gue_splice_reconstructed_lora__evo2_1b_base__20260515T200437Z,2,2,0.02887902222573757,0.002560657449066639,0.9685603380203247
gue_splice_reconstructed_lora__evo2_1b_base__20260515T200437Z,2,2,0.015235541388392448,0.005582991521805525,0.9791814088821411
gue_splice_reconstructed_lora__evo2_1b_base__20260515T200437Z,2,2,0.0025355143006891012,0.0021560697350651026,0.9953084588050842
gue_splice_reconstructed_lora__evo2_1b_base__20260515T200437Z,2,2,0.0017624546308070421,0.0033347667194902897,0.9949027299880981
gue_splice_reconstructed_lora__evo2_1b_base__20260515T200437Z,2,2,0.004685916006565094,0.006878154817968607,0.9884359836578369
gue_splice_reconstructed_lora__evo2_1b_base__20260515T200437Z,2,2,0.0016570024890825152,0.004584075417369604,0.9937589168548584
gue_splice_reconstructed_lora__evo2_1b_base__20260515T200437Z,2,2,0.0059738727286458015,0.024081367999315262,0.9699447751045227
gue_splice_reconstructed_lora__evo2_1b_base__20260515T200437Z,0,0,0.9861249327659607,4.028864350402728e-05,0.01383472140878439
gue_splice_reconstructed_lora__evo2_1b_base__20260515T200437Z,2,2,0.012001581490039825,0.0019260062836110592,0.9860724210739136
gue_splice_reconstructed_lora__evo2_1b_base__20260515T200437Z,2,2,0.004141274839639664,0.005996169056743383,0.9898625612258911
gue_splice_reconstructed_lora__evo2_1b_base__20260515T200437Z,1,1,0.00017590603965800256,0.9873329997062683,0.012491047382354736
gue_splice_reconstructed_lora__evo2_1b_base__20260515T200437Z,2,2,0.008904591202735901,0.018540648743510246,0.9725548028945923
gue_splice_reconstructed_lora__evo2_1b_base__20260515T200437Z,2,2,0.005214976146817207,0.004860892426222563,0.9899241328239441
gue_splice_reconstructed_lora__evo2_1b_base__20260515T200437Z,0,0,0.9918020367622375,3.0112338208709843e-05,0.00816786102950573
gue_splice_reconstructed_lora__evo2_1b_base__20260515T200437Z,2,2,0.008646666072309017,0.0016470252303406596,0.98970627784729
gue_splice_reconstructed_lora__evo2_1b_base__20260515T200437Z,2,2,0.007821795530617237,0.07027026265859604,0.921907901763916
gue_splice_reconstructed_lora__evo2_1b_base__20260515T200437Z,2,2,0.002027184469625354,0.005690934136509895,0.9922818541526794
gue_splice_reconstructed_lora__evo2_1b_base__20260515T200437Z,2,2,0.0019616044592112303,0.00350035447627306,0.9945380091667175
gue_splice_reconstructed_lora__evo2_1b_base__20260515T200437Z,2,2,0.004884715657681227,0.013847479596734047,0.9812677502632141
gue_splice_reconstructed_lora__evo2_1b_base__20260515T200437Z,0,0,0.9933688044548035,2.4045575628406368e-05,0.0066072167828679085
gue_splice_reconstructed_lora__evo2_1b_base__20260515T200437Z,2,2,0.008021309040486813,0.06484146416187286,0.9271372556686401
gue_splice_reconstructed_lora__evo2_1b_base__20260515T200437Z,2,2,0.022449782118201256,0.0055582597851753235,0.9719918966293335
gue_splice_reconstructed_lora__evo2_1b_base__20260515T200437Z,2,2,0.0035341368056833744,0.0020877812057733536,0.9943780303001404
gue_splice_reconstructed_lora__evo2_1b_base__20260515T200437Z,2,2,0.013062059879302979,0.0016301258001476526,0.9853078126907349
gue_splice_reconstructed_lora__evo2_1b_base__20260515T200437Z,0,0,0.991519033908844,2.52510671998607e-05,0.008455640636384487
gue_splice_reconstructed_lora__evo2_1b_base__20260515T200437Z,2,2,0.013866488821804523,0.002078249119222164,0.9840552806854248
gue_splice_reconstructed_lora__evo2_1b_base__20260515T200437Z,2,2,0.003534479532390833,0.003931461833417416,0.9925340414047241
gue_splice_reconstructed_lora__evo2_1b_base__20260515T200437Z,0,0,0.9900561571121216,4.140848250244744e-05,0.009902439080178738
gue_splice_reconstructed_lora__evo2_1b_base__20260515T200437Z,0,0,0.9881659746170044,3.3864118449855596e-05,0.011800197884440422
gue_splice_reconstructed_lora__evo2_1b_base__20260515T200437Z,0,0,0.9886370301246643,4.815355714526959e-05,0.011314809322357178
gue_splice_reconstructed_lora__evo2_1b_base__20260515T200437Z,2,2,0.002962126862257719,0.008275102823972702,0.9887627959251404
gue_splice_reconstructed_lora__evo2_1b_base__20260515T200437Z,0,0,0.9888306260108948,1.6972970115602948e-05,0.01115245558321476
gue_splice_reconstructed_lora__evo2_1b_base__20260515T200437Z,1,1,6.697719800285995e-05,0.9904499650001526,0.00948307104408741
gue_splice_reconstructed_lora__evo2_1b_base__20260515T200437Z,2,2,0.0017407045233994722,0.002107908483594656,0.9961513876914978
gue_splice_reconstructed_lora__evo2_1b_base__20260515T200437Z,2,2,0.0019056026358157396,0.0032257498241961002,0.9948686361312866
gue_splice_reconstructed_lora__evo2_1b_base__20260515T200437Z,2,2,0.003796654986217618,0.009206065908074379,0.9869972467422485
gue_splice_reconstructed_lora__evo2_1b_base__20260515T200437Z,2,2,0.0025773628149181604,0.0023444248363375664,0.9950782060623169
gue_splice_reconstructed_lora__evo2_1b_base__20260515T200437Z,2,2,0.009689198806881905,0.004876795690506697,0.9854339361190796
gue_splice_reconstructed_lora__evo2_1b_base__20260515T200437Z,2,2,0.002900536870583892,0.007869092747569084,0.9892303347587585
gue_splice_reconstructed_lora__evo2_1b_base__20260515T200437Z,2,2,0.02137582376599312,0.0018240857170894742,0.9768001437187195
gue_splice_reconstructed_lora__evo2_1b_base__20260515T200437Z,1,1,0.0005556860123760998,0.9438319802284241,0.05561234802007675
gue_splice_reconstructed_lora__evo2_1b_base__20260515T200437Z,1,2,0.0018485254840925336,0.29346874356269836,0.7046827077865601
gue_splice_reconstructed_lora__evo2_1b_base__20260515T200437Z,1,1,7.637782982783392e-05,0.9889929890632629,0.010930619202554226
gue_splice_reconstructed_lora__evo2_1b_base__20260515T200437Z,2,2,0.0016079758061096072,0.0034240891691297293,0.9949678778648376
gue_splice_reconstructed_lora__evo2_1b_base__20260515T200437Z,2,2,0.007112416904419661,0.006095466203987598,0.9867920875549316
gue_splice_reconstructed_lora__evo2_1b_base__20260515T200437Z,2,2,0.005131748970597982,0.11481897532939911,0.8800492286682129
gue_splice_reconstructed_lora__evo2_1b_base__20260515T200437Z,2,2,0.0019863240886479616,0.0026755027938634157,0.9953382015228271
gue_splice_reconstructed_lora__evo2_1b_base__20260515T200437Z,2,2,0.005317676812410355,0.0028519118204712868,0.9918304085731506
gue_splice_reconstructed_lora__evo2_1b_base__20260515T200437Z,0,0,0.9943979382514954,2.4259275960503146e-05,0.0055777630768716335
gue_splice_reconstructed_lora__evo2_1b_base__20260515T200437Z,2,2,0.0037248285952955484,0.00304903625510633,0.9932261109352112
gue_splice_reconstructed_lora__evo2_1b_base__20260515T200437Z,2,2,0.0011890805326402187,0.002908715745434165,0.9959022402763367
gue_splice_reconstructed_lora__evo2_1b_base__20260515T200437Z,2,2,0.001604591030627489,0.003580861259251833,0.9948145747184753
gue_splice_reconstructed_lora__evo2_1b_base__20260515T200437Z,2,2,0.003892847103998065,0.015239438973367214,0.9808676838874817
gue_splice_reconstructed_lora__evo2_1b_base__20260515T200437Z,2,2,0.002047817688435316,0.0014268175000324845,0.9965253472328186
gue_splice_reconstructed_lora__evo2_1b_base__20260515T200437Z,1,1,0.00010809607192641124,0.9886682629585266,0.0112236849963665
gue_splice_reconstructed_lora__evo2_1b_base__20260515T200437Z,2,2,0.005830900743603706,0.0020033325999975204,0.9921658039093018
gue_splice_reconstructed_lora__evo2_1b_base__20260515T200437Z,2,2,0.035165444016456604,0.0036471663042902946,0.9611873626708984
gue_splice_reconstructed_lora__evo2_1b_base__20260515T200437Z,2,2,0.004959513433277607,0.006500087212771177,0.9885404706001282
gue_splice_reconstructed_lora__evo2_1b_base__20260515T200437Z,0,0,0.9923071265220642,2.527113610995002e-05,0.007667537312954664
gue_splice_reconstructed_lora__evo2_1b_base__20260515T200437Z,2,2,0.00280864373780787,0.005026545375585556,0.9921648502349854
gue_splice_reconstructed_lora__evo2_1b_base__20260515T200437Z,2,2,0.014602127484977245,0.0018875295063480735,0.9835103750228882
gue_splice_reconstructed_lora__evo2_1b_base__20260515T200437Z,2,2,0.01687363162636757,0.0029193395748734474,0.9802070260047913
gue_splice_reconstructed_lora__evo2_1b_base__20260515T200437Z,1,1,4.273125159670599e-05,0.9941248297691345,0.005832437891513109
gue_splice_reconstructed_lora__evo2_1b_base__20260515T200437Z,1,1,3.7276338844094425e-05,0.994270920753479,0.005691910162568092
gue_splice_reconstructed_lora__evo2_1b_base__20260515T200437Z,2,2,0.007291995454579592,0.0034715100191533566,0.9892365336418152
gue_splice_reconstructed_lora__evo2_1b_base__20260515T200437Z,0,0,0.9921046495437622,3.605074743973091e-05,0.00785927101969719
gue_splice_reconstructed_lora__evo2_1b_base__20260515T200437Z,0,0,0.9874668717384338,8.149604400387034e-05,0.01245163381099701
gue_splice_reconstructed_lora__evo2_1b_base__20260515T200437Z,2,2,0.004978320561349392,0.014293145388364792,0.9807285666465759
gue_splice_reconstructed_lora__evo2_1b_base__20260515T200437Z,2,2,0.0028665177524089813,0.004110109061002731,0.9930233955383301
gue_splice_reconstructed_lora__evo2_1b_base__20260515T200437Z,2,2,0.004340161569416523,0.0028602792881429195,0.9927995204925537
gue_splice_reconstructed_lora__evo2_1b_base__20260515T200437Z,2,2,0.03990408405661583,0.005271466914564371,0.9548243880271912
gue_splice_reconstructed_lora__evo2_1b_base__20260515T200437Z,1,1,8.953094948083162e-05,0.9838924407958984,0.016018088907003403
gue_splice_reconstructed_lora__evo2_1b_base__20260515T200437Z,2,2,0.0036844757851213217,0.0032388614490628242,0.9930766820907593
gue_splice_reconstructed_lora__evo2_1b_base__20260515T200437Z,2,2,0.00419241888448596,0.0034587078262120485,0.9923489093780518
gue_splice_reconstructed_lora__evo2_1b_base__20260515T200437Z,0,0,0.9881553649902344,5.024325946578756e-05,0.011794310994446278
gue_splice_reconstructed_lora__evo2_1b_base__20260515T200437Z,0,0,0.9624729156494141,6.186269456520677e-05,0.03746519237756729
gue_splice_reconstructed_lora__evo2_1b_base__20260515T200437Z,2,2,0.014287223108112812,0.0034739880356937647,0.98223876953125
gue_splice_reconstructed_lora__evo2_1b_base__20260515T200437Z,0,0,0.9907057881355286,3.316468064440414e-05,0.00926098320633173
gue_splice_reconstructed_lora__evo2_1b_base__20260515T200437Z,0,0,0.9943608641624451,3.0190027246135287e-05,0.005608962383121252
gue_splice_reconstructed_lora__evo2_1b_base__20260515T200437Z,2,2,0.0028850173112004995,0.002550996607169509,0.9945639371871948
gue_splice_reconstructed_lora__evo2_1b_base__20260515T200437Z,0,0,0.9850741624832153,7.008375541772693e-05,0.014855660498142242
gue_splice_reconstructed_lora__evo2_1b_base__20260515T200437Z,2,2,0.3210008144378662,0.006701310630887747,0.6722978353500366
gue_splice_reconstructed_lora__evo2_1b_base__20260515T200437Z,2,2,0.00205384474247694,0.0043268101289868355,0.9936192631721497
gue_splice_reconstructed_lora__evo2_1b_base__20260515T200437Z,2,2,0.002791206818073988,0.003470322582870722,0.9937385320663452
gue_splice_reconstructed_lora__evo2_1b_base__20260515T200437Z,0,0,0.9882602691650391,1.305702517129248e-05,0.011726649478077888
gue_splice_reconstructed_lora__evo2_1b_base__20260515T200437Z,2,2,0.0018034899840131402,0.0017686074133962393,0.9964279532432556
gue_splice_reconstructed_lora__evo2_1b_base__20260515T200437Z,2,2,0.005531616974622011,0.004195921588689089,0.9902724623680115
gue_splice_reconstructed_lora__evo2_1b_base__20260515T200437Z,1,1,7.15572532499209e-05,0.9901919364929199,0.009736575186252594
gue_splice_reconstructed_lora__evo2_1b_base__20260515T200437Z,2,2,0.003062678501009941,0.0031568140257149935,0.9937805533409119
gue_splice_reconstructed_lora__evo2_1b_base__20260515T200437Z,2,2,0.002567889867350459,0.0021309354342520237,0.9953011274337769
gue_splice_reconstructed_lora__evo2_1b_base__20260515T200437Z,2,2,0.008060943335294724,0.0015818777028471231,0.9903572201728821
gue_splice_reconstructed_lora__evo2_1b_base__20260515T200437Z,1,1,7.216898666229099e-05,0.9947634935379028,0.005164265166968107
gue_splice_reconstructed_lora__evo2_1b_base__20260515T200437Z,2,2,0.004456395749002695,0.061013828963041306,0.934529721736908
gue_splice_reconstructed_lora__evo2_1b_base__20260515T200437Z,2,2,0.00557496165856719,0.0031920659821480513,0.9912329316139221
gue_splice_reconstructed_lora__evo2_1b_base__20260515T200437Z,1,1,0.00015313683252315968,0.9893163442611694,0.010530644096434116
gue_splice_reconstructed_lora__evo2_1b_base__20260515T200437Z,2,2,0.005097696091979742,0.0013868443202227354,0.9935154914855957
gue_splice_reconstructed_lora__evo2_1b_base__20260515T200437Z,2,2,0.10632403194904327,0.0008237730944529176,0.8928521871566772
gue_splice_reconstructed_lora__evo2_1b_base__20260515T200437Z,1,1,2.5438608645345084e-05,0.9949888586997986,0.0049857753328979015
gue_splice_reconstructed_lora__evo2_1b_base__20260515T200437Z,2,2,0.005070498678833246,0.002847070572897792,0.9920824766159058
gue_splice_reconstructed_lora__evo2_1b_base__20260515T200437Z,0,2,0.03558256849646568,0.0012803695863112807,0.9631370902061462
gue_splice_reconstructed_lora__evo2_1b_base__20260515T200437Z,1,1,5.645604323945008e-05,0.9914262294769287,0.008517262525856495
gue_splice_reconstructed_lora__evo2_1b_base__20260515T200437Z,1,1,0.00013628197484649718,0.9783594012260437,0.0215042382478714
gue_splice_reconstructed_lora__evo2_1b_base__20260515T200437Z,2,2,0.00288943643681705,0.002966636326164007,0.9941439032554626
gue_splice_reconstructed_lora__evo2_1b_base__20260515T200437Z,0,0,0.9905419945716858,3.6560788430506364e-05,0.009421354159712791
gue_splice_reconstructed_lora__evo2_1b_base__20260515T200437Z,2,2,0.0013093050802126527,0.002177735324949026,0.9965129494667053
gue_splice_reconstructed_lora__evo2_1b_base__20260515T200437Z,0,0,0.7495583891868591,0.004707569256424904,0.2457340508699417
gue_splice_reconstructed_lora__evo2_1b_base__20260515T200437Z,2,2,0.003997039515525103,0.0035273751709610224,0.9924755692481995
gue_splice_reconstructed_lora__evo2_1b_base__20260515T200437Z,2,1,0.00013297762779984623,0.9849410653114319,0.014925903640687466
gue_splice_reconstructed_lora__evo2_1b_base__20260515T200437Z,2,2,0.0025812294334173203,0.0037630093283951283,0.993655800819397
gue_splice_reconstructed_lora__evo2_1b_base__20260515T200437Z,0,0,0.9860183000564575,5.357688132789917e-05,0.01392811257392168
gue_splice_reconstructed_lora__evo2_1b_base__20260515T200437Z,2,2,0.004442507401108742,0.0038559501990675926,0.9917015433311462
gue_splice_reconstructed_lora__evo2_1b_base__20260515T200437Z,1,1,0.00011360256030457094,0.9837354421615601,0.016150999814271927
gue_splice_reconstructed_lora__evo2_1b_base__20260515T200437Z,2,2,0.01563987135887146,0.003435624297708273,0.9809244871139526
gue_splice_reconstructed_lora__evo2_1b_base__20260515T200437Z,1,1,0.00014339799236040562,0.9861477017402649,0.013708955608308315
gue_splice_reconstructed_lora__evo2_1b_base__20260515T200437Z,2,2,0.0033227812964469194,0.006317859049886465,0.9903593063354492
gue_splice_reconstructed_lora__evo2_1b_base__20260515T200437Z,0,2,0.06618569046258926,0.0012181670172140002,0.9325961470603943
gue_splice_reconstructed_lora__evo2_1b_base__20260515T200437Z,0,0,0.9867916107177734,4.325262125348672e-05,0.013165034353733063
gue_splice_reconstructed_lora__evo2_1b_base__20260515T200437Z,2,2,0.0031586112454533577,0.0034656694624572992,0.9933757185935974
gue_splice_reconstructed_lora__evo2_1b_base__20260515T200437Z,2,2,0.0034955476876348257,0.003332219086587429,0.9931722283363342
gue_splice_reconstructed_lora__evo2_1b_base__20260515T200437Z,1,1,4.300354339648038e-05,0.9965590834617615,0.003397895023226738
gue_splice_reconstructed_lora__evo2_1b_base__20260515T200437Z,0,0,0.989987313747406,3.8144626159919426e-05,0.009974541142582893
gue_splice_reconstructed_lora__evo2_1b_base__20260515T200437Z,2,2,0.0023290172684937716,0.003323156852275133,0.994347870349884
gue_splice_reconstructed_lora__evo2_1b_base__20260515T200437Z,0,0,0.9899702668190002,4.322277891333215e-05,0.00998655240982771
gue_splice_reconstructed_lora__evo2_1b_base__20260515T200437Z,2,2,0.005725806578993797,0.001744567765854299,0.992529571056366
gue_splice_reconstructed_lora__evo2_1b_base__20260515T200437Z,2,2,0.010395472869277,0.0017161800060421228,0.9878882765769958
gue_splice_reconstructed_lora__evo2_1b_base__20260515T200437Z,2,2,0.0028990800492465496,0.00352782872505486,0.993573009967804
gue_splice_reconstructed_lora__evo2_1b_base__20260515T200437Z,0,0,0.989712119102478,3.96531104343012e-05,0.010248195379972458
gue_splice_reconstructed_lora__evo2_1b_base__20260515T200437Z,2,2,0.014289853163063526,0.009030117653310299,0.9766800403594971
gue_splice_reconstructed_lora__evo2_1b_base__20260515T200437Z,2,2,0.016333037987351418,0.0018732267199084163,0.9817937612533569
gue_splice_reconstructed_lora__evo2_1b_base__20260515T200437Z,1,1,0.0002409570588497445,0.9741360545158386,0.025622975081205368
gue_splice_reconstructed_lora__evo2_1b_base__20260515T200437Z,0,0,0.9933941960334778,2.5797795387916267e-05,0.006580019369721413
gue_splice_reconstructed_lora__evo2_1b_base__20260515T200437Z,2,2,0.0021525027696043253,0.004185684956610203,0.9936617612838745
gue_splice_reconstructed_lora__evo2_1b_base__20260515T200437Z,1,1,0.0008419061196036637,0.6728395819664001,0.32631856203079224
gue_splice_reconstructed_lora__evo2_1b_base__20260515T200437Z,2,2,0.0037114375736564398,0.0037296039517968893,0.9925589561462402
gue_splice_reconstructed_lora__evo2_1b_base__20260515T200437Z,0,0,0.9894843697547913,4.4747383071808144e-05,0.010470900684595108
gue_splice_reconstructed_lora__evo2_1b_base__20260515T200437Z,0,0,0.9906792044639587,3.277741780038923e-05,0.009287905879318714
gue_splice_reconstructed_lora__evo2_1b_base__20260515T200437Z,2,2,0.0033393357880413532,0.009112782776355743,0.9875478744506836
gue_splice_reconstructed_lora__evo2_1b_base__20260515T200437Z,1,1,7.105498661985621e-05,0.9870900511741638,0.012838855385780334
gue_splice_reconstructed_lora__evo2_1b_base__20260515T200437Z,2,2,0.005582188256084919,0.0038365782238543034,0.990581214427948
gue_splice_reconstructed_lora__evo2_1b_base__20260515T200437Z,2,2,0.1412738710641861,0.0008916073711588979,0.8578345775604248
gue_splice_reconstructed_lora__evo2_1b_base__20260515T200437Z,2,2,0.009599994868040085,0.0020469531882554293,0.9883530735969543
gue_splice_reconstructed_lora__evo2_1b_base__20260515T200437Z,2,2,0.05847776308655739,0.006796616595238447,0.9347255825996399
gue_splice_reconstructed_lora__evo2_1b_base__20260515T200437Z,2,2,0.0026887475978583097,0.005798678379505873,0.9915125966072083
gue_splice_reconstructed_lora__evo2_1b_base__20260515T200437Z,1,1,6.770622712792829e-05,0.9895660877227783,0.01036620233207941
gue_splice_reconstructed_lora__evo2_1b_base__20260515T200437Z,1,1,0.00010366115748183802,0.9858739376068115,0.01402245368808508
gue_splice_reconstructed_lora__evo2_1b_base__20260515T200437Z,2,2,0.0027893041260540485,0.0031792698428034782,0.9940313696861267
gue_splice_reconstructed_lora__evo2_1b_base__20260515T200437Z,2,2,0.0026862111408263445,0.0028594566974788904,0.9944543242454529
gue_splice_reconstructed_lora__evo2_1b_base__20260515T200437Z,0,0,0.6679237484931946,0.0007835872820578516,0.33129262924194336
gue_splice_reconstructed_lora__evo2_1b_base__20260515T200437Z,2,2,0.0012387814931571484,0.00680889468640089,0.9919523596763611
gue_splice_reconstructed_lora__evo2_1b_base__20260515T200437Z,1,1,3.665361873572692e-05,0.9930570125579834,0.006906305905431509
gue_splice_reconstructed_lora__evo2_1b_base__20260515T200437Z,0,0,0.9934384226799011,2.8445496354834177e-05,0.006533090025186539
gue_splice_reconstructed_lora__evo2_1b_base__20260515T200437Z,2,2,0.004320749081671238,0.0063545494340360165,0.9893247485160828
gue_splice_reconstructed_lora__evo2_1b_base__20260515T200437Z,1,1,4.926837937091477e-05,0.9958429932594299,0.004107715096324682
gue_splice_reconstructed_lora__evo2_1b_base__20260515T200437Z,2,0,0.9650757312774658,7.902825745986775e-05,0.034845273941755295
gue_splice_reconstructed_lora__evo2_1b_base__20260515T200437Z,2,2,0.00495300255715847,0.002972049405798316,0.9920749664306641
gue_splice_reconstructed_lora__evo2_1b_base__20260515T200437Z,2,2,0.03424442186951637,0.0037955022417008877,0.9619600176811218
gue_splice_reconstructed_lora__evo2_1b_base__20260515T200437Z,2,2,0.004038396757096052,0.0019913576543331146,0.9939702749252319
gue_splice_reconstructed_lora__evo2_1b_base__20260515T200437Z,2,2,0.0032447795383632183,0.006710073910653591,0.9900451302528381
gue_splice_reconstructed_lora__evo2_1b_base__20260515T200437Z,1,1,5.282609345158562e-05,0.9913758635520935,0.008571324869990349
gue_splice_reconstructed_lora__evo2_1b_base__20260515T200437Z,1,1,0.0001912164589157328,0.9639518857002258,0.0358569510281086
gue_splice_reconstructed_lora__evo2_1b_base__20260515T200437Z,2,2,0.012551279738545418,0.0029551032930612564,0.984493613243103
gue_splice_reconstructed_lora__evo2_1b_base__20260515T200437Z,2,0,0.9810743927955627,9.429267811356112e-05,0.01883135549724102
gue_splice_reconstructed_lora__evo2_1b_base__20260515T200437Z,2,2,0.0026042924728244543,0.0026634493842720985,0.9947322607040405
gue_splice_reconstructed_lora__evo2_1b_base__20260515T200437Z,0,0,0.975255012512207,4.2248932004440576e-05,0.024702824652194977
gue_splice_reconstructed_lora__evo2_1b_base__20260515T200437Z,2,2,0.005831272806972265,0.009661202318966389,0.9845075607299805
gue_splice_reconstructed_lora__evo2_1b_base__20260515T200437Z,2,1,9.485767805017531e-05,0.9831051230430603,0.01680002175271511
gue_splice_reconstructed_lora__evo2_1b_base__20260515T200437Z,1,1,6.530907558044419e-05,0.984830379486084,0.015104296617209911
gue_splice_reconstructed_lora__evo2_1b_base__20260515T200437Z,1,1,0.00012110780517105013,0.9775208830833435,0.02235807478427887
gue_splice_reconstructed_lora__evo2_1b_base__20260515T200437Z,2,2,0.02898680418729782,0.002273472724482417,0.9687397480010986
gue_splice_reconstructed_lora__evo2_1b_base__20260515T200437Z,0,0,0.9924768805503845,3.0015353331691585e-05,0.007493030279874802
gue_splice_reconstructed_lora__evo2_1b_base__20260515T200437Z,1,1,4.773144974024035e-05,0.9954030513763428,0.0045492579229176044
gue_splice_reconstructed_lora__evo2_1b_base__20260515T200437Z,0,0,0.9851129055023193,7.788233051542193e-05,0.014809167943894863
gue_splice_reconstructed_lora__evo2_1b_base__20260515T200437Z,0,0,0.9923754334449768,2.3649110516998917e-05,0.0076009659096598625
gue_splice_reconstructed_lora__evo2_1b_base__20260515T200437Z,0,0,0.9892877340316772,3.6944911698810756e-05,0.010675298050045967
gue_splice_reconstructed_lora__evo2_1b_base__20260515T200437Z,1,1,5.1493127102730796e-05,0.9931488633155823,0.006799654569476843
gue_splice_reconstructed_lora__evo2_1b_base__20260515T200437Z,2,2,0.003889417974278331,0.005522582214325666,0.9905879497528076
gue_splice_reconstructed_lora__evo2_1b_base__20260515T200437Z,2,2,0.006223243661224842,0.0019184802658855915,0.9918583035469055
gue_splice_reconstructed_lora__evo2_1b_base__20260515T200437Z,2,2,0.013424721546471119,0.0026681232266128063,0.9839071035385132
gue_splice_reconstructed_lora__evo2_1b_base__20260515T200437Z,1,1,2.8321346690063365e-05,0.992973804473877,0.0069979047402739525
gue_splice_reconstructed_lora__evo2_1b_base__20260515T200437Z,2,2,0.0020577148534357548,0.0024507660418748856,0.9954915642738342
gue_splice_reconstructed_lora__evo2_1b_base__20260515T200437Z,2,2,0.0025961988139897585,0.007698014844208956,0.9897058010101318
gue_splice_reconstructed_lora__evo2_1b_base__20260515T200437Z,2,2,0.04658956453204155,0.002085084328427911,0.9513253569602966
gue_splice_reconstructed_lora__evo2_1b_base__20260515T200437Z,1,1,6.467002094723284e-05,0.9944276809692383,0.0055075641721487045
gue_splice_reconstructed_lora__evo2_1b_base__20260515T200437Z,2,2,0.0079851895570755,0.004717228468507528,0.987297534942627
gue_splice_reconstructed_lora__evo2_1b_base__20260515T200437Z,0,0,0.9907037615776062,2.8478218155214563e-05,0.009267750196158886
gue_splice_reconstructed_lora__evo2_1b_base__20260515T200437Z,2,2,0.011653943918645382,0.002850349061191082,0.9854956269264221
gue_splice_reconstructed_lora__evo2_1b_base__20260515T200437Z,0,0,0.9923340082168579,2.8192755053169094e-05,0.007637851405888796
gue_splice_reconstructed_lora__evo2_1b_base__20260515T200437Z,2,2,0.014437424950301647,0.004082216881215572,0.9814804196357727
gue_splice_reconstructed_lora__evo2_1b_base__20260515T200437Z,2,0,0.6425735950469971,0.00047823943896219134,0.35694819688796997
gue_splice_reconstructed_lora__evo2_1b_base__20260515T200437Z,1,1,0.00014849264698568732,0.9859063625335693,0.013945244252681732
gue_splice_reconstructed_lora__evo2_1b_base__20260515T200437Z,1,1,4.722445009974763e-05,0.9964388608932495,0.0035139010287821293
gue_splice_reconstructed_lora__evo2_1b_base__20260515T200437Z,2,2,0.0017227812204509974,0.0027076697442680597,0.9955695271492004
gue_splice_reconstructed_lora__evo2_1b_base__20260515T200437Z,0,0,0.9839268326759338,7.598658703500405e-05,0.015997154638171196
gue_splice_reconstructed_lora__evo2_1b_base__20260515T200437Z,1,1,0.00013614365889225155,0.9735559821128845,0.026307953521609306
gue_splice_reconstructed_lora__evo2_1b_base__20260515T200437Z,2,2,0.0038508730940520763,0.003817175980657339,0.9923319816589355
gue_splice_reconstructed_lora__evo2_1b_base__20260515T200437Z,1,1,5.5765391152817756e-05,0.994719386100769,0.005224908236414194
gue_splice_reconstructed_lora__evo2_1b_base__20260515T200437Z,0,0,0.9812426567077637,7.849078974686563e-05,0.01867889054119587
gue_splice_reconstructed_lora__evo2_1b_base__20260515T200437Z,2,2,0.002496279077604413,0.0041076382622122765,0.9933961033821106
gue_splice_reconstructed_lora__evo2_1b_base__20260515T200437Z,2,2,0.08565276116132736,0.0011053963098675013,0.9132418632507324
gue_splice_reconstructed_lora__evo2_1b_base__20260515T200437Z,0,0,0.9884291291236877,4.383509076433256e-05,0.011527100577950478
gue_splice_reconstructed_lora__evo2_1b_base__20260515T200437Z,2,2,0.006550838705152273,0.0068719289265573025,0.9865772724151611
gue_splice_reconstructed_lora__evo2_1b_base__20260515T200437Z,1,1,0.00010587887663859874,0.9874891638755798,0.012404979206621647
gue_splice_reconstructed_lora__evo2_1b_base__20260515T200437Z,2,2,0.002209901809692383,0.005148220807313919,0.9926418662071228
gue_splice_reconstructed_lora__evo2_1b_base__20260515T200437Z,2,1,0.0013828870141878724,0.6612256765365601,0.3373914062976837
gue_splice_reconstructed_lora__evo2_1b_base__20260515T200437Z,2,2,0.007669380400329828,0.0043784249573946,0.9879521727561951
gue_splice_reconstructed_lora__evo2_1b_base__20260515T200437Z,0,2,0.02336125634610653,0.0017922143451869488,0.9748465418815613
gue_splice_reconstructed_lora__evo2_1b_base__20260515T200437Z,0,0,0.9921305775642395,3.095733336522244e-05,0.007838396355509758
gue_splice_reconstructed_lora__evo2_1b_base__20260515T200437Z,1,1,3.888061473844573e-05,0.9934443235397339,0.006516801193356514
gue_splice_reconstructed_lora__evo2_1b_base__20260515T200437Z,2,2,0.002191908424720168,0.005526624154299498,0.9922814965248108
gue_splice_reconstructed_lora__evo2_1b_base__20260515T200437Z,1,1,0.0003124493232462555,0.9387034773826599,0.06098408252000809
gue_splice_reconstructed_lora__evo2_1b_base__20260515T200437Z,2,2,0.08260178565979004,0.002049800241366029,0.9153484106063843
gue_splice_reconstructed_lora__evo2_1b_base__20260515T200437Z,1,1,0.0014687249204143882,0.8098869323730469,0.18864433467388153
gue_splice_reconstructed_lora__evo2_1b_base__20260515T200437Z,2,2,0.0027873085346072912,0.006798337679356337,0.9904143810272217
gue_splice_reconstructed_lora__evo2_1b_base__20260515T200437Z,2,2,0.0023941299878060818,0.0020578315015882254,0.9955480098724365
gue_splice_reconstructed_lora__evo2_1b_base__20260515T200437Z,0,0,0.9873765707015991,2.3074871933204122e-05,0.012600332498550415
gue_splice_reconstructed_lora__evo2_1b_base__20260515T200437Z,2,2,0.0047290087677538395,0.002603966509923339,0.992667019367218
gue_splice_reconstructed_lora__evo2_1b_base__20260515T200437Z,0,0,0.9921560287475586,3.01230884360848e-05,0.007813760079443455
gue_splice_reconstructed_lora__evo2_1b_base__20260515T200437Z,1,1,0.00010942837252514437,0.98533695936203,0.014553545974195004
gue_splice_reconstructed_lora__evo2_1b_base__20260515T200437Z,1,1,0.0011272861156612635,0.6760705709457397,0.3228021562099457
gue_splice_reconstructed_lora__evo2_1b_base__20260515T200437Z,0,0,0.9875368475914001,3.8050209695938975e-05,0.012425185181200504
gue_splice_reconstructed_lora__evo2_1b_base__20260515T200437Z,1,1,0.00021475205721799284,0.9666516780853271,0.03313358128070831
gue_splice_reconstructed_lora__evo2_1b_base__20260515T200437Z,1,1,0.00013551232405006886,0.9843015074729919,0.01556303445249796
gue_splice_reconstructed_lora__evo2_1b_base__20260515T200437Z,1,1,6.852248770883307e-05,0.9898284673690796,0.010103053413331509
gue_splice_reconstructed_lora__evo2_1b_base__20260515T200437Z,0,0,0.9737384915351868,0.00012158539175288752,0.026140008121728897
gue_splice_reconstructed_lora__evo2_1b_base__20260515T200437Z,0,0,0.9870839715003967,2.0758985556312837e-05,0.012895320542156696
gue_splice_reconstructed_lora__evo2_1b_base__20260515T200437Z,0,0,0.9924201369285583,2.4785171262919903e-05,0.007555054966360331
gue_splice_reconstructed_lora__evo2_1b_base__20260515T200437Z,0,0,0.9878600239753723,3.411914804019034e-05,0.012105810455977917
gue_splice_reconstructed_lora__evo2_1b_base__20260515T200437Z,1,1,4.4244468881515786e-05,0.9937705397605896,0.006185207515954971
gue_splice_reconstructed_lora__evo2_1b_base__20260515T200437Z,1,1,8.515634544892237e-05,0.984567403793335,0.01534742210060358
gue_splice_reconstructed_lora__evo2_1b_base__20260515T200437Z,2,2,0.15779849886894226,0.003196015255525708,0.8390055298805237
gue_splice_reconstructed_lora__evo2_1b_base__20260515T200437Z,0,0,0.903506338596344,0.0003302915720269084,0.09616339951753616
gue_splice_reconstructed_lora__evo2_1b_base__20260515T200437Z,2,2,0.005535257514566183,0.10966893285512924,0.8847957849502563
gue_splice_reconstructed_lora__evo2_1b_base__20260515T200437Z,0,0,0.9863102436065674,5.359274291549809e-05,0.013636103831231594
gue_splice_reconstructed_lora__evo2_1b_base__20260515T200437Z,2,2,0.31686028838157654,0.0031124623492360115,0.6800272464752197
gue_splice_reconstructed_lora__evo2_1b_base__20260515T200437Z,2,2,0.06054229289293289,0.0018493178067728877,0.9376084208488464
gue_splice_reconstructed_lora__evo2_1b_base__20260515T200437Z,2,1,0.00016920908819884062,0.9760717749595642,0.023758966475725174
gue_splice_reconstructed_lora__evo2_1b_base__20260515T200437Z,2,2,0.00129579973872751,0.002791854552924633,0.9959123730659485
gue_splice_reconstructed_lora__evo2_1b_base__20260515T200437Z,2,2,0.002748506609350443,0.0033056330867111683,0.9939458966255188
gue_splice_reconstructed_lora__evo2_1b_base__20260515T200437Z,0,0,0.9912774562835693,3.254198236390948e-05,0.008690044283866882
gue_splice_reconstructed_lora__evo2_1b_base__20260515T200437Z,2,2,0.0023118150420486927,0.001971615245565772,0.9957165122032166
gue_splice_reconstructed_lora__evo2_1b_base__20260515T200437Z,2,2,0.011302148923277855,0.001649031531997025,0.9870488047599792
gue_splice_reconstructed_lora__evo2_1b_base__20260515T200437Z,2,2,0.04309544339776039,0.0024552876129746437,0.9544492959976196
gue_splice_reconstructed_lora__evo2_1b_base__20260515T200437Z,2,2,0.005775546655058861,0.006667118053883314,0.9875572919845581
gue_splice_reconstructed_lora__evo2_1b_base__20260515T200437Z,2,2,0.003038465976715088,0.49093595147132874,0.5060255527496338
gue_splice_reconstructed_lora__evo2_1b_base__20260515T200437Z,0,0,0.9864891767501831,3.771404954022728e-05,0.013473102822899818
gue_splice_reconstructed_lora__evo2_1b_base__20260515T200437Z,0,0,0.9901446104049683,3.875147376675159e-05,0.009816666133701801
gue_splice_reconstructed_lora__evo2_1b_base__20260515T200437Z,2,2,0.024400368332862854,0.0033070712815970182,0.9722926020622253
gue_splice_reconstructed_lora__evo2_1b_base__20260515T200437Z,2,2,0.0026255135890096426,0.010084300301969051,0.9872902035713196
gue_splice_reconstructed_lora__evo2_1b_base__20260515T200437Z,1,1,6.602658686460927e-05,0.991768479347229,0.008165591396391392
gue_splice_reconstructed_lora__evo2_1b_base__20260515T200437Z,0,2,0.005928942933678627,0.006666089873760939,0.987405002117157
gue_splice_reconstructed_lora__evo2_1b_base__20260515T200437Z,2,2,0.003362084738910198,0.012024850584566593,0.9846130609512329
gue_splice_reconstructed_lora__evo2_1b_base__20260515T200437Z,1,1,3.6991634260630235e-05,0.9944156408309937,0.0055473060347139835
gue_splice_reconstructed_lora__evo2_1b_base__20260515T200437Z,2,2,0.0024229567497968674,0.004693232011049986,0.9928838014602661
gue_splice_reconstructed_lora__evo2_1b_base__20260515T200437Z,2,2,0.013498375192284584,0.002015190664678812,0.9844864010810852
gue_splice_reconstructed_lora__evo2_1b_base__20260515T200437Z,2,2,0.003308745101094246,0.002780806040391326,0.9939104318618774
gue_splice_reconstructed_lora__evo2_1b_base__20260515T200437Z,2,2,0.0061586108058691025,0.008442520163953304,0.9853988885879517
gue_splice_reconstructed_lora__evo2_1b_base__20260515T200437Z,2,2,0.015638818964362144,0.0015851733041927218,0.9827759265899658
gue_splice_reconstructed_lora__evo2_1b_base__20260515T200437Z,2,2,0.465471476316452,0.0029434259049594402,0.5315850973129272
gue_splice_reconstructed_lora__evo2_1b_base__20260515T200437Z,2,2,0.008865643292665482,0.004699320066720247,0.986435055732727
gue_splice_reconstructed_lora__evo2_1b_base__20260515T200437Z,1,1,6.063744876882993e-05,0.9886853694915771,0.011254061944782734
gue_splice_reconstructed_lora__evo2_1b_base__20260515T200437Z,2,2,0.0022717020474374294,0.0019374056719243526,0.9957908391952515
gue_splice_reconstructed_lora__evo2_1b_base__20260515T200437Z,1,1,9.27201981539838e-05,0.9875909090042114,0.012316381558775902
gue_splice_reconstructed_lora__evo2_1b_base__20260515T200437Z,2,2,0.035895347595214844,0.003351855091750622,0.9607527256011963
gue_splice_reconstructed_lora__evo2_1b_base__20260515T200437Z,1,1,4.567365249386057e-05,0.9943086504936218,0.0056457617320120335
gue_splice_reconstructed_lora__evo2_1b_base__20260515T200437Z,1,2,0.005899752024561167,0.2667824923992157,0.727317750453949
gue_splice_reconstructed_lora__evo2_1b_base__20260515T200437Z,1,1,0.0003881999000441283,0.9047614336013794,0.0948503315448761
gue_splice_reconstructed_lora__evo2_1b_base__20260515T200437Z,2,2,0.0019231222104281187,0.0018749075243249536,0.9962019324302673
gue_splice_reconstructed_lora__evo2_1b_base__20260515T200437Z,1,1,0.0003171185089740902,0.919818639755249,0.07986429333686829
gue_splice_reconstructed_lora__evo2_1b_base__20260515T200437Z,0,0,0.8193099498748779,0.0008872197358869016,0.1798028200864792
gue_splice_reconstructed_lora__evo2_1b_base__20260515T200437Z,2,2,0.002698667347431183,0.002130656037479639,0.9951706528663635
gue_splice_reconstructed_lora__evo2_1b_base__20260515T200437Z,2,2,0.005557723343372345,0.0024067433550953865,0.9920355677604675
gue_splice_reconstructed_lora__evo2_1b_base__20260515T200437Z,2,2,0.0024319253861904144,0.002953583374619484,0.9946144223213196
gue_splice_reconstructed_lora__evo2_1b_base__20260515T200437Z,2,2,0.0035973810590803623,0.0038070199079811573,0.9925956130027771
gue_splice_reconstructed_lora__evo2_1b_base__20260515T200437Z,2,2,0.01399602647870779,0.003368464531376958,0.982635498046875
gue_splice_reconstructed_lora__evo2_1b_base__20260515T200437Z,2,2,0.002714498434215784,0.006004760041832924,0.991280734539032
gue_splice_reconstructed_lora__evo2_1b_base__20260515T200437Z,2,2,0.008308075368404388,0.021985264495015144,0.9697065949440002
gue_splice_reconstructed_lora__evo2_1b_base__20260515T200437Z,2,2,0.0014570358907803893,0.0025422379840165377,0.9960007071495056
gue_splice_reconstructed_lora__evo2_1b_base__20260515T200437Z,2,2,0.014773927628993988,0.009390880353748798,0.9758351445198059
gue_splice_reconstructed_lora__evo2_1b_base__20260515T200437Z,2,2,0.006947586312890053,0.006270494777709246,0.986781895160675
gue_splice_reconstructed_lora__evo2_1b_base__20260515T200437Z,2,2,0.0097271166741848,0.0038767443038523197,0.9863961935043335
gue_splice_reconstructed_lora__evo2_1b_base__20260515T200437Z,1,1,6.75409464747645e-05,0.9910141825675964,0.008918221108615398
gue_splice_reconstructed_lora__evo2_1b_base__20260515T200437Z,2,2,0.004472606815397739,0.0039087035693228245,0.9916186928749084
gue_splice_reconstructed_lora__evo2_1b_base__20260515T200437Z,1,1,8.521755808033049e-05,0.9891314506530762,0.010783292353153229
gue_splice_reconstructed_lora__evo2_1b_base__20260515T200437Z,2,2,0.0032909736037254333,0.011990949511528015,0.9847180247306824
gue_splice_reconstructed_lora__evo2_1b_base__20260515T200437Z,1,1,6.867165939183906e-05,0.9919832348823547,0.007948028855025768
gue_splice_reconstructed_lora__evo2_1b_base__20260515T200437Z,2,2,0.00634355191141367,0.007007971405982971,0.9866484999656677
gue_splice_reconstructed_lora__evo2_1b_base__20260515T200437Z,1,1,5.691688056685962e-05,0.9956223368644714,0.004320739768445492
gue_splice_reconstructed_lora__evo2_1b_base__20260515T200437Z,2,2,0.0017746607773005962,0.004228187724947929,0.9939970970153809
gue_splice_reconstructed_lora__evo2_1b_base__20260515T200437Z,1,1,4.127393913222477e-05,0.9945793151855469,0.005379488691687584
gue_splice_reconstructed_lora__evo2_1b_base__20260515T200437Z,2,2,0.011319047771394253,0.002566646784543991,0.9861142635345459
gue_splice_reconstructed_lora__evo2_1b_base__20260515T200437Z,2,1,0.0010855816071853042,0.656165361404419,0.34274911880493164
gue_splice_reconstructed_lora__evo2_1b_base__20260515T200437Z,2,2,0.013742703944444656,0.0018965554190799594,0.9843607544898987
gue_splice_reconstructed_lora__evo2_1b_base__20260515T200437Z,1,1,6.018665590090677e-05,0.992902934551239,0.007036916445940733
gue_splice_reconstructed_lora__evo2_1b_base__20260515T200437Z,2,2,0.0024663815274834633,0.006403557024896145,0.9911301136016846
gue_splice_reconstructed_lora__evo2_1b_base__20260515T200437Z,2,2,0.01087923813611269,0.0016401149332523346,0.9874807000160217
gue_splice_reconstructed_lora__evo2_1b_base__20260515T200437Z,0,2,0.05674584209918976,0.002034921897575259,0.9412192106246948
gue_splice_reconstructed_lora__evo2_1b_base__20260515T200437Z,2,2,0.0019861122127622366,0.0027817855589091778,0.9952320456504822
gue_splice_reconstructed_lora__evo2_1b_base__20260515T200437Z,2,1,8.78799328347668e-05,0.9925204515457153,0.0073916069231927395
gue_splice_reconstructed_lora__evo2_1b_base__20260515T200437Z,0,0,0.9743627905845642,8.627221541246399e-05,0.02555084601044655
gue_splice_reconstructed_lora__evo2_1b_base__20260515T200437Z,2,2,0.002883167937397957,0.002219253918156028,0.9948975443840027
gue_splice_reconstructed_lora__evo2_1b_base__20260515T200437Z,1,1,3.5351491533219814e-05,0.9959320425987244,0.004032561089843512
gue_splice_reconstructed_lora__evo2_1b_base__20260515T200437Z,1,1,5.026906728744507e-05,0.9964170455932617,0.0035327482037246227
gue_splice_reconstructed_lora__evo2_1b_base__20260515T200437Z,2,2,0.010455746203660965,0.002215313259512186,0.9873288869857788
gue_splice_reconstructed_lora__evo2_1b_base__20260515T200437Z,2,2,0.008894906379282475,0.002380044898018241,0.9887250065803528
gue_splice_reconstructed_lora__evo2_1b_base__20260515T200437Z,2,2,0.006635177414864302,0.0018624216318130493,0.9915024042129517
gue_splice_reconstructed_lora__evo2_1b_base__20260515T200437Z,0,0,0.9823233485221863,3.275586641393602e-05,0.0176438856869936
gue_splice_reconstructed_lora__evo2_1b_base__20260515T200437Z,2,2,0.00370945711620152,0.004261227790266275,0.9920293092727661
gue_splice_reconstructed_lora__evo2_1b_base__20260515T200437Z,0,0,0.9936506152153015,2.2861479010316543e-05,0.006326486822217703
gue_splice_reconstructed_lora__evo2_1b_base__20260515T200437Z,0,0,0.8956847190856934,0.0004295618273317814,0.10388574004173279
gue_splice_reconstructed_lora__evo2_1b_base__20260515T200437Z,2,2,0.0035459536593407393,0.004579851403832436,0.9918741583824158
gue_splice_reconstructed_lora__evo2_1b_base__20260515T200437Z,1,1,5.1742033974733204e-05,0.9940589666366577,0.005889283958822489
gue_splice_reconstructed_lora__evo2_1b_base__20260515T200437Z,0,0,0.9902650117874146,4.5665943616768345e-05,0.009689273312687874
gue_splice_reconstructed_lora__evo2_1b_base__20260515T200437Z,2,2,0.13548731803894043,0.003594782669097185,0.860917866230011
gue_splice_reconstructed_lora__evo2_1b_base__20260515T200437Z,2,2,0.002801088849082589,0.0018879225244745612,0.9953109622001648
gue_splice_reconstructed_lora__evo2_1b_base__20260515T200437Z,0,0,0.9907591342926025,3.355741864652373e-05,0.009207374416291714
gue_splice_reconstructed_lora__evo2_1b_base__20260515T200437Z,2,2,0.013515451923012733,0.0021955901756882668,0.9842889904975891
gue_splice_reconstructed_lora__evo2_1b_base__20260515T200437Z,2,2,0.1576203852891922,0.004321098793298006,0.8380585312843323
gue_splice_reconstructed_lora__evo2_1b_base__20260515T200437Z,2,2,0.009962571784853935,0.0060544186271727085,0.983983039855957
gue_splice_reconstructed_lora__evo2_1b_base__20260515T200437Z,2,2,0.0013627822045236826,0.003104244824498892,0.9955329895019531
gue_splice_reconstructed_lora__evo2_1b_base__20260515T200437Z,2,2,0.005136644002050161,0.0034858249127864838,0.9913774728775024
gue_splice_reconstructed_lora__evo2_1b_base__20260515T200437Z,2,2,0.01039683073759079,0.005918152630329132,0.9836850166320801
gue_splice_reconstructed_lora__evo2_1b_base__20260515T200437Z,1,1,4.593046469381079e-05,0.9960010647773743,0.003952908329665661
gue_splice_reconstructed_lora__evo2_1b_base__20260515T200437Z,2,2,0.001381967682391405,0.00277805351652205,0.9958399534225464
gue_splice_reconstructed_lora__evo2_1b_base__20260515T200437Z,2,2,0.284625381231308,0.002616194309666753,0.7127584218978882
gue_splice_reconstructed_lora__evo2_1b_base__20260515T200437Z,0,0,0.9907200336456299,2.5628047296777368e-05,0.0092543363571167
gue_splice_reconstructed_lora__evo2_1b_base__20260515T200437Z,0,2,0.008270847611129284,0.003474843455478549,0.9882543087005615
gue_splice_reconstructed_lora__evo2_1b_base__20260515T200437Z,2,2,0.00411644484847784,0.002300113905221224,0.9935833811759949
gue_splice_reconstructed_lora__evo2_1b_base__20260515T200437Z,2,2,0.0019015142461284995,0.005364267621189356,0.9927341938018799
gue_splice_reconstructed_lora__evo2_1b_base__20260515T200437Z,1,1,0.00016883145144674927,0.9777050614356995,0.022126054391264915
gue_splice_reconstructed_lora__evo2_1b_base__20260515T200437Z,2,2,0.010679463855922222,0.0018190292175859213,0.9875015020370483
gue_splice_reconstructed_lora__evo2_1b_base__20260515T200437Z,1,1,6.424696039175615e-05,0.9917889833450317,0.008146842941641808
gue_splice_reconstructed_lora__evo2_1b_base__20260515T200437Z,2,2,0.01242822129279375,0.00220229709520936,0.9853695034980774
gue_splice_reconstructed_lora__evo2_1b_base__20260515T200437Z,2,2,0.0016077564796432853,0.003560003824532032,0.9948321580886841
gue_splice_reconstructed_lora__evo2_1b_base__20260515T200437Z,1,1,9.51648544287309e-05,0.9901490211486816,0.009755784645676613
gue_splice_reconstructed_lora__evo2_1b_base__20260515T200437Z,2,2,0.0021857263054698706,0.00445861741900444,0.9933556318283081
gue_splice_reconstructed_lora__evo2_1b_base__20260515T200437Z,2,0,0.9917488098144531,2.975992174469866e-05,0.008221439085900784
gue_splice_reconstructed_lora__evo2_1b_base__20260515T200437Z,2,2,0.002248292090371251,0.0015787844313308597,0.9961729645729065
gue_splice_reconstructed_lora__evo2_1b_base__20260515T200437Z,0,0,0.992742657661438,3.721904431586154e-05,0.00722023518756032
gue_splice_reconstructed_lora__evo2_1b_base__20260515T200437Z,1,1,4.686296233558096e-05,0.9926815629005432,0.0072715324349701405
gue_splice_reconstructed_lora__evo2_1b_base__20260515T200437Z,2,2,0.004487162455916405,0.0035774775315076113,0.9919353723526001
gue_splice_reconstructed_lora__evo2_1b_base__20260515T200437Z,0,0,0.9907695651054382,2.083649451378733e-05,0.009209718555212021
gue_splice_reconstructed_lora__evo2_1b_base__20260515T200437Z,2,2,0.012228607200086117,0.006799602415412664,0.9809718132019043
gue_splice_reconstructed_lora__evo2_1b_base__20260515T200437Z,2,2,0.002979878569021821,0.004272649995982647,0.9927474856376648
gue_splice_reconstructed_lora__evo2_1b_base__20260515T200437Z,1,1,0.00040419783908873796,0.8477508425712585,0.15184497833251953
gue_splice_reconstructed_lora__evo2_1b_base__20260515T200437Z,2,2,0.001792763825505972,0.0038287851493805647,0.994378387928009
gue_splice_reconstructed_lora__evo2_1b_base__20260515T200437Z,2,2,0.0011597775155678391,0.0025012304540723562,0.996338963508606
gue_splice_reconstructed_lora__evo2_1b_base__20260515T200437Z,2,2,0.008355728350579739,0.0029503731057047844,0.98869389295578
gue_splice_reconstructed_lora__evo2_1b_base__20260515T200437Z,2,2,0.0027722218073904514,0.0015354582574218512,0.9956923127174377
gue_splice_reconstructed_lora__evo2_1b_base__20260515T200437Z,1,1,0.00039529570494778454,0.8791100382804871,0.12049466371536255
gue_splice_reconstructed_lora__evo2_1b_base__20260515T200437Z,0,0,0.992043673992157,3.0119674192974344e-05,0.00792622845619917
gue_splice_reconstructed_lora__evo2_1b_base__20260515T200437Z,2,2,0.004956370685249567,0.004231136292219162,0.9908124804496765
gue_splice_reconstructed_lora__evo2_1b_base__20260515T200437Z,2,2,0.0036434829235076904,0.003722607623785734,0.9926338791847229
gue_splice_reconstructed_lora__evo2_1b_base__20260515T200437Z,2,2,0.0014161983272060752,0.0036625934299081564,0.9949212670326233
gue_splice_reconstructed_lora__evo2_1b_base__20260515T200437Z,2,2,0.030273111537098885,0.011257135309278965,0.9584697484970093
gue_splice_reconstructed_lora__evo2_1b_base__20260515T200437Z,2,2,0.011735274456441402,0.003614179790019989,0.9846504926681519
gue_splice_reconstructed_lora__evo2_1b_base__20260515T200437Z,2,2,0.0038880396168679,0.001999438041821122,0.9941125512123108
gue_splice_reconstructed_lora__evo2_1b_base__20260515T200437Z,2,2,0.003040323266759515,0.011395890265703201,0.9855637550354004
gue_splice_reconstructed_lora__evo2_1b_base__20260515T200437Z,2,2,0.0025213444605469704,0.0028879137244075537,0.9945907592773438
gue_splice_reconstructed_lora__evo2_1b_base__20260515T200437Z,1,1,0.0002836882777046412,0.9508042931556702,0.04891201853752136
gue_splice_reconstructed_lora__evo2_1b_base__20260515T200437Z,2,2,0.0025727960746735334,0.00508175790309906,0.9923455119132996
gue_splice_reconstructed_lora__evo2_1b_base__20260515T200437Z,2,2,0.002525265561416745,0.006189353298395872,0.9912853837013245
gue_splice_reconstructed_lora__evo2_1b_base__20260515T200437Z,1,1,7.492073928005993e-05,0.9931313395500183,0.006793727166950703
gue_splice_reconstructed_lora__evo2_1b_base__20260515T200437Z,0,0,0.9943642616271973,1.4428910617425572e-05,0.0056213196367025375
gue_splice_reconstructed_lora__evo2_1b_base__20260515T200437Z,2,2,0.013619611039757729,0.021259913221001625,0.9651204943656921
gue_splice_reconstructed_lora__evo2_1b_base__20260515T200437Z,2,2,0.08204547315835953,0.0020873327739536762,0.9158672094345093
gue_splice_reconstructed_lora__evo2_1b_base__20260515T200437Z,2,2,0.011693163774907589,0.0023872386664152145,0.9859195947647095
gue_splice_reconstructed_lora__evo2_1b_base__20260515T200437Z,0,0,0.9886339902877808,5.392925959313288e-05,0.011312011629343033
gue_splice_reconstructed_lora__evo2_1b_base__20260515T200437Z,2,2,0.0024238424375653267,0.00432941410690546,0.9932466745376587
gue_splice_reconstructed_lora__evo2_1b_base__20260515T200437Z,2,2,0.002830153563991189,0.002276314189657569,0.9948935508728027
gue_splice_reconstructed_lora__evo2_1b_base__20260515T200437Z,0,0,0.9914895296096802,1.1696707588271238e-05,0.008498851209878922
gue_splice_reconstructed_lora__evo2_1b_base__20260515T200437Z,0,0,0.9909994006156921,3.9395701605826616e-05,0.008961193263530731
gue_splice_reconstructed_lora__evo2_1b_base__20260515T200437Z,2,2,0.010924207977950573,0.0028248128946870565,0.9862509965896606
gue_splice_reconstructed_lora__evo2_1b_base__20260515T200437Z,1,1,4.305841139284894e-05,0.9939405918121338,0.006016463972628117
gue_splice_reconstructed_lora__evo2_1b_base__20260515T200437Z,2,2,0.0029549705795943737,0.006810392253100872,0.9902346134185791
gue_splice_reconstructed_lora__evo2_1b_base__20260515T200437Z,0,0,0.995275616645813,2.5445940991630778e-05,0.004698941949754953
gue_splice_reconstructed_lora__evo2_1b_base__20260515T200437Z,1,1,9.267340647056699e-05,0.9794108867645264,0.02049645595252514
gue_splice_reconstructed_lora__evo2_1b_base__20260515T200437Z,2,2,0.004041924141347408,0.002090788446366787,0.9938673377037048
gue_splice_reconstructed_lora__evo2_1b_base__20260515T200437Z,1,1,6.45289765088819e-05,0.9922588467597961,0.007676529698073864
gue_splice_reconstructed_lora__evo2_1b_base__20260515T200437Z,2,2,0.011653128080070019,0.0024390527978539467,0.9859078526496887
gue_splice_reconstructed_lora__evo2_1b_base__20260515T200437Z,2,2,0.0029862949158996344,0.004069840535521507,0.9929438233375549
gue_splice_reconstructed_lora__evo2_1b_base__20260515T200437Z,2,2,0.2035115659236908,0.001738508464768529,0.7947499752044678
gue_splice_reconstructed_lora__evo2_1b_base__20260515T200437Z,0,0,0.9936398863792419,1.9784749383688904e-05,0.006340334191918373
gue_splice_reconstructed_lora__evo2_1b_base__20260515T200437Z,2,2,0.0015409323386847973,0.00311276875436306,0.9953462481498718
gue_splice_reconstructed_lora__evo2_1b_base__20260515T200437Z,1,1,5.9777958085760474e-05,0.9900202751159668,0.009919926524162292
gue_splice_reconstructed_lora__evo2_1b_base__20260515T200437Z,1,1,9.172403952106833e-05,0.9808043837547302,0.019103974103927612
gue_splice_reconstructed_lora__evo2_1b_base__20260515T200437Z,2,2,0.015024738386273384,0.0022180138621479273,0.9827573299407959
gue_splice_reconstructed_lora__evo2_1b_base__20260515T200437Z,1,1,9.124049392994493e-05,0.9909977912902832,0.00891099963337183
gue_splice_reconstructed_lora__evo2_1b_base__20260515T200437Z,2,0,0.9624505043029785,4.8555462853983045e-05,0.03750091791152954
gue_splice_reconstructed_lora__evo2_1b_base__20260515T200437Z,0,0,0.9942039847373962,2.8245882276678458e-05,0.005767762660980225
gue_splice_reconstructed_lora__evo2_1b_base__20260515T200437Z,2,2,0.004682156257331371,0.04921387508511543,0.9461039304733276
gue_splice_reconstructed_lora__evo2_1b_base__20260515T200437Z,1,1,0.0013911003479734063,0.6822577714920044,0.31635117530822754
gue_splice_reconstructed_lora__evo2_1b_base__20260515T200437Z,1,1,7.125095726223662e-05,0.9936864972114563,0.006242329720407724
gue_splice_reconstructed_lora__evo2_1b_base__20260515T200437Z,2,2,0.0034636049531400204,0.0037523722276091576,0.9927840232849121
gue_splice_reconstructed_lora__evo2_1b_base__20260515T200437Z,0,0,0.992465615272522,3.0487679396173917e-05,0.007503928616642952
gue_splice_reconstructed_lora__evo2_1b_base__20260515T200437Z,1,1,0.00011866969725815579,0.9882468581199646,0.011634524911642075
gue_splice_reconstructed_lora__evo2_1b_base__20260515T200437Z,1,1,8.987164619611576e-05,0.991502046585083,0.00840814970433712
gue_splice_reconstructed_lora__evo2_1b_base__20260515T200437Z,2,2,0.0027893688529729843,0.004126448184251785,0.993084192276001
gue_splice_reconstructed_lora__evo2_1b_base__20260515T200437Z,2,2,0.004388267640024424,0.007370527368038893,0.9882411360740662
gue_splice_reconstructed_lora__evo2_1b_base__20260515T200437Z,0,0,0.9903344511985779,3.698400178109296e-05,0.009628639556467533
gue_splice_reconstructed_lora__evo2_1b_base__20260515T200437Z,2,2,0.01063633058220148,0.003446373390033841,0.9859172701835632
gue_splice_reconstructed_lora__evo2_1b_base__20260515T200437Z,0,0,0.9909051656723022,3.330118124722503e-05,0.009061537683010101
gue_splice_reconstructed_lora__evo2_1b_base__20260515T200437Z,2,2,0.0014741006307303905,0.002599790459498763,0.9959261417388916
gue_splice_reconstructed_lora__evo2_1b_base__20260515T200437Z,1,1,0.00011960859410464764,0.9806231260299683,0.019257303327322006
gue_splice_reconstructed_lora__evo2_1b_base__20260515T200437Z,2,2,0.002780148759484291,0.007418298628181219,0.9898015856742859
gue_splice_reconstructed_lora__evo2_1b_base__20260515T200437Z,0,0,0.9891554713249207,1.0460179510118905e-05,0.010834022425115108
gue_splice_reconstructed_lora__evo2_1b_base__20260515T200437Z,2,2,0.00398106686770916,0.004609107505530119,0.9914098381996155
gue_splice_reconstructed_lora__evo2_1b_base__20260515T200437Z,2,2,0.38880014419555664,0.003104917937889695,0.6080949902534485
gue_splice_reconstructed_lora__evo2_1b_base__20260515T200437Z,1,1,5.3215342632029206e-05,0.994787335395813,0.0051593477837741375
gue_splice_reconstructed_lora__evo2_1b_base__20260515T200437Z,2,2,0.021328072994947433,0.005717993713915348,0.9729539155960083
gue_splice_reconstructed_lora__evo2_1b_base__20260515T200437Z,1,1,4.840232941205613e-05,0.9937445521354675,0.006206980440765619
gue_splice_reconstructed_lora__evo2_1b_base__20260515T200437Z,1,1,5.51013981748838e-05,0.9944612979888916,0.005483599379658699
gue_splice_reconstructed_lora__evo2_1b_base__20260515T200437Z,1,1,3.7628582504112273e-05,0.9958556294441223,0.004106764681637287
gue_splice_reconstructed_lora__evo2_1b_base__20260515T200437Z,2,2,0.0013969646533951163,0.003684108378365636,0.9949188828468323
gue_splice_reconstructed_lora__evo2_1b_base__20260515T200437Z,1,1,6.833340012235567e-05,0.990960419178009,0.008971239440143108
gue_splice_reconstructed_lora__evo2_1b_base__20260515T200437Z,1,2,0.007905014790594578,0.007044612430036068,0.9850503206253052
gue_splice_reconstructed_lora__evo2_1b_base__20260515T200437Z,2,2,0.0020087568555027246,0.01856260374188423,0.9794285893440247
gue_splice_reconstructed_lora__evo2_1b_base__20260515T200437Z,2,2,0.014470385387539864,0.0018085298361256719,0.983721137046814
gue_splice_reconstructed_lora__evo2_1b_base__20260515T200437Z,0,0,0.9847247004508972,6.530206883326173e-05,0.01520998403429985
gue_splice_reconstructed_lora__evo2_1b_base__20260515T200437Z,0,0,0.9926437735557556,2.842274261638522e-05,0.007327836938202381
gue_splice_reconstructed_lora__evo2_1b_base__20260515T200437Z,1,1,9.643958765082061e-05,0.9878556132316589,0.012047985568642616
gue_splice_reconstructed_lora__evo2_1b_base__20260515T200437Z,1,1,5.220346065470949e-05,0.9912392497062683,0.008708558045327663
gue_splice_reconstructed_lora__evo2_1b_base__20260515T200437Z,2,2,0.0014219278236851096,0.0035261856392025948,0.995051920413971
gue_splice_reconstructed_lora__evo2_1b_base__20260515T200437Z,1,1,3.0205168513930403e-05,0.9948595762252808,0.005110203754156828
gue_splice_reconstructed_lora__evo2_1b_base__20260515T200437Z,1,1,0.00011723926581908017,0.9917096495628357,0.008173083886504173
gue_splice_reconstructed_lora__evo2_1b_base__20260515T200437Z,1,1,4.205124787404202e-05,0.9937108755111694,0.006247055716812611
gue_splice_reconstructed_lora__evo2_1b_base__20260515T200437Z,2,2,0.003153048222884536,0.0023113293573260307,0.9945356845855713
gue_splice_reconstructed_lora__evo2_1b_base__20260515T200437Z,2,2,0.002203339012339711,0.0022866392973810434,0.9955099821090698
gue_splice_reconstructed_lora__evo2_1b_base__20260515T200437Z,2,2,0.0019055583979934454,0.005189971532672644,0.9929044842720032
gue_splice_reconstructed_lora__evo2_1b_base__20260515T200437Z,0,0,0.9766432642936707,2.6579971745377406e-05,0.023330148309469223
gue_splice_reconstructed_lora__evo2_1b_base__20260515T200437Z,0,0,0.9928569793701172,2.518656401662156e-05,0.007117797154933214
gue_splice_reconstructed_lora__evo2_1b_base__20260515T200437Z,2,2,0.002714312868192792,0.00413479283452034,0.9931508302688599
gue_splice_reconstructed_lora__evo2_1b_base__20260515T200437Z,2,2,0.005001499317586422,0.004880871623754501,0.990117609500885
gue_splice_reconstructed_lora__evo2_1b_base__20260515T200437Z,2,2,0.003827339969575405,0.0060448176227509975,0.9901278614997864
gue_splice_reconstructed_lora__evo2_1b_base__20260515T200437Z,2,2,0.009559686295688152,0.002867536386474967,0.9875727891921997
gue_splice_reconstructed_lora__evo2_1b_base__20260515T200437Z,2,2,0.007637586910277605,0.00465510506182909,0.9877073168754578
gue_splice_reconstructed_lora__evo2_1b_base__20260515T200437Z,2,2,0.0025687222369015217,0.004719991702586412,0.9927113056182861
gue_splice_reconstructed_lora__evo2_1b_base__20260515T200437Z,2,2,0.028918983414769173,0.009667743928730488,0.9614133238792419
gue_splice_reconstructed_lora__evo2_1b_base__20260515T200437Z,1,1,6.0472393670352176e-05,0.993727445602417,0.00621217954903841
gue_splice_reconstructed_lora__evo2_1b_base__20260515T200437Z,2,2,0.026451269164681435,0.0018323996337130666,0.9717162847518921
gue_splice_reconstructed_lora__evo2_1b_base__20260515T200437Z,1,2,0.008006803691387177,0.03154405951499939,0.9604491591453552
gue_splice_reconstructed_lora__evo2_1b_base__20260515T200437Z,1,1,0.0002473428030498326,0.963524580001831,0.03622814640402794
gue_splice_reconstructed_lora__evo2_1b_base__20260515T200437Z,2,2,0.0028494284488260746,0.003276470582932234,0.9938741326332092
gue_splice_reconstructed_lora__evo2_1b_base__20260515T200437Z,2,2,0.0016134934267029166,0.14941415190696716,0.8489723801612854
gue_splice_reconstructed_lora__evo2_1b_base__20260515T200437Z,2,2,0.0782647356390953,0.005808887537568808,0.9159263968467712
gue_splice_reconstructed_lora__evo2_1b_base__20260515T200437Z,1,1,8.518197137163952e-05,0.9887183904647827,0.011196457780897617
gue_splice_reconstructed_lora__evo2_1b_base__20260515T200437Z,2,2,0.03201374039053917,0.00787985697388649,0.960106372833252
gue_splice_reconstructed_lora__evo2_1b_base__20260515T200437Z,1,2,0.007200513035058975,0.12229395657777786,0.8705055117607117
gue_splice_reconstructed_lora__evo2_1b_base__20260515T200437Z,2,2,0.11284558475017548,0.011287006549537182,0.8758674263954163
gue_splice_reconstructed_lora__evo2_1b_base__20260515T200437Z,1,1,5.8578367315931246e-05,0.9892876148223877,0.010653817094862461
gue_splice_reconstructed_lora__evo2_1b_base__20260515T200437Z,1,1,0.0003393794468138367,0.908633291721344,0.0910273864865303
gue_splice_reconstructed_lora__evo2_1b_base__20260515T200437Z,2,2,0.013991190120577812,0.0022728738840669394,0.983735978603363
gue_splice_reconstructed_lora__evo2_1b_base__20260515T200437Z,1,1,4.065792745677754e-05,0.9951636791229248,0.004795615561306477
gue_splice_reconstructed_lora__evo2_1b_base__20260515T200437Z,2,2,0.0024223022628575563,0.00204976717941463,0.9955279231071472
gue_splice_reconstructed_lora__evo2_1b_base__20260515T200437Z,0,0,0.9862323999404907,3.9053345972206444e-05,0.013728554360568523
gue_splice_reconstructed_lora__evo2_1b_base__20260515T200437Z,2,2,0.019381847232580185,0.014277329668402672,0.9663408994674683
gue_splice_reconstructed_lora__evo2_1b_base__20260515T200437Z,2,2,0.002540280343964696,0.004167814273387194,0.9932918548583984
gue_splice_reconstructed_lora__evo2_1b_base__20260515T200437Z,2,2,0.004723672289401293,0.002760679926723242,0.9925156235694885
gue_splice_reconstructed_lora__evo2_1b_base__20260515T200437Z,0,0,0.9940004348754883,1.9409117157920264e-05,0.005980213638395071
gue_splice_reconstructed_lora__evo2_1b_base__20260515T200437Z,2,0,0.989448070526123,3.782716521527618e-05,0.010514062829315662
gue_splice_reconstructed_lora__evo2_1b_base__20260515T200437Z,2,1,0.0017592796357348561,0.5457763075828552,0.45246443152427673
gue_splice_reconstructed_lora__evo2_1b_base__20260515T200437Z,1,1,7.109095167834312e-05,0.9953354001045227,0.004593589808791876
gue_splice_reconstructed_lora__evo2_1b_base__20260515T200437Z,2,2,0.01737714745104313,0.006132803857326508,0.9764900207519531
gue_splice_reconstructed_lora__evo2_1b_base__20260515T200437Z,2,2,0.017626188695430756,0.0034286915324628353,0.9789450764656067
gue_splice_reconstructed_lora__evo2_1b_base__20260515T200437Z,2,2,0.001409081625752151,0.002851988421753049,0.9957389831542969
gue_splice_reconstructed_lora__evo2_1b_base__20260515T200437Z,2,2,0.00303029827773571,0.30312034487724304,0.6938493251800537
gue_splice_reconstructed_lora__evo2_1b_base__20260515T200437Z,1,1,4.091606751899235e-05,0.9936885237693787,0.00627059955149889
gue_splice_reconstructed_lora__evo2_1b_base__20260515T200437Z,2,2,0.017469823360443115,0.002269272692501545,0.9802609086036682
gue_splice_reconstructed_lora__evo2_1b_base__20260515T200437Z,2,2,0.06068485975265503,0.0013325450709089637,0.9379825592041016
gue_splice_reconstructed_lora__evo2_1b_base__20260515T200437Z,2,2,0.0034147498663514853,0.008199562318623066,0.9883856773376465
gue_splice_reconstructed_lora__evo2_1b_base__20260515T200437Z,2,2,0.02030150406062603,0.003426015842705965,0.9762725234031677
gue_splice_reconstructed_lora__evo2_1b_base__20260515T200437Z,1,1,0.0001568724401295185,0.9899729490280151,0.009870232082903385
gue_splice_reconstructed_lora__evo2_1b_base__20260515T200437Z,1,1,6.795912486268207e-05,0.9932623505592346,0.006669712718576193
gue_splice_reconstructed_lora__evo2_1b_base__20260515T200437Z,1,1,3.098417437286116e-05,0.9968771934509277,0.0030917851254343987
gue_splice_reconstructed_lora__evo2_1b_base__20260515T200437Z,1,2,0.0020841092336922884,0.41948553919792175,0.5784303545951843
gue_splice_reconstructed_lora__evo2_1b_base__20260515T200437Z,2,2,0.0017959884135052562,0.0020371098071336746,0.9961668848991394
gue_splice_reconstructed_lora__evo2_1b_base__20260515T200437Z,1,1,6.597030733246356e-05,0.9909231066703796,0.009010961279273033
gue_splice_reconstructed_lora__evo2_1b_base__20260515T200437Z,2,2,0.010842952877283096,0.015009911730885506,0.9741471409797668
gue_splice_reconstructed_lora__evo2_1b_base__20260515T200437Z,2,2,0.004372983705252409,0.003103940049186349,0.9925231337547302
gue_splice_reconstructed_lora__evo2_1b_base__20260515T200437Z,2,2,0.004554870072752237,0.00801749899983406,0.9874275922775269
gue_splice_reconstructed_lora__evo2_1b_base__20260515T200437Z,2,2,0.0032382290810346603,0.20439329743385315,0.792368471622467
gue_splice_reconstructed_lora__evo2_1b_base__20260515T200437Z,1,1,0.00011013061157427728,0.9839431047439575,0.015946727246046066
gue_splice_reconstructed_lora__evo2_1b_base__20260515T200437Z,0,0,0.991511881351471,2.428353764116764e-05,0.008463841862976551
gue_splice_reconstructed_lora__evo2_1b_base__20260515T200437Z,0,0,0.9893669486045837,4.781410098075867e-05,0.010585314594209194
gue_splice_reconstructed_lora__evo2_1b_base__20260515T200437Z,2,2,0.004165316931903362,0.003138011321425438,0.9926967024803162
gue_splice_reconstructed_lora__evo2_1b_base__20260515T200437Z,1,1,7.072285370668396e-05,0.9940571784973145,0.005872044246643782
gue_splice_reconstructed_lora__evo2_1b_base__20260515T200437Z,2,2,0.004919326864182949,0.003960518166422844,0.9911201596260071
gue_splice_reconstructed_lora__evo2_1b_base__20260515T200437Z,2,2,0.216077521443367,0.005037188995629549,0.7788853049278259
gue_splice_reconstructed_lora__evo2_1b_base__20260515T200437Z,2,2,0.00967823900282383,0.004078063648194075,0.9862436652183533
gue_splice_reconstructed_lora__evo2_1b_base__20260515T200437Z,0,0,0.9603095054626465,0.0001503990642959252,0.03954005241394043
gue_splice_reconstructed_lora__evo2_1b_base__20260515T200437Z,2,2,0.004154680762439966,0.0027784460689872503,0.9930669069290161
gue_splice_reconstructed_lora__evo2_1b_base__20260515T200437Z,1,1,7.194407226052135e-05,0.9839462041854858,0.015981856733560562
gue_splice_reconstructed_lora__evo2_1b_base__20260515T200437Z,2,2,0.0046211127191782,0.004294749815016985,0.9910842180252075
gue_splice_reconstructed_lora__evo2_1b_base__20260515T200437Z,1,1,9.022989252116531e-05,0.9838570356369019,0.016052749007940292
gue_splice_reconstructed_lora__evo2_1b_base__20260515T200437Z,0,2,0.0049024964682757854,0.005437178537249565,0.9896602630615234
gue_splice_reconstructed_lora__evo2_1b_base__20260515T200437Z,1,1,7.56807712605223e-05,0.9876528978347778,0.012271380983293056
gue_splice_reconstructed_lora__evo2_1b_base__20260515T200437Z,0,0,0.9774801135063171,6.431719521060586e-05,0.02245560847222805
gue_splice_reconstructed_lora__evo2_1b_base__20260515T200437Z,2,2,0.0062583815306425095,0.06309948861598969,0.9306421279907227
gue_splice_reconstructed_lora__evo2_1b_base__20260515T200437Z,1,1,3.517373988870531e-05,0.9948028326034546,0.005161948036402464
gue_splice_reconstructed_lora__evo2_1b_base__20260515T200437Z,1,1,0.0004067138652317226,0.9516212344169617,0.04797203838825226
gue_splice_reconstructed_lora__evo2_1b_base__20260515T200437Z,1,1,0.0001008169274427928,0.9931319355964661,0.006767244543880224
gue_splice_reconstructed_lora__evo2_1b_base__20260515T200437Z,2,2,0.003936002496629953,0.003353515872731805,0.9927104711532593
gue_splice_reconstructed_lora__evo2_1b_base__20260515T200437Z,0,0,0.9931981563568115,3.337824091431685e-05,0.006768522318452597
gue_splice_reconstructed_lora__evo2_1b_base__20260515T200437Z,1,1,7.022097997833043e-05,0.9947441816329956,0.005185642745345831
gue_splice_reconstructed_lora__evo2_1b_base__20260515T200437Z,1,1,0.0008600277360528708,0.9105538725852966,0.08858609944581985
gue_splice_reconstructed_lora__evo2_1b_base__20260515T200437Z,1,1,7.637710950803012e-05,0.9928544163703918,0.007069288287311792
gue_splice_reconstructed_lora__evo2_1b_base__20260515T200437Z,2,2,0.0028724956791847944,0.003004475962370634,0.9941230416297913
gue_splice_reconstructed_lora__evo2_1b_base__20260515T200437Z,2,2,0.003007948398590088,0.004631584510207176,0.992360532283783
gue_splice_reconstructed_lora__evo2_1b_base__20260515T200437Z,2,2,0.0018032841617241502,0.001882457989268005,0.9963142275810242
gue_splice_reconstructed_lora__evo2_1b_base__20260515T200437Z,1,1,0.001962096430361271,0.5796880125999451,0.41834989190101624
gue_splice_reconstructed_lora__evo2_1b_base__20260515T200437Z,0,0,0.9845519661903381,8.030881872400641e-05,0.015367803163826466
gue_splice_reconstructed_lora__evo2_1b_base__20260515T200437Z,2,2,0.0026447135023772717,0.0018735519843176007,0.9954817295074463
gue_splice_reconstructed_lora__evo2_1b_base__20260515T200437Z,2,2,0.00992992427200079,0.0016194331692531705,0.9884506464004517
gue_splice_reconstructed_lora__evo2_1b_base__20260515T200437Z,2,2,0.002537183929234743,0.005381719674915075,0.9920810461044312
gue_splice_reconstructed_lora__evo2_1b_base__20260515T200437Z,2,2,0.02976963296532631,0.0025187483988702297,0.9677116274833679
gue_splice_reconstructed_lora__evo2_1b_base__20260515T200437Z,1,1,0.00017508734890725464,0.9750900268554688,0.024734854698181152
gue_splice_reconstructed_lora__evo2_1b_base__20260515T200437Z,0,0,0.9869577884674072,6.648084672633559e-05,0.012975776568055153
gue_splice_reconstructed_lora__evo2_1b_base__20260515T200437Z,1,1,0.00024295924231410027,0.9803138971328735,0.019443117082118988
gue_splice_reconstructed_lora__evo2_1b_base__20260515T200437Z,0,0,0.9853286147117615,8.861703827278689e-05,0.014582766219973564
gue_splice_reconstructed_lora__evo2_1b_base__20260515T200437Z,2,2,0.0071964021772146225,0.0021293307654559612,0.9906743168830872
gue_splice_reconstructed_lora__evo2_1b_base__20260515T200437Z,2,2,0.0039015146903693676,0.0024296133778989315,0.9936688542366028
gue_splice_reconstructed_lora__evo2_1b_base__20260515T200437Z,2,2,0.00224582408554852,0.002674807095900178,0.9950793981552124
gue_splice_reconstructed_lora__evo2_1b_base__20260515T200437Z,0,0,0.9330623149871826,6.902773748151958e-05,0.0668686181306839
gue_splice_reconstructed_lora__evo2_1b_base__20260515T200437Z,2,2,0.0462510921061039,0.0031035039573907852,0.950645387172699
gue_splice_reconstructed_lora__evo2_1b_base__20260515T200437Z,2,2,0.007406523451209068,0.003397583030164242,0.9891959428787231
gue_splice_reconstructed_lora__evo2_1b_base__20260515T200437Z,0,0,0.9878534078598022,6.449390639318153e-05,0.012082108296453953
gue_splice_reconstructed_lora__evo2_1b_base__20260515T200437Z,0,0,0.9848079681396484,5.478009916259907e-05,0.015137174166738987
gue_splice_reconstructed_lora__evo2_1b_base__20260515T200437Z,0,0,0.9939795732498169,2.4249067791970447e-05,0.005996169522404671
gue_splice_reconstructed_lora__evo2_1b_base__20260515T200437Z,1,1,4.969775181962177e-05,0.9928187727928162,0.007131439168006182
gue_splice_reconstructed_lora__evo2_1b_base__20260515T200437Z,1,1,6.46269108983688e-05,0.9898905754089355,0.010044737718999386
gue_splice_reconstructed_lora__evo2_1b_base__20260515T200437Z,0,0,0.9930320978164673,2.5587705749785528e-05,0.006942266132682562
gue_splice_reconstructed_lora__evo2_1b_base__20260515T200437Z,0,0,0.9861270189285278,5.839121877215803e-05,0.013814500533044338
gue_splice_reconstructed_lora__evo2_1b_base__20260515T200437Z,2,2,0.009245428256690502,0.0019541007932275534,0.9888004064559937
gue_splice_reconstructed_lora__evo2_1b_base__20260515T200437Z,2,2,0.005567259155213833,0.0016650776378810406,0.9927676916122437
gue_splice_reconstructed_lora__evo2_1b_base__20260515T200437Z,2,2,0.007745245937258005,0.003260383615270257,0.9889944195747375
gue_splice_reconstructed_lora__evo2_1b_base__20260515T200437Z,1,1,5.3157327783992514e-05,0.9937028288841248,0.00624395627528429
gue_splice_reconstructed_lora__evo2_1b_base__20260515T200437Z,2,2,0.00474704522639513,0.007519376929849386,0.9877336025238037
gue_splice_reconstructed_lora__evo2_1b_base__20260515T200437Z,2,2,0.00365569069981575,0.015825413167476654,0.9805189371109009
gue_splice_reconstructed_lora__evo2_1b_base__20260515T200437Z,0,0,0.9891806244850159,4.83686089864932e-05,0.010771002620458603
gue_splice_reconstructed_lora__evo2_1b_base__20260515T200437Z,0,0,0.91731196641922,7.056587492115796e-05,0.08261745423078537
gue_splice_reconstructed_lora__evo2_1b_base__20260515T200437Z,2,2,0.004669071640819311,0.002723445650190115,0.9926074743270874
gue_splice_reconstructed_lora__evo2_1b_base__20260515T200437Z,0,0,0.9897221922874451,2.9467988497344777e-05,0.010248299688100815
gue_splice_reconstructed_lora__evo2_1b_base__20260515T200437Z,0,0,0.9945952296257019,1.6037582099670544e-05,0.0053887758404016495
gue_splice_reconstructed_lora__evo2_1b_base__20260515T200437Z,2,2,0.0020885071717202663,0.0031877043657004833,0.9947237968444824
gue_splice_reconstructed_lora__evo2_1b_base__20260515T200437Z,2,2,0.005891941022127867,0.005169243086129427,0.9889388084411621
gue_splice_reconstructed_lora__evo2_1b_base__20260515T200437Z,2,2,0.003687669523060322,0.005282343365252018,0.9910299777984619
gue_splice_reconstructed_lora__evo2_1b_base__20260515T200437Z,2,2,0.014666622504591942,0.0032502710819244385,0.9820830821990967
gue_splice_reconstructed_lora__evo2_1b_base__20260515T200437Z,1,1,8.559381240047514e-05,0.993498682975769,0.006415727082639933
gue_splice_reconstructed_lora__evo2_1b_base__20260515T200437Z,2,2,0.005320705473423004,0.007117961533367634,0.9875613451004028
gue_splice_reconstructed_lora__evo2_1b_base__20260515T200437Z,1,1,0.00019305867317598313,0.9637808799743652,0.03602607175707817
gue_splice_reconstructed_lora__evo2_1b_base__20260515T200437Z,1,1,3.7465601053554565e-05,0.9954231381416321,0.0045393649488687515
gue_splice_reconstructed_lora__evo2_1b_base__20260515T200437Z,2,2,0.009639374911785126,0.009994043037295341,0.9803666472434998
gue_splice_reconstructed_lora__evo2_1b_base__20260515T200437Z,1,1,7.969357102410868e-05,0.9923949241638184,0.007525409106165171
gue_splice_reconstructed_lora__evo2_1b_base__20260515T200437Z,1,2,0.006994379684329033,0.013067221269011497,0.9799384474754333
gue_splice_reconstructed_lora__evo2_1b_base__20260515T200437Z,1,1,4.808546509593725e-05,0.9949820637702942,0.004969942383468151
gue_splice_reconstructed_lora__evo2_1b_base__20260515T200437Z,2,2,0.0024008394684642553,0.004124043043702841,0.9934751391410828
gue_splice_reconstructed_lora__evo2_1b_base__20260515T200437Z,2,2,0.012524861842393875,0.0031329451594501734,0.9843421578407288
gue_splice_reconstructed_lora__evo2_1b_base__20260515T200437Z,2,2,0.0026839261408895254,0.0027368615847080946,0.9945791959762573
gue_splice_reconstructed_lora__evo2_1b_base__20260515T200437Z,2,2,0.007102118339389563,0.0027115014381706715,0.990186333656311
gue_splice_reconstructed_lora__evo2_1b_base__20260515T200437Z,2,2,0.0038072094321250916,0.004516759887337685,0.9916759729385376
gue_splice_reconstructed_lora__evo2_1b_base__20260515T200437Z,1,1,0.00020914764900226146,0.9543843269348145,0.04540655016899109
gue_splice_reconstructed_lora__evo2_1b_base__20260515T200437Z,0,0,0.985867440700531,5.613950270344503e-05,0.014076383784413338
gue_splice_reconstructed_lora__evo2_1b_base__20260515T200437Z,2,2,0.004276224412024021,0.004084389191120863,0.9916394352912903
gue_splice_reconstructed_lora__evo2_1b_base__20260515T200437Z,2,2,0.02505725994706154,0.016130859032273293,0.9588119387626648
gue_splice_reconstructed_lora__evo2_1b_base__20260515T200437Z,2,2,0.006030275486409664,0.030046604573726654,0.9639230966567993
gue_splice_reconstructed_lora__evo2_1b_base__20260515T200437Z,2,2,0.0018914685351774096,0.004815904423594475,0.9932926893234253
gue_splice_reconstructed_lora__evo2_1b_base__20260515T200437Z,0,0,0.9860390424728394,5.295381197356619e-05,0.013908018358051777
gue_splice_reconstructed_lora__evo2_1b_base__20260515T200437Z,2,2,0.03607366979122162,0.0025170501321554184,0.9614092111587524
gue_splice_reconstructed_lora__evo2_1b_base__20260515T200437Z,1,1,0.0002629739756230265,0.9623497128486633,0.03738730028271675
gue_splice_reconstructed_lora__evo2_1b_base__20260515T200437Z,2,2,0.00931430421769619,0.005643896758556366,0.9850417971611023
gue_splice_reconstructed_lora__evo2_1b_base__20260515T200437Z,1,1,0.0001634417421882972,0.9841973185539246,0.015639225021004677
gue_splice_reconstructed_lora__evo2_1b_base__20260515T200437Z,0,0,0.8411936163902283,0.0007507650298066437,0.15805558860301971
gue_splice_reconstructed_lora__evo2_1b_base__20260515T200437Z,0,0,0.9943020343780518,2.323672015336342e-05,0.0056747435592114925
gue_splice_reconstructed_lora__evo2_1b_base__20260515T200437Z,2,2,0.0015869978815317154,0.004850257188081741,0.9935628175735474
gue_splice_reconstructed_lora__evo2_1b_base__20260515T200437Z,2,2,0.0019530615536496043,0.003964603878557682,0.9940823912620544
gue_splice_reconstructed_lora__evo2_1b_base__20260515T200437Z,2,2,0.003287899773567915,0.005197911057621241,0.9915142059326172
gue_splice_reconstructed_lora__evo2_1b_base__20260515T200437Z,1,1,0.00028525659581646323,0.9768232107162476,0.02289149910211563
gue_splice_reconstructed_lora__evo2_1b_base__20260515T200437Z,1,1,0.0001711416116449982,0.9738141894340515,0.026014704257249832
gue_splice_reconstructed_lora__evo2_1b_base__20260515T200437Z,2,2,0.003110181773081422,0.002370727015659213,0.994519054889679
gue_splice_reconstructed_lora__evo2_1b_base__20260515T200437Z,2,2,0.00846729427576065,0.00227671698667109,0.9892560243606567
gue_splice_reconstructed_lora__evo2_1b_base__20260515T200437Z,1,1,7.099370122887194e-05,0.9939737915992737,0.005955285858362913
gue_splice_reconstructed_lora__evo2_1b_base__20260515T200437Z,2,2,0.0033403420820832253,0.003008919535204768,0.9936507344245911
gue_splice_reconstructed_lora__evo2_1b_base__20260515T200437Z,2,2,0.47554320096969604,0.0011536990059539676,0.5233030915260315
gue_splice_reconstructed_lora__evo2_1b_base__20260515T200437Z,2,2,0.006968945264816284,0.004181716125458479,0.988849401473999
gue_splice_reconstructed_lora__evo2_1b_base__20260515T200437Z,2,2,0.00600814213976264,0.0021527549251914024,0.9918391108512878
gue_splice_reconstructed_lora__evo2_1b_base__20260515T200437Z,2,2,0.002768041333183646,0.004011774435639381,0.9932202100753784
gue_splice_reconstructed_lora__evo2_1b_base__20260515T200437Z,2,2,0.014330982230603695,0.004742037039250135,0.9809269905090332
gue_splice_reconstructed_lora__evo2_1b_base__20260515T200437Z,2,2,0.0071114893071353436,0.00718829408288002,0.985700249671936
gue_splice_reconstructed_lora__evo2_1b_base__20260515T200437Z,0,0,0.9925183057785034,2.4884639060474e-05,0.007456842809915543
gue_splice_reconstructed_lora__evo2_1b_base__20260515T200437Z,2,2,0.0019784646574407816,0.002741466276347637,0.9952801465988159
gue_splice_reconstructed_lora__evo2_1b_base__20260515T200437Z,2,2,0.007221451494842768,0.19942043721675873,0.7933581471443176
gue_splice_reconstructed_lora__evo2_1b_base__20260515T200437Z,2,2,0.0036220764741301537,0.00280713546089828,0.9935708045959473
gue_splice_reconstructed_lora__evo2_1b_base__20260515T200437Z,1,1,2.795043656078633e-05,0.9954016208648682,0.004570402670651674
gue_splice_reconstructed_lora__evo2_1b_base__20260515T200437Z,2,2,0.29016977548599243,0.0007129650330170989,0.7091172337532043
gue_splice_reconstructed_lora__evo2_1b_base__20260515T200437Z,2,2,0.017174674198031425,0.002993267262354493,0.979832112789154
gue_splice_reconstructed_lora__evo2_1b_base__20260515T200437Z,2,2,0.0019791300874203444,0.002406010404229164,0.9956148862838745
gue_splice_reconstructed_lora__evo2_1b_base__20260515T200437Z,2,2,0.0020720134489238262,0.011059895157814026,0.986868143081665
gue_splice_reconstructed_lora__evo2_1b_base__20260515T200437Z,2,2,0.010806587524712086,0.003024417208507657,0.9861689805984497
gue_splice_reconstructed_lora__evo2_1b_base__20260515T200437Z,1,1,8.739907934796065e-05,0.9909529685974121,0.008959679864346981
gue_splice_reconstructed_lora__evo2_1b_base__20260515T200437Z,1,1,6.419400597224012e-05,0.9948499798774719,0.005085884127765894
gue_splice_reconstructed_lora__evo2_1b_base__20260515T200437Z,0,0,0.9907981157302856,4.12779554608278e-05,0.009160649962723255
gue_splice_reconstructed_lora__evo2_1b_base__20260515T200437Z,2,2,0.009841939434409142,0.0018170233815908432,0.9883410334587097
gue_splice_reconstructed_lora__evo2_1b_base__20260515T200437Z,1,1,6.904354086145759e-05,0.9895937442779541,0.010337268933653831
gue_splice_reconstructed_lora__evo2_1b_base__20260515T200437Z,2,2,0.0026012964081019163,0.0038108257576823235,0.993587851524353
gue_splice_reconstructed_lora__evo2_1b_base__20260515T200437Z,2,2,0.0016920383786782622,0.0031642329413443804,0.9951437711715698
gue_splice_reconstructed_lora__evo2_1b_base__20260515T200437Z,2,2,0.0020536163356155157,0.004437583964318037,0.9935088157653809
gue_splice_reconstructed_lora__evo2_1b_base__20260515T200437Z,1,1,3.940063834306784e-05,0.9950026869773865,0.004957926459610462
gue_splice_reconstructed_lora__evo2_1b_base__20260515T200437Z,0,0,0.9198359847068787,0.00010295523679815233,0.08006102591753006
gue_splice_reconstructed_lora__evo2_1b_base__20260515T200437Z,2,2,0.0435904935002327,0.004628178663551807,0.9517812728881836
gue_splice_reconstructed_lora__evo2_1b_base__20260515T200437Z,0,0,0.9893575310707092,4.688884655479342e-05,0.01059555634856224
gue_splice_reconstructed_lora__evo2_1b_base__20260515T200437Z,2,2,0.006433392409235239,0.004602230619639158,0.988964319229126
gue_splice_reconstructed_lora__evo2_1b_base__20260515T200437Z,1,1,0.0006336131482385099,0.869825541973114,0.12954078614711761
gue_splice_reconstructed_lora__evo2_1b_base__20260515T200437Z,2,2,0.0057564084418118,0.0022388845682144165,0.9920046925544739
gue_splice_reconstructed_lora__evo2_1b_base__20260515T200437Z,2,2,0.0021239479538053274,0.0038989160675555468,0.9939770698547363
gue_splice_reconstructed_lora__evo2_1b_base__20260515T200437Z,0,0,0.9806903004646301,6.762520206393674e-05,0.019242173060774803
gue_splice_reconstructed_lora__evo2_1b_base__20260515T200437Z,2,2,0.011296223849058151,0.013665826059877872,0.9750379323959351
gue_splice_reconstructed_lora__evo2_1b_base__20260515T200437Z,2,2,0.008909516967833042,0.003638647496700287,0.9874518513679504
gue_splice_reconstructed_lora__evo2_1b_base__20260515T200437Z,2,2,0.0024638124741613865,0.002592159202322364,0.9949440360069275
gue_splice_reconstructed_lora__evo2_1b_base__20260515T200437Z,2,2,0.0015731340972706676,0.011618300341069698,0.9868085384368896
gue_splice_reconstructed_lora__evo2_1b_base__20260515T200437Z,0,0,0.9908051490783691,2.9615692255902104e-05,0.009165188297629356
gue_splice_reconstructed_lora__evo2_1b_base__20260515T200437Z,2,0,0.9260417819023132,0.0004983640974387527,0.07345990091562271
gue_splice_reconstructed_lora__evo2_1b_base__20260515T200437Z,2,2,0.011292198672890663,0.0015644739614799619,0.987143337726593
gue_splice_reconstructed_lora__evo2_1b_base__20260515T200437Z,2,2,0.004139183554798365,0.004563796333968639,0.9912970066070557
gue_splice_reconstructed_lora__evo2_1b_base__20260515T200437Z,2,2,0.001370416721329093,0.0053100804798305035,0.9933195114135742
gue_splice_reconstructed_lora__evo2_1b_base__20260515T200437Z,2,2,0.0019820898305624723,0.004801447503268719,0.9932164549827576
gue_splice_reconstructed_lora__evo2_1b_base__20260515T200437Z,2,2,0.002308512572199106,0.008240527473390102,0.989450991153717
gue_splice_reconstructed_lora__evo2_1b_base__20260515T200437Z,1,1,8.88928261701949e-05,0.984541654586792,0.015369516797363758
gue_splice_reconstructed_lora__evo2_1b_base__20260515T200437Z,1,1,0.0008308306569233537,0.6639882326126099,0.33518099784851074
gue_splice_reconstructed_lora__evo2_1b_base__20260515T200437Z,1,1,0.00012445940228644758,0.9851430058479309,0.014732538722455502
gue_splice_reconstructed_lora__evo2_1b_base__20260515T200437Z,2,2,0.08856749534606934,0.0015142454067245126,0.9099182486534119
gue_splice_reconstructed_lora__evo2_1b_base__20260515T200437Z,0,0,0.9878996014595032,5.895496724406257e-05,0.012041444890201092
gue_splice_reconstructed_lora__evo2_1b_base__20260515T200437Z,2,2,0.014695351012051105,0.0027383496053516865,0.9825663566589355
gue_splice_reconstructed_lora__evo2_1b_base__20260515T200437Z,2,2,0.0024935612455010414,0.005191955249756575,0.9923145174980164
gue_splice_reconstructed_lora__evo2_1b_base__20260515T200437Z,2,2,0.015981771051883698,0.003434431040659547,0.9805837869644165
gue_splice_reconstructed_lora__evo2_1b_base__20260515T200437Z,2,2,0.0049687703140079975,0.003678081091493368,0.9913530945777893
gue_splice_reconstructed_lora__evo2_1b_base__20260515T200437Z,2,2,0.0046641286462545395,0.0018408242613077164,0.9934950470924377
gue_splice_reconstructed_lora__evo2_1b_base__20260515T200437Z,2,2,0.008873570710420609,0.004772929009050131,0.9863535165786743
gue_splice_reconstructed_lora__evo2_1b_base__20260515T200437Z,0,0,0.9882092475891113,3.6049743357580155e-05,0.011754707433283329
gue_splice_reconstructed_lora__evo2_1b_base__20260515T200437Z,2,0,0.5320349931716919,0.0016444604843854904,0.46632057428359985
gue_splice_reconstructed_lora__evo2_1b_base__20260515T200437Z,0,0,0.9952772855758667,2.4759619918768294e-05,0.0046979463659226894
gue_splice_reconstructed_lora__evo2_1b_base__20260515T200437Z,1,1,4.452758003026247e-05,0.9923464059829712,0.0076090991497039795
gue_splice_reconstructed_lora__evo2_1b_base__20260515T200437Z,2,2,0.006516508758068085,0.004379251506179571,0.9891042709350586
gue_splice_reconstructed_lora__evo2_1b_base__20260515T200437Z,0,0,0.9524244666099548,0.00022656144574284554,0.04734900966286659
gue_splice_reconstructed_lora__evo2_1b_base__20260515T200437Z,2,2,0.014151763170957565,0.003374494146555662,0.9824736714363098
gue_splice_reconstructed_lora__evo2_1b_base__20260515T200437Z,2,2,0.00629617553204298,0.19443894922733307,0.7992649078369141
gue_splice_reconstructed_lora__evo2_1b_base__20260515T200437Z,2,2,0.005889541003853083,0.007503469940274954,0.9866069555282593
gue_splice_reconstructed_lora__evo2_1b_base__20260515T200437Z,2,2,0.0059549035504460335,0.004251623991876841,0.9897935390472412
gue_splice_reconstructed_lora__evo2_1b_base__20260515T200437Z,2,2,0.01298726536333561,0.0035125846043229103,0.9835001230239868
gue_splice_reconstructed_lora__evo2_1b_base__20260515T200437Z,2,2,0.0035820070188492537,0.02053266391158104,0.9758853316307068
gue_splice_reconstructed_lora__evo2_1b_base__20260515T200437Z,2,2,0.0025695094373077154,0.008286383002996445,0.9891441464424133
gue_splice_reconstructed_lora__evo2_1b_base__20260515T200437Z,1,1,7.827569061191753e-05,0.9939635396003723,0.0059581333771348
gue_splice_reconstructed_lora__evo2_1b_base__20260515T200437Z,2,2,0.002782910829409957,0.004495108500123024,0.9927219748497009
gue_splice_reconstructed_lora__evo2_1b_base__20260515T200437Z,2,2,0.22139862179756165,0.0028198491781949997,0.775781512260437
gue_splice_reconstructed_lora__evo2_1b_base__20260515T200437Z,1,1,4.106571577722207e-05,0.9934346675872803,0.006524298805743456
gue_splice_reconstructed_lora__evo2_1b_base__20260515T200437Z,2,2,0.004255735315382481,0.005960662383586168,0.9897835850715637
gue_splice_reconstructed_lora__evo2_1b_base__20260515T200437Z,2,0,0.6133604049682617,0.0005527960602194071,0.38608676195144653
gue_splice_reconstructed_lora__evo2_1b_base__20260515T200437Z,2,2,0.0013264877488836646,0.004735065624117851,0.9939384460449219
gue_splice_reconstructed_lora__evo2_1b_base__20260515T200437Z,1,1,0.0003481114108581096,0.9485395550727844,0.05111229419708252
gue_splice_reconstructed_lora__evo2_1b_base__20260515T200437Z,1,1,0.0006835861131548882,0.7886941432952881,0.21062223613262177
gue_splice_reconstructed_lora__evo2_1b_base__20260515T200437Z,2,2,0.0018851272761821747,0.0023346510715782642,0.9957802295684814
gue_splice_reconstructed_lora__evo2_1b_base__20260515T200437Z,1,1,7.069098501233384e-05,0.9936093091964722,0.0063200476579368114
gue_splice_reconstructed_lora__evo2_1b_base__20260515T200437Z,2,2,0.0080729303881526,0.002515573985874653,0.9894115328788757
gue_splice_reconstructed_lora__evo2_1b_base__20260515T200437Z,2,2,0.004350678529590368,0.003355384338647127,0.9922939538955688
gue_splice_reconstructed_lora__evo2_1b_base__20260515T200437Z,2,2,0.0021988442167639732,0.002379840239882469,0.9954213500022888
gue_splice_reconstructed_lora__evo2_1b_base__20260515T200437Z,1,1,6.022231173119508e-05,0.9934911131858826,0.006448655389249325
gue_splice_reconstructed_lora__evo2_1b_base__20260515T200437Z,1,1,0.00010499917698325589,0.9831173419952393,0.016777686774730682
gue_splice_reconstructed_lora__evo2_1b_base__20260515T200437Z,2,2,0.007696317974478006,0.006673630326986313,0.9856300950050354
gue_splice_reconstructed_lora__evo2_1b_base__20260515T200437Z,2,2,0.011870353482663631,0.010455111041665077,0.9776745438575745
gue_splice_reconstructed_lora__evo2_1b_base__20260515T200437Z,2,2,0.015184872783720493,0.0031550698913633823,0.9816600680351257
gue_splice_reconstructed_lora__evo2_1b_base__20260515T200437Z,0,2,0.47966286540031433,0.003719943342730403,0.5166171789169312
gue_splice_reconstructed_lora__evo2_1b_base__20260515T200437Z,2,2,0.008482499979436398,0.0024184396024793386,0.9890990257263184
gue_splice_reconstructed_lora__evo2_1b_base__20260515T200437Z,2,2,0.13417908549308777,0.001056990004144609,0.8647639155387878
gue_splice_reconstructed_lora__evo2_1b_base__20260515T200437Z,1,2,0.0034136122558265924,0.02004120871424675,0.9765451550483704
gue_splice_reconstructed_lora__evo2_1b_base__20260515T200437Z,2,2,0.025302143767476082,0.0016576903872191906,0.9730401039123535
gue_splice_reconstructed_lora__evo2_1b_base__20260515T200437Z,2,2,0.014171911403536797,0.002915983321145177,0.9829120635986328
gue_splice_reconstructed_lora__evo2_1b_base__20260515T200437Z,0,0,0.5067721605300903,0.0010871181730180979,0.4921407401561737
gue_splice_reconstructed_lora__evo2_1b_base__20260515T200437Z,1,2,0.004478317219763994,0.0170751865953207,0.9784464836120605
gue_splice_reconstructed_lora__evo2_1b_base__20260515T200437Z,0,0,0.9788984060287476,3.771736373892054e-05,0.021063899621367455
gue_splice_reconstructed_lora__evo2_1b_base__20260515T200437Z,0,0,0.9828951358795166,6.884457980049774e-05,0.017035963013768196
gue_splice_reconstructed_lora__evo2_1b_base__20260515T200437Z,2,2,0.002618882106617093,0.06317149102687836,0.9342095851898193
gue_splice_reconstructed_lora__evo2_1b_base__20260515T200437Z,2,2,0.003457786049693823,0.011216503567993641,0.9853257536888123
gue_splice_reconstructed_lora__evo2_1b_base__20260515T200437Z,2,2,0.0035696877166628838,0.004719840362668037,0.9917104840278625
gue_splice_reconstructed_lora__evo2_1b_base__20260515T200437Z,0,0,0.9858571290969849,6.666661647614092e-05,0.014076236635446548
gue_splice_reconstructed_lora__evo2_1b_base__20260515T200437Z,2,2,0.005640853196382523,0.004062953870743513,0.9902961850166321
gue_splice_reconstructed_lora__evo2_1b_base__20260515T200437Z,2,2,0.014148768037557602,0.004544352646917105,0.9813069105148315
gue_splice_reconstructed_lora__evo2_1b_base__20260515T200437Z,2,2,0.0023075861390680075,0.004767337813973427,0.9929250478744507
gue_splice_reconstructed_lora__evo2_1b_base__20260515T200437Z,2,2,0.01000746339559555,0.0015756979119032621,0.988416850566864
gue_splice_reconstructed_lora__evo2_1b_base__20260515T200437Z,0,0,0.9932697415351868,2.4613345885882154e-05,0.0067056831903755665
gue_splice_reconstructed_lora__evo2_1b_base__20260515T200437Z,2,2,0.004038022831082344,0.003054018598049879,0.9929080009460449
gue_splice_reconstructed_lora__evo2_1b_base__20260515T200437Z,1,1,5.30773468199186e-05,0.9922077059745789,0.007739172782748938
gue_splice_reconstructed_lora__evo2_1b_base__20260515T200437Z,2,2,0.011907621286809444,0.0015849883202463388,0.9865074157714844
gue_splice_reconstructed_lora__evo2_1b_base__20260515T200437Z,2,2,0.0031095491722226143,0.0035442872904241085,0.9933462142944336
gue_splice_reconstructed_lora__evo2_1b_base__20260515T200437Z,2,0,0.9759600758552551,4.465603342396207e-05,0.023995233699679375
gue_splice_reconstructed_lora__evo2_1b_base__20260515T200437Z,2,2,0.029630426317453384,0.0034132637083530426,0.9669563174247742
gue_splice_reconstructed_lora__evo2_1b_base__20260515T200437Z,2,2,0.0818314328789711,0.0048022763803601265,0.9133662581443787
gue_splice_reconstructed_lora__evo2_1b_base__20260515T200437Z,0,2,0.0023604801390320063,0.003543500555679202,0.994096040725708
gue_splice_reconstructed_lora__evo2_1b_base__20260515T200437Z,2,2,0.009095370769500732,0.007166978903114796,0.983737587928772
gue_splice_reconstructed_lora__evo2_1b_base__20260515T200437Z,1,1,4.1829520341707394e-05,0.9962239265441895,0.003734247526153922
gue_splice_reconstructed_lora__evo2_1b_base__20260515T200437Z,1,2,0.004954367410391569,0.01521588396281004,0.9798297882080078
gue_splice_reconstructed_lora__evo2_1b_base__20260515T200437Z,2,2,0.003251419635489583,0.006613101344555616,0.9901354908943176
gue_splice_reconstructed_lora__evo2_1b_base__20260515T200437Z,2,2,0.008959394879639149,0.001931936712935567,0.989108681678772
gue_splice_reconstructed_lora__evo2_1b_base__20260515T200437Z,0,0,0.9959088563919067,1.3682238204637542e-05,0.004077511373907328
gue_splice_reconstructed_lora__evo2_1b_base__20260515T200437Z,2,1,0.0004926891415379941,0.8977895379066467,0.10171769559383392
gue_splice_reconstructed_lora__evo2_1b_base__20260515T200437Z,2,2,0.004412561189383268,0.005749448202550411,0.9898380041122437
gue_splice_reconstructed_lora__evo2_1b_base__20260515T200437Z,2,1,0.0018882169388234615,0.5903704166412354,0.40774136781692505
gue_splice_reconstructed_lora__evo2_1b_base__20260515T200437Z,0,0,0.9734991192817688,5.924141805735417e-05,0.026441635563969612
gue_splice_reconstructed_lora__evo2_1b_base__20260515T200437Z,2,2,0.0023865546099841595,0.006184209603816271,0.9914292693138123
gue_splice_reconstructed_lora__evo2_1b_base__20260515T200437Z,1,1,0.00013053089787717909,0.9858874678611755,0.013981943018734455
gue_splice_reconstructed_lora__evo2_1b_base__20260515T200437Z,0,0,0.9873751401901245,4.90406273456756e-05,0.012575729750096798
gue_splice_reconstructed_lora__evo2_1b_base__20260515T200437Z,2,2,0.004893745761364698,0.005281076300889254,0.9898251891136169
gue_splice_reconstructed_lora__evo2_1b_base__20260515T200437Z,2,2,0.0038394907023757696,0.019243165850639343,0.9769173860549927
gue_splice_reconstructed_lora__evo2_1b_base__20260515T200437Z,2,2,0.02137126959860325,0.0027517653070390224,0.9758769273757935
gue_splice_reconstructed_lora__evo2_1b_base__20260515T200437Z,2,2,0.0028440780006349087,0.004178718663752079,0.9929772019386292
gue_splice_reconstructed_lora__evo2_1b_base__20260515T200437Z,2,2,0.003086133860051632,0.0062219975516200066,0.9906918406486511
gue_splice_reconstructed_lora__evo2_1b_base__20260515T200437Z,1,1,5.580695506068878e-05,0.9954608082771301,0.004483364522457123
gue_splice_reconstructed_lora__evo2_1b_base__20260515T200437Z,2,2,0.015873298048973083,0.004475084133446217,0.9796516299247742
gue_splice_reconstructed_lora__evo2_1b_base__20260515T200437Z,2,2,0.003668771358206868,0.006521159317344427,0.9898101091384888
gue_splice_reconstructed_lora__evo2_1b_base__20260515T200437Z,2,2,0.012558866292238235,0.03731121867895126,0.9501299262046814
gue_splice_reconstructed_lora__evo2_1b_base__20260515T200437Z,0,0,0.9873298406600952,6.420842692023143e-05,0.012605891562998295
gue_splice_reconstructed_lora__evo2_1b_base__20260515T200437Z,2,1,0.0005708504468202591,0.8132924437522888,0.18613670766353607
gue_splice_reconstructed_lora__evo2_1b_base__20260515T200437Z,1,1,4.0312886994797736e-05,0.9944573640823364,0.005502352491021156
gue_splice_reconstructed_lora__evo2_1b_base__20260515T200437Z,0,2,0.3374033272266388,0.0032820445485413074,0.6593146324157715
gue_splice_reconstructed_lora__evo2_1b_base__20260515T200437Z,2,2,0.009476270526647568,0.0019612766336649656,0.9885624647140503
gue_splice_reconstructed_lora__evo2_1b_base__20260515T200437Z,0,0,0.991548478603363,3.688497963594273e-05,0.008414705283939838
gue_splice_reconstructed_lora__evo2_1b_base__20260515T200437Z,2,2,0.0017685159109532833,0.003799194935709238,0.994432270526886
gue_splice_reconstructed_lora__evo2_1b_base__20260515T200437Z,2,2,0.0034226628486067057,0.002023903885856271,0.9945534467697144
gue_splice_reconstructed_lora__evo2_1b_base__20260515T200437Z,2,2,0.00617797439917922,0.011099809780716896,0.9827221632003784
gue_splice_reconstructed_lora__evo2_1b_base__20260515T200437Z,2,2,0.007975139655172825,0.08274098485708237,0.9092838168144226
gue_splice_reconstructed_lora__evo2_1b_base__20260515T200437Z,2,2,0.09904760867357254,0.002056671539321542,0.8988956809043884
gue_splice_reconstructed_lora__evo2_1b_base__20260515T200437Z,2,2,0.0015175595181062818,0.002796676242724061,0.9956858158111572
gue_splice_reconstructed_lora__evo2_1b_base__20260515T200437Z,2,2,0.0028302858117967844,0.0032008765265345573,0.9939688444137573
gue_splice_reconstructed_lora__evo2_1b_base__20260515T200437Z,1,1,0.0003404267190489918,0.9683268666267395,0.031332675367593765
gue_splice_reconstructed_lora__evo2_1b_base__20260515T200437Z,1,1,0.00014237500727176666,0.9867918491363525,0.01306577492505312
gue_splice_reconstructed_lora__evo2_1b_base__20260515T200437Z,0,0,0.987265944480896,4.2436429794179276e-05,0.012691538780927658
gue_splice_reconstructed_lora__evo2_1b_base__20260515T200437Z,2,1,0.0007466646493412554,0.700371503829956,0.298881858587265
gue_splice_reconstructed_lora__evo2_1b_base__20260515T200437Z,2,2,0.0059523805975914,0.0037067614030092955,0.9903408885002136
gue_splice_reconstructed_lora__evo2_1b_base__20260515T200437Z,0,0,0.9935670495033264,3.161362110404298e-05,0.006401303689926863
gue_splice_reconstructed_lora__evo2_1b_base__20260515T200437Z,2,2,0.0054072788916528225,0.00652242312207818,0.9880703091621399
gue_splice_reconstructed_lora__evo2_1b_base__20260515T200437Z,2,2,0.00392194977030158,0.005945321638137102,0.9901326894760132
gue_splice_reconstructed_lora__evo2_1b_base__20260515T200437Z,2,2,0.004856145940721035,0.005220069084316492,0.9899237751960754
gue_splice_reconstructed_lora__evo2_1b_base__20260515T200437Z,2,2,0.003535294206812978,0.0027318636421114206,0.9937328696250916
gue_splice_reconstructed_lora__evo2_1b_base__20260515T200437Z,1,1,0.00019379894365556538,0.9450648427009583,0.054741423577070236
gue_splice_reconstructed_lora__evo2_1b_base__20260515T200437Z,1,1,4.3150281271664426e-05,0.9960612654685974,0.0038956613279879093
gue_splice_reconstructed_lora__evo2_1b_base__20260515T200437Z,1,1,3.317397568025626e-05,0.9948621392250061,0.005104606039822102
gue_splice_reconstructed_lora__evo2_1b_base__20260515T200437Z,2,2,0.014331508427858353,0.0027878014370799065,0.9828807711601257
gue_splice_reconstructed_lora__evo2_1b_base__20260515T200437Z,1,1,3.0127785066724755e-05,0.9961944818496704,0.003775387303903699
gue_splice_reconstructed_lora__evo2_1b_base__20260515T200437Z,2,2,0.00973001029342413,0.0026162404101341963,0.9876536726951599
gue_splice_reconstructed_lora__evo2_1b_base__20260515T200437Z,1,1,8.854323095874861e-05,0.9922295212745667,0.007681927643716335
gue_splice_reconstructed_lora__evo2_1b_base__20260515T200437Z,1,2,0.0015313838375732303,0.46588796377182007,0.5325806736946106
gue_splice_reconstructed_lora__evo2_1b_base__20260515T200437Z,2,2,0.010723046958446503,0.0020930166356265545,0.9871838688850403
gue_splice_reconstructed_lora__evo2_1b_base__20260515T200437Z,0,0,0.9944842457771301,2.6645911930245347e-05,0.00548908393830061
gue_splice_reconstructed_lora__evo2_1b_base__20260515T200437Z,0,0,0.9942319989204407,2.1073305106256157e-05,0.005746840965002775
gue_splice_reconstructed_lora__evo2_1b_base__20260515T200437Z,0,0,0.9877467155456543,5.690953184966929e-05,0.012196378782391548
gue_splice_reconstructed_lora__evo2_1b_base__20260515T200437Z,2,2,0.003951996564865112,0.04215732216835022,0.9538906812667847
gue_splice_reconstructed_lora__evo2_1b_base__20260515T200437Z,1,1,7.734446990070865e-05,0.989841639995575,0.010081090964376926
gue_splice_reconstructed_lora__evo2_1b_base__20260515T200437Z,2,2,0.004980140831321478,0.003336984198540449,0.9916828870773315
gue_splice_reconstructed_lora__evo2_1b_base__20260515T200437Z,2,2,0.002223215764388442,0.003047691658139229,0.9947291016578674
gue_splice_reconstructed_lora__evo2_1b_base__20260515T200437Z,2,2,0.001686307368800044,0.004601798951625824,0.9937119483947754
gue_splice_reconstructed_lora__evo2_1b_base__20260515T200437Z,2,2,0.013136141933500767,0.046868231147527695,0.9399955868721008
gue_splice_reconstructed_lora__evo2_1b_base__20260515T200437Z,2,2,0.015500783920288086,0.0075397370383143425,0.9769594669342041
gue_splice_reconstructed_lora__evo2_1b_base__20260515T200437Z,2,2,0.0054467604495584965,0.010863957926630974,0.9836892485618591
gue_splice_reconstructed_lora__evo2_1b_base__20260515T200437Z,0,0,0.9950241446495056,2.0925972421537153e-05,0.004955008160322905
gue_splice_reconstructed_lora__evo2_1b_base__20260515T200437Z,1,1,2.933694122475572e-05,0.9969354867935181,0.003035124624148011
gue_splice_reconstructed_lora__evo2_1b_base__20260515T200437Z,2,2,0.013200415298342705,0.005535088945180178,0.9812644720077515
gue_splice_reconstructed_lora__evo2_1b_base__20260515T200437Z,2,2,0.024497121572494507,0.0017351515125483274,0.9737677574157715
gue_splice_reconstructed_lora__evo2_1b_base__20260515T200437Z,1,1,9.312286420026794e-05,0.9880127906799316,0.01189407892525196
gue_splice_reconstructed_lora__evo2_1b_base__20260515T200437Z,2,2,0.007437444292008877,0.004075383301824331,0.9884872436523438
gue_splice_reconstructed_lora__evo2_1b_base__20260515T200437Z,2,2,0.004035864491015673,0.01419010292738676,0.9817740321159363
gue_splice_reconstructed_lora__evo2_1b_base__20260515T200437Z,0,0,0.9891844987869263,3.917024514521472e-05,0.010776303708553314
gue_splice_reconstructed_lora__evo2_1b_base__20260515T200437Z,1,1,0.00014245403872337192,0.9834903478622437,0.01636725477874279
gue_splice_reconstructed_lora__evo2_1b_base__20260515T200437Z,2,2,0.13550230860710144,0.00348456809297204,0.8610131144523621
gue_splice_reconstructed_lora__evo2_1b_base__20260515T200437Z,2,2,0.004551286809146404,0.022195346653461456,0.9732533693313599
gue_splice_reconstructed_lora__evo2_1b_base__20260515T200437Z,1,1,8.714514115126804e-05,0.9919409155845642,0.007971982471644878
gue_splice_reconstructed_lora__evo2_1b_base__20260515T200437Z,0,0,0.980082094669342,0.00011586466280277818,0.01980196125805378
gue_splice_reconstructed_lora__evo2_1b_base__20260515T200437Z,0,0,0.9945112466812134,1.7003923858283088e-05,0.005471838638186455
gue_splice_reconstructed_lora__evo2_1b_base__20260515T200437Z,1,1,0.000640390848275274,0.959894597530365,0.03946511819958687
gue_splice_reconstructed_lora__evo2_1b_base__20260515T200437Z,0,0,0.991702139377594,2.8506916351034306e-05,0.008269363082945347
gue_splice_reconstructed_lora__evo2_1b_base__20260515T200437Z,2,2,0.002459923503920436,0.0031958369072526693,0.9943442344665527
gue_splice_reconstructed_lora__evo2_1b_base__20260515T200437Z,2,2,0.0053204079158604145,0.007173388265073299,0.9875061511993408
gue_splice_reconstructed_lora__evo2_1b_base__20260515T200437Z,2,2,0.003461621468886733,0.008191239088773727,0.9883471131324768
gue_splice_reconstructed_lora__evo2_1b_base__20260515T200437Z,2,2,0.0018648721743375063,0.005328113678842783,0.9928070306777954
gue_splice_reconstructed_lora__evo2_1b_base__20260515T200437Z,2,2,0.0021486389450728893,0.00597327621653676,0.9918781518936157
gue_splice_reconstructed_lora__evo2_1b_base__20260515T200437Z,1,1,4.1939711081795394e-05,0.9949540495872498,0.005003892816603184
gue_splice_reconstructed_lora__evo2_1b_base__20260515T200437Z,2,2,0.06335238367319107,0.0025036646984517574,0.9341439604759216
gue_splice_reconstructed_lora__evo2_1b_base__20260515T200437Z,1,1,0.00010019356705015525,0.9908542633056641,0.009045599959790707
gue_splice_reconstructed_lora__evo2_1b_base__20260515T200437Z,2,2,0.005523537285625935,0.01238685380667448,0.982089638710022
gue_splice_reconstructed_lora__evo2_1b_base__20260515T200437Z,2,2,0.019310692325234413,0.0015397287206724286,0.9791495203971863
gue_splice_reconstructed_lora__evo2_1b_base__20260515T200437Z,1,1,7.099430513335392e-05,0.9862470626831055,0.01368191372603178
gue_splice_reconstructed_lora__evo2_1b_base__20260515T200437Z,2,2,0.003640897572040558,0.0015192346181720495,0.9948398470878601
gue_splice_reconstructed_lora__evo2_1b_base__20260515T200437Z,2,2,0.004231974482536316,0.0028218571096658707,0.992946207523346
gue_splice_reconstructed_lora__evo2_1b_base__20260515T200437Z,2,2,0.005833855830132961,0.006332590710371733,0.9878334999084473
gue_splice_reconstructed_lora__evo2_1b_base__20260515T200437Z,0,0,0.9898253083229065,3.981286135967821e-05,0.010134905576705933
gue_splice_reconstructed_lora__evo2_1b_base__20260515T200437Z,2,2,0.0066514210775494576,0.010998512618243694,0.9823499917984009
gue_splice_reconstructed_lora__evo2_1b_base__20260515T200437Z,0,2,0.08991838246583939,0.004815792199224234,0.9052658677101135
gue_splice_reconstructed_lora__evo2_1b_base__20260515T200437Z,0,0,0.9945397973060608,1.8895834728027694e-05,0.0054413555189967155
gue_splice_reconstructed_lora__evo2_1b_base__20260515T200437Z,0,0,0.9872138500213623,5.8000663557322696e-05,0.012728104367852211
gue_splice_reconstructed_lora__evo2_1b_base__20260515T200437Z,1,1,0.0002065790758933872,0.9556398987770081,0.04415358603000641
gue_splice_reconstructed_lora__evo2_1b_base__20260515T200437Z,2,2,0.004275511018931866,0.004250532016158104,0.991473913192749
gue_splice_reconstructed_lora__evo2_1b_base__20260515T200437Z,1,1,0.0009408393525518477,0.8807854056358337,0.11827369779348373
gue_splice_reconstructed_lora__evo2_1b_base__20260515T200437Z,0,0,0.9859853982925415,5.9767335187643766e-05,0.013954875990748405
gue_splice_reconstructed_lora__evo2_1b_base__20260515T200437Z,2,2,0.021628301590681076,0.0027403472922742367,0.9756313562393188
gue_splice_reconstructed_lora__evo2_1b_base__20260515T200437Z,2,2,0.0053432658314704895,0.002907921327278018,0.9917488098144531
gue_splice_reconstructed_lora__evo2_1b_base__20260515T200437Z,0,0,0.9848945736885071,5.5430700740544125e-05,0.015050063841044903
gue_splice_reconstructed_lora__evo2_1b_base__20260515T200437Z,2,2,0.007487958762794733,0.004091059789061546,0.9884209632873535
gue_splice_reconstructed_lora__evo2_1b_base__20260515T200437Z,0,0,0.9900776147842407,2.9363645808189176e-05,0.009892988950014114
gue_splice_reconstructed_lora__evo2_1b_base__20260515T200437Z,2,2,0.017080973833799362,0.001748342765495181,0.981170654296875
gue_splice_reconstructed_lora__evo2_1b_base__20260515T200437Z,1,1,6.36965487501584e-05,0.9871406555175781,0.012795704416930676
gue_splice_reconstructed_lora__evo2_1b_base__20260515T200437Z,2,2,0.0031950564589351416,0.003673897823318839,0.9931309819221497
gue_splice_reconstructed_lora__evo2_1b_base__20260515T200437Z,1,1,2.774730819510296e-05,0.9959179759025574,0.004054221790283918
gue_splice_reconstructed_lora__evo2_1b_base__20260515T200437Z,2,2,0.012995213270187378,0.004822875373065472,0.9821818470954895
gue_splice_reconstructed_lora__evo2_1b_base__20260515T200437Z,2,2,0.0014124487061053514,0.002416775794699788,0.9961708188056946
gue_splice_reconstructed_lora__evo2_1b_base__20260515T200437Z,2,2,0.0022943266667425632,0.002743269084021449,0.9949624538421631
gue_splice_reconstructed_lora__evo2_1b_base__20260515T200437Z,1,1,4.941872975905426e-05,0.9949878454208374,0.004962696693837643
gue_splice_reconstructed_lora__evo2_1b_base__20260515T200437Z,2,2,0.008404136635363102,0.002017715945839882,0.9895780682563782
gue_splice_reconstructed_lora__evo2_1b_base__20260515T200437Z,0,0,0.9917981624603271,2.8067677703802474e-05,0.008173814043402672
gue_splice_reconstructed_lora__evo2_1b_base__20260515T200437Z,1,1,7.500770880142227e-05,0.9904078841209412,0.009517168626189232
gue_splice_reconstructed_lora__evo2_1b_base__20260515T200437Z,0,0,0.9889910221099854,3.297820148873143e-05,0.01097597274929285
gue_splice_reconstructed_lora__evo2_1b_base__20260515T200437Z,2,2,0.0017168951453641057,0.0041753132827579975,0.9941078424453735
gue_splice_reconstructed_lora__evo2_1b_base__20260515T200437Z,0,0,0.992226243019104,2.21263417188311e-05,0.007751608267426491
gue_splice_reconstructed_lora__evo2_1b_base__20260515T200437Z,2,2,0.0019082198850810528,0.001856748596765101,0.9962350726127625
gue_splice_reconstructed_lora__evo2_1b_base__20260515T200437Z,1,1,7.42929769330658e-05,0.9925339221954346,0.007391707506030798
gue_splice_reconstructed_lora__evo2_1b_base__20260515T200437Z,2,2,0.002508574863895774,0.002122771693393588,0.9953687191009521
gue_splice_reconstructed_lora__evo2_1b_base__20260515T200437Z,2,2,0.012506851926445961,0.0021638351026922464,0.9853293299674988
gue_splice_reconstructed_lora__evo2_1b_base__20260515T200437Z,2,2,0.011502604931592941,0.006253858562558889,0.9822434782981873
gue_splice_reconstructed_lora__evo2_1b_base__20260515T200437Z,2,2,0.0034416161943227053,0.21313326060771942,0.7834250926971436
gue_splice_reconstructed_lora__evo2_1b_base__20260515T200437Z,2,2,0.028766287490725517,0.0026782958302646875,0.9685553908348083
gue_splice_reconstructed_lora__evo2_1b_base__20260515T200437Z,2,2,0.023248396813869476,0.0035306091886013746,0.973220944404602
gue_splice_reconstructed_lora__evo2_1b_base__20260515T200437Z,2,2,0.005276101175695658,0.0038979589007794857,0.9908259510993958
gue_splice_reconstructed_lora__evo2_1b_base__20260515T200437Z,2,2,0.002192264888435602,0.0014804662205278873,0.9963272213935852
gue_splice_reconstructed_lora__evo2_1b_base__20260515T200437Z,0,0,0.9902432560920715,3.936563734896481e-05,0.00971748773008585
gue_splice_reconstructed_lora__evo2_1b_base__20260515T200437Z,1,1,0.0002250346151413396,0.9836906790733337,0.016084356233477592
gue_splice_reconstructed_lora__evo2_1b_base__20260515T200437Z,2,2,0.0033238602336496115,0.00599526846781373,0.9906808733940125
gue_splice_reconstructed_lora__evo2_1b_base__20260515T200437Z,0,0,0.9915101528167725,2.605238842079416e-05,0.008463826961815357
gue_splice_reconstructed_lora__evo2_1b_base__20260515T200437Z,1,1,0.00015305689885281026,0.9602513313293457,0.039595622569322586
gue_splice_reconstructed_lora__evo2_1b_base__20260515T200437Z,2,2,0.002176478737965226,0.006736840587109327,0.9910866618156433
gue_splice_reconstructed_lora__evo2_1b_base__20260515T200437Z,2,2,0.004280879627913237,0.0030002323910593987,0.9927189350128174
gue_splice_reconstructed_lora__evo2_1b_base__20260515T200437Z,1,1,8.004664414329454e-05,0.9929053783416748,0.007014635019004345
gue_splice_reconstructed_lora__evo2_1b_base__20260515T200437Z,2,2,0.0035073854960501194,0.0019013537093997002,0.9945911765098572
gue_splice_reconstructed_lora__evo2_1b_base__20260515T200437Z,1,1,0.0001479199854657054,0.9821042418479919,0.017747946083545685
gue_splice_reconstructed_lora__evo2_1b_base__20260515T200437Z,0,0,0.9853502511978149,6.308622687356547e-05,0.014586647041141987
gue_splice_reconstructed_lora__evo2_1b_base__20260515T200437Z,2,2,0.008399280719459057,0.002594364108517766,0.9890064001083374
gue_splice_reconstructed_lora__evo2_1b_base__20260515T200437Z,0,0,0.9887657165527344,4.16788570873905e-05,0.01119263842701912
gue_splice_reconstructed_lora__evo2_1b_base__20260515T200437Z,2,2,0.009655168280005455,0.0026011925656348467,0.987743616104126
gue_splice_reconstructed_lora__evo2_1b_base__20260515T200437Z,2,2,0.002117302967235446,0.002165397861972451,0.9957173466682434
gue_splice_reconstructed_lora__evo2_1b_base__20260515T200437Z,2,2,0.0030063369777053595,0.007100019138306379,0.9898936152458191
gue_splice_reconstructed_lora__evo2_1b_base__20260515T200437Z,2,2,0.0016277472022920847,0.002904608380049467,0.9954676628112793
gue_splice_reconstructed_lora__evo2_1b_base__20260515T200437Z,2,2,0.003584371181204915,0.005476198624819517,0.9909393787384033
gue_splice_reconstructed_lora__evo2_1b_base__20260515T200437Z,2,2,0.005066427867859602,0.011361758224666119,0.9835718870162964
gue_splice_reconstructed_lora__evo2_1b_base__20260515T200437Z,2,2,0.06062983721494675,0.0038382690399885178,0.9355319142341614
gue_splice_reconstructed_lora__evo2_1b_base__20260515T200437Z,1,1,0.00013458043395075947,0.9851996898651123,0.014665649272501469
gue_splice_reconstructed_lora__evo2_1b_base__20260515T200437Z,1,1,0.00017274504352826625,0.981019914150238,0.018807336688041687
gue_splice_reconstructed_lora__evo2_1b_base__20260515T200437Z,0,0,0.9951262474060059,1.755453740770463e-05,0.0048561105504632
gue_splice_reconstructed_lora__evo2_1b_base__20260515T200437Z,2,1,0.0020909409504383802,0.7159079909324646,0.2820011079311371
gue_splice_reconstructed_lora__evo2_1b_base__20260515T200437Z,1,1,7.058916526148096e-05,0.9921781420707703,0.0077512324787676334
gue_splice_reconstructed_lora__evo2_1b_base__20260515T200437Z,1,1,3.7474419514182955e-05,0.9956574440002441,0.00430509727448225
gue_splice_reconstructed_lora__evo2_1b_base__20260515T200437Z,0,0,0.9887996912002563,7.258191908476874e-05,0.01112763024866581
gue_splice_reconstructed_lora__evo2_1b_base__20260515T200437Z,2,2,0.005097699351608753,0.004292692989110947,0.9906095862388611
gue_splice_reconstructed_lora__evo2_1b_base__20260515T200437Z,2,2,0.012521924450993538,0.004327461589127779,0.9831506609916687
gue_splice_reconstructed_lora__evo2_1b_base__20260515T200437Z,2,2,0.0028324166778475046,0.03305462747812271,0.9641129374504089
gue_splice_reconstructed_lora__evo2_1b_base__20260515T200437Z,2,0,0.9917553663253784,3.520323662087321e-05,0.00820945855230093
gue_splice_reconstructed_lora__evo2_1b_base__20260515T200437Z,2,2,0.005651902873069048,0.002111961832270026,0.9922360777854919
gue_splice_reconstructed_lora__evo2_1b_base__20260515T200437Z,2,2,0.007305747363716364,0.003525935346260667,0.9891682863235474
gue_splice_reconstructed_lora__evo2_1b_base__20260515T200437Z,2,2,0.004201461095362902,0.0032498096115887165,0.9925487041473389
gue_splice_reconstructed_lora__evo2_1b_base__20260515T200437Z,2,2,0.003187760477885604,0.00498088588938117,0.991831362247467
gue_splice_reconstructed_lora__evo2_1b_base__20260515T200437Z,0,0,0.9887130260467529,1.5391982742585242e-05,0.011271563358604908
gue_splice_reconstructed_lora__evo2_1b_base__20260515T200437Z,2,2,0.011033443734049797,0.0020519739482551813,0.9869145750999451
gue_splice_reconstructed_lora__evo2_1b_base__20260515T200437Z,0,0,0.9873803853988647,5.3025843953946605e-05,0.012566589750349522
gue_splice_reconstructed_lora__evo2_1b_base__20260515T200437Z,2,2,0.24871909618377686,0.0014560091076418757,0.7498249411582947
gue_splice_reconstructed_lora__evo2_1b_base__20260515T200437Z,0,2,0.26703277230262756,0.002117968164384365,0.7308493256568909
gue_splice_reconstructed_lora__evo2_1b_base__20260515T200437Z,0,0,0.9917289614677429,2.3633705495740287e-05,0.008247408084571362
gue_splice_reconstructed_lora__evo2_1b_base__20260515T200437Z,0,0,0.9862142205238342,5.749103002017364e-05,0.013728301040828228
gue_splice_reconstructed_lora__evo2_1b_base__20260515T200437Z,1,1,4.799732050742023e-05,0.9931581616401672,0.006793910637497902
gue_splice_reconstructed_lora__evo2_1b_base__20260515T200437Z,1,1,6.998305616434664e-05,0.9913738369941711,0.008556149899959564
gue_splice_reconstructed_lora__evo2_1b_base__20260515T200437Z,2,2,0.012909439392387867,0.0022976447362452745,0.984792947769165
gue_splice_reconstructed_lora__evo2_1b_base__20260515T200437Z,2,2,0.0012154129799455404,0.0024648108519613743,0.9963197708129883
gue_splice_reconstructed_lora__evo2_1b_base__20260515T200437Z,2,1,0.0022085714153945446,0.5510784983634949,0.4467129707336426
gue_splice_reconstructed_lora__evo2_1b_base__20260515T200437Z,2,2,0.008123031817376614,0.004072567913681269,0.9878044128417969
gue_splice_reconstructed_lora__evo2_1b_base__20260515T200437Z,1,1,6.364285218296573e-05,0.9901689291000366,0.009767523966729641
gue_splice_reconstructed_lora__evo2_1b_base__20260515T200437Z,2,2,0.003154685953631997,0.01338589284569025,0.9834594130516052
gue_splice_reconstructed_lora__evo2_1b_base__20260515T200437Z,0,0,0.9922487735748291,3.157167884637602e-05,0.007719678338617086
gue_splice_reconstructed_lora__evo2_1b_base__20260515T200437Z,1,1,0.000322798325214535,0.9181838035583496,0.08149344474077225
gue_splice_reconstructed_lora__evo2_1b_base__20260515T200437Z,0,0,0.9917135238647461,2.2995867766439915e-05,0.008263404481112957
gue_splice_reconstructed_lora__evo2_1b_base__20260515T200437Z,2,2,0.019072605296969414,0.002689267275854945,0.9782381057739258
gue_splice_reconstructed_lora__evo2_1b_base__20260515T200437Z,0,0,0.9939367175102234,2.1820855181431398e-05,0.006041462533175945
gue_splice_reconstructed_lora__evo2_1b_base__20260515T200437Z,1,2,0.0017541057895869017,0.49644213914871216,0.5018037557601929
gue_splice_reconstructed_lora__evo2_1b_base__20260515T200437Z,2,2,0.0019698345568031073,0.003213007701560855,0.9948171973228455
gue_splice_reconstructed_lora__evo2_1b_base__20260515T200437Z,0,0,0.9910379648208618,3.104427378275432e-05,0.008930964395403862
gue_splice_reconstructed_lora__evo2_1b_base__20260515T200437Z,1,1,3.1704152206657454e-05,0.9964122176170349,0.0035560945980250835
gue_splice_reconstructed_lora__evo2_1b_base__20260515T200437Z,1,1,4.40667754446622e-05,0.9936532974243164,0.006302607711404562
gue_splice_reconstructed_lora__evo2_1b_base__20260515T200437Z,0,0,0.9889323711395264,4.4029064156347886e-05,0.011023660190403461
gue_splice_reconstructed_lora__evo2_1b_base__20260515T200437Z,2,2,0.0029638241976499557,0.0028642332181334496,0.9941719174385071
gue_splice_reconstructed_lora__evo2_1b_base__20260515T200437Z,2,2,0.004553678911179304,0.0063469018787145615,0.9890994429588318
gue_splice_reconstructed_lora__evo2_1b_base__20260515T200437Z,2,1,0.0001960659574251622,0.9730753302574158,0.026728620752692223
gue_splice_reconstructed_lora__evo2_1b_base__20260515T200437Z,2,2,0.05662931501865387,0.0022478278260678053,0.941122829914093
gue_splice_reconstructed_lora__evo2_1b_base__20260515T200437Z,2,2,0.0014755941228941083,0.0015892774099484086,0.9969351291656494
gue_splice_reconstructed_lora__evo2_1b_base__20260515T200437Z,0,0,0.9941467046737671,2.9254875698825344e-05,0.005824028979986906
gue_splice_reconstructed_lora__evo2_1b_base__20260515T200437Z,0,0,0.9946761131286621,2.0117271560593508e-05,0.00530371954664588
gue_splice_reconstructed_lora__evo2_1b_base__20260515T200437Z,1,2,0.002441511722281575,0.006794101558625698,0.9907643795013428
gue_splice_reconstructed_lora__evo2_1b_base__20260515T200437Z,2,2,0.014583148062229156,0.0046225241385400295,0.9807943105697632
gue_splice_reconstructed_lora__evo2_1b_base__20260515T200437Z,1,1,6.696015043416992e-05,0.9901978969573975,0.009735149331390858
gue_splice_reconstructed_lora__evo2_1b_base__20260515T200437Z,2,2,0.0058127474039793015,0.0022084256634116173,0.9919787645339966
gue_splice_reconstructed_lora__evo2_1b_base__20260515T200437Z,2,2,0.0016988556599244475,0.0030433619394898415,0.9952577948570251
gue_splice_reconstructed_lora__evo2_1b_base__20260515T200437Z,2,2,0.003751397365704179,0.002752633299678564,0.9934959411621094
gue_splice_reconstructed_lora__evo2_1b_base__20260515T200437Z,1,1,5.692914783139713e-05,0.991954505443573,0.007988651283085346
gue_splice_reconstructed_lora__evo2_1b_base__20260515T200437Z,2,2,0.015491265803575516,0.0033699090126901865,0.9811387658119202
gue_splice_reconstructed_lora__evo2_1b_base__20260515T200437Z,2,2,0.039350368082523346,0.0022015098948031664,0.9584481120109558
gue_splice_reconstructed_lora__evo2_1b_base__20260515T200437Z,0,0,0.9849085807800293,7.062155054882169e-05,0.015020912513136864
gue_splice_reconstructed_lora__evo2_1b_base__20260515T200437Z,0,0,0.9910778999328613,3.215638207620941e-05,0.008889990858733654
gue_splice_reconstructed_lora__evo2_1b_base__20260515T200437Z,2,2,0.004516681656241417,0.00769064063206315,0.9877926707267761
gue_splice_reconstructed_lora__evo2_1b_base__20260515T200437Z,2,2,0.005296418443322182,0.0039398097433149815,0.9907638430595398
gue_splice_reconstructed_lora__evo2_1b_base__20260515T200437Z,2,2,0.002350686816498637,0.01346137747168541,0.9841879606246948
gue_splice_reconstructed_lora__evo2_1b_base__20260515T200437Z,2,2,0.002720082877203822,0.00783248245716095,0.9894474744796753
gue_splice_reconstructed_lora__evo2_1b_base__20260515T200437Z,2,2,0.003724120557308197,0.0012971158139407635,0.9949787259101868
gue_splice_reconstructed_lora__evo2_1b_base__20260515T200437Z,0,0,0.9940365552902222,1.5057452401379123e-05,0.005948396399617195
gue_splice_reconstructed_lora__evo2_1b_base__20260515T200437Z,2,2,0.005551598500460386,0.027406100183725357,0.9670422673225403
gue_splice_reconstructed_lora__evo2_1b_base__20260515T200437Z,0,0,0.9902342557907104,3.406781252124347e-05,0.009731645695865154
gue_splice_reconstructed_lora__evo2_1b_base__20260515T200437Z,1,1,0.0002482325944583863,0.9783895015716553,0.0213623084127903
gue_splice_reconstructed_lora__evo2_1b_base__20260515T200437Z,2,2,0.021462146192789078,0.002570180920884013,0.9759676456451416
gue_splice_reconstructed_lora__evo2_1b_base__20260515T200437Z,2,2,0.0009611340356059372,0.00501145189628005,0.9940273761749268
gue_splice_reconstructed_lora__evo2_1b_base__20260515T200437Z,0,0,0.9857366681098938,4.388678280520253e-05,0.014219576492905617
gue_splice_reconstructed_lora__evo2_1b_base__20260515T200437Z,1,1,0.00012112352123949677,0.9814741015434265,0.018404867500066757
gue_splice_reconstructed_lora__evo2_1b_base__20260515T200437Z,0,0,0.990003764629364,4.0923892811406404e-05,0.009955243207514286
gue_splice_reconstructed_lora__evo2_1b_base__20260515T200437Z,2,2,0.015583581291139126,0.0022384601179510355,0.9821779727935791
gue_splice_reconstructed_lora__evo2_1b_base__20260515T200437Z,0,0,0.9851618409156799,7.147239375626668e-05,0.014766579493880272
gue_splice_reconstructed_lora__evo2_1b_base__20260515T200437Z,2,2,0.009446021169424057,0.010904201306402683,0.9796497821807861
gue_splice_reconstructed_lora__evo2_1b_base__20260515T200437Z,0,0,0.992608368396759,2.0956869775545783e-05,0.007370637264102697
gue_splice_reconstructed_lora__evo2_1b_base__20260515T200437Z,1,1,0.00011673819972202182,0.98362135887146,0.016261883080005646
gue_splice_reconstructed_lora__evo2_1b_base__20260515T200437Z,2,2,0.003999087959527969,0.0020465273410081863,0.9939543604850769
gue_splice_reconstructed_lora__evo2_1b_base__20260515T200437Z,2,2,0.004109984263777733,0.005801670253276825,0.9900884032249451
gue_splice_reconstructed_lora__evo2_1b_base__20260515T200437Z,1,1,6.073869008105248e-05,0.9942122101783752,0.005727117881178856
gue_splice_reconstructed_lora__evo2_1b_base__20260515T200437Z,2,2,0.0018421716522425413,0.001991862431168556,0.9961659908294678
gue_splice_reconstructed_lora__evo2_1b_base__20260515T200437Z,0,0,0.9919919371604919,2.7963711545453407e-05,0.007980180904269218
gue_splice_reconstructed_lora__evo2_1b_base__20260515T200437Z,2,2,0.0027805049903690815,0.003416741266846657,0.9938027858734131
gue_splice_reconstructed_lora__evo2_1b_base__20260515T200437Z,2,2,0.006611581426113844,0.005412047728896141,0.9879763722419739
gue_splice_reconstructed_lora__evo2_1b_base__20260515T200437Z,2,2,0.0036562515888363123,0.0021747357677668333,0.9941689968109131
gue_splice_reconstructed_lora__evo2_1b_base__20260515T200437Z,1,1,0.00017615708929952234,0.984887421131134,0.014936480671167374
gue_splice_reconstructed_lora__evo2_1b_base__20260515T200437Z,1,2,0.00713740149512887,0.29544809460639954,0.6974145174026489
gue_splice_reconstructed_lora__evo2_1b_base__20260515T200437Z,2,2,0.0013873990392312407,0.0027564794290810823,0.9958561062812805
gue_splice_reconstructed_lora__evo2_1b_base__20260515T200437Z,1,1,5.88458678976167e-05,0.9938052892684937,0.006135790143162012
gue_splice_reconstructed_lora__evo2_1b_base__20260515T200437Z,1,2,0.007796645630151033,0.28831255435943604,0.7038908004760742
gue_splice_reconstructed_lora__evo2_1b_base__20260515T200437Z,2,2,0.01238764077425003,0.002097655553370714,0.985514760017395
gue_splice_reconstructed_lora__evo2_1b_base__20260515T200437Z,1,1,4.6011406084289774e-05,0.9938663840293884,0.006087672431021929
gue_splice_reconstructed_lora__evo2_1b_base__20260515T200437Z,2,2,0.008061357773840427,0.002980123506858945,0.988958477973938
gue_splice_reconstructed_lora__evo2_1b_base__20260515T200437Z,2,2,0.004343059379607439,0.0021945168264210224,0.9934624433517456
gue_splice_reconstructed_lora__evo2_1b_base__20260515T200437Z,1,1,8.13465885585174e-05,0.9933866858482361,0.006531952880322933
gue_splice_reconstructed_lora__evo2_1b_base__20260515T200437Z,1,1,4.717131014331244e-05,0.9953175783157349,0.004635189659893513
gue_splice_reconstructed_lora__evo2_1b_base__20260515T200437Z,2,2,0.005495939403772354,0.00290181883610785,0.9916022419929504
gue_splice_reconstructed_lora__evo2_1b_base__20260515T200437Z,2,2,0.013828434981405735,0.0019374930998310447,0.9842340350151062
gue_splice_reconstructed_lora__evo2_1b_base__20260515T200437Z,2,2,0.009877067990601063,0.0016385784838348627,0.9884843230247498
gue_splice_reconstructed_lora__evo2_1b_base__20260515T200437Z,2,2,0.20254766941070557,0.0025949140544980764,0.7948574423789978
gue_splice_reconstructed_lora__evo2_1b_base__20260515T200437Z,2,2,0.011751663871109486,0.008940194733440876,0.9793081879615784
gue_splice_reconstructed_lora__evo2_1b_base__20260515T200437Z,2,2,0.003382155206054449,0.003220977960154414,0.9933968782424927
gue_splice_reconstructed_lora__evo2_1b_base__20260515T200437Z,2,2,0.004737396724522114,0.00374393118545413,0.9915186762809753
gue_splice_reconstructed_lora__evo2_1b_base__20260515T200437Z,2,2,0.0031996958423405886,0.0022272132337093353,0.9945730566978455
gue_splice_reconstructed_lora__evo2_1b_base__20260515T200437Z,0,0,0.9903818964958191,3.83091792173218e-05,0.009579859673976898
gue_splice_reconstructed_lora__evo2_1b_base__20260515T200437Z,2,2,0.0022837782744318247,0.0034518735483288765,0.9942643046379089
gue_splice_reconstructed_lora__evo2_1b_base__20260515T200437Z,2,2,0.0038991710171103477,0.0020587355829775333,0.9940420985221863
gue_splice_reconstructed_lora__evo2_1b_base__20260515T200437Z,2,2,0.014559103175997734,0.0019512122962623835,0.9834896326065063
gue_splice_reconstructed_lora__evo2_1b_base__20260515T200437Z,1,1,0.0001435895828763023,0.9797806739807129,0.020075727254152298
gue_splice_reconstructed_lora__evo2_1b_base__20260515T200437Z,2,2,0.0032747364602983,0.005315421614795923,0.9914098381996155
gue_splice_reconstructed_lora__evo2_1b_base__20260515T200437Z,2,2,0.0026889031287282705,0.0028317393735051155,0.9944792985916138
gue_splice_reconstructed_lora__evo2_1b_base__20260515T200437Z,0,0,0.976486086845398,2.7634348953142762e-05,0.023486396297812462
gue_splice_reconstructed_lora__evo2_1b_base__20260515T200437Z,2,2,0.008552264422178268,0.0019746196921914816,0.9894731640815735
gue_splice_reconstructed_lora__evo2_1b_base__20260515T200437Z,1,1,5.5170388804981485e-05,0.9918244481086731,0.008120325393974781
gue_splice_reconstructed_lora__evo2_1b_base__20260515T200437Z,1,1,0.0001692625373834744,0.9706758856773376,0.029154857620596886
gue_splice_reconstructed_lora__evo2_1b_base__20260515T200437Z,2,2,0.010306937620043755,0.010696605779230595,0.9789965152740479
gue_splice_reconstructed_lora__evo2_1b_base__20260515T200437Z,0,0,0.9927943348884583,2.5481847842456773e-05,0.0071801794692873955
gue_splice_reconstructed_lora__evo2_1b_base__20260515T200437Z,2,2,0.0028022017795592546,0.002463293494656682,0.994734525680542
gue_splice_reconstructed_lora__evo2_1b_base__20260515T200437Z,2,2,0.0018159995088353753,0.0026526052970439196,0.9955313801765442
gue_splice_reconstructed_lora__evo2_1b_base__20260515T200437Z,1,1,6.160728662507609e-05,0.9927957653999329,0.007142598740756512
gue_splice_reconstructed_lora__evo2_1b_base__20260515T200437Z,2,2,0.01898915320634842,0.01745949499309063,0.96355140209198
gue_splice_reconstructed_lora__evo2_1b_base__20260515T200437Z,1,1,2.8853970434283838e-05,0.9959639310836792,0.004007173702120781
gue_splice_reconstructed_lora__evo2_1b_base__20260515T200437Z,2,2,0.0030541117303073406,0.004976714961230755,0.9919691681861877
gue_splice_reconstructed_lora__evo2_1b_base__20260515T200437Z,1,1,0.0002194188564317301,0.9685550928115845,0.031225500628352165
gue_splice_reconstructed_lora__evo2_1b_base__20260515T200437Z,2,2,0.01419511716812849,0.0017637616256251931,0.9840410947799683
gue_splice_reconstructed_lora__evo2_1b_base__20260515T200437Z,1,1,5.9328507632017136e-05,0.9941589832305908,0.0057815988548099995
gue_splice_reconstructed_lora__evo2_1b_base__20260515T200437Z,0,0,0.9863554835319519,4.10928696510382e-05,0.013603475876152515
gue_splice_reconstructed_lora__evo2_1b_base__20260515T200437Z,0,0,0.988857090473175,4.988766886526719e-05,0.011093012988567352
gue_splice_reconstructed_lora__evo2_1b_base__20260515T200437Z,2,2,0.002377948258072138,0.0039629158563911915,0.9936591982841492
gue_splice_reconstructed_lora__evo2_1b_base__20260515T200437Z,2,2,0.0045571704395115376,0.008480723015964031,0.986962080001831
gue_splice_reconstructed_lora__evo2_1b_base__20260515T200437Z,1,1,4.842105772695504e-05,0.9941290616989136,0.005822503007948399
gue_splice_reconstructed_lora__evo2_1b_base__20260515T200437Z,2,2,0.018853655084967613,0.0022616651840507984,0.9788846969604492
gue_splice_reconstructed_lora__evo2_1b_base__20260515T200437Z,1,1,3.582000863389112e-05,0.9934861063957214,0.006478209514170885
gue_splice_reconstructed_lora__evo2_1b_base__20260515T200437Z,0,0,0.9819652438163757,5.814478936372325e-05,0.017976541072130203
gue_splice_reconstructed_lora__evo2_1b_base__20260515T200437Z,0,0,0.9933132529258728,3.0513718229485676e-05,0.006656227633357048
gue_splice_reconstructed_lora__evo2_1b_base__20260515T200437Z,2,2,0.014449628069996834,0.0022806881461292505,0.9832696914672852
gue_splice_reconstructed_lora__evo2_1b_base__20260515T200437Z,2,2,0.0027109291404485703,0.003436990547925234,0.9938520193099976
gue_splice_reconstructed_lora__evo2_1b_base__20260515T200437Z,2,2,0.011708972975611687,0.05083663761615753,0.9374544024467468
gue_splice_reconstructed_lora__evo2_1b_base__20260515T200437Z,1,1,6.889700307510793e-05,0.9913583993911743,0.008572743274271488
gue_splice_reconstructed_lora__evo2_1b_base__20260515T200437Z,1,1,7.692082726862282e-05,0.9921408891677856,0.007782228756695986
gue_splice_reconstructed_lora__evo2_1b_base__20260515T200437Z,0,0,0.931892454624176,7.196808292064816e-05,0.06803551316261292
gue_splice_reconstructed_lora__evo2_1b_base__20260515T200437Z,0,0,0.9495358467102051,4.227505996823311e-05,0.05042193457484245
gue_splice_reconstructed_lora__evo2_1b_base__20260515T200437Z,1,1,4.255244130035862e-05,0.99383944272995,0.006118050776422024
gue_splice_reconstructed_lora__evo2_1b_base__20260515T200437Z,2,2,0.07753540575504303,0.002245631068944931,0.9202189445495605
gue_splice_reconstructed_lora__evo2_1b_base__20260515T200437Z,1,1,0.0006043461617082357,0.897063136100769,0.10233255475759506
gue_splice_reconstructed_lora__evo2_1b_base__20260515T200437Z,0,0,0.9884997010231018,4.248946061125025e-05,0.011457778513431549
gue_splice_reconstructed_lora__evo2_1b_base__20260515T200437Z,1,2,0.015371524728834629,0.04194767400622368,0.9426807761192322
gue_splice_reconstructed_lora__evo2_1b_base__20260515T200437Z,2,2,0.0017688063671812415,0.0016911065904423594,0.9965400695800781
gue_splice_reconstructed_lora__evo2_1b_base__20260515T200437Z,2,2,0.006801095325499773,0.01869608461856842,0.9745028018951416
gue_splice_reconstructed_lora__evo2_1b_base__20260515T200437Z,2,2,0.004068424459546804,0.00527007644996047,0.9906615614891052
gue_splice_reconstructed_lora__evo2_1b_base__20260515T200437Z,2,2,0.0016774169635027647,0.007917004637420177,0.9904054999351501
gue_splice_reconstructed_lora__evo2_1b_base__20260515T200437Z,0,0,0.9933406710624695,2.4808159651001915e-05,0.006634508725255728
gue_splice_reconstructed_lora__evo2_1b_base__20260515T200437Z,2,2,0.0025520697236061096,0.0053764148615300655,0.9920715689659119
gue_splice_reconstructed_lora__evo2_1b_base__20260515T200437Z,1,1,5.011807297705673e-05,0.9934240579605103,0.006525822449475527
gue_splice_reconstructed_lora__evo2_1b_base__20260515T200437Z,2,2,0.01251745130866766,0.002280710730701685,0.9852017760276794
gue_splice_reconstructed_lora__evo2_1b_base__20260515T200437Z,2,2,0.0033554760739207268,0.008192111738026142,0.9884523749351501
gue_splice_reconstructed_lora__evo2_1b_base__20260515T200437Z,2,2,0.00878176186233759,0.0025984197854995728,0.9886198043823242
gue_splice_reconstructed_lora__evo2_1b_base__20260515T200437Z,1,1,0.0003005941689480096,0.9745640754699707,0.025135355070233345
gue_splice_reconstructed_lora__evo2_1b_base__20260515T200437Z,2,2,0.0014488293090835214,0.0023402271326631308,0.9962109327316284
gue_splice_reconstructed_lora__evo2_1b_base__20260515T200437Z,0,0,0.9910727143287659,3.5179004044039175e-05,0.008892115205526352
gue_splice_reconstructed_lora__evo2_1b_base__20260515T200437Z,0,0,0.9899085760116577,4.441819328349084e-05,0.01004706509411335
gue_splice_reconstructed_lora__evo2_1b_base__20260515T200437Z,1,1,7.099250797182322e-05,0.9900820851325989,0.009846949018537998
gue_splice_reconstructed_lora__evo2_1b_base__20260515T200437Z,1,1,2.8313092116150074e-05,0.9965696334838867,0.003402081551030278
gue_splice_reconstructed_lora__evo2_1b_base__20260515T200437Z,2,2,0.008809005841612816,0.018685122951865196,0.9725058674812317
gue_splice_reconstructed_lora__evo2_1b_base__20260515T200437Z,0,2,0.34184643626213074,0.000512942555360496,0.6576405763626099
gue_splice_reconstructed_lora__evo2_1b_base__20260515T200437Z,2,2,0.010235978290438652,0.006046874914318323,0.9837172031402588
gue_splice_reconstructed_lora__evo2_1b_base__20260515T200437Z,2,2,0.11023015528917313,0.0017480964306741953,0.8880217671394348
gue_splice_reconstructed_lora__evo2_1b_base__20260515T200437Z,1,1,5.6772481912048534e-05,0.9930964112281799,0.00684677017852664
gue_splice_reconstructed_lora__evo2_1b_base__20260515T200437Z,1,1,5.0657763495109975e-05,0.9924232959747314,0.00752608384937048
gue_splice_reconstructed_lora__evo2_1b_base__20260515T200437Z,2,2,0.005062372889369726,0.0025085045490413904,0.9924290776252747
gue_splice_reconstructed_lora__evo2_1b_base__20260515T200437Z,0,0,0.9645705819129944,8.846112177707255e-05,0.03534094989299774
gue_splice_reconstructed_lora__evo2_1b_base__20260515T200437Z,1,1,0.0007093829335644841,0.8477432131767273,0.15154732763767242
gue_splice_reconstructed_lora__evo2_1b_base__20260515T200437Z,2,2,0.004829863086342812,0.003850702429190278,0.991319477558136
gue_splice_reconstructed_lora__evo2_1b_base__20260515T200437Z,1,1,0.000265026290435344,0.962312638759613,0.037422385066747665
gue_splice_reconstructed_lora__evo2_1b_base__20260515T200437Z,1,1,6.522051990032196e-05,0.9912086725234985,0.00872611440718174
gue_splice_reconstructed_lora__evo2_1b_base__20260515T200437Z,2,2,0.004464126657694578,0.0028935372829437256,0.992642343044281
gue_splice_reconstructed_lora__evo2_1b_base__20260515T200437Z,2,2,0.003019156400114298,0.0018948833458125591,0.9950858950614929
gue_splice_reconstructed_lora__evo2_1b_base__20260515T200437Z,2,2,0.0061326404102146626,0.004927715286612511,0.9889395833015442
gue_splice_reconstructed_lora__evo2_1b_base__20260515T200437Z,2,2,0.0028870413079857826,0.001851315377280116,0.9952616691589355
gue_splice_reconstructed_lora__evo2_1b_base__20260515T200437Z,1,1,4.9376802053302526e-05,0.9941436648368835,0.0058069732040166855
gue_splice_reconstructed_lora__evo2_1b_base__20260515T200437Z,2,2,0.0014486631844192743,0.002454651752486825,0.996096670627594
gue_splice_reconstructed_lora__evo2_1b_base__20260515T200437Z,2,2,0.0020904461853206158,0.01578187197446823,0.9821276664733887
gue_splice_reconstructed_lora__evo2_1b_base__20260515T200437Z,2,2,0.003941502887755632,0.0019607360009104013,0.9940977096557617
gue_splice_reconstructed_lora__evo2_1b_base__20260515T200437Z,0,0,0.9913907051086426,3.204112363164313e-05,0.008577210828661919
gue_splice_reconstructed_lora__evo2_1b_base__20260515T200437Z,2,2,0.002157576847821474,0.001838278491050005,0.9960041642189026
gue_splice_reconstructed_lora__evo2_1b_base__20260515T200437Z,2,2,0.0019077485194429755,0.004046599846333265,0.994045615196228
gue_splice_reconstructed_lora__evo2_1b_base__20260515T200437Z,2,2,0.013073642738163471,0.002669072709977627,0.9842572212219238
gue_splice_reconstructed_lora__evo2_1b_base__20260515T200437Z,2,2,0.004676342476159334,0.004078778903931379,0.9912448525428772
gue_splice_reconstructed_lora__evo2_1b_base__20260515T200437Z,1,1,8.878462540451437e-05,0.9871920347213745,0.012719281017780304
gue_splice_reconstructed_lora__evo2_1b_base__20260515T200437Z,2,2,0.3711833953857422,0.001101181609556079,0.6277154088020325
gue_splice_reconstructed_lora__evo2_1b_base__20260515T200437Z,1,1,6.247164128581062e-05,0.9911168813705444,0.008820616640150547
gue_splice_reconstructed_lora__evo2_1b_base__20260515T200437Z,0,0,0.7703477740287781,0.0005996788386255503,0.22905254364013672
gue_splice_reconstructed_lora__evo2_1b_base__20260515T200437Z,2,2,0.0016262884018942714,0.0076756905764341354,0.9906980395317078
gue_splice_reconstructed_lora__evo2_1b_base__20260515T200437Z,0,2,0.4489375650882721,0.0015495095867663622,0.5495129227638245
gue_splice_reconstructed_lora__evo2_1b_base__20260515T200437Z,1,1,0.0001399581233272329,0.9891729354858398,0.010687097907066345
gue_splice_reconstructed_lora__evo2_1b_base__20260515T200437Z,0,0,0.9848692417144775,5.900415999349207e-05,0.015071738511323929
gue_splice_reconstructed_lora__evo2_1b_base__20260515T200437Z,1,1,0.0026902512181550264,0.6023070812225342,0.3950026333332062
gue_splice_reconstructed_lora__evo2_1b_base__20260515T200437Z,2,2,0.00868010800331831,0.0035902485251426697,0.9877296090126038
gue_splice_reconstructed_lora__evo2_1b_base__20260515T200437Z,2,2,0.048337534070014954,0.0035280531737953424,0.9481344223022461
gue_splice_reconstructed_lora__evo2_1b_base__20260515T200437Z,2,2,0.002484218217432499,0.0031098283361643553,0.99440598487854
gue_splice_reconstructed_lora__evo2_1b_base__20260515T200437Z,0,0,0.992184579372406,3.5773082345258445e-05,0.007779721170663834
gue_splice_reconstructed_lora__evo2_1b_base__20260515T200437Z,2,2,0.006884020287543535,0.006731122266501188,0.9863848090171814
gue_splice_reconstructed_lora__evo2_1b_base__20260515T200437Z,1,2,0.01328696496784687,0.06517757475376129,0.9215354323387146
gue_splice_reconstructed_lora__evo2_1b_base__20260515T200437Z,1,1,9.355877409689128e-05,0.9849129319190979,0.014993499964475632
gue_splice_reconstructed_lora__evo2_1b_base__20260515T200437Z,2,2,0.0066226026974618435,0.0018193809082731605,0.9915580749511719
gue_splice_reconstructed_lora__evo2_1b_base__20260515T200437Z,1,1,4.471134161576629e-05,0.9925570487976074,0.0073981997556984425
gue_splice_reconstructed_lora__evo2_1b_base__20260515T200437Z,1,2,0.0017611338989809155,0.42342638969421387,0.5748124122619629
gue_splice_reconstructed_lora__evo2_1b_base__20260515T200437Z,1,1,6.493537512142211e-05,0.994615375995636,0.005319605115801096
gue_splice_reconstructed_lora__evo2_1b_base__20260515T200437Z,0,2,0.04818528890609741,0.002996379742398858,0.9488183259963989
gue_splice_reconstructed_lora__evo2_1b_base__20260515T200437Z,0,0,0.9868560433387756,6.778506940463558e-05,0.01307619921863079
gue_splice_reconstructed_lora__evo2_1b_base__20260515T200437Z,0,0,0.9910826683044434,3.1657993531553075e-05,0.008885692805051804
gue_splice_reconstructed_lora__evo2_1b_base__20260515T200437Z,2,2,0.004773828200995922,0.0057921758852899075,0.9894339442253113
gue_splice_reconstructed_lora__evo2_1b_base__20260515T200437Z,1,1,0.0001414801663486287,0.9844277501106262,0.015430711209774017
gue_splice_reconstructed_lora__evo2_1b_base__20260515T200437Z,2,2,0.022856498137116432,0.002884672023355961,0.9742587804794312
gue_splice_reconstructed_lora__evo2_1b_base__20260515T200437Z,0,0,0.9890511631965637,2.558487540227361e-05,0.010923175141215324
gue_splice_reconstructed_lora__evo2_1b_base__20260515T200437Z,2,0,0.9532755017280579,0.00022720718698110431,0.04649738594889641
gue_splice_reconstructed_lora__evo2_1b_base__20260515T200437Z,2,2,0.0030777661595493555,0.005049661733210087,0.9918726086616516
gue_splice_reconstructed_lora__evo2_1b_base__20260515T200437Z,2,2,0.012396648526191711,0.006654915865510702,0.9809484481811523
gue_splice_reconstructed_lora__evo2_1b_base__20260515T200437Z,2,2,0.05613597854971886,0.00281917373649776,0.941044807434082
gue_splice_reconstructed_lora__evo2_1b_base__20260515T200437Z,2,2,0.0018064769683405757,0.005946392193436623,0.9922471046447754
gue_splice_reconstructed_lora__evo2_1b_base__20260515T200437Z,2,2,0.002265829360112548,0.003547287080436945,0.9941868782043457
gue_splice_reconstructed_lora__evo2_1b_base__20260515T200437Z,1,1,0.0001130454838857986,0.9865890741348267,0.013297890312969685
gue_splice_reconstructed_lora__evo2_1b_base__20260515T200437Z,1,1,0.00011142763105453923,0.9877837300300598,0.012104875408113003
gue_splice_reconstructed_lora__evo2_1b_base__20260515T200437Z,1,1,9.714157931739464e-05,0.9911670088768005,0.008735870942473412
gue_splice_reconstructed_lora__evo2_1b_base__20260515T200437Z,1,1,3.4232532925670967e-05,0.995022177696228,0.004943519365042448
gue_splice_reconstructed_lora__evo2_1b_base__20260515T200437Z,2,2,0.013041800819337368,0.003658903297036886,0.9832993149757385
gue_splice_reconstructed_lora__evo2_1b_base__20260515T200437Z,2,2,0.002542253118008375,0.002423466881737113,0.9950343370437622
gue_splice_reconstructed_lora__evo2_1b_base__20260515T200437Z,1,1,4.399298632051796e-05,0.9958720803260803,0.004083835985511541
gue_splice_reconstructed_lora__evo2_1b_base__20260515T200437Z,2,2,0.01730121113359928,0.0018933998653665185,0.9808053970336914
gue_splice_reconstructed_lora__evo2_1b_base__20260515T200437Z,1,1,4.5105702156433836e-05,0.9935193657875061,0.006435469724237919
gue_splice_reconstructed_lora__evo2_1b_base__20260515T200437Z,2,2,0.010595287196338177,0.0015204448718577623,0.9878842234611511
gue_splice_reconstructed_lora__evo2_1b_base__20260515T200437Z,2,2,0.011580030433833599,0.0019762786105275154,0.9864437580108643
gue_splice_reconstructed_lora__evo2_1b_base__20260515T200437Z,2,2,0.0074724783189594746,0.005186154041439295,0.9873413443565369
gue_splice_reconstructed_lora__evo2_1b_base__20260515T200437Z,2,2,0.0011540270643308759,0.0016210941830649972,0.9972249269485474
gue_splice_reconstructed_lora__evo2_1b_base__20260515T200437Z,2,2,0.002706666709855199,0.003064061515033245,0.9942293167114258
gue_splice_reconstructed_lora__evo2_1b_base__20260515T200437Z,2,2,0.011362768709659576,0.007855402305722237,0.9807817935943604
gue_splice_reconstructed_lora__evo2_1b_base__20260515T200437Z,1,1,0.0001104426191886887,0.986730694770813,0.013158898800611496
gue_splice_reconstructed_lora__evo2_1b_base__20260515T200437Z,1,1,5.075852095615119e-05,0.9943972826004028,0.005551945883780718
gue_splice_reconstructed_lora__evo2_1b_base__20260515T200437Z,0,0,0.9949540495872498,1.2691349184024148e-05,0.0050332979299128056
gue_splice_reconstructed_lora__evo2_1b_base__20260515T200437Z,2,2,0.4138617217540741,0.0024996655993163586,0.583638608455658
gue_splice_reconstructed_lora__evo2_1b_base__20260515T200437Z,2,2,0.08038168400526047,0.0019418512238189578,0.9176764488220215
gue_splice_reconstructed_lora__evo2_1b_base__20260515T200437Z,0,0,0.9884189963340759,3.9911898056743667e-05,0.011541062965989113
gue_splice_reconstructed_lora__evo2_1b_base__20260515T200437Z,2,2,0.011359838768839836,0.006194358225911856,0.9824458360671997
gue_splice_reconstructed_lora__evo2_1b_base__20260515T200437Z,0,0,0.9840936064720154,6.974102871026844e-05,0.015836643055081367
gue_splice_reconstructed_lora__evo2_1b_base__20260515T200437Z,2,2,0.006774361245334148,0.002441560151055455,0.9907840490341187
gue_splice_reconstructed_lora__evo2_1b_base__20260515T200437Z,2,2,0.009464433416724205,0.013757229782640934,0.9767783880233765
gue_splice_reconstructed_lora__evo2_1b_base__20260515T200437Z,1,1,8.523934229742736e-05,0.9855270385742188,0.01438764575868845
gue_splice_reconstructed_lora__evo2_1b_base__20260515T200437Z,2,2,0.003650433151051402,0.0037626344710588455,0.9925869107246399
gue_splice_reconstructed_lora__evo2_1b_base__20260515T200437Z,2,2,0.0018009468913078308,0.0031762311700731516,0.9950228929519653
gue_splice_reconstructed_lora__evo2_1b_base__20260515T200437Z,2,2,0.01609114371240139,0.0019031367264688015,0.9820057153701782
gue_splice_reconstructed_lora__evo2_1b_base__20260515T200437Z,2,2,0.011859246529638767,0.001795731601305306,0.9863450527191162
gue_splice_reconstructed_lora__evo2_1b_base__20260515T200437Z,2,2,0.002608590293675661,0.004902127664536238,0.9924893379211426
gue_splice_reconstructed_lora__evo2_1b_base__20260515T200437Z,2,2,0.00280622742138803,0.00781664252281189,0.9893771409988403
gue_splice_reconstructed_lora__evo2_1b_base__20260515T200437Z,1,1,9.696894267108291e-05,0.9894054532051086,0.010497580282390118
gue_splice_reconstructed_lora__evo2_1b_base__20260515T200437Z,0,0,0.9830114841461182,6.673435564152896e-05,0.016921907663345337
gue_splice_reconstructed_lora__evo2_1b_base__20260515T200437Z,2,2,0.005900380201637745,0.008568251505494118,0.9855313301086426
gue_splice_reconstructed_lora__evo2_1b_base__20260515T200437Z,2,2,0.004991885740309954,0.002925993176177144,0.9920821189880371
gue_splice_reconstructed_lora__evo2_1b_base__20260515T200437Z,1,1,8.316744060721248e-05,0.9882277846336365,0.011689106933772564
gue_splice_reconstructed_lora__evo2_1b_base__20260515T200437Z,1,1,0.0001078478671843186,0.9863981604576111,0.013494079001247883
gue_splice_reconstructed_lora__evo2_1b_base__20260515T200437Z,0,0,0.9852684140205383,6.042788299964741e-05,0.014671148732304573
gue_splice_reconstructed_lora__evo2_1b_base__20260515T200437Z,2,2,0.003070695325732231,0.0024915863759815693,0.9944376945495605
gue_splice_reconstructed_lora__evo2_1b_base__20260515T200437Z,0,0,0.9909731149673462,3.5313139960635453e-05,0.008991636335849762
gue_splice_reconstructed_lora__evo2_1b_base__20260515T200437Z,0,0,0.9901102185249329,4.222749703330919e-05,0.009847529232501984
gue_splice_reconstructed_lora__evo2_1b_base__20260515T200437Z,0,2,0.0793549120426178,0.0022194741759449244,0.9184255599975586
gue_splice_reconstructed_lora__evo2_1b_base__20260515T200437Z,2,2,0.0030238949693739414,0.0032441653311252594,0.9937319159507751
gue_splice_reconstructed_lora__evo2_1b_base__20260515T200437Z,2,2,0.002147034974768758,0.0028360383585095406,0.9950169920921326
gue_splice_reconstructed_lora__evo2_1b_base__20260515T200437Z,0,0,0.9599149227142334,0.0005226829089224339,0.039562422782182693
gue_splice_reconstructed_lora__evo2_1b_base__20260515T200437Z,2,2,0.006018666084855795,0.006209718529134989,0.9877716302871704
gue_splice_reconstructed_lora__evo2_1b_base__20260515T200437Z,2,2,0.002068678382784128,0.004923883359879255,0.9930074214935303
gue_splice_reconstructed_lora__evo2_1b_base__20260515T200437Z,0,0,0.9914255142211914,3.254684270359576e-05,0.008541985414922237
gue_splice_reconstructed_lora__evo2_1b_base__20260515T200437Z,0,0,0.9870785474777222,5.1378694479353726e-05,0.01287008821964264
gue_splice_reconstructed_lora__evo2_1b_base__20260515T200437Z,2,2,0.02598525770008564,0.0024894713424146175,0.9715253114700317
gue_splice_reconstructed_lora__evo2_1b_base__20260515T200437Z,1,1,7.179607928264886e-05,0.9934967756271362,0.006431396584957838
gue_splice_reconstructed_lora__evo2_1b_base__20260515T200437Z,1,1,0.0007908406550996006,0.7911948561668396,0.20801429450511932
gue_splice_reconstructed_lora__evo2_1b_base__20260515T200437Z,0,0,0.9901453852653503,4.2726776882773265e-05,0.009811880998313427
gue_splice_reconstructed_lora__evo2_1b_base__20260515T200437Z,2,2,0.0024999002926051617,0.006541489623486996,0.990958571434021
gue_splice_reconstructed_lora__evo2_1b_base__20260515T200437Z,1,1,4.972130409441888e-05,0.9932892918586731,0.0066609433852136135
gue_splice_reconstructed_lora__evo2_1b_base__20260515T200437Z,1,1,4.606850416166708e-05,0.9950997233390808,0.0048542027361691
gue_splice_reconstructed_lora__evo2_1b_base__20260515T200437Z,2,2,0.0044329543597996235,0.003094700863584876,0.9924722909927368
gue_splice_reconstructed_lora__evo2_1b_base__20260515T200437Z,1,1,4.638855534722097e-05,0.9942153096199036,0.005738332401961088
gue_splice_reconstructed_lora__evo2_1b_base__20260515T200437Z,1,1,6.255756306927651e-05,0.9924799203872681,0.007457465399056673
gue_splice_reconstructed_lora__evo2_1b_base__20260515T200437Z,2,2,0.003647544886916876,0.0026118787936866283,0.9937404990196228
gue_splice_reconstructed_lora__evo2_1b_base__20260515T200437Z,2,2,0.0026116666849702597,0.3197712302207947,0.6776171326637268
gue_splice_reconstructed_lora__evo2_1b_base__20260515T200437Z,2,2,0.0013779655564576387,0.0017797404434531927,0.9968422651290894
gue_splice_reconstructed_lora__evo2_1b_base__20260515T200437Z,0,0,0.988778293132782,4.541961243376136e-05,0.011176396161317825
gue_splice_reconstructed_lora__evo2_1b_base__20260515T200437Z,1,2,0.0035445329267531633,0.007879264652729034,0.9885762333869934
gue_splice_reconstructed_lora__evo2_1b_base__20260515T200437Z,2,2,0.01390034705400467,0.003966989926993847,0.982132613658905
gue_splice_reconstructed_lora__evo2_1b_base__20260515T200437Z,0,0,0.9931319355964661,1.7725868019624613e-05,0.006850359030067921
gue_splice_reconstructed_lora__evo2_1b_base__20260515T200437Z,0,0,0.9911381602287292,3.190807910868898e-05,0.008829962462186813
gue_splice_reconstructed_lora__evo2_1b_base__20260515T200437Z,1,1,3.245157495257445e-05,0.9962765574455261,0.0036909368354827166
gue_splice_reconstructed_lora__evo2_1b_base__20260515T200437Z,0,0,0.9892241358757019,4.121238089282997e-05,0.010734721086919308
gue_splice_reconstructed_lora__evo2_1b_base__20260515T200437Z,2,2,0.012969296425580978,0.0034516563173383474,0.9835789799690247
gue_splice_reconstructed_lora__evo2_1b_base__20260515T200437Z,2,0,0.9763392210006714,1.689000055193901e-05,0.023643942549824715
gue_splice_reconstructed_lora__evo2_1b_base__20260515T200437Z,2,2,0.002000084612518549,0.005506254732608795,0.9924936294555664
gue_splice_reconstructed_lora__evo2_1b_base__20260515T200437Z,1,1,0.00015267281560227275,0.9748275876045227,0.025019686669111252
gue_splice_reconstructed_lora__evo2_1b_base__20260515T200437Z,1,1,4.771000021719374e-05,0.9949557185173035,0.0049965763464570045
gue_splice_reconstructed_lora__evo2_1b_base__20260515T200437Z,1,1,6.690362351946533e-05,0.9932342171669006,0.006698898039758205
gue_splice_reconstructed_lora__evo2_1b_base__20260515T200437Z,1,1,0.00031682715052738786,0.9782422184944153,0.021440891548991203
gue_splice_reconstructed_lora__evo2_1b_base__20260515T200437Z,0,0,0.9912354946136475,2.8051754270563833e-05,0.008736475370824337
gue_splice_reconstructed_lora__evo2_1b_base__20260515T200437Z,2,2,0.0034636680502444506,0.0037341625429689884,0.9928021430969238
gue_splice_reconstructed_lora__evo2_1b_base__20260515T200437Z,1,1,0.00013614365889225155,0.9735559821128845,0.026307953521609306
gue_splice_reconstructed_lora__evo2_1b_base__20260515T200437Z,1,1,6.399840640369803e-05,0.9918186664581299,0.008117305114865303
gue_splice_reconstructed_lora__evo2_1b_base__20260515T200437Z,2,2,0.007396309170871973,0.010543117299675941,0.9820605516433716
gue_splice_reconstructed_lora__evo2_1b_base__20260515T200437Z,0,0,0.9910293817520142,3.531514812493697e-05,0.008935249410569668
gue_splice_reconstructed_lora__evo2_1b_base__20260515T200437Z,1,1,6.594869046239182e-05,0.9905983805656433,0.009335738606750965
gue_splice_reconstructed_lora__evo2_1b_base__20260515T200437Z,1,1,5.5582135246368125e-05,0.9914506077766418,0.008493850007653236
gue_splice_reconstructed_lora__evo2_1b_base__20260515T200437Z,2,2,0.006166084669530392,0.0053103091195225716,0.988523542881012
gue_splice_reconstructed_lora__evo2_1b_base__20260515T200437Z,0,2,0.11564137786626816,0.0031842244789004326,0.8811744451522827
gue_splice_reconstructed_lora__evo2_1b_base__20260515T200437Z,2,2,0.00984232034534216,0.00177847093436867,0.9883792400360107
gue_splice_reconstructed_lora__evo2_1b_base__20260515T200437Z,2,2,0.0025265677832067013,0.0017951074987649918,0.9956783652305603
gue_splice_reconstructed_lora__evo2_1b_base__20260515T200437Z,1,1,3.806121458183043e-05,0.9955701231956482,0.004391767084598541
gue_splice_reconstructed_lora__evo2_1b_base__20260515T200437Z,1,1,0.0003257661883253604,0.8670905828475952,0.1325836479663849
gue_splice_reconstructed_lora__evo2_1b_base__20260515T200437Z,1,1,3.9697719330433756e-05,0.994703471660614,0.005256811622530222
gue_splice_reconstructed_lora__evo2_1b_base__20260515T200437Z,2,2,0.001995566999539733,0.003876724746078253,0.9941277503967285
gue_splice_reconstructed_lora__evo2_1b_base__20260515T200437Z,2,2,0.09358794242143631,0.005591651424765587,0.9008203744888306
gue_splice_reconstructed_lora__evo2_1b_base__20260515T200437Z,0,0,0.9910484552383423,4.0018076106207445e-05,0.008911455981433392
gue_splice_reconstructed_lora__evo2_1b_base__20260515T200437Z,2,2,0.001810777117498219,0.0035801215562969446,0.9946091175079346
gue_splice_reconstructed_lora__evo2_1b_base__20260515T200437Z,2,2,0.0023380133789032698,0.002393457805737853,0.9952685236930847
gue_splice_reconstructed_lora__evo2_1b_base__20260515T200437Z,2,2,0.003833366557955742,0.003510831156745553,0.992655873298645
gue_splice_reconstructed_lora__evo2_1b_base__20260515T200437Z,2,2,0.003274938091635704,0.01104656234383583,0.985678493976593
gue_splice_reconstructed_lora__evo2_1b_base__20260515T200437Z,0,0,0.992715060710907,2.4313005269505084e-05,0.007260690443217754
gue_splice_reconstructed_lora__evo2_1b_base__20260515T200437Z,2,2,0.005884888116270304,0.004429151304066181,0.9896859526634216
gue_splice_reconstructed_lora__evo2_1b_base__20260515T200437Z,2,2,0.0026204963214695454,0.008119131438434124,0.9892603158950806
gue_splice_reconstructed_lora__evo2_1b_base__20260515T200437Z,2,2,0.005861550569534302,0.0054849497973918915,0.9886534810066223
gue_splice_reconstructed_lora__evo2_1b_base__20260515T200437Z,0,0,0.9844526648521423,6.427188782254234e-05,0.015482990071177483
gue_splice_reconstructed_lora__evo2_1b_base__20260515T200437Z,2,2,0.01658196747303009,0.002593082142993808,0.980824887752533
gue_splice_reconstructed_lora__evo2_1b_base__20260515T200437Z,0,0,0.9910646677017212,3.253499380662106e-05,0.008902903646230698
gue_splice_reconstructed_lora__evo2_1b_base__20260515T200437Z,0,0,0.9795510768890381,4.9418184062233195e-05,0.020399540662765503
gue_splice_reconstructed_lora__evo2_1b_base__20260515T200437Z,1,1,0.00018904551689047366,0.9530077576637268,0.04680318012833595
gue_splice_reconstructed_lora__evo2_1b_base__20260515T200437Z,0,0,0.9794529676437378,1.9578596038627438e-05,0.02052738517522812
gue_splice_reconstructed_lora__evo2_1b_base__20260515T200437Z,2,2,0.005635980051010847,0.005889176856726408,0.9884748458862305
gue_splice_reconstructed_lora__evo2_1b_base__20260515T200437Z,2,2,0.0012067125644534826,0.0018472186056897044,0.9969460368156433
gue_splice_reconstructed_lora__evo2_1b_base__20260515T200437Z,2,2,0.0012023256858810782,0.001588163198903203,0.9972094893455505
gue_splice_reconstructed_lora__evo2_1b_base__20260515T200437Z,2,2,0.013935193419456482,0.00722242658957839,0.9788424372673035
gue_splice_reconstructed_lora__evo2_1b_base__20260515T200437Z,0,0,0.9851043820381165,6.846236647106707e-05,0.014827127568423748
gue_splice_reconstructed_lora__evo2_1b_base__20260515T200437Z,1,1,0.00024118655710481107,0.9750638604164124,0.02469496987760067
gue_splice_reconstructed_lora__evo2_1b_base__20260515T200437Z,1,1,0.0001128967633121647,0.9930190443992615,0.006868000142276287
gue_splice_reconstructed_lora__evo2_1b_base__20260515T200437Z,2,2,0.01556119043380022,0.0017544631846249104,0.982684314250946
gue_splice_reconstructed_lora__evo2_1b_base__20260515T200437Z,0,0,0.9910119771957397,3.7739249819424e-05,0.008950375020503998
gue_splice_reconstructed_lora__evo2_1b_base__20260515T200437Z,2,2,0.014369798824191093,0.053026553243398666,0.9326037168502808
gue_splice_reconstructed_lora__evo2_1b_base__20260515T200437Z,2,2,0.0084231523796916,0.003626292571425438,0.9879505634307861
gue_splice_reconstructed_lora__evo2_1b_base__20260515T200437Z,2,2,0.034836553037166595,0.001726830843836069,0.9634366035461426
gue_splice_reconstructed_lora__evo2_1b_base__20260515T200437Z,0,0,0.9911420345306396,2.8049109459971078e-05,0.008829996921122074
gue_splice_reconstructed_lora__evo2_1b_base__20260515T200437Z,2,2,0.0021682148799300194,0.0017922547413036227,0.9960395097732544
gue_splice_reconstructed_lora__evo2_1b_base__20260515T200437Z,0,0,0.991033136844635,2.0679844965343364e-05,0.008946196176111698
gue_splice_reconstructed_lora__evo2_1b_base__20260515T200437Z,2,2,0.003737581428140402,0.0025512995198369026,0.9937111139297485
gue_splice_reconstructed_lora__evo2_1b_base__20260515T200437Z,0,0,0.9915681481361389,3.7466576031874865e-05,0.008394352160394192
gue_splice_reconstructed_lora__evo2_1b_base__20260515T200437Z,0,0,0.9864792227745056,1.482668722019298e-05,0.013505900278687477
gue_splice_reconstructed_lora__evo2_1b_base__20260515T200437Z,1,1,5.643852273351513e-05,0.9949977397918701,0.004945812281221151
gue_splice_reconstructed_lora__evo2_1b_base__20260515T200437Z,2,2,0.017344269901514053,0.0018067749915644526,0.9808489680290222
gue_splice_reconstructed_lora__evo2_1b_base__20260515T200437Z,0,0,0.9841453433036804,4.812239785678685e-05,0.01580657623708248
gue_splice_reconstructed_lora__evo2_1b_base__20260515T200437Z,2,2,0.0027402574196457863,0.006297061685472727,0.9909626841545105
gue_splice_reconstructed_lora__evo2_1b_base__20260515T200437Z,2,2,0.0031004755292087793,0.005484180990606546,0.9914153218269348
gue_splice_reconstructed_lora__evo2_1b_base__20260515T200437Z,0,0,0.9923345446586609,2.2042486307327636e-05,0.007643452379852533
gue_splice_reconstructed_lora__evo2_1b_base__20260515T200437Z,2,2,0.0022399427834898233,0.0033461737912148237,0.9944138526916504
gue_splice_reconstructed_lora__evo2_1b_base__20260515T200437Z,2,2,0.00169090973213315,0.003829175839200616,0.9944798946380615
gue_splice_reconstructed_lora__evo2_1b_base__20260515T200437Z,2,2,0.0025394062977284193,0.002569340169429779,0.9948912858963013
gue_splice_reconstructed_lora__evo2_1b_base__20260515T200437Z,2,2,0.0021783311385661364,0.00395215954631567,0.993869423866272
gue_splice_reconstructed_lora__evo2_1b_base__20260515T200437Z,1,1,6.333040801109746e-05,0.9891641736030579,0.010772465728223324
gue_splice_reconstructed_lora__evo2_1b_base__20260515T200437Z,1,1,0.0002601543383207172,0.9727063775062561,0.02703343704342842
gue_splice_reconstructed_lora__evo2_1b_base__20260515T200437Z,2,2,0.004505880642682314,0.007172305602580309,0.988321840763092
gue_splice_reconstructed_lora__evo2_1b_base__20260515T200437Z,1,1,0.0001400884793838486,0.9747443795204163,0.025115463882684708
gue_splice_reconstructed_lora__evo2_1b_base__20260515T200437Z,2,2,0.008508298546075821,0.005180741660296917,0.9863109588623047
gue_splice_reconstructed_lora__evo2_1b_base__20260515T200437Z,2,2,0.0017189879436045885,0.0029614560771733522,0.9953195452690125
gue_splice_reconstructed_lora__evo2_1b_base__20260515T200437Z,0,0,0.9901413321495056,4.4428637920646e-05,0.00981423631310463
gue_splice_reconstructed_lora__evo2_1b_base__20260515T200437Z,0,0,0.9919958114624023,3.181118154316209e-05,0.007972422987222672
gue_splice_reconstructed_lora__evo2_1b_base__20260515T200437Z,2,2,0.0037003278266638517,0.0018679241184145212,0.9944317936897278
gue_splice_reconstructed_lora__evo2_1b_base__20260515T200437Z,1,1,5.8230256399838254e-05,0.9950007796287537,0.004940999671816826
gue_splice_reconstructed_lora__evo2_1b_base__20260515T200437Z,2,2,0.014607512392103672,0.0034392275847494602,0.9819532632827759
gue_splice_reconstructed_lora__evo2_1b_base__20260515T200437Z,1,1,3.4209242585347965e-05,0.9943451881408691,0.005620525684207678
gue_splice_reconstructed_lora__evo2_1b_base__20260515T200437Z,2,2,0.0029400389175862074,0.004101819824427366,0.9929581880569458
gue_splice_reconstructed_lora__evo2_1b_base__20260515T200437Z,0,0,0.9924569129943848,2.8306603780947626e-05,0.007514862809330225
gue_splice_reconstructed_lora__evo2_1b_base__20260515T200437Z,2,2,0.004107611253857613,0.003472493030130863,0.9924198985099792
gue_splice_reconstructed_lora__evo2_1b_base__20260515T200437Z,2,2,0.0021486820187419653,0.004014266189187765,0.9938370585441589
gue_splice_reconstructed_lora__evo2_1b_base__20260515T200437Z,2,2,0.0037265645805746317,0.005491393618285656,0.9907820820808411
gue_splice_reconstructed_lora__evo2_1b_base__20260515T200437Z,2,2,0.05631369724869728,0.001389285083860159,0.9422970414161682
gue_splice_reconstructed_lora__evo2_1b_base__20260515T200437Z,0,0,0.9917846918106079,3.3723630622262135e-05,0.008181688375771046
gue_splice_reconstructed_lora__evo2_1b_base__20260515T200437Z,2,0,0.9702450633049011,6.716680218232796e-05,0.029687685891985893
gue_splice_reconstructed_lora__evo2_1b_base__20260515T200437Z,1,1,0.00012992689153179526,0.9928930401802063,0.00697697326540947
gue_splice_reconstructed_lora__evo2_1b_base__20260515T200437Z,1,1,0.00011300973710604012,0.986277163028717,0.0136098712682724
gue_splice_reconstructed_lora__evo2_1b_base__20260515T200437Z,0,0,0.9931411147117615,2.854828017007094e-05,0.006830382160842419
gue_splice_reconstructed_lora__evo2_1b_base__20260515T200437Z,0,0,0.9907981157302856,4.12779554608278e-05,0.009160649962723255
gue_splice_reconstructed_lora__evo2_1b_base__20260515T200437Z,2,2,0.0025170501321554184,0.0036160864401608706,0.9938668608665466
gue_splice_reconstructed_lora__evo2_1b_base__20260515T200437Z,1,1,8.154331590048969e-05,0.9919067621231079,0.008011704310774803
gue_splice_reconstructed_lora__evo2_1b_base__20260515T200437Z,2,2,0.018270445987582207,0.003013308160007,0.9787161946296692
gue_splice_reconstructed_lora__evo2_1b_base__20260515T200437Z,1,1,8.713350689504296e-05,0.9918084740638733,0.008104351349174976
gue_splice_reconstructed_lora__evo2_1b_base__20260515T200437Z,2,2,0.014930197037756443,0.003716419916599989,0.9813534021377563
gue_splice_reconstructed_lora__evo2_1b_base__20260515T200437Z,1,2,0.002944415668025613,0.00842891726642847,0.9886266589164734
gue_splice_reconstructed_lora__evo2_1b_base__20260515T200437Z,2,2,0.004576214123517275,0.0023997491225600243,0.9930239915847778
gue_splice_reconstructed_lora__evo2_1b_base__20260515T200437Z,2,2,0.003943306393921375,0.0015040362486615777,0.9945526719093323
gue_splice_reconstructed_lora__evo2_1b_base__20260515T200437Z,2,2,0.0013381153112277389,0.00186870654579252,0.9967932105064392
gue_splice_reconstructed_lora__evo2_1b_base__20260515T200437Z,2,2,0.0025565321557223797,0.0036371152382344007,0.9938063621520996
gue_splice_reconstructed_lora__evo2_1b_base__20260515T200437Z,2,2,0.001480376347899437,0.002252899808809161,0.996266782283783
gue_splice_reconstructed_lora__evo2_1b_base__20260515T200437Z,2,2,0.019110754132270813,0.004039221443235874,0.9768500328063965
gue_splice_reconstructed_lora__evo2_1b_base__20260515T200437Z,2,2,0.0025864881463348866,0.0036761409137398005,0.9937373399734497
gue_splice_reconstructed_lora__evo2_1b_base__20260515T200437Z,2,0,0.9872291088104248,1.7828217096393928e-05,0.012753184884786606
gue_splice_reconstructed_lora__evo2_1b_base__20260515T200437Z,2,2,0.016606703400611877,0.002542993053793907,0.9808502793312073
gue_splice_reconstructed_lora__evo2_1b_base__20260515T200437Z,0,0,0.9908618927001953,3.939023372367956e-05,0.00909882690757513
gue_splice_reconstructed_lora__evo2_1b_base__20260515T200437Z,2,2,0.007142902817577124,0.0028026693034917116,0.9900543689727783
gue_splice_reconstructed_lora__evo2_1b_base__20260515T200437Z,2,2,0.003791389986872673,0.008653189055621624,0.9875554442405701
gue_splice_reconstructed_lora__evo2_1b_base__20260515T200437Z,2,2,0.002318205079063773,0.0040765306912362576,0.9936052560806274
gue_splice_reconstructed_lora__evo2_1b_base__20260515T200437Z,2,2,0.012184075079858303,0.0027506807819008827,0.9850652813911438
gue_splice_reconstructed_lora__evo2_1b_base__20260515T200437Z,2,2,0.041458021849393845,0.005003709811717272,0.9535382986068726
gue_splice_reconstructed_lora__evo2_1b_base__20260515T200437Z,2,2,0.003591771936044097,0.005360387731343508,0.9910479187965393
gue_splice_reconstructed_lora__evo2_1b_base__20260515T200437Z,2,2,0.0024806009605526924,0.0026200369466096163,0.994899332523346
gue_splice_reconstructed_lora__evo2_1b_base__20260515T200437Z,1,1,8.219516894314438e-05,0.9920551180839539,0.007862715981900692
gue_splice_reconstructed_lora__evo2_1b_base__20260515T200437Z,2,2,0.0034014249686151743,0.010144867934286594,0.9864537119865417
gue_splice_reconstructed_lora__evo2_1b_base__20260515T200437Z,2,2,0.0014476982178166509,0.003119126660749316,0.9954332113265991
gue_splice_reconstructed_lora__evo2_1b_base__20260515T200437Z,0,0,0.9854479432106018,6.33394083706662e-05,0.014488710090517998
gue_splice_reconstructed_lora__evo2_1b_base__20260515T200437Z,2,2,0.13284003734588623,0.0034682070836424828,0.8636917471885681
gue_splice_reconstructed_lora__evo2_1b_base__20260515T200437Z,1,2,0.008405901491641998,0.03132334351539612,0.9602707028388977
gue_splice_reconstructed_lora__evo2_1b_base__20260515T200437Z,0,2,0.011757215484976768,0.0055972738191485405,0.9826455116271973
gue_splice_reconstructed_lora__evo2_1b_base__20260515T200437Z,0,0,0.9896667003631592,1.022314972942695e-05,0.010323057882487774
gue_splice_reconstructed_lora__evo2_1b_base__20260515T200437Z,2,2,0.010035640560090542,0.001664072391577065,0.9883003234863281
gue_splice_reconstructed_lora__evo2_1b_base__20260515T200437Z,0,0,0.9877175092697144,5.3669209592044353e-05,0.012228816747665405
gue_splice_reconstructed_lora__evo2_1b_base__20260515T200437Z,2,2,0.003115956438705325,0.0044027939438819885,0.9924812316894531
gue_splice_reconstructed_lora__evo2_1b_base__20260515T200437Z,2,2,0.010007510893046856,0.008304623886942863,0.9816878437995911
gue_splice_reconstructed_lora__evo2_1b_base__20260515T200437Z,2,2,0.002097172662615776,0.002945956774055958,0.994956910610199
gue_splice_reconstructed_lora__evo2_1b_base__20260515T200437Z,0,0,0.9867664575576782,7.215028017526492e-05,0.013161484152078629
gue_splice_reconstructed_lora__evo2_1b_base__20260515T200437Z,2,2,0.002654903568327427,0.004835660569369793,0.9925093650817871
gue_splice_reconstructed_lora__evo2_1b_base__20260515T200437Z,1,1,9.777598461369053e-05,0.9898762106895447,0.010025909170508385
gue_splice_reconstructed_lora__evo2_1b_base__20260515T200437Z,2,2,0.004274867940694094,0.0034316007513552904,0.9922934770584106
gue_splice_reconstructed_lora__evo2_1b_base__20260515T200437Z,2,2,0.007054569199681282,0.007465677335858345,0.9854797720909119
gue_splice_reconstructed_lora__evo2_1b_base__20260515T200437Z,0,0,0.9923237562179565,2.7218542527407408e-05,0.007648969069123268
gue_splice_reconstructed_lora__evo2_1b_base__20260515T200437Z,1,2,0.015882134437561035,0.012023638933897018,0.9720941781997681
gue_splice_reconstructed_lora__evo2_1b_base__20260515T200437Z,2,2,0.0018595618894323707,0.004285776987671852,0.9938546419143677
gue_splice_reconstructed_lora__evo2_1b_base__20260515T200437Z,2,2,0.006874456536024809,0.01768358424305916,0.9754419922828674
gue_splice_reconstructed_lora__evo2_1b_base__20260515T200437Z,2,2,0.00594748742878437,0.015098711475729942,0.9789537787437439
gue_splice_reconstructed_lora__evo2_1b_base__20260515T200437Z,0,0,0.9912529587745667,3.8044494431233034e-05,0.008708943612873554
gue_splice_reconstructed_lora__evo2_1b_base__20260515T200437Z,2,2,0.006170866545289755,0.005504585336893797,0.9883245229721069
gue_splice_reconstructed_lora__evo2_1b_base__20260515T200437Z,2,2,0.010637062601745129,0.0019324292661622167,0.9874304533004761
gue_splice_reconstructed_lora__evo2_1b_base__20260515T200437Z,2,2,0.0017586029134690762,0.005512938369065523,0.9927284717559814
gue_splice_reconstructed_lora__evo2_1b_base__20260515T200437Z,2,2,0.004986457526683807,0.04846760258078575,0.9465458989143372
gue_splice_reconstructed_lora__evo2_1b_base__20260515T200437Z,2,2,0.01375153474509716,0.002216557040810585,0.9840318560600281
gue_splice_reconstructed_lora__evo2_1b_base__20260515T200437Z,2,2,0.0021754547487944365,0.0033269047271460295,0.9944975972175598
gue_splice_reconstructed_lora__evo2_1b_base__20260515T200437Z,0,2,0.044689543545246124,0.0029208215419203043,0.952389657497406
gue_splice_reconstructed_lora__evo2_1b_base__20260515T200437Z,2,0,0.5818263292312622,0.000733733584638685,0.41743993759155273
gue_splice_reconstructed_lora__evo2_1b_base__20260515T200437Z,2,2,0.004008443094789982,0.011319068260490894,0.984672486782074
gue_splice_reconstructed_lora__evo2_1b_base__20260515T200437Z,2,2,0.008164335042238235,0.008657006546854973,0.9831786155700684
gue_splice_reconstructed_lora__evo2_1b_base__20260515T200437Z,2,2,0.00427525257691741,0.0023725752253085375,0.9933521747589111
gue_splice_reconstructed_lora__evo2_1b_base__20260515T200437Z,2,2,0.3592199981212616,0.0016505731036886573,0.6391294002532959
gue_splice_reconstructed_lora__evo2_1b_base__20260515T200437Z,2,2,0.004693245980888605,0.006290831137448549,0.9890159964561462
gue_splice_reconstructed_lora__evo2_1b_base__20260515T200437Z,2,2,0.002170723397284746,0.005494630429893732,0.9923346638679504
gue_splice_reconstructed_lora__evo2_1b_base__20260515T200437Z,1,1,0.00012970813259016722,0.9873567819595337,0.01251347828656435
gue_splice_reconstructed_lora__evo2_1b_base__20260515T200437Z,1,1,0.00047031327267177403,0.9051888585090637,0.0943407341837883
gue_splice_reconstructed_lora__evo2_1b_base__20260515T200437Z,0,0,0.9874787330627441,5.7340315834153444e-05,0.012463949620723724
gue_splice_reconstructed_lora__evo2_1b_base__20260515T200437Z,2,2,0.024549832567572594,0.00267946464009583,0.972770631313324
gue_splice_reconstructed_lora__evo2_1b_base__20260515T200437Z,2,2,0.01869495026767254,0.008287736214697361,0.9730173349380493
gue_splice_reconstructed_lora__evo2_1b_base__20260515T200437Z,0,0,0.988655686378479,4.8722093197284266e-05,0.011295701377093792
gue_splice_reconstructed_lora__evo2_1b_base__20260515T200437Z,0,0,0.9891153573989868,4.041081774630584e-05,0.010844167321920395
gue_splice_reconstructed_lora__evo2_1b_base__20260515T200437Z,1,1,0.00013223067799117416,0.9832419157028198,0.01662587560713291
gue_splice_reconstructed_lora__evo2_1b_base__20260515T200437Z,2,2,0.017735837027430534,0.002505669603124261,0.9797585010528564
gue_splice_reconstructed_lora__evo2_1b_base__20260515T200437Z,1,1,4.560947127174586e-05,0.9929113984107971,0.00704299146309495
gue_splice_reconstructed_lora__evo2_1b_base__20260515T200437Z,0,0,0.9871406555175781,5.7320688938489184e-05,0.01280195266008377
gue_splice_reconstructed_lora__evo2_1b_base__20260515T200437Z,2,2,0.007743059191852808,0.002575930440798402,0.98968106508255
gue_splice_reconstructed_lora__evo2_1b_base__20260515T200437Z,2,2,0.013415063731372356,0.01056049857288599,0.9760244488716125
gue_splice_reconstructed_lora__evo2_1b_base__20260515T200437Z,2,2,0.004912151489406824,0.004446434788405895,0.9906414151191711
gue_splice_reconstructed_lora__evo2_1b_base__20260515T200437Z,2,2,0.002323649823665619,0.003680689726024866,0.993995726108551
gue_splice_reconstructed_lora__evo2_1b_base__20260515T200437Z,1,1,6.91726163495332e-05,0.9914438128471375,0.008487056009471416
gue_splice_reconstructed_lora__evo2_1b_base__20260515T200437Z,2,2,0.38051944971084595,0.002439352683722973,0.6170412302017212
gue_splice_reconstructed_lora__evo2_1b_base__20260515T200437Z,2,2,0.003377367276698351,0.002692671725526452,0.9939299821853638
gue_splice_reconstructed_lora__evo2_1b_base__20260515T200437Z,1,1,8.028858428588137e-05,0.9881563186645508,0.011763408780097961
gue_splice_reconstructed_lora__evo2_1b_base__20260515T200437Z,1,1,0.00013088411651551723,0.9885552525520325,0.01131387334316969
gue_splice_reconstructed_lora__evo2_1b_base__20260515T200437Z,1,1,8.68126517161727e-05,0.9920238256454468,0.007889388129115105
gue_splice_reconstructed_lora__evo2_1b_base__20260515T200437Z,1,1,0.0014327691169455647,0.8660181760787964,0.13254906237125397
gue_splice_reconstructed_lora__evo2_1b_base__20260515T200437Z,1,1,9.849408525042236e-05,0.9816870093345642,0.01821439154446125
gue_splice_reconstructed_lora__evo2_1b_base__20260515T200437Z,2,2,0.01766327954828739,0.002767576603218913,0.979569137096405
gue_splice_reconstructed_lora__evo2_1b_base__20260515T200437Z,2,2,0.02248488925397396,0.005902884528040886,0.9716121554374695
gue_splice_reconstructed_lora__evo2_1b_base__20260515T200437Z,0,0,0.9947130084037781,2.1752763132099062e-05,0.005265211686491966
gue_splice_reconstructed_lora__evo2_1b_base__20260515T200437Z,2,2,0.1202034056186676,0.004095098935067654,0.8757014870643616
gue_splice_reconstructed_lora__evo2_1b_base__20260515T200437Z,1,1,6.416127143893391e-05,0.9904662370681763,0.009469634853303432
gue_splice_reconstructed_lora__evo2_1b_base__20260515T200437Z,0,0,0.9826982617378235,6.003527596476488e-05,0.017241742461919785
gue_splice_reconstructed_lora__evo2_1b_base__20260515T200437Z,1,1,6.901358574395999e-05,0.989164412021637,0.010766551829874516
gue_splice_reconstructed_lora__evo2_1b_base__20260515T200437Z,1,1,0.0002415468916296959,0.9803425669670105,0.01941581815481186
gue_splice_reconstructed_lora__evo2_1b_base__20260515T200437Z,2,2,0.0024914403911679983,0.004099675919860601,0.9934089183807373
gue_splice_reconstructed_lora__evo2_1b_base__20260515T200437Z,0,0,0.9418948888778687,8.53751553222537e-05,0.05801979824900627
gue_splice_reconstructed_lora__evo2_1b_base__20260515T200437Z,2,2,0.002470071194693446,0.0029765660874545574,0.9945533275604248
gue_splice_reconstructed_lora__evo2_1b_base__20260515T200437Z,2,2,0.00791099388152361,0.04683233052492142,0.9452567100524902
gue_splice_reconstructed_lora__evo2_1b_base__20260515T200437Z,1,1,3.985848888987675e-05,0.9948381781578064,0.005121959373354912
gue_splice_reconstructed_lora__evo2_1b_base__20260515T200437Z,1,1,0.00024050631327554584,0.9647470712661743,0.03501245379447937
gue_splice_reconstructed_lora__evo2_1b_base__20260515T200437Z,1,1,4.827978409593925e-05,0.9951080679893494,0.004843589849770069
gue_splice_reconstructed_lora__evo2_1b_base__20260515T200437Z,0,0,0.9840013980865479,5.473523196997121e-05,0.015943776816129684
gue_splice_reconstructed_lora__evo2_1b_base__20260515T200437Z,0,0,0.9872800707817078,6.2229810282588e-05,0.012657682411372662
gue_splice_reconstructed_lora__evo2_1b_base__20260515T200437Z,0,0,0.9792575240135193,4.8070800403365865e-05,0.02069435827434063
gue_splice_reconstructed_lora__evo2_1b_base__20260515T200437Z,2,2,0.0020348995458334684,0.0038502642419189215,0.9941148161888123
gue_splice_reconstructed_lora__evo2_1b_base__20260515T200437Z,2,2,0.006724345963448286,0.03726807236671448,0.9560075998306274
gue_splice_reconstructed_lora__evo2_1b_base__20260515T200437Z,2,2,0.18313150107860565,0.0025170689914375544,0.8143514394760132
gue_splice_reconstructed_lora__evo2_1b_base__20260515T200437Z,2,2,0.005416066851466894,0.021202433854341507,0.973381519317627
gue_splice_reconstructed_lora__evo2_1b_base__20260515T200437Z,2,2,0.00397453410550952,0.0023686718195676804,0.9936568140983582
gue_splice_reconstructed_lora__evo2_1b_base__20260515T200437Z,2,2,0.0061173755675554276,0.017944881692528725,0.9759376645088196
gue_splice_reconstructed_lora__evo2_1b_base__20260515T200437Z,2,2,0.007655478548258543,0.0023234165273606777,0.9900210499763489
gue_splice_reconstructed_lora__evo2_1b_base__20260515T200437Z,2,2,0.012282333336770535,0.02054896205663681,0.9671686887741089
gue_splice_reconstructed_lora__evo2_1b_base__20260515T200437Z,2,2,0.0022105895914137363,0.0028972646687179804,0.9948921203613281
gue_splice_reconstructed_lora__evo2_1b_base__20260515T200437Z,1,1,0.0002608393260743469,0.9471096396446228,0.05262957513332367
gue_splice_reconstructed_lora__evo2_1b_base__20260515T200437Z,2,2,0.00435303058475256,0.0037856735289096832,0.9918612241744995
gue_splice_reconstructed_lora__evo2_1b_base__20260515T200437Z,2,2,0.002083570696413517,0.003603604855015874,0.9943128824234009
gue_splice_reconstructed_lora__evo2_1b_base__20260515T200437Z,2,2,0.03491887077689171,0.0024427277967333794,0.9626383781433105
gue_splice_reconstructed_lora__evo2_1b_base__20260515T200437Z,1,2,0.0031429033260792494,0.0055213565938174725,0.9913357496261597
gue_splice_reconstructed_lora__evo2_1b_base__20260515T200437Z,2,2,0.0011196172563359141,0.0026261683087795973,0.9962542057037354
gue_splice_reconstructed_lora__evo2_1b_base__20260515T200437Z,2,2,0.0017203850438818336,0.004094873089343309,0.9941847920417786
gue_splice_reconstructed_lora__evo2_1b_base__20260515T200437Z,0,0,0.9872647523880005,5.30196339241229e-05,0.012682231143116951
gue_splice_reconstructed_lora__evo2_1b_base__20260515T200437Z,2,2,0.00686518382281065,0.0027016038075089455,0.9904332160949707
gue_splice_reconstructed_lora__evo2_1b_base__20260515T200437Z,1,1,8.790863648755476e-05,0.9889737367630005,0.010938331484794617
gue_splice_reconstructed_lora__evo2_1b_base__20260515T200437Z,2,2,0.011631311848759651,0.0023827410768717527,0.9859859943389893
gue_splice_reconstructed_lora__evo2_1b_base__20260515T200437Z,2,2,0.00301025016233325,0.0019284386653453112,0.9950613379478455
gue_splice_reconstructed_lora__evo2_1b_base__20260515T200437Z,1,1,8.532097126590088e-05,0.990331768989563,0.0095828827470541
gue_splice_reconstructed_lora__evo2_1b_base__20260515T200437Z,1,1,5.643244003294967e-05,0.9910117387771606,0.00893181748688221
gue_splice_reconstructed_lora__evo2_1b_base__20260515T200437Z,2,2,0.0027456844691187143,0.0023878226056694984,0.9948664903640747
gue_splice_reconstructed_lora__evo2_1b_base__20260515T200437Z,2,2,0.00847428385168314,0.004349426366388798,0.9871763586997986
gue_splice_reconstructed_lora__evo2_1b_base__20260515T200437Z,2,2,0.003932588268071413,0.15839605033397675,0.8376713991165161
gue_splice_reconstructed_lora__evo2_1b_base__20260515T200437Z,2,2,0.003951943013817072,0.07332207262516022,0.9227259755134583
gue_splice_reconstructed_lora__evo2_1b_base__20260515T200437Z,0,0,0.9877526760101318,1.8189488400821574e-05,0.01222925167530775
gue_splice_reconstructed_lora__evo2_1b_base__20260515T200437Z,0,0,0.9909533262252808,2.88211704173591e-05,0.00901783723384142
gue_splice_reconstructed_lora__evo2_1b_base__20260515T200437Z,2,2,0.002015879610553384,0.005437085870653391,0.9925470948219299
gue_splice_reconstructed_lora__evo2_1b_base__20260515T200437Z,2,2,0.010824894532561302,0.003262943821027875,0.9859121441841125
gue_splice_reconstructed_lora__evo2_1b_base__20260515T200437Z,2,2,0.0028833053074777126,0.007984420284628868,0.9891322255134583
gue_splice_reconstructed_lora__evo2_1b_base__20260515T200437Z,1,1,0.00011526970047270879,0.9865429401397705,0.013341878540813923
gue_splice_reconstructed_lora__evo2_1b_base__20260515T200437Z,2,2,0.1633700132369995,0.0020929942838847637,0.8345369696617126
gue_splice_reconstructed_lora__evo2_1b_base__20260515T200437Z,1,1,0.00013195998326409608,0.9850694537162781,0.014798576012253761
gue_splice_reconstructed_lora__evo2_1b_base__20260515T200437Z,2,2,0.013278726488351822,0.00444347457960248,0.9822777509689331
gue_splice_reconstructed_lora__evo2_1b_base__20260515T200437Z,0,0,0.9905596375465393,2.803262759698555e-05,0.009412325918674469
gue_splice_reconstructed_lora__evo2_1b_base__20260515T200437Z,2,2,0.005082941148430109,0.005244290456175804,0.9896727800369263
gue_splice_reconstructed_lora__evo2_1b_base__20260515T200437Z,1,1,7.381823525065556e-05,0.9861915111541748,0.013734690845012665
gue_splice_reconstructed_lora__evo2_1b_base__20260515T200437Z,0,0,0.9935014843940735,2.767998375929892e-05,0.006470801774412394
gue_splice_reconstructed_lora__evo2_1b_base__20260515T200437Z,1,1,6.665569526376203e-05,0.9934265613555908,0.006506748031824827
gue_splice_reconstructed_lora__evo2_1b_base__20260515T200437Z,2,0,0.8967061638832092,9.90035041468218e-05,0.10319484025239944
gue_splice_reconstructed_lora__evo2_1b_base__20260515T200437Z,0,2,0.3559184968471527,0.001481798361055553,0.6425997018814087
gue_splice_reconstructed_lora__evo2_1b_base__20260515T200437Z,0,0,0.9936290383338928,2.83400368061848e-05,0.0063425879925489426
gue_splice_reconstructed_lora__evo2_1b_base__20260515T200437Z,0,0,0.989959180355072,3.725994611158967e-05,0.010003521107137203
gue_splice_reconstructed_lora__evo2_1b_base__20260515T200437Z,2,2,0.002190295374020934,0.0023775428999215364,0.9954321384429932
gue_splice_reconstructed_lora__evo2_1b_base__20260515T200437Z,2,2,0.0017804225208237767,0.00294115929864347,0.9952784776687622
gue_splice_reconstructed_lora__evo2_1b_base__20260515T200437Z,0,0,0.9884324669837952,3.764102075365372e-05,0.011529955081641674
gue_splice_reconstructed_lora__evo2_1b_base__20260515T200437Z,2,2,0.0019978038035333157,0.0027601649053394794,0.9952419996261597
gue_splice_reconstructed_lora__evo2_1b_base__20260515T200437Z,2,2,0.10653902590274811,0.002726405393332243,0.8907346129417419
gue_splice_reconstructed_lora__evo2_1b_base__20260515T200437Z,0,0,0.992159366607666,2.8743746952386573e-05,0.007811878342181444
gue_splice_reconstructed_lora__evo2_1b_base__20260515T200437Z,1,1,6.516466237371787e-05,0.9903597831726074,0.009574969299137592
gue_splice_reconstructed_lora__evo2_1b_base__20260515T200437Z,1,1,6.76089694024995e-05,0.9920122027397156,0.007920173928141594
gue_splice_reconstructed_lora__evo2_1b_base__20260515T200437Z,2,2,0.0935700461268425,0.006221536081284285,0.9002083539962769
gue_splice_reconstructed_lora__evo2_1b_base__20260515T200437Z,2,2,0.03497758507728577,0.008969838730990887,0.9560526013374329
gue_splice_reconstructed_lora__evo2_1b_base__20260515T200437Z,2,2,0.004128232132643461,0.004296876024454832,0.9915749430656433
gue_splice_reconstructed_lora__evo2_1b_base__20260515T200437Z,1,1,4.330664160079323e-05,0.9918910264968872,0.008065732195973396
gue_splice_reconstructed_lora__evo2_1b_base__20260515T200437Z,0,0,0.9930418729782104,2.432101064187009e-05,0.006933864671736956
gue_splice_reconstructed_lora__evo2_1b_base__20260515T200437Z,2,2,0.010123019106686115,0.0021775292698293924,0.9876993894577026
gue_splice_reconstructed_lora__evo2_1b_base__20260515T200437Z,1,1,0.00010145540727535263,0.9916438460350037,0.008254758082330227
gue_splice_reconstructed_lora__evo2_1b_base__20260515T200437Z,0,0,0.975307822227478,3.613939043134451e-05,0.024655962362885475
gue_splice_reconstructed_lora__evo2_1b_base__20260515T200437Z,2,2,0.0021652334835380316,0.002192897256463766,0.995641827583313
gue_splice_reconstructed_lora__evo2_1b_base__20260515T200437Z,0,0,0.9912123084068298,2.9977109079482034e-05,0.008757625706493855
gue_splice_reconstructed_lora__evo2_1b_base__20260515T200437Z,1,1,5.414765473688021e-05,0.9926376342773438,0.007308139465749264
gue_splice_reconstructed_lora__evo2_1b_base__20260515T200437Z,2,2,0.002595240715891123,0.004191972780972719,0.9932128190994263
gue_splice_reconstructed_lora__evo2_1b_base__20260515T200437Z,0,0,0.9817630052566528,6.11610958003439e-05,0.018175818026065826
gue_splice_reconstructed_lora__evo2_1b_base__20260515T200437Z,2,2,0.0025407159700989723,0.003997107967734337,0.9934622049331665
gue_splice_reconstructed_lora__evo2_1b_base__20260515T200437Z,2,2,0.020053206011652946,0.004723680205643177,0.9752231240272522
gue_splice_reconstructed_lora__evo2_1b_base__20260515T200437Z,0,0,0.9684706330299377,9.23569459700957e-05,0.031436942517757416
gue_splice_reconstructed_lora__evo2_1b_base__20260515T200437Z,2,0,0.9901458621025085,2.7802856493508443e-05,0.009826269932091236
gue_splice_reconstructed_lora__evo2_1b_base__20260515T200437Z,1,1,5.497064921655692e-05,0.9959844350814819,0.003960569854825735
gue_splice_reconstructed_lora__evo2_1b_base__20260515T200437Z,2,2,0.004425747320055962,0.005682771559804678,0.989891529083252
gue_splice_reconstructed_lora__evo2_1b_base__20260515T200437Z,0,0,0.9929209351539612,2.8319838747847825e-05,0.007050801534205675
gue_splice_reconstructed_lora__evo2_1b_base__20260515T200437Z,1,1,6.866628973511979e-05,0.9880385994911194,0.011892667040228844
gue_splice_reconstructed_lora__evo2_1b_base__20260515T200437Z,2,2,0.0018067177152261138,0.0038736884016543627,0.9943195581436157
gue_splice_reconstructed_lora__evo2_1b_base__20260515T200437Z,0,0,0.9229270815849304,4.619916944648139e-05,0.07702667266130447
gue_splice_reconstructed_lora__evo2_1b_base__20260515T200437Z,2,2,0.003498220816254616,0.030323486775159836,0.9661782383918762
gue_splice_reconstructed_lora__evo2_1b_base__20260515T200437Z,0,0,0.9865737557411194,4.375281059765257e-05,0.013382463715970516
gue_splice_reconstructed_lora__evo2_1b_base__20260515T200437Z,0,0,0.9832103252410889,2.0596906324499287e-05,0.016769034788012505
gue_splice_reconstructed_lora__evo2_1b_base__20260515T200437Z,2,2,0.02671058662235737,0.001701101427897811,0.9715883135795593
gue_splice_reconstructed_lora__evo2_1b_base__20260515T200437Z,1,1,3.577543611754663e-05,0.9961334466934204,0.003830863395705819
gue_splice_reconstructed_lora__evo2_1b_base__20260515T200437Z,2,2,0.019871199503540993,0.0021268718410283327,0.9780018925666809
gue_splice_reconstructed_lora__evo2_1b_base__20260515T200437Z,2,2,0.0033949490170925856,0.008175935596227646,0.9884291291236877
gue_splice_reconstructed_lora__evo2_1b_base__20260515T200437Z,2,0,0.9615505933761597,9.497809514869004e-05,0.038354333490133286
gue_splice_reconstructed_lora__evo2_1b_base__20260515T200437Z,0,0,0.9919722080230713,3.2185398595174775e-05,0.007995623163878918
gue_splice_reconstructed_lora__evo2_1b_base__20260515T200437Z,0,0,0.9935327768325806,2.9236809496069327e-05,0.006437913980334997
gue_splice_reconstructed_lora__evo2_1b_base__20260515T200437Z,2,2,0.00402685534209013,0.002906105248257518,0.9930670261383057
gue_splice_reconstructed_lora__evo2_1b_base__20260515T200437Z,2,2,0.020427312701940536,0.0034658126533031464,0.9761068820953369
gue_splice_reconstructed_lora__evo2_1b_base__20260515T200437Z,2,2,0.0049088820815086365,0.004141774028539658,0.9909493327140808
gue_splice_reconstructed_lora__evo2_1b_base__20260515T200437Z,2,2,0.009513724595308304,0.0028509641997516155,0.9876353144645691
gue_splice_reconstructed_lora__evo2_1b_base__20260515T200437Z,1,1,8.316744060721248e-05,0.9882277846336365,0.011689106933772564
gue_splice_reconstructed_lora__evo2_1b_base__20260515T200437Z,2,2,0.0063381255604326725,0.0030321695376187563,0.9906297326087952
gue_splice_reconstructed_lora__evo2_1b_base__20260515T200437Z,0,0,0.9953776597976685,1.27963339764392e-05,0.004609513096511364
gue_splice_reconstructed_lora__evo2_1b_base__20260515T200437Z,2,2,0.004850441589951515,0.002518834313377738,0.9926307201385498
gue_splice_reconstructed_lora__evo2_1b_base__20260515T200437Z,2,2,0.09136957675218582,0.007976965978741646,0.9006534814834595
gue_splice_reconstructed_lora__evo2_1b_base__20260515T200437Z,2,2,0.002897218568250537,0.0031975472811609507,0.993905246257782
gue_splice_reconstructed_lora__evo2_1b_base__20260515T200437Z,1,1,0.00011205343616893515,0.9817588329315186,0.01812920905649662
gue_splice_reconstructed_lora__evo2_1b_base__20260515T200437Z,2,2,0.01566486805677414,0.0023226968478411436,0.9820125102996826
gue_splice_reconstructed_lora__evo2_1b_base__20260515T200437Z,2,2,0.007872493006289005,0.0034358801785856485,0.9886916875839233
gue_splice_reconstructed_lora__evo2_1b_base__20260515T200437Z,2,2,0.011226912029087543,0.006378187332302332,0.9823948740959167
gue_splice_reconstructed_lora__evo2_1b_base__20260515T200437Z,2,2,0.005660606548190117,0.008308841846883297,0.9860305786132812
gue_splice_reconstructed_lora__evo2_1b_base__20260515T200437Z,2,2,0.0054503027349710464,0.013100158423185349,0.981449544429779
gue_splice_reconstructed_lora__evo2_1b_base__20260515T200437Z,2,2,0.0021636781748384237,0.0019376154523342848,0.9958986639976501
gue_splice_reconstructed_lora__evo2_1b_base__20260515T200437Z,0,0,0.9910321831703186,3.253393151680939e-05,0.008935274556279182
gue_splice_reconstructed_lora__evo2_1b_base__20260515T200437Z,2,2,0.0016158315120264888,0.004396576900035143,0.9939875602722168
gue_splice_reconstructed_lora__evo2_1b_base__20260515T200437Z,1,1,4.1359427996212617e-05,0.9966392517089844,0.00331944995559752
gue_splice_reconstructed_lora__evo2_1b_base__20260515T200437Z,2,2,0.006340653635561466,0.015136348083615303,0.9785230755805969
gue_splice_reconstructed_lora__evo2_1b_base__20260515T200437Z,1,1,7.978533540153876e-05,0.9896641373634338,0.01025614608079195
gue_splice_reconstructed_lora__evo2_1b_base__20260515T200437Z,2,0,0.9769944548606873,5.1252656703582034e-05,0.02295427955687046
gue_splice_reconstructed_lora__evo2_1b_base__20260515T200437Z,2,2,0.004646513611078262,0.026647605001926422,0.9687058329582214
gue_splice_reconstructed_lora__evo2_1b_base__20260515T200437Z,2,2,0.01184133067727089,0.0018598983297124505,0.9862987399101257
gue_splice_reconstructed_lora__evo2_1b_base__20260515T200437Z,2,2,0.003984516952186823,0.0018065166659653187,0.9942089319229126
gue_splice_reconstructed_lora__evo2_1b_base__20260515T200437Z,1,1,7.309985085157678e-05,0.9919731616973877,0.007953772321343422
gue_splice_reconstructed_lora__evo2_1b_base__20260515T200437Z,1,1,4.1598028474254534e-05,0.9945880174636841,0.005370349623262882
gue_splice_reconstructed_lora__evo2_1b_base__20260515T200437Z,0,0,0.9936795234680176,2.3041457097860985e-05,0.006297391373664141
gue_splice_reconstructed_lora__evo2_1b_base__20260515T200437Z,2,2,0.003370254300534725,0.005761057138442993,0.9908686876296997
gue_splice_reconstructed_lora__evo2_1b_base__20260515T200437Z,2,2,0.0018407427705824375,0.0027659819461405277,0.9953932762145996
gue_splice_reconstructed_lora__evo2_1b_base__20260515T200437Z,2,2,0.0036253321450203657,0.42026081681251526,0.5761138200759888
gue_splice_reconstructed_lora__evo2_1b_base__20260515T200437Z,2,2,0.002449271036311984,0.03233378380537033,0.9652169942855835
gue_splice_reconstructed_lora__evo2_1b_base__20260515T200437Z,2,2,0.021280331537127495,0.0024772484321147203,0.9762424230575562
gue_splice_reconstructed_lora__evo2_1b_base__20260515T200437Z,2,2,0.018731379881501198,0.0013440382899716496,0.9799245595932007
gue_splice_reconstructed_lora__evo2_1b_base__20260515T200437Z,2,2,0.0018552668625488877,0.0027046750765293837,0.9954400062561035
gue_splice_reconstructed_lora__evo2_1b_base__20260515T200437Z,2,2,0.0015383585123345256,0.002835006220266223,0.9956265687942505
gue_splice_reconstructed_lora__evo2_1b_base__20260515T200437Z,2,2,0.003577612107619643,0.005418042186647654,0.9910043478012085
gue_splice_reconstructed_lora__evo2_1b_base__20260515T200437Z,1,2,0.004861366003751755,0.01090189628303051,0.9842367172241211
gue_splice_reconstructed_lora__evo2_1b_base__20260515T200437Z,2,2,0.06860827654600143,0.00904239434748888,0.9223492741584778
gue_splice_reconstructed_lora__evo2_1b_base__20260515T200437Z,2,2,0.002645691391080618,0.004417737480252981,0.9929365515708923
gue_splice_reconstructed_lora__evo2_1b_base__20260515T200437Z,0,0,0.9890444278717041,2.7128593501402065e-05,0.010928436182439327
gue_splice_reconstructed_lora__evo2_1b_base__20260515T200437Z,1,1,7.835096766939387e-05,0.9910406470298767,0.0088809784501791
gue_splice_reconstructed_lora__evo2_1b_base__20260515T200437Z,0,0,0.987916886806488,5.895600043004379e-05,0.012024031020700932
gue_splice_reconstructed_lora__evo2_1b_base__20260515T200437Z,2,2,0.006128045730292797,0.004707721993327141,0.9891641736030579
gue_splice_reconstructed_lora__evo2_1b_base__20260515T200437Z,2,2,0.008277660235762596,0.006509912665933371,0.9852124452590942
gue_splice_reconstructed_lora__evo2_1b_base__20260515T200437Z,2,2,0.0025074367877095938,0.003546427935361862,0.9939461350440979
gue_splice_reconstructed_lora__evo2_1b_base__20260515T200437Z,1,1,0.0004710361536126584,0.9298935532569885,0.06963541358709335
gue_splice_reconstructed_lora__evo2_1b_base__20260515T200437Z,2,2,0.0028756088577210903,0.002895333804190159,0.9942290782928467
gue_splice_reconstructed_lora__evo2_1b_base__20260515T200437Z,2,2,0.01630156673491001,0.0018806045409291983,0.9818177819252014
gue_splice_reconstructed_lora__evo2_1b_base__20260515T200437Z,1,1,4.759416333399713e-05,0.9964247345924377,0.003527604043483734
gue_splice_reconstructed_lora__evo2_1b_base__20260515T200437Z,2,2,0.014686677604913712,0.0018873675726354122,0.9834259748458862
gue_splice_reconstructed_lora__evo2_1b_base__20260515T200437Z,0,0,0.9933449029922485,2.3764865545672365e-05,0.006631298456341028
gue_splice_reconstructed_lora__evo2_1b_base__20260515T200437Z,0,0,0.9767187833786011,7.426049705827609e-05,0.02320696972310543
gue_splice_reconstructed_lora__evo2_1b_base__20260515T200437Z,2,2,0.003224511630833149,0.002288755029439926,0.9944867491722107
gue_splice_reconstructed_lora__evo2_1b_base__20260515T200437Z,2,2,0.00336331850849092,0.005874055903404951,0.9907626509666443
gue_splice_reconstructed_lora__evo2_1b_base__20260515T200437Z,2,2,0.0035961337853223085,0.003182888263836503,0.9932209253311157
gue_splice_reconstructed_lora__evo2_1b_base__20260515T200437Z,0,0,0.9907770156860352,3.3427193557145074e-05,0.009189574979245663
gue_splice_reconstructed_lora__evo2_1b_base__20260515T200437Z,2,2,0.00385315646417439,0.0022563228849321604,0.9938905239105225
gue_splice_reconstructed_lora__evo2_1b_base__20260515T200437Z,1,1,6.0386046243365854e-05,0.992308497428894,0.0076311323791742325
gue_splice_reconstructed_lora__evo2_1b_base__20260515T200437Z,2,2,0.005413385573774576,0.006366080604493618,0.9882205724716187
gue_splice_reconstructed_lora__evo2_1b_base__20260515T200437Z,1,1,5.1130227802786976e-05,0.9938840270042419,0.00606478750705719
gue_splice_reconstructed_lora__evo2_1b_base__20260515T200437Z,1,1,4.350948074716143e-05,0.9926517605781555,0.007304675877094269
gue_splice_reconstructed_lora__evo2_1b_base__20260515T200437Z,0,0,0.9883963465690613,4.593725680024363e-05,0.011557715944945812
gue_splice_reconstructed_lora__evo2_1b_base__20260515T200437Z,1,1,0.00021537882275879383,0.9713682532310486,0.028416424989700317
gue_splice_reconstructed_lora__evo2_1b_base__20260515T200437Z,1,1,4.9963651690632105e-05,0.9942394495010376,0.005710519850254059
gue_splice_reconstructed_lora__evo2_1b_base__20260515T200437Z,2,2,0.0023212998639792204,0.006625696551054716,0.99105304479599
gue_splice_reconstructed_lora__evo2_1b_base__20260515T200437Z,2,2,0.1526816040277481,0.007702449336647987,0.8396159410476685
gue_splice_reconstructed_lora__evo2_1b_base__20260515T200437Z,0,0,0.9917910099029541,2.3268752556759864e-05,0.0081857368350029
gue_splice_reconstructed_lora__evo2_1b_base__20260515T200437Z,2,2,0.004799200221896172,0.029226910322904587,0.9659738540649414
gue_splice_reconstructed_lora__evo2_1b_base__20260515T200437Z,2,0,0.5192133784294128,0.0005926948506385088,0.4801939129829407
gue_splice_reconstructed_lora__evo2_1b_base__20260515T200437Z,2,2,0.0055326675064861774,0.23059214651584625,0.7638752460479736
gue_splice_reconstructed_lora__evo2_1b_base__20260515T200437Z,1,1,7.68211975810118e-05,0.9869928359985352,0.012930382043123245
gue_splice_reconstructed_lora__evo2_1b_base__20260515T200437Z,2,0,0.598960280418396,0.0016562737291678786,0.39938339591026306
gue_splice_reconstructed_lora__evo2_1b_base__20260515T200437Z,0,0,0.9896615743637085,4.30408472311683e-05,0.010295317508280277
gue_splice_reconstructed_lora__evo2_1b_base__20260515T200437Z,2,2,0.0036455290392041206,0.005101012531667948,0.9912534356117249
gue_splice_reconstructed_lora__evo2_1b_base__20260515T200437Z,1,1,0.00017508026212453842,0.9826980233192444,0.017126889899373055
gue_splice_reconstructed_lora__evo2_1b_base__20260515T200437Z,2,2,0.0029952996410429478,0.0030099612195044756,0.9939947724342346
gue_splice_reconstructed_lora__evo2_1b_base__20260515T200437Z,2,2,0.004429646302014589,0.010595083236694336,0.984975278377533
gue_splice_reconstructed_lora__evo2_1b_base__20260515T200437Z,2,2,0.0011529210023581982,0.0025779285933822393,0.9962691068649292
gue_splice_reconstructed_lora__evo2_1b_base__20260515T200437Z,0,0,0.986752986907959,5.036832226323895e-05,0.013196698389947414
gue_splice_reconstructed_lora__evo2_1b_base__20260515T200437Z,2,2,0.009983450174331665,0.039892274886369705,0.9501242637634277
gue_splice_reconstructed_lora__evo2_1b_base__20260515T200437Z,2,0,0.9795055389404297,3.601248681661673e-05,0.020458441227674484
gue_splice_reconstructed_lora__evo2_1b_base__20260515T200437Z,0,0,0.9918043613433838,3.575937444111332e-05,0.008159909397363663
gue_splice_reconstructed_lora__evo2_1b_base__20260515T200437Z,1,1,4.187626109342091e-05,0.993448793888092,0.0065092770382761955
gue_splice_reconstructed_lora__evo2_1b_base__20260515T200437Z,2,2,0.0024916399270296097,0.0020777806639671326,0.995430588722229
gue_splice_reconstructed_lora__evo2_1b_base__20260515T200437Z,2,2,0.00784697663038969,0.020047741010785103,0.9721053242683411
gue_splice_reconstructed_lora__evo2_1b_base__20260515T200437Z,2,2,0.00597147224470973,0.012086287140846252,0.9819422364234924
gue_splice_reconstructed_lora__evo2_1b_base__20260515T200437Z,0,0,0.9641056656837463,0.00010176906653214246,0.03579269349575043
gue_splice_reconstructed_lora__evo2_1b_base__20260515T200437Z,2,2,0.18110352754592896,0.0016793467802926898,0.8172171115875244
gue_splice_reconstructed_lora__evo2_1b_base__20260515T200437Z,2,2,0.005774902179837227,0.0038808740209788084,0.990344226360321
gue_splice_reconstructed_lora__evo2_1b_base__20260515T200437Z,2,2,0.017296889796853065,0.0030996480491012335,0.9796034693717957
gue_splice_reconstructed_lora__evo2_1b_base__20260515T200437Z,0,0,0.9898730516433716,4.091849041287787e-05,0.010086026042699814
gue_splice_reconstructed_lora__evo2_1b_base__20260515T200437Z,2,2,0.12769818305969238,0.00262069352902472,0.8696810603141785
gue_splice_reconstructed_lora__evo2_1b_base__20260515T200437Z,2,2,0.01218342687934637,0.0018412196077406406,0.9859753251075745
gue_splice_reconstructed_lora__evo2_1b_base__20260515T200437Z,0,2,0.009756740182638168,0.0027735987678170204,0.9874696731567383
gue_splice_reconstructed_lora__evo2_1b_base__20260515T200437Z,2,2,0.007779341656714678,0.0017787052784115076,0.9904419779777527
gue_splice_reconstructed_lora__evo2_1b_base__20260515T200437Z,2,2,0.00346629461273551,0.002008097479119897,0.994525671005249
gue_splice_reconstructed_lora__evo2_1b_base__20260515T200437Z,1,1,4.5955603127367795e-05,0.99654620885849,0.0034078198950737715
gue_splice_reconstructed_lora__evo2_1b_base__20260515T200437Z,2,2,0.009096212685108185,0.0032244061585515738,0.9876794219017029
gue_splice_reconstructed_lora__evo2_1b_base__20260515T200437Z,2,2,0.010957780294120312,0.00361702311784029,0.9854251742362976
gue_splice_reconstructed_lora__evo2_1b_base__20260515T200437Z,1,1,0.000553524645511061,0.913016676902771,0.08642977476119995
gue_splice_reconstructed_lora__evo2_1b_base__20260515T200437Z,2,2,0.015676168724894524,0.002082537394016981,0.9822413325309753
gue_splice_reconstructed_lora__evo2_1b_base__20260515T200437Z,2,2,0.024093296378850937,0.0019210673635825515,0.9739856123924255
gue_splice_reconstructed_lora__evo2_1b_base__20260515T200437Z,0,0,0.9874392151832581,4.553563485387713e-05,0.012515286915004253
gue_splice_reconstructed_lora__evo2_1b_base__20260515T200437Z,1,1,0.00017955688235815614,0.9730087518692017,0.0268117543309927
gue_splice_reconstructed_lora__evo2_1b_base__20260515T200437Z,2,2,0.0021455339156091213,0.005473464727401733,0.9923810362815857
gue_splice_reconstructed_lora__evo2_1b_base__20260515T200437Z,2,2,0.0038828018587082624,0.003343917429447174,0.9927733540534973
gue_splice_reconstructed_lora__evo2_1b_base__20260515T200437Z,1,1,7.429256947943941e-05,0.9886589646339417,0.011266819201409817
gue_splice_reconstructed_lora__evo2_1b_base__20260515T200437Z,2,2,0.00902837235480547,0.006821631453931332,0.9841499924659729
gue_splice_reconstructed_lora__evo2_1b_base__20260515T200437Z,1,2,0.004425445105880499,0.07834720611572266,0.9172273278236389
gue_splice_reconstructed_lora__evo2_1b_base__20260515T200437Z,1,1,8.279312896775082e-05,0.9914958477020264,0.008421450853347778
gue_splice_reconstructed_lora__evo2_1b_base__20260515T200437Z,2,2,0.002935508731752634,0.00563628226518631,0.9914281964302063
gue_splice_reconstructed_lora__evo2_1b_base__20260515T200437Z,2,2,0.0032713748514652252,0.006336604710668325,0.9903920888900757
gue_splice_reconstructed_lora__evo2_1b_base__20260515T200437Z,2,2,0.0035746865905821323,0.002355811418965459,0.9940695762634277
gue_splice_reconstructed_lora__evo2_1b_base__20260515T200437Z,0,0,0.986186146736145,6.907508941367269e-05,0.013744679279625416
gue_splice_reconstructed_lora__evo2_1b_base__20260515T200437Z,1,1,8.245994831668213e-05,0.9913707971572876,0.008546729572117329
gue_splice_reconstructed_lora__evo2_1b_base__20260515T200437Z,2,2,0.004143827129155397,0.005383498501032591,0.990472674369812
gue_splice_reconstructed_lora__evo2_1b_base__20260515T200437Z,2,2,0.014152494259178638,0.002843143418431282,0.9830043315887451
gue_splice_reconstructed_lora__evo2_1b_base__20260515T200437Z,0,0,0.9876495003700256,5.668208177667111e-05,0.012293828651309013
gue_splice_reconstructed_lora__evo2_1b_base__20260515T200437Z,2,2,0.006872017402201891,0.0046091508120298386,0.9885187745094299
gue_splice_reconstructed_lora__evo2_1b_base__20260515T200437Z,1,1,6.876349652884528e-05,0.9933098554611206,0.006621357519179583
gue_splice_reconstructed_lora__evo2_1b_base__20260515T200437Z,1,1,0.0001514065806986764,0.9781383275985718,0.021710364148020744
gue_splice_reconstructed_lora__evo2_1b_base__20260515T200437Z,0,0,0.9552870988845825,3.364488293300383e-05,0.044679369777441025
gue_splice_reconstructed_lora__evo2_1b_base__20260515T200437Z,0,0,0.9882539510726929,4.2313291487516835e-05,0.011703694239258766
gue_splice_reconstructed_lora__evo2_1b_base__20260515T200437Z,2,2,0.010098472237586975,0.003152896650135517,0.9867486953735352
gue_splice_reconstructed_lora__evo2_1b_base__20260515T200437Z,2,2,0.016342565417289734,0.0022498483303934336,0.9814075827598572
gue_splice_reconstructed_lora__evo2_1b_base__20260515T200437Z,2,2,0.0023674541153013706,0.002544873161241412,0.9950876832008362
gue_splice_reconstructed_lora__evo2_1b_base__20260515T200437Z,2,2,0.028556030243635178,0.005261740181595087,0.966182291507721
gue_splice_reconstructed_lora__evo2_1b_base__20260515T200437Z,2,2,0.00844488199800253,0.032467518001794815,0.959087610244751
gue_splice_reconstructed_lora__evo2_1b_base__20260515T200437Z,0,0,0.9922635555267334,2.7971369490842335e-05,0.007708493620157242
gue_splice_reconstructed_lora__evo2_1b_base__20260515T200437Z,2,2,0.0057009132578969,0.009937251918017864,0.9843618869781494
gue_splice_reconstructed_lora__evo2_1b_base__20260515T200437Z,2,2,0.01066326443105936,0.0018877001712098718,0.987449049949646
gue_splice_reconstructed_lora__evo2_1b_base__20260515T200437Z,2,2,0.0026038940995931625,0.004756666719913483,0.992639422416687
gue_splice_reconstructed_lora__evo2_1b_base__20260515T200437Z,2,2,0.01844530738890171,0.0021175493020564318,0.9794371724128723
gue_splice_reconstructed_lora__evo2_1b_base__20260515T200437Z,0,0,0.9493578672409058,0.00018040092254523188,0.05046174302697182
gue_splice_reconstructed_lora__evo2_1b_base__20260515T200437Z,2,2,0.003666953183710575,0.004110805690288544,0.992222249507904
gue_splice_reconstructed_lora__evo2_1b_base__20260515T200437Z,1,1,5.778168997494504e-05,0.995079755783081,0.004862408619374037
gue_splice_reconstructed_lora__evo2_1b_base__20260515T200437Z,2,2,0.003414514474570751,0.006335694342851639,0.9902498126029968
gue_splice_reconstructed_lora__evo2_1b_base__20260515T200437Z,2,0,0.695646345615387,0.002518711844459176,0.30183500051498413
gue_splice_reconstructed_lora__evo2_1b_base__20260515T200437Z,2,2,0.00674367556348443,0.0040663499385118484,0.9891899824142456
gue_splice_reconstructed_lora__evo2_1b_base__20260515T200437Z,0,0,0.979799211025238,9.271015005651861e-05,0.020107990130782127
gue_splice_reconstructed_lora__evo2_1b_base__20260515T200437Z,0,0,0.8725680112838745,0.00012059974687872455,0.12731139361858368
gue_splice_reconstructed_lora__evo2_1b_base__20260515T200437Z,0,0,0.9918214678764343,3.4390050132060423e-05,0.008144127205014229
gue_splice_reconstructed_lora__evo2_1b_base__20260515T200437Z,0,0,0.9895584583282471,3.6098965210840106e-05,0.010405424982309341
gue_splice_reconstructed_lora__evo2_1b_base__20260515T200437Z,2,2,0.010130808688700199,0.0018924018368124962,0.9879768490791321
gue_splice_reconstructed_lora__evo2_1b_base__20260515T200437Z,1,1,5.2896262786816806e-05,0.9926927089691162,0.007254325784742832
gue_splice_reconstructed_lora__evo2_1b_base__20260515T200437Z,2,2,0.00798702985048294,0.005452002864331007,0.9865610003471375
gue_splice_reconstructed_lora__evo2_1b_base__20260515T200437Z,2,2,0.003489888971671462,0.00494562229141593,0.9915645122528076
gue_splice_reconstructed_lora__evo2_1b_base__20260515T200437Z,1,1,5.648043588735163e-05,0.9918545484542847,0.008088914677500725
gue_splice_reconstructed_lora__evo2_1b_base__20260515T200437Z,2,2,0.005108583252876997,0.0060370429418981075,0.9888544082641602
gue_splice_reconstructed_lora__evo2_1b_base__20260515T200437Z,1,1,6.722175749018788e-05,0.9940664768218994,0.005866368301212788
gue_splice_reconstructed_lora__evo2_1b_base__20260515T200437Z,2,2,0.0026139370165765285,0.004803073592483997,0.9925830364227295
gue_splice_reconstructed_lora__evo2_1b_base__20260515T200437Z,0,0,0.994040310382843,2.1484795070136897e-05,0.005938262213021517
gue_splice_reconstructed_lora__evo2_1b_base__20260515T200437Z,0,0,0.9890123605728149,2.7447487809695303e-05,0.01096014492213726
gue_splice_reconstructed_lora__evo2_1b_base__20260515T200437Z,1,1,6.898093852214515e-05,0.9925661087036133,0.007364927791059017
gue_splice_reconstructed_lora__evo2_1b_base__20260515T200437Z,2,2,0.0010673468932509422,0.0016644784482195973,0.9972681999206543
gue_splice_reconstructed_lora__evo2_1b_base__20260515T200437Z,2,2,0.0019632179755717516,0.0026807815302163363,0.9953560829162598
gue_splice_reconstructed_lora__evo2_1b_base__20260515T200437Z,2,2,0.032017409801483154,0.005419007036834955,0.9625635743141174
gue_splice_reconstructed_lora__evo2_1b_base__20260515T200437Z,2,2,0.004142893943935633,0.004639821592718363,0.9912172555923462
gue_splice_reconstructed_lora__evo2_1b_base__20260515T200437Z,2,2,0.004250936675816774,0.0032119108363986015,0.9925370812416077
gue_splice_reconstructed_lora__evo2_1b_base__20260515T200437Z,0,0,0.9887640476226807,4.055456884088926e-05,0.011195352301001549
gue_splice_reconstructed_lora__evo2_1b_base__20260515T200437Z,2,2,0.006974899210035801,0.13985538482666016,0.8531697392463684
gue_splice_reconstructed_lora__evo2_1b_base__20260515T200437Z,1,1,0.00020124325237702578,0.9718300700187683,0.02796868048608303
gue_splice_reconstructed_lora__evo2_1b_base__20260515T200437Z,2,0,0.7680357694625854,0.0006814669468440115,0.23128275573253632
gue_splice_reconstructed_lora__evo2_1b_base__20260515T200437Z,2,2,0.013910419307649136,0.007077048532664776,0.9790124893188477
gue_splice_reconstructed_lora__evo2_1b_base__20260515T200437Z,2,2,0.004206845536828041,0.002942592604085803,0.9928505420684814
gue_splice_reconstructed_lora__evo2_1b_base__20260515T200437Z,0,0,0.9867880344390869,4.063193409820087e-05,0.013171415776014328
gue_splice_reconstructed_lora__evo2_1b_base__20260515T200437Z,2,2,0.003701266832649708,0.0074258288368582726,0.9888729453086853
gue_splice_reconstructed_lora__evo2_1b_base__20260515T200437Z,0,0,0.9889974594116211,3.722374822245911e-05,0.010965331457555294
gue_splice_reconstructed_lora__evo2_1b_base__20260515T200437Z,0,0,0.9816064238548279,4.235830419929698e-05,0.01835126057267189
gue_splice_reconstructed_lora__evo2_1b_base__20260515T200437Z,2,2,0.018584027886390686,0.0027703733649104834,0.9786456227302551
gue_splice_reconstructed_lora__evo2_1b_base__20260515T200437Z,2,2,0.0052278717048466206,0.0033687821123749018,0.9914034008979797
gue_splice_reconstructed_lora__evo2_1b_base__20260515T200437Z,0,0,0.9908695220947266,3.382438080734573e-05,0.009096675552427769
gue_splice_reconstructed_lora__evo2_1b_base__20260515T200437Z,2,2,0.003914996981620789,0.003839273704215884,0.9922457337379456
gue_splice_reconstructed_lora__evo2_1b_base__20260515T200437Z,2,2,0.004536616615951061,0.007179040927439928,0.9882843494415283
gue_splice_reconstructed_lora__evo2_1b_base__20260515T200437Z,2,2,0.004193489905446768,0.004173063673079014,0.991633415222168
gue_splice_reconstructed_lora__evo2_1b_base__20260515T200437Z,1,1,5.0146922148996964e-05,0.9939959049224854,0.005953965242952108
gue_splice_reconstructed_lora__evo2_1b_base__20260515T200437Z,0,0,0.9878849387168884,5.326058089849539e-05,0.012061861343681812
gue_splice_reconstructed_lora__evo2_1b_base__20260515T200437Z,2,2,0.0057257418520748615,0.012360469438135624,0.9819137454032898
gue_splice_reconstructed_lora__evo2_1b_base__20260515T200437Z,2,2,0.0011680223979055882,0.0032187202014029026,0.9956132173538208
gue_splice_reconstructed_lora__evo2_1b_base__20260515T200437Z,2,0,0.8091553449630737,0.0003351853520143777,0.19050946831703186
gue_splice_reconstructed_lora__evo2_1b_base__20260515T200437Z,2,2,0.007553947623819113,0.007893310859799385,0.9845527410507202
gue_splice_reconstructed_lora__evo2_1b_base__20260515T200437Z,2,2,0.004987446125596762,0.0038128208834677935,0.991199791431427
gue_splice_reconstructed_lora__evo2_1b_base__20260515T200437Z,2,2,0.021778127178549767,0.0025246967561542988,0.9756971597671509
gue_splice_reconstructed_lora__evo2_1b_base__20260515T200437Z,2,2,0.0024777648504823446,0.005699422210454941,0.9918227791786194
gue_splice_reconstructed_lora__evo2_1b_base__20260515T200437Z,0,0,0.9863079190254211,8.26822652015835e-05,0.013609465211629868
gue_splice_reconstructed_lora__evo2_1b_base__20260515T200437Z,0,2,0.014782460406422615,0.0021213125437498093,0.9830962419509888
gue_splice_reconstructed_lora__evo2_1b_base__20260515T200437Z,2,0,0.8294909000396729,0.00016778911231085658,0.1703413426876068
gue_splice_reconstructed_lora__evo2_1b_base__20260515T200437Z,2,2,0.0021846205927431583,0.0030212202109396458,0.9947941899299622
gue_splice_reconstructed_lora__evo2_1b_base__20260515T200437Z,1,1,0.0004322676977608353,0.8467181921005249,0.1528494954109192
gue_splice_reconstructed_lora__evo2_1b_base__20260515T200437Z,2,2,0.010703266598284245,0.0024894278030842543,0.9868072867393494
gue_splice_reconstructed_lora__evo2_1b_base__20260515T200437Z,2,2,0.011330991983413696,0.0019961365032941103,0.9866728782653809
gue_splice_reconstructed_lora__evo2_1b_base__20260515T200437Z,1,1,5.079928087070584e-05,0.9913158416748047,0.008633284829556942
gue_splice_reconstructed_lora__evo2_1b_base__20260515T200437Z,2,2,0.010546105913817883,0.003270223271101713,0.9861836433410645
gue_splice_reconstructed_lora__evo2_1b_base__20260515T200437Z,2,2,0.004464682191610336,0.0047064428217709064,0.9908288717269897
gue_splice_reconstructed_lora__evo2_1b_base__20260515T200437Z,2,2,0.0035830214619636536,0.0029444361571222544,0.9934725761413574
gue_splice_reconstructed_lora__evo2_1b_base__20260515T200437Z,1,1,5.378324203775264e-05,0.9936901330947876,0.0062560830265283585
gue_splice_reconstructed_lora__evo2_1b_base__20260515T200437Z,2,2,0.011939574033021927,0.002762099727988243,0.9852982759475708
gue_splice_reconstructed_lora__evo2_1b_base__20260515T200437Z,2,2,0.10214998573064804,0.005006900988519192,0.8928431868553162
gue_splice_reconstructed_lora__evo2_1b_base__20260515T200437Z,2,2,0.0030535368714481592,0.003225177526473999,0.9937213659286499
gue_splice_reconstructed_lora__evo2_1b_base__20260515T200437Z,0,0,0.9895449280738831,1.6721900465199724e-05,0.010438359342515469
gue_splice_reconstructed_lora__evo2_1b_base__20260515T200437Z,1,1,9.011763904709369e-05,0.9903398156166077,0.009570101276040077
gue_splice_reconstructed_lora__evo2_1b_base__20260515T200437Z,2,0,0.676950216293335,0.001402014633640647,0.3216477930545807
gue_splice_reconstructed_lora__evo2_1b_base__20260515T200437Z,0,0,0.9909070730209351,4.9024176405509934e-05,0.00904387328773737
gue_splice_reconstructed_lora__evo2_1b_base__20260515T200437Z,2,2,0.0019810101948678493,0.0034028810914605856,0.9946160912513733
gue_splice_reconstructed_lora__evo2_1b_base__20260515T200437Z,1,1,9.323059202870354e-05,0.9852994680404663,0.014607277698814869
gue_splice_reconstructed_lora__evo2_1b_base__20260515T200437Z,2,2,0.002798328874632716,0.004811528138816357,0.9923900961875916
gue_splice_reconstructed_lora__evo2_1b_base__20260515T200437Z,2,0,0.9494396448135376,0.00024183039204217494,0.050318457186222076
gue_splice_reconstructed_lora__evo2_1b_base__20260515T200437Z,2,2,0.01323577482253313,0.0033514336682856083,0.9834127426147461
gue_splice_reconstructed_lora__evo2_1b_base__20260515T200437Z,2,2,0.004863741807639599,0.004631958901882172,0.9905043244361877
gue_splice_reconstructed_lora__evo2_1b_base__20260515T200437Z,1,1,0.00014318480680231005,0.9808427691459656,0.019013987854123116
gue_splice_reconstructed_lora__evo2_1b_base__20260515T200437Z,1,2,0.00323875923641026,0.08281799405813217,0.9139432311058044
gue_splice_reconstructed_lora__evo2_1b_base__20260515T200437Z,1,1,5.800555300083943e-05,0.9950404763221741,0.004901547450572252
gue_splice_reconstructed_lora__evo2_1b_base__20260515T200437Z,2,2,0.004956315271556377,0.005209412891417742,0.9898343086242676
gue_splice_reconstructed_lora__evo2_1b_base__20260515T200437Z,2,2,0.004522524308413267,0.003504989668726921,0.9919724464416504
gue_splice_reconstructed_lora__evo2_1b_base__20260515T200437Z,0,0,0.9941259622573853,1.8740989617072046e-05,0.005855271592736244
gue_splice_reconstructed_lora__evo2_1b_base__20260515T200437Z,0,0,0.9912588000297546,2.9978515158290975e-05,0.00871112197637558
gue_splice_reconstructed_lora__evo2_1b_base__20260515T200437Z,0,0,0.988477349281311,4.558350701699965e-05,0.011477114632725716
gue_splice_reconstructed_lora__evo2_1b_base__20260515T200437Z,0,0,0.9760865569114685,9.021935693453997e-05,0.023823216557502747
gue_splice_reconstructed_lora__evo2_1b_base__20260515T200437Z,1,1,8.422445534961298e-05,0.9891279339790344,0.010787860490381718
gue_splice_reconstructed_lora__evo2_1b_base__20260515T200437Z,0,0,0.9921253323554993,3.822700455202721e-05,0.007836442440748215
gue_splice_reconstructed_lora__evo2_1b_base__20260515T200437Z,0,0,0.9751683473587036,0.00011894327326444909,0.0247126966714859
gue_splice_reconstructed_lora__evo2_1b_base__20260515T200437Z,2,2,0.0032718332950025797,0.0032910604495555162,0.9934371113777161
gue_splice_reconstructed_lora__evo2_1b_base__20260515T200437Z,0,0,0.9882601499557495,5.6056353059830144e-05,0.011683782562613487
gue_splice_reconstructed_lora__evo2_1b_base__20260515T200437Z,2,2,0.007852707989513874,0.00690297270193696,0.9852443933486938
gue_splice_reconstructed_lora__evo2_1b_base__20260515T200437Z,2,2,0.017882661893963814,0.0024142537731677294,0.9797031283378601
gue_splice_reconstructed_lora__evo2_1b_base__20260515T200437Z,2,2,0.0030016193632036448,0.0038204300217330456,0.9931778907775879
gue_splice_reconstructed_lora__evo2_1b_base__20260515T200437Z,2,0,0.9000940918922424,0.0006777973030693829,0.09922809153795242
gue_splice_reconstructed_lora__evo2_1b_base__20260515T200437Z,2,2,0.003663460724055767,0.0031213078182190657,0.9932152032852173
gue_splice_reconstructed_lora__evo2_1b_base__20260515T200437Z,2,2,0.005544925108551979,0.0018001735443249345,0.9926549196243286
gue_splice_reconstructed_lora__evo2_1b_base__20260515T200437Z,2,2,0.003657612483948469,0.009542877785861492,0.9867995381355286
gue_splice_reconstructed_lora__evo2_1b_base__20260515T200437Z,2,2,0.12505653500556946,0.0051819016225636005,0.8697615265846252
gue_splice_reconstructed_lora__evo2_1b_base__20260515T200437Z,1,1,0.00011383064702386037,0.9780398011207581,0.021846411749720573
gue_splice_reconstructed_lora__evo2_1b_base__20260515T200437Z,1,2,0.005681721027940512,0.06638733297586441,0.9279309511184692
gue_splice_reconstructed_lora__evo2_1b_base__20260515T200437Z,0,0,0.9864763021469116,6.390281487256289e-05,0.013459776528179646
gue_splice_reconstructed_lora__evo2_1b_base__20260515T200437Z,2,2,0.004715313203632832,0.0016184672713279724,0.9936662316322327
gue_splice_reconstructed_lora__evo2_1b_base__20260515T200437Z,1,1,5.706595038645901e-05,0.9943382143974304,0.0056047276593744755
gue_splice_reconstructed_lora__evo2_1b_base__20260515T200437Z,2,2,0.0014919033274054527,0.0022972056176513433,0.9962109327316284
gue_splice_reconstructed_lora__evo2_1b_base__20260515T200437Z,2,2,0.005243198946118355,0.0033556404523551464,0.9914011359214783
gue_splice_reconstructed_lora__evo2_1b_base__20260515T200437Z,2,2,0.0020989703480154276,0.005973573308438063,0.9919275045394897
gue_splice_reconstructed_lora__evo2_1b_base__20260515T200437Z,1,1,4.47082202299498e-05,0.9924877882003784,0.007467544637620449
gue_splice_reconstructed_lora__evo2_1b_base__20260515T200437Z,0,0,0.8411936163902283,0.0007507650298066437,0.15805558860301971
gue_splice_reconstructed_lora__evo2_1b_base__20260515T200437Z,0,0,0.9913421273231506,4.130062006879598e-05,0.008616667240858078
gue_splice_reconstructed_lora__evo2_1b_base__20260515T200437Z,2,2,0.0032027983106672764,0.0022315506357699633,0.9945656061172485
gue_splice_reconstructed_lora__evo2_1b_base__20260515T200437Z,2,2,0.005286798346787691,0.02771437168121338,0.9669987559318542
gue_splice_reconstructed_lora__evo2_1b_base__20260515T200437Z,2,1,0.0010364559711888433,0.7997063994407654,0.19925715029239655
gue_splice_reconstructed_lora__evo2_1b_base__20260515T200437Z,2,2,0.004544676281511784,0.01790446788072586,0.9775508046150208
gue_splice_reconstructed_lora__evo2_1b_base__20260515T200437Z,2,2,0.00872831605374813,0.0019286238821223378,0.9893430471420288
gue_splice_reconstructed_lora__evo2_1b_base__20260515T200437Z,2,2,0.0023732201661914587,0.0020618895068764687,0.995564877986908
gue_splice_reconstructed_lora__evo2_1b_base__20260515T200437Z,1,1,0.00035626706085167825,0.978376030921936,0.021267695352435112
gue_splice_reconstructed_lora__evo2_1b_base__20260515T200437Z,2,2,0.04542900621891022,0.0024208370596170425,0.9521502256393433
gue_splice_reconstructed_lora__evo2_1b_base__20260515T200437Z,1,2,0.00364865455776453,0.08059617877006531,0.9157552123069763
gue_splice_reconstructed_lora__evo2_1b_base__20260515T200437Z,2,2,0.003963485825806856,0.006108866073191166,0.9899275898933411
gue_splice_reconstructed_lora__evo2_1b_base__20260515T200437Z,0,0,0.9933406710624695,2.4808159651001915e-05,0.006634508725255728
gue_splice_reconstructed_lora__evo2_1b_base__20260515T200437Z,1,1,7.199822721304372e-05,0.9924098253250122,0.007518176920711994
gue_splice_reconstructed_lora__evo2_1b_base__20260515T200437Z,2,2,0.021968357264995575,0.0043279388919472694,0.9737036824226379
gue_splice_reconstructed_lora__evo2_1b_base__20260515T200437Z,0,0,0.9911577105522156,2.928107642219402e-05,0.008812908083200455
gue_splice_reconstructed_lora__evo2_1b_base__20260515T200437Z,1,1,6.617727194679901e-05,0.9940318465232849,0.005902077537029982
gue_splice_reconstructed_lora__evo2_1b_base__20260515T200437Z,2,2,0.016220299527049065,0.0025539230555295944,0.9812257885932922
gue_splice_reconstructed_lora__evo2_1b_base__20260515T200437Z,1,1,7.645790901733562e-05,0.9900298714637756,0.009893719106912613
gue_splice_reconstructed_lora__evo2_1b_base__20260515T200437Z,0,0,0.9884921312332153,4.740005897474475e-05,0.01146048866212368
gue_splice_reconstructed_lora__evo2_1b_base__20260515T200437Z,2,2,0.004801776260137558,0.0019137486815452576,0.9932844638824463
gue_splice_reconstructed_lora__evo2_1b_base__20260515T200437Z,2,2,0.0019860034808516502,0.004778153263032436,0.9932358860969543
gue_splice_reconstructed_lora__evo2_1b_base__20260515T200437Z,1,1,4.92422841489315e-05,0.9953155517578125,0.004635180346667767
gue_splice_reconstructed_lora__evo2_1b_base__20260515T200437Z,2,2,0.03350477293133736,0.003933768719434738,0.9625614881515503
gue_splice_reconstructed_lora__evo2_1b_base__20260515T200437Z,2,2,0.011844522319734097,0.012608428485691547,0.9755470156669617
gue_splice_reconstructed_lora__evo2_1b_base__20260515T200437Z,0,0,0.9885513186454773,3.4952703572344035e-05,0.011413703672587872
gue_splice_reconstructed_lora__evo2_1b_base__20260515T200437Z,2,1,0.0014586340403184295,0.7125902771949768,0.28595107793807983
gue_splice_reconstructed_lora__evo2_1b_base__20260515T200437Z,2,2,0.0032516256906092167,0.0026747144293040037,0.9940736889839172
gue_splice_reconstructed_lora__evo2_1b_base__20260515T200437Z,2,2,0.0014781077625229955,0.0037818592973053455,0.9947400689125061
gue_splice_reconstructed_lora__evo2_1b_base__20260515T200437Z,2,2,0.006057157646864653,0.007589962799102068,0.9863529205322266
gue_splice_reconstructed_lora__evo2_1b_base__20260515T200437Z,2,0,0.9222130179405212,0.00044314921251498163,0.07734381407499313
gue_splice_reconstructed_lora__evo2_1b_base__20260515T200437Z,2,2,0.0029373641591519117,0.0020971905905753374,0.9949653744697571
gue_splice_reconstructed_lora__evo2_1b_base__20260515T200437Z,0,2,0.028002943843603134,0.0025331852957606316,0.9694638848304749
gue_splice_reconstructed_lora__evo2_1b_base__20260515T200437Z,2,2,0.003549374407157302,0.004588748328387737,0.9918618202209473
gue_splice_reconstructed_lora__evo2_1b_base__20260515T200437Z,1,1,7.045217353152111e-05,0.9941283464431763,0.005801215767860413
gue_splice_reconstructed_lora__evo2_1b_base__20260515T200437Z,2,2,0.0019199836533516645,0.00350390886887908,0.994576096534729
gue_splice_reconstructed_lora__evo2_1b_base__20260515T200437Z,2,2,0.004081595689058304,0.004957114811986685,0.9909612536430359
gue_splice_reconstructed_lora__evo2_1b_base__20260515T200437Z,2,2,0.002152589615434408,0.0012301072711125016,0.9966173768043518
gue_splice_reconstructed_lora__evo2_1b_base__20260515T200437Z,2,2,0.010643653571605682,0.0027603416237980127,0.9865960478782654
gue_splice_reconstructed_lora__evo2_1b_base__20260515T200437Z,0,0,0.9895428419113159,4.422866913955659e-05,0.010412883944809437
gue_splice_reconstructed_lora__evo2_1b_base__20260515T200437Z,0,0,0.9899511933326721,3.799453406827524e-05,0.01001077052205801
gue_splice_reconstructed_lora__evo2_1b_base__20260515T200437Z,2,2,0.003000338561832905,0.005214584991335869,0.9917850494384766
gue_splice_reconstructed_lora__evo2_1b_base__20260515T200437Z,1,1,4.937539779348299e-05,0.9941153526306152,0.005835230927914381
gue_splice_reconstructed_lora__evo2_1b_base__20260515T200437Z,1,1,0.00015200786583591253,0.9705818891525269,0.029266132041811943
gue_splice_reconstructed_lora__evo2_1b_base__20260515T200437Z,2,2,0.0016951095312833786,0.005241740960627794,0.9930631518363953
gue_splice_reconstructed_lora__evo2_1b_base__20260515T200437Z,2,2,0.0013903602957725525,0.004518923815339804,0.994090735912323
gue_splice_reconstructed_lora__evo2_1b_base__20260515T200437Z,1,1,9.625773964216933e-05,0.9859929084777832,0.013910762034356594
gue_splice_reconstructed_lora__evo2_1b_base__20260515T200437Z,2,2,0.011265888810157776,0.001965380273759365,0.9867687821388245
gue_splice_reconstructed_lora__evo2_1b_base__20260515T200437Z,2,0,0.9908177852630615,4.144034028286114e-05,0.009140724316239357
gue_splice_reconstructed_lora__evo2_1b_base__20260515T200437Z,1,1,8.334306039614603e-05,0.9903145432472229,0.009602037258446217
gue_splice_reconstructed_lora__evo2_1b_base__20260515T200437Z,1,1,5.2909435908077285e-05,0.9929399490356445,0.007007176522165537
gue_splice_reconstructed_lora__evo2_1b_base__20260515T200437Z,2,2,0.023134548217058182,0.0014103552093729377,0.9754551649093628
gue_splice_reconstructed_lora__evo2_1b_base__20260515T200437Z,2,2,0.002484868513420224,0.004789708647876978,0.9927253723144531
gue_splice_reconstructed_lora__evo2_1b_base__20260515T200437Z,2,2,0.004337080288678408,0.0016285812016576529,0.9940343499183655
gue_splice_reconstructed_lora__evo2_1b_base__20260515T200437Z,2,2,0.004032129887491465,0.0025704975705593824,0.9933973550796509
gue_splice_reconstructed_lora__evo2_1b_base__20260515T200437Z,2,2,0.015547278337180614,0.006474744062870741,0.977977991104126
gue_splice_reconstructed_lora__evo2_1b_base__20260515T200437Z,2,2,0.010854609310626984,0.003418891690671444,0.9857264757156372
gue_splice_reconstructed_lora__evo2_1b_base__20260515T200437Z,0,0,0.9899744391441345,3.4058874007314444e-05,0.009991471655666828
gue_splice_reconstructed_lora__evo2_1b_base__20260515T200437Z,2,2,0.0022584241814911366,0.002925473265349865,0.9948161244392395
gue_splice_reconstructed_lora__evo2_1b_base__20260515T200437Z,2,2,0.002638631733134389,0.003198376391083002,0.9941629767417908
gue_splice_reconstructed_lora__evo2_1b_base__20260515T200437Z,2,0,0.9860101938247681,4.82135837955866e-05,0.013941606506705284
gue_splice_reconstructed_lora__evo2_1b_base__20260515T200437Z,2,2,0.013971678912639618,0.0017436450580134988,0.9842847585678101
gue_splice_reconstructed_lora__evo2_1b_base__20260515T200437Z,2,2,0.039676230400800705,0.0038557881489396095,0.9564679861068726
gue_splice_reconstructed_lora__evo2_1b_base__20260515T200437Z,2,2,0.001640375005081296,0.0029761428013443947,0.9953834414482117
gue_splice_reconstructed_lora__evo2_1b_base__20260515T200437Z,1,2,0.014809529297053814,0.0026956989895552397,0.9824947714805603
gue_splice_reconstructed_lora__evo2_1b_base__20260515T200437Z,2,2,0.002788626356050372,0.03305608034133911,0.9641552567481995
gue_splice_reconstructed_lora__evo2_1b_base__20260515T200437Z,0,0,0.9855431318283081,4.439538679434918e-05,0.014412489719688892
gue_splice_reconstructed_lora__evo2_1b_base__20260515T200437Z,2,0,0.9814761281013489,5.811582741443999e-05,0.018465667963027954
gue_splice_reconstructed_lora__evo2_1b_base__20260515T200437Z,0,0,0.9921677708625793,2.7859630790771917e-05,0.007804319728165865
gue_splice_reconstructed_lora__evo2_1b_base__20260515T200437Z,2,2,0.0026088356971740723,0.002868044888600707,0.9945231676101685
gue_splice_reconstructed_lora__evo2_1b_base__20260515T200437Z,2,2,0.01881147176027298,0.0035397519823163748,0.9776487946510315
gue_splice_reconstructed_lora__evo2_1b_base__20260515T200437Z,1,1,7.272713264683262e-05,0.9907779693603516,0.009149287827312946
gue_splice_reconstructed_lora__evo2_1b_base__20260515T200437Z,0,0,0.9825542569160461,8.83675238583237e-05,0.017357466742396355
gue_splice_reconstructed_lora__evo2_1b_base__20260515T200437Z,2,2,0.009059015661478043,0.007300480268895626,0.9836404919624329
gue_splice_reconstructed_lora__evo2_1b_base__20260515T200437Z,2,2,0.004415907431393862,0.0030588097870349884,0.9925252199172974
gue_splice_reconstructed_lora__evo2_1b_base__20260515T200437Z,0,0,0.9900205135345459,4.1084756958298385e-05,0.009938412345945835
gue_splice_reconstructed_lora__evo2_1b_base__20260515T200437Z,0,0,0.9935249090194702,2.461966869304888e-05,0.006450449116528034
gue_splice_reconstructed_lora__evo2_1b_base__20260515T200437Z,0,0,0.9903192520141602,2.8690437829936855e-05,0.009652027860283852
gue_splice_reconstructed_lora__evo2_1b_base__20260515T200437Z,1,1,9.451175719732419e-05,0.9910663962364197,0.008839028887450695
gue_splice_reconstructed_lora__evo2_1b_base__20260515T200437Z,1,1,9.817849786486477e-05,0.9900762438774109,0.009825578890740871
gue_splice_reconstructed_lora__evo2_1b_base__20260515T200437Z,2,2,0.016180269420146942,0.004059176426380873,0.9797605872154236
gue_splice_reconstructed_lora__evo2_1b_base__20260515T200437Z,2,2,0.003114844672381878,0.0018472874071449041,0.995037853717804
gue_splice_reconstructed_lora__evo2_1b_base__20260515T200437Z,2,2,0.0019369787769392133,0.0015188679099082947,0.9965441823005676
gue_splice_reconstructed_lora__evo2_1b_base__20260515T200437Z,0,0,0.9911154508590698,2.8825887056882493e-05,0.008855666033923626
gue_splice_reconstructed_lora__evo2_1b_base__20260515T200437Z,2,2,0.0031983237713575363,0.004594829399138689,0.992206871509552
gue_splice_reconstructed_lora__evo2_1b_base__20260515T200437Z,0,0,0.9955765008926392,1.884178891486954e-05,0.004404680337756872
gue_splice_reconstructed_lora__evo2_1b_base__20260515T200437Z,2,2,0.0026330866385251284,0.00529307359829545,0.9920737743377686
gue_splice_reconstructed_lora__evo2_1b_base__20260515T200437Z,2,2,0.003267893334850669,0.011251186020672321,0.9854809641838074
gue_splice_reconstructed_lora__evo2_1b_base__20260515T200437Z,2,2,0.031890593469142914,0.0037241929676383734,0.9643851518630981
gue_splice_reconstructed_lora__evo2_1b_base__20260515T200437Z,1,1,3.992682832176797e-05,0.9965439438819885,0.003416142426431179
gue_splice_reconstructed_lora__evo2_1b_base__20260515T200437Z,0,0,0.9895972609519958,3.995947554358281e-05,0.010362733155488968
gue_splice_reconstructed_lora__evo2_1b_base__20260515T200437Z,1,1,0.00021431679488159716,0.981799840927124,0.017985790967941284
gue_splice_reconstructed_lora__evo2_1b_base__20260515T200437Z,1,1,9.656850306782871e-05,0.9814783334732056,0.01842517778277397
gue_splice_reconstructed_lora__evo2_1b_base__20260515T200437Z,2,2,0.004628707654774189,0.011344829574227333,0.9840264320373535
gue_splice_reconstructed_lora__evo2_1b_base__20260515T200437Z,2,0,0.770405650138855,0.000971548433881253,0.22862279415130615
gue_splice_reconstructed_lora__evo2_1b_base__20260515T200437Z,1,1,5.4936957894824445e-05,0.9914934635162354,0.008451553992927074
gue_splice_reconstructed_lora__evo2_1b_base__20260515T200437Z,2,2,0.05195489898324013,0.0015936085255816579,0.9464515447616577
gue_splice_reconstructed_lora__evo2_1b_base__20260515T200437Z,2,2,0.008575513027608395,0.0021639985498040915,0.9892604351043701
gue_splice_reconstructed_lora__evo2_1b_base__20260515T200437Z,1,1,5.380532456911169e-05,0.9940981864929199,0.0058479649014770985
gue_splice_reconstructed_lora__evo2_1b_base__20260515T200437Z,0,0,0.9892972111701965,3.782139901886694e-05,0.010664979927241802
gue_splice_reconstructed_lora__evo2_1b_base__20260515T200437Z,1,1,4.7339537559309974e-05,0.9949730634689331,0.004979614168405533
gue_splice_reconstructed_lora__evo2_1b_base__20260515T200437Z,1,1,0.00014138745609670877,0.9876331090927124,0.012225531972944736
gue_splice_reconstructed_lora__evo2_1b_base__20260515T200437Z,2,2,0.00316445785574615,0.09861177951097488,0.8982237577438354
gue_splice_reconstructed_lora__evo2_1b_base__20260515T200437Z,2,2,0.010070892982184887,0.003951528109610081,0.9859776496887207
gue_splice_reconstructed_lora__evo2_1b_base__20260515T200437Z,2,2,0.014513907954096794,0.0031327279284596443,0.9823533296585083
gue_splice_reconstructed_lora__evo2_1b_base__20260515T200437Z,2,2,0.17653697729110718,0.00396937457844615,0.8194936513900757
gue_splice_reconstructed_lora__evo2_1b_base__20260515T200437Z,2,2,0.0019425023347139359,0.0054798973724246025,0.9925776124000549
gue_splice_reconstructed_lora__evo2_1b_base__20260515T200437Z,0,2,0.05657653883099556,0.0036081077996641397,0.9398154020309448
gue_splice_reconstructed_lora__evo2_1b_base__20260515T200437Z,2,2,0.0034341770224273205,0.0025570529978722334,0.9940087795257568
gue_splice_reconstructed_lora__evo2_1b_base__20260515T200437Z,2,2,0.010423237457871437,0.013930444605648518,0.9756463170051575
gue_splice_reconstructed_lora__evo2_1b_base__20260515T200437Z,1,1,9.721355309011415e-05,0.9841821789741516,0.01572057232260704
gue_splice_reconstructed_lora__evo2_1b_base__20260515T200437Z,2,2,0.0018219767371192575,0.0032639228738844395,0.9949140548706055
gue_splice_reconstructed_lora__evo2_1b_base__20260515T200437Z,2,2,0.006995111238211393,0.003346472280099988,0.9896584153175354
gue_splice_reconstructed_lora__evo2_1b_base__20260515T200437Z,1,1,3.593918518163264e-05,0.9967915415763855,0.00317256897687912
gue_splice_reconstructed_lora__evo2_1b_base__20260515T200437Z,2,2,0.0029150096233934164,0.0019475121516734362,0.9951375126838684
gue_splice_reconstructed_lora__evo2_1b_base__20260515T200437Z,1,1,7.796799036441371e-05,0.9900563955307007,0.00986564252525568
gue_splice_reconstructed_lora__evo2_1b_base__20260515T200437Z,2,2,0.0017020745435729623,0.005041911732405424,0.9932559728622437
gue_splice_reconstructed_lora__evo2_1b_base__20260515T200437Z,2,2,0.004350052215158939,0.0034987807739526033,0.992151141166687
gue_splice_reconstructed_lora__evo2_1b_base__20260515T200437Z,1,1,4.600343163474463e-05,0.9936941266059875,0.0062599279917776585
gue_splice_reconstructed_lora__evo2_1b_base__20260515T200437Z,2,2,0.001843378646299243,0.0032829700503498316,0.994873583316803
gue_splice_reconstructed_lora__evo2_1b_base__20260515T200437Z,0,0,0.9930276274681091,2.843373476935085e-05,0.006943929474800825
gue_splice_reconstructed_lora__evo2_1b_base__20260515T200437Z,1,1,7.323051249841228e-05,0.993746280670166,0.006180528551340103
gue_splice_reconstructed_lora__evo2_1b_base__20260515T200437Z,0,0,0.9873794317245483,3.864325481117703e-05,0.01258192677050829
gue_splice_reconstructed_lora__evo2_1b_base__20260515T200437Z,0,0,0.9857375621795654,4.287018964532763e-05,0.014219589531421661
gue_splice_reconstructed_lora__evo2_1b_base__20260515T200437Z,1,1,7.751964585622773e-05,0.9920835494995117,0.007838982157409191
gue_splice_reconstructed_lora__evo2_1b_base__20260515T200437Z,2,2,0.0026906209532171488,0.005105901043862104,0.9922034740447998
gue_splice_reconstructed_lora__evo2_1b_base__20260515T200437Z,0,0,0.9891651272773743,4.561522655421868e-05,0.010789254680275917
gue_splice_reconstructed_lora__evo2_1b_base__20260515T200437Z,2,2,0.006542837712913752,0.004228500649333,0.9892287254333496
gue_splice_reconstructed_lora__evo2_1b_base__20260515T200437Z,1,1,3.319030292914249e-05,0.9953517913818359,0.004615023732185364
gue_splice_reconstructed_lora__evo2_1b_base__20260515T200437Z,0,0,0.9855183362960815,5.546581087401137e-05,0.014426209963858128
gue_splice_reconstructed_lora__evo2_1b_base__20260515T200437Z,0,0,0.9930636286735535,2.766778379736934e-05,0.006908669602125883
gue_splice_reconstructed_lora__evo2_1b_base__20260515T200437Z,2,2,0.011195911094546318,0.0019200765527784824,0.9868840575218201
gue_splice_reconstructed_lora__evo2_1b_base__20260515T200437Z,1,1,5.294440052239224e-05,0.993596076965332,0.006350899115204811
gue_splice_reconstructed_lora__evo2_1b_base__20260515T200437Z,0,0,0.9898015856742859,4.3895957787754014e-05,0.010154477320611477
gue_splice_reconstructed_lora__evo2_1b_base__20260515T200437Z,0,2,0.2421567291021347,0.006097900681197643,0.7517454028129578
gue_splice_reconstructed_lora__evo2_1b_base__20260515T200437Z,2,2,0.003013275796547532,0.003839012933894992,0.9931476712226868
gue_splice_reconstructed_lora__evo2_1b_base__20260515T200437Z,1,1,7.639342948095873e-05,0.9891949892044067,0.010728592984378338
gue_splice_reconstructed_lora__evo2_1b_base__20260515T200437Z,2,2,0.015474656596779823,0.0020427589770406485,0.9824825525283813
gue_splice_reconstructed_lora__evo2_1b_base__20260515T200437Z,2,2,0.0019714797381311655,0.0023803822696208954,0.9956480860710144
gue_splice_reconstructed_lora__evo2_1b_base__20260515T200437Z,1,1,4.778792936122045e-05,0.992695689201355,0.007256561424583197
gue_splice_reconstructed_lora__evo2_1b_base__20260515T200437Z,2,2,0.005624621175229549,0.003064031945541501,0.9913113117218018
gue_splice_reconstructed_lora__evo2_1b_base__20260515T200437Z,2,2,0.01368165947496891,0.0029748014640063047,0.9833435416221619
gue_splice_reconstructed_lora__evo2_1b_base__20260515T200437Z,2,2,0.02201937511563301,0.004395558498799801,0.9735851287841797
gue_splice_reconstructed_lora__evo2_1b_base__20260515T200437Z,2,2,0.003382675116881728,0.0011253351112827659,0.9954919815063477
gue_splice_reconstructed_lora__evo2_1b_base__20260515T200437Z,2,2,0.0062429592944681644,0.0016671938356012106,0.9920898675918579
gue_splice_reconstructed_lora__evo2_1b_base__20260515T200437Z,2,2,0.005346363876014948,0.0052327257581055164,0.9894208908081055
gue_splice_reconstructed_lora__evo2_1b_base__20260515T200437Z,0,0,0.9858928322792053,4.423800055519678e-05,0.014063005335628986
gue_splice_reconstructed_lora__evo2_1b_base__20260515T200437Z,2,2,0.003406119765713811,0.004912508185952902,0.9916813969612122
gue_splice_reconstructed_lora__evo2_1b_base__20260515T200437Z,0,2,0.06253893673419952,0.002160964999347925,0.9353000521659851
gue_splice_reconstructed_lora__evo2_1b_base__20260515T200437Z,2,2,0.0013975519686937332,0.00326531077735126,0.9953371286392212
gue_splice_reconstructed_lora__evo2_1b_base__20260515T200437Z,0,0,0.9924045205116272,3.133089921902865e-05,0.007564164232462645
gue_splice_reconstructed_lora__evo2_1b_base__20260515T200437Z,0,0,0.9925755262374878,2.3378303012577817e-05,0.007401046343147755
gue_splice_reconstructed_lora__evo2_1b_base__20260515T200437Z,0,0,0.9886218905448914,4.685398016590625e-05,0.011331222020089626
gue_splice_reconstructed_lora__evo2_1b_base__20260515T200437Z,2,2,0.002404817147180438,0.008287751115858555,0.9893074631690979
gue_splice_reconstructed_lora__evo2_1b_base__20260515T200437Z,1,1,7.017041207291186e-05,0.994027853012085,0.005902053788304329
gue_splice_reconstructed_lora__evo2_1b_base__20260515T200437Z,2,2,0.01109607145190239,0.010342676192522049,0.978561282157898
gue_splice_reconstructed_lora__evo2_1b_base__20260515T200437Z,2,2,0.004194161389023066,0.008844423107802868,0.9869613647460938
gue_splice_reconstructed_lora__evo2_1b_base__20260515T200437Z,2,2,0.010181497782468796,0.00750736566260457,0.9823111295700073
gue_splice_reconstructed_lora__evo2_1b_base__20260515T200437Z,1,1,5.925941513851285e-05,0.9930012226104736,0.0069395084865391254
gue_splice_reconstructed_lora__evo2_1b_base__20260515T200437Z,2,2,0.0015552284894511104,0.0036266236566007137,0.9948181509971619
gue_splice_reconstructed_lora__evo2_1b_base__20260515T200437Z,0,0,0.9885385632514954,5.065695950179361e-05,0.011410771869122982
gue_splice_reconstructed_lora__evo2_1b_base__20260515T200437Z,0,0,0.9899803996086121,4.271965735824779e-05,0.009976906701922417
gue_splice_reconstructed_lora__evo2_1b_base__20260515T200437Z,2,2,0.0016138124046847224,0.0017552014905959368,0.9966309666633606
gue_splice_reconstructed_lora__evo2_1b_base__20260515T200437Z,1,1,9.421163122169673e-05,0.9917857050895691,0.008120008744299412
gue_splice_reconstructed_lora__evo2_1b_base__20260515T200437Z,2,2,0.0036157977301627398,0.0035666991025209427,0.9928175210952759
gue_splice_reconstructed_lora__evo2_1b_base__20260515T200437Z,2,2,0.007179467007517815,0.13497141003608704,0.85784912109375
gue_splice_reconstructed_lora__evo2_1b_base__20260515T200437Z,1,1,3.3427404559915885e-05,0.9946610331535339,0.005305581726133823
gue_splice_reconstructed_lora__evo2_1b_base__20260515T200437Z,1,1,4.054876626469195e-05,0.9963764548301697,0.003582982113584876
gue_splice_reconstructed_lora__evo2_1b_base__20260515T200437Z,2,2,0.011457713320851326,0.006302881520241499,0.9822393655776978
gue_splice_reconstructed_lora__evo2_1b_base__20260515T200437Z,0,0,0.9881058931350708,4.556637941277586e-05,0.011848554015159607
gue_splice_reconstructed_lora__evo2_1b_base__20260515T200437Z,2,2,0.002807733602821827,0.0053489962592720985,0.9918432831764221
gue_splice_reconstructed_lora__evo2_1b_base__20260515T200437Z,2,2,0.025531014427542686,0.0018128030933439732,0.9726561903953552
gue_splice_reconstructed_lora__evo2_1b_base__20260515T200437Z,1,1,5.5984211940085515e-05,0.9947293400764465,0.005214765667915344
gue_splice_reconstructed_lora__evo2_1b_base__20260515T200437Z,2,2,0.001170775038190186,0.0028167832642793655,0.9960124492645264
gue_splice_reconstructed_lora__evo2_1b_base__20260515T200437Z,2,2,0.009806634858250618,0.014967942610383034,0.9752253890037537
gue_splice_reconstructed_lora__evo2_1b_base__20260515T200437Z,2,2,0.0014356652973219752,0.003662521718069911,0.9949017763137817
gue_splice_reconstructed_lora__evo2_1b_base__20260515T200437Z,2,2,0.008247124031186104,0.0024762360844761133,0.989276647567749
gue_splice_reconstructed_lora__evo2_1b_base__20260515T200437Z,2,2,0.3067350685596466,0.004721640143543482,0.6885432600975037
gue_splice_reconstructed_lora__evo2_1b_base__20260515T200437Z,1,1,9.611983841750771e-05,0.9884338974952698,0.01146995835006237
gue_splice_reconstructed_lora__evo2_1b_base__20260515T200437Z,1,1,8.938638347899541e-05,0.9900081157684326,0.009902563877403736
gue_splice_reconstructed_lora__evo2_1b_base__20260515T200437Z,0,0,0.9827102422714233,8.142090518958867e-05,0.017208309844136238
gue_splice_reconstructed_lora__evo2_1b_base__20260515T200437Z,2,2,0.00776423467323184,0.006608753930777311,0.9856269359588623
gue_splice_reconstructed_lora__evo2_1b_base__20260515T200437Z,2,2,0.16904288530349731,0.0013329292414709926,0.8296241760253906
gue_splice_reconstructed_lora__evo2_1b_base__20260515T200437Z,2,2,0.006032291799783707,0.025948436930775642,0.9680192470550537
gue_splice_reconstructed_lora__evo2_1b_base__20260515T200437Z,2,2,0.004686939064413309,0.004728314932435751,0.990584671497345
gue_splice_reconstructed_lora__evo2_1b_base__20260515T200437Z,2,2,0.002875006990507245,0.010839573107659817,0.9862854480743408
gue_splice_reconstructed_lora__evo2_1b_base__20260515T200437Z,2,2,0.007983775809407234,0.003929165657609701,0.9880870580673218
gue_splice_reconstructed_lora__evo2_1b_base__20260515T200437Z,1,1,6.360127008520067e-05,0.9933947920799255,0.006541581358760595
gue_splice_reconstructed_lora__evo2_1b_base__20260515T200437Z,2,2,0.005238632205873728,0.003255918389186263,0.9915054440498352
gue_splice_reconstructed_lora__evo2_1b_base__20260515T200437Z,2,2,0.005526637192815542,0.006057979539036751,0.9884153604507446
gue_splice_reconstructed_lora__evo2_1b_base__20260515T200437Z,1,2,0.0062103671953082085,0.061224665492773056,0.932564914226532
gue_splice_reconstructed_lora__evo2_1b_base__20260515T200437Z,0,2,0.08840224891901016,0.0011571496725082397,0.9104406237602234
gue_splice_reconstructed_lora__evo2_1b_base__20260515T200437Z,0,0,0.9937748908996582,1.8661332433111966e-05,0.006206412333995104
gue_splice_reconstructed_lora__evo2_1b_base__20260515T200437Z,0,0,0.9884660243988037,4.298884960007854e-05,0.011491004377603531
gue_splice_reconstructed_lora__evo2_1b_base__20260515T200437Z,2,2,0.002981280442327261,0.0028336672112345695,0.9941850304603577
gue_splice_reconstructed_lora__evo2_1b_base__20260515T200437Z,2,2,0.02648048847913742,0.00333878630772233,0.9701806902885437
gue_splice_reconstructed_lora__evo2_1b_base__20260515T200437Z,2,2,0.003136619459837675,0.007509677670896053,0.9893536567687988
gue_splice_reconstructed_lora__evo2_1b_base__20260515T200437Z,1,1,0.0001906384277390316,0.9819087982177734,0.017900511622428894
gue_splice_reconstructed_lora__evo2_1b_base__20260515T200437Z,2,2,0.0016710702329874039,0.0019883245695382357,0.9963405728340149
gue_splice_reconstructed_lora__evo2_1b_base__20260515T200437Z,1,1,7.229825860122219e-05,0.9926602840423584,0.007267384324222803
gue_splice_reconstructed_lora__evo2_1b_base__20260515T200437Z,0,0,0.9939383268356323,2.462991324136965e-05,0.00603704946115613
gue_splice_reconstructed_lora__evo2_1b_base__20260515T200437Z,2,2,0.0024390467442572117,0.007796824909746647,0.9897640943527222
gue_splice_reconstructed_lora__evo2_1b_base__20260515T200437Z,2,2,0.0028678567614406347,0.0017024710541591048,0.9954296350479126
gue_splice_reconstructed_lora__evo2_1b_base__20260515T200437Z,1,1,9.38240991672501e-05,0.9877061247825623,0.012199973687529564
gue_splice_reconstructed_lora__evo2_1b_base__20260515T200437Z,2,2,0.3215220272541046,0.001792502705939114,0.6766854524612427
gue_splice_reconstructed_lora__evo2_1b_base__20260515T200437Z,2,2,0.013164672069251537,0.0019963218364864588,0.9848390817642212
gue_splice_reconstructed_lora__evo2_1b_base__20260515T200437Z,2,2,0.007209563162177801,0.028017526492476463,0.9647729396820068
gue_splice_reconstructed_lora__evo2_1b_base__20260515T200437Z,1,1,0.00016901535855140537,0.98260098695755,0.017230041325092316
gue_splice_reconstructed_lora__evo2_1b_base__20260515T200437Z,0,0,0.9846863746643066,5.9688591136364266e-05,0.015254015102982521
gue_splice_reconstructed_lora__evo2_1b_base__20260515T200437Z,2,2,0.002325510373339057,0.0028828608337789774,0.9947916269302368
gue_splice_reconstructed_lora__evo2_1b_base__20260515T200437Z,2,2,0.003822247963398695,0.0083322674036026,0.9878454804420471
gue_splice_reconstructed_lora__evo2_1b_base__20260515T200437Z,2,2,0.0015374412760138512,0.001484329579398036,0.9969782829284668
gue_splice_reconstructed_lora__evo2_1b_base__20260515T200437Z,2,2,0.004175669513642788,0.0035716393031179905,0.9922526478767395
gue_splice_reconstructed_lora__evo2_1b_base__20260515T200437Z,0,0,0.9925779700279236,2.4596203729743138e-05,0.007397452834993601
gue_splice_reconstructed_lora__evo2_1b_base__20260515T200437Z,2,2,0.005949034821242094,0.006198111921548843,0.9878528118133545
gue_splice_reconstructed_lora__evo2_1b_base__20260515T200437Z,0,0,0.9793429374694824,3.1528350518783554e-05,0.020625542849302292
gue_splice_reconstructed_lora__evo2_1b_base__20260515T200437Z,2,2,0.0012891116784885526,0.00406093942001462,0.9946499466896057
gue_splice_reconstructed_lora__evo2_1b_base__20260515T200437Z,2,2,0.0014121993444859982,0.0045364308170974255,0.9940513968467712
gue_splice_reconstructed_lora__evo2_1b_base__20260515T200437Z,2,2,0.014319821260869503,0.0031211678870022297,0.9825589656829834
gue_splice_reconstructed_lora__evo2_1b_base__20260515T200437Z,2,2,0.0022878297604620457,0.003627490485087037,0.9940846562385559
gue_splice_reconstructed_lora__evo2_1b_base__20260515T200437Z,2,2,0.007092436775565147,0.002137870294973254,0.9907696843147278
gue_splice_reconstructed_lora__evo2_1b_base__20260515T200437Z,0,2,0.009672905318439007,0.008469878695905209,0.981857180595398
gue_splice_reconstructed_lora__evo2_1b_base__20260515T200437Z,0,0,0.9925163388252258,3.0489236451103352e-05,0.0074531883001327515
gue_splice_reconstructed_lora__evo2_1b_base__20260515T200437Z,1,1,0.0013465896481648088,0.5693243145942688,0.4293290376663208
gue_splice_reconstructed_lora__evo2_1b_base__20260515T200437Z,1,1,5.39909306098707e-05,0.9897645711898804,0.010181402787566185
gue_splice_reconstructed_lora__evo2_1b_base__20260515T200437Z,2,2,0.0026894076727330685,0.00361546128988266,0.993695080280304
gue_splice_reconstructed_lora__evo2_1b_base__20260515T200437Z,2,2,0.004537124186754227,0.08223920315504074,0.9132236838340759
gue_splice_reconstructed_lora__evo2_1b_base__20260515T200437Z,2,2,0.0027906899340450764,0.005593478679656982,0.9916158318519592
gue_splice_reconstructed_lora__evo2_1b_base__20260515T200437Z,2,2,0.003938416019082069,0.006614957470446825,0.9894466400146484
gue_splice_reconstructed_lora__evo2_1b_base__20260515T200437Z,2,2,0.0036643000785261393,0.0038627199828624725,0.9924730062484741
gue_splice_reconstructed_lora__evo2_1b_base__20260515T200437Z,2,2,0.002975025214254856,0.003956694155931473,0.9930683374404907
gue_splice_reconstructed_lora__evo2_1b_base__20260515T200437Z,2,2,0.0024584410712122917,0.0037965693045407534,0.9937450289726257
gue_splice_reconstructed_lora__evo2_1b_base__20260515T200437Z,2,2,0.00335214682854712,0.0024027000181376934,0.9942451119422913
gue_splice_reconstructed_lora__evo2_1b_base__20260515T200437Z,2,2,0.25518175959587097,0.002086181426420808,0.7427321076393127
gue_splice_reconstructed_lora__evo2_1b_base__20260515T200437Z,2,2,0.010973687283694744,0.001688631484284997,0.9873377084732056
gue_splice_reconstructed_lora__evo2_1b_base__20260515T200437Z,2,2,0.004095676355063915,0.052603788673877716,0.9433004856109619
gue_splice_reconstructed_lora__evo2_1b_base__20260515T200437Z,2,2,0.05116508901119232,0.0013995915651321411,0.9474352598190308
gue_splice_reconstructed_lora__evo2_1b_base__20260515T200437Z,0,0,0.9861541390419006,5.793840318801813e-05,0.013787924312055111
gue_splice_reconstructed_lora__evo2_1b_base__20260515T200437Z,2,2,0.009874450042843819,0.0033497842960059643,0.9867756962776184
gue_splice_reconstructed_lora__evo2_1b_base__20260515T200437Z,2,2,0.029410693794488907,0.0037482900079339743,0.9668410420417786
gue_splice_reconstructed_lora__evo2_1b_base__20260515T200437Z,2,2,0.001594690722413361,0.0077958679758012295,0.9906094670295715
gue_splice_reconstructed_lora__evo2_1b_base__20260515T200437Z,1,1,9.628499537939206e-05,0.9940074682235718,0.005896172020584345
gue_splice_reconstructed_lora__evo2_1b_base__20260515T200437Z,2,2,0.004561908543109894,0.04992707446217537,0.9455110430717468
gue_splice_reconstructed_lora__evo2_1b_base__20260515T200437Z,0,0,0.9855101108551025,4.2693194700405e-05,0.014447237364947796
gue_splice_reconstructed_lora__evo2_1b_base__20260515T200437Z,2,2,0.005586559884250164,0.04382384568452835,0.9505895972251892
gue_splice_reconstructed_lora__evo2_1b_base__20260515T200437Z,1,1,8.161193545674905e-05,0.9888710379600525,0.011047391220927238
gue_splice_reconstructed_lora__evo2_1b_base__20260515T200437Z,2,2,0.01693016104400158,0.0019771093502640724,0.9810927510261536
gue_splice_reconstructed_lora__evo2_1b_base__20260515T200437Z,2,2,0.06775946915149689,0.01314860675483942,0.9190919399261475
gue_splice_reconstructed_lora__evo2_1b_base__20260515T200437Z,0,0,0.9701008796691895,2.6817684556590393e-05,0.029872292652726173
gue_splice_reconstructed_lora__evo2_1b_base__20260515T200437Z,1,1,4.8025391151895747e-05,0.9937390089035034,0.00621300982311368
gue_splice_reconstructed_lora__evo2_1b_base__20260515T200437Z,1,1,4.618899038177915e-05,0.9938126802444458,0.006141081918030977
gue_splice_reconstructed_lora__evo2_1b_base__20260515T200437Z,1,2,0.004627625923603773,0.01349550299346447,0.9818768501281738
gue_splice_reconstructed_lora__evo2_1b_base__20260515T200437Z,2,2,0.0018483777530491352,0.002526432741433382,0.9956251978874207
gue_splice_reconstructed_lora__evo2_1b_base__20260515T200437Z,0,0,0.988135814666748,5.851016248925589e-05,0.011805600486695766
gue_splice_reconstructed_lora__evo2_1b_base__20260515T200437Z,2,2,0.011540341190993786,0.002031031996011734,0.9864286780357361
gue_splice_reconstructed_lora__evo2_1b_base__20260515T200437Z,1,1,7.461452332790941e-05,0.9890722036361694,0.01085321232676506
gue_splice_reconstructed_lora__evo2_1b_base__20260515T200437Z,1,1,8.657012949697673e-05,0.989252507686615,0.010660919360816479
gue_splice_reconstructed_lora__evo2_1b_base__20260515T200437Z,2,2,0.007172177080065012,0.005488368216902018,0.9873394966125488
gue_splice_reconstructed_lora__evo2_1b_base__20260515T200437Z,1,1,0.00016053942090366036,0.9705040454864502,0.02933531627058983
gue_splice_reconstructed_lora__evo2_1b_base__20260515T200437Z,2,2,0.135248601436615,0.0024079943541437387,0.862343430519104
gue_splice_reconstructed_lora__evo2_1b_base__20260515T200437Z,2,2,0.0028949640691280365,0.0059111472219228745,0.991193950176239
gue_splice_reconstructed_lora__evo2_1b_base__20260515T200437Z,0,0,0.9916839599609375,3.4790598874678835e-05,0.008281334303319454
gue_splice_reconstructed_lora__evo2_1b_base__20260515T200437Z,2,2,0.001017704838886857,0.002462898613885045,0.9965194463729858
gue_splice_reconstructed_lora__evo2_1b_base__20260515T200437Z,2,2,0.017665402963757515,0.006467083934694529,0.975867509841919
gue_splice_reconstructed_lora__evo2_1b_base__20260515T200437Z,2,2,0.006027993746101856,0.005635193083435297,0.9883368611335754
gue_splice_reconstructed_lora__evo2_1b_base__20260515T200437Z,2,2,0.051801085472106934,0.006045655347406864,0.9421533346176147
gue_splice_reconstructed_lora__evo2_1b_base__20260515T200437Z,2,2,0.007529616355895996,0.0024254850577563047,0.990044891834259
gue_splice_reconstructed_lora__evo2_1b_base__20260515T200437Z,0,0,0.9863179922103882,5.909095489187166e-05,0.013622901402413845
gue_splice_reconstructed_lora__evo2_1b_base__20260515T200437Z,2,2,0.009510770440101624,0.0021959273144602776,0.9882932901382446
gue_splice_reconstructed_lora__evo2_1b_base__20260515T200437Z,2,2,0.005353822838515043,0.003844932885840535,0.9908012747764587
gue_splice_reconstructed_lora__evo2_1b_base__20260515T200437Z,2,2,0.0032262809108942747,0.04637948423624039,0.9503942131996155
gue_splice_reconstructed_lora__evo2_1b_base__20260515T200437Z,2,2,0.005806638393551111,0.009046349674463272,0.9851470589637756
gue_splice_reconstructed_lora__evo2_1b_base__20260515T200437Z,2,2,0.017460856586694717,0.0018242564983665943,0.9807149171829224
gue_splice_reconstructed_lora__evo2_1b_base__20260515T200437Z,0,0,0.5471735596656799,0.0018538525328040123,0.45097261667251587
gue_splice_reconstructed_lora__evo2_1b_base__20260515T200437Z,0,2,0.3396879732608795,0.0010550764854997396,0.6592569351196289
gue_splice_reconstructed_lora__evo2_1b_base__20260515T200437Z,1,1,4.37553389929235e-05,0.9943690896034241,0.005587141495198011
gue_splice_reconstructed_lora__evo2_1b_base__20260515T200437Z,2,2,0.3230220675468445,0.0030843885615468025,0.6738935708999634
gue_splice_reconstructed_lora__evo2_1b_base__20260515T200437Z,1,1,4.115904084756039e-05,0.9956923127174377,0.0042665330693125725
gue_splice_reconstructed_lora__evo2_1b_base__20260515T200437Z,2,2,0.02522164396941662,0.008733408525586128,0.9660449624061584
gue_splice_reconstructed_lora__evo2_1b_base__20260515T200437Z,2,2,0.0026822059880942106,0.03677446395158768,0.9605432748794556
gue_splice_reconstructed_lora__evo2_1b_base__20260515T200437Z,0,2,0.03634947910904884,0.0024296215269714594,0.9612209796905518
gue_splice_reconstructed_lora__evo2_1b_base__20260515T200437Z,1,1,7.680460839765146e-05,0.9906418919563293,0.009281322360038757
gue_splice_reconstructed_lora__evo2_1b_base__20260515T200437Z,0,0,0.9899511933326721,3.799453406827524e-05,0.01001077052205801
gue_splice_reconstructed_lora__evo2_1b_base__20260515T200437Z,1,1,0.0004298696876503527,0.892832338809967,0.10673779994249344
gue_splice_reconstructed_lora__evo2_1b_base__20260515T200437Z,0,0,0.9933364391326904,2.5796296540647745e-05,0.0066377208568155766
gue_splice_reconstructed_lora__evo2_1b_base__20260515T200437Z,1,1,8.670444367453456e-05,0.9907873272895813,0.009125949814915657
gue_splice_reconstructed_lora__evo2_1b_base__20260515T200437Z,0,0,0.9925038814544678,4.8531106585869566e-05,0.007447638548910618
gue_splice_reconstructed_lora__evo2_1b_base__20260515T200437Z,1,1,0.0009675167384557426,0.5440323352813721,0.4550001919269562
gue_splice_reconstructed_lora__evo2_1b_base__20260515T200437Z,2,2,0.20949304103851318,0.0029707998037338257,0.7875361442565918
gue_splice_reconstructed_lora__evo2_1b_base__20260515T200437Z,2,2,0.0053746672347188,0.0057774493470788,0.9888478517532349
gue_splice_reconstructed_lora__evo2_1b_base__20260515T200437Z,2,2,0.004568889737129211,0.004964327905327082,0.9904667735099792
gue_splice_reconstructed_lora__evo2_1b_base__20260515T200437Z,2,2,0.00298919971100986,0.0050403056666255,0.991970419883728
gue_splice_reconstructed_lora__evo2_1b_base__20260515T200437Z,1,1,3.953745908802375e-05,0.9945653676986694,0.005395196378231049
gue_splice_reconstructed_lora__evo2_1b_base__20260515T200437Z,0,0,0.9887370467185974,3.509609814500436e-05,0.011227891780436039
gue_splice_reconstructed_lora__evo2_1b_base__20260515T200437Z,2,2,0.0035850394051522017,0.008190224878489971,0.9882247447967529
gue_splice_reconstructed_lora__evo2_1b_base__20260515T200437Z,0,0,0.9779546856880188,3.484923217911273e-05,0.02201046422123909
gue_splice_reconstructed_lora__evo2_1b_base__20260515T200437Z,2,2,0.0031498572789132595,0.005259586498141289,0.9915905594825745
gue_splice_reconstructed_lora__evo2_1b_base__20260515T200437Z,1,1,6.515072891488671e-05,0.9901480078697205,0.009786860086023808
gue_splice_reconstructed_lora__evo2_1b_base__20260515T200437Z,1,1,0.0014271470718085766,0.5056246519088745,0.4929482042789459
gue_splice_reconstructed_lora__evo2_1b_base__20260515T200437Z,2,2,0.014614463783800602,0.0020050792954862118,0.9833804368972778
gue_splice_reconstructed_lora__evo2_1b_base__20260515T200437Z,2,2,0.0029922667890787125,0.009820851497352123,0.9871869087219238
gue_splice_reconstructed_lora__evo2_1b_base__20260515T200437Z,2,2,0.008684824220836163,0.005939912516623735,0.9853752851486206
gue_splice_reconstructed_lora__evo2_1b_base__20260515T200437Z,1,1,0.00015589322720188648,0.9837934374809265,0.016050731763243675
gue_splice_reconstructed_lora__evo2_1b_base__20260515T200437Z,0,0,0.982435405254364,6.464324542321265e-05,0.017500028014183044
gue_splice_reconstructed_lora__evo2_1b_base__20260515T200437Z,2,2,0.10191364586353302,0.002074239542707801,0.8960121273994446
gue_splice_reconstructed_lora__evo2_1b_base__20260515T200437Z,1,1,4.129816807108e-05,0.995163083076477,0.004795612767338753
gue_splice_reconstructed_lora__evo2_1b_base__20260515T200437Z,0,0,0.9902119040489197,3.99842974729836e-05,0.009748069569468498
gue_splice_reconstructed_lora__evo2_1b_base__20260515T200437Z,1,1,6.380488775903359e-05,0.9926899075508118,0.0072463396936655045
gue_splice_reconstructed_lora__evo2_1b_base__20260515T200437Z,1,1,7.406980148516595e-05,0.9895523190498352,0.010373573750257492
gue_splice_reconstructed_lora__evo2_1b_base__20260515T200437Z,2,2,0.004656036850064993,0.005507624242454767,0.9898363947868347
gue_splice_reconstructed_lora__evo2_1b_base__20260515T200437Z,2,2,0.1627083718776703,0.002066276967525482,0.8352254033088684
gue_splice_reconstructed_lora__evo2_1b_base__20260515T200437Z,2,2,0.0020496174693107605,0.004437601659446955,0.9935128092765808
gue_splice_reconstructed_lora__evo2_1b_base__20260515T200437Z,1,1,6.571604899363592e-05,0.994845986366272,0.0050883484072983265
gue_splice_reconstructed_lora__evo2_1b_base__20260515T200437Z,1,1,4.530823935056105e-05,0.9940897226333618,0.00586507236585021
gue_splice_reconstructed_lora__evo2_1b_base__20260515T200437Z,2,2,0.01017836481332779,0.0049315583892166615,0.9848900437355042
gue_splice_reconstructed_lora__evo2_1b_base__20260515T200437Z,1,1,6.0268484958214685e-05,0.9942528605461121,0.005686945281922817
gue_splice_reconstructed_lora__evo2_1b_base__20260515T200437Z,2,2,0.0035154521465301514,0.0025222133845090866,0.9939623475074768
gue_splice_reconstructed_lora__evo2_1b_base__20260515T200437Z,1,1,5.067497841082513e-05,0.9927606582641602,0.007188705261796713
gue_splice_reconstructed_lora__evo2_1b_base__20260515T200437Z,2,2,0.011044926941394806,0.006305513437837362,0.982649564743042
gue_splice_reconstructed_lora__evo2_1b_base__20260515T200437Z,2,2,0.015676576644182205,0.0030153929255902767,0.9813080430030823
gue_splice_reconstructed_lora__evo2_1b_base__20260515T200437Z,2,2,0.01742028072476387,0.005576017778366804,0.9770037531852722
gue_splice_reconstructed_lora__evo2_1b_base__20260515T200437Z,2,2,0.0034399027936160564,0.004775831941515207,0.9917843341827393
gue_splice_reconstructed_lora__evo2_1b_base__20260515T200437Z,2,2,0.005679297726601362,0.018467765301465988,0.9758529663085938
gue_splice_reconstructed_lora__evo2_1b_base__20260515T200437Z,2,2,0.003441270673647523,0.004380013328045607,0.9921786785125732
gue_splice_reconstructed_lora__evo2_1b_base__20260515T200437Z,2,2,0.003875745926052332,0.0022474953439086676,0.9938767552375793
gue_splice_reconstructed_lora__evo2_1b_base__20260515T200437Z,2,2,0.017486533150076866,0.004662975203245878,0.9778504967689514
gue_splice_reconstructed_lora__evo2_1b_base__20260515T200437Z,1,1,6.976703298278153e-05,0.9921817779541016,0.0077484226785600185
gue_splice_reconstructed_lora__evo2_1b_base__20260515T200437Z,2,2,0.003423284040763974,0.004752759356051683,0.9918239712715149
gue_splice_reconstructed_lora__evo2_1b_base__20260515T200437Z,1,1,0.00013084484089631587,0.9844058156013489,0.01546336431056261
gue_splice_reconstructed_lora__evo2_1b_base__20260515T200437Z,1,1,4.405655636219308e-05,0.9934229254722595,0.006532988045364618
gue_splice_reconstructed_lora__evo2_1b_base__20260515T200437Z,2,2,0.01162579283118248,0.0018932305974885821,0.9864809513092041
gue_splice_reconstructed_lora__evo2_1b_base__20260515T200437Z,0,0,0.9918688535690308,3.0232235076255165e-05,0.008100888691842556
gue_splice_reconstructed_lora__evo2_1b_base__20260515T200437Z,2,2,0.018142003566026688,0.0019215126521885395,0.9799364805221558
gue_splice_reconstructed_lora__evo2_1b_base__20260515T200437Z,2,2,0.012235702015459538,0.03642219305038452,0.9513420462608337
gue_splice_reconstructed_lora__evo2_1b_base__20260515T200437Z,0,0,0.9937831163406372,2.2510046619572677e-05,0.006194353103637695
gue_splice_reconstructed_lora__evo2_1b_base__20260515T200437Z,2,2,0.004394252318888903,0.0021436798851937056,0.993462085723877
gue_splice_reconstructed_lora__evo2_1b_base__20260515T200437Z,0,0,0.990003228187561,3.9202663174364716e-05,0.009957668371498585
gue_splice_reconstructed_lora__evo2_1b_base__20260515T200437Z,0,0,0.9925691485404968,3.348765676491894e-05,0.0073973871767520905
gue_splice_reconstructed_lora__evo2_1b_base__20260515T200437Z,2,2,0.027362100780010223,0.001948517863638699,0.9706893563270569
gue_splice_reconstructed_lora__evo2_1b_base__20260515T200437Z,1,1,2.8116408429923467e-05,0.9974086880683899,0.0025632947217673063
gue_splice_reconstructed_lora__evo2_1b_base__20260515T200437Z,2,2,0.0041375793516635895,0.0030123728793114424,0.9928500652313232
gue_splice_reconstructed_lora__evo2_1b_base__20260515T200437Z,1,1,9.0420464402996e-05,0.9859349727630615,0.013974619098007679
gue_splice_reconstructed_lora__evo2_1b_base__20260515T200437Z,0,0,0.9964380264282227,1.2960964340891223e-05,0.0035490314476191998
gue_splice_reconstructed_lora__evo2_1b_base__20260515T200437Z,2,2,0.0030087409541010857,0.01016850396990776,0.9868227243423462
gue_splice_reconstructed_lora__evo2_1b_base__20260515T200437Z,1,1,4.382733459351584e-05,0.9960052371025085,0.003950994927436113
gue_splice_reconstructed_lora__evo2_1b_base__20260515T200437Z,1,1,3.6242181522538885e-05,0.9934844374656677,0.00647938484326005
gue_splice_reconstructed_lora__evo2_1b_base__20260515T200437Z,2,2,0.028110811486840248,0.006735845003277063,0.9651533365249634
gue_splice_reconstructed_lora__evo2_1b_base__20260515T200437Z,2,0,0.9626908302307129,9.07362045836635e-05,0.037218380719423294
gue_splice_reconstructed_lora__evo2_1b_base__20260515T200437Z,1,1,0.0002764516102615744,0.9729143977165222,0.026809154078364372
gue_splice_reconstructed_lora__evo2_1b_base__20260515T200437Z,0,0,0.9851884841918945,4.817340231966227e-05,0.014763373881578445
gue_splice_reconstructed_lora__evo2_1b_base__20260515T200437Z,2,2,0.01848721131682396,0.002722503151744604,0.9787903428077698
gue_splice_reconstructed_lora__evo2_1b_base__20260515T200437Z,1,2,0.003986918833106756,0.012794741429388523,0.9832183122634888
gue_splice_reconstructed_lora__evo2_1b_base__20260515T200437Z,2,2,0.003750551724806428,0.005883185192942619,0.9903662204742432
gue_splice_reconstructed_lora__evo2_1b_base__20260515T200437Z,1,1,6.499805022031069e-05,0.991693913936615,0.00824107974767685
gue_splice_reconstructed_lora__evo2_1b_base__20260515T200437Z,2,2,0.0025515099987387657,0.0026844250969588757,0.9947640895843506
gue_splice_reconstructed_lora__evo2_1b_base__20260515T200437Z,2,2,0.01779332384467125,0.0021480610594153404,0.9800586104393005
gue_splice_reconstructed_lora__evo2_1b_base__20260515T200437Z,2,2,0.0014804394450038671,0.006094446871429682,0.9924250841140747
gue_splice_reconstructed_lora__evo2_1b_base__20260515T200437Z,1,1,0.00011526638991199434,0.9788374900817871,0.021047167479991913
gue_splice_reconstructed_lora__evo2_1b_base__20260515T200437Z,1,1,5.158242129255086e-05,0.9948711395263672,0.005077308043837547
gue_splice_reconstructed_lora__evo2_1b_base__20260515T200437Z,2,2,0.00272558256983757,0.03445132449269295,0.9628230929374695
gue_splice_reconstructed_lora__evo2_1b_base__20260515T200437Z,2,2,0.011041332967579365,0.016175242140889168,0.9727833867073059
gue_splice_reconstructed_lora__evo2_1b_base__20260515T200437Z,2,2,0.00354066863656044,0.004127351101487875,0.9923319816589355
gue_splice_reconstructed_lora__evo2_1b_base__20260515T200437Z,2,2,0.0029103984124958515,0.0015839020488783717,0.995505690574646
gue_splice_reconstructed_lora__evo2_1b_base__20260515T200437Z,1,1,0.0006005291361361742,0.8505773544311523,0.14882203936576843
gue_splice_reconstructed_lora__evo2_1b_base__20260515T200437Z,1,1,5.640794915962033e-05,0.9905816316604614,0.009361899457871914
gue_splice_reconstructed_lora__evo2_1b_base__20260515T200437Z,1,2,0.003657324705272913,0.019209856167435646,0.9771327972412109
gue_splice_reconstructed_lora__evo2_1b_base__20260515T200437Z,2,2,0.0038234086241573095,0.008031167089939117,0.9881454706192017
gue_splice_reconstructed_lora__evo2_1b_base__20260515T200437Z,0,0,0.9888442158699036,4.4025138777215034e-05,0.011111842468380928
gue_splice_reconstructed_lora__evo2_1b_base__20260515T200437Z,0,0,0.990760326385498,2.0999721527914517e-05,0.009218631312251091
gue_splice_reconstructed_lora__evo2_1b_base__20260515T200437Z,2,2,0.005532796029001474,0.0193396657705307,0.9751275777816772
gue_splice_reconstructed_lora__evo2_1b_base__20260515T200437Z,2,1,0.00010252029460389167,0.9826709628105164,0.017226535826921463
gue_splice_reconstructed_lora__evo2_1b_base__20260515T200437Z,1,1,6.381908315233886e-05,0.9851837158203125,0.014752494171261787
gue_splice_reconstructed_lora__evo2_1b_base__20260515T200437Z,0,0,0.9888669848442078,4.250524943927303e-05,0.011090416461229324
gue_splice_reconstructed_lora__evo2_1b_base__20260515T200437Z,2,2,0.005818765144795179,0.0021447890903800726,0.9920365214347839
gue_splice_reconstructed_lora__evo2_1b_base__20260515T200437Z,0,0,0.9958958625793457,1.676360989222303e-05,0.004087425302714109
gue_splice_reconstructed_lora__evo2_1b_base__20260515T200437Z,1,1,0.0004129704611841589,0.9256207346916199,0.07396625727415085
gue_splice_reconstructed_lora__evo2_1b_base__20260515T200437Z,2,2,0.008134499192237854,0.001700095715932548,0.9901654124259949
gue_splice_reconstructed_lora__evo2_1b_base__20260515T200437Z,0,0,0.990496039390564,4.375549906399101e-05,0.009460099041461945
gue_splice_reconstructed_lora__evo2_1b_base__20260515T200437Z,2,2,0.019380612298846245,0.01150508038699627,0.9691143035888672
gue_splice_reconstructed_lora__evo2_1b_base__20260515T200437Z,1,2,0.00167619320563972,0.3467335104942322,0.6515902280807495
gue_splice_reconstructed_lora__evo2_1b_base__20260515T200437Z,2,2,0.0045130131766200066,0.004633590579032898,0.9908533692359924
gue_splice_reconstructed_lora__evo2_1b_base__20260515T200437Z,2,2,0.002378792269155383,0.0026382305659353733,0.9949829578399658
gue_splice_reconstructed_lora__evo2_1b_base__20260515T200437Z,2,2,0.0026352175045758486,0.0015750977909192443,0.9957897067070007
gue_splice_reconstructed_lora__evo2_1b_base__20260515T200437Z,2,2,0.0017918120138347149,0.006296936422586441,0.9919112324714661
gue_splice_reconstructed_lora__evo2_1b_base__20260515T200437Z,2,2,0.023117605596780777,0.002260629553347826,0.9746218323707581
gue_splice_reconstructed_lora__evo2_1b_base__20260515T200437Z,2,2,0.007875765673816204,0.0030215876176953316,0.9891026020050049
gue_splice_reconstructed_lora__evo2_1b_base__20260515T200437Z,2,2,0.005581766366958618,0.003911952488124371,0.9905063509941101
gue_splice_reconstructed_lora__evo2_1b_base__20260515T200437Z,2,2,0.001141969463787973,0.00236847554333508,0.9964895844459534
gue_splice_reconstructed_lora__evo2_1b_base__20260515T200437Z,1,1,9.697479254100472e-05,0.993337869644165,0.006565204821527004
gue_splice_reconstructed_lora__evo2_1b_base__20260515T200437Z,2,2,0.0019684024155139923,0.003937640693038702,0.9940939545631409
gue_splice_reconstructed_lora__evo2_1b_base__20260515T200437Z,2,2,0.011155517771840096,0.10438111424446106,0.884463369846344
gue_splice_reconstructed_lora__evo2_1b_base__20260515T200437Z,0,0,0.9810365438461304,4.988129876437597e-05,0.01891356334090233
gue_splice_reconstructed_lora__evo2_1b_base__20260515T200437Z,2,2,0.003156553488224745,0.022364802658557892,0.9744786024093628
gue_splice_reconstructed_lora__evo2_1b_base__20260515T200437Z,2,2,0.01264660619199276,0.0031022122129797935,0.9842511415481567
gue_splice_reconstructed_lora__evo2_1b_base__20260515T200437Z,0,0,0.9894474744796753,4.616609658114612e-05,0.010506358928978443
gue_splice_reconstructed_lora__evo2_1b_base__20260515T200437Z,1,1,0.00011776439350796863,0.9807077050209045,0.019174516201019287
gue_splice_reconstructed_lora__evo2_1b_base__20260515T200437Z,2,2,0.0048884316347539425,0.005395171232521534,0.9897164702415466
gue_splice_reconstructed_lora__evo2_1b_base__20260515T200437Z,2,2,0.004225175827741623,0.003455229802057147,0.9923195242881775
gue_splice_reconstructed_lora__evo2_1b_base__20260515T200437Z,0,0,0.9878994822502136,2.9644414098584093e-05,0.01207087840884924
gue_splice_reconstructed_lora__evo2_1b_base__20260515T200437Z,2,2,0.007247935514897108,0.00274832034483552,0.990003764629364
gue_splice_reconstructed_lora__evo2_1b_base__20260515T200437Z,2,2,0.0022008316591382027,0.0034220558591187,0.994377076625824
gue_splice_reconstructed_lora__evo2_1b_base__20260515T200437Z,2,2,0.015106863342225552,0.0025369676295667887,0.9823561310768127
gue_splice_reconstructed_lora__evo2_1b_base__20260515T200437Z,1,1,0.0002708962420001626,0.9533634781837463,0.0463656410574913
gue_splice_reconstructed_lora__evo2_1b_base__20260515T200437Z,1,1,7.783621549606323e-05,0.9922513365745544,0.007670851889997721
gue_splice_reconstructed_lora__evo2_1b_base__20260515T200437Z,1,1,9.077604045160115e-05,0.9859532117843628,0.01395612396299839
gue_splice_reconstructed_lora__evo2_1b_base__20260515T200437Z,1,1,9.002440492622554e-05,0.985458254814148,0.014451767317950726
gue_splice_reconstructed_lora__evo2_1b_base__20260515T200437Z,2,2,0.002225287491455674,0.007935691624879837,0.9898390769958496
gue_splice_reconstructed_lora__evo2_1b_base__20260515T200437Z,2,2,0.022601917386054993,0.0021584751084446907,0.9752395749092102
gue_splice_reconstructed_lora__evo2_1b_base__20260515T200437Z,1,1,4.570908276946284e-05,0.9950799942016602,0.004874294623732567
gue_splice_reconstructed_lora__evo2_1b_base__20260515T200437Z,2,2,0.003595534712076187,0.0023788250982761383,0.9940255880355835
gue_splice_reconstructed_lora__evo2_1b_base__20260515T200437Z,1,2,0.002965738531202078,0.03564818948507309,0.9613860845565796
gue_splice_reconstructed_lora__evo2_1b_base__20260515T200437Z,1,1,0.00011243963672313839,0.9889982342720032,0.010889308527112007
gue_splice_reconstructed_lora__evo2_1b_base__20260515T200437Z,2,2,0.00695465225726366,0.005259910598397255,0.9877854585647583
gue_splice_reconstructed_lora__evo2_1b_base__20260515T200437Z,1,1,6.239428330445662e-05,0.9898895621299744,0.010048098862171173
gue_splice_reconstructed_lora__evo2_1b_base__20260515T200437Z,1,1,0.00010374278645031154,0.9905118346214294,0.0093843387439847
gue_splice_reconstructed_lora__evo2_1b_base__20260515T200437Z,1,1,7.238292891997844e-05,0.9899482727050781,0.009979323484003544
gue_splice_reconstructed_lora__evo2_1b_base__20260515T200437Z,2,2,0.002089341403916478,0.002789636142551899,0.9951210618019104
gue_splice_reconstructed_lora__evo2_1b_base__20260515T200437Z,2,2,0.005107586737722158,0.0023613714147359133,0.9925310015678406
gue_splice_reconstructed_lora__evo2_1b_base__20260515T200437Z,2,2,0.013680712319910526,0.003523806110024452,0.9827955365180969
gue_splice_reconstructed_lora__evo2_1b_base__20260515T200437Z,2,2,0.005594481714069843,0.002611858304589987,0.991793692111969
gue_splice_reconstructed_lora__evo2_1b_base__20260515T200437Z,0,2,0.024310782551765442,0.003174897748976946,0.9725143313407898
gue_splice_reconstructed_lora__evo2_1b_base__20260515T200437Z,2,2,0.002896837657317519,0.009134490042924881,0.9879686832427979
gue_splice_reconstructed_lora__evo2_1b_base__20260515T200437Z,1,1,8.973473450168967e-05,0.9861319065093994,0.013778358697891235
gue_splice_reconstructed_lora__evo2_1b_base__20260515T200437Z,0,0,0.9815520644187927,5.291915294947103e-05,0.01839509792625904
gue_splice_reconstructed_lora__evo2_1b_base__20260515T200437Z,1,1,8.530291233910248e-05,0.9901221394538879,0.009792504832148552
gue_splice_reconstructed_lora__evo2_1b_base__20260515T200437Z,1,1,4.188257298665121e-05,0.9935985803604126,0.0063594491221010685
gue_splice_reconstructed_lora__evo2_1b_base__20260515T200437Z,2,2,0.0051821027882397175,0.01305327471345663,0.9817646145820618
gue_splice_reconstructed_lora__evo2_1b_base__20260515T200437Z,2,2,0.0018560559256002307,0.0042237332090735435,0.9939202070236206
gue_splice_reconstructed_lora__evo2_1b_base__20260515T200437Z,1,1,4.4585514842765406e-05,0.9936375617980957,0.006317913997918367
gue_splice_reconstructed_lora__evo2_1b_base__20260515T200437Z,1,1,0.0011395722394809127,0.5699204206466675,0.4289400279521942
gue_splice_reconstructed_lora__evo2_1b_base__20260515T200437Z,2,2,0.003927476704120636,0.0026060636155307293,0.9934664368629456
gue_splice_reconstructed_lora__evo2_1b_base__20260515T200437Z,2,2,0.005798172205686569,0.0037435817066580057,0.9904582500457764
gue_splice_reconstructed_lora__evo2_1b_base__20260515T200437Z,1,1,3.9853493944974616e-05,0.9947134852409363,0.005246608052402735
gue_splice_reconstructed_lora__evo2_1b_base__20260515T200437Z,2,2,0.0013072665315121412,0.003731336211785674,0.9949613809585571
gue_splice_reconstructed_lora__evo2_1b_base__20260515T200437Z,1,1,5.525723099708557e-05,0.9933856129646301,0.0065591116435825825
gue_splice_reconstructed_lora__evo2_1b_base__20260515T200437Z,2,2,0.005488204769790173,0.006237196736037731,0.9882745742797852
gue_splice_reconstructed_lora__evo2_1b_base__20260515T200437Z,1,1,9.997484448831528e-05,0.9886912107467651,0.011208883486688137
gue_splice_reconstructed_lora__evo2_1b_base__20260515T200437Z,1,1,0.0001976104249479249,0.976917028427124,0.022885316982865334
gue_splice_reconstructed_lora__evo2_1b_base__20260515T200437Z,0,0,0.9906428456306458,3.329236642457545e-05,0.009323914535343647
gue_splice_reconstructed_lora__evo2_1b_base__20260515T200437Z,0,0,0.9873486757278442,5.755716119892895e-05,0.012593826279044151
gue_splice_reconstructed_lora__evo2_1b_base__20260515T200437Z,1,2,0.003794856835156679,0.019262466579675674,0.9769426584243774
gue_splice_reconstructed_lora__evo2_1b_base__20260515T200437Z,2,2,0.006073945667594671,0.0019375616684556007,0.9919885396957397
gue_splice_reconstructed_lora__evo2_1b_base__20260515T200437Z,0,0,0.9880691170692444,8.8517066615168e-05,0.011842329986393452
gue_splice_reconstructed_lora__evo2_1b_base__20260515T200437Z,0,0,0.9914570450782776,2.5647110305726528e-05,0.008517268113791943
gue_splice_reconstructed_lora__evo2_1b_base__20260515T200437Z,2,2,0.0034956270828843117,0.005247557070106268,0.991256833076477
gue_splice_reconstructed_lora__evo2_1b_base__20260515T200437Z,2,2,0.007355711422860622,0.00446146447211504,0.9881828427314758
gue_splice_reconstructed_lora__evo2_1b_base__20260515T200437Z,1,1,3.256907075410709e-05,0.9959855675697327,0.003981903661042452
gue_splice_reconstructed_lora__evo2_1b_base__20260515T200437Z,2,2,0.08176654577255249,0.0028019987512379885,0.9154314398765564
gue_splice_reconstructed_lora__evo2_1b_base__20260515T200437Z,2,2,0.004715547431260347,0.0025388833601027727,0.992745578289032
gue_splice_reconstructed_lora__evo2_1b_base__20260515T200437Z,2,2,0.05722945183515549,0.00206583715043962,0.9407047033309937
gue_splice_reconstructed_lora__evo2_1b_base__20260515T200437Z,0,0,0.9767938852310181,7.662366260774434e-05,0.02312956191599369
gue_splice_reconstructed_lora__evo2_1b_base__20260515T200437Z,2,2,0.003001128090545535,0.00398362148553133,0.9930152893066406
gue_splice_reconstructed_lora__evo2_1b_base__20260515T200437Z,1,1,0.00014430575538426638,0.9846674799919128,0.015188227407634258
gue_splice_reconstructed_lora__evo2_1b_base__20260515T200437Z,0,0,0.9936498999595642,2.207170291512739e-05,0.0063280267640948296
gue_splice_reconstructed_lora__evo2_1b_base__20260515T200437Z,2,2,0.007936198264360428,0.008905496448278427,0.9831583499908447
gue_splice_reconstructed_lora__evo2_1b_base__20260515T200437Z,2,2,0.018171608448028564,0.004596746060997248,0.9772316217422485
gue_splice_reconstructed_lora__evo2_1b_base__20260515T200437Z,2,2,0.012291185557842255,0.0021983147598803043,0.9855104684829712
gue_splice_reconstructed_lora__evo2_1b_base__20260515T200437Z,2,2,0.004845667630434036,0.004468399565666914,0.9906858801841736
gue_splice_reconstructed_lora__evo2_1b_base__20260515T200437Z,0,0,0.9909051060676575,4.44629076810088e-05,0.009050481021404266
gue_splice_reconstructed_lora__evo2_1b_base__20260515T200437Z,2,2,0.006876517087221146,0.005887542851269245,0.987235963344574
gue_splice_reconstructed_lora__evo2_1b_base__20260515T200437Z,2,2,0.002873028162866831,0.14415569603443146,0.8529713153839111
gue_splice_reconstructed_lora__evo2_1b_base__20260515T200437Z,2,2,0.06289450824260712,0.004035462625324726,0.9330700635910034
gue_splice_reconstructed_lora__evo2_1b_base__20260515T200437Z,2,2,0.010818872600793839,0.0018910863436758518,0.98729008436203
gue_splice_reconstructed_lora__evo2_1b_base__20260515T200437Z,1,1,0.00013737533299718052,0.990068256855011,0.009794363752007484
gue_splice_reconstructed_lora__evo2_1b_base__20260515T200437Z,2,2,0.0036048213951289654,0.006591545883566141,0.989803671836853
gue_splice_reconstructed_lora__evo2_1b_base__20260515T200437Z,2,2,0.0054099769331514835,0.014677148312330246,0.9799128770828247
gue_splice_reconstructed_lora__evo2_1b_base__20260515T200437Z,0,0,0.9905965328216553,3.2140764233190566e-05,0.00937140267342329
gue_splice_reconstructed_lora__evo2_1b_base__20260515T200437Z,1,1,0.00014200359873939306,0.9765583872795105,0.02329966053366661
gue_splice_reconstructed_lora__evo2_1b_base__20260515T200437Z,0,2,0.12789617478847504,0.0023493729531764984,0.8697544932365417
gue_splice_reconstructed_lora__evo2_1b_base__20260515T200437Z,1,1,8.113905641948804e-05,0.9908522963523865,0.009066585451364517
gue_splice_reconstructed_lora__evo2_1b_base__20260515T200437Z,2,2,0.010166589170694351,0.0017503737471997738,0.9880830645561218
gue_splice_reconstructed_lora__evo2_1b_base__20260515T200437Z,2,2,0.007622466888278723,0.012384572997689247,0.9799929261207581
gue_splice_reconstructed_lora__evo2_1b_base__20260515T200437Z,1,1,5.570295616053045e-05,0.9936057329177856,0.006338569335639477
gue_splice_reconstructed_lora__evo2_1b_base__20260515T200437Z,1,1,7.210696639958769e-05,0.9939086437225342,0.006019208580255508
gue_splice_reconstructed_lora__evo2_1b_base__20260515T200437Z,2,2,0.0032222990412265062,0.00588059239089489,0.9908971190452576
gue_splice_reconstructed_lora__evo2_1b_base__20260515T200437Z,2,2,0.003125241259112954,0.002407934283837676,0.9944668412208557
gue_splice_reconstructed_lora__evo2_1b_base__20260515T200437Z,2,2,0.001668554381467402,0.007369200699031353,0.9909622073173523
gue_splice_reconstructed_lora__evo2_1b_base__20260515T200437Z,0,0,0.9925823211669922,2.5576115149306133e-05,0.007392067927867174
gue_splice_reconstructed_lora__evo2_1b_base__20260515T200437Z,2,2,0.0015368862077593803,0.0018448088085278869,0.9966183304786682
gue_splice_reconstructed_lora__evo2_1b_base__20260515T200437Z,2,2,0.004950430244207382,0.003489872207865119,0.9915596842765808
gue_splice_reconstructed_lora__evo2_1b_base__20260515T200437Z,2,2,0.005513003095984459,0.0027158414013683796,0.9917711615562439
gue_splice_reconstructed_lora__evo2_1b_base__20260515T200437Z,2,2,0.003252211958169937,0.003465343965217471,0.9932824373245239
gue_splice_reconstructed_lora__evo2_1b_base__20260515T200437Z,2,1,0.0002695198927540332,0.8823924660682678,0.11733801662921906
gue_splice_reconstructed_lora__evo2_1b_base__20260515T200437Z,2,2,0.010779237374663353,0.00458655646070838,0.9846342206001282
gue_splice_reconstructed_lora__evo2_1b_base__20260515T200437Z,1,1,0.0004656336095649749,0.9246301651000977,0.07490422576665878
gue_splice_reconstructed_lora__evo2_1b_base__20260515T200437Z,1,1,3.894190740538761e-05,0.9950103759765625,0.00495070731267333
gue_splice_reconstructed_lora__evo2_1b_base__20260515T200437Z,2,0,0.9856202602386475,4.3370364437578246e-05,0.014336408115923405
gue_splice_reconstructed_lora__evo2_1b_base__20260515T200437Z,2,2,0.010496558621525764,0.0017026738496497273,0.9878008365631104
gue_splice_reconstructed_lora__evo2_1b_base__20260515T200437Z,1,1,5.802635496365838e-05,0.9915167093276978,0.00842522643506527
gue_splice_reconstructed_lora__evo2_1b_base__20260515T200437Z,2,2,0.004010545555502176,0.014641341753304005,0.9813481569290161
gue_splice_reconstructed_lora__evo2_1b_base__20260515T200437Z,0,0,0.9895474910736084,2.9347922463784926e-05,0.010423106141388416
gue_splice_reconstructed_lora__evo2_1b_base__20260515T200437Z,0,0,0.9911099672317505,3.0091327062109485e-05,0.00885994266718626
gue_splice_reconstructed_lora__evo2_1b_base__20260515T200437Z,0,0,0.9934597015380859,2.0649657017202117e-05,0.006519686430692673
gue_splice_reconstructed_lora__evo2_1b_base__20260515T200437Z,0,0,0.9867060780525208,4.6218377974582836e-05,0.01324771810323
gue_splice_reconstructed_lora__evo2_1b_base__20260515T200437Z,2,2,0.0026076831854879856,0.08159936219453812,0.9157928824424744
gue_splice_reconstructed_lora__evo2_1b_base__20260515T200437Z,0,0,0.9699528217315674,6.258748180698603e-05,0.02998463250696659
gue_splice_reconstructed_lora__evo2_1b_base__20260515T200437Z,0,0,0.9894896149635315,3.695245322887786e-05,0.01047351211309433
gue_splice_reconstructed_lora__evo2_1b_base__20260515T200437Z,2,2,0.013107609935104847,0.0015225107781589031,0.9853699207305908
gue_splice_reconstructed_lora__evo2_1b_base__20260515T200437Z,1,1,0.00014323955110739917,0.9773922562599182,0.022464556619524956
gue_splice_reconstructed_lora__evo2_1b_base__20260515T200437Z,2,2,0.0043965852819383144,0.0035535155329853296,0.9920498728752136
gue_splice_reconstructed_lora__evo2_1b_base__20260515T200437Z,2,2,0.01841486245393753,0.01562848873436451,0.9659566283226013
gue_splice_reconstructed_lora__evo2_1b_base__20260515T200437Z,2,2,0.0017473687184974551,0.006069208960980177,0.9921833872795105
gue_splice_reconstructed_lora__evo2_1b_base__20260515T200437Z,0,0,0.9896925091743469,4.6904722694307566e-05,0.010260510258376598
gue_splice_reconstructed_lora__evo2_1b_base__20260515T200437Z,2,2,0.005517465993762016,0.018250780180096626,0.9762317538261414
gue_splice_reconstructed_lora__evo2_1b_base__20260515T200437Z,1,1,4.7939007345121354e-05,0.991951584815979,0.008000582456588745
gue_splice_reconstructed_lora__evo2_1b_base__20260515T200437Z,1,1,0.0002151216904167086,0.9797297716140747,0.02005508728325367
gue_splice_reconstructed_lora__evo2_1b_base__20260515T200437Z,2,2,0.02099492773413658,0.0021202971693128347,0.9768847227096558
gue_splice_reconstructed_lora__evo2_1b_base__20260515T200437Z,1,1,0.000130808592075482,0.9841331243515015,0.015736108645796776
gue_splice_reconstructed_lora__evo2_1b_base__20260515T200437Z,2,2,0.0034976715687662363,0.002726651029661298,0.9937757253646851
gue_splice_reconstructed_lora__evo2_1b_base__20260515T200437Z,0,0,0.9799505472183228,5.580257129622623e-05,0.019993599504232407
gue_splice_reconstructed_lora__evo2_1b_base__20260515T200437Z,2,2,0.0044955783523619175,0.01711590774357319,0.9783884882926941
gue_splice_reconstructed_lora__evo2_1b_base__20260515T200437Z,0,0,0.9871741533279419,4.8459416575497016e-05,0.012777406722307205
gue_splice_reconstructed_lora__evo2_1b_base__20260515T200437Z,2,2,0.003866726765409112,0.003600667230784893,0.9925326704978943
gue_splice_reconstructed_lora__evo2_1b_base__20260515T200437Z,2,2,0.005224837921559811,0.03910941630601883,0.9556657075881958
gue_splice_reconstructed_lora__evo2_1b_base__20260515T200437Z,2,2,0.0021110728848725557,0.0021887465845793486,0.9957002401351929
gue_splice_reconstructed_lora__evo2_1b_base__20260515T200437Z,1,1,0.0001268702617380768,0.9848024249076843,0.015070715919137001
gue_splice_reconstructed_lora__evo2_1b_base__20260515T200437Z,2,2,0.01865035481750965,0.002084353705868125,0.9792653322219849
gue_splice_reconstructed_lora__evo2_1b_base__20260515T200437Z,2,2,0.002254853257909417,0.002560078864917159,0.9951850771903992
gue_splice_reconstructed_lora__evo2_1b_base__20260515T200437Z,2,2,0.09588073194026947,0.0072187320329248905,0.896900475025177
gue_splice_reconstructed_lora__evo2_1b_base__20260515T200437Z,2,2,0.005583387333899736,0.0036225514486432076,0.9907940030097961
gue_splice_reconstructed_lora__evo2_1b_base__20260515T200437Z,2,2,0.006069480907171965,0.010385208763182163,0.9835453629493713
gue_splice_reconstructed_lora__evo2_1b_base__20260515T200437Z,2,2,0.006787953898310661,0.00431047473102808,0.9889016151428223
gue_splice_reconstructed_lora__evo2_1b_base__20260515T200437Z,2,2,0.03845921531319618,0.003578574862331152,0.9579622149467468
gue_splice_reconstructed_lora__evo2_1b_base__20260515T200437Z,0,0,0.9923385381698608,2.547014992160257e-05,0.007636022288352251
gue_splice_reconstructed_lora__evo2_1b_base__20260515T200437Z,2,2,0.005105511285364628,0.001797461067326367,0.9930970072746277
gue_splice_reconstructed_lora__evo2_1b_base__20260515T200437Z,2,2,0.0013718935661017895,0.0042381277307868,0.9943899512290955
gue_splice_reconstructed_lora__evo2_1b_base__20260515T200437Z,2,2,0.002447094302624464,0.0016095523023977876,0.9959433674812317
gue_splice_reconstructed_lora__evo2_1b_base__20260515T200437Z,2,2,0.0028860638849437237,0.002189178951084614,0.994924783706665
gue_splice_reconstructed_lora__evo2_1b_base__20260515T200437Z,0,0,0.990568220615387,3.999868204118684e-05,0.00939174834638834
gue_splice_reconstructed_lora__evo2_1b_base__20260515T200437Z,2,2,0.005846270825713873,0.0022827351931482553,0.9918709993362427
gue_splice_reconstructed_lora__evo2_1b_base__20260515T200437Z,2,0,0.614347517490387,0.004939769394695759,0.38071271777153015
gue_splice_reconstructed_lora__evo2_1b_base__20260515T200437Z,0,0,0.9890493154525757,4.352125324658118e-05,0.010907166637480259
gue_splice_reconstructed_lora__evo2_1b_base__20260515T200437Z,2,2,0.0010168127482756972,0.003337258007377386,0.9956459403038025
gue_splice_reconstructed_lora__evo2_1b_base__20260515T200437Z,2,2,0.006677974481135607,0.013769383542239666,0.979552686214447
gue_splice_reconstructed_lora__evo2_1b_base__20260515T200437Z,2,2,0.004327106289565563,0.003924515098333359,0.9917483329772949
gue_splice_reconstructed_lora__evo2_1b_base__20260515T200437Z,2,1,0.00012456427793949842,0.9821292161941528,0.017746228724718094
gue_splice_reconstructed_lora__evo2_1b_base__20260515T200437Z,2,2,0.00788856204599142,0.007189635187387466,0.9849218726158142
gue_splice_reconstructed_lora__evo2_1b_base__20260515T200437Z,2,2,0.1630956530570984,0.0037688082084059715,0.8331354856491089
gue_splice_reconstructed_lora__evo2_1b_base__20260515T200437Z,2,2,0.005935373716056347,0.0026883776299655437,0.9913762211799622
gue_splice_reconstructed_lora__evo2_1b_base__20260515T200437Z,2,2,0.002800407586619258,0.0060100737027823925,0.9911894798278809
gue_splice_reconstructed_lora__evo2_1b_base__20260515T200437Z,2,2,0.2614595890045166,0.0016695745289325714,0.7368708848953247
gue_splice_reconstructed_lora__evo2_1b_base__20260515T200437Z,0,0,0.5619708895683289,0.0012197397882118821,0.43680939078330994
gue_splice_reconstructed_lora__evo2_1b_base__20260515T200437Z,1,1,0.00012345958384685218,0.9887481927871704,0.011128407903015614
gue_splice_reconstructed_lora__evo2_1b_base__20260515T200437Z,2,2,0.008417683653533459,0.005236877128481865,0.9863454699516296
gue_splice_reconstructed_lora__evo2_1b_base__20260515T200437Z,1,1,6.206587568158284e-05,0.9924023151397705,0.007535576820373535
gue_splice_reconstructed_lora__evo2_1b_base__20260515T200437Z,0,0,0.9749090671539307,0.00011798626655945554,0.024972954764962196
gue_splice_reconstructed_lora__evo2_1b_base__20260515T200437Z,2,2,0.0017533408245071769,0.004614928737282753,0.9936317801475525
gue_splice_reconstructed_lora__evo2_1b_base__20260515T200437Z,2,2,0.0027027803007513285,0.004495469853281975,0.9928017854690552
gue_splice_reconstructed_lora__evo2_1b_base__20260515T200437Z,2,2,0.01256005559116602,0.002738943789154291,0.9847010374069214
gue_splice_reconstructed_lora__evo2_1b_base__20260515T200437Z,0,0,0.9922178983688354,2.668924025783781e-05,0.007755329366773367
gue_splice_reconstructed_lora__evo2_1b_base__20260515T200437Z,1,1,5.5380915000569075e-05,0.9956091046333313,0.004335475154221058
gue_splice_reconstructed_lora__evo2_1b_base__20260515T200437Z,2,1,0.00013265173765830696,0.9825271964073181,0.017340045422315598
gue_splice_reconstructed_lora__evo2_1b_base__20260515T200437Z,0,0,0.9888209104537964,5.652806430589408e-05,0.011122437193989754
gue_splice_reconstructed_lora__evo2_1b_base__20260515T200437Z,2,2,0.013613072223961353,0.01700804941356182,0.9693788290023804
gue_splice_reconstructed_lora__evo2_1b_base__20260515T200437Z,1,1,6.0062349803047255e-05,0.9947302341461182,0.005209680180996656
gue_splice_reconstructed_lora__evo2_1b_base__20260515T200437Z,0,0,0.9939324259757996,2.1735691916546784e-05,0.006045863498002291
gue_splice_reconstructed_lora__evo2_1b_base__20260515T200437Z,2,2,0.009072689339518547,0.028622537851333618,0.9623047709465027
gue_splice_reconstructed_lora__evo2_1b_base__20260515T200437Z,1,1,0.00010837059380719438,0.9911790490150452,0.008712547831237316
gue_splice_reconstructed_lora__evo2_1b_base__20260515T200437Z,2,2,0.038221005350351334,0.0013459118781611323,0.9604330658912659
gue_splice_reconstructed_lora__evo2_1b_base__20260515T200437Z,2,2,0.004680833779275417,0.004090677481144667,0.991228461265564
gue_splice_reconstructed_lora__evo2_1b_base__20260515T200437Z,1,1,9.529379167361185e-05,0.9914905428886414,0.008414213545620441
gue_splice_reconstructed_lora__evo2_1b_base__20260515T200437Z,2,2,0.0035343170166015625,0.010738637298345566,0.9857270121574402
gue_splice_reconstructed_lora__evo2_1b_base__20260515T200437Z,2,2,0.005909384693950415,0.00609101727604866,0.9879996180534363
gue_splice_reconstructed_lora__evo2_1b_base__20260515T200437Z,2,2,0.0021496154367923737,0.005521493498235941,0.992328941822052
gue_splice_reconstructed_lora__evo2_1b_base__20260515T200437Z,0,0,0.9921574592590332,2.4972952815005556e-05,0.00781758688390255
gue_splice_reconstructed_lora__evo2_1b_base__20260515T200437Z,2,2,0.009049557149410248,0.0025625352282077074,0.9883878827095032
gue_splice_reconstructed_lora__evo2_1b_base__20260515T200437Z,1,1,9.022263111546636e-05,0.9837778806686401,0.016131993383169174
gue_splice_reconstructed_lora__evo2_1b_base__20260515T200437Z,2,2,0.008671971037983894,0.009330963715910912,0.9819970726966858
gue_splice_reconstructed_lora__evo2_1b_base__20260515T200437Z,2,2,0.002434804569929838,0.003716261126101017,0.993848979473114
gue_splice_reconstructed_lora__evo2_1b_base__20260515T200437Z,2,2,0.007605583406984806,0.002079250756651163,0.9903151392936707
gue_splice_reconstructed_lora__evo2_1b_base__20260515T200437Z,2,2,0.007118683308362961,0.0042549134232103825,0.9886264204978943
gue_splice_reconstructed_lora__evo2_1b_base__20260515T200437Z,1,1,0.00010917493636952713,0.9907650947570801,0.009125744923949242
gue_splice_reconstructed_lora__evo2_1b_base__20260515T200437Z,1,1,0.00014684187772218138,0.9749462604522705,0.024906927719712257
gue_splice_reconstructed_lora__evo2_1b_base__20260515T200437Z,1,1,5.3241386922309175e-05,0.9952741861343384,0.004672481212764978
gue_splice_reconstructed_lora__evo2_1b_base__20260515T200437Z,0,0,0.9805399179458618,2.255983417853713e-05,0.0194375142455101
gue_splice_reconstructed_lora__evo2_1b_base__20260515T200437Z,2,2,0.004184574354439974,0.004355520475655794,0.991459846496582
gue_splice_reconstructed_lora__evo2_1b_base__20260515T200437Z,2,2,0.0017769341357052326,0.0029526466969400644,0.9952704310417175
gue_splice_reconstructed_lora__evo2_1b_base__20260515T200437Z,1,1,0.0002712220302782953,0.9601192474365234,0.03960951045155525
gue_splice_reconstructed_lora__evo2_1b_base__20260515T200437Z,2,2,0.004840405657887459,0.005549551919102669,0.9896100759506226
gue_splice_reconstructed_lora__evo2_1b_base__20260515T200437Z,0,0,0.8050260543823242,0.00037274532951414585,0.19460128247737885
gue_splice_reconstructed_lora__evo2_1b_base__20260515T200437Z,0,0,0.9881088137626648,5.123180744703859e-05,0.0118399141356349
gue_splice_reconstructed_lora__evo2_1b_base__20260515T200437Z,2,2,0.0024885234888643026,0.003325861180201173,0.9941856265068054
gue_splice_reconstructed_lora__evo2_1b_base__20260515T200437Z,1,1,0.0005117692635394633,0.9325577616691589,0.06693043559789658
gue_splice_reconstructed_lora__evo2_1b_base__20260515T200437Z,2,2,0.003548460314050317,0.006779983639717102,0.9896715879440308
gue_splice_reconstructed_lora__evo2_1b_base__20260515T200437Z,2,2,0.0051107024773955345,0.0027222372591495514,0.992167055606842
gue_splice_reconstructed_lora__evo2_1b_base__20260515T200437Z,2,2,0.00795674603432417,0.013054557144641876,0.978988766670227
gue_splice_reconstructed_lora__evo2_1b_base__20260515T200437Z,0,2,0.04890107735991478,0.0031434574630111456,0.9479554891586304
gue_splice_reconstructed_lora__evo2_1b_base__20260515T200437Z,1,1,5.8578367315931246e-05,0.9892876148223877,0.010653817094862461
gue_splice_reconstructed_lora__evo2_1b_base__20260515T200437Z,2,2,0.0030798206571489573,0.0034157156478613615,0.9935044050216675
gue_splice_reconstructed_lora__evo2_1b_base__20260515T200437Z,2,2,0.02902320958673954,0.0027948091737926006,0.9681820273399353
gue_splice_reconstructed_lora__evo2_1b_base__20260515T200437Z,2,2,0.003951941151171923,0.0032035065814852715,0.9928445219993591
gue_splice_reconstructed_lora__evo2_1b_base__20260515T200437Z,2,2,0.0033818422816693783,0.0023425340186804533,0.9942756295204163
gue_splice_reconstructed_lora__evo2_1b_base__20260515T200437Z,1,1,0.00013470278645399958,0.9860953688621521,0.013769862242043018
gue_splice_reconstructed_lora__evo2_1b_base__20260515T200437Z,0,0,0.9867346286773682,6.24388485448435e-05,0.01320289634168148
gue_splice_reconstructed_lora__evo2_1b_base__20260515T200437Z,2,2,0.002213279251009226,0.003627761732786894,0.9941589832305908
gue_splice_reconstructed_lora__evo2_1b_base__20260515T200437Z,2,2,0.009222645312547684,0.001519588171504438,0.9892577528953552
gue_splice_reconstructed_lora__evo2_1b_base__20260515T200437Z,2,2,0.007706543430685997,0.005353829357773066,0.9869396686553955
gue_splice_reconstructed_lora__evo2_1b_base__20260515T200437Z,2,2,0.021022705361247063,0.0029469160363078117,0.9760303497314453
gue_splice_reconstructed_lora__evo2_1b_base__20260515T200437Z,1,1,2.941974889836274e-05,0.9958517551422119,0.004118797834962606
gue_splice_reconstructed_lora__evo2_1b_base__20260515T200437Z,1,1,3.3599477319512516e-05,0.9958835244178772,0.004082886502146721
gue_splice_reconstructed_lora__evo2_1b_base__20260515T200437Z,1,2,0.0030921665020287037,0.3433783948421478,0.6535294651985168
gue_splice_reconstructed_lora__evo2_1b_base__20260515T200437Z,2,0,0.9764314889907837,0.00010634195496095344,0.023462161421775818
gue_splice_reconstructed_lora__evo2_1b_base__20260515T200437Z,2,2,0.0029918577056378126,0.002214691834524274,0.9947934746742249
gue_splice_reconstructed_lora__evo2_1b_base__20260515T200437Z,2,2,0.012599125504493713,0.0030072021763771772,0.9843936562538147
gue_splice_reconstructed_lora__evo2_1b_base__20260515T200437Z,0,0,0.9911822080612183,3.4772998333210126e-05,0.008783054538071156
gue_splice_reconstructed_lora__evo2_1b_base__20260515T200437Z,2,2,0.021128887310624123,0.00411808118224144,0.9747530817985535
gue_splice_reconstructed_lora__evo2_1b_base__20260515T200437Z,2,2,0.01209403295069933,0.0014888225123286247,0.9864171743392944
gue_splice_reconstructed_lora__evo2_1b_base__20260515T200437Z,1,1,0.0016685816226527095,0.6225655674934387,0.375765860080719
gue_splice_reconstructed_lora__evo2_1b_base__20260515T200437Z,2,2,0.006006042938679457,0.003469248302280903,0.9905247092247009
gue_splice_reconstructed_lora__evo2_1b_base__20260515T200437Z,1,1,5.989254350424744e-05,0.9919180274009705,0.008022070862352848
gue_splice_reconstructed_lora__evo2_1b_base__20260515T200437Z,2,2,0.004067184869199991,0.002667325083166361,0.9932655096054077
gue_splice_reconstructed_lora__evo2_1b_base__20260515T200437Z,1,1,6.173655856400728e-05,0.991000235080719,0.008937985636293888
gue_splice_reconstructed_lora__evo2_1b_base__20260515T200437Z,2,2,0.007194702047854662,0.024363145232200623,0.9684421420097351
gue_splice_reconstructed_lora__evo2_1b_base__20260515T200437Z,2,2,0.0019328852649778128,0.002657466335222125,0.9954096674919128
gue_splice_reconstructed_lora__evo2_1b_base__20260515T200437Z,1,1,7.368023943854496e-05,0.9920682907104492,0.007858023047447205
gue_splice_reconstructed_lora__evo2_1b_base__20260515T200437Z,2,1,0.0005847840802744031,0.7497482299804688,0.24966703355312347
gue_splice_reconstructed_lora__evo2_1b_base__20260515T200437Z,2,2,0.011862038634717464,0.0020422781817615032,0.9860957264900208
gue_splice_reconstructed_lora__evo2_1b_base__20260515T200437Z,1,1,0.0006909198709763587,0.7909520268440247,0.20835700631141663
gue_splice_reconstructed_lora__evo2_1b_base__20260515T200437Z,2,2,0.01516429241746664,0.0016298285918310285,0.9832058548927307
gue_splice_reconstructed_lora__evo2_1b_base__20260515T200437Z,2,2,0.017705660313367844,0.005157675128430128,0.9771366715431213
gue_splice_reconstructed_lora__evo2_1b_base__20260515T200437Z,2,2,0.0035420788917690516,0.0017897869693115354,0.9946681261062622
gue_splice_reconstructed_lora__evo2_1b_base__20260515T200437Z,0,0,0.9900115132331848,3.569473119569011e-05,0.009952891618013382
gue_splice_reconstructed_lora__evo2_1b_base__20260515T200437Z,2,2,0.0028803746681660414,0.0022149395663291216,0.9949047565460205
gue_splice_reconstructed_lora__evo2_1b_base__20260515T200437Z,0,0,0.9899069666862488,2.6316864023101516e-05,0.010066690854728222
gue_splice_reconstructed_lora__evo2_1b_base__20260515T200437Z,0,0,0.9702732563018799,0.0001394459104631096,0.029587244614958763
gue_splice_reconstructed_lora__evo2_1b_base__20260515T200437Z,1,2,0.0022091937717050314,0.00352683593519032,0.9942639470100403
gue_splice_reconstructed_lora__evo2_1b_base__20260515T200437Z,0,0,0.9939194917678833,2.1482183001353405e-05,0.0060590836219489574
gue_splice_reconstructed_lora__evo2_1b_base__20260515T200437Z,0,2,0.07827799767255783,0.005416718311607838,0.9163052439689636
gue_splice_reconstructed_lora__evo2_1b_base__20260515T200437Z,0,2,0.08506477624177933,0.0037457067519426346,0.9111895561218262
gue_splice_reconstructed_lora__evo2_1b_base__20260515T200437Z,0,0,0.9898847341537476,4.140131568419747e-05,0.010073840618133545
gue_splice_reconstructed_lora__evo2_1b_base__20260515T200437Z,2,2,0.002185592195019126,0.0045197163708508015,0.9932946562767029
gue_splice_reconstructed_lora__evo2_1b_base__20260515T200437Z,2,2,0.009713306091725826,0.012956305406987667,0.9773304462432861
gue_splice_reconstructed_lora__evo2_1b_base__20260515T200437Z,1,1,5.294440052239224e-05,0.993596076965332,0.006350899115204811
gue_splice_reconstructed_lora__evo2_1b_base__20260515T200437Z,2,2,0.0024704402312636375,0.001855702605098486,0.9956738352775574
gue_splice_reconstructed_lora__evo2_1b_base__20260515T200437Z,2,2,0.014460076577961445,0.0077854059636592865,0.977754533290863
gue_splice_reconstructed_lora__evo2_1b_base__20260515T200437Z,2,2,0.004452703986316919,0.005444921553134918,0.9901024103164673
gue_splice_reconstructed_lora__evo2_1b_base__20260515T200437Z,0,0,0.9909195899963379,3.863060919684358e-05,0.009041780605912209
gue_splice_reconstructed_lora__evo2_1b_base__20260515T200437Z,2,2,0.015916919335722923,0.003177372505888343,0.9809057712554932
gue_splice_reconstructed_lora__evo2_1b_base__20260515T200437Z,1,1,0.00011930830805795267,0.9896913170814514,0.010189352557063103
gue_splice_reconstructed_lora__evo2_1b_base__20260515T200437Z,2,2,0.012437636964023113,0.002408792497590184,0.9851535558700562
gue_splice_reconstructed_lora__evo2_1b_base__20260515T200437Z,1,1,0.00034665368730202317,0.9575703144073486,0.042082976549863815
gue_splice_reconstructed_lora__evo2_1b_base__20260515T200437Z,1,1,5.599443466053344e-05,0.9949110150337219,0.0050330800004303455
gue_splice_reconstructed_lora__evo2_1b_base__20260515T200437Z,1,1,6.540779577335343e-05,0.9901794195175171,0.009755190461874008
gue_splice_reconstructed_lora__evo2_1b_base__20260515T200437Z,1,1,5.299595432006754e-05,0.994563639163971,0.005383344832807779
gue_splice_reconstructed_lora__evo2_1b_base__20260515T200437Z,0,0,0.9934984445571899,1.9704810256371275e-05,0.006481849122792482
gue_splice_reconstructed_lora__evo2_1b_base__20260515T200437Z,2,2,0.018605798482894897,0.0016021152259781957,0.9797921180725098
gue_splice_reconstructed_lora__evo2_1b_base__20260515T200437Z,1,2,0.0016358006978407502,0.41824930906295776,0.5801149010658264
gue_splice_reconstructed_lora__evo2_1b_base__20260515T200437Z,2,2,0.0030594663694500923,0.004202263429760933,0.9927383065223694
gue_splice_reconstructed_lora__evo2_1b_base__20260515T200437Z,2,2,0.004254678729921579,0.03289857879281044,0.9628467559814453
gue_splice_reconstructed_lora__evo2_1b_base__20260515T200437Z,2,2,0.09436748176813126,0.001953759230673313,0.9036787748336792
gue_splice_reconstructed_lora__evo2_1b_base__20260515T200437Z,1,1,5.334755769581534e-05,0.9933708906173706,0.0065758503042161465
gue_splice_reconstructed_lora__evo2_1b_base__20260515T200437Z,1,1,3.157541868858971e-05,0.9962504506111145,0.003717971732839942
gue_splice_reconstructed_lora__evo2_1b_base__20260515T200437Z,2,2,0.003554548369720578,0.004107273183763027,0.9923381805419922
gue_splice_reconstructed_lora__evo2_1b_base__20260515T200437Z,2,2,0.0018972078105434775,0.0037400322034955025,0.9943627119064331
gue_splice_reconstructed_lora__evo2_1b_base__20260515T200437Z,0,2,0.26500004529953003,0.005451773758977652,0.7295481562614441
gue_splice_reconstructed_lora__evo2_1b_base__20260515T200437Z,2,2,0.005483119748532772,0.03940301015973091,0.9551138281822205
gue_splice_reconstructed_lora__evo2_1b_base__20260515T200437Z,1,1,4.1266612242907286e-05,0.9944027066230774,0.005556043703109026
gue_splice_reconstructed_lora__evo2_1b_base__20260515T200437Z,2,2,0.04862286150455475,0.004577059764415026,0.9468000531196594
gue_splice_reconstructed_lora__evo2_1b_base__20260515T200437Z,1,1,8.127340697683394e-05,0.9924929738044739,0.007425769232213497
gue_splice_reconstructed_lora__evo2_1b_base__20260515T200437Z,2,2,0.043131113052368164,0.0015712423482909799,0.9552976489067078
gue_splice_reconstructed_lora__evo2_1b_base__20260515T200437Z,2,2,0.0020726462826132774,0.03174026310443878,0.966187059879303
gue_splice_reconstructed_lora__evo2_1b_base__20260515T200437Z,2,2,0.014561953023076057,0.0012755196075886488,0.9841625690460205
gue_splice_reconstructed_lora__evo2_1b_base__20260515T200437Z,2,2,0.009031745605170727,0.014112128876149654,0.9768560528755188
gue_splice_reconstructed_lora__evo2_1b_base__20260515T200437Z,2,2,0.001346674282103777,0.0032910043373703957,0.9953623414039612
gue_splice_reconstructed_lora__evo2_1b_base__20260515T200437Z,0,0,0.9861267805099487,5.861973841092549e-05,0.01381449680775404
gue_splice_reconstructed_lora__evo2_1b_base__20260515T200437Z,2,2,0.005064849276095629,0.0020205688197165728,0.9929145574569702
gue_splice_reconstructed_lora__evo2_1b_base__20260515T200437Z,0,0,0.8381668925285339,0.00029639905551448464,0.16153676807880402
gue_splice_reconstructed_lora__evo2_1b_base__20260515T200437Z,1,1,0.0001775711716618389,0.9774014949798584,0.022420935332775116
gue_splice_reconstructed_lora__evo2_1b_base__20260515T200437Z,2,2,0.01916557177901268,0.003093753708526492,0.9777406454086304
gue_splice_reconstructed_lora__evo2_1b_base__20260515T200437Z,0,0,0.990842342376709,3.449056021054275e-05,0.009123114868998528
gue_splice_reconstructed_lora__evo2_1b_base__20260515T200437Z,0,0,0.9948855042457581,2.5635463316575624e-05,0.005088860169053078
gue_splice_reconstructed_lora__evo2_1b_base__20260515T200437Z,2,2,0.005836896598339081,0.0352870374917984,0.9588760137557983
gue_splice_reconstructed_lora__evo2_1b_base__20260515T200437Z,1,1,4.4815216824645177e-05,0.990984320640564,0.00897090695798397
gue_splice_reconstructed_lora__evo2_1b_base__20260515T200437Z,0,0,0.9881536364555359,2.896515252359677e-05,0.01181734912097454
gue_splice_reconstructed_lora__evo2_1b_base__20260515T200437Z,0,0,0.9918185472488403,3.7329929909901693e-05,0.008144102990627289
gue_splice_reconstructed_lora__evo2_1b_base__20260515T200437Z,1,1,6.823585135862231e-05,0.9934187531471252,0.006513054948300123
gue_splice_reconstructed_lora__evo2_1b_base__20260515T200437Z,2,2,0.003923242911696434,0.004649875685572624,0.991426944732666
gue_splice_reconstructed_lora__evo2_1b_base__20260515T200437Z,0,0,0.9885851740837097,3.9762981032254174e-05,0.011375149711966515
gue_splice_reconstructed_lora__evo2_1b_base__20260515T200437Z,2,2,0.07795539498329163,0.007954901084303856,0.9140897393226624
gue_splice_reconstructed_lora__evo2_1b_base__20260515T200437Z,1,1,5.254846837488003e-05,0.9939002990722656,0.0060471436008811
gue_splice_reconstructed_lora__evo2_1b_base__20260515T200437Z,1,1,6.631453288719058e-05,0.9883419871330261,0.011591697111725807
gue_splice_reconstructed_lora__evo2_1b_base__20260515T200437Z,2,2,0.006713116075843573,0.006654372438788414,0.9866325259208679
gue_splice_reconstructed_lora__evo2_1b_base__20260515T200437Z,2,2,0.004577235784381628,0.004115045536309481,0.9913076758384705
gue_splice_reconstructed_lora__evo2_1b_base__20260515T200437Z,2,2,0.003393205115571618,0.001909000100567937,0.9946978092193604
gue_splice_reconstructed_lora__evo2_1b_base__20260515T200437Z,2,1,0.0009297653450630605,0.7636537551879883,0.23541657626628876
gue_splice_reconstructed_lora__evo2_1b_base__20260515T200437Z,2,2,0.0015443142037838697,0.002871105680242181,0.9955845475196838
gue_splice_reconstructed_lora__evo2_1b_base__20260515T200437Z,1,1,6.798419781262055e-05,0.9936287999153137,0.006303221918642521
gue_splice_reconstructed_lora__evo2_1b_base__20260515T200437Z,2,2,0.0015349010936915874,0.003134072059765458,0.9953309893608093
gue_splice_reconstructed_lora__evo2_1b_base__20260515T200437Z,0,0,0.8544970750808716,0.0001698355918051675,0.14533314108848572
gue_splice_reconstructed_lora__evo2_1b_base__20260515T200437Z,2,2,0.0017113764770328999,0.0034978266339749098,0.99479079246521
gue_splice_reconstructed_lora__evo2_1b_base__20260515T200437Z,2,2,0.00423445226624608,0.002237946493551135,0.9935275912284851
gue_splice_reconstructed_lora__evo2_1b_base__20260515T200437Z,1,1,9.393501386512071e-05,0.9850185513496399,0.014887497760355473
gue_splice_reconstructed_lora__evo2_1b_base__20260515T200437Z,2,2,0.002966109197586775,0.005006256513297558,0.9920276999473572
gue_splice_reconstructed_lora__evo2_1b_base__20260515T200437Z,2,2,0.003895420581102371,0.003987797535955906,0.9921167492866516
gue_splice_reconstructed_lora__evo2_1b_base__20260515T200437Z,2,2,0.0053681666031479836,0.002145760925486684,0.9924860000610352
gue_splice_reconstructed_lora__evo2_1b_base__20260515T200437Z,2,2,0.00409383699297905,0.0029429267160594463,0.9929632544517517
gue_splice_reconstructed_lora__evo2_1b_base__20260515T200437Z,2,2,0.017797796055674553,0.0042876326479017735,0.977914571762085
gue_splice_reconstructed_lora__evo2_1b_base__20260515T200437Z,2,0,0.9698746800422668,9.92281929939054e-05,0.030026165768504143
gue_splice_reconstructed_lora__evo2_1b_base__20260515T200437Z,0,0,0.9914022088050842,4.345471097622067e-05,0.008554305881261826
gue_splice_reconstructed_lora__evo2_1b_base__20260515T200437Z,2,2,0.015228127129375935,0.005110756028443575,0.9796611070632935
gue_splice_reconstructed_lora__evo2_1b_base__20260515T200437Z,2,2,0.007503577042371035,0.004911364056169987,0.9875850677490234
gue_splice_reconstructed_lora__evo2_1b_base__20260515T200437Z,2,2,0.282150000333786,0.005052979104220867,0.7127970457077026
gue_splice_reconstructed_lora__evo2_1b_base__20260515T200437Z,2,2,0.001813330571167171,0.004118453711271286,0.9940682649612427
gue_splice_reconstructed_lora__evo2_1b_base__20260515T200437Z,1,1,6.455259426729754e-05,0.9926220178604126,0.007313378620892763
gue_splice_reconstructed_lora__evo2_1b_base__20260515T200437Z,2,2,0.020475443452596664,0.002311345422640443,0.9772132039070129
gue_splice_reconstructed_lora__evo2_1b_base__20260515T200437Z,1,1,0.000147346465382725,0.9859693050384521,0.013883287087082863
gue_splice_reconstructed_lora__evo2_1b_base__20260515T200437Z,0,0,0.9892483949661255,2.7134188712807372e-05,0.010724506340920925
gue_splice_reconstructed_lora__evo2_1b_base__20260515T200437Z,1,1,6.670995935564861e-05,0.9942353367805481,0.005697962827980518
gue_splice_reconstructed_lora__evo2_1b_base__20260515T200437Z,2,2,0.002348291454836726,0.0067553091794252396,0.9908964037895203
gue_splice_reconstructed_lora__evo2_1b_base__20260515T200437Z,2,2,0.0013481699861586094,0.00218402617610991,0.9964678287506104
gue_splice_reconstructed_lora__evo2_1b_base__20260515T200437Z,2,2,0.0014612876111641526,0.003526046872138977,0.9950127005577087
gue_splice_reconstructed_lora__evo2_1b_base__20260515T200437Z,2,2,0.01645420864224434,0.0026444317772984505,0.9809014201164246
gue_splice_reconstructed_lora__evo2_1b_base__20260515T200437Z,2,2,0.01897980086505413,0.009441671893000603,0.9715785384178162
gue_splice_reconstructed_lora__evo2_1b_base__20260515T200437Z,0,0,0.9897026419639587,3.6672779970103875e-05,0.01026061549782753
gue_splice_reconstructed_lora__evo2_1b_base__20260515T200437Z,2,2,0.0031711363699287176,0.003402132773771882,0.9934267997741699
gue_splice_reconstructed_lora__evo2_1b_base__20260515T200437Z,2,2,0.004812957718968391,0.013108554296195507,0.982078492641449
gue_splice_reconstructed_lora__evo2_1b_base__20260515T200437Z,2,2,0.0020147550385445356,0.002109384164214134,0.995875895023346
gue_splice_reconstructed_lora__evo2_1b_base__20260515T200437Z,2,0,0.9908673763275146,3.817853576038033e-05,0.009094435721635818
gue_splice_reconstructed_lora__evo2_1b_base__20260515T200437Z,2,2,0.0035921367816627026,0.004290836397558451,0.9921169877052307
gue_splice_reconstructed_lora__evo2_1b_base__20260515T200437Z,1,1,4.6108350943541154e-05,0.9959604144096375,0.003993486054241657
gue_splice_reconstructed_lora__evo2_1b_base__20260515T200437Z,0,0,0.9694458246231079,0.00011327204265398905,0.03044090047478676
gue_splice_reconstructed_lora__evo2_1b_base__20260515T200437Z,2,2,0.016807593405246735,0.0030002216808497906,0.9801921844482422
gue_splice_reconstructed_lora__evo2_1b_base__20260515T200437Z,2,2,0.0014138930710032582,0.003342431504279375,0.9952436089515686
gue_splice_reconstructed_lora__evo2_1b_base__20260515T200437Z,2,2,0.0032267081551253796,0.0035507739521563053,0.9932224750518799
gue_splice_reconstructed_lora__evo2_1b_base__20260515T200437Z,1,1,3.251245288993232e-05,0.9942541718482971,0.005713393911719322
gue_splice_reconstructed_lora__evo2_1b_base__20260515T200437Z,2,2,0.027298280969262123,0.006637671962380409,0.9660639762878418
gue_splice_reconstructed_lora__evo2_1b_base__20260515T200437Z,1,1,6.602294888580218e-05,0.9917138814926147,0.008220146410167217
gue_splice_reconstructed_lora__evo2_1b_base__20260515T200437Z,2,2,0.006121902726590633,0.007633725646883249,0.9862443804740906
gue_splice_reconstructed_lora__evo2_1b_base__20260515T200437Z,2,2,0.0308696199208498,0.0038685048930346966,0.9652618169784546
gue_splice_reconstructed_lora__evo2_1b_base__20260515T200437Z,2,2,0.005290584173053503,0.002133418107405305,0.992576003074646
gue_splice_reconstructed_lora__evo2_1b_base__20260515T200437Z,0,0,0.9898675680160522,4.407070082379505e-05,0.01008843258023262
gue_splice_reconstructed_lora__evo2_1b_base__20260515T200437Z,2,2,0.002868703566491604,0.003350581042468548,0.9937806725502014
gue_splice_reconstructed_lora__evo2_1b_base__20260515T200437Z,1,2,0.01944860629737377,0.004230773076415062,0.9763205647468567
gue_splice_reconstructed_lora__evo2_1b_base__20260515T200437Z,1,1,4.353970871306956e-05,0.9933413863182068,0.006615105085074902
gue_splice_reconstructed_lora__evo2_1b_base__20260515T200437Z,2,2,0.001642667455598712,0.0015828263713046908,0.9967744946479797
gue_splice_reconstructed_lora__evo2_1b_base__20260515T200437Z,2,2,0.0016398774459958076,0.007158169522881508,0.9912019968032837
gue_splice_reconstructed_lora__evo2_1b_base__20260515T200437Z,1,1,6.0705664509441704e-05,0.9897975921630859,0.010141738690435886
gue_splice_reconstructed_lora__evo2_1b_base__20260515T200437Z,0,0,0.9848664402961731,6.183564983075485e-05,0.015071695670485497
gue_splice_reconstructed_lora__evo2_1b_base__20260515T200437Z,2,2,0.002168534090742469,0.004559511784464121,0.9932720065116882
gue_splice_reconstructed_lora__evo2_1b_base__20260515T200437Z,2,2,0.013065705075860023,0.003274620044976473,0.9836596250534058
gue_splice_reconstructed_lora__evo2_1b_base__20260515T200437Z,0,0,0.9888092875480652,5.478823368321173e-05,0.011135890148580074
gue_splice_reconstructed_lora__evo2_1b_base__20260515T200437Z,1,1,9.433097875444219e-05,0.9853142499923706,0.014591457322239876
gue_splice_reconstructed_lora__evo2_1b_base__20260515T200437Z,0,2,0.017490999773144722,0.0029748750384896994,0.9795341491699219
gue_splice_reconstructed_lora__evo2_1b_base__20260515T200437Z,2,2,0.17209899425506592,0.0012307701399549842,0.826670229434967
gue_splice_reconstructed_lora__evo2_1b_base__20260515T200437Z,1,1,4.9844540626509115e-05,0.9918692111968994,0.008080892264842987
gue_splice_reconstructed_lora__evo2_1b_base__20260515T200437Z,1,1,0.00019848236115649343,0.9641300439834595,0.03567146509885788
gue_splice_reconstructed_lora__evo2_1b_base__20260515T200437Z,2,2,0.006026077084243298,0.006915681064128876,0.9870582222938538
gue_splice_reconstructed_lora__evo2_1b_base__20260515T200437Z,1,1,8.830552542349324e-05,0.9895657300949097,0.010345972143113613
gue_splice_reconstructed_lora__evo2_1b_base__20260515T200437Z,0,0,0.9891489148139954,4.088855712325312e-05,0.010810171253979206
gue_splice_reconstructed_lora__evo2_1b_base__20260515T200437Z,0,0,0.9894970655441284,5.4826341511216015e-05,0.010448052547872066
gue_splice_reconstructed_lora__evo2_1b_base__20260515T200437Z,2,2,0.0008320951601490378,0.002834250219166279,0.9963335990905762
gue_splice_reconstructed_lora__evo2_1b_base__20260515T200437Z,2,2,0.0025570860598236322,0.005360743962228298,0.9920821189880371
gue_splice_reconstructed_lora__evo2_1b_base__20260515T200437Z,2,2,0.005012530833482742,0.004622271750122309,0.990365207195282
gue_splice_reconstructed_lora__evo2_1b_base__20260515T200437Z,2,2,0.05802282318472862,0.005879123695194721,0.9360980987548828
gue_splice_reconstructed_lora__evo2_1b_base__20260515T200437Z,1,1,4.9491962272441015e-05,0.9925773739814758,0.00737310666590929
gue_splice_reconstructed_lora__evo2_1b_base__20260515T200437Z,2,2,0.011984089389443398,0.0028997790068387985,0.985116183757782
gue_splice_reconstructed_lora__evo2_1b_base__20260515T200437Z,2,2,0.0013484491501003504,0.005863118916749954,0.9927884936332703
gue_splice_reconstructed_lora__evo2_1b_base__20260515T200437Z,2,2,0.0033653483260422945,0.003335899906232953,0.9932987689971924
gue_splice_reconstructed_lora__evo2_1b_base__20260515T200437Z,1,1,0.00012298412912059575,0.9887955188751221,0.011081495322287083
gue_splice_reconstructed_lora__evo2_1b_base__20260515T200437Z,2,2,0.0026905301492661238,0.002228350844234228,0.9950810670852661
gue_splice_reconstructed_lora__evo2_1b_base__20260515T200437Z,1,1,6.382627907441929e-05,0.9930226802825928,0.0069134472869336605
gue_splice_reconstructed_lora__evo2_1b_base__20260515T200437Z,2,2,0.015089854598045349,0.0017416676273569465,0.9831684827804565
gue_splice_reconstructed_lora__evo2_1b_base__20260515T200437Z,0,0,0.9919034838676453,1.9067896573687904e-05,0.008077472448348999
gue_splice_reconstructed_lora__evo2_1b_base__20260515T200437Z,0,0,0.9938790798187256,2.7907683033845387e-05,0.0060929544270038605
gue_splice_reconstructed_lora__evo2_1b_base__20260515T200437Z,1,1,4.4126674765720963e-05,0.9950039982795715,0.004951884504407644
gue_splice_reconstructed_lora__evo2_1b_base__20260515T200437Z,0,0,0.9914405345916748,3.191781070199795e-05,0.008527528494596481
gue_splice_reconstructed_lora__evo2_1b_base__20260515T200437Z,2,2,0.010129209607839584,0.0020498509984463453,0.9878209233283997
gue_splice_reconstructed_lora__evo2_1b_base__20260515T200437Z,2,2,0.002380070276558399,0.003074029926210642,0.9945459365844727
gue_splice_reconstructed_lora__evo2_1b_base__20260515T200437Z,2,2,0.002966641914099455,0.0038579117972403765,0.9931754469871521
gue_splice_reconstructed_lora__evo2_1b_base__20260515T200437Z,2,2,0.00487271836027503,0.27195173501968384,0.723175585269928
gue_splice_reconstructed_lora__evo2_1b_base__20260515T200437Z,2,2,0.02097170241177082,0.00393854221329093,0.9750897288322449
gue_splice_reconstructed_lora__evo2_1b_base__20260515T200437Z,2,2,0.0027173275593668222,0.004968731198459864,0.9923139214515686
gue_splice_reconstructed_lora__evo2_1b_base__20260515T200437Z,2,2,0.007794082630425692,0.0027899425476789474,0.9894160032272339
gue_splice_reconstructed_lora__evo2_1b_base__20260515T200437Z,2,2,0.011569439433515072,0.0033701881766319275,0.9850603938102722
gue_splice_reconstructed_lora__evo2_1b_base__20260515T200437Z,0,0,0.9800981283187866,1.2356199476926122e-05,0.01988949626684189
gue_splice_reconstructed_lora__evo2_1b_base__20260515T200437Z,1,1,9.833957301452756e-05,0.9917005896568298,0.008200992830097675
gue_splice_reconstructed_lora__evo2_1b_base__20260515T200437Z,2,2,0.0023785431403666735,0.007588579785078764,0.9900328516960144
gue_splice_reconstructed_lora__evo2_1b_base__20260515T200437Z,0,0,0.9922061562538147,3.480891973595135e-05,0.007759024389088154
gue_splice_reconstructed_lora__evo2_1b_base__20260515T200437Z,1,1,8.139711280819029e-05,0.9901283383369446,0.009790176525712013
gue_splice_reconstructed_lora__evo2_1b_base__20260515T200437Z,2,2,0.300079882144928,0.0008494732319377363,0.6990706324577332
gue_splice_reconstructed_lora__evo2_1b_base__20260515T200437Z,1,1,8.111392526188865e-05,0.9866835474967957,0.01323529239743948
gue_splice_reconstructed_lora__evo2_1b_base__20260515T200437Z,1,1,7.13645204086788e-05,0.99139004945755,0.00853855162858963
gue_splice_reconstructed_lora__evo2_1b_base__20260515T200437Z,2,1,0.0007394491694867611,0.7662508487701416,0.2330096811056137
gue_splice_reconstructed_lora__evo2_1b_base__20260515T200437Z,1,1,7.199491665232927e-05,0.9923641681671143,0.007563856430351734
gue_splice_reconstructed_lora__evo2_1b_base__20260515T200437Z,1,1,0.00011342260404489934,0.9860212206840515,0.013865387067198753
gue_splice_reconstructed_lora__evo2_1b_base__20260515T200437Z,0,0,0.9953019618988037,1.5194867955869995e-05,0.004682889673858881
gue_splice_reconstructed_lora__evo2_1b_base__20260515T200437Z,2,2,0.003962269052863121,0.0025408046785742044,0.9934968948364258
gue_splice_reconstructed_lora__evo2_1b_base__20260515T200437Z,1,1,9.030435467138886e-05,0.9923917651176453,0.007518040016293526
gue_splice_reconstructed_lora__evo2_1b_base__20260515T200437Z,1,1,0.0001589030580362305,0.9795580506324768,0.020282981917262077
gue_splice_reconstructed_lora__evo2_1b_base__20260515T200437Z,2,2,0.007093442138284445,0.05656229704618454,0.9363442659378052
gue_splice_reconstructed_lora__evo2_1b_base__20260515T200437Z,0,0,0.9911285638809204,2.8601938538486138e-05,0.008842822164297104
gue_splice_reconstructed_lora__evo2_1b_base__20260515T200437Z,0,0,0.9942640662193298,2.3055010387906805e-05,0.0057127526961266994
gue_splice_reconstructed_lora__evo2_1b_base__20260515T200437Z,1,1,0.00010935201862594113,0.9769869446754456,0.022903721779584885
gue_splice_reconstructed_lora__evo2_1b_base__20260515T200437Z,2,2,0.04517878219485283,0.001623885822482407,0.9531973004341125
gue_splice_reconstructed_lora__evo2_1b_base__20260515T200437Z,0,0,0.9903399348258972,3.1388088245876133e-05,0.009628692641854286
gue_splice_reconstructed_lora__evo2_1b_base__20260515T200437Z,0,0,0.9879066944122314,5.182511085877195e-05,0.012041531503200531
gue_splice_reconstructed_lora__evo2_1b_base__20260515T200437Z,2,2,0.018744589760899544,0.001836135401390493,0.9794193506240845
gue_splice_reconstructed_lora__evo2_1b_base__20260515T200437Z,2,1,0.0009774587815627456,0.6840165853500366,0.31500595808029175
gue_splice_reconstructed_lora__evo2_1b_base__20260515T200437Z,2,2,0.004671342205256224,0.009966793470084667,0.9853618144989014
gue_splice_reconstructed_lora__evo2_1b_base__20260515T200437Z,2,2,0.0035870445426553488,0.0018249405547976494,0.9945880174636841
gue_splice_reconstructed_lora__evo2_1b_base__20260515T200437Z,1,1,6.194537854753435e-05,0.9943523406982422,0.005585683509707451
gue_splice_reconstructed_lora__evo2_1b_base__20260515T200437Z,2,2,0.25957679748535156,0.0031210018787533045,0.7373021841049194
gue_splice_reconstructed_lora__evo2_1b_base__20260515T200437Z,2,0,0.98138427734375,3.416133040445857e-05,0.018581515178084373
gue_splice_reconstructed_lora__evo2_1b_base__20260515T200437Z,0,0,0.95185387134552,5.680386311723851e-05,0.04808931052684784
gue_splice_reconstructed_lora__evo2_1b_base__20260515T200437Z,2,2,0.02376295067369938,0.002619673265144229,0.9736173152923584
gue_splice_reconstructed_lora__evo2_1b_base__20260515T200437Z,2,2,0.002445108024403453,0.0033913825172930956,0.9941635727882385
gue_splice_reconstructed_lora__evo2_1b_base__20260515T200437Z,2,2,0.0031074066646397114,0.004230762366205454,0.9926618337631226
gue_splice_reconstructed_lora__evo2_1b_base__20260515T200437Z,1,1,5.789683200418949e-05,0.9931754469871521,0.006766715086996555
gue_splice_reconstructed_lora__evo2_1b_base__20260515T200437Z,2,0,0.7039649486541748,0.0002771725121419877,0.29575783014297485
gue_splice_reconstructed_lora__evo2_1b_base__20260515T200437Z,2,2,0.01990659162402153,0.0034541834611445665,0.9766392111778259
gue_splice_reconstructed_lora__evo2_1b_base__20260515T200437Z,1,1,3.720296444953419e-05,0.992313802242279,0.007649067789316177
gue_splice_reconstructed_lora__evo2_1b_base__20260515T200437Z,2,2,0.009172803722321987,0.0025822597090154886,0.988244891166687
gue_splice_reconstructed_lora__evo2_1b_base__20260515T200437Z,0,0,0.9778388738632202,7.791357347741723e-05,0.022083209827542305
gue_splice_reconstructed_lora__evo2_1b_base__20260515T200437Z,2,2,0.005263852421194315,0.09555165469646454,0.8991844654083252
gue_splice_reconstructed_lora__evo2_1b_base__20260515T200437Z,2,2,0.003218642668798566,0.00507353525608778,0.9917078614234924
gue_splice_reconstructed_lora__evo2_1b_base__20260515T200437Z,2,2,0.0033270542044192553,0.006974926218390465,0.9896979928016663
gue_splice_reconstructed_lora__evo2_1b_base__20260515T200437Z,2,1,0.0005360912182368338,0.9376210570335388,0.06184281036257744
gue_splice_reconstructed_lora__evo2_1b_base__20260515T200437Z,2,2,0.003466525347903371,0.0038823240902274847,0.9926511645317078
gue_splice_reconstructed_lora__evo2_1b_base__20260515T200437Z,0,0,0.9911198019981384,3.955469946959056e-05,0.008840585127472878
gue_splice_reconstructed_lora__evo2_1b_base__20260515T200437Z,2,2,0.002169196493923664,0.0013403241755440831,0.9964904189109802
gue_splice_reconstructed_lora__evo2_1b_base__20260515T200437Z,1,1,0.0006232555024325848,0.9233261346817017,0.07605072110891342
gue_splice_reconstructed_lora__evo2_1b_base__20260515T200437Z,0,0,0.9338380098342896,8.204062032746151e-05,0.06607995927333832
gue_splice_reconstructed_lora__evo2_1b_base__20260515T200437Z,2,2,0.01046121958643198,0.01890585757791996,0.9706329703330994
gue_splice_reconstructed_lora__evo2_1b_base__20260515T200437Z,0,0,0.9913851022720337,3.357862078701146e-05,0.00858134962618351
gue_splice_reconstructed_lora__evo2_1b_base__20260515T200437Z,0,0,0.9918357729911804,3.193053635186516e-05,0.008132322691380978
gue_splice_reconstructed_lora__evo2_1b_base__20260515T200437Z,1,1,0.00011604358587646857,0.9892942905426025,0.01058970671147108
gue_splice_reconstructed_lora__evo2_1b_base__20260515T200437Z,2,2,0.0053934031166136265,0.007145098876208067,0.987461507320404
gue_splice_reconstructed_lora__evo2_1b_base__20260515T200437Z,2,2,0.0019191486062482,0.0019936510361731052,0.9960871934890747
gue_splice_reconstructed_lora__evo2_1b_base__20260515T200437Z,2,2,0.015639789402484894,0.0020029929000884295,0.9823572635650635
gue_splice_reconstructed_lora__evo2_1b_base__20260515T200437Z,2,2,0.005364960990846157,0.050932418555021286,0.9437025785446167
gue_splice_reconstructed_lora__evo2_1b_base__20260515T200437Z,1,2,0.008055666461586952,0.004648623522371054,0.9872956871986389
gue_splice_reconstructed_lora__evo2_1b_base__20260515T200437Z,0,0,0.9907916784286499,3.435433973209001e-05,0.009174018166959286
gue_splice_reconstructed_lora__evo2_1b_base__20260515T200437Z,2,2,0.03713855519890785,0.002118100877851248,0.9607434272766113
gue_splice_reconstructed_lora__evo2_1b_base__20260515T200437Z,1,1,4.514049942372367e-05,0.9942857623100281,0.005669111851602793
gue_splice_reconstructed_lora__evo2_1b_base__20260515T200437Z,0,0,0.9906105399131775,3.6278783227317035e-05,0.009353249333798885
gue_splice_reconstructed_lora__evo2_1b_base__20260515T200437Z,1,1,4.9376802053302526e-05,0.9941436648368835,0.0058069732040166855
gue_splice_reconstructed_lora__evo2_1b_base__20260515T200437Z,1,2,0.0034794870298355818,0.00887650903314352,0.9876440167427063
gue_splice_reconstructed_lora__evo2_1b_base__20260515T200437Z,2,2,0.014123559929430485,0.005360698327422142,0.980515718460083
gue_splice_reconstructed_lora__evo2_1b_base__20260515T200437Z,1,1,0.00011634343536570668,0.9879837036132812,0.011899992823600769
gue_splice_reconstructed_lora__evo2_1b_base__20260515T200437Z,2,2,0.0036044293083250523,0.003795898985117674,0.9925997257232666
gue_splice_reconstructed_lora__evo2_1b_base__20260515T200437Z,0,0,0.9866766929626465,4.358678052085452e-05,0.013279704377055168
gue_splice_reconstructed_lora__evo2_1b_base__20260515T200437Z,2,2,0.0022090713027864695,0.003582176985219121,0.994208812713623
gue_splice_reconstructed_lora__evo2_1b_base__20260515T200437Z,1,1,4.0998344047693536e-05,0.991804838180542,0.008154093287885189
gue_splice_reconstructed_lora__evo2_1b_base__20260515T200437Z,2,2,0.0020613400265574455,0.002639070153236389,0.9952995777130127
gue_splice_reconstructed_lora__evo2_1b_base__20260515T200437Z,0,0,0.9788448214530945,3.066232238779776e-05,0.021124545484781265
gue_splice_reconstructed_lora__evo2_1b_base__20260515T200437Z,1,1,5.8555087889544666e-05,0.9927650094032288,0.0071764616295695305
gue_splice_reconstructed_lora__evo2_1b_base__20260515T200437Z,0,0,0.9928222298622131,2.8875525458715856e-05,0.007148895412683487
gue_splice_reconstructed_lora__evo2_1b_base__20260515T200437Z,0,2,0.4693698287010193,0.0008380026556551456,0.5297921299934387
gue_splice_reconstructed_lora__evo2_1b_base__20260515T200437Z,2,2,0.00403220858424902,0.0044894772581756115,0.9914783835411072
gue_splice_reconstructed_lora__evo2_1b_base__20260515T200437Z,2,2,0.04980567470192909,0.002481192583218217,0.9477131366729736
gue_splice_reconstructed_lora__evo2_1b_base__20260515T200437Z,1,1,4.4937980419490486e-05,0.9936989545822144,0.006256138440221548
gue_splice_reconstructed_lora__evo2_1b_base__20260515T200437Z,2,2,0.0026104708667844534,0.009987430647015572,0.9874021410942078
gue_splice_reconstructed_lora__evo2_1b_base__20260515T200437Z,0,0,0.9913535714149475,4.228052421240136e-05,0.008604153990745544
gue_splice_reconstructed_lora__evo2_1b_base__20260515T200437Z,0,0,0.988857090473175,4.988766886526719e-05,0.011093012988567352
gue_splice_reconstructed_lora__evo2_1b_base__20260515T200437Z,2,2,0.012264593504369259,0.007712553720921278,0.9800229072570801
gue_splice_reconstructed_lora__evo2_1b_base__20260515T200437Z,0,0,0.9916068315505981,3.118366657872684e-05,0.00836195144802332
gue_splice_reconstructed_lora__evo2_1b_base__20260515T200437Z,2,2,0.0144061129540205,0.0019288237672299147,0.9836650490760803
gue_splice_reconstructed_lora__evo2_1b_base__20260515T200437Z,2,2,0.00277953059412539,0.0037659234367311,0.9934545755386353
gue_splice_reconstructed_lora__evo2_1b_base__20260515T200437Z,2,2,0.0016723168082535267,0.005131016485393047,0.9931967258453369
gue_splice_reconstructed_lora__evo2_1b_base__20260515T200437Z,0,0,0.9865820407867432,5.509356560651213e-05,0.013362986035645008
gue_splice_reconstructed_lora__evo2_1b_base__20260515T200437Z,2,2,0.004724373109638691,0.00648272642865777,0.9887928366661072
gue_splice_reconstructed_lora__evo2_1b_base__20260515T200437Z,1,1,0.00013239910185802728,0.9768328666687012,0.023034682497382164
gue_splice_reconstructed_lora__evo2_1b_base__20260515T200437Z,1,1,5.126990072312765e-05,0.9927137494087219,0.007235023658722639
gue_splice_reconstructed_lora__evo2_1b_base__20260515T200437Z,2,2,0.007714463397860527,0.004331649746745825,0.9879539012908936
gue_splice_reconstructed_lora__evo2_1b_base__20260515T200437Z,2,2,0.002055326011031866,0.005548893008381128,0.9923957586288452
gue_splice_reconstructed_lora__evo2_1b_base__20260515T200437Z,1,1,5.614344627247192e-05,0.9936695694923401,0.006274308077991009
gue_splice_reconstructed_lora__evo2_1b_base__20260515T200437Z,2,2,0.012853551656007767,0.01472228579223156,0.9724241495132446
gue_splice_reconstructed_lora__evo2_1b_base__20260515T200437Z,1,1,0.00018654631276149303,0.9645923376083374,0.0352211557328701
gue_splice_reconstructed_lora__evo2_1b_base__20260515T200437Z,2,2,0.18312525749206543,0.0017554224468767643,0.8151193261146545
gue_splice_reconstructed_lora__evo2_1b_base__20260515T200437Z,2,2,0.004435655660927296,0.005392385646700859,0.9901719689369202
gue_splice_reconstructed_lora__evo2_1b_base__20260515T200437Z,1,1,4.538397479336709e-05,0.9918692111968994,0.008085331879556179
gue_splice_reconstructed_lora__evo2_1b_base__20260515T200437Z,2,2,0.002613127464428544,0.005111261736601591,0.9922756552696228
gue_splice_reconstructed_lora__evo2_1b_base__20260515T200437Z,1,1,0.0001051261424436234,0.9843060970306396,0.015588775277137756
gue_splice_reconstructed_lora__evo2_1b_base__20260515T200437Z,2,2,0.007008799351751804,0.004296963103115559,0.9886942505836487
gue_splice_reconstructed_lora__evo2_1b_base__20260515T200437Z,2,2,0.0014104420552030206,0.003833979368209839,0.9947556257247925
gue_splice_reconstructed_lora__evo2_1b_base__20260515T200437Z,1,1,3.283269688836299e-05,0.9962338805198669,0.0037333727814257145
gue_splice_reconstructed_lora__evo2_1b_base__20260515T200437Z,1,2,0.001898786285892129,0.006791207939386368,0.9913100004196167
gue_splice_reconstructed_lora__evo2_1b_base__20260515T200437Z,0,0,0.9876319766044617,6.549485988216475e-05,0.012302616611123085
gue_splice_reconstructed_lora__evo2_1b_base__20260515T200437Z,2,0,0.9901420474052429,3.6546025512507185e-05,0.009821434505283833
gue_splice_reconstructed_lora__evo2_1b_base__20260515T200437Z,1,1,9.777598461369053e-05,0.9898762106895447,0.010025909170508385
gue_splice_reconstructed_lora__evo2_1b_base__20260515T200437Z,0,0,0.9945486187934875,1.7890379240270704e-05,0.005433438811451197
gue_splice_reconstructed_lora__evo2_1b_base__20260515T200437Z,1,1,5.9869336837437004e-05,0.9915336966514587,0.008406365290284157
gue_splice_reconstructed_lora__evo2_1b_base__20260515T200437Z,1,1,2.816417872963939e-05,0.9952080845832825,0.004763739183545113
gue_splice_reconstructed_lora__evo2_1b_base__20260515T200437Z,0,0,0.9699023962020874,7.064073724905029e-05,0.030027024447917938
gue_splice_reconstructed_lora__evo2_1b_base__20260515T200437Z,0,0,0.9873732924461365,5.099408372188918e-05,0.012575705535709858
gue_splice_reconstructed_lora__evo2_1b_base__20260515T200437Z,2,2,0.0031991698779165745,0.00141962303314358,0.995381236076355
gue_splice_reconstructed_lora__evo2_1b_base__20260515T200437Z,1,1,9.515569399809465e-05,0.974704384803772,0.02520042285323143
gue_splice_reconstructed_lora__evo2_1b_base__20260515T200437Z,2,2,0.0021023498848080635,0.004373123403638601,0.9935245513916016
gue_splice_reconstructed_lora__evo2_1b_base__20260515T200437Z,2,2,0.06620112806558609,0.002123360987752676,0.9316755533218384
gue_splice_reconstructed_lora__evo2_1b_base__20260515T200437Z,2,2,0.008994854055345058,0.006671364884823561,0.9843338131904602
gue_splice_reconstructed_lora__evo2_1b_base__20260515T200437Z,1,1,6.067553113098256e-05,0.9931783676147461,0.006760955322533846
gue_splice_reconstructed_lora__evo2_1b_base__20260515T200437Z,2,2,0.004299850203096867,0.00827200710773468,0.9874281287193298
gue_splice_reconstructed_lora__evo2_1b_base__20260515T200437Z,2,2,0.0038326859939843416,0.009485989809036255,0.986681342124939
gue_splice_reconstructed_lora__evo2_1b_base__20260515T200437Z,1,1,6.367737660184503e-05,0.9907061457633972,0.009230230934917927
gue_splice_reconstructed_lora__evo2_1b_base__20260515T200437Z,2,2,0.014575457200407982,0.0013108131242915988,0.9841136932373047
gue_splice_reconstructed_lora__evo2_1b_base__20260515T200437Z,2,2,0.0055785165168344975,0.002556526567786932,0.9918649792671204
gue_splice_reconstructed_lora__evo2_1b_base__20260515T200437Z,2,2,0.02075657621026039,0.0061117117293179035,0.9731316566467285
gue_splice_reconstructed_lora__evo2_1b_base__20260515T200437Z,1,1,0.0001437478349544108,0.9808605909347534,0.018995771184563637
gue_splice_reconstructed_lora__evo2_1b_base__20260515T200437Z,2,2,0.005209030117839575,0.005995557177811861,0.9887953996658325
gue_splice_reconstructed_lora__evo2_1b_base__20260515T200437Z,2,2,0.018656322732567787,0.00152580626308918,0.9798178672790527
gue_splice_reconstructed_lora__evo2_1b_base__20260515T200437Z,1,1,6.255419430090114e-05,0.9924265146255493,0.007510964293032885
gue_splice_reconstructed_lora__evo2_1b_base__20260515T200437Z,2,2,0.013354074209928513,0.011256244033575058,0.9753897190093994
gue_splice_reconstructed_lora__evo2_1b_base__20260515T200437Z,0,0,0.9821329712867737,4.4763281039195135e-05,0.017822280526161194
gue_splice_reconstructed_lora__evo2_1b_base__20260515T200437Z,2,2,0.00246863323263824,0.0035569341853260994,0.9939743876457214
gue_splice_reconstructed_lora__evo2_1b_base__20260515T200437Z,0,0,0.9904646873474121,3.151491182507016e-05,0.009503782726824284
gue_splice_reconstructed_lora__evo2_1b_base__20260515T200437Z,2,2,0.003571872366592288,0.0021706856787204742,0.9942574501037598
gue_splice_reconstructed_lora__evo2_1b_base__20260515T200437Z,1,1,0.0001466086250729859,0.9810319542884827,0.018821347504854202
gue_splice_reconstructed_lora__evo2_1b_base__20260515T200437Z,2,2,0.21562720835208893,0.0033062563743442297,0.7810665369033813
gue_splice_reconstructed_lora__evo2_1b_base__20260515T200437Z,1,1,3.840952558675781e-05,0.9929760694503784,0.0069856527261435986
gue_splice_reconstructed_lora__evo2_1b_base__20260515T200437Z,2,2,0.004364750813692808,0.00691381748765707,0.9887214303016663
gue_splice_reconstructed_lora__evo2_1b_base__20260515T200437Z,1,2,0.004030293319374323,0.017464103177189827,0.9785056114196777
gue_splice_reconstructed_lora__evo2_1b_base__20260515T200437Z,1,1,5.912150299991481e-05,0.9906902313232422,0.009250668808817863
gue_splice_reconstructed_lora__evo2_1b_base__20260515T200437Z,2,2,0.0022981141228228807,0.0030415349174290895,0.9946603178977966
gue_splice_reconstructed_lora__evo2_1b_base__20260515T200437Z,2,2,0.00903319288045168,0.0019545191898941994,0.9890122413635254
gue_splice_reconstructed_lora__evo2_1b_base__20260515T200437Z,2,2,0.012484327889978886,0.00251906574703753,0.9849965572357178
gue_splice_reconstructed_lora__evo2_1b_base__20260515T200437Z,2,2,0.003646182594820857,0.0039540305733680725,0.9923998713493347
gue_splice_reconstructed_lora__evo2_1b_base__20260515T200437Z,1,2,0.004552155267447233,0.4231925904750824,0.5722552537918091
gue_splice_reconstructed_lora__evo2_1b_base__20260515T200437Z,2,2,0.0021056008990854025,0.002833395730704069,0.9950609803199768
gue_splice_reconstructed_lora__evo2_1b_base__20260515T200437Z,1,1,8.264720963779837e-05,0.9897482991218567,0.01016912516206503
gue_splice_reconstructed_lora__evo2_1b_base__20260515T200437Z,2,2,0.0056276144459843636,0.01217238511890173,0.982200026512146
gue_splice_reconstructed_lora__evo2_1b_base__20260515T200437Z,0,0,0.9839785695075989,7.027979881968349e-05,0.01595119573175907
gue_splice_reconstructed_lora__evo2_1b_base__20260515T200437Z,2,2,0.018987059593200684,0.002873623976483941,0.978139340877533
gue_splice_reconstructed_lora__evo2_1b_base__20260515T200437Z,2,2,0.006690989714115858,0.00511515187099576,0.9881938695907593
gue_splice_reconstructed_lora__evo2_1b_base__20260515T200437Z,1,1,5.594713002210483e-05,0.9940704703330994,0.005873557645827532
gue_splice_reconstructed_lora__evo2_1b_base__20260515T200437Z,2,2,0.004121784120798111,0.061282213777303696,0.9345959424972534
gue_splice_reconstructed_lora__evo2_1b_base__20260515T200437Z,1,1,3.138965257676318e-05,0.994265615940094,0.005703006871044636
gue_splice_reconstructed_lora__evo2_1b_base__20260515T200437Z,2,2,0.004880985245108604,0.0030425344593822956,0.9920765161514282
gue_splice_reconstructed_lora__evo2_1b_base__20260515T200437Z,0,2,0.05194650962948799,0.0015237308107316494,0.9465298056602478
gue_splice_reconstructed_lora__evo2_1b_base__20260515T200437Z,1,2,0.004864213988184929,0.1411847323179245,0.8539510369300842
gue_splice_reconstructed_lora__evo2_1b_base__20260515T200437Z,1,1,0.00016790568770375103,0.9876561164855957,0.012175924144685268
gue_splice_reconstructed_lora__evo2_1b_base__20260515T200437Z,2,2,0.010288050398230553,0.006766863167285919,0.9829451441764832
gue_splice_reconstructed_lora__evo2_1b_base__20260515T200437Z,0,0,0.8447127342224121,0.0002471593033988029,0.15504013001918793
gue_splice_reconstructed_lora__evo2_1b_base__20260515T200437Z,1,1,0.00013097970804665238,0.9854204058647156,0.014448565430939198
gue_splice_reconstructed_lora__evo2_1b_base__20260515T200437Z,2,2,0.009337425231933594,0.008944705128669739,0.9817178249359131
gue_splice_reconstructed_lora__evo2_1b_base__20260515T200437Z,2,2,0.0044260346330702305,0.0027135189156979322,0.9928603768348694
gue_splice_reconstructed_lora__evo2_1b_base__20260515T200437Z,2,2,0.013326260261237621,0.005681398790329695,0.9809923768043518
gue_splice_reconstructed_lora__evo2_1b_base__20260515T200437Z,1,1,2.687476262508426e-05,0.9952197670936584,0.0047533391043543816
gue_splice_reconstructed_lora__evo2_1b_base__20260515T200437Z,0,0,0.9916926622390747,1.9900844563380815e-05,0.008287474513053894
gue_splice_reconstructed_lora__evo2_1b_base__20260515T200437Z,2,2,0.004598802886903286,0.0042740157805383205,0.9911271929740906
gue_splice_reconstructed_lora__evo2_1b_base__20260515T200437Z,1,1,9.851409413386136e-05,0.9895874261856079,0.01031404361128807
gue_splice_reconstructed_lora__evo2_1b_base__20260515T200437Z,0,0,0.993769109249115,1.5350304238381796e-05,0.0062154741026461124
gue_splice_reconstructed_lora__evo2_1b_base__20260515T200437Z,0,0,0.9852626323699951,5.9027730458183214e-05,0.014678227715194225
gue_splice_reconstructed_lora__evo2_1b_base__20260515T200437Z,1,1,0.0011782548390328884,0.5514063239097595,0.44741544127464294
gue_splice_reconstructed_lora__evo2_1b_base__20260515T200437Z,2,2,0.006579169537872076,0.008365724235773087,0.9850550889968872
gue_splice_reconstructed_lora__evo2_1b_base__20260515T200437Z,0,0,0.9837886095046997,5.160907676327042e-05,0.01615976169705391
gue_splice_reconstructed_lora__evo2_1b_base__20260515T200437Z,1,1,2.1048059352324344e-05,0.9969275593757629,0.003051446285098791
gue_splice_reconstructed_lora__evo2_1b_base__20260515T200437Z,1,1,9.027567284647375e-05,0.9882087707519531,0.011700927279889584
gue_splice_reconstructed_lora__evo2_1b_base__20260515T200437Z,2,2,0.007360111456364393,0.007720866706222296,0.9849190711975098
gue_splice_reconstructed_lora__evo2_1b_base__20260515T200437Z,0,0,0.9907349348068237,4.4455271563492715e-05,0.009220645762979984
gue_splice_reconstructed_lora__evo2_1b_base__20260515T200437Z,0,0,0.9892081618309021,2.0561286873999052e-05,0.010771301575005054
gue_splice_reconstructed_lora__evo2_1b_base__20260515T200437Z,1,2,0.0038818218745291233,0.018028413876891136,0.9780896902084351
gue_splice_reconstructed_lora__evo2_1b_base__20260515T200437Z,1,1,7.660068513359874e-05,0.9918786287307739,0.00804479792714119
gue_splice_reconstructed_lora__evo2_1b_base__20260515T200437Z,2,2,0.0027386692818254232,0.0020252929534763098,0.9952360987663269
gue_splice_reconstructed_lora__evo2_1b_base__20260515T200437Z,2,2,0.0027855171356350183,0.0035627312026917934,0.9936517477035522
gue_splice_reconstructed_lora__evo2_1b_base__20260515T200437Z,2,2,0.013628736138343811,0.027183502912521362,0.9591877460479736
gue_splice_reconstructed_lora__evo2_1b_base__20260515T200437Z,0,0,0.9933214783668518,2.6304689527023584e-05,0.0066522215493023396
gue_splice_reconstructed_lora__evo2_1b_base__20260515T200437Z,1,1,3.398270928300917e-05,0.9955075979232788,0.0044584693387150764
gue_splice_reconstructed_lora__evo2_1b_base__20260515T200437Z,0,0,0.9792121648788452,9.448205673834309e-05,0.020693399012088776
gue_splice_reconstructed_lora__evo2_1b_base__20260515T200437Z,2,2,0.019740954041481018,0.001764127635397017,0.9784949421882629
gue_splice_reconstructed_lora__evo2_1b_base__20260515T200437Z,2,2,0.002715728711336851,0.003615366294980049,0.9936689734458923
gue_splice_reconstructed_lora__evo2_1b_base__20260515T200437Z,1,1,0.00011091101623605937,0.9909154772758484,0.008973570540547371
gue_splice_reconstructed_lora__evo2_1b_base__20260515T200437Z,0,0,0.9702932238578796,7.552140596089885e-05,0.029631225392222404
gue_splice_reconstructed_lora__evo2_1b_base__20260515T200437Z,2,2,0.017246395349502563,0.006009874865412712,0.9767436981201172
gue_splice_reconstructed_lora__evo2_1b_base__20260515T200437Z,0,0,0.9892855286598206,4.1863979276968166e-05,0.010672668926417828
gue_splice_reconstructed_lora__evo2_1b_base__20260515T200437Z,0,0,0.9851588606834412,6.381746788974851e-05,0.014777353964745998
gue_splice_reconstructed_lora__evo2_1b_base__20260515T200437Z,0,0,0.9891330599784851,4.120858648093417e-05,0.01082584448158741
gue_splice_reconstructed_lora__evo2_1b_base__20260515T200437Z,2,2,0.029061323031783104,0.008089764043688774,0.9628488421440125
gue_splice_reconstructed_lora__evo2_1b_base__20260515T200437Z,0,0,0.9864452481269836,5.595340553554706e-05,0.013498842716217041
gue_splice_reconstructed_lora__evo2_1b_base__20260515T200437Z,2,2,0.02129165641963482,0.003614226123318076,0.9750941395759583
gue_splice_reconstructed_lora__evo2_1b_base__20260515T200437Z,1,1,5.5555341532453895e-05,0.9948511719703674,0.005093345884233713
gue_splice_reconstructed_lora__evo2_1b_base__20260515T200437Z,2,2,0.0015421967254951596,0.002294852863997221,0.996163010597229
gue_splice_reconstructed_lora__evo2_1b_base__20260515T200437Z,2,2,0.2426205277442932,0.002721720840781927,0.7546577453613281
gue_splice_reconstructed_lora__evo2_1b_base__20260515T200437Z,2,2,0.0022979609202593565,0.0050487034022808075,0.9926533699035645
gue_splice_reconstructed_lora__evo2_1b_base__20260515T200437Z,2,2,0.004671101458370686,0.0022898914758116007,0.993039071559906
gue_splice_reconstructed_lora__evo2_1b_base__20260515T200437Z,1,1,3.862876110360958e-05,0.9947503209114075,0.005211057141423225
gue_splice_reconstructed_lora__evo2_1b_base__20260515T200437Z,2,2,0.008721006102859974,0.012370863929390907,0.9789080619812012
gue_splice_reconstructed_lora__evo2_1b_base__20260515T200437Z,2,2,0.015130526386201382,0.0019349349895492196,0.9829345345497131
gue_splice_reconstructed_lora__evo2_1b_base__20260515T200437Z,1,1,4.1950592276407406e-05,0.995212197303772,0.004745766054838896
gue_splice_reconstructed_lora__evo2_1b_base__20260515T200437Z,1,1,9.02042374946177e-05,0.9912915229797363,0.008618330582976341
gue_splice_reconstructed_lora__evo2_1b_base__20260515T200437Z,1,1,5.0138125516241416e-05,0.9938215017318726,0.006128405686467886
gue_splice_reconstructed_lora__evo2_1b_base__20260515T200437Z,2,2,0.011216489598155022,0.005381730385124683,0.9834017753601074
gue_splice_reconstructed_lora__evo2_1b_base__20260515T200437Z,1,2,0.004121316596865654,0.01845243200659752,0.9774262309074402
gue_splice_reconstructed_lora__evo2_1b_base__20260515T200437Z,2,2,0.04254604130983353,0.0014429298462346196,0.9560110569000244
gue_splice_reconstructed_lora__evo2_1b_base__20260515T200437Z,1,1,5.9869336837437004e-05,0.9915336966514587,0.008406365290284157
gue_splice_reconstructed_lora__evo2_1b_base__20260515T200437Z,0,0,0.9910949468612671,3.2282794563798234e-05,0.008872796781361103
gue_splice_reconstructed_lora__evo2_1b_base__20260515T200437Z,0,0,0.9916030764579773,2.6777097446029074e-05,0.008370090276002884
gue_splice_reconstructed_lora__evo2_1b_base__20260515T200437Z,1,1,0.0056962608359754086,0.8705339431762695,0.12376977503299713
gue_splice_reconstructed_lora__evo2_1b_base__20260515T200437Z,1,1,9.755280188983306e-05,0.9876167178153992,0.012285636737942696
gue_splice_reconstructed_lora__evo2_1b_base__20260515T200437Z,2,2,0.011210829019546509,0.002999726217240095,0.9857894778251648
gue_splice_reconstructed_lora__evo2_1b_base__20260515T200437Z,0,0,0.9945606589317322,1.911897743411828e-05,0.00542025500908494
gue_splice_reconstructed_lora__evo2_1b_base__20260515T200437Z,0,0,0.9939370155334473,2.00239537662128e-05,0.006042940076440573
gue_splice_reconstructed_lora__evo2_1b_base__20260515T200437Z,2,2,0.01036676112562418,0.0020653989631682634,0.9875679016113281
gue_splice_reconstructed_lora__evo2_1b_base__20260515T200437Z,1,1,7.725415343884379e-05,0.9886857271194458,0.011237078346312046
gue_splice_reconstructed_lora__evo2_1b_base__20260515T200437Z,1,1,4.550873563857749e-05,0.9945959448814392,0.005358605645596981
gue_splice_reconstructed_lora__evo2_1b_base__20260515T200437Z,1,1,8.082907879725099e-05,0.9909301400184631,0.008989051915705204
gue_splice_reconstructed_lora__evo2_1b_base__20260515T200437Z,2,2,0.007906925864517689,0.014472225680947304,0.9776208996772766
gue_splice_reconstructed_lora__evo2_1b_base__20260515T200437Z,0,0,0.9310420751571655,4.8842019168660045e-05,0.06890913844108582
gue_splice_reconstructed_lora__evo2_1b_base__20260515T200437Z,2,2,0.03587046638131142,0.0014902973780408502,0.9626392722129822
gue_splice_reconstructed_lora__evo2_1b_base__20260515T200437Z,1,1,3.728640149347484e-05,0.9945393204689026,0.005423448048532009
gue_splice_reconstructed_lora__evo2_1b_base__20260515T200437Z,2,2,0.02143576741218567,0.002605537651106715,0.9759587049484253
gue_splice_reconstructed_lora__evo2_1b_base__20260515T200437Z,2,2,0.0027716674376279116,0.00658426946029067,0.990644097328186
gue_splice_reconstructed_lora__evo2_1b_base__20260515T200437Z,1,1,5.730091652367264e-05,0.9945397973060608,0.005402965936809778
gue_splice_reconstructed_lora__evo2_1b_base__20260515T200437Z,2,2,0.001813539071008563,0.004003914073109627,0.9941825270652771
gue_splice_reconstructed_lora__evo2_1b_base__20260515T200437Z,0,0,0.986935555934906,6.673954339930788e-05,0.012997678481042385
gue_splice_reconstructed_lora__evo2_1b_base__20260515T200437Z,1,1,4.159076706855558e-05,0.9944144487380981,0.005543915089219809
gue_splice_reconstructed_lora__evo2_1b_base__20260515T200437Z,2,2,0.005060877650976181,0.0028030818793922663,0.9921360015869141
gue_splice_reconstructed_lora__evo2_1b_base__20260515T200437Z,2,2,0.0023000859655439854,0.004128472413867712,0.993571400642395
gue_splice_reconstructed_lora__evo2_1b_base__20260515T200437Z,2,2,0.00955172348767519,0.3260318338871002,0.6644164323806763
gue_splice_reconstructed_lora__evo2_1b_base__20260515T200437Z,0,0,0.9868598580360413,6.076238059904426e-05,0.013079442083835602
gue_splice_reconstructed_lora__evo2_1b_base__20260515T200437Z,0,0,0.9922972321510315,1.4682909750263207e-05,0.0076880804263055325
gue_splice_reconstructed_lora__evo2_1b_base__20260515T200437Z,0,0,0.971462070941925,6.317650695564225e-05,0.028474733233451843
gue_splice_reconstructed_lora__evo2_1b_base__20260515T200437Z,2,2,0.002646172186359763,0.004236838314682245,0.9931169748306274
gue_splice_reconstructed_lora__evo2_1b_base__20260515T200437Z,0,0,0.994059681892395,2.2253987481235527e-05,0.00591811491176486
gue_splice_reconstructed_lora__evo2_1b_base__20260515T200437Z,2,2,0.00503552844747901,0.0029660218860954046,0.9919984936714172
gue_splice_reconstructed_lora__evo2_1b_base__20260515T200437Z,1,1,0.0002902411506511271,0.9727668166160583,0.026942867785692215
gue_splice_reconstructed_lora__evo2_1b_base__20260515T200437Z,1,1,3.253992326790467e-05,0.9950942993164062,0.004873175173997879
gue_splice_reconstructed_lora__evo2_1b_base__20260515T200437Z,0,2,0.22712261974811554,0.0015243738889694214,0.7713530659675598
gue_splice_reconstructed_lora__evo2_1b_base__20260515T200437Z,0,0,0.9920823574066162,3.7339861592045054e-05,0.007880229502916336
gue_splice_reconstructed_lora__evo2_1b_base__20260515T200437Z,1,1,0.00022176523634698242,0.9770023822784424,0.022775832563638687
gue_splice_reconstructed_lora__evo2_1b_base__20260515T200437Z,2,2,0.021277612075209618,0.010910073295235634,0.9678122997283936
gue_splice_reconstructed_lora__evo2_1b_base__20260515T200437Z,0,0,0.9918791055679321,3.1807438062969595e-05,0.008089113980531693
gue_splice_reconstructed_lora__evo2_1b_base__20260515T200437Z,1,1,9.459417924517766e-05,0.988063395023346,0.011841989122331142
gue_splice_reconstructed_lora__evo2_1b_base__20260515T200437Z,2,2,0.009275402873754501,0.004032386001199484,0.9866922497749329
gue_splice_reconstructed_lora__evo2_1b_base__20260515T200437Z,0,0,0.9915128350257874,3.574886068236083e-05,0.008451460860669613
gue_splice_reconstructed_lora__evo2_1b_base__20260515T200437Z,0,0,0.9815911054611206,7.580620149383321e-05,0.018333062529563904
gue_splice_reconstructed_lora__evo2_1b_base__20260515T200437Z,0,0,0.9907153844833374,4.622525375452824e-05,0.009238489903509617
gue_splice_reconstructed_lora__evo2_1b_base__20260515T200437Z,2,2,0.0031838775612413883,0.002315766178071499,0.9945003986358643
gue_splice_reconstructed_lora__evo2_1b_base__20260515T200437Z,2,2,0.0026162166614085436,0.00393508467823267,0.9934486746788025
gue_splice_reconstructed_lora__evo2_1b_base__20260515T200437Z,2,2,0.013369064778089523,0.002487561432644725,0.9841433763504028
gue_splice_reconstructed_lora__evo2_1b_base__20260515T200437Z,2,2,0.004162134137004614,0.005835257936269045,0.9900026321411133
gue_splice_reconstructed_lora__evo2_1b_base__20260515T200437Z,0,0,0.7116653919219971,0.00023366272216662765,0.2881009578704834
gue_splice_reconstructed_lora__evo2_1b_base__20260515T200437Z,2,2,0.04261099174618721,0.0016700515989214182,0.9557189345359802
gue_splice_reconstructed_lora__evo2_1b_base__20260515T200437Z,0,0,0.9903481006622314,4.190894469502382e-05,0.00960998423397541
gue_splice_reconstructed_lora__evo2_1b_base__20260515T200437Z,2,2,0.009559595957398415,0.0019120393553748727,0.988528311252594
gue_splice_reconstructed_lora__evo2_1b_base__20260515T200437Z,2,0,0.7057476043701172,0.0020572436042129993,0.2921951115131378
gue_splice_reconstructed_lora__evo2_1b_base__20260515T200437Z,2,2,0.007995531894266605,0.002462429692968726,0.9895420074462891
gue_splice_reconstructed_lora__evo2_1b_base__20260515T200437Z,2,2,0.0055594053119421005,0.005007811356335878,0.9894327521324158
gue_splice_reconstructed_lora__evo2_1b_base__20260515T200437Z,2,2,0.004440451506525278,0.003348556812852621,0.9922109842300415
gue_splice_reconstructed_lora__evo2_1b_base__20260515T200437Z,1,1,0.00011526970047270879,0.9865429401397705,0.013341878540813923
gue_splice_reconstructed_lora__evo2_1b_base__20260515T200437Z,1,1,4.098520366824232e-05,0.9953675270080566,0.004591495729982853
gue_splice_reconstructed_lora__evo2_1b_base__20260515T200437Z,2,2,0.0049892328679561615,0.006356447469443083,0.9886542558670044
gue_splice_reconstructed_lora__evo2_1b_base__20260515T200437Z,1,1,5.141432484379038e-05,0.9916290044784546,0.008319629356265068
gue_splice_reconstructed_lora__evo2_1b_base__20260515T200437Z,2,2,0.00662586186081171,0.011927790939807892,0.9814463257789612
gue_splice_reconstructed_lora__evo2_1b_base__20260515T200437Z,2,2,0.03312375396490097,0.0015722711104899645,0.9653039574623108
gue_splice_reconstructed_lora__evo2_1b_base__20260515T200437Z,2,2,0.0028656471986323595,0.004412471316754818,0.9927218556404114
gue_splice_reconstructed_lora__evo2_1b_base__20260515T200437Z,2,2,0.010805197060108185,0.006996828131377697,0.9821979403495789
gue_splice_reconstructed_lora__evo2_1b_base__20260515T200437Z,1,1,6.513191328849643e-05,0.9937362670898438,0.006198599934577942
gue_splice_reconstructed_lora__evo2_1b_base__20260515T200437Z,2,2,0.0016602979740127921,0.002604374196380377,0.9957352876663208
gue_splice_reconstructed_lora__evo2_1b_base__20260515T200437Z,0,0,0.9730291366577148,9.955093264579773e-05,0.026871293783187866
gue_splice_reconstructed_lora__evo2_1b_base__20260515T200437Z,2,2,0.0018099539447575808,0.0020893567707389593,0.996100664138794
gue_splice_reconstructed_lora__evo2_1b_base__20260515T200437Z,0,0,0.9946645498275757,2.3336169761023484e-05,0.005312081426382065
gue_splice_reconstructed_lora__evo2_1b_base__20260515T200437Z,2,2,0.0021968840155750513,0.0032690546941012144,0.9945340156555176
gue_splice_reconstructed_lora__evo2_1b_base__20260515T200437Z,2,2,0.004444799851626158,0.0033420308027416468,0.9922131896018982
gue_splice_reconstructed_lora__evo2_1b_base__20260515T200437Z,0,0,0.9897533655166626,3.300362004665658e-05,0.010213651694357395
gue_splice_reconstructed_lora__evo2_1b_base__20260515T200437Z,0,0,0.9921219348907471,3.012205161212478e-05,0.007847902365028858
gue_splice_reconstructed_lora__evo2_1b_base__20260515T200437Z,0,0,0.9854782819747925,3.9638016460230574e-05,0.014482084661722183
gue_splice_reconstructed_lora__evo2_1b_base__20260515T200437Z,2,2,0.002413305686786771,0.0028463469352573156,0.9947404265403748
gue_splice_reconstructed_lora__evo2_1b_base__20260515T200437Z,1,1,0.00022004745551384985,0.9469776153564453,0.052802398800849915
gue_splice_reconstructed_lora__evo2_1b_base__20260515T200437Z,2,2,0.004400079138576984,0.003730653552338481,0.9918692111968994
gue_splice_reconstructed_lora__evo2_1b_base__20260515T200437Z,2,2,0.00313812424428761,0.0021886255126446486,0.9946733117103577
gue_splice_reconstructed_lora__evo2_1b_base__20260515T200437Z,0,0,0.9871565103530884,5.3848660172661766e-05,0.012789661064743996
gue_splice_reconstructed_lora__evo2_1b_base__20260515T200437Z,1,1,7.60615585022606e-05,0.9848976731300354,0.015026246197521687
gue_splice_reconstructed_lora__evo2_1b_base__20260515T200437Z,2,2,0.0025334309320896864,0.006853035651147366,0.990613579750061
gue_splice_reconstructed_lora__evo2_1b_base__20260515T200437Z,2,2,0.010785150341689587,0.011707169935107231,0.9775076508522034
gue_splice_reconstructed_lora__evo2_1b_base__20260515T200437Z,0,0,0.9896295666694641,3.7686608266085386e-05,0.01033275481313467
gue_splice_reconstructed_lora__evo2_1b_base__20260515T200437Z,1,1,6.475683039752766e-05,0.9918805956840515,0.008054639212787151
gue_splice_reconstructed_lora__evo2_1b_base__20260515T200437Z,2,2,0.005509816110134125,0.0023239073343575,0.99216628074646
gue_splice_reconstructed_lora__evo2_1b_base__20260515T200437Z,2,2,0.0021957375574856997,0.005728777963668108,0.9920754432678223
gue_splice_reconstructed_lora__evo2_1b_base__20260515T200437Z,2,2,0.0033303808886557817,0.0021045515313744545,0.9945650100708008
gue_splice_reconstructed_lora__evo2_1b_base__20260515T200437Z,2,2,0.002119964687153697,0.0038275301922112703,0.9940524697303772
gue_splice_reconstructed_lora__evo2_1b_base__20260515T200437Z,2,2,0.001612314605154097,0.002681724028661847,0.9957060217857361
gue_splice_reconstructed_lora__evo2_1b_base__20260515T200437Z,1,1,0.0002198163274442777,0.9836666584014893,0.016113441437482834
gue_splice_reconstructed_lora__evo2_1b_base__20260515T200437Z,1,1,0.000177547728526406,0.9887922406196594,0.011030173860490322
gue_splice_reconstructed_lora__evo2_1b_base__20260515T200437Z,2,2,0.002155000576749444,0.003030147636309266,0.9948148131370544
gue_splice_reconstructed_lora__evo2_1b_base__20260515T200437Z,2,2,0.0035042292438447475,0.004738536663353443,0.9917572140693665
gue_splice_reconstructed_lora__evo2_1b_base__20260515T200437Z,2,2,0.002010280266404152,0.0014102710410952568,0.9965794682502747
gue_splice_reconstructed_lora__evo2_1b_base__20260515T200437Z,1,1,8.045531285461038e-05,0.9902082681655884,0.009711216203868389
gue_splice_reconstructed_lora__evo2_1b_base__20260515T200437Z,2,2,0.001956542953848839,0.002189085353165865,0.995854377746582
gue_splice_reconstructed_lora__evo2_1b_base__20260515T200437Z,2,2,0.006477735936641693,0.030261460691690445,0.9632608294487
gue_splice_reconstructed_lora__evo2_1b_base__20260515T200437Z,2,2,0.00357097783125937,0.003390853526070714,0.9930382370948792
gue_splice_reconstructed_lora__evo2_1b_base__20260515T200437Z,2,2,0.005568237043917179,0.003427143208682537,0.9910045862197876
gue_splice_reconstructed_lora__evo2_1b_base__20260515T200437Z,1,2,0.004281980451196432,0.015270152129232883,0.9804478883743286
gue_splice_reconstructed_lora__evo2_1b_base__20260515T200437Z,1,1,4.149019514443353e-05,0.9958925247192383,0.004066012799739838
gue_splice_reconstructed_lora__evo2_1b_base__20260515T200437Z,2,2,0.013598315417766571,0.003304863115772605,0.9830968379974365
gue_splice_reconstructed_lora__evo2_1b_base__20260515T200437Z,2,2,0.011692963540554047,0.0019228559685871005,0.9863842129707336
gue_splice_reconstructed_lora__evo2_1b_base__20260515T200437Z,2,2,0.018663315102458,0.002347421832382679,0.97898930311203
gue_splice_reconstructed_lora__evo2_1b_base__20260515T200437Z,2,2,0.3002035319805145,0.00112034915946424,0.6986761093139648
gue_splice_reconstructed_lora__evo2_1b_base__20260515T200437Z,2,2,0.005914358887821436,0.016774563118815422,0.9773110747337341
gue_splice_reconstructed_lora__evo2_1b_base__20260515T200437Z,0,0,0.9913763403892517,4.034527955809608e-05,0.00858336966484785
gue_splice_reconstructed_lora__evo2_1b_base__20260515T200437Z,1,1,5.78850376768969e-05,0.9929730892181396,0.006969022564589977
gue_splice_reconstructed_lora__evo2_1b_base__20260515T200437Z,1,1,6.18403937551193e-05,0.9926671385765076,0.00727098248898983
gue_splice_reconstructed_lora__evo2_1b_base__20260515T200437Z,0,0,0.9932328462600708,2.2322505174088292e-05,0.006744838319718838
gue_splice_reconstructed_lora__evo2_1b_base__20260515T200437Z,0,0,0.9907139539718628,4.079358768649399e-05,0.009245244786143303
gue_splice_reconstructed_lora__evo2_1b_base__20260515T200437Z,2,2,0.0027734157629311085,0.004019564483314753,0.9932070374488831
gue_splice_reconstructed_lora__evo2_1b_base__20260515T200437Z,2,2,0.009723016992211342,0.0023688075598329306,0.9879081845283508
gue_splice_reconstructed_lora__evo2_1b_base__20260515T200437Z,0,0,0.9937020540237427,2.3496439098380506e-05,0.0062745134346187115
gue_splice_reconstructed_lora__evo2_1b_base__20260515T200437Z,2,2,0.0026797112077474594,0.005272300448268652,0.9920479655265808
gue_splice_reconstructed_lora__evo2_1b_base__20260515T200437Z,0,0,0.9832419157028198,7.022718637017533e-05,0.016687888652086258
gue_splice_reconstructed_lora__evo2_1b_base__20260515T200437Z,2,2,0.014035245403647423,0.002018023282289505,0.983946681022644
gue_splice_reconstructed_lora__evo2_1b_base__20260515T200437Z,2,2,0.4623287320137024,0.0003120770852547139,0.5373591780662537
gue_splice_reconstructed_lora__evo2_1b_base__20260515T200437Z,2,2,0.002463783835992217,0.0016316453693434596,0.9959046244621277
gue_splice_reconstructed_lora__evo2_1b_base__20260515T200437Z,1,1,6.683633546344936e-05,0.9922352433204651,0.007697930093854666
gue_splice_reconstructed_lora__evo2_1b_base__20260515T200437Z,2,2,0.1260446459054947,0.0024431219790130854,0.8715122938156128
gue_splice_reconstructed_lora__evo2_1b_base__20260515T200437Z,2,2,0.005177770741283894,0.010039065964519978,0.9847832322120667
gue_splice_reconstructed_lora__evo2_1b_base__20260515T200437Z,2,2,0.002143279416486621,0.006518483627587557,0.9913382530212402
gue_splice_reconstructed_lora__evo2_1b_base__20260515T200437Z,2,2,0.005226497072726488,0.014220970682799816,0.9805524945259094
gue_splice_reconstructed_lora__evo2_1b_base__20260515T200437Z,2,2,0.003714736085385084,0.021107161417603493,0.9751781225204468
gue_splice_reconstructed_lora__evo2_1b_base__20260515T200437Z,0,0,0.9863570928573608,5.932458589086309e-05,0.013583586551249027
gue_splice_reconstructed_lora__evo2_1b_base__20260515T200437Z,2,2,0.006242629140615463,0.3996467888355255,0.5941106081008911
gue_splice_reconstructed_lora__evo2_1b_base__20260515T200437Z,1,0,0.9735733866691589,4.741985321743414e-05,0.026379171758890152
gue_splice_reconstructed_lora__evo2_1b_base__20260515T200437Z,2,2,0.0021995827555656433,0.005926765035837889,0.9918736815452576
gue_splice_reconstructed_lora__evo2_1b_base__20260515T200437Z,1,1,6.855556421214715e-05,0.9903062582015991,0.009625133126974106
gue_splice_reconstructed_lora__evo2_1b_base__20260515T200437Z,1,2,0.0895172506570816,0.0015215420862659812,0.9089612364768982
gue_splice_reconstructed_lora__evo2_1b_base__20260515T200437Z,0,0,0.9945670366287231,2.3242913812282495e-05,0.005409713834524155
gue_splice_reconstructed_lora__evo2_1b_base__20260515T200437Z,2,2,0.0013394660782068968,0.002808092162013054,0.9958524703979492
gue_splice_reconstructed_lora__evo2_1b_base__20260515T200437Z,2,2,0.007713364902883768,0.005437640007585287,0.9868489503860474
gue_splice_reconstructed_lora__evo2_1b_base__20260515T200437Z,0,0,0.9843181371688843,1.8483749954611994e-05,0.015663359314203262
gue_splice_reconstructed_lora__evo2_1b_base__20260515T200437Z,2,2,0.005241671577095985,0.005579730495810509,0.9891785383224487
gue_splice_reconstructed_lora__evo2_1b_base__20260515T200437Z,0,0,0.9903513789176941,4.0938262827694416e-05,0.009607670828700066
gue_splice_reconstructed_lora__evo2_1b_base__20260515T200437Z,1,2,0.0011537509271875024,0.25504904985427856,0.7437971830368042
gue_splice_reconstructed_lora__evo2_1b_base__20260515T200437Z,1,1,9.677182242739946e-05,0.9912588000297546,0.008644386194646358
gue_splice_reconstructed_lora__evo2_1b_base__20260515T200437Z,1,1,0.00029650822398252785,0.9575691223144531,0.04213432967662811
gue_splice_reconstructed_lora__evo2_1b_base__20260515T200437Z,2,2,0.004325699992477894,0.009077373892068863,0.9865968823432922
gue_splice_reconstructed_lora__evo2_1b_base__20260515T200437Z,1,1,4.861194611294195e-05,0.994157075881958,0.005794305820018053
gue_splice_reconstructed_lora__evo2_1b_base__20260515T200437Z,2,2,0.0025062731001526117,0.004008926451206207,0.9934847950935364
gue_splice_reconstructed_lora__evo2_1b_base__20260515T200437Z,2,2,0.0015569713432341814,0.0025099969934672117,0.9959329962730408
gue_splice_reconstructed_lora__evo2_1b_base__20260515T200437Z,2,2,0.005700449459254742,0.009056074544787407,0.9852434396743774
gue_splice_reconstructed_lora__evo2_1b_base__20260515T200437Z,0,0,0.9919889569282532,2.699761353142094e-05,0.007984054274857044
gue_splice_reconstructed_lora__evo2_1b_base__20260515T200437Z,2,2,0.00500707421451807,0.0028032336849719286,0.9921897053718567
gue_splice_reconstructed_lora__evo2_1b_base__20260515T200437Z,0,0,0.9893175959587097,3.7970214179949835e-05,0.010644389316439629
gue_splice_reconstructed_lora__evo2_1b_base__20260515T200437Z,1,1,3.7731053453171626e-05,0.9946746826171875,0.005287551321089268
gue_splice_reconstructed_lora__evo2_1b_base__20260515T200437Z,0,0,0.9903481006622314,4.190894469502382e-05,0.00960998423397541
gue_splice_reconstructed_lora__evo2_1b_base__20260515T200437Z,2,2,0.03909393772482872,0.002172263339161873,0.9587337970733643
gue_splice_reconstructed_lora__evo2_1b_base__20260515T200437Z,0,0,0.9912352561950684,4.097479904885404e-05,0.008723685517907143
gue_splice_reconstructed_lora__evo2_1b_base__20260515T200437Z,0,2,0.18717645108699799,0.005699351895600557,0.8071241974830627
gue_splice_reconstructed_lora__evo2_1b_base__20260515T200437Z,2,2,0.003525580745190382,0.007405571639537811,0.9890688061714172
gue_splice_reconstructed_lora__evo2_1b_base__20260515T200437Z,0,0,0.9896622896194458,3.485556226223707e-05,0.01030286867171526
gue_splice_reconstructed_lora__evo2_1b_base__20260515T200437Z,2,2,0.27982097864151,0.008416918106377125,0.7117621302604675
gue_splice_reconstructed_lora__evo2_1b_base__20260515T200437Z,2,2,0.0018600194016471505,0.0020974117796868086,0.9960426092147827
gue_splice_reconstructed_lora__evo2_1b_base__20260515T200437Z,2,2,0.005169773939996958,0.0057898713275790215,0.9890403747558594
gue_splice_reconstructed_lora__evo2_1b_base__20260515T200437Z,2,2,0.004450181499123573,0.0021352204494178295,0.9934145212173462
gue_splice_reconstructed_lora__evo2_1b_base__20260515T200437Z,2,2,0.010878886096179485,0.0016724091256037354,0.9874487519264221
gue_splice_reconstructed_lora__evo2_1b_base__20260515T200437Z,1,1,9.10370799829252e-05,0.9849335551261902,0.014975521713495255
gue_splice_reconstructed_lora__evo2_1b_base__20260515T200437Z,1,1,4.770524174091406e-05,0.9948564767837524,0.005095860455185175
gue_splice_reconstructed_lora__evo2_1b_base__20260515T200437Z,2,2,0.0022363665048033,0.004937428515404463,0.9928262233734131
gue_splice_reconstructed_lora__evo2_1b_base__20260515T200437Z,2,2,0.0040107904933393,0.0020425186958163977,0.9939467310905457
gue_splice_reconstructed_lora__evo2_1b_base__20260515T200437Z,2,2,0.010834744200110435,0.021442506462335587,0.9677227735519409
gue_splice_reconstructed_lora__evo2_1b_base__20260515T200437Z,0,0,0.9842956066131592,6.426162872230634e-05,0.015640072524547577
gue_splice_reconstructed_lora__evo2_1b_base__20260515T200437Z,2,2,0.006744754500687122,0.06566210836172104,0.9275931715965271
gue_splice_reconstructed_lora__evo2_1b_base__20260515T200437Z,0,0,0.9895022511482239,4.203703792882152e-05,0.010455762036144733
gue_splice_reconstructed_lora__evo2_1b_base__20260515T200437Z,2,1,8.192951645469293e-05,0.9927191734313965,0.0071989428251981735
gue_splice_reconstructed_lora__evo2_1b_base__20260515T200437Z,2,2,0.0017987246392294765,0.002463371492922306,0.9957379102706909
gue_splice_reconstructed_lora__evo2_1b_base__20260515T200437Z,0,0,0.9860594868659973,4.582864494295791e-05,0.013894730247557163
gue_splice_reconstructed_lora__evo2_1b_base__20260515T200437Z,2,2,0.004120719153434038,0.04309641197323799,0.9527828693389893
gue_splice_reconstructed_lora__evo2_1b_base__20260515T200437Z,2,2,0.014529549516737461,0.002538454718887806,0.9829319715499878
gue_splice_reconstructed_lora__evo2_1b_base__20260515T200437Z,2,2,0.007053749170154333,0.003724331734701991,0.9892219305038452
gue_splice_reconstructed_lora__evo2_1b_base__20260515T200437Z,0,0,0.9807720184326172,3.10848408844322e-05,0.019196851179003716
gue_splice_reconstructed_lora__evo2_1b_base__20260515T200437Z,0,2,0.46535563468933105,0.001111480058170855,0.5335328578948975
gue_splice_reconstructed_lora__evo2_1b_base__20260515T200437Z,2,2,0.016913145780563354,0.008706140331923962,0.9743806719779968
gue_splice_reconstructed_lora__evo2_1b_base__20260515T200437Z,0,0,0.5510215163230896,0.0010012276470661163,0.44797730445861816
gue_splice_reconstructed_lora__evo2_1b_base__20260515T200437Z,1,1,7.253892545122653e-05,0.9920817613601685,0.00784567091614008
gue_splice_reconstructed_lora__evo2_1b_base__20260515T200437Z,2,2,0.0038444928359240294,0.002560984343290329,0.9935945868492126
gue_splice_reconstructed_lora__evo2_1b_base__20260515T200437Z,2,2,0.00180617137812078,0.004174939822405577,0.9940189123153687
gue_splice_reconstructed_lora__evo2_1b_base__20260515T200437Z,0,0,0.9916341304779053,3.0107241400401108e-05,0.008335684426128864
gue_splice_reconstructed_lora__evo2_1b_base__20260515T200437Z,2,2,0.0031350331846624613,0.006078445818275213,0.9907864928245544
gue_splice_reconstructed_lora__evo2_1b_base__20260515T200437Z,1,1,0.00013994784967508167,0.9775770306587219,0.02228306606411934
gue_splice_reconstructed_lora__evo2_1b_base__20260515T200437Z,2,2,0.008442160673439503,0.002344303298741579,0.9892135262489319
gue_splice_reconstructed_lora__evo2_1b_base__20260515T200437Z,2,2,0.008191407658159733,0.010174480266869068,0.9816340804100037
gue_splice_reconstructed_lora__evo2_1b_base__20260515T200437Z,2,2,0.010103345848619938,0.03863564506173134,0.951261043548584
gue_splice_reconstructed_lora__evo2_1b_base__20260515T200437Z,1,1,9.420593414688483e-05,0.9878594279289246,0.012046377174556255
gue_splice_reconstructed_lora__evo2_1b_base__20260515T200437Z,2,1,0.001428956282325089,0.6245443820953369,0.37402665615081787
gue_splice_reconstructed_lora__evo2_1b_base__20260515T200437Z,1,1,8.148907363647595e-05,0.9951266050338745,0.004791926592588425
gue_splice_reconstructed_lora__evo2_1b_base__20260515T200437Z,2,2,0.012236122973263264,0.004270189441740513,0.9834936857223511
gue_splice_reconstructed_lora__evo2_1b_base__20260515T200437Z,2,2,0.013102692551910877,0.005257900338619947,0.9816393852233887
gue_splice_reconstructed_lora__evo2_1b_base__20260515T200437Z,2,2,0.0030129258520901203,0.004924007225781679,0.9920631051063538
gue_splice_reconstructed_lora__evo2_1b_base__20260515T200437Z,2,2,0.01125340536236763,0.002108266344293952,0.9866383075714111
gue_splice_reconstructed_lora__evo2_1b_base__20260515T200437Z,2,2,0.010851328261196613,0.002275672974064946,0.9868729710578918
gue_splice_reconstructed_lora__evo2_1b_base__20260515T200437Z,0,0,0.9879066944122314,5.182511085877195e-05,0.012041531503200531
gue_splice_reconstructed_lora__evo2_1b_base__20260515T200437Z,2,2,0.0031255341600626707,0.0032851421274244785,0.9935892820358276
gue_splice_reconstructed_lora__evo2_1b_base__20260515T200437Z,1,1,4.851572884945199e-05,0.9960727691650391,0.0038786239456385374
gue_splice_reconstructed_lora__evo2_1b_base__20260515T200437Z,0,0,0.9872690439224243,4.552778773359023e-05,0.012685383670032024
gue_splice_reconstructed_lora__evo2_1b_base__20260515T200437Z,0,0,0.9830948710441589,5.5981621699174866e-05,0.016849137842655182
gue_splice_reconstructed_lora__evo2_1b_base__20260515T200437Z,2,2,0.02592732012271881,0.004003356676548719,0.9700693488121033
gue_splice_reconstructed_lora__evo2_1b_base__20260515T200437Z,2,2,0.012283630669116974,0.015711002051830292,0.972005307674408
gue_splice_reconstructed_lora__evo2_1b_base__20260515T200437Z,0,0,0.9942771792411804,2.6023239115602337e-05,0.005696811713278294
gue_splice_reconstructed_lora__evo2_1b_base__20260515T200437Z,2,0,0.97691410779953,5.498155587702058e-05,0.023030977696180344
gue_splice_reconstructed_lora__evo2_1b_base__20260515T200437Z,2,2,0.0026393088046461344,0.004882959183305502,0.9924777150154114
gue_splice_reconstructed_lora__evo2_1b_base__20260515T200437Z,2,2,0.00405080197378993,0.005718127358704805,0.9902310967445374
gue_splice_reconstructed_lora__evo2_1b_base__20260515T200437Z,1,2,0.0022388973738998175,0.005750823300331831,0.9920103549957275
gue_splice_reconstructed_lora__evo2_1b_base__20260515T200437Z,2,2,0.0023514521308243275,0.00347861647605896,0.9941699504852295
gue_splice_reconstructed_lora__evo2_1b_base__20260515T200437Z,2,2,0.005614420399069786,0.00583807285875082,0.9885475635528564
gue_splice_reconstructed_lora__evo2_1b_base__20260515T200437Z,1,1,5.484854045789689e-05,0.9937719702720642,0.006173148285597563
gue_splice_reconstructed_lora__evo2_1b_base__20260515T200437Z,0,0,0.9898826479911804,3.3790693123592064e-05,0.010083661414682865
gue_splice_reconstructed_lora__evo2_1b_base__20260515T200437Z,1,1,0.00017970493354368955,0.9587134122848511,0.04110698774456978
gue_splice_reconstructed_lora__evo2_1b_base__20260515T200437Z,2,2,0.0070105139166116714,0.004053413402289152,0.9889361262321472
gue_splice_reconstructed_lora__evo2_1b_base__20260515T200437Z,1,1,8.332458673976362e-05,0.9862348437309265,0.013681745156645775
gue_splice_reconstructed_lora__evo2_1b_base__20260515T200437Z,0,0,0.9918310046195984,2.477045745763462e-05,0.008144205436110497
gue_splice_reconstructed_lora__evo2_1b_base__20260515T200437Z,2,2,0.00292542134411633,0.0022760967258363962,0.9947984218597412
gue_splice_reconstructed_lora__evo2_1b_base__20260515T200437Z,2,2,0.0031194142065942287,0.0032979773823171854,0.993582546710968
gue_splice_reconstructed_lora__evo2_1b_base__20260515T200437Z,2,2,0.0019531217403709888,0.003933872561901808,0.994113028049469
gue_splice_reconstructed_lora__evo2_1b_base__20260515T200437Z,0,0,0.9902273416519165,3.640668364823796e-05,0.009736329317092896
gue_splice_reconstructed_lora__evo2_1b_base__20260515T200437Z,1,1,7.227080641314387e-05,0.9884148836135864,0.011512872762978077
gue_splice_reconstructed_lora__evo2_1b_base__20260515T200437Z,2,2,0.0023410858120769262,0.003997907508164644,0.9936609268188477
gue_splice_reconstructed_lora__evo2_1b_base__20260515T200437Z,2,2,0.10232746601104736,0.0024041624274104834,0.8952683210372925
gue_splice_reconstructed_lora__evo2_1b_base__20260515T200437Z,1,1,0.00018063615425489843,0.9826884865760803,0.017130903899669647
gue_splice_reconstructed_lora__evo2_1b_base__20260515T200437Z,2,2,0.027972619980573654,0.00105351023375988,0.9709738492965698
gue_splice_reconstructed_lora__evo2_1b_base__20260515T200437Z,2,2,0.005260353442281485,0.021236173808574677,0.9735034108161926
gue_splice_reconstructed_lora__evo2_1b_base__20260515T200437Z,2,2,0.0017998014809563756,0.0038101801183074713,0.994390070438385
gue_splice_reconstructed_lora__evo2_1b_base__20260515T200437Z,2,2,0.017018361017107964,0.005407616030424833,0.9775740504264832
gue_splice_reconstructed_lora__evo2_1b_base__20260515T200437Z,1,1,0.00029630365315824747,0.9476089477539062,0.05209469050168991
gue_splice_reconstructed_lora__evo2_1b_base__20260515T200437Z,2,2,0.0031060115434229374,0.005646273028105497,0.9912477135658264
gue_splice_reconstructed_lora__evo2_1b_base__20260515T200437Z,2,2,0.0020721934270113707,0.005174003541469574,0.992753803730011
gue_splice_reconstructed_lora__evo2_1b_base__20260515T200437Z,2,2,0.0020927360747009516,0.0011693417327478528,0.9967378973960876
gue_splice_reconstructed_lora__evo2_1b_base__20260515T200437Z,2,2,0.009900628589093685,0.005526697263121605,0.9845726490020752
gue_splice_reconstructed_lora__evo2_1b_base__20260515T200437Z,2,2,0.01659799925982952,0.003065827302634716,0.9803361296653748
gue_splice_reconstructed_lora__evo2_1b_base__20260515T200437Z,2,2,0.004910015035420656,0.0019741624128073454,0.9931158423423767
gue_splice_reconstructed_lora__evo2_1b_base__20260515T200437Z,0,0,0.9908594489097595,3.9544309402117506e-05,0.009101025760173798
gue_splice_reconstructed_lora__evo2_1b_base__20260515T200437Z,2,2,0.002282338449731469,0.006019035819917917,0.9916986227035522
gue_splice_reconstructed_lora__evo2_1b_base__20260515T200437Z,2,2,0.019322752952575684,0.0021115366835147142,0.9785657525062561
gue_splice_reconstructed_lora__evo2_1b_base__20260515T200437Z,0,0,0.9810386300086975,4.778346192324534e-05,0.01891360431909561
gue_splice_reconstructed_lora__evo2_1b_base__20260515T200437Z,0,0,0.9926939010620117,2.9556469598901458e-05,0.007276506163179874
gue_splice_reconstructed_lora__evo2_1b_base__20260515T200437Z,2,2,0.1735668033361435,0.0016204994171857834,0.824812650680542
gue_splice_reconstructed_lora__evo2_1b_base__20260515T200437Z,1,1,0.0002006046852329746,0.9744392037391663,0.025360187515616417
gue_splice_reconstructed_lora__evo2_1b_base__20260515T200437Z,2,2,0.002832672791555524,0.0033311916049569845,0.9938361048698425
gue_splice_reconstructed_lora__evo2_1b_base__20260515T200437Z,0,0,0.9889466166496277,4.5783643145114183e-05,0.011007681488990784
gue_splice_reconstructed_lora__evo2_1b_base__20260515T200437Z,2,2,0.008212120272219181,0.00285471067763865,0.9889332056045532
gue_splice_reconstructed_lora__evo2_1b_base__20260515T200437Z,0,0,0.9897980690002441,2.7576803404372185e-05,0.01017429307103157
gue_splice_reconstructed_lora__evo2_1b_base__20260515T200437Z,0,0,0.9892184138298035,3.901887248503044e-05,0.010742523707449436
gue_splice_reconstructed_lora__evo2_1b_base__20260515T200437Z,0,0,0.992717981338501,2.3109254470909946e-05,0.007258940022438765
gue_splice_reconstructed_lora__evo2_1b_base__20260515T200437Z,0,0,0.990496039390564,2.2967637050896883e-05,0.009480908513069153
gue_splice_reconstructed_lora__evo2_1b_base__20260515T200437Z,0,0,0.9841881990432739,1.9983061065431684e-05,0.01579183340072632
gue_splice_reconstructed_lora__evo2_1b_base__20260515T200437Z,2,2,0.0045346361584961414,0.010502239689230919,0.9849631190299988
gue_splice_reconstructed_lora__evo2_1b_base__20260515T200437Z,2,2,0.006502923555672169,0.00934233795851469,0.9841547012329102
gue_splice_reconstructed_lora__evo2_1b_base__20260515T200437Z,0,0,0.9850847125053406,5.228622103459202e-05,0.014863075688481331
gue_splice_reconstructed_lora__evo2_1b_base__20260515T200437Z,2,2,0.0037949371617287397,0.004825441632419825,0.9913796186447144
gue_splice_reconstructed_lora__evo2_1b_base__20260515T200437Z,2,2,0.002711821347475052,0.0031091186683624983,0.9941791296005249
gue_splice_reconstructed_lora__evo2_1b_base__20260515T200437Z,2,2,0.0025324574671685696,0.005298752803355455,0.9921688437461853
gue_splice_reconstructed_lora__evo2_1b_base__20260515T200437Z,2,2,0.004374612122774124,0.0037018239963799715,0.9919235110282898
gue_splice_reconstructed_lora__evo2_1b_base__20260515T200437Z,2,2,0.492353230714798,0.0006558013265021145,0.5069909691810608
gue_splice_reconstructed_lora__evo2_1b_base__20260515T200437Z,2,2,0.0033530571963638067,0.004072302021086216,0.9925746917724609
gue_splice_reconstructed_lora__evo2_1b_base__20260515T200437Z,2,2,0.0022547438275069,0.00455026188865304,0.9931949377059937
gue_splice_reconstructed_lora__evo2_1b_base__20260515T200437Z,0,0,0.9913671612739563,3.491561074042693e-05,0.008597972802817822
gue_splice_reconstructed_lora__evo2_1b_base__20260515T200437Z,2,2,0.0718209370970726,0.0020063058473169804,0.9261727929115295
gue_splice_reconstructed_lora__evo2_1b_base__20260515T200437Z,2,2,0.029232796281576157,0.0021189097315073013,0.968648374080658
gue_splice_reconstructed_lora__evo2_1b_base__20260515T200437Z,2,2,0.022046176716685295,0.005560554563999176,0.9723932147026062
gue_splice_reconstructed_lora__evo2_1b_base__20260515T200437Z,2,2,0.02565077692270279,0.00568169541656971,0.9686675667762756
gue_splice_reconstructed_lora__evo2_1b_base__20260515T200437Z,2,2,0.00275512901134789,0.0047884113155305386,0.9924564361572266
gue_splice_reconstructed_lora__evo2_1b_base__20260515T200437Z,0,0,0.9916763305664062,3.230173388146795e-05,0.008291386067867279
gue_splice_reconstructed_lora__evo2_1b_base__20260515T200437Z,2,0,0.9335004687309265,0.00012002647417830303,0.06637939810752869
gue_splice_reconstructed_lora__evo2_1b_base__20260515T200437Z,1,1,5.698175300494768e-05,0.992871105670929,0.007071996107697487
gue_splice_reconstructed_lora__evo2_1b_base__20260515T200437Z,2,2,0.025736892595887184,0.003055129200220108,0.9712079763412476
gue_splice_reconstructed_lora__evo2_1b_base__20260515T200437Z,2,2,0.0027446728199720383,0.002755414927378297,0.994499921798706
gue_splice_reconstructed_lora__evo2_1b_base__20260515T200437Z,2,2,0.0026253254618495703,0.0043538655154407024,0.9930208325386047
gue_splice_reconstructed_lora__evo2_1b_base__20260515T200437Z,2,2,0.00535146240144968,0.0013784015318378806,0.9932700991630554
gue_splice_reconstructed_lora__evo2_1b_base__20260515T200437Z,2,2,0.009766072034835815,0.0027843976859003305,0.9874495267868042
gue_splice_reconstructed_lora__evo2_1b_base__20260515T200437Z,2,2,0.012701358646154404,0.0021591968834400177,0.9851394295692444
gue_splice_reconstructed_lora__evo2_1b_base__20260515T200437Z,2,2,0.013116463087499142,0.0051717134192585945,0.9817118644714355
gue_splice_reconstructed_lora__evo2_1b_base__20260515T200437Z,2,2,0.017660977318882942,0.003375597530975938,0.9789633750915527
gue_splice_reconstructed_lora__evo2_1b_base__20260515T200437Z,0,0,0.9510879516601562,5.698030145140365e-05,0.04885499179363251
gue_splice_reconstructed_lora__evo2_1b_base__20260515T200437Z,2,2,0.005156571511179209,0.0015619514742866158,0.9932814836502075
gue_splice_reconstructed_lora__evo2_1b_base__20260515T200437Z,0,0,0.9869375824928284,2.9731460017501377e-05,0.013032657094299793
gue_splice_reconstructed_lora__evo2_1b_base__20260515T200437Z,0,0,0.9905011653900146,3.861430013785139e-05,0.0094601484015584
gue_splice_reconstructed_lora__evo2_1b_base__20260515T200437Z,0,0,0.9933506846427917,2.6100749892066233e-05,0.00662324670702219
gue_splice_reconstructed_lora__evo2_1b_base__20260515T200437Z,1,1,8.201017044484615e-05,0.9898223876953125,0.010095672681927681
gue_splice_reconstructed_lora__evo2_1b_base__20260515T200437Z,2,2,0.001511362032033503,0.002988142194226384,0.9955005049705505
gue_splice_reconstructed_lora__evo2_1b_base__20260515T200437Z,2,2,0.0019713498186320066,0.0024462074507027864,0.9955824017524719
gue_splice_reconstructed_lora__evo2_1b_base__20260515T200437Z,2,2,0.002864779205992818,0.004714006558060646,0.9924212098121643
gue_splice_reconstructed_lora__evo2_1b_base__20260515T200437Z,2,2,0.0019704627338796854,0.0028951417189091444,0.9951344132423401
gue_splice_reconstructed_lora__evo2_1b_base__20260515T200437Z,0,0,0.9910420179367065,3.3436135709052905e-05,0.008924461901187897
gue_splice_reconstructed_lora__evo2_1b_base__20260515T200437Z,2,2,0.3257032632827759,0.0020696776919066906,0.6722270250320435
gue_splice_reconstructed_lora__evo2_1b_base__20260515T200437Z,1,2,0.008083151653409004,0.013749903999269009,0.978166937828064
gue_splice_reconstructed_lora__evo2_1b_base__20260515T200437Z,2,2,0.0018960246816277504,0.0043612876906991005,0.9937426447868347
gue_splice_reconstructed_lora__evo2_1b_base__20260515T200437Z,2,2,0.3383033871650696,0.0051268418319523335,0.65656977891922
gue_splice_reconstructed_lora__evo2_1b_base__20260515T200437Z,2,2,0.006731056142598391,0.003999719861894846,0.9892691969871521
gue_splice_reconstructed_lora__evo2_1b_base__20260515T200437Z,1,1,0.0001937318011187017,0.9862163066864014,0.013589940033853054
gue_splice_reconstructed_lora__evo2_1b_base__20260515T200437Z,2,2,0.013879960402846336,0.002070135436952114,0.9840498566627502
gue_splice_reconstructed_lora__evo2_1b_base__20260515T200437Z,1,1,4.60828268842306e-05,0.9954090714454651,0.004544844850897789
gue_splice_reconstructed_lora__evo2_1b_base__20260515T200437Z,2,2,0.0028137031476944685,0.002263083355501294,0.9949232935905457
gue_splice_reconstructed_lora__evo2_1b_base__20260515T200437Z,2,2,0.007124226074665785,0.015960896387696266,0.9769148826599121
gue_splice_reconstructed_lora__evo2_1b_base__20260515T200437Z,2,2,0.013420653529465199,0.003930503036826849,0.9826488494873047
gue_splice_reconstructed_lora__evo2_1b_base__20260515T200437Z,1,1,4.693395385402255e-05,0.9941853880882263,0.005767654627561569
gue_splice_reconstructed_lora__evo2_1b_base__20260515T200437Z,0,0,0.9862079620361328,4.373658521217294e-05,0.013748339377343655
gue_splice_reconstructed_lora__evo2_1b_base__20260515T200437Z,1,2,0.0022343590389937162,0.17220419645309448,0.8255615234375
gue_splice_reconstructed_lora__evo2_1b_base__20260515T200437Z,0,0,0.98943030834198,3.525816646288149e-05,0.010534429922699928
gue_splice_reconstructed_lora__evo2_1b_base__20260515T200437Z,2,2,0.0018898457055911422,0.005669652484357357,0.9924404621124268
gue_splice_reconstructed_lora__evo2_1b_base__20260515T200437Z,0,0,0.9549376964569092,9.286250860895962e-05,0.04496939107775688
gue_splice_reconstructed_lora__evo2_1b_base__20260515T200437Z,2,2,0.005719468463212252,0.0009111588005907834,0.9933694005012512
gue_splice_reconstructed_lora__evo2_1b_base__20260515T200437Z,2,2,0.04667755961418152,0.00530593004077673,0.9480165839195251
gue_splice_reconstructed_lora__evo2_1b_base__20260515T200437Z,2,2,0.01545395515859127,0.013387350365519524,0.9711587429046631
gue_splice_reconstructed_lora__evo2_1b_base__20260515T200437Z,1,1,8.617927960585803e-05,0.9847862124443054,0.015127606689929962
gue_splice_reconstructed_lora__evo2_1b_base__20260515T200437Z,2,2,0.008373452350497246,0.0037338847760111094,0.9878926873207092
gue_splice_reconstructed_lora__evo2_1b_base__20260515T200437Z,2,2,0.0025599217042326927,0.00425785593688488,0.9931822419166565
gue_splice_reconstructed_lora__evo2_1b_base__20260515T200437Z,1,1,5.6454413424944505e-05,0.9952778816223145,0.004665658809244633
gue_splice_reconstructed_lora__evo2_1b_base__20260515T200437Z,2,2,0.008935458026826382,0.002669842913746834,0.9883947372436523
gue_splice_reconstructed_lora__evo2_1b_base__20260515T200437Z,0,2,0.01359538920223713,0.0008761546923778951,0.9855284094810486
gue_splice_reconstructed_lora__evo2_1b_base__20260515T200437Z,0,0,0.9835317134857178,4.227592216921039e-05,0.01642598956823349
gue_splice_reconstructed_lora__evo2_1b_base__20260515T200437Z,2,2,0.0075690001249313354,0.0020551527850329876,0.990375816822052
gue_splice_reconstructed_lora__evo2_1b_base__20260515T200437Z,2,2,0.007769913412630558,0.005882246419787407,0.9863477945327759
gue_splice_reconstructed_lora__evo2_1b_base__20260515T200437Z,2,2,0.4194764792919159,0.0032341727055609226,0.5772892832756042
gue_splice_reconstructed_lora__evo2_1b_base__20260515T200437Z,2,2,0.00434727082028985,0.004136059898883104,0.9915167093276978
gue_splice_reconstructed_lora__evo2_1b_base__20260515T200437Z,1,1,5.635345951304771e-05,0.9934980869293213,0.006445552688091993
gue_splice_reconstructed_lora__evo2_1b_base__20260515T200437Z,2,2,0.0028298047836869955,0.003370335791260004,0.9937998652458191
gue_splice_reconstructed_lora__evo2_1b_base__20260515T200437Z,0,0,0.9639638066291809,2.0834733732044697e-05,0.03601532056927681
gue_splice_reconstructed_lora__evo2_1b_base__20260515T200437Z,0,0,0.9898056983947754,4.221450581098907e-05,0.010152039118111134
gue_splice_reconstructed_lora__evo2_1b_base__20260515T200437Z,2,2,0.025830354541540146,0.0020490384194999933,0.9721206426620483
gue_splice_reconstructed_lora__evo2_1b_base__20260515T200437Z,2,2,0.004347261972725391,0.008003649301826954,0.9876490235328674
gue_splice_reconstructed_lora__evo2_1b_base__20260515T200437Z,2,2,0.0065214261412620544,0.002660751808434725,0.9908177852630615
gue_splice_reconstructed_lora__evo2_1b_base__20260515T200437Z,0,0,0.994536280632019,2.1748895960627124e-05,0.005442000459879637
gue_splice_reconstructed_lora__evo2_1b_base__20260515T200437Z,2,2,0.002059775637462735,0.003395996056497097,0.994544267654419
gue_splice_reconstructed_lora__evo2_1b_base__20260515T200437Z,2,2,0.0026631916407495737,0.005610514432191849,0.991726279258728
gue_splice_reconstructed_lora__evo2_1b_base__20260515T200437Z,1,1,0.0003872728848364204,0.8886074423789978,0.11100524663925171
gue_splice_reconstructed_lora__evo2_1b_base__20260515T200437Z,2,0,0.9873249530792236,4.464972880668938e-05,0.012630474753677845
gue_splice_reconstructed_lora__evo2_1b_base__20260515T200437Z,0,0,0.9893862009048462,4.634391734725796e-05,0.010567446239292622
gue_splice_reconstructed_lora__evo2_1b_base__20260515T200437Z,0,0,0.9064083695411682,0.00036108747008256614,0.09323058277368546
gue_splice_reconstructed_lora__evo2_1b_base__20260515T200437Z,2,2,0.01472585927695036,0.0021090670488774776,0.9831650257110596
gue_splice_reconstructed_lora__evo2_1b_base__20260515T200437Z,1,2,0.005062422715127468,0.14356902241706848,0.8513686060905457
gue_splice_reconstructed_lora__evo2_1b_base__20260515T200437Z,2,2,0.013418719172477722,0.006469885352998972,0.9801114201545715
gue_splice_reconstructed_lora__evo2_1b_base__20260515T200437Z,0,0,0.9780437350273132,7.23554621799849e-05,0.02188386581838131
gue_splice_reconstructed_lora__evo2_1b_base__20260515T200437Z,2,2,0.0024708739947527647,0.004593715071678162,0.9929353594779968
gue_splice_reconstructed_lora__evo2_1b_base__20260515T200437Z,0,0,0.9904491305351257,3.3285854442510754e-05,0.009517565369606018
gue_splice_reconstructed_lora__evo2_1b_base__20260515T200437Z,1,1,7.175234350143e-05,0.9890206456184387,0.01090751588344574
gue_splice_reconstructed_lora__evo2_1b_base__20260515T200437Z,2,2,0.009758378379046917,0.005495377350598574,0.9847462177276611
gue_splice_reconstructed_lora__evo2_1b_base__20260515T200437Z,2,2,0.005428726319223642,0.0025819384027272463,0.9919893145561218
gue_splice_reconstructed_lora__evo2_1b_base__20260515T200437Z,2,2,0.0011416656197980046,0.0026337953750044107,0.9962245225906372
gue_splice_reconstructed_lora__evo2_1b_base__20260515T200437Z,0,0,0.9919999837875366,3.333797576487996e-05,0.007966618984937668
gue_splice_reconstructed_lora__evo2_1b_base__20260515T200437Z,2,2,0.0031720467377454042,0.009885765612125397,0.9869421720504761
gue_splice_reconstructed_lora__evo2_1b_base__20260515T200437Z,2,2,0.0015535072889178991,0.004729390610009432,0.9937170743942261
gue_splice_reconstructed_lora__evo2_1b_base__20260515T200437Z,2,2,0.007256162818521261,0.0074065071530640125,0.9853373169898987
gue_splice_reconstructed_lora__evo2_1b_base__20260515T200437Z,2,2,0.002638774923980236,0.007020471151918173,0.9903407692909241
gue_splice_reconstructed_lora__evo2_1b_base__20260515T200437Z,0,0,0.8324058055877686,0.0002875429345294833,0.1673065721988678
gue_splice_reconstructed_lora__evo2_1b_base__20260515T200437Z,2,2,0.0028419739101082087,0.002975456416606903,0.9941825270652771
gue_splice_reconstructed_lora__evo2_1b_base__20260515T200437Z,2,2,0.05346222221851349,0.0024764640256762505,0.9440613389015198
gue_splice_reconstructed_lora__evo2_1b_base__20260515T200437Z,2,2,0.010912141762673855,0.015403620898723602,0.9736842513084412
gue_splice_reconstructed_lora__evo2_1b_base__20260515T200437Z,0,0,0.986478865146637,4.823649942409247e-05,0.013472962193191051
gue_splice_reconstructed_lora__evo2_1b_base__20260515T200437Z,1,1,0.00010240578558295965,0.989271879196167,0.010625723749399185
gue_splice_reconstructed_lora__evo2_1b_base__20260515T200437Z,0,0,0.9927432537078857,2.5881796318572015e-05,0.007230823393911123
gue_splice_reconstructed_lora__evo2_1b_base__20260515T200437Z,0,0,0.9842599034309387,4.701310899690725e-05,0.015693051740527153
gue_splice_reconstructed_lora__evo2_1b_base__20260515T200437Z,1,1,0.00010391981049906462,0.984480619430542,0.015415537171065807
gue_splice_reconstructed_lora__evo2_1b_base__20260515T200437Z,1,1,0.00010571709572104737,0.9859802722930908,0.01391398161649704
gue_splice_reconstructed_lora__evo2_1b_base__20260515T200437Z,2,2,0.002978038275614381,0.006823457777500153,0.9901984930038452
gue_splice_reconstructed_lora__evo2_1b_base__20260515T200437Z,2,2,0.0036132861860096455,0.008126777596771717,0.9882599115371704
gue_splice_reconstructed_lora__evo2_1b_base__20260515T200437Z,2,2,0.11650992929935455,0.011592512018978596,0.8718975186347961
gue_splice_reconstructed_lora__evo2_1b_base__20260515T200437Z,0,0,0.993190586566925,1.857764982560184e-05,0.006790815852582455
gue_splice_reconstructed_lora__evo2_1b_base__20260515T200437Z,1,1,0.00016164738917723298,0.9772019982337952,0.02263634093105793
gue_splice_reconstructed_lora__evo2_1b_base__20260515T200437Z,1,1,3.7449437513714656e-05,0.9949937462806702,0.004968787543475628
gue_splice_reconstructed_lora__evo2_1b_base__20260515T200437Z,2,2,0.004076291341334581,0.003346523270010948,0.9925771355628967
gue_splice_reconstructed_lora__evo2_1b_base__20260515T200437Z,2,2,0.003384931944310665,0.0024026213213801384,0.9942124485969543
gue_splice_reconstructed_lora__evo2_1b_base__20260515T200437Z,2,2,0.006141383666545153,0.016956904903054237,0.9769017100334167
gue_splice_reconstructed_lora__evo2_1b_base__20260515T200437Z,2,2,0.0037283783312886953,0.00500729214400053,0.9912643432617188
gue_splice_reconstructed_lora__evo2_1b_base__20260515T200437Z,2,2,0.0026459398213773966,0.004324242938309908,0.993029773235321
gue_splice_reconstructed_lora__evo2_1b_base__20260515T200437Z,2,2,0.001779549173079431,0.0034301707055419683,0.9947903156280518
gue_splice_reconstructed_lora__evo2_1b_base__20260515T200437Z,2,2,0.002875282894819975,0.006883987691253424,0.9902406930923462
gue_splice_reconstructed_lora__evo2_1b_base__20260515T200437Z,2,2,0.0017413677414879203,0.0036721033975481987,0.9945864677429199
gue_splice_reconstructed_lora__evo2_1b_base__20260515T200437Z,2,2,0.0032624625600874424,0.005177883431315422,0.9915596842765808
gue_splice_reconstructed_lora__evo2_1b_base__20260515T200437Z,0,0,0.9719433784484863,2.3162199795478955e-05,0.02803346887230873
gue_splice_reconstructed_lora__evo2_1b_base__20260515T200437Z,1,1,9.980496542993933e-05,0.9908742904663086,0.009025928564369678
gue_splice_reconstructed_lora__evo2_1b_base__20260515T200437Z,1,1,3.9218513848027214e-05,0.9942798614501953,0.005680854897946119
gue_splice_reconstructed_lora__evo2_1b_base__20260515T200437Z,2,2,0.002416313625872135,0.0035467518027871847,0.9940369129180908
gue_splice_reconstructed_lora__evo2_1b_base__20260515T200437Z,2,2,0.004617086611688137,0.006128603592514992,0.9892542362213135
gue_splice_reconstructed_lora__evo2_1b_base__20260515T200437Z,1,1,0.0008780075586400926,0.7197358012199402,0.2793862223625183
gue_splice_reconstructed_lora__evo2_1b_base__20260515T200437Z,0,0,0.9925004839897156,2.6385814635432325e-05,0.007473111618310213
gue_splice_reconstructed_lora__evo2_1b_base__20260515T200437Z,0,2,0.02356247417628765,0.0015601962804794312,0.9748773574829102
gue_splice_reconstructed_lora__evo2_1b_base__20260515T200437Z,2,2,0.0018009579507634044,0.003170053707435727,0.9950290322303772
gue_splice_reconstructed_lora__evo2_1b_base__20260515T200437Z,1,1,0.00014622003072872758,0.978431761264801,0.021421989426016808
gue_splice_reconstructed_lora__evo2_1b_base__20260515T200437Z,2,2,0.08376231789588928,0.0010799437295645475,0.9151577949523926
gue_splice_reconstructed_lora__evo2_1b_base__20260515T200437Z,0,0,0.9897124767303467,3.9344540709862486e-05,0.010248199105262756
gue_splice_reconstructed_lora__evo2_1b_base__20260515T200437Z,0,0,0.9805206656455994,9.914865222526714e-05,0.019380271434783936
gue_splice_reconstructed_lora__evo2_1b_base__20260515T200437Z,1,1,0.0001348000660073012,0.9791280627250671,0.020737137645483017
gue_splice_reconstructed_lora__evo2_1b_base__20260515T200437Z,2,2,0.00953210610896349,0.010540780611336231,0.9799270629882812
gue_splice_reconstructed_lora__evo2_1b_base__20260515T200437Z,1,1,0.00012896911357529461,0.9817312955856323,0.01813976652920246
gue_splice_reconstructed_lora__evo2_1b_base__20260515T200437Z,2,2,0.0034828318748623133,0.005023146979510784,0.9914940595626831
gue_splice_reconstructed_lora__evo2_1b_base__20260515T200437Z,2,2,0.003599470714107156,0.375495970249176,0.6209045648574829
gue_splice_reconstructed_lora__evo2_1b_base__20260515T200437Z,2,2,0.007746960502117872,0.0030396843794733286,0.9892132878303528
gue_splice_reconstructed_lora__evo2_1b_base__20260515T200437Z,2,2,0.00294511578977108,0.004322946537286043,0.9927319884300232
gue_splice_reconstructed_lora__evo2_1b_base__20260515T200437Z,2,2,0.0018418030813336372,0.00219147140160203,0.9959666728973389
gue_splice_reconstructed_lora__evo2_1b_base__20260515T200437Z,0,0,0.9934059381484985,2.911910996772349e-05,0.006564853712916374
gue_splice_reconstructed_lora__evo2_1b_base__20260515T200437Z,2,2,0.00413972232490778,0.0034656296484172344,0.9923946857452393
gue_splice_reconstructed_lora__evo2_1b_base__20260515T200437Z,2,2,0.0028149629943072796,0.003758469130843878,0.9934265613555908
gue_splice_reconstructed_lora__evo2_1b_base__20260515T200437Z,2,2,0.0022098287008702755,0.0032404998783022165,0.9945496916770935
gue_splice_reconstructed_lora__evo2_1b_base__20260515T200437Z,1,1,6.227918493095785e-05,0.9919306635856628,0.008007009513676167
gue_splice_reconstructed_lora__evo2_1b_base__20260515T200437Z,2,1,0.002049074275419116,0.7841919660568237,0.21375899016857147
gue_splice_reconstructed_lora__evo2_1b_base__20260515T200437Z,2,2,0.003312380751594901,0.0026563790161162615,0.9940312504768372
gue_splice_reconstructed_lora__evo2_1b_base__20260515T200437Z,0,0,0.9790769815444946,3.9689402910880744e-05,0.020883386954665184
gue_splice_reconstructed_lora__evo2_1b_base__20260515T200437Z,2,2,0.3118942975997925,0.004867147654294968,0.6832385063171387
gue_splice_reconstructed_lora__evo2_1b_base__20260515T200437Z,0,0,0.6087242960929871,0.0807490274310112,0.31052666902542114
gue_splice_reconstructed_lora__evo2_1b_base__20260515T200437Z,0,0,0.9914473295211792,3.3449807233409956e-05,0.008519263938069344
gue_splice_reconstructed_lora__evo2_1b_base__20260515T200437Z,1,1,5.363685704651289e-05,0.9948641657829285,0.005082232877612114
gue_splice_reconstructed_lora__evo2_1b_base__20260515T200437Z,2,2,0.009498820640146732,0.004413049668073654,0.9860880970954895
gue_splice_reconstructed_lora__evo2_1b_base__20260515T200437Z,2,1,0.0010653234785422683,0.7382586002349854,0.2606760561466217
gue_splice_reconstructed_lora__evo2_1b_base__20260515T200437Z,2,2,0.009724872186779976,0.0021784051787108183,0.9880967140197754
gue_splice_reconstructed_lora__evo2_1b_base__20260515T200437Z,2,2,0.03715575858950615,0.001978398999199271,0.96086585521698
gue_splice_reconstructed_lora__evo2_1b_base__20260515T200437Z,2,2,0.049359142780303955,0.0023232584353536367,0.9483175873756409
gue_splice_reconstructed_lora__evo2_1b_base__20260515T200437Z,1,1,2.8043450583936647e-05,0.9948205947875977,0.005151339340955019
gue_splice_reconstructed_lora__evo2_1b_base__20260515T200437Z,2,2,0.012536859139800072,0.005060405470430851,0.9824026823043823
gue_splice_reconstructed_lora__evo2_1b_base__20260515T200437Z,2,2,0.0024876748211681843,0.003665789496153593,0.9938464760780334
gue_splice_reconstructed_lora__evo2_1b_base__20260515T200437Z,0,0,0.9820832014083862,6.932721589691937e-05,0.01784750074148178
gue_splice_reconstructed_lora__evo2_1b_base__20260515T200437Z,2,2,0.00567755987867713,0.0053387852385640144,0.988983690738678
gue_splice_reconstructed_lora__evo2_1b_base__20260515T200437Z,1,1,7.208625174826011e-05,0.9936231970787048,0.00630472507327795
gue_splice_reconstructed_lora__evo2_1b_base__20260515T200437Z,0,0,0.9917991161346436,4.39845425717067e-05,0.00815687607973814
gue_splice_reconstructed_lora__evo2_1b_base__20260515T200437Z,2,2,0.00535511365160346,0.0065038083121180534,0.9881410598754883
gue_splice_reconstructed_lora__evo2_1b_base__20260515T200437Z,0,0,0.9885483980178833,4.630467446986586e-05,0.011405314318835735
gue_splice_reconstructed_lora__evo2_1b_base__20260515T200437Z,0,0,0.9911503791809082,3.463631583144888e-05,0.008814994245767593
gue_splice_reconstructed_lora__evo2_1b_base__20260515T200437Z,2,2,0.0016659415559843183,0.0031093505676835775,0.9952247142791748
gue_splice_reconstructed_lora__evo2_1b_base__20260515T200437Z,0,0,0.9923513531684875,2.5570165234967135e-05,0.007623082492500544
gue_splice_reconstructed_lora__evo2_1b_base__20260515T200437Z,0,0,0.9833583235740662,8.983256702776998e-05,0.016551900655031204
gue_splice_reconstructed_lora__evo2_1b_base__20260515T200437Z,0,0,0.9864686727523804,5.195221820031293e-05,0.013479402288794518
gue_splice_reconstructed_lora__evo2_1b_base__20260515T200437Z,2,2,0.10618685185909271,0.005589358042925596,0.8882238268852234
gue_splice_reconstructed_lora__evo2_1b_base__20260515T200437Z,0,0,0.986860454082489,4.410877590999007e-05,0.013095426373183727
gue_splice_reconstructed_lora__evo2_1b_base__20260515T200437Z,2,2,0.007771928794682026,0.11472465097904205,0.8775033950805664
gue_splice_reconstructed_lora__evo2_1b_base__20260515T200437Z,1,1,3.867690247716382e-05,0.9959900975227356,0.0039712428115308285
gue_splice_reconstructed_lora__evo2_1b_base__20260515T200437Z,2,2,0.016469253227114677,0.0017324596410617232,0.9817982316017151
gue_splice_reconstructed_lora__evo2_1b_base__20260515T200437Z,2,2,0.007760671898722649,0.004174320492893457,0.9880650639533997
gue_splice_reconstructed_lora__evo2_1b_base__20260515T200437Z,2,2,0.008788445964455605,0.005696455482393503,0.9855151176452637
gue_splice_reconstructed_lora__evo2_1b_base__20260515T200437Z,0,0,0.9751653075218201,9.783975110622123e-05,0.024736763909459114
gue_splice_reconstructed_lora__evo2_1b_base__20260515T200437Z,2,2,0.0014581141294911504,0.0018040507566183805,0.9967377781867981
gue_splice_reconstructed_lora__evo2_1b_base__20260515T200437Z,2,2,0.002497346606105566,0.0027108441572636366,0.9947918057441711
gue_splice_reconstructed_lora__evo2_1b_base__20260515T200437Z,2,2,0.0019573457539081573,0.005663767457008362,0.992378830909729
gue_splice_reconstructed_lora__evo2_1b_base__20260515T200437Z,2,2,0.004126535262912512,0.0056734513491392136,0.9901999831199646
gue_splice_reconstructed_lora__evo2_1b_base__20260515T200437Z,2,2,0.008851967751979828,0.037468891590833664,0.9536792039871216
gue_splice_reconstructed_lora__evo2_1b_base__20260515T200437Z,2,2,0.011808663606643677,0.004133104346692562,0.9840582013130188
gue_splice_reconstructed_lora__evo2_1b_base__20260515T200437Z,1,1,0.00012839536066167057,0.9773638248443604,0.022507820278406143
gue_splice_reconstructed_lora__evo2_1b_base__20260515T200437Z,1,1,8.437845099251717e-05,0.9909364581108093,0.00897923856973648
gue_splice_reconstructed_lora__evo2_1b_base__20260515T200437Z,1,1,4.265535608283244e-05,0.9962431192398071,0.0037143155932426453
gue_splice_reconstructed_lora__evo2_1b_base__20260515T200437Z,0,0,0.9746769666671753,6.167586252558976e-05,0.02526131272315979
gue_splice_reconstructed_lora__evo2_1b_base__20260515T200437Z,0,0,0.9946224689483643,1.6100793800433166e-05,0.005361365154385567
gue_splice_reconstructed_lora__evo2_1b_base__20260515T200437Z,2,2,0.010767665691673756,0.0037321236450225115,0.985500156879425
gue_splice_reconstructed_lora__evo2_1b_base__20260515T200437Z,2,2,0.0023001967929303646,0.004080571234226227,0.9936192631721497
gue_splice_reconstructed_lora__evo2_1b_base__20260515T200437Z,1,1,5.3052124712849036e-05,0.9956177473068237,0.004329166375100613
gue_splice_reconstructed_lora__evo2_1b_base__20260515T200437Z,0,0,0.9875002503395081,3.864798054564744e-05,0.012461179867386818
gue_splice_reconstructed_lora__evo2_1b_base__20260515T200437Z,1,1,8.123320003505796e-05,0.9958844780921936,0.004034338053315878
gue_splice_reconstructed_lora__evo2_1b_base__20260515T200437Z,2,2,0.0010131606832146645,0.004977222066372633,0.9940096139907837
gue_splice_reconstructed_lora__evo2_1b_base__20260515T200437Z,2,2,0.01372291799634695,0.002373069990426302,0.9839040040969849
gue_splice_reconstructed_lora__evo2_1b_base__20260515T200437Z,2,2,0.0021269626449793577,0.0015126675134524703,0.9963603615760803
gue_splice_reconstructed_lora__evo2_1b_base__20260515T200437Z,2,2,0.1180039793252945,0.00771321589127183,0.8742827773094177
gue_splice_reconstructed_lora__evo2_1b_base__20260515T200437Z,0,0,0.9937054514884949,1.3812891666020732e-05,0.006280665751546621
gue_splice_reconstructed_lora__evo2_1b_base__20260515T200437Z,1,2,0.0024933444801717997,0.005278410855680704,0.9922282099723816
gue_splice_reconstructed_lora__evo2_1b_base__20260515T200437Z,1,1,4.8959864216158167e-05,0.9934804439544678,0.006470664869993925
gue_splice_reconstructed_lora__evo2_1b_base__20260515T200437Z,2,2,0.01620086096227169,0.003270577872171998,0.9805285334587097
gue_splice_reconstructed_lora__evo2_1b_base__20260515T200437Z,2,2,0.014460285194218159,0.0020250321831554174,0.983514666557312
gue_splice_reconstructed_lora__evo2_1b_base__20260515T200437Z,2,0,0.9871680736541748,4.2102015868294984e-05,0.012789811007678509
gue_splice_reconstructed_lora__evo2_1b_base__20260515T200437Z,2,2,0.019658178091049194,0.004044826608151197,0.9762969613075256
gue_splice_reconstructed_lora__evo2_1b_base__20260515T200437Z,0,0,0.9906089305877686,3.329122409923002e-05,0.009357801638543606
gue_splice_reconstructed_lora__evo2_1b_base__20260515T200437Z,2,2,0.0027886026073247194,0.004399959929287434,0.992811381816864
gue_splice_reconstructed_lora__evo2_1b_base__20260515T200437Z,1,1,3.819651101366617e-05,0.9952137470245361,0.004748091567307711
gue_splice_reconstructed_lora__evo2_1b_base__20260515T200437Z,2,2,0.003281390992924571,0.003294234164059162,0.9934244155883789
gue_splice_reconstructed_lora__evo2_1b_base__20260515T200437Z,1,1,0.0009629969717934728,0.6952881217002869,0.3037489056587219
gue_splice_reconstructed_lora__evo2_1b_base__20260515T200437Z,2,2,0.011040272191166878,0.0019166390411555767,0.9870431423187256
gue_splice_reconstructed_lora__evo2_1b_base__20260515T200437Z,2,2,0.011906548403203487,0.00647980161011219,0.9816136360168457
gue_splice_reconstructed_lora__evo2_1b_base__20260515T200437Z,2,2,0.0020099575631320477,0.00448549073189497,0.993504524230957
gue_splice_reconstructed_lora__evo2_1b_base__20260515T200437Z,2,0,0.9891370534896851,3.978517634095624e-05,0.010823246091604233
gue_splice_reconstructed_lora__evo2_1b_base__20260515T200437Z,2,0,0.9913111925125122,8.342693763552234e-05,0.008605360984802246
gue_splice_reconstructed_lora__evo2_1b_base__20260515T200437Z,0,0,0.9890534281730652,3.4027187211904675e-05,0.010912537574768066
gue_splice_reconstructed_lora__evo2_1b_base__20260515T200437Z,2,2,0.001768535585142672,0.003788122907280922,0.9944433569908142
gue_splice_reconstructed_lora__evo2_1b_base__20260515T200437Z,2,2,0.017798567190766335,0.01043262891471386,0.971768856048584
gue_splice_reconstructed_lora__evo2_1b_base__20260515T200437Z,1,1,6.350321928039193e-05,0.9918633699417114,0.008073202334344387
gue_splice_reconstructed_lora__evo2_1b_base__20260515T200437Z,2,2,0.0028224748093634844,0.00595188420265913,0.9912256598472595
gue_splice_reconstructed_lora__evo2_1b_base__20260515T200437Z,0,0,0.9917351007461548,9.43769009609241e-06,0.008255518041551113
gue_splice_reconstructed_lora__evo2_1b_base__20260515T200437Z,2,2,0.0022854567505419254,0.0027193534187972546,0.9949951171875
gue_splice_reconstructed_lora__evo2_1b_base__20260515T200437Z,0,0,0.9935091137886047,2.630965900607407e-05,0.006464535370469093
gue_splice_reconstructed_lora__evo2_1b_base__20260515T200437Z,2,2,0.0024777152575552464,0.0018376887310296297,0.9956846237182617
gue_splice_reconstructed_lora__evo2_1b_base__20260515T200437Z,0,0,0.9909988641738892,1.1420098417147528e-05,0.008989674970507622
gue_splice_reconstructed_lora__evo2_1b_base__20260515T200437Z,2,2,0.07252417504787445,0.0022272453643381596,0.9252485632896423
gue_splice_reconstructed_lora__evo2_1b_base__20260515T200437Z,2,2,0.0027682711370289326,0.0029583433642983437,0.9942733645439148
gue_splice_reconstructed_lora__evo2_1b_base__20260515T200437Z,1,1,0.0002800081856548786,0.9644855260848999,0.03523445874452591
gue_splice_reconstructed_lora__evo2_1b_base__20260515T200437Z,1,1,0.0021180377807468176,0.8233494758605957,0.17453253269195557
gue_splice_reconstructed_lora__evo2_1b_base__20260515T200437Z,0,0,0.9895608425140381,2.610293449833989e-05,0.010413073003292084
gue_splice_reconstructed_lora__evo2_1b_base__20260515T200437Z,0,0,0.9855243563652039,4.933261516271159e-05,0.014426297508180141
gue_splice_reconstructed_lora__evo2_1b_base__20260515T200437Z,0,0,0.995868980884552,1.562498255225364e-05,0.0041153510101139545
gue_splice_reconstructed_lora__evo2_1b_base__20260515T200437Z,0,0,0.9907813668251038,3.35581717081368e-05,0.009185128845274448
gue_splice_reconstructed_lora__evo2_1b_base__20260515T200437Z,2,2,0.02302592247724533,0.001942003844305873,0.9750320315361023
gue_splice_reconstructed_lora__evo2_1b_base__20260515T200437Z,2,2,0.0038693726528435946,0.006790960673242807,0.9893396496772766
gue_splice_reconstructed_lora__evo2_1b_base__20260515T200437Z,1,1,0.00010153573384741321,0.988559901714325,0.011338467709720135
gue_splice_reconstructed_lora__evo2_1b_base__20260515T200437Z,1,1,8.558698755223304e-05,0.9856885671615601,0.014225827530026436
gue_splice_reconstructed_lora__evo2_1b_base__20260515T200437Z,2,2,0.0044249785132706165,0.004888447467237711,0.9906865954399109
gue_splice_reconstructed_lora__evo2_1b_base__20260515T200437Z,2,2,0.0021232578437775373,0.00422260258346796,0.9936541318893433
gue_splice_reconstructed_lora__evo2_1b_base__20260515T200437Z,0,0,0.9882205724716187,4.4690230424748734e-05,0.01173476967960596
gue_splice_reconstructed_lora__evo2_1b_base__20260515T200437Z,2,2,0.01361662894487381,0.0029233130626380444,0.983460009098053
gue_splice_reconstructed_lora__evo2_1b_base__20260515T200437Z,2,2,0.002945593325421214,0.0012484613107517362,0.9958059787750244
gue_splice_reconstructed_lora__evo2_1b_base__20260515T200437Z,2,2,0.0023110986221581697,0.005192904733121395,0.9924960136413574
gue_splice_reconstructed_lora__evo2_1b_base__20260515T200437Z,2,2,0.013648592866957188,0.0025063117500394583,0.9838451147079468
gue_splice_reconstructed_lora__evo2_1b_base__20260515T200437Z,2,2,0.0018048244528472424,0.0029756526928395033,0.9952195286750793
gue_splice_reconstructed_lora__evo2_1b_base__20260515T200437Z,2,2,0.004850675817579031,0.005374455358833075,0.9897748231887817
gue_splice_reconstructed_lora__evo2_1b_base__20260515T200437Z,2,2,0.0048619904555380344,0.004022866487503052,0.9911150932312012
gue_splice_reconstructed_lora__evo2_1b_base__20260515T200437Z,2,2,0.0037612575106322765,0.002075136173516512,0.9941635727882385
gue_splice_reconstructed_lora__evo2_1b_base__20260515T200437Z,2,2,0.0011420880910009146,0.002264668932184577,0.996593177318573
gue_splice_reconstructed_lora__evo2_1b_base__20260515T200437Z,0,0,0.9817186594009399,6.187926192069426e-05,0.018219424411654472
gue_splice_reconstructed_lora__evo2_1b_base__20260515T200437Z,2,2,0.011589599773287773,0.003558873664587736,0.9848515391349792
gue_splice_reconstructed_lora__evo2_1b_base__20260515T200437Z,0,0,0.9927552342414856,2.787612538668327e-05,0.007216802332550287
gue_splice_reconstructed_lora__evo2_1b_base__20260515T200437Z,2,2,0.04578752443194389,0.00477265752851963,0.9494397640228271
gue_splice_reconstructed_lora__evo2_1b_base__20260515T200437Z,0,0,0.9909616112709045,3.140779153909534e-05,0.009006911888718605
gue_splice_reconstructed_lora__evo2_1b_base__20260515T200437Z,2,2,0.012621358968317509,0.002210465259850025,0.9851682186126709
gue_splice_reconstructed_lora__evo2_1b_base__20260515T200437Z,2,2,0.005143540911376476,0.02229892835021019,0.9725574851036072
gue_splice_reconstructed_lora__evo2_1b_base__20260515T200437Z,0,0,0.9922309517860413,3.0599767342209816e-05,0.007738409098237753
gue_splice_reconstructed_lora__evo2_1b_base__20260515T200437Z,2,2,0.01009669341146946,0.005253463983535767,0.9846498370170593
gue_splice_reconstructed_lora__evo2_1b_base__20260515T200437Z,2,2,0.0022967227268964052,0.0036451490595936775,0.9940581321716309
gue_splice_reconstructed_lora__evo2_1b_base__20260515T200437Z,1,1,0.0005736187449656427,0.9667088389396667,0.03271752968430519
gue_splice_reconstructed_lora__evo2_1b_base__20260515T200437Z,0,0,0.9860664010047913,3.8742909964639693e-05,0.013894828036427498
gue_splice_reconstructed_lora__evo2_1b_base__20260515T200437Z,2,1,0.0003849180357065052,0.8936151266098022,0.10600002110004425
gue_splice_reconstructed_lora__evo2_1b_base__20260515T200437Z,1,1,7.998928049346432e-05,0.9883257150650024,0.011594335548579693
gue_splice_reconstructed_lora__evo2_1b_base__20260515T200437Z,0,0,0.9898632764816284,3.3527077903272584e-05,0.010103177279233932
gue_splice_reconstructed_lora__evo2_1b_base__20260515T200437Z,2,2,0.005959074478596449,0.026498885825276375,0.9675420522689819
gue_splice_reconstructed_lora__evo2_1b_base__20260515T200437Z,2,2,0.001373777282424271,0.004813721403479576,0.9938124418258667
gue_splice_reconstructed_lora__evo2_1b_base__20260515T200437Z,0,0,0.9920986890792847,3.256893978687003e-05,0.00786882359534502
gue_splice_reconstructed_lora__evo2_1b_base__20260515T200437Z,2,2,0.07309846580028534,0.003614564426243305,0.9232869744300842
gue_splice_reconstructed_lora__evo2_1b_base__20260515T200437Z,2,0,0.9831357598304749,2.2619558876613155e-05,0.01684161275625229
gue_splice_reconstructed_lora__evo2_1b_base__20260515T200437Z,2,2,0.0014065084978938103,0.00272971298545599,0.9958637952804565
gue_splice_reconstructed_lora__evo2_1b_base__20260515T200437Z,0,2,0.00501232361420989,0.003695855615660548,0.9912918210029602
gue_splice_reconstructed_lora__evo2_1b_base__20260515T200437Z,2,2,0.003975010011345148,0.003219061531126499,0.9928058981895447
gue_splice_reconstructed_lora__evo2_1b_base__20260515T200437Z,2,2,0.0027393933851271868,0.004673537332564592,0.9925870299339294
gue_splice_reconstructed_lora__evo2_1b_base__20260515T200437Z,0,0,0.9840536713600159,4.830623947782442e-05,0.015897979959845543
gue_splice_reconstructed_lora__evo2_1b_base__20260515T200437Z,2,2,0.0025429255329072475,0.0031309081241488457,0.9943261742591858
gue_splice_reconstructed_lora__evo2_1b_base__20260515T200437Z,2,0,0.7580208778381348,0.00017374815070070326,0.241805300116539
gue_splice_reconstructed_lora__evo2_1b_base__20260515T200437Z,0,0,0.7872720956802368,0.00021471209765877575,0.21251310408115387
gue_splice_reconstructed_lora__evo2_1b_base__20260515T200437Z,2,2,0.0027353602927178144,0.14119060337543488,0.8560740351676941
gue_splice_reconstructed_lora__evo2_1b_base__20260515T200437Z,2,2,0.004762545693665743,0.005245979409664869,0.9899915456771851
gue_splice_reconstructed_lora__evo2_1b_base__20260515T200437Z,1,1,0.0012938325526192784,0.6138300895690918,0.3848760426044464
gue_splice_reconstructed_lora__evo2_1b_base__20260515T200437Z,2,2,0.029018964618444443,0.0015215163584798574,0.9694594740867615
gue_splice_reconstructed_lora__evo2_1b_base__20260515T200437Z,1,1,8.588477066950873e-05,0.9891181588172913,0.010795988142490387
gue_splice_reconstructed_lora__evo2_1b_base__20260515T200437Z,0,0,0.9926592707633972,2.1792810002807528e-05,0.007319011725485325
gue_splice_reconstructed_lora__evo2_1b_base__20260515T200437Z,1,1,5.961746137472801e-05,0.9951062202453613,0.004834129475057125
gue_splice_reconstructed_lora__evo2_1b_base__20260515T200437Z,0,0,0.9824563264846802,5.174090983928181e-05,0.017491860315203667
gue_splice_reconstructed_lora__evo2_1b_base__20260515T200437Z,1,1,0.00015191211423370987,0.981404185295105,0.018444038927555084
gue_splice_reconstructed_lora__evo2_1b_base__20260515T200437Z,2,2,0.0017509948229417205,0.005946722812950611,0.9923022985458374
gue_splice_reconstructed_lora__evo2_1b_base__20260515T200437Z,0,0,0.983217716217041,6.221630610525608e-05,0.016720104962587357
gue_splice_reconstructed_lora__evo2_1b_base__20260515T200437Z,1,1,5.569687345996499e-05,0.9934972524642944,0.006447121035307646
gue_splice_reconstructed_lora__evo2_1b_base__20260515T200437Z,2,2,0.00922489631921053,0.004652178846299648,0.9861228466033936
gue_splice_reconstructed_lora__evo2_1b_base__20260515T200437Z,2,2,0.02309485524892807,0.02788492664694786,0.9490202069282532
gue_splice_reconstructed_lora__evo2_1b_base__20260515T200437Z,2,2,0.0029542087577283382,0.004162035416811705,0.9928838014602661
gue_splice_reconstructed_lora__evo2_1b_base__20260515T200437Z,1,1,0.0003125815710518509,0.9576226472854614,0.04206473380327225
gue_splice_reconstructed_lora__evo2_1b_base__20260515T200437Z,0,0,0.9870922565460205,4.999354132451117e-05,0.012857703492045403
gue_splice_reconstructed_lora__evo2_1b_base__20260515T200437Z,2,2,0.009096228517591953,0.002257606713101268,0.9886461496353149
gue_splice_reconstructed_lora__evo2_1b_base__20260515T200437Z,2,2,0.005600030533969402,0.0025915708392858505,0.9918083548545837
gue_splice_reconstructed_lora__evo2_1b_base__20260515T200437Z,2,2,0.0059729693457484245,0.007031008135527372,0.986996054649353
gue_splice_reconstructed_lora__evo2_1b_base__20260515T200437Z,0,0,0.9904562830924988,3.771808769670315e-05,0.00950602162629366
gue_splice_reconstructed_lora__evo2_1b_base__20260515T200437Z,2,2,0.005287234205752611,0.05371953547000885,0.9409931898117065
gue_splice_reconstructed_lora__evo2_1b_base__20260515T200437Z,0,0,0.9956360459327698,1.8334660126129165e-05,0.00434566056355834
gue_splice_reconstructed_lora__evo2_1b_base__20260515T200437Z,2,2,0.003569787135347724,0.005660110153257847,0.990770161151886
gue_splice_reconstructed_lora__evo2_1b_base__20260515T200437Z,0,2,0.24567240476608276,0.002758648945018649,0.7515689134597778
gue_splice_reconstructed_lora__evo2_1b_base__20260515T200437Z,2,1,0.0010879014153033495,0.8492951393127441,0.149617001414299
gue_splice_reconstructed_lora__evo2_1b_base__20260515T200437Z,2,2,0.010864205658435822,0.004463017452508211,0.9846728444099426
gue_splice_reconstructed_lora__evo2_1b_base__20260515T200437Z,2,2,0.0021276152692735195,0.0060610114596784115,0.9918113946914673
gue_splice_reconstructed_lora__evo2_1b_base__20260515T200437Z,2,2,0.0022070801351219416,0.004480247385799885,0.993312656879425
gue_splice_reconstructed_lora__evo2_1b_base__20260515T200437Z,1,1,0.0005926713929511607,0.8493428826332092,0.1500644087791443
gue_splice_reconstructed_lora__evo2_1b_base__20260515T200437Z,1,1,4.7156590881058946e-05,0.9950069189071655,0.0049458579160273075
gue_splice_reconstructed_lora__evo2_1b_base__20260515T200437Z,2,2,0.007879202254116535,0.0016196263022720814,0.9905011653900146
gue_splice_reconstructed_lora__evo2_1b_base__20260515T200437Z,2,0,0.9688219428062439,9.607087122276425e-05,0.031081965193152428
gue_splice_reconstructed_lora__evo2_1b_base__20260515T200437Z,0,0,0.9861950874328613,5.682013215846382e-05,0.013748160563409328
gue_splice_reconstructed_lora__evo2_1b_base__20260515T200437Z,1,1,4.5057357056066394e-05,0.9963387250900269,0.0036162405740469694
gue_splice_reconstructed_lora__evo2_1b_base__20260515T200437Z,2,2,0.004574605729430914,0.0056544020771980286,0.9897710084915161
gue_splice_reconstructed_lora__evo2_1b_base__20260515T200437Z,0,0,0.9923359751701355,2.617613790789619e-05,0.007637866772711277
gue_splice_reconstructed_lora__evo2_1b_base__20260515T200437Z,2,2,0.00652608135715127,0.015412543900310993,0.978061318397522
gue_splice_reconstructed_lora__evo2_1b_base__20260515T200437Z,1,1,7.28169979993254e-05,0.9920022487640381,0.00792492926120758
gue_splice_reconstructed_lora__evo2_1b_base__20260515T200437Z,1,1,7.538760837633163e-05,0.9876776337623596,0.0122469961643219
gue_splice_reconstructed_lora__evo2_1b_base__20260515T200437Z,1,1,4.476371032069437e-05,0.9937195777893066,0.006235682405531406
gue_splice_reconstructed_lora__evo2_1b_base__20260515T200437Z,2,2,0.0030424033757299185,0.004923861939460039,0.9920337796211243
gue_splice_reconstructed_lora__evo2_1b_base__20260515T200437Z,2,2,0.0038744176272302866,0.005495913326740265,0.9906296133995056
gue_splice_reconstructed_lora__evo2_1b_base__20260515T200437Z,1,1,4.083785097463988e-05,0.9956707954406738,0.004288370721042156
gue_splice_reconstructed_lora__evo2_1b_base__20260515T200437Z,2,2,0.025855829939246178,0.0017772119026631117,0.972366988658905
gue_splice_reconstructed_lora__evo2_1b_base__20260515T200437Z,2,2,0.0013617291115224361,0.0019297453109174967,0.9967085123062134
gue_splice_reconstructed_lora__evo2_1b_base__20260515T200437Z,2,2,0.0035473653115332127,0.0022438589949160814,0.994208812713623
gue_splice_reconstructed_lora__evo2_1b_base__20260515T200437Z,0,0,0.984237015247345,2.429442793072667e-05,0.015738729387521744
gue_splice_reconstructed_lora__evo2_1b_base__20260515T200437Z,0,0,0.9895668625831604,3.0044477171031758e-05,0.010402971878647804
gue_splice_reconstructed_lora__evo2_1b_base__20260515T200437Z,1,1,0.00010055508028017357,0.9866906404495239,0.013208756223320961
gue_splice_reconstructed_lora__evo2_1b_base__20260515T200437Z,2,2,0.005046714097261429,0.007524401880800724,0.9874288439750671
gue_splice_reconstructed_lora__evo2_1b_base__20260515T200437Z,1,1,0.00012703571701422334,0.9860867261886597,0.01378624513745308
gue_splice_reconstructed_lora__evo2_1b_base__20260515T200437Z,2,2,0.005750826559960842,0.013795515522360802,0.9804537296295166
gue_splice_reconstructed_lora__evo2_1b_base__20260515T200437Z,0,0,0.9945535659790039,1.693835474725347e-05,0.0054294876754283905
gue_splice_reconstructed_lora__evo2_1b_base__20260515T200437Z,0,0,0.9919237494468689,2.9998625905136578e-05,0.008046144619584084
gue_splice_reconstructed_lora__evo2_1b_base__20260515T200437Z,1,1,5.079293259768747e-05,0.9950714111328125,0.0048778243362903595
gue_splice_reconstructed_lora__evo2_1b_base__20260515T200437Z,0,0,0.9885289072990417,5.477269951370545e-05,0.011416231282055378
gue_splice_reconstructed_lora__evo2_1b_base__20260515T200437Z,2,2,0.0031074401922523975,0.0032502147369086742,0.9936423301696777
gue_splice_reconstructed_lora__evo2_1b_base__20260515T200437Z,1,1,7.117252243915573e-05,0.9848682284355164,0.01506068930029869
gue_splice_reconstructed_lora__evo2_1b_base__20260515T200437Z,2,2,0.054399747401475906,0.004009179770946503,0.9415910243988037
gue_splice_reconstructed_lora__evo2_1b_base__20260515T200437Z,0,0,0.9873524904251099,3.518412268022075e-05,0.012612337246537209
gue_splice_reconstructed_lora__evo2_1b_base__20260515T200437Z,2,2,0.010512218810617924,0.005512566771358252,0.9839751720428467
gue_splice_reconstructed_lora__evo2_1b_base__20260515T200437Z,1,1,5.659451926476322e-05,0.9938580393791199,0.00608539255335927
gue_splice_reconstructed_lora__evo2_1b_base__20260515T200437Z,2,2,0.0051236930303275585,0.007927984930574894,0.9869483709335327
gue_splice_reconstructed_lora__evo2_1b_base__20260515T200437Z,2,2,0.0024735669139772654,0.003508787602186203,0.9940176010131836
gue_splice_reconstructed_lora__evo2_1b_base__20260515T200437Z,0,0,0.9762727618217468,3.8658959965687245e-05,0.023688552901148796
gue_splice_reconstructed_lora__evo2_1b_base__20260515T200437Z,2,0,0.9881678223609924,4.348246511653997e-05,0.011788702569901943
gue_splice_reconstructed_lora__evo2_1b_base__20260515T200437Z,2,2,0.04388381540775299,0.0029175984673202038,0.9531986117362976
gue_splice_reconstructed_lora__evo2_1b_base__20260515T200437Z,1,1,0.00047191997873596847,0.885509729385376,0.1140182763338089
gue_splice_reconstructed_lora__evo2_1b_base__20260515T200437Z,2,2,0.001644969335757196,0.004075315780937672,0.9942797422409058
gue_splice_reconstructed_lora__evo2_1b_base__20260515T200437Z,2,2,0.0017393643502146006,0.0028761406429111958,0.9953845143318176
gue_splice_reconstructed_lora__evo2_1b_base__20260515T200437Z,2,2,0.0019218907691538334,0.002513972343876958,0.9955641031265259
gue_splice_reconstructed_lora__evo2_1b_base__20260515T200437Z,2,2,0.005247022025287151,0.005531146191060543,0.9892218112945557
gue_splice_reconstructed_lora__evo2_1b_base__20260515T200437Z,2,2,0.0021146959625184536,0.004364573862403631,0.9935206770896912
gue_splice_reconstructed_lora__evo2_1b_base__20260515T200437Z,0,0,0.9877626895904541,3.776273297262378e-05,0.012199555523693562
gue_splice_reconstructed_lora__evo2_1b_base__20260515T200437Z,0,0,0.9494650363922119,6.755031790817156e-05,0.050467438995838165
gue_splice_reconstructed_lora__evo2_1b_base__20260515T200437Z,2,2,0.004554799757897854,0.008996590040624142,0.9864485859870911
gue_splice_reconstructed_lora__evo2_1b_base__20260515T200437Z,2,2,0.34790608286857605,0.0008490031468681991,0.6512448787689209
gue_splice_reconstructed_lora__evo2_1b_base__20260515T200437Z,1,2,0.0020659673027694225,0.008163084276020527,0.9897710084915161
gue_splice_reconstructed_lora__evo2_1b_base__20260515T200437Z,0,0,0.9927985668182373,2.6497040380490944e-05,0.007174952421337366
gue_splice_reconstructed_lora__evo2_1b_base__20260515T200437Z,2,2,0.0022902125492691994,0.012260454706847668,0.9854493737220764
gue_splice_reconstructed_lora__evo2_1b_base__20260515T200437Z,2,2,0.009038252755999565,0.004772135987877846,0.9861896634101868
gue_splice_reconstructed_lora__evo2_1b_base__20260515T200437Z,2,2,0.0019593569450080395,0.0017274386482313275,0.9963131546974182
gue_splice_reconstructed_lora__evo2_1b_base__20260515T200437Z,2,2,0.004275249782949686,0.003342599608004093,0.9923821091651917
gue_splice_reconstructed_lora__evo2_1b_base__20260515T200437Z,2,2,0.005158497020602226,0.03832170367240906,0.9565198421478271
gue_splice_reconstructed_lora__evo2_1b_base__20260515T200437Z,1,1,4.130109664401971e-05,0.9952337145805359,0.004725058563053608
gue_splice_reconstructed_lora__evo2_1b_base__20260515T200437Z,2,2,0.0023774863220751286,0.004156351555138826,0.9934661984443665
gue_splice_reconstructed_lora__evo2_1b_base__20260515T200437Z,2,2,0.002770239021629095,0.005160348489880562,0.9920694828033447
gue_splice_reconstructed_lora__evo2_1b_base__20260515T200437Z,2,2,0.004691693931818008,0.003718691412359476,0.9915896058082581
gue_splice_reconstructed_lora__evo2_1b_base__20260515T200437Z,2,2,0.018297970294952393,0.0019898118916898966,0.9797122478485107
gue_splice_reconstructed_lora__evo2_1b_base__20260515T200437Z,0,0,0.9920909404754639,3.269615990575403e-05,0.007876450195908546
gue_splice_reconstructed_lora__evo2_1b_base__20260515T200437Z,2,2,0.0032453807070851326,0.004590148571878672,0.9921644926071167
gue_splice_reconstructed_lora__evo2_1b_base__20260515T200437Z,0,0,0.993028461933136,1.744923611113336e-05,0.006954115349799395
gue_splice_reconstructed_lora__evo2_1b_base__20260515T200437Z,2,2,0.0020981908310204744,0.0014892937615513802,0.9964125752449036
gue_splice_reconstructed_lora__evo2_1b_base__20260515T200437Z,0,0,0.9834989905357361,7.5657429988496e-05,0.016425441950559616
gue_splice_reconstructed_lora__evo2_1b_base__20260515T200437Z,0,0,0.9901376962661743,4.09294298151508e-05,0.0098213916644454
gue_splice_reconstructed_lora__evo2_1b_base__20260515T200437Z,2,2,0.0033301622606813908,0.42109760642051697,0.5755722522735596
gue_splice_reconstructed_lora__evo2_1b_base__20260515T200437Z,0,0,0.986902117729187,6.570261029992253e-05,0.013032189570367336
gue_splice_reconstructed_lora__evo2_1b_base__20260515T200437Z,2,2,0.0069284033961594105,0.003231460228562355,0.9898401498794556
gue_splice_reconstructed_lora__evo2_1b_base__20260515T200437Z,1,1,0.0003349819453433156,0.9235236048698425,0.07614131271839142
gue_splice_reconstructed_lora__evo2_1b_base__20260515T200437Z,2,2,0.0018808357417583466,0.0016909170662984252,0.9964283108711243
gue_splice_reconstructed_lora__evo2_1b_base__20260515T200437Z,0,0,0.9942264556884766,2.115566712745931e-05,0.005752423778176308
gue_splice_reconstructed_lora__evo2_1b_base__20260515T200437Z,2,2,0.004324419889599085,0.0016349655343219638,0.9940405488014221
gue_splice_reconstructed_lora__evo2_1b_base__20260515T200437Z,2,2,0.11669366806745529,0.005545136984437704,0.87776118516922
gue_splice_reconstructed_lora__evo2_1b_base__20260515T200437Z,2,2,0.013346083462238312,0.0037223962135612965,0.9829315543174744
gue_splice_reconstructed_lora__evo2_1b_base__20260515T200437Z,0,2,0.44530171155929565,0.000511310005094856,0.5541869401931763
gue_splice_reconstructed_lora__evo2_1b_base__20260515T200437Z,0,0,0.9889139533042908,4.368560985312797e-05,0.011042310856282711
gue_splice_reconstructed_lora__evo2_1b_base__20260515T200437Z,0,0,0.9838964939117432,5.2019557188032195e-05,0.016051432117819786
gue_splice_reconstructed_lora__evo2_1b_base__20260515T200437Z,2,2,0.0015841893618926406,0.006611322984099388,0.9918044805526733
gue_splice_reconstructed_lora__evo2_1b_base__20260515T200437Z,2,2,0.01223682425916195,0.0022902674973011017,0.9854729771614075
gue_splice_reconstructed_lora__evo2_1b_base__20260515T200437Z,0,0,0.9387088418006897,9.793380013434216e-05,0.06119323521852493
gue_splice_reconstructed_lora__evo2_1b_base__20260515T200437Z,2,2,0.00399831123650074,0.006114584393799305,0.9898870587348938
gue_splice_reconstructed_lora__evo2_1b_base__20260515T200437Z,2,2,0.0027925993781536818,0.0020016366615891457,0.9952057003974915
gue_splice_reconstructed_lora__evo2_1b_base__20260515T200437Z,2,2,0.008495423011481762,0.004760848358273506,0.986743688583374
gue_splice_reconstructed_lora__evo2_1b_base__20260515T200437Z,1,1,4.5963784941704944e-05,0.9928377270698547,0.007116356398910284
gue_splice_reconstructed_lora__evo2_1b_base__20260515T200437Z,0,0,0.9850431680679321,6.532318366225809e-05,0.014891506172716618
gue_splice_reconstructed_lora__evo2_1b_base__20260515T200437Z,0,0,0.9819548726081848,4.237333996570669e-05,0.0180027037858963
gue_splice_reconstructed_lora__evo2_1b_base__20260515T200437Z,2,1,0.0004291012592148036,0.9105910658836365,0.08897987753152847
gue_splice_reconstructed_lora__evo2_1b_base__20260515T200437Z,2,2,0.008074675686657429,0.0022999176289886236,0.9896253943443298
gue_splice_reconstructed_lora__evo2_1b_base__20260515T200437Z,1,1,8.953094948083162e-05,0.9838924407958984,0.016018088907003403
gue_splice_reconstructed_lora__evo2_1b_base__20260515T200437Z,2,2,0.006911469157785177,0.0027707545086741447,0.9903178215026855
gue_splice_reconstructed_lora__evo2_1b_base__20260515T200437Z,2,2,0.03452853858470917,0.006362236104905605,0.9591091871261597
gue_splice_reconstructed_lora__evo2_1b_base__20260515T200437Z,0,0,0.9916875958442688,2.0937428416800685e-05,0.008291480131447315
gue_splice_reconstructed_lora__evo2_1b_base__20260515T200437Z,1,1,3.507025758153759e-05,0.9957581162452698,0.004206821788102388
gue_splice_reconstructed_lora__evo2_1b_base__20260515T200437Z,2,2,0.0028882308397442102,0.004352717660367489,0.9927589893341064
gue_splice_reconstructed_lora__evo2_1b_base__20260515T200437Z,0,0,0.5278541445732117,0.0008252098923549056,0.4713206887245178
gue_splice_reconstructed_lora__evo2_1b_base__20260515T200437Z,2,2,0.012466134503483772,0.003972759936004877,0.9835611581802368
gue_splice_reconstructed_lora__evo2_1b_base__20260515T200437Z,1,1,5.427074938779697e-05,0.99489426612854,0.005051461048424244
gue_splice_reconstructed_lora__evo2_1b_base__20260515T200437Z,1,1,0.00020529159519355744,0.9496839642524719,0.05011070892214775
gue_splice_reconstructed_lora__evo2_1b_base__20260515T200437Z,2,2,0.00399645883589983,0.0056084576062858105,0.9903951287269592
gue_splice_reconstructed_lora__evo2_1b_base__20260515T200437Z,2,2,0.0028600592631846666,0.004416787996888161,0.9927231669425964
gue_splice_reconstructed_lora__evo2_1b_base__20260515T200437Z,2,2,0.013216339983046055,0.003855575807392597,0.9829280972480774
gue_splice_reconstructed_lora__evo2_1b_base__20260515T200437Z,2,2,0.00654299883171916,0.00420390022918582,0.9892531037330627
gue_splice_reconstructed_lora__evo2_1b_base__20260515T200437Z,2,2,0.012476414442062378,0.0031514521688222885,0.9843721985816956
gue_splice_reconstructed_lora__evo2_1b_base__20260515T200437Z,1,1,4.3024690967286006e-05,0.9931622743606567,0.006794767454266548
gue_splice_reconstructed_lora__evo2_1b_base__20260515T200437Z,2,2,0.00675206957384944,0.025769829750061035,0.9674780964851379
gue_splice_reconstructed_lora__evo2_1b_base__20260515T200437Z,2,2,0.022509628906846046,0.004333962686359882,0.9731563925743103
gue_splice_reconstructed_lora__evo2_1b_base__20260515T200437Z,1,1,0.00020539686374831945,0.9651339054107666,0.0346607081592083
gue_splice_reconstructed_lora__evo2_1b_base__20260515T200437Z,2,2,0.1220686286687851,0.005415954161435366,0.8725153803825378
gue_splice_reconstructed_lora__evo2_1b_base__20260515T200437Z,2,2,0.004426869098097086,0.00639717560261488,0.9891759753227234
gue_splice_reconstructed_lora__evo2_1b_base__20260515T200437Z,0,0,0.9904801249504089,3.4477950975997373e-05,0.00948538538068533
gue_splice_reconstructed_lora__evo2_1b_base__20260515T200437Z,2,2,0.0026529293972998857,0.0036367636639624834,0.9937102794647217
gue_splice_reconstructed_lora__evo2_1b_base__20260515T200437Z,2,2,0.07202000916004181,0.0012785082217305899,0.9267014265060425
gue_splice_reconstructed_lora__evo2_1b_base__20260515T200437Z,2,2,0.002759345108643174,0.0022942896466702223,0.9949464201927185
gue_splice_reconstructed_lora__evo2_1b_base__20260515T200437Z,2,2,0.002441100077703595,0.008894361555576324,0.9886645078659058
gue_splice_reconstructed_lora__evo2_1b_base__20260515T200437Z,2,2,0.00244763121008873,0.0013905382947996259,0.9961618185043335
gue_splice_reconstructed_lora__evo2_1b_base__20260515T200437Z,2,2,0.04550851136445999,0.002710158471018076,0.9517812728881836
gue_splice_reconstructed_lora__evo2_1b_base__20260515T200437Z,2,2,0.010554238222539425,0.019698666408658028,0.9697470664978027
gue_splice_reconstructed_lora__evo2_1b_base__20260515T200437Z,2,2,0.005382812116295099,0.003303325502201915,0.9913138747215271
gue_splice_reconstructed_lora__evo2_1b_base__20260515T200437Z,2,2,0.013095024041831493,0.002000357722863555,0.9849046468734741
gue_splice_reconstructed_lora__evo2_1b_base__20260515T200437Z,2,2,0.08279203623533249,0.00288181914947927,0.9143261909484863
gue_splice_reconstructed_lora__evo2_1b_base__20260515T200437Z,2,2,0.0017537863459438086,0.004361909348517656,0.993884265422821
gue_splice_reconstructed_lora__evo2_1b_base__20260515T200437Z,2,2,0.002351093105971813,0.0036307917907834053,0.9940180778503418
gue_splice_reconstructed_lora__evo2_1b_base__20260515T200437Z,0,0,0.9738987684249878,2.072312418022193e-05,0.026080559939146042
gue_splice_reconstructed_lora__evo2_1b_base__20260515T200437Z,0,0,0.9930016398429871,2.2230302420211956e-05,0.006976033095270395
gue_splice_reconstructed_lora__evo2_1b_base__20260515T200437Z,2,2,0.002803323557600379,0.006911242846399546,0.9902854561805725
gue_splice_reconstructed_lora__evo2_1b_base__20260515T200437Z,0,0,0.9906314611434937,4.2415089410496876e-05,0.009326084516942501
gue_splice_reconstructed_lora__evo2_1b_base__20260515T200437Z,2,2,0.004614050500094891,0.0038816272281110287,0.9915042519569397
gue_splice_reconstructed_lora__evo2_1b_base__20260515T200437Z,2,0,0.7798247933387756,0.00021560871391557157,0.21995967626571655
gue_splice_reconstructed_lora__evo2_1b_base__20260515T200437Z,0,0,0.9896237254142761,2.8447171644074842e-05,0.010347842238843441
gue_splice_reconstructed_lora__evo2_1b_base__20260515T200437Z,0,2,0.16738875210285187,0.0014215734554454684,0.8311896920204163
gue_splice_reconstructed_lora__evo2_1b_base__20260515T200437Z,1,1,7.389173697447404e-05,0.991037130355835,0.00888908188790083
gue_splice_reconstructed_lora__evo2_1b_base__20260515T200437Z,0,0,0.9880564212799072,4.628163151210174e-05,0.011897237971425056
gue_splice_reconstructed_lora__evo2_1b_base__20260515T200437Z,0,0,0.9917833805084229,3.2942381949396804e-05,0.008183675818145275
gue_splice_reconstructed_lora__evo2_1b_base__20260515T200437Z,0,0,0.9910556077957153,1.9810526282526553e-05,0.008924583904445171
gue_splice_reconstructed_lora__evo2_1b_base__20260515T200437Z,0,0,0.9884985089302063,4.3667259888025e-05,0.011457765474915504
gue_splice_reconstructed_lora__evo2_1b_base__20260515T200437Z,0,0,0.9816554188728333,4.616177102434449e-05,0.018298489972949028
gue_splice_reconstructed_lora__evo2_1b_base__20260515T200437Z,2,0,0.9884059429168701,5.0255999667569995e-05,0.011543728411197662
gue_splice_reconstructed_lora__evo2_1b_base__20260515T200437Z,1,1,3.669104626169428e-05,0.9940710663795471,0.005892232060432434
gue_splice_reconstructed_lora__evo2_1b_base__20260515T200437Z,2,2,0.006922445725649595,0.022269681096076965,0.9708078503608704
gue_splice_reconstructed_lora__evo2_1b_base__20260515T200437Z,0,0,0.9826299548149109,7.04581689205952e-05,0.017299573868513107
gue_splice_reconstructed_lora__evo2_1b_base__20260515T200437Z,1,1,5.5576932936673984e-05,0.9952378273010254,0.004706656560301781
gue_splice_reconstructed_lora__evo2_1b_base__20260515T200437Z,0,0,0.9853671789169312,6.019832653691992e-05,0.014572660438716412
gue_splice_reconstructed_lora__evo2_1b_base__20260515T200437Z,1,1,5.3689611377194524e-05,0.9958426356315613,0.004103704355657101
gue_splice_reconstructed_lora__evo2_1b_base__20260515T200437Z,2,2,0.0016694754594936967,0.0048829601146280766,0.9934476017951965
gue_splice_reconstructed_lora__evo2_1b_base__20260515T200437Z,2,2,0.1867039054632187,0.0007056746399030089,0.8125904202461243
gue_splice_reconstructed_lora__evo2_1b_base__20260515T200437Z,1,1,0.0003162643115501851,0.9263432621955872,0.07334043830633163
gue_splice_reconstructed_lora__evo2_1b_base__20260515T200437Z,1,2,0.00460127554833889,0.05283910408616066,0.9425595998764038
gue_splice_reconstructed_lora__evo2_1b_base__20260515T200437Z,2,2,0.005051957909017801,0.0035928853321820498,0.9913551211357117
gue_splice_reconstructed_lora__evo2_1b_base__20260515T200437Z,2,2,0.00358466524630785,0.010221738368272781,0.9861935973167419
gue_splice_reconstructed_lora__evo2_1b_base__20260515T200437Z,0,2,0.005826619919389486,0.005636334884911776,0.988537073135376
gue_splice_reconstructed_lora__evo2_1b_base__20260515T200437Z,1,2,0.01476182322949171,0.0063862912356853485,0.9788519144058228
gue_splice_reconstructed_lora__evo2_1b_base__20260515T200437Z,1,2,0.004753301851451397,0.027233421802520752,0.9680132269859314
gue_splice_reconstructed_lora__evo2_1b_base__20260515T200437Z,2,2,0.027112632989883423,0.004923132713884115,0.9679641723632812
gue_splice_reconstructed_lora__evo2_1b_base__20260515T200437Z,2,2,0.006495323497802019,0.007616082672029734,0.985888659954071
gue_splice_reconstructed_lora__evo2_1b_base__20260515T200437Z,2,0,0.9568836688995361,0.00013968722487334162,0.04297654330730438
gue_splice_reconstructed_lora__evo2_1b_base__20260515T200437Z,0,0,0.9939687252044678,1.903310294437688e-05,0.00601222924888134
gue_splice_reconstructed_lora__evo2_1b_base__20260515T200437Z,2,2,0.0029318106826394796,0.003983898553997278,0.9930843114852905
gue_splice_reconstructed_lora__evo2_1b_base__20260515T200437Z,2,2,0.003627416444942355,0.005216369871050119,0.9911562204360962
gue_splice_reconstructed_lora__evo2_1b_base__20260515T200437Z,2,2,0.0140043580904603,0.00613001175224781,0.9798656105995178
gue_splice_reconstructed_lora__evo2_1b_base__20260515T200437Z,2,2,0.0028298706747591496,0.002376019023358822,0.9947940707206726
gue_splice_reconstructed_lora__evo2_1b_base__20260515T200437Z,0,0,0.9849816560745239,5.500419865711592e-05,0.014963461086153984
gue_splice_reconstructed_lora__evo2_1b_base__20260515T200437Z,2,0,0.9893631339073181,5.169916767044924e-05,0.010585273616015911
gue_splice_reconstructed_lora__evo2_1b_base__20260515T200437Z,2,2,0.22905007004737854,0.0021136023569852114,0.7688363194465637
gue_splice_reconstructed_lora__evo2_1b_base__20260515T200437Z,1,1,0.0006957795703783631,0.8937988877296448,0.10550538450479507
gue_splice_reconstructed_lora__evo2_1b_base__20260515T200437Z,1,2,0.0024111559614539146,0.028651442378759384,0.968937337398529
gue_splice_reconstructed_lora__evo2_1b_base__20260515T200437Z,2,2,0.00325556518509984,0.005346593912690878,0.9913978576660156
gue_splice_reconstructed_lora__evo2_1b_base__20260515T200437Z,2,2,0.001752657350152731,0.003061026567593217,0.9951863884925842
gue_splice_reconstructed_lora__evo2_1b_base__20260515T200437Z,0,0,0.6504353880882263,0.0007309767534025013,0.3488336205482483
gue_splice_reconstructed_lora__evo2_1b_base__20260515T200437Z,2,2,0.003562689060345292,0.016289737075567245,0.9801476001739502
gue_splice_reconstructed_lora__evo2_1b_base__20260515T200437Z,2,2,0.004348314832895994,0.002927885390818119,0.9927237629890442
gue_splice_reconstructed_lora__evo2_1b_base__20260515T200437Z,0,0,0.9894084930419922,4.1869185224641114e-05,0.010549639351665974
gue_splice_reconstructed_lora__evo2_1b_base__20260515T200437Z,2,2,0.001857409835793078,0.0034973148722201586,0.9946452379226685
gue_splice_reconstructed_lora__evo2_1b_base__20260515T200437Z,2,2,0.003559472505003214,0.0036976528353989124,0.9927428960800171
gue_splice_reconstructed_lora__evo2_1b_base__20260515T200437Z,2,0,0.5173690915107727,0.0013309139758348465,0.4813000559806824
gue_splice_reconstructed_lora__evo2_1b_base__20260515T200437Z,2,2,0.16156774759292603,0.0033729372080415487,0.8350592851638794
gue_splice_reconstructed_lora__evo2_1b_base__20260515T200437Z,2,2,0.0021742889657616615,0.0038609777111560106,0.9939647316932678
gue_splice_reconstructed_lora__evo2_1b_base__20260515T200437Z,0,0,0.9868220090866089,5.4252614063443616e-05,0.01312372088432312
gue_splice_reconstructed_lora__evo2_1b_base__20260515T200437Z,1,1,0.00010526699043111876,0.9894825220108032,0.010412248782813549
gue_splice_reconstructed_lora__evo2_1b_base__20260515T200437Z,0,0,0.9955516457557678,1.898909431474749e-05,0.004429372493177652
gue_splice_reconstructed_lora__evo2_1b_base__20260515T200437Z,0,0,0.7789692282676697,0.00023700245947111398,0.22079384326934814
gue_splice_reconstructed_lora__evo2_1b_base__20260515T200437Z,2,2,0.013131245970726013,0.002129013417288661,0.9847397804260254
gue_splice_reconstructed_lora__evo2_1b_base__20260515T200437Z,0,0,0.991377592086792,3.687862408696674e-05,0.008585476316511631
gue_splice_reconstructed_lora__evo2_1b_base__20260515T200437Z,1,1,5.522409992408939e-05,0.9927899837493896,0.0071547748520970345
gue_splice_reconstructed_lora__evo2_1b_base__20260515T200437Z,2,0,0.5073978900909424,0.0008152191294357181,0.4917868673801422
gue_splice_reconstructed_lora__evo2_1b_base__20260515T200437Z,2,0,0.9787982106208801,7.829525566194206e-05,0.02112353965640068
gue_splice_reconstructed_lora__evo2_1b_base__20260515T200437Z,2,2,0.0023318794555962086,0.004040947649627924,0.9936271905899048
gue_splice_reconstructed_lora__evo2_1b_base__20260515T200437Z,2,1,0.002752766478806734,0.5761432647705078,0.42110398411750793
gue_splice_reconstructed_lora__evo2_1b_base__20260515T200437Z,2,2,0.0026815251912921667,0.0026580605190247297,0.9946604371070862
gue_splice_reconstructed_lora__evo2_1b_base__20260515T200437Z,1,1,8.751494897296652e-05,0.9845447540283203,0.015367691405117512
gue_splice_reconstructed_lora__evo2_1b_base__20260515T200437Z,0,0,0.9894312620162964,3.430716969887726e-05,0.010534439235925674
gue_splice_reconstructed_lora__evo2_1b_base__20260515T200437Z,0,0,0.9884287714958191,4.70281665911898e-05,0.011524282395839691
gue_splice_reconstructed_lora__evo2_1b_base__20260515T200437Z,2,2,0.027176853269338608,0.00634878920391202,0.9664743542671204
gue_splice_reconstructed_lora__evo2_1b_base__20260515T200437Z,2,2,0.4429008364677429,0.0004909850540570915,0.5566082000732422
gue_splice_reconstructed_lora__evo2_1b_base__20260515T200437Z,1,1,4.766397978528403e-05,0.9901208877563477,0.009831419214606285
gue_splice_reconstructed_lora__evo2_1b_base__20260515T200437Z,2,2,0.0069793774746358395,0.009437749162316322,0.9835827946662903
gue_splice_reconstructed_lora__evo2_1b_base__20260515T200437Z,0,0,0.9905815124511719,3.342059790156782e-05,0.009384999051690102
gue_splice_reconstructed_lora__evo2_1b_base__20260515T200437Z,0,0,0.9917718768119812,2.646963912411593e-05,0.008201582357287407
gue_splice_reconstructed_lora__evo2_1b_base__20260515T200437Z,1,1,8.592601079726592e-05,0.9895930290222168,0.010321028530597687
gue_splice_reconstructed_lora__evo2_1b_base__20260515T200437Z,0,0,0.976854145526886,8.253203122876585e-05,0.02306332252919674
gue_splice_reconstructed_lora__evo2_1b_base__20260515T200437Z,2,2,0.0051329052075743675,0.005178217310458422,0.9896888732910156
gue_splice_reconstructed_lora__evo2_1b_base__20260515T200437Z,2,2,0.020973093807697296,0.007674239110201597,0.9713526368141174
gue_splice_reconstructed_lora__evo2_1b_base__20260515T200437Z,2,2,0.0043506864458322525,0.006256462540477514,0.989392876625061
gue_splice_reconstructed_lora__evo2_1b_base__20260515T200437Z,2,2,0.27928873896598816,0.0005235878052189946,0.7201877236366272
gue_splice_reconstructed_lora__evo2_1b_base__20260515T200437Z,2,2,0.0019751074723899364,0.004433620721101761,0.99359130859375
gue_splice_reconstructed_lora__evo2_1b_base__20260515T200437Z,2,2,0.0017414996400475502,0.001652042381465435,0.9966064691543579
gue_splice_reconstructed_lora__evo2_1b_base__20260515T200437Z,2,2,0.0034208681900054216,0.0025471432600170374,0.9940319657325745
gue_splice_reconstructed_lora__evo2_1b_base__20260515T200437Z,0,0,0.9894960522651672,4.580907989293337e-05,0.010458248667418957
gue_splice_reconstructed_lora__evo2_1b_base__20260515T200437Z,2,2,0.005691252648830414,0.006804889068007469,0.9875038266181946
gue_splice_reconstructed_lora__evo2_1b_base__20260515T200437Z,2,2,0.00624114740639925,0.006787945982068777,0.9869709014892578
gue_splice_reconstructed_lora__evo2_1b_base__20260515T200437Z,0,0,0.9890516400337219,2.5090032067964785e-05,0.010923180729150772
gue_splice_reconstructed_lora__evo2_1b_base__20260515T200437Z,0,0,0.9906972646713257,3.953783379984088e-05,0.00926316436380148
gue_splice_reconstructed_lora__evo2_1b_base__20260515T200437Z,2,1,0.0006108865491114557,0.7816858887672424,0.2177032083272934
gue_splice_reconstructed_lora__evo2_1b_base__20260515T200437Z,2,2,0.010653737001121044,0.001815533614717424,0.9875307083129883
gue_splice_reconstructed_lora__evo2_1b_base__20260515T200437Z,1,1,0.00020005778060294688,0.9870859980583191,0.01271403394639492
gue_splice_reconstructed_lora__evo2_1b_base__20260515T200437Z,2,2,0.012619311921298504,0.0028531160205602646,0.984527587890625
gue_splice_reconstructed_lora__evo2_1b_base__20260515T200437Z,0,0,0.9545778632164001,2.853284058801364e-05,0.04539358615875244
gue_splice_reconstructed_lora__evo2_1b_base__20260515T200437Z,2,2,0.017497170716524124,0.005489622708410025,0.9770132303237915
gue_splice_reconstructed_lora__evo2_1b_base__20260515T200437Z,2,2,0.011006718501448631,0.03336117044091225,0.9556321501731873
gue_splice_reconstructed_lora__evo2_1b_base__20260515T200437Z,2,2,0.2165805846452713,0.001194547163322568,0.7822248935699463
gue_splice_reconstructed_lora__evo2_1b_base__20260515T200437Z,0,0,0.9861204028129578,6.513966945931315e-05,0.013814407400786877
gue_splice_reconstructed_lora__evo2_1b_base__20260515T200437Z,2,2,0.0022700661793351173,0.0036275554448366165,0.994102418422699
gue_splice_reconstructed_lora__evo2_1b_base__20260515T200437Z,0,0,0.9886355400085449,3.3095377148129046e-05,0.011331378482282162
gue_splice_reconstructed_lora__evo2_1b_base__20260515T200437Z,1,1,6.019106149324216e-05,0.9891043901443481,0.01083544734865427
gue_splice_reconstructed_lora__evo2_1b_base__20260515T200437Z,1,1,3.389225457794964e-05,0.9967436790466309,0.0032223749440163374
gue_splice_reconstructed_lora__evo2_1b_base__20260515T200437Z,2,2,0.0017928846646100283,0.001817565062083304,0.9963895678520203
gue_splice_reconstructed_lora__evo2_1b_base__20260515T200437Z,2,2,0.0032098200172185898,0.004899172578006983,0.9918910264968872
gue_splice_reconstructed_lora__evo2_1b_base__20260515T200437Z,1,1,4.070466457051225e-05,0.9963077306747437,0.003651614999398589
gue_splice_reconstructed_lora__evo2_1b_base__20260515T200437Z,2,2,0.29926797747612,0.003552833804860711,0.6971791982650757
gue_splice_reconstructed_lora__evo2_1b_base__20260515T200437Z,1,2,0.0065756686963140965,0.06401600688695908,0.9294083118438721
gue_splice_reconstructed_lora__evo2_1b_base__20260515T200437Z,0,0,0.9906054139137268,3.226684930268675e-05,0.009362339042127132
gue_splice_reconstructed_lora__evo2_1b_base__20260515T200437Z,0,0,0.9910534024238586,2.634734300954733e-05,0.008920206688344479
gue_splice_reconstructed_lora__evo2_1b_base__20260515T200437Z,0,2,0.027525343000888824,0.0012248303974047303,0.9712498188018799
gue_splice_reconstructed_lora__evo2_1b_base__20260515T200437Z,2,2,0.002241692738607526,0.0025676048826426268,0.9951907396316528
gue_splice_reconstructed_lora__evo2_1b_base__20260515T200437Z,0,0,0.9880025386810303,4.556161366053857e-05,0.011951901018619537
gue_splice_reconstructed_lora__evo2_1b_base__20260515T200437Z,2,2,0.018931681290268898,0.006733838003128767,0.9743345379829407
gue_splice_reconstructed_lora__evo2_1b_base__20260515T200437Z,2,2,0.0018027907935902476,0.00215555215254426,0.9960416555404663
gue_splice_reconstructed_lora__evo2_1b_base__20260515T200437Z,2,0,0.6672857403755188,0.00044257694389671087,0.33227163553237915
gue_splice_reconstructed_lora__evo2_1b_base__20260515T200437Z,1,1,0.00013499322813004255,0.9843686819076538,0.015496324747800827
gue_splice_reconstructed_lora__evo2_1b_base__20260515T200437Z,2,2,0.36737924814224243,0.010731588117778301,0.6218891739845276
gue_splice_reconstructed_lora__evo2_1b_base__20260515T200437Z,2,0,0.9871093034744263,5.469403913593851e-05,0.012835972011089325
gue_splice_reconstructed_lora__evo2_1b_base__20260515T200437Z,1,1,0.0001431917626177892,0.9847293496131897,0.015127424150705338
gue_splice_reconstructed_lora__evo2_1b_base__20260515T200437Z,2,2,0.029996776953339577,0.007208844181150198,0.9627943634986877
gue_splice_reconstructed_lora__evo2_1b_base__20260515T200437Z,0,0,0.9828369617462158,7.80065092840232e-05,0.017084937542676926
gue_splice_reconstructed_lora__evo2_1b_base__20260515T200437Z,2,2,0.0026717116124927998,0.0043706283904612064,0.9929577112197876
gue_splice_reconstructed_lora__evo2_1b_base__20260515T200437Z,2,2,0.002298276172950864,0.0029712871182709932,0.9947304725646973
gue_splice_reconstructed_lora__evo2_1b_base__20260515T200437Z,0,0,0.9807824492454529,2.9777771487715654e-05,0.01918768510222435
gue_splice_reconstructed_lora__evo2_1b_base__20260515T200437Z,2,2,0.05262254923582077,0.0028186689596623182,0.9445587992668152
gue_splice_reconstructed_lora__evo2_1b_base__20260515T200437Z,2,2,0.0026335460133850574,0.003179766470566392,0.9941866397857666
gue_splice_reconstructed_lora__evo2_1b_base__20260515T200437Z,2,2,0.00290152826346457,0.0036571454256772995,0.9934413433074951
gue_splice_reconstructed_lora__evo2_1b_base__20260515T200437Z,2,2,0.2541707456111908,0.0009653775487095118,0.7448638677597046
gue_splice_reconstructed_lora__evo2_1b_base__20260515T200437Z,2,2,0.002789523918181658,0.042117804288864136,0.95509272813797
gue_splice_reconstructed_lora__evo2_1b_base__20260515T200437Z,2,2,0.0027422478888183832,0.0036364379338920116,0.993621289730072
gue_splice_reconstructed_lora__evo2_1b_base__20260515T200437Z,1,2,0.003580299438908696,0.007572095841169357,0.9888476133346558
gue_splice_reconstructed_lora__evo2_1b_base__20260515T200437Z,2,2,0.0014014263870194554,0.004393246956169605,0.9942052960395813
gue_splice_reconstructed_lora__evo2_1b_base__20260515T200437Z,2,0,0.6564523577690125,0.0003136008745059371,0.3432340919971466
gue_splice_reconstructed_lora__evo2_1b_base__20260515T200437Z,2,0,0.9730957746505737,0.00010977074271067977,0.026794519275426865
gue_splice_reconstructed_lora__evo2_1b_base__20260515T200437Z,0,0,0.9823926687240601,7.38216913305223e-05,0.017533479258418083
gue_splice_reconstructed_lora__evo2_1b_base__20260515T200437Z,0,0,0.9960923790931702,1.637851346458774e-05,0.003891267813742161
gue_splice_reconstructed_lora__evo2_1b_base__20260515T200437Z,2,2,0.0036029149778187275,0.002274550264701247,0.9941225647926331
gue_splice_reconstructed_lora__evo2_1b_base__20260515T200437Z,0,0,0.9872888326644897,4.4127922592451796e-05,0.012667068280279636
gue_splice_reconstructed_lora__evo2_1b_base__20260515T200437Z,0,0,0.9881131052970886,4.116609488846734e-05,0.01184574794024229
gue_splice_reconstructed_lora__evo2_1b_base__20260515T200437Z,0,0,0.989391565322876,4.353631447884254e-05,0.010564924217760563
gue_splice_reconstructed_lora__evo2_1b_base__20260515T200437Z,2,2,0.07614438980817795,0.0016464920481666923,0.9222091436386108
gue_splice_reconstructed_lora__evo2_1b_base__20260515T200437Z,1,1,0.00011113148502772674,0.9813176989555359,0.01857118308544159
gue_splice_reconstructed_lora__evo2_1b_base__20260515T200437Z,2,2,0.009448228403925896,0.0015401231357827783,0.9890116453170776
gue_splice_reconstructed_lora__evo2_1b_base__20260515T200437Z,2,2,0.0028097867034375668,0.002681117272004485,0.9945091605186462
gue_splice_reconstructed_lora__evo2_1b_base__20260515T200437Z,0,0,0.9767668843269348,4.757539863931015e-05,0.02318545989692211
gue_splice_reconstructed_lora__evo2_1b_base__20260515T200437Z,1,1,0.0001234758092323318,0.9811827540397644,0.018693717196583748
gue_splice_reconstructed_lora__evo2_1b_base__20260515T200437Z,2,2,0.002290206030011177,0.0025926101952791214,0.9951171875
gue_splice_reconstructed_lora__evo2_1b_base__20260515T200437Z,2,1,0.0009642115328460932,0.9204692244529724,0.0785665512084961
gue_splice_reconstructed_lora__evo2_1b_base__20260515T200437Z,1,1,0.00030989444348961115,0.9076858162879944,0.09200433641672134
gue_splice_reconstructed_lora__evo2_1b_base__20260515T200437Z,2,2,0.05258120968937874,0.0018722738604992628,0.9455465078353882
gue_splice_reconstructed_lora__evo2_1b_base__20260515T200437Z,0,0,0.989389955997467,2.9573391657322645e-05,0.0105803944170475
gue_splice_reconstructed_lora__evo2_1b_base__20260515T200437Z,0,0,0.9866103529930115,4.585424903780222e-05,0.0133438091725111
gue_splice_reconstructed_lora__evo2_1b_base__20260515T200437Z,1,1,6.933753320481628e-05,0.9899331331253052,0.009997460059821606
gue_splice_reconstructed_lora__evo2_1b_base__20260515T200437Z,2,2,0.004474923014640808,0.002423488302156329,0.9931015968322754
gue_splice_reconstructed_lora__evo2_1b_base__20260515T200437Z,1,1,0.00022030650870874524,0.9820166230201721,0.01776302419602871
gue_splice_reconstructed_lora__evo2_1b_base__20260515T200437Z,1,1,4.3308456952217966e-05,0.995814859867096,0.0041418373584747314
gue_splice_reconstructed_lora__evo2_1b_base__20260515T200437Z,0,0,0.9936460256576538,2.130914435838349e-05,0.006332637742161751
gue_splice_reconstructed_lora__evo2_1b_base__20260515T200437Z,1,1,0.00012564798817038536,0.9868114590644836,0.01306284498423338
gue_splice_reconstructed_lora__evo2_1b_base__20260515T200437Z,1,1,6.360106635838747e-05,0.9933916330337524,0.006544755306094885
gue_splice_reconstructed_lora__evo2_1b_base__20260515T200437Z,2,2,0.006113002542406321,0.008114244788885117,0.9857727885246277
gue_splice_reconstructed_lora__evo2_1b_base__20260515T200437Z,0,0,0.9937968254089355,2.3868731659604236e-05,0.006179334130138159
gue_splice_reconstructed_lora__evo2_1b_base__20260515T200437Z,2,2,0.08653572201728821,0.003114580176770687,0.9103496670722961
gue_splice_reconstructed_lora__evo2_1b_base__20260515T200437Z,2,2,0.010646541602909565,0.003453052369877696,0.9859004616737366
gue_splice_reconstructed_lora__evo2_1b_base__20260515T200437Z,1,1,0.00011054712376790121,0.9838138818740845,0.01607557386159897
gue_splice_reconstructed_lora__evo2_1b_base__20260515T200437Z,1,1,9.553021664032713e-05,0.9900752902030945,0.009829167276620865
gue_splice_reconstructed_lora__evo2_1b_base__20260515T200437Z,2,2,0.006209630984812975,0.0031346192117780447,0.9906557202339172
gue_splice_reconstructed_lora__evo2_1b_base__20260515T200437Z,2,2,0.011253401637077332,0.0016267567407339811,0.9871199131011963
gue_splice_reconstructed_lora__evo2_1b_base__20260515T200437Z,2,2,0.00266365148127079,0.005438836291432381,0.991897463798523
gue_splice_reconstructed_lora__evo2_1b_base__20260515T200437Z,2,2,0.005875034257769585,0.00319732166826725,0.9909276962280273
gue_splice_reconstructed_lora__evo2_1b_base__20260515T200437Z,1,1,0.00012179138866486028,0.97538822889328,0.024490009993314743
gue_splice_reconstructed_lora__evo2_1b_base__20260515T200437Z,2,2,0.004120361525565386,0.0032914611510932446,0.992588222026825
gue_splice_reconstructed_lora__evo2_1b_base__20260515T200437Z,1,1,7.366018689936027e-05,0.9917982816696167,0.008128046058118343
gue_splice_reconstructed_lora__evo2_1b_base__20260515T200437Z,2,1,7.332069799304008e-05,0.9910911321640015,0.008835473097860813
gue_splice_reconstructed_lora__evo2_1b_base__20260515T200437Z,0,0,0.9897364377975464,4.254262239555828e-05,0.010220960713922977
gue_splice_reconstructed_lora__evo2_1b_base__20260515T200437Z,2,2,0.006420820485800505,0.006547459401190281,0.9870317578315735
gue_splice_reconstructed_lora__evo2_1b_base__20260515T200437Z,2,2,0.0023045511916279793,0.009942315518856049,0.98775315284729
gue_splice_reconstructed_lora__evo2_1b_base__20260515T200437Z,1,1,8.680020982865244e-05,0.9880146384239197,0.011898549273610115
gue_splice_reconstructed_lora__evo2_1b_base__20260515T200437Z,2,2,0.01103773433715105,0.0021460403222590685,0.9868162274360657
gue_splice_reconstructed_lora__evo2_1b_base__20260515T200437Z,2,2,0.04777481406927109,0.003706099698320031,0.9485191106796265
gue_splice_reconstructed_lora__evo2_1b_base__20260515T200437Z,1,1,4.6818287955829874e-05,0.9956166744232178,0.0043365671299397945
gue_splice_reconstructed_lora__evo2_1b_base__20260515T200437Z,1,1,0.00010188174928771332,0.9880616664886475,0.01183645986020565
gue_splice_reconstructed_lora__evo2_1b_base__20260515T200437Z,2,2,0.002207695972174406,0.0022600500378757715,0.9955322742462158
gue_splice_reconstructed_lora__evo2_1b_base__20260515T200437Z,2,2,0.002746803918853402,0.003923104610294104,0.9933300614356995
gue_splice_reconstructed_lora__evo2_1b_base__20260515T200437Z,1,1,4.409370376379229e-05,0.9942605495452881,0.005695325788110495
gue_splice_reconstructed_lora__evo2_1b_base__20260515T200437Z,1,1,5.673631312674843e-05,0.9963480830192566,0.003595147281885147
gue_splice_reconstructed_lora__evo2_1b_base__20260515T200437Z,0,0,0.9912245869636536,2.8382106393110007e-05,0.008747050538659096
gue_splice_reconstructed_lora__evo2_1b_base__20260515T200437Z,2,2,0.0019893597345799208,0.0030962626915425062,0.9949144124984741
gue_splice_reconstructed_lora__evo2_1b_base__20260515T200437Z,2,2,0.0017270566895604134,0.006063444074243307,0.9922094345092773
gue_splice_reconstructed_lora__evo2_1b_base__20260515T200437Z,2,2,0.004364492371678352,0.006006474606692791,0.9896289706230164
gue_splice_reconstructed_lora__evo2_1b_base__20260515T200437Z,2,2,0.00523401889950037,0.0021968302316963673,0.9925691485404968
gue_splice_reconstructed_lora__evo2_1b_base__20260515T200437Z,0,0,0.99030601978302,3.74188857676927e-05,0.009656612761318684
gue_splice_reconstructed_lora__evo2_1b_base__20260515T200437Z,0,2,0.015966130420565605,0.002973695984110236,0.9810601472854614
gue_splice_reconstructed_lora__evo2_1b_base__20260515T200437Z,0,0,0.9863603115081787,5.932477870373987e-05,0.013580314815044403
gue_splice_reconstructed_lora__evo2_1b_base__20260515T200437Z,2,0,0.9867355823516846,4.862746936851181e-05,0.01321580819785595
gue_splice_reconstructed_lora__evo2_1b_base__20260515T200437Z,2,2,0.004328083712607622,0.02383558265864849,0.971836268901825
gue_splice_reconstructed_lora__evo2_1b_base__20260515T200437Z,1,1,5.796361074317247e-05,0.9943209886550903,0.005621075164526701
gue_splice_reconstructed_lora__evo2_1b_base__20260515T200437Z,2,2,0.005106240510940552,0.006492825224995613,0.988400936126709
gue_splice_reconstructed_lora__evo2_1b_base__20260515T200437Z,2,2,0.002826930256560445,0.004382713697850704,0.9927903413772583
gue_splice_reconstructed_lora__evo2_1b_base__20260515T200437Z,1,1,7.781314343446866e-05,0.9880900382995605,0.011832104064524174
gue_splice_reconstructed_lora__evo2_1b_base__20260515T200437Z,2,0,0.682141900062561,0.0012516422430053353,0.31660646200180054
gue_splice_reconstructed_lora__evo2_1b_base__20260515T200437Z,0,0,0.990351140499115,3.4071832487825304e-05,0.00961470790207386
gue_splice_reconstructed_lora__evo2_1b_base__20260515T200437Z,2,2,0.002656112890690565,0.008253627456724644,0.9890902638435364
gue_splice_reconstructed_lora__evo2_1b_base__20260515T200437Z,2,2,0.0022982358932495117,0.0029886956326663494,0.9947130084037781
gue_splice_reconstructed_lora__evo2_1b_base__20260515T200437Z,2,1,0.0001002702847472392,0.9916129112243652,0.00828680768609047
gue_splice_reconstructed_lora__evo2_1b_base__20260515T200437Z,0,0,0.9906054139137268,3.226684930268675e-05,0.009362339042127132
gue_splice_reconstructed_lora__evo2_1b_base__20260515T200437Z,2,2,0.009678399190306664,0.0059860264882445335,0.9843355417251587
gue_splice_reconstructed_lora__evo2_1b_base__20260515T200437Z,1,1,0.00017189620120916516,0.9800201654434204,0.019807960838079453
gue_splice_reconstructed_lora__evo2_1b_base__20260515T200437Z,2,2,0.0032344385981559753,0.009875592775642872,0.9868899583816528
gue_splice_reconstructed_lora__evo2_1b_base__20260515T200437Z,2,2,0.004342507570981979,0.011013437993824482,0.9846440553665161
gue_splice_reconstructed_lora__evo2_1b_base__20260515T200437Z,0,0,0.9811583757400513,7.286996697075665e-05,0.018768705427646637
gue_splice_reconstructed_lora__evo2_1b_base__20260515T200437Z,2,2,0.0017353722359985113,0.0032231614459306,0.99504154920578
gue_splice_reconstructed_lora__evo2_1b_base__20260515T200437Z,2,2,0.004862172994762659,0.4493727385997772,0.5457651019096375
gue_splice_reconstructed_lora__evo2_1b_base__20260515T200437Z,2,2,0.002355006290599704,0.11380348354578018,0.8838415145874023
gue_splice_reconstructed_lora__evo2_1b_base__20260515T200437Z,1,1,9.762517584022135e-05,0.988349437713623,0.011552936397492886
gue_splice_reconstructed_lora__evo2_1b_base__20260515T200437Z,2,2,0.002076877513900399,0.004866757430136204,0.9930563569068909
gue_splice_reconstructed_lora__evo2_1b_base__20260515T200437Z,2,2,0.0014217281714081764,0.003666138043627143,0.9949122071266174
gue_splice_reconstructed_lora__evo2_1b_base__20260515T200437Z,2,2,0.002631689189001918,0.0019404856720939279,0.9954278469085693
gue_splice_reconstructed_lora__evo2_1b_base__20260515T200437Z,2,2,0.0059130834415555,0.00450283195823431,0.9895840287208557
gue_splice_reconstructed_lora__evo2_1b_base__20260515T200437Z,0,0,0.9833162426948547,6.780627882108092e-05,0.01661597192287445
gue_splice_reconstructed_lora__evo2_1b_base__20260515T200437Z,1,1,5.422336107585579e-05,0.986289918422699,0.013655811548233032
gue_splice_reconstructed_lora__evo2_1b_base__20260515T200437Z,2,0,0.9793645739555359,5.983161463518627e-05,0.02057570591568947
gue_splice_reconstructed_lora__evo2_1b_base__20260515T200437Z,2,2,0.007909702137112617,0.0045288726687431335,0.9875613451004028
gue_splice_reconstructed_lora__evo2_1b_base__20260515T200437Z,2,2,0.0030275247991085052,0.0030186676885932684,0.9939537644386292
gue_splice_reconstructed_lora__evo2_1b_base__20260515T200437Z,2,2,0.006133968010544777,0.004712271504104137,0.9891536831855774
gue_splice_reconstructed_lora__evo2_1b_base__20260515T200437Z,0,0,0.9708200097084045,0.00010614463099045679,0.02907388284802437
gue_splice_reconstructed_lora__evo2_1b_base__20260515T200437Z,2,2,0.001052379491738975,0.006014768034219742,0.992932915687561
gue_splice_reconstructed_lora__evo2_1b_base__20260515T200437Z,0,0,0.9915363788604736,3.464980545686558e-05,0.008428995497524738
gue_splice_reconstructed_lora__evo2_1b_base__20260515T200437Z,1,1,3.211501825717278e-05,0.9936770796775818,0.006290844641625881
gue_splice_reconstructed_lora__evo2_1b_base__20260515T200437Z,2,2,0.007175631821155548,0.005009398330003023,0.9878150224685669
gue_splice_reconstructed_lora__evo2_1b_base__20260515T200437Z,2,2,0.00710088387131691,0.031468551605939865,0.9614306092262268
gue_splice_reconstructed_lora__evo2_1b_base__20260515T200437Z,2,2,0.03304450958967209,0.005018292926251888,0.9619371891021729
gue_splice_reconstructed_lora__evo2_1b_base__20260515T200437Z,2,2,0.012630217708647251,0.12243453413248062,0.8649352192878723
gue_splice_reconstructed_lora__evo2_1b_base__20260515T200437Z,2,2,0.0025718503165990114,0.0025369273498654366,0.9948911666870117
gue_splice_reconstructed_lora__evo2_1b_base__20260515T200437Z,0,0,0.9787541031837463,9.225020767189562e-05,0.02115355245769024
gue_splice_reconstructed_lora__evo2_1b_base__20260515T200437Z,0,0,0.9879300594329834,3.989215474575758e-05,0.012030063197016716
gue_splice_reconstructed_lora__evo2_1b_base__20260515T200437Z,2,2,0.003013628302142024,0.0027519904542714357,0.9942343831062317
gue_splice_reconstructed_lora__evo2_1b_base__20260515T200437Z,2,2,0.010661371983587742,0.00206478382460773,0.9872738122940063
gue_splice_reconstructed_lora__evo2_1b_base__20260515T200437Z,2,2,0.0028563966043293476,0.00569172902032733,0.9914518594741821
gue_splice_reconstructed_lora__evo2_1b_base__20260515T200437Z,2,2,0.012518678791821003,0.010327797383069992,0.9771535396575928
gue_splice_reconstructed_lora__evo2_1b_base__20260515T200437Z,0,0,0.9912180304527283,3.068817386520095e-05,0.008751263841986656
gue_splice_reconstructed_lora__evo2_1b_base__20260515T200437Z,2,2,0.011498045176267624,0.0032862124498933554,0.9852157831192017
gue_splice_reconstructed_lora__evo2_1b_base__20260515T200437Z,0,0,0.9788237810134888,6.242404924705625e-05,0.02111378125846386
gue_splice_reconstructed_lora__evo2_1b_base__20260515T200437Z,2,0,0.9495125412940979,0.0003123651258647442,0.050175104290246964
gue_splice_reconstructed_lora__evo2_1b_base__20260515T200437Z,1,1,6.744795973645523e-05,0.9935230016708374,0.006409620866179466
gue_splice_reconstructed_lora__evo2_1b_base__20260515T200437Z,0,0,0.9923709630966187,3.550135807017796e-05,0.0075935120694339275
gue_splice_reconstructed_lora__evo2_1b_base__20260515T200437Z,2,2,0.046063389629125595,0.0028996330220252275,0.9510369300842285
gue_splice_reconstructed_lora__evo2_1b_base__20260515T200437Z,0,0,0.9902468919754028,4.2731157009257004e-05,0.009710409678518772
gue_splice_reconstructed_lora__evo2_1b_base__20260515T200437Z,2,2,0.006251532584428787,0.07315898686647415,0.9205894470214844
gue_splice_reconstructed_lora__evo2_1b_base__20260515T200437Z,2,2,0.001722247339785099,0.003016740083694458,0.995261013507843
gue_splice_reconstructed_lora__evo2_1b_base__20260515T200437Z,0,0,0.9797378778457642,9.639726340537891e-05,0.02016572467982769
gue_splice_reconstructed_lora__evo2_1b_base__20260515T200437Z,2,2,0.004202255513519049,0.00789698213338852,0.9879007339477539
gue_splice_reconstructed_lora__evo2_1b_base__20260515T200437Z,0,0,0.9800252914428711,6.731587927788496e-05,0.019907450303435326
gue_splice_reconstructed_lora__evo2_1b_base__20260515T200437Z,1,1,0.0006393569055944681,0.713573694229126,0.2857869267463684
gue_splice_reconstructed_lora__evo2_1b_base__20260515T200437Z,0,0,0.9929786324501038,2.329661583644338e-05,0.006998046301305294
gue_splice_reconstructed_lora__evo2_1b_base__20260515T200437Z,1,1,9.903770842356607e-05,0.9871052503585815,0.01279563456773758
gue_splice_reconstructed_lora__evo2_1b_base__20260515T200437Z,2,2,0.0051763118244707584,0.0045325299724936485,0.990291178226471
gue_splice_reconstructed_lora__evo2_1b_base__20260515T200437Z,0,0,0.9865257740020752,5.318730472936295e-05,0.013421074487268925
gue_splice_reconstructed_lora__evo2_1b_base__20260515T200437Z,2,2,0.009371417574584484,0.013958684168756008,0.9766699075698853
gue_splice_reconstructed_lora__evo2_1b_base__20260515T200437Z,1,1,0.0004919635830447078,0.8130605816841125,0.18644745647907257
gue_splice_reconstructed_lora__evo2_1b_base__20260515T200437Z,2,2,0.0024258731864392757,0.003495323471724987,0.9940788745880127
gue_splice_reconstructed_lora__evo2_1b_base__20260515T200437Z,2,2,0.026265133172273636,0.0020007763523608446,0.9717340469360352
gue_splice_reconstructed_lora__evo2_1b_base__20260515T200437Z,1,1,4.5250282710185274e-05,0.9928181171417236,0.0071366592310369015
gue_splice_reconstructed_lora__evo2_1b_base__20260515T200437Z,2,2,0.0014868301805108786,0.0037488576490432024,0.9947643280029297
gue_splice_reconstructed_lora__evo2_1b_base__20260515T200437Z,1,1,0.00010101692168973386,0.9873580932617188,0.012540971860289574
gue_splice_reconstructed_lora__evo2_1b_base__20260515T200437Z,0,0,0.9937904477119446,2.879100247810129e-05,0.006180803291499615
gue_splice_reconstructed_lora__evo2_1b_base__20260515T200437Z,1,1,7.266203465405852e-05,0.9898911714553833,0.010036163032054901
gue_splice_reconstructed_lora__evo2_1b_base__20260515T200437Z,2,2,0.005435436498373747,0.003287114668637514,0.9912774562835693
gue_splice_reconstructed_lora__evo2_1b_base__20260515T200437Z,2,2,0.002203040523454547,0.0024219301994889975,0.9953750967979431
gue_splice_reconstructed_lora__evo2_1b_base__20260515T200437Z,1,1,6.355716323014349e-05,0.9927058815956116,0.0072305514477193356
gue_splice_reconstructed_lora__evo2_1b_base__20260515T200437Z,0,0,0.9892303347587585,3.752453267225064e-05,0.010732167400419712
gue_splice_reconstructed_lora__evo2_1b_base__20260515T200437Z,2,2,0.0020526107400655746,0.0029836157336831093,0.9949637651443481
gue_splice_reconstructed_lora__evo2_1b_base__20260515T200437Z,2,2,0.021081440150737762,0.0020711012184619904,0.9768474102020264
gue_splice_reconstructed_lora__evo2_1b_base__20260515T200437Z,2,2,0.003922576550394297,0.0028810501098632812,0.9931963682174683
gue_splice_reconstructed_lora__evo2_1b_base__20260515T200437Z,1,1,6.58885037410073e-05,0.9935678839683533,0.0063662417232990265
gue_splice_reconstructed_lora__evo2_1b_base__20260515T200437Z,2,2,0.0015353445196524262,0.00284607894718647,0.9956185221672058
gue_splice_reconstructed_lora__evo2_1b_base__20260515T200437Z,2,2,0.005908690858632326,0.0023411521688103676,0.991750180721283
gue_splice_reconstructed_lora__evo2_1b_base__20260515T200437Z,2,2,0.003697059815749526,0.006622981280088425,0.9896798729896545
gue_splice_reconstructed_lora__evo2_1b_base__20260515T200437Z,2,2,0.0029330383986234665,0.00259599182754755,0.9944709539413452
gue_splice_reconstructed_lora__evo2_1b_base__20260515T200437Z,2,2,0.00919057335704565,0.006434878800064325,0.9843745827674866
gue_splice_reconstructed_lora__evo2_1b_base__20260515T200437Z,2,2,0.010127055458724499,0.006112450733780861,0.9837604761123657
gue_splice_reconstructed_lora__evo2_1b_base__20260515T200437Z,2,2,0.004950226284563541,0.003530864603817463,0.9915189146995544
gue_splice_reconstructed_lora__evo2_1b_base__20260515T200437Z,2,2,0.0029476291965693235,0.003473156364634633,0.9935791492462158
gue_splice_reconstructed_lora__evo2_1b_base__20260515T200437Z,1,1,0.00018879130948334932,0.9704975485801697,0.029313642531633377
gue_splice_reconstructed_lora__evo2_1b_base__20260515T200437Z,1,2,0.012959985062479973,0.1828816533088684,0.8041583895683289
gue_splice_reconstructed_lora__evo2_1b_base__20260515T200437Z,1,1,3.6856810766039416e-05,0.9946691393852234,0.005293980240821838
gue_splice_reconstructed_lora__evo2_1b_base__20260515T200437Z,2,2,0.003047296777367592,0.004293182399123907,0.9926595091819763
gue_splice_reconstructed_lora__evo2_1b_base__20260515T200437Z,2,2,0.1349044144153595,0.002423069439828396,0.8626725673675537
gue_splice_reconstructed_lora__evo2_1b_base__20260515T200437Z,1,1,0.00010861900227610022,0.9895780086517334,0.010313315317034721
gue_splice_reconstructed_lora__evo2_1b_base__20260515T200437Z,0,0,0.9885209798812866,6.015556209604256e-05,0.011418928392231464
gue_splice_reconstructed_lora__evo2_1b_base__20260515T200437Z,2,2,0.004581128247082233,0.006170605309307575,0.9892483353614807
gue_splice_reconstructed_lora__evo2_1b_base__20260515T200437Z,2,2,0.0025672814808785915,0.003338571172207594,0.99409419298172
gue_splice_reconstructed_lora__evo2_1b_base__20260515T200437Z,0,0,0.9945747256278992,1.9572644305299036e-05,0.005405794363468885
gue_splice_reconstructed_lora__evo2_1b_base__20260515T200437Z,0,0,0.9831743836402893,6.545444193761796e-05,0.016760235652327538
gue_splice_reconstructed_lora__evo2_1b_base__20260515T200437Z,2,2,0.004140710923820734,0.0061315372586250305,0.989727795124054
gue_splice_reconstructed_lora__evo2_1b_base__20260515T200437Z,2,2,0.04475947096943855,0.005224472843110561,0.9500160813331604
gue_splice_reconstructed_lora__evo2_1b_base__20260515T200437Z,2,2,0.0034427233040332794,0.005896440241485834,0.9906608462333679
gue_splice_reconstructed_lora__evo2_1b_base__20260515T200437Z,0,0,0.9916316866874695,3.674425897770561e-05,0.008331594057381153
gue_splice_reconstructed_lora__evo2_1b_base__20260515T200437Z,2,2,0.0022676815278828144,0.0027326762210577726,0.9949996471405029
gue_splice_reconstructed_lora__evo2_1b_base__20260515T200437Z,2,2,0.0017997069517150521,0.003862427081912756,0.9943378567695618
