run_id,true_label,predicted_label,prob_class_0,prob_class_1,prob_class_2
gue_splice_reconstructed__bert-base-uncased__20260520T223812Z,1,2,0.0029052949976176023,0.1804477423429489,0.816646933555603
gue_splice_reconstructed__bert-base-uncased__20260520T223812Z,2,2,0.0031209129374474287,0.004758823662996292,0.9921202659606934
gue_splice_reconstructed__bert-base-uncased__20260520T223812Z,2,2,0.0020726837683469057,0.006876178085803986,0.991051197052002
gue_splice_reconstructed__bert-base-uncased__20260520T223812Z,2,2,0.006170500069856644,0.005563704762607813,0.9882658123970032
gue_splice_reconstructed__bert-base-uncased__20260520T223812Z,1,1,0.00033426182926632464,0.9143668413162231,0.08529888838529587
gue_splice_reconstructed__bert-base-uncased__20260520T223812Z,2,2,0.027882151305675507,0.0016372627578675747,0.9704805612564087
gue_splice_reconstructed__bert-base-uncased__20260520T223812Z,2,0,0.981610894203186,0.00014498608652502298,0.018244130536913872
gue_splice_reconstructed__bert-base-uncased__20260520T223812Z,2,2,0.0011765997624024749,0.09452451020479202,0.9042989611625671
gue_splice_reconstructed__bert-base-uncased__20260520T223812Z,1,1,0.00020525531726889312,0.9854140281677246,0.01438072882592678
gue_splice_reconstructed__bert-base-uncased__20260520T223812Z,2,2,0.002224171534180641,0.006499012000858784,0.9912768602371216
gue_splice_reconstructed__bert-base-uncased__20260520T223812Z,1,1,0.0005337476613931358,0.8786774277687073,0.12078871577978134
gue_splice_reconstructed__bert-base-uncased__20260520T223812Z,2,0,0.9474745392799377,0.00018323583935853094,0.0523422546684742
gue_splice_reconstructed__bert-base-uncased__20260520T223812Z,2,1,0.0003930593666154891,0.8163779377937317,0.1832289844751358
gue_splice_reconstructed__bert-base-uncased__20260520T223812Z,2,2,0.017519615590572357,0.005168684292584658,0.9773116707801819
gue_splice_reconstructed__bert-base-uncased__20260520T223812Z,0,0,0.9873802661895752,0.00017591446521691978,0.012443800456821918
gue_splice_reconstructed__bert-base-uncased__20260520T223812Z,2,2,0.0035408935509622097,0.0050326245836913586,0.9914264678955078
gue_splice_reconstructed__bert-base-uncased__20260520T223812Z,2,2,0.0029900730587542057,0.0066857971251010895,0.9903241395950317
gue_splice_reconstructed__bert-base-uncased__20260520T223812Z,1,1,0.00022472314594779164,0.9900336861610413,0.009741558693349361
gue_splice_reconstructed__bert-base-uncased__20260520T223812Z,2,2,0.01654326543211937,0.0010911466088145971,0.9823655486106873
gue_splice_reconstructed__bert-base-uncased__20260520T223812Z,2,2,0.006416356656700373,0.02063150331377983,0.9729520678520203
gue_splice_reconstructed__bert-base-uncased__20260520T223812Z,1,1,0.00031400221632793546,0.9925113916397095,0.0071746283210814
gue_splice_reconstructed__bert-base-uncased__20260520T223812Z,0,0,0.9887689352035522,0.00028705812292173505,0.010944077745079994
gue_splice_reconstructed__bert-base-uncased__20260520T223812Z,0,0,0.9762634634971619,0.00022685254225507379,0.02350972220301628
gue_splice_reconstructed__bert-base-uncased__20260520T223812Z,2,2,0.04763541743159294,0.0030274391174316406,0.9493371844291687
gue_splice_reconstructed__bert-base-uncased__20260520T223812Z,2,2,0.010166088119149208,0.0008340759668499231,0.9889999032020569
gue_splice_reconstructed__bert-base-uncased__20260520T223812Z,2,2,0.004558107815682888,0.007312342990189791,0.9881294965744019
gue_splice_reconstructed__bert-base-uncased__20260520T223812Z,1,1,0.0003396984830033034,0.9949824213981628,0.004677958320826292
gue_splice_reconstructed__bert-base-uncased__20260520T223812Z,0,0,0.9896388053894043,0.00032177267712540925,0.01003942359238863
gue_splice_reconstructed__bert-base-uncased__20260520T223812Z,0,0,0.9741290211677551,0.00013836901052854955,0.02573249861598015
gue_splice_reconstructed__bert-base-uncased__20260520T223812Z,2,2,0.0032027259003371,0.006131359376013279,0.990665853023529
gue_splice_reconstructed__bert-base-uncased__20260520T223812Z,2,2,0.037675920873880386,0.001969636883586645,0.9603544473648071
gue_splice_reconstructed__bert-base-uncased__20260520T223812Z,2,2,0.051147136837244034,0.0017789679113775492,0.9470739364624023
gue_splice_reconstructed__bert-base-uncased__20260520T223812Z,2,2,0.0041119917295873165,0.005316118244081736,0.990571916103363
gue_splice_reconstructed__bert-base-uncased__20260520T223812Z,1,1,0.0001685628667473793,0.9876562356948853,0.0121751818805933
gue_splice_reconstructed__bert-base-uncased__20260520T223812Z,1,1,0.0013511404395103455,0.9510718584060669,0.04757704213261604
gue_splice_reconstructed__bert-base-uncased__20260520T223812Z,2,2,0.004183333367109299,0.005618306342512369,0.9901983737945557
gue_splice_reconstructed__bert-base-uncased__20260520T223812Z,1,1,0.00025337879196740687,0.9736349582672119,0.02611171454191208
gue_splice_reconstructed__bert-base-uncased__20260520T223812Z,2,2,0.04210502281785011,0.0020424826070666313,0.9558524489402771
gue_splice_reconstructed__bert-base-uncased__20260520T223812Z,2,2,0.0604902021586895,0.0015639393823221326,0.9379458427429199
gue_splice_reconstructed__bert-base-uncased__20260520T223812Z,2,2,0.010499781928956509,0.002842584392055869,0.9866576790809631
gue_splice_reconstructed__bert-base-uncased__20260520T223812Z,2,2,0.004458256997168064,0.004204536322504282,0.9913371801376343
gue_splice_reconstructed__bert-base-uncased__20260520T223812Z,2,2,0.0018539836164563894,0.009206186048686504,0.9889398217201233
gue_splice_reconstructed__bert-base-uncased__20260520T223812Z,2,0,0.9005470275878906,0.0002718604519031942,0.09918111562728882
gue_splice_reconstructed__bert-base-uncased__20260520T223812Z,0,0,0.9355397820472717,0.0004530789447017014,0.06400714814662933
gue_splice_reconstructed__bert-base-uncased__20260520T223812Z,2,2,0.008186772465705872,0.0011068778112530708,0.9907063841819763
gue_splice_reconstructed__bert-base-uncased__20260520T223812Z,2,2,0.0016066383104771376,0.015835115686058998,0.9825582504272461
gue_splice_reconstructed__bert-base-uncased__20260520T223812Z,1,1,0.0005485686124302447,0.9957172274589539,0.00373417092487216
gue_splice_reconstructed__bert-base-uncased__20260520T223812Z,2,2,0.0024816703516989946,0.006070633884519339,0.9914476871490479
gue_splice_reconstructed__bert-base-uncased__20260520T223812Z,1,1,0.00022667107987217605,0.9908440709114075,0.008929217234253883
gue_splice_reconstructed__bert-base-uncased__20260520T223812Z,0,0,0.9898802042007446,0.0002203424519393593,0.009899471886456013
gue_splice_reconstructed__bert-base-uncased__20260520T223812Z,0,0,0.9581795334815979,0.0001707119808997959,0.04164964705705643
gue_splice_reconstructed__bert-base-uncased__20260520T223812Z,2,2,0.014322283677756786,0.0029498033691197634,0.9827279448509216
gue_splice_reconstructed__bert-base-uncased__20260520T223812Z,1,1,0.0004123002290725708,0.9684677124023438,0.031119944527745247
gue_splice_reconstructed__bert-base-uncased__20260520T223812Z,2,2,0.0026140708941966295,0.004751997534185648,0.9926338791847229
gue_splice_reconstructed__bert-base-uncased__20260520T223812Z,2,2,0.14304129779338837,0.003109680488705635,0.8538489937782288
gue_splice_reconstructed__bert-base-uncased__20260520T223812Z,1,1,0.00030745408730581403,0.9948596954345703,0.00483293179422617
gue_splice_reconstructed__bert-base-uncased__20260520T223812Z,2,0,0.6125931739807129,0.0002937938261311501,0.3871130049228668
gue_splice_reconstructed__bert-base-uncased__20260520T223812Z,2,2,0.002725219586864114,0.009823481552302837,0.9874512553215027
gue_splice_reconstructed__bert-base-uncased__20260520T223812Z,2,2,0.008326861076056957,0.0015722289681434631,0.9901008605957031
gue_splice_reconstructed__bert-base-uncased__20260520T223812Z,0,0,0.9824702143669128,0.00017165411554742604,0.017358100041747093
gue_splice_reconstructed__bert-base-uncased__20260520T223812Z,2,1,0.0003399993875063956,0.9939205646514893,0.005739432293921709
gue_splice_reconstructed__bert-base-uncased__20260520T223812Z,2,0,0.8806105256080627,0.0004443328070919961,0.11894513666629791
gue_splice_reconstructed__bert-base-uncased__20260520T223812Z,2,2,0.0008731104317121208,0.12220658361911774,0.8769202828407288
gue_splice_reconstructed__bert-base-uncased__20260520T223812Z,2,2,0.005859019234776497,0.0020466912537813187,0.9920943379402161
gue_splice_reconstructed__bert-base-uncased__20260520T223812Z,2,1,0.00018393971549812704,0.9890022277832031,0.010813847184181213
gue_splice_reconstructed__bert-base-uncased__20260520T223812Z,1,1,0.0008047426817938685,0.7548487186431885,0.24434657394886017
gue_splice_reconstructed__bert-base-uncased__20260520T223812Z,0,0,0.992196798324585,0.00028303408180363476,0.007520233280956745
gue_splice_reconstructed__bert-base-uncased__20260520T223812Z,1,1,0.00028591632144525647,0.9925601482391357,0.007153990678489208
gue_splice_reconstructed__bert-base-uncased__20260520T223812Z,2,2,0.0025686391163617373,0.004752214066684246,0.9926791191101074
gue_splice_reconstructed__bert-base-uncased__20260520T223812Z,0,0,0.9929801821708679,0.0003357203386258334,0.006684116553515196
gue_splice_reconstructed__bert-base-uncased__20260520T223812Z,0,2,0.45748835802078247,0.0018769680755212903,0.5406346321105957
gue_splice_reconstructed__bert-base-uncased__20260520T223812Z,2,2,0.006370647344738245,0.009516892023384571,0.9841124415397644
gue_splice_reconstructed__bert-base-uncased__20260520T223812Z,1,1,0.00029191511566750705,0.9937844276428223,0.005923702847212553
gue_splice_reconstructed__bert-base-uncased__20260520T223812Z,0,0,0.975934624671936,0.0004572065663523972,0.023608192801475525
gue_splice_reconstructed__bert-base-uncased__20260520T223812Z,2,2,0.007513627875596285,0.025542691349983215,0.9669437408447266
gue_splice_reconstructed__bert-base-uncased__20260520T223812Z,0,2,0.3224315941333771,0.000953752372879535,0.6766147017478943
gue_splice_reconstructed__bert-base-uncased__20260520T223812Z,0,2,0.17457394301891327,0.0006741568795405328,0.8247519135475159
gue_splice_reconstructed__bert-base-uncased__20260520T223812Z,2,2,0.0036268653348088264,0.04053587093949318,0.9558371901512146
gue_splice_reconstructed__bert-base-uncased__20260520T223812Z,2,2,0.002970171859487891,0.005581621080636978,0.9914482831954956
gue_splice_reconstructed__bert-base-uncased__20260520T223812Z,2,2,0.013269570656120777,0.003210826078429818,0.9835196137428284
gue_splice_reconstructed__bert-base-uncased__20260520T223812Z,2,2,0.002271879930049181,0.006710111629217863,0.9910180568695068
gue_splice_reconstructed__bert-base-uncased__20260520T223812Z,0,0,0.9942942261695862,0.00038018112536519766,0.005325682926923037
gue_splice_reconstructed__bert-base-uncased__20260520T223812Z,2,2,0.009461602196097374,0.00735432468354702,0.9831840395927429
gue_splice_reconstructed__bert-base-uncased__20260520T223812Z,1,1,0.00016968116688076407,0.9692829847335815,0.030547449365258217
gue_splice_reconstructed__bert-base-uncased__20260520T223812Z,0,0,0.9530675411224365,0.0002403953403700143,0.04669198766350746
gue_splice_reconstructed__bert-base-uncased__20260520T223812Z,2,2,0.002502552466467023,0.005487470421940088,0.9920099973678589
gue_splice_reconstructed__bert-base-uncased__20260520T223812Z,2,2,0.0033329413272440434,0.005217912141233683,0.9914491772651672
gue_splice_reconstructed__bert-base-uncased__20260520T223812Z,2,0,0.8556025624275208,0.0016908706165850163,0.14270654320716858
gue_splice_reconstructed__bert-base-uncased__20260520T223812Z,2,2,0.00350423576310277,0.005704623647034168,0.9907910823822021
gue_splice_reconstructed__bert-base-uncased__20260520T223812Z,0,0,0.9427991509437561,0.00019295710080768913,0.057007864117622375
gue_splice_reconstructed__bert-base-uncased__20260520T223812Z,2,2,0.47913092374801636,0.000777358072809875,0.520091712474823
gue_splice_reconstructed__bert-base-uncased__20260520T223812Z,1,1,0.00016730661445762962,0.9557186365127563,0.0441141203045845
gue_splice_reconstructed__bert-base-uncased__20260520T223812Z,2,2,0.001055707223713398,0.07231398671865463,0.9266303181648254
gue_splice_reconstructed__bert-base-uncased__20260520T223812Z,2,2,0.0023602491710335016,0.019051505252718925,0.9785882234573364
gue_splice_reconstructed__bert-base-uncased__20260520T223812Z,0,0,0.9935239553451538,0.0003896556736435741,0.006086318753659725
gue_splice_reconstructed__bert-base-uncased__20260520T223812Z,0,0,0.8903331160545349,0.00027730895089916885,0.10938961058855057
gue_splice_reconstructed__bert-base-uncased__20260520T223812Z,1,1,0.0003817729593720287,0.9945647716522217,0.005053487606346607
gue_splice_reconstructed__bert-base-uncased__20260520T223812Z,2,2,0.018920211121439934,0.004478610586374998,0.976601243019104
gue_splice_reconstructed__bert-base-uncased__20260520T223812Z,2,2,0.0013995227636769414,0.026849115267395973,0.9717513918876648
gue_splice_reconstructed__bert-base-uncased__20260520T223812Z,1,1,0.00047792334225960076,0.9324978590011597,0.06702423095703125
gue_splice_reconstructed__bert-base-uncased__20260520T223812Z,2,2,0.18666383624076843,0.0009201757493428886,0.8124160170555115
gue_splice_reconstructed__bert-base-uncased__20260520T223812Z,2,2,0.003277488984167576,0.18211814761161804,0.8146043419837952
gue_splice_reconstructed__bert-base-uncased__20260520T223812Z,2,2,0.0033593187108635902,0.007056333590298891,0.9895843863487244
gue_splice_reconstructed__bert-base-uncased__20260520T223812Z,0,0,0.9728172421455383,0.0003041859017685056,0.026878565549850464
gue_splice_reconstructed__bert-base-uncased__20260520T223812Z,2,2,0.08976573497056961,0.0011943754507228732,0.9090398550033569
gue_splice_reconstructed__bert-base-uncased__20260520T223812Z,2,2,0.0013918859185650945,0.07821553200483322,0.9203925728797913
gue_splice_reconstructed__bert-base-uncased__20260520T223812Z,0,0,0.8793892860412598,0.0006647977861575782,0.11994581669569016
gue_splice_reconstructed__bert-base-uncased__20260520T223812Z,2,2,0.003222932806238532,0.007618986070156097,0.9891581535339355
gue_splice_reconstructed__bert-base-uncased__20260520T223812Z,0,2,0.26793766021728516,0.0008815774926915765,0.7311807870864868
gue_splice_reconstructed__bert-base-uncased__20260520T223812Z,2,2,0.48023030161857605,0.0005169968353584409,0.5192527174949646
gue_splice_reconstructed__bert-base-uncased__20260520T223812Z,2,2,0.061502210795879364,0.002819569082930684,0.935678243637085
gue_splice_reconstructed__bert-base-uncased__20260520T223812Z,2,2,0.0023606354370713234,0.02840256877243519,0.9692367911338806
gue_splice_reconstructed__bert-base-uncased__20260520T223812Z,1,1,0.00030216173036023974,0.9892599582672119,0.010437902063131332
gue_splice_reconstructed__bert-base-uncased__20260520T223812Z,0,0,0.9906083345413208,0.00021040689898654819,0.009181282483041286
gue_splice_reconstructed__bert-base-uncased__20260520T223812Z,2,2,0.0027772122994065285,0.004596770275384188,0.9926260113716125
gue_splice_reconstructed__bert-base-uncased__20260520T223812Z,2,2,0.0028023540508002043,0.007254571188241243,0.9899430274963379
gue_splice_reconstructed__bert-base-uncased__20260520T223812Z,2,2,0.00797276385128498,0.0043389517813920975,0.9876882433891296
gue_splice_reconstructed__bert-base-uncased__20260520T223812Z,1,1,0.00016822114412207156,0.9856540560722351,0.014177655801177025
gue_splice_reconstructed__bert-base-uncased__20260520T223812Z,2,2,0.0033102945890277624,0.0061904871836304665,0.9904991984367371
gue_splice_reconstructed__bert-base-uncased__20260520T223812Z,0,0,0.9866646528244019,0.0014490275643765926,0.011886280961334705
gue_splice_reconstructed__bert-base-uncased__20260520T223812Z,2,2,0.003532413626089692,0.005481804721057415,0.9909857511520386
gue_splice_reconstructed__bert-base-uncased__20260520T223812Z,1,1,0.00031522102653980255,0.98475581407547,0.014929017052054405
gue_splice_reconstructed__bert-base-uncased__20260520T223812Z,2,2,0.0019617555662989616,0.18148690462112427,0.8165513277053833
gue_splice_reconstructed__bert-base-uncased__20260520T223812Z,2,2,0.005144949536770582,0.003812217153608799,0.9910428524017334
gue_splice_reconstructed__bert-base-uncased__20260520T223812Z,2,0,0.8530257940292358,0.0006105484208092093,0.14636367559432983
gue_splice_reconstructed__bert-base-uncased__20260520T223812Z,0,0,0.8184765577316284,0.00031788329943083227,0.1812056005001068
gue_splice_reconstructed__bert-base-uncased__20260520T223812Z,2,2,0.03136377036571503,0.0019480810733512044,0.9666882157325745
gue_splice_reconstructed__bert-base-uncased__20260520T223812Z,1,2,0.0007612514309585094,0.2668224573135376,0.7324163317680359
gue_splice_reconstructed__bert-base-uncased__20260520T223812Z,2,2,0.003995455335825682,0.00489055598154664,0.9911139607429504
gue_splice_reconstructed__bert-base-uncased__20260520T223812Z,2,2,0.0029077448416501284,0.0073386807925999165,0.9897536039352417
gue_splice_reconstructed__bert-base-uncased__20260520T223812Z,2,2,0.20365338027477264,0.0010429000249132514,0.7953037619590759
gue_splice_reconstructed__bert-base-uncased__20260520T223812Z,2,1,0.0002650342648848891,0.8024975657463074,0.19723747670650482
gue_splice_reconstructed__bert-base-uncased__20260520T223812Z,1,1,0.0002517133252695203,0.8806778788566589,0.11907044798135757
gue_splice_reconstructed__bert-base-uncased__20260520T223812Z,2,2,0.0007352153188548982,0.22389072179794312,0.7753741145133972
gue_splice_reconstructed__bert-base-uncased__20260520T223812Z,0,0,0.9929460883140564,0.0002298295294167474,0.006824040319770575
gue_splice_reconstructed__bert-base-uncased__20260520T223812Z,1,1,0.0003448277129791677,0.9904707670211792,0.009184490889310837
gue_splice_reconstructed__bert-base-uncased__20260520T223812Z,2,2,0.009392572566866875,0.0011607878841459751,0.9894466400146484
gue_splice_reconstructed__bert-base-uncased__20260520T223812Z,0,0,0.994649350643158,0.00039934791857376695,0.004951328504830599
gue_splice_reconstructed__bert-base-uncased__20260520T223812Z,2,2,0.0025051552802324295,0.006390893366187811,0.991104006767273
gue_splice_reconstructed__bert-base-uncased__20260520T223812Z,0,0,0.9834561944007874,0.00017317404854111373,0.016370682045817375
gue_splice_reconstructed__bert-base-uncased__20260520T223812Z,2,2,0.012312564067542553,0.0009448183118365705,0.9867426156997681
gue_splice_reconstructed__bert-base-uncased__20260520T223812Z,2,2,0.05123094841837883,0.0017376801697537303,0.9470313787460327
gue_splice_reconstructed__bert-base-uncased__20260520T223812Z,0,0,0.9217013716697693,0.000315294717438519,0.0779833048582077
gue_splice_reconstructed__bert-base-uncased__20260520T223812Z,1,1,0.0003045561898034066,0.8512001633644104,0.14849533140659332
gue_splice_reconstructed__bert-base-uncased__20260520T223812Z,2,2,0.002267056843265891,0.008818757720291615,0.9889141917228699
gue_splice_reconstructed__bert-base-uncased__20260520T223812Z,2,2,0.0023439808283001184,0.006644855719059706,0.9910111427307129
gue_splice_reconstructed__bert-base-uncased__20260520T223812Z,2,1,0.00038033450255170465,0.68631911277771,0.31330054998397827
gue_splice_reconstructed__bert-base-uncased__20260520T223812Z,1,1,0.00045368861174210906,0.9952711462974548,0.004275152925401926
gue_splice_reconstructed__bert-base-uncased__20260520T223812Z,1,1,0.00020709887030534446,0.9865273833274841,0.013265545479953289
gue_splice_reconstructed__bert-base-uncased__20260520T223812Z,0,0,0.9861308932304382,0.00015872438962105662,0.01371039543300867
gue_splice_reconstructed__bert-base-uncased__20260520T223812Z,2,2,0.28604841232299805,0.0011187540367245674,0.7128328084945679
gue_splice_reconstructed__bert-base-uncased__20260520T223812Z,0,0,0.9891378283500671,0.0001839649339672178,0.010678241960704327
gue_splice_reconstructed__bert-base-uncased__20260520T223812Z,2,2,0.0035476521588861942,0.005071860738098621,0.991380512714386
gue_splice_reconstructed__bert-base-uncased__20260520T223812Z,2,1,0.0006264681578613818,0.6391103267669678,0.3602631986141205
gue_splice_reconstructed__bert-base-uncased__20260520T223812Z,0,0,0.9809034466743469,0.00025229633320122957,0.01884416863322258
gue_splice_reconstructed__bert-base-uncased__20260520T223812Z,2,2,0.0059754918329417706,0.0017784679075703025,0.9922460913658142
gue_splice_reconstructed__bert-base-uncased__20260520T223812Z,0,2,0.16038326919078827,0.0029533421620726585,0.8366633653640747
gue_splice_reconstructed__bert-base-uncased__20260520T223812Z,2,2,0.1406470388174057,0.01103921141475439,0.8483137488365173
gue_splice_reconstructed__bert-base-uncased__20260520T223812Z,1,1,0.00023852499725762755,0.9910352826118469,0.008726184256374836
gue_splice_reconstructed__bert-base-uncased__20260520T223812Z,1,1,0.00031433961703442037,0.9897043108940125,0.009981431998312473
gue_splice_reconstructed__bert-base-uncased__20260520T223812Z,2,2,0.10271719098091125,0.0012338068336248398,0.8960489630699158
gue_splice_reconstructed__bert-base-uncased__20260520T223812Z,2,2,0.004642069339752197,0.004628489259630442,0.9907293915748596
gue_splice_reconstructed__bert-base-uncased__20260520T223812Z,0,0,0.9637835025787354,0.0001551274472149089,0.0360613651573658
gue_splice_reconstructed__bert-base-uncased__20260520T223812Z,2,2,0.0026860579382628202,0.010654735378921032,0.9866591691970825
gue_splice_reconstructed__bert-base-uncased__20260520T223812Z,2,2,0.010750132612884045,0.0010211343178525567,0.9882286787033081
gue_splice_reconstructed__bert-base-uncased__20260520T223812Z,1,1,0.0008199315052479506,0.9009220004081726,0.09825816750526428
gue_splice_reconstructed__bert-base-uncased__20260520T223812Z,1,1,0.00031069040414877236,0.9916804432868958,0.008008899167180061
gue_splice_reconstructed__bert-base-uncased__20260520T223812Z,2,2,0.0026972105260938406,0.008480130694806576,0.9888226985931396
gue_splice_reconstructed__bert-base-uncased__20260520T223812Z,2,0,0.9719423651695251,0.00018796777294483036,0.027869658544659615
gue_splice_reconstructed__bert-base-uncased__20260520T223812Z,1,1,0.00020661443704739213,0.9880717992782593,0.011721550486981869
gue_splice_reconstructed__bert-base-uncased__20260520T223812Z,2,2,0.0024511737283319235,0.006741521880030632,0.9908073544502258
gue_splice_reconstructed__bert-base-uncased__20260520T223812Z,2,2,0.002107555279508233,0.00579080218449235,0.9921016097068787
gue_splice_reconstructed__bert-base-uncased__20260520T223812Z,1,1,0.0002662358165252954,0.9915639162063599,0.008169888518750668
gue_splice_reconstructed__bert-base-uncased__20260520T223812Z,2,2,0.0031678315717726946,0.007343882694840431,0.9894883036613464
gue_splice_reconstructed__bert-base-uncased__20260520T223812Z,0,0,0.9853374361991882,0.0003390440542716533,0.014323549345135689
gue_splice_reconstructed__bert-base-uncased__20260520T223812Z,2,2,0.011524472385644913,0.0034033022820949554,0.9850721955299377
gue_splice_reconstructed__bert-base-uncased__20260520T223812Z,2,2,0.010670369490981102,0.005074898712337017,0.9842547178268433
gue_splice_reconstructed__bert-base-uncased__20260520T223812Z,1,1,0.00022003399499226362,0.9884944558143616,0.011285590939223766
gue_splice_reconstructed__bert-base-uncased__20260520T223812Z,0,0,0.9905164837837219,0.00044106176937930286,0.009042516350746155
gue_splice_reconstructed__bert-base-uncased__20260520T223812Z,1,1,0.0002848671574611217,0.9947294592857361,0.004985692910850048
gue_splice_reconstructed__bert-base-uncased__20260520T223812Z,2,0,0.9656611680984497,0.0010335188126191497,0.033305320888757706
gue_splice_reconstructed__bert-base-uncased__20260520T223812Z,2,2,0.08933459967374802,0.002007188042625785,0.9086582064628601
gue_splice_reconstructed__bert-base-uncased__20260520T223812Z,2,2,0.0023345581721514463,0.0067750876769423485,0.9908903241157532
gue_splice_reconstructed__bert-base-uncased__20260520T223812Z,2,2,0.002888668328523636,0.006139245815575123,0.9909720420837402
gue_splice_reconstructed__bert-base-uncased__20260520T223812Z,2,2,0.0031608433928340673,0.0037316649686545134,0.9931074976921082
gue_splice_reconstructed__bert-base-uncased__20260520T223812Z,0,2,0.374593585729599,0.0005259664612822235,0.6248804330825806
gue_splice_reconstructed__bert-base-uncased__20260520T223812Z,2,2,0.007828538306057453,0.0032222517766058445,0.988949179649353
gue_splice_reconstructed__bert-base-uncased__20260520T223812Z,0,0,0.9902662634849548,0.00041342625627294183,0.009320370852947235
gue_splice_reconstructed__bert-base-uncased__20260520T223812Z,2,2,0.00075193599332124,0.16492997109889984,0.8343181014060974
gue_splice_reconstructed__bert-base-uncased__20260520T223812Z,0,0,0.992438793182373,0.0003414875827729702,0.007219787687063217
gue_splice_reconstructed__bert-base-uncased__20260520T223812Z,0,0,0.9595528841018677,0.00019831322424579412,0.0402488186955452
gue_splice_reconstructed__bert-base-uncased__20260520T223812Z,2,2,0.002680364530533552,0.006965929176658392,0.9903537034988403
gue_splice_reconstructed__bert-base-uncased__20260520T223812Z,2,2,0.002665367443114519,0.004798160400241613,0.9925365447998047
gue_splice_reconstructed__bert-base-uncased__20260520T223812Z,0,0,0.9861493110656738,0.00023921059619169682,0.013611428439617157
gue_splice_reconstructed__bert-base-uncased__20260520T223812Z,2,2,0.003453780198469758,0.00464303232729435,0.9919032454490662
gue_splice_reconstructed__bert-base-uncased__20260520T223812Z,1,1,0.0002443165867589414,0.9242575764656067,0.07549814134836197
gue_splice_reconstructed__bert-base-uncased__20260520T223812Z,2,2,0.0026321737095713615,0.00563799636438489,0.9917297959327698
gue_splice_reconstructed__bert-base-uncased__20260520T223812Z,1,1,0.0002922939893323928,0.9931326508522034,0.006575075909495354
gue_splice_reconstructed__bert-base-uncased__20260520T223812Z,2,2,0.0014606979675590992,0.01743372529745102,0.981105625629425
gue_splice_reconstructed__bert-base-uncased__20260520T223812Z,2,2,0.012955889105796814,0.003041441785171628,0.9840026497840881
gue_splice_reconstructed__bert-base-uncased__20260520T223812Z,2,1,0.0005946599994786084,0.9866318106651306,0.012773505412042141
gue_splice_reconstructed__bert-base-uncased__20260520T223812Z,2,2,0.0030850747134536505,0.0065630716271698475,0.9903518557548523
gue_splice_reconstructed__bert-base-uncased__20260520T223812Z,0,0,0.8325441479682922,0.0004480468051042408,0.16700787842273712
gue_splice_reconstructed__bert-base-uncased__20260520T223812Z,1,1,0.00026480850647203624,0.8256521224975586,0.17408311367034912
gue_splice_reconstructed__bert-base-uncased__20260520T223812Z,0,0,0.7644309401512146,0.0012896438129246235,0.23427940905094147
gue_splice_reconstructed__bert-base-uncased__20260520T223812Z,2,2,0.0025788519997149706,0.0066175637766718864,0.990803599357605
gue_splice_reconstructed__bert-base-uncased__20260520T223812Z,0,0,0.9902723431587219,0.00021871434000786394,0.009508898481726646
gue_splice_reconstructed__bert-base-uncased__20260520T223812Z,2,2,0.001127306604757905,0.48553958535194397,0.5133330821990967
gue_splice_reconstructed__bert-base-uncased__20260520T223812Z,0,0,0.929054319858551,0.00020842489902861416,0.07073722034692764
gue_splice_reconstructed__bert-base-uncased__20260520T223812Z,1,1,0.0002333044831175357,0.980771005153656,0.018995778635144234
gue_splice_reconstructed__bert-base-uncased__20260520T223812Z,0,0,0.9919336438179016,0.00026016542688012123,0.007806288078427315
gue_splice_reconstructed__bert-base-uncased__20260520T223812Z,2,2,0.0016850457759574056,0.03213002160191536,0.9661849141120911
gue_splice_reconstructed__bert-base-uncased__20260520T223812Z,2,2,0.0037624980323016644,0.004655148833990097,0.9915823340415955
gue_splice_reconstructed__bert-base-uncased__20260520T223812Z,2,2,0.11426497995853424,0.0009054072434082627,0.8848296403884888
gue_splice_reconstructed__bert-base-uncased__20260520T223812Z,1,1,0.0003071592655032873,0.9939057230949402,0.005787186324596405
gue_splice_reconstructed__bert-base-uncased__20260520T223812Z,2,2,0.0047022379003465176,0.011137781664729118,0.9841600060462952
gue_splice_reconstructed__bert-base-uncased__20260520T223812Z,2,2,0.0016283640870824456,0.01604924350976944,0.9823223948478699
gue_splice_reconstructed__bert-base-uncased__20260520T223812Z,2,2,0.019070608541369438,0.0008815527544356883,0.980047881603241
gue_splice_reconstructed__bert-base-uncased__20260520T223812Z,0,0,0.8571240305900574,0.00019455461006145924,0.14268137514591217
gue_splice_reconstructed__bert-base-uncased__20260520T223812Z,2,2,0.0031433384865522385,0.005383675917983055,0.9914729595184326
gue_splice_reconstructed__bert-base-uncased__20260520T223812Z,2,2,0.0017609787173569202,0.019581027328968048,0.9786579608917236
gue_splice_reconstructed__bert-base-uncased__20260520T223812Z,2,1,0.00017917522927746177,0.9823856949806213,0.01743517816066742
gue_splice_reconstructed__bert-base-uncased__20260520T223812Z,2,2,0.008470754139125347,0.009570542722940445,0.9819586873054504
gue_splice_reconstructed__bert-base-uncased__20260520T223812Z,2,2,0.035857733339071274,0.0032240028958767653,0.9609182476997375
gue_splice_reconstructed__bert-base-uncased__20260520T223812Z,1,1,0.0004330923839006573,0.9956841468811035,0.003882794175297022
gue_splice_reconstructed__bert-base-uncased__20260520T223812Z,2,2,0.004774428438395262,0.004700407851487398,0.9905251860618591
gue_splice_reconstructed__bert-base-uncased__20260520T223812Z,2,2,0.0014513861387968063,0.017968719825148582,0.9805799126625061
gue_splice_reconstructed__bert-base-uncased__20260520T223812Z,2,2,0.2771005928516388,0.0006371088675223291,0.7222623229026794
gue_splice_reconstructed__bert-base-uncased__20260520T223812Z,2,2,0.005030663684010506,0.3211158215999603,0.6738535165786743
gue_splice_reconstructed__bert-base-uncased__20260520T223812Z,2,2,0.11786117404699326,0.0009902584133669734,0.8811485171318054
gue_splice_reconstructed__bert-base-uncased__20260520T223812Z,2,2,0.003061947412788868,0.006301140878349543,0.9906368851661682
gue_splice_reconstructed__bert-base-uncased__20260520T223812Z,2,2,0.008675939403474331,0.00213862513191998,0.9891854524612427
gue_splice_reconstructed__bert-base-uncased__20260520T223812Z,1,1,0.00020809714624192566,0.9874181747436523,0.012373746372759342
gue_splice_reconstructed__bert-base-uncased__20260520T223812Z,1,1,0.0002395792689640075,0.9915347695350647,0.008225686848163605
gue_splice_reconstructed__bert-base-uncased__20260520T223812Z,2,2,0.005969143472611904,0.004772978834807873,0.9892578721046448
gue_splice_reconstructed__bert-base-uncased__20260520T223812Z,2,2,0.004215052351355553,0.01546325720846653,0.9803217053413391
gue_splice_reconstructed__bert-base-uncased__20260520T223812Z,0,0,0.9880630373954773,0.0002668548549991101,0.011670051142573357
gue_splice_reconstructed__bert-base-uncased__20260520T223812Z,2,2,0.028634151443839073,0.0020671733655035496,0.9692986607551575
gue_splice_reconstructed__bert-base-uncased__20260520T223812Z,1,1,0.00018989988893736154,0.9857761263847351,0.014033905230462551
gue_splice_reconstructed__bert-base-uncased__20260520T223812Z,2,1,0.0003104626957792789,0.8542554974555969,0.14543403685092926
gue_splice_reconstructed__bert-base-uncased__20260520T223812Z,2,2,0.003029892221093178,0.0051489900797605515,0.9918211698532104
gue_splice_reconstructed__bert-base-uncased__20260520T223812Z,2,2,0.005296017974615097,0.0030471927020698786,0.9916567802429199
gue_splice_reconstructed__bert-base-uncased__20260520T223812Z,2,2,0.00310549046844244,0.00581316277384758,0.9910813570022583
gue_splice_reconstructed__bert-base-uncased__20260520T223812Z,2,2,0.00353201269172132,0.00559475040063262,0.9908732175827026
gue_splice_reconstructed__bert-base-uncased__20260520T223812Z,2,2,0.002431087661534548,0.011034580878913403,0.9865343570709229
gue_splice_reconstructed__bert-base-uncased__20260520T223812Z,2,2,0.006086006294935942,0.0546894446015358,0.9392245411872864
gue_splice_reconstructed__bert-base-uncased__20260520T223812Z,2,2,0.001028799219056964,0.054468944668769836,0.9445022344589233
gue_splice_reconstructed__bert-base-uncased__20260520T223812Z,0,0,0.9634896516799927,0.00030126929050311446,0.036209143698215485
gue_splice_reconstructed__bert-base-uncased__20260520T223812Z,2,0,0.9069342017173767,0.00041666324250400066,0.09264915436506271
gue_splice_reconstructed__bert-base-uncased__20260520T223812Z,2,2,0.0009120276663452387,0.20944027602672577,0.7896477580070496
gue_splice_reconstructed__bert-base-uncased__20260520T223812Z,2,2,0.3132857382297516,0.0037704475689679384,0.6829437613487244
gue_splice_reconstructed__bert-base-uncased__20260520T223812Z,2,2,0.00940532423555851,0.0017381117213517427,0.9888566136360168
gue_splice_reconstructed__bert-base-uncased__20260520T223812Z,1,1,0.00038533288170583546,0.9940833449363708,0.005531255155801773
gue_splice_reconstructed__bert-base-uncased__20260520T223812Z,2,2,0.002694329246878624,0.007608265615999699,0.9896973967552185
gue_splice_reconstructed__bert-base-uncased__20260520T223812Z,1,1,0.00031844808836467564,0.9928961396217346,0.006785488221794367
gue_splice_reconstructed__bert-base-uncased__20260520T223812Z,1,1,0.0012607447570189834,0.7414857149124146,0.2572535276412964
gue_splice_reconstructed__bert-base-uncased__20260520T223812Z,0,0,0.7487044930458069,0.0007557133212685585,0.2505398094654083
gue_splice_reconstructed__bert-base-uncased__20260520T223812Z,1,1,0.0003527708468027413,0.7937856912612915,0.20586159825325012
gue_splice_reconstructed__bert-base-uncased__20260520T223812Z,1,1,0.00028642648248933256,0.9923911690711975,0.007322396617382765
gue_splice_reconstructed__bert-base-uncased__20260520T223812Z,2,2,0.0042461222037673,0.006275361403822899,0.9894785284996033
gue_splice_reconstructed__bert-base-uncased__20260520T223812Z,2,2,0.05053611844778061,0.0015170966507866979,0.9479468464851379
gue_splice_reconstructed__bert-base-uncased__20260520T223812Z,2,2,0.003701761132106185,0.00535979587584734,0.9909384250640869
gue_splice_reconstructed__bert-base-uncased__20260520T223812Z,2,2,0.0037959266919642687,0.005533838644623756,0.9906702041625977
gue_splice_reconstructed__bert-base-uncased__20260520T223812Z,2,2,0.00943696592003107,0.0012821530690416694,0.9892808794975281
gue_splice_reconstructed__bert-base-uncased__20260520T223812Z,0,0,0.9935482144355774,0.0003445505863055587,0.006107305642217398
gue_splice_reconstructed__bert-base-uncased__20260520T223812Z,0,0,0.9775406718254089,0.00028826750349253416,0.02217099815607071
gue_splice_reconstructed__bert-base-uncased__20260520T223812Z,2,2,0.0030284032691270113,0.009502834640443325,0.9874687194824219
gue_splice_reconstructed__bert-base-uncased__20260520T223812Z,1,1,0.0005378779023885727,0.9955684542655945,0.003893733723089099
gue_splice_reconstructed__bert-base-uncased__20260520T223812Z,0,0,0.9789246320724487,0.0001697036495897919,0.020905645564198494
gue_splice_reconstructed__bert-base-uncased__20260520T223812Z,2,2,0.0024724239483475685,0.0059079136699438095,0.9916197061538696
gue_splice_reconstructed__bert-base-uncased__20260520T223812Z,2,2,0.0014962056884542108,0.14059750735759735,0.8579063415527344
gue_splice_reconstructed__bert-base-uncased__20260520T223812Z,2,2,0.0020880564115941525,0.009212936274707317,0.9886990189552307
gue_splice_reconstructed__bert-base-uncased__20260520T223812Z,1,1,0.00015697235357947648,0.9676562547683716,0.032186806201934814
gue_splice_reconstructed__bert-base-uncased__20260520T223812Z,2,2,0.013178633525967598,0.0014191827503964305,0.9854022264480591
gue_splice_reconstructed__bert-base-uncased__20260520T223812Z,0,0,0.9852017760276794,0.00022538031043950468,0.01457288209348917
gue_splice_reconstructed__bert-base-uncased__20260520T223812Z,1,1,0.0002901898988056928,0.9937166571617126,0.005993120837956667
gue_splice_reconstructed__bert-base-uncased__20260520T223812Z,2,2,0.00705961836501956,0.00192810851149261,0.9910123348236084
gue_splice_reconstructed__bert-base-uncased__20260520T223812Z,1,1,0.0001648791803745553,0.9698535799980164,0.029981562867760658
gue_splice_reconstructed__bert-base-uncased__20260520T223812Z,2,2,0.018537845462560654,0.011899006552994251,0.9695631265640259
gue_splice_reconstructed__bert-base-uncased__20260520T223812Z,2,2,0.0025141313672065735,0.006708482280373573,0.9907773733139038
gue_splice_reconstructed__bert-base-uncased__20260520T223812Z,2,2,0.0020123454742133617,0.012969262897968292,0.9850184321403503
gue_splice_reconstructed__bert-base-uncased__20260520T223812Z,0,0,0.9769003391265869,0.00024833937641233206,0.022851428017020226
gue_splice_reconstructed__bert-base-uncased__20260520T223812Z,2,2,0.0012025304604321718,0.3770866394042969,0.6217107772827148
gue_splice_reconstructed__bert-base-uncased__20260520T223812Z,0,0,0.9770407676696777,0.0011350944405421615,0.021824095398187637
gue_splice_reconstructed__bert-base-uncased__20260520T223812Z,1,1,0.0002587531926110387,0.990410327911377,0.009330835193395615
gue_splice_reconstructed__bert-base-uncased__20260520T223812Z,1,1,0.00044437835458666086,0.7972023487091064,0.20235322415828705
gue_splice_reconstructed__bert-base-uncased__20260520T223812Z,1,1,0.0005630969535559416,0.8793756365776062,0.12006115913391113
gue_splice_reconstructed__bert-base-uncased__20260520T223812Z,2,2,0.003602866316214204,0.0071302540600299835,0.9892668724060059
gue_splice_reconstructed__bert-base-uncased__20260520T223812Z,0,0,0.8734480142593384,0.0003506860521156341,0.1262013018131256
gue_splice_reconstructed__bert-base-uncased__20260520T223812Z,0,0,0.9186699986457825,0.00019060693739447743,0.08113943785429001
gue_splice_reconstructed__bert-base-uncased__20260520T223812Z,1,1,0.0003004157915711403,0.9835438132286072,0.01615574210882187
gue_splice_reconstructed__bert-base-uncased__20260520T223812Z,1,1,0.0003903656324837357,0.9953342080116272,0.004275423940271139
gue_splice_reconstructed__bert-base-uncased__20260520T223812Z,2,2,0.0031576778274029493,0.006665247958153486,0.9901770949363708
gue_splice_reconstructed__bert-base-uncased__20260520T223812Z,0,0,0.988514244556427,0.0002836407220456749,0.011202090419828892
gue_splice_reconstructed__bert-base-uncased__20260520T223812Z,2,2,0.0015124730998650193,0.11759679764509201,0.8808907270431519
gue_splice_reconstructed__bert-base-uncased__20260520T223812Z,1,1,0.00018040509894490242,0.9549588561058044,0.044860731810331345
gue_splice_reconstructed__bert-base-uncased__20260520T223812Z,2,2,0.006850224919617176,0.008727413602173328,0.9844223260879517
gue_splice_reconstructed__bert-base-uncased__20260520T223812Z,2,2,0.0016534504247829318,0.3909910321235657,0.6073554754257202
gue_splice_reconstructed__bert-base-uncased__20260520T223812Z,1,1,0.0002734331937972456,0.9928380846977234,0.006888576317578554
gue_splice_reconstructed__bert-base-uncased__20260520T223812Z,2,2,0.0032749895472079515,0.005238531623035669,0.9914864301681519
gue_splice_reconstructed__bert-base-uncased__20260520T223812Z,0,0,0.9907744526863098,0.00021375615324359387,0.009011807851493359
gue_splice_reconstructed__bert-base-uncased__20260520T223812Z,2,2,0.002614060416817665,0.03904685005545616,0.9583390355110168
gue_splice_reconstructed__bert-base-uncased__20260520T223812Z,2,2,0.0020114383660256863,0.013414161279797554,0.9845743775367737
gue_splice_reconstructed__bert-base-uncased__20260520T223812Z,1,1,0.000264984555542469,0.9792237281799316,0.020511310547590256
gue_splice_reconstructed__bert-base-uncased__20260520T223812Z,2,2,0.1263442039489746,0.004327484872192144,0.8693283200263977
gue_splice_reconstructed__bert-base-uncased__20260520T223812Z,2,2,0.32467302680015564,0.0006298341904766858,0.6746971607208252
gue_splice_reconstructed__bert-base-uncased__20260520T223812Z,2,2,0.01678195595741272,0.006907507311552763,0.9763106107711792
gue_splice_reconstructed__bert-base-uncased__20260520T223812Z,2,2,0.004938875325024128,0.24468451738357544,0.7503765225410461
gue_splice_reconstructed__bert-base-uncased__20260520T223812Z,2,2,0.0036476831883192062,0.0045130932703614235,0.9918392300605774
gue_splice_reconstructed__bert-base-uncased__20260520T223812Z,2,0,0.6855167150497437,0.001243180362507701,0.31324005126953125
gue_splice_reconstructed__bert-base-uncased__20260520T223812Z,2,2,0.0040528359822928905,0.006185875274240971,0.9897612929344177
gue_splice_reconstructed__bert-base-uncased__20260520T223812Z,2,2,0.002676106058061123,0.006610502023249865,0.990713357925415
gue_splice_reconstructed__bert-base-uncased__20260520T223812Z,1,2,0.0022841482423245907,0.007167435251176357,0.9905484318733215
gue_splice_reconstructed__bert-base-uncased__20260520T223812Z,2,2,0.002169729210436344,0.005950001068413258,0.9918802380561829
gue_splice_reconstructed__bert-base-uncased__20260520T223812Z,0,2,0.31813326478004456,0.00043976533925160766,0.681427001953125
gue_splice_reconstructed__bert-base-uncased__20260520T223812Z,2,2,0.020200436934828758,0.003632364561781287,0.9761672019958496
gue_splice_reconstructed__bert-base-uncased__20260520T223812Z,2,2,0.05711546540260315,0.0021356812212616205,0.9407488703727722
gue_splice_reconstructed__bert-base-uncased__20260520T223812Z,2,2,0.0053211236372590065,0.0031742865685373545,0.9915046095848083
gue_splice_reconstructed__bert-base-uncased__20260520T223812Z,1,1,0.00034532739664427936,0.9938451647758484,0.0058094835840165615
gue_splice_reconstructed__bert-base-uncased__20260520T223812Z,0,0,0.9829745888710022,0.0002670407120604068,0.01675836369395256
gue_splice_reconstructed__bert-base-uncased__20260520T223812Z,2,2,0.0021281710360199213,0.009669095277786255,0.9882027506828308
gue_splice_reconstructed__bert-base-uncased__20260520T223812Z,2,2,0.0022022370249032974,0.020123254507780075,0.9776745438575745
gue_splice_reconstructed__bert-base-uncased__20260520T223812Z,1,2,0.0012758906232193112,0.14675459265708923,0.8519695401191711
gue_splice_reconstructed__bert-base-uncased__20260520T223812Z,0,0,0.9934263229370117,0.00030402751872316003,0.0062697106041014194
gue_splice_reconstructed__bert-base-uncased__20260520T223812Z,0,0,0.9947439432144165,0.0003259692748542875,0.004930086433887482
gue_splice_reconstructed__bert-base-uncased__20260520T223812Z,2,2,0.030346397310495377,0.006514976266771555,0.9631386399269104
gue_splice_reconstructed__bert-base-uncased__20260520T223812Z,0,0,0.9871959686279297,0.00023209693608805537,0.012571915052831173
gue_splice_reconstructed__bert-base-uncased__20260520T223812Z,1,1,0.0005344429519027472,0.7703980803489685,0.22906750440597534
gue_splice_reconstructed__bert-base-uncased__20260520T223812Z,2,2,0.0010365752968937159,0.03985853120684624,0.9591049551963806
gue_splice_reconstructed__bert-base-uncased__20260520T223812Z,2,2,0.10267752408981323,0.0011820354266092181,0.8961405158042908
gue_splice_reconstructed__bert-base-uncased__20260520T223812Z,2,2,0.006031505297869444,0.0011853562900796533,0.9927830696105957
gue_splice_reconstructed__bert-base-uncased__20260520T223812Z,2,2,0.002972362330183387,0.004848236218094826,0.9921793937683105
gue_splice_reconstructed__bert-base-uncased__20260520T223812Z,2,2,0.012892978265881538,0.0030893846414983273,0.9840176701545715
gue_splice_reconstructed__bert-base-uncased__20260520T223812Z,2,2,0.002312698867172003,0.006441937293857336,0.9912453293800354
gue_splice_reconstructed__bert-base-uncased__20260520T223812Z,2,2,0.003031365340575576,0.07204032689332962,0.9249283671379089
gue_splice_reconstructed__bert-base-uncased__20260520T223812Z,1,1,0.0002001565444516018,0.9798879623413086,0.019911950454115868
gue_splice_reconstructed__bert-base-uncased__20260520T223812Z,1,1,0.0003224321990273893,0.8301888704299927,0.16948865354061127
gue_splice_reconstructed__bert-base-uncased__20260520T223812Z,1,1,0.00023638489074073732,0.989846408367157,0.009917275980114937
gue_splice_reconstructed__bert-base-uncased__20260520T223812Z,2,2,0.002617744030430913,0.005293155089020729,0.992089033126831
gue_splice_reconstructed__bert-base-uncased__20260520T223812Z,0,0,0.9910753965377808,0.0001916679902933538,0.008732931688427925
gue_splice_reconstructed__bert-base-uncased__20260520T223812Z,2,2,0.0031103012152016163,0.006209782790392637,0.990679919719696
gue_splice_reconstructed__bert-base-uncased__20260520T223812Z,2,2,0.0022642940748482943,0.00616100337356329,0.9915747046470642
gue_splice_reconstructed__bert-base-uncased__20260520T223812Z,2,2,0.0027310261502861977,0.009644581004977226,0.9876244068145752
gue_splice_reconstructed__bert-base-uncased__20260520T223812Z,0,0,0.9687396287918091,0.0002947403700090945,0.030965713784098625
gue_splice_reconstructed__bert-base-uncased__20260520T223812Z,2,2,0.0027853960637003183,0.005544833838939667,0.991669774055481
gue_splice_reconstructed__bert-base-uncased__20260520T223812Z,1,1,0.000248105323407799,0.9932872653007507,0.006464670412242413
gue_splice_reconstructed__bert-base-uncased__20260520T223812Z,1,1,0.0002646881912369281,0.9915931224822998,0.008142251521348953
gue_splice_reconstructed__bert-base-uncased__20260520T223812Z,0,0,0.9672592282295227,0.0007355225388891995,0.03200516104698181
gue_splice_reconstructed__bert-base-uncased__20260520T223812Z,2,0,0.5551451444625854,0.0005222961772233248,0.4443325698375702
gue_splice_reconstructed__bert-base-uncased__20260520T223812Z,1,1,0.0013991153100505471,0.8623560070991516,0.13624481856822968
gue_splice_reconstructed__bert-base-uncased__20260520T223812Z,2,2,0.002311139367520809,0.022469408810138702,0.9752194881439209
gue_splice_reconstructed__bert-base-uncased__20260520T223812Z,2,2,0.0025150759611278772,0.00633526174351573,0.9911496639251709
gue_splice_reconstructed__bert-base-uncased__20260520T223812Z,0,0,0.9318109750747681,0.0010011931881308556,0.06718777865171432
gue_splice_reconstructed__bert-base-uncased__20260520T223812Z,2,2,0.002541440771892667,0.007587340660393238,0.9898712038993835
gue_splice_reconstructed__bert-base-uncased__20260520T223812Z,0,0,0.9942893981933594,0.0003509222879074514,0.005359570030122995
gue_splice_reconstructed__bert-base-uncased__20260520T223812Z,2,2,0.0018969554221257567,0.06228404492139816,0.9358189702033997
gue_splice_reconstructed__bert-base-uncased__20260520T223812Z,2,2,0.0017463446129113436,0.039035581052303314,0.9592181444168091
gue_splice_reconstructed__bert-base-uncased__20260520T223812Z,2,2,0.004338861908763647,0.0031589169520884752,0.9925022125244141
gue_splice_reconstructed__bert-base-uncased__20260520T223812Z,2,2,0.007350035943090916,0.0013649413594976068,0.9912850260734558
gue_splice_reconstructed__bert-base-uncased__20260520T223812Z,2,2,0.003952675499022007,0.0039875684306025505,0.9920597076416016
gue_splice_reconstructed__bert-base-uncased__20260520T223812Z,0,0,0.988520085811615,0.0003145773080177605,0.011165296658873558
gue_splice_reconstructed__bert-base-uncased__20260520T223812Z,0,0,0.980127215385437,0.00017599182319827378,0.0196967925876379
gue_splice_reconstructed__bert-base-uncased__20260520T223812Z,0,0,0.99073326587677,0.0002728535037022084,0.008993851020932198
gue_splice_reconstructed__bert-base-uncased__20260520T223812Z,2,2,0.002456850605085492,0.006378812249749899,0.9911642670631409
gue_splice_reconstructed__bert-base-uncased__20260520T223812Z,2,2,0.0021591163240373135,0.006949323229491711,0.9908916354179382
gue_splice_reconstructed__bert-base-uncased__20260520T223812Z,1,1,0.0002240772155346349,0.9910516738891602,0.008724198676645756
gue_splice_reconstructed__bert-base-uncased__20260520T223812Z,2,2,0.006233088206499815,0.02619107998907566,0.9675758481025696
gue_splice_reconstructed__bert-base-uncased__20260520T223812Z,0,0,0.9923315048217773,0.00037869031075388193,0.007289850153028965
gue_splice_reconstructed__bert-base-uncased__20260520T223812Z,0,0,0.9676241874694824,0.0005027530714869499,0.031872957944869995
gue_splice_reconstructed__bert-base-uncased__20260520T223812Z,0,0,0.9902470111846924,0.0003321908588986844,0.0094208475202322
gue_splice_reconstructed__bert-base-uncased__20260520T223812Z,2,2,0.16546671092510223,0.0007632755441591144,0.8337699770927429
gue_splice_reconstructed__bert-base-uncased__20260520T223812Z,2,2,0.0029092913027852774,0.006810704246163368,0.9902799725532532
gue_splice_reconstructed__bert-base-uncased__20260520T223812Z,2,2,0.000695032998919487,0.15067274868488312,0.8486322164535522
gue_splice_reconstructed__bert-base-uncased__20260520T223812Z,0,0,0.986515998840332,0.00017852832388598472,0.01330553088337183
gue_splice_reconstructed__bert-base-uncased__20260520T223812Z,0,0,0.9915771484375,0.0002447926381137222,0.008177980780601501
gue_splice_reconstructed__bert-base-uncased__20260520T223812Z,2,2,0.1566108763217926,0.0008825439144857228,0.8425065875053406
gue_splice_reconstructed__bert-base-uncased__20260520T223812Z,2,2,0.03523825481534004,0.0018194044241681695,0.962942361831665
gue_splice_reconstructed__bert-base-uncased__20260520T223812Z,2,2,0.0030959376599639654,0.008871333673596382,0.9880326986312866
gue_splice_reconstructed__bert-base-uncased__20260520T223812Z,2,2,0.0025195663329213858,0.010362043045461178,0.9871183633804321
gue_splice_reconstructed__bert-base-uncased__20260520T223812Z,0,0,0.9909682869911194,0.00020966274314559996,0.008821986615657806
gue_splice_reconstructed__bert-base-uncased__20260520T223812Z,2,2,0.0032517556101083755,0.008442653343081474,0.9883055686950684
gue_splice_reconstructed__bert-base-uncased__20260520T223812Z,2,2,0.00302201253362,0.00580237153917551,0.991175651550293
gue_splice_reconstructed__bert-base-uncased__20260520T223812Z,2,1,0.0005033312481828034,0.8532393574714661,0.1462574154138565
gue_splice_reconstructed__bert-base-uncased__20260520T223812Z,2,2,0.0039331065490841866,0.005055143032222986,0.9910117387771606
gue_splice_reconstructed__bert-base-uncased__20260520T223812Z,2,2,0.0427263043820858,0.0015385497827082872,0.9557351469993591
gue_splice_reconstructed__bert-base-uncased__20260520T223812Z,0,0,0.989015519618988,0.00018830425688065588,0.010796185582876205
gue_splice_reconstructed__bert-base-uncased__20260520T223812Z,2,2,0.04301842302083969,0.0004507496196310967,0.9565308094024658
gue_splice_reconstructed__bert-base-uncased__20260520T223812Z,1,1,0.0002783580857794732,0.9911714196205139,0.00855022668838501
gue_splice_reconstructed__bert-base-uncased__20260520T223812Z,2,2,0.011672284454107285,0.005129209719598293,0.9831984639167786
gue_splice_reconstructed__bert-base-uncased__20260520T223812Z,0,0,0.9857014417648315,0.00025155741604976356,0.014046980068087578
gue_splice_reconstructed__bert-base-uncased__20260520T223812Z,0,0,0.9673992395401001,0.00028863962506875396,0.03231208398938179
gue_splice_reconstructed__bert-base-uncased__20260520T223812Z,1,1,0.00017383391968905926,0.9833549857139587,0.016471220180392265
gue_splice_reconstructed__bert-base-uncased__20260520T223812Z,2,2,0.0034507170785218477,0.003588178427889943,0.9929611086845398
gue_splice_reconstructed__bert-base-uncased__20260520T223812Z,0,0,0.9789904356002808,0.00021453993394970894,0.020795056596398354
gue_splice_reconstructed__bert-base-uncased__20260520T223812Z,2,2,0.0011666669743135571,0.08804794400930405,0.9107853174209595
gue_splice_reconstructed__bert-base-uncased__20260520T223812Z,2,2,0.002754933200776577,0.01642080955207348,0.9808242321014404
gue_splice_reconstructed__bert-base-uncased__20260520T223812Z,0,0,0.9805635213851929,0.0001403753849444911,0.019296133890748024
gue_splice_reconstructed__bert-base-uncased__20260520T223812Z,1,1,0.00018025058670900762,0.9882816672325134,0.011538052000105381
gue_splice_reconstructed__bert-base-uncased__20260520T223812Z,2,2,0.04098264127969742,0.0016859895549714565,0.9573312997817993
gue_splice_reconstructed__bert-base-uncased__20260520T223812Z,0,0,0.7570762634277344,0.00023765333753544837,0.24268607795238495
gue_splice_reconstructed__bert-base-uncased__20260520T223812Z,1,1,0.00022587523562833667,0.9912296533584595,0.008544468320906162
gue_splice_reconstructed__bert-base-uncased__20260520T223812Z,1,1,0.00028736641979776323,0.9937049746513367,0.006007700227200985
gue_splice_reconstructed__bert-base-uncased__20260520T223812Z,2,1,0.0005300599150359631,0.5099819898605347,0.4894879162311554
gue_splice_reconstructed__bert-base-uncased__20260520T223812Z,2,2,0.36071038246154785,0.0006346394657157362,0.6386550068855286
gue_splice_reconstructed__bert-base-uncased__20260520T223812Z,2,0,0.771054208278656,0.0007998468354344368,0.22814589738845825
gue_splice_reconstructed__bert-base-uncased__20260520T223812Z,1,1,0.000189606798812747,0.9881069660186768,0.011703381314873695
gue_splice_reconstructed__bert-base-uncased__20260520T223812Z,2,0,0.7026291489601135,0.0004394972347654402,0.2969313859939575
gue_splice_reconstructed__bert-base-uncased__20260520T223812Z,2,2,0.0035964890848845243,0.005022573750466108,0.9913808703422546
gue_splice_reconstructed__bert-base-uncased__20260520T223812Z,2,2,0.003725900314748287,0.004700789228081703,0.9915732741355896
gue_splice_reconstructed__bert-base-uncased__20260520T223812Z,2,2,0.002680904231965542,0.04098495468497276,0.956334114074707
gue_splice_reconstructed__bert-base-uncased__20260520T223812Z,2,2,0.0011984400916844606,0.2063261717557907,0.7924754023551941
gue_splice_reconstructed__bert-base-uncased__20260520T223812Z,2,2,0.005154386628419161,0.0029541393741965294,0.9918915033340454
gue_splice_reconstructed__bert-base-uncased__20260520T223812Z,2,2,0.00262994016520679,0.008415263146162033,0.9889547824859619
gue_splice_reconstructed__bert-base-uncased__20260520T223812Z,2,2,0.30446699261665344,0.0006398789118975401,0.6948931217193604
gue_splice_reconstructed__bert-base-uncased__20260520T223812Z,2,2,0.012525204569101334,0.018366999924182892,0.9691078066825867
gue_splice_reconstructed__bert-base-uncased__20260520T223812Z,2,2,0.001727870898321271,0.011394381523132324,0.9868777394294739
gue_splice_reconstructed__bert-base-uncased__20260520T223812Z,1,1,0.0002142801822628826,0.9854741096496582,0.014311553910374641
gue_splice_reconstructed__bert-base-uncased__20260520T223812Z,2,2,0.05156147480010986,0.001324657117947936,0.9471138119697571
gue_splice_reconstructed__bert-base-uncased__20260520T223812Z,2,2,0.0025441653560847044,0.008456830866634846,0.9889989495277405
gue_splice_reconstructed__bert-base-uncased__20260520T223812Z,2,1,0.0004607032460626215,0.7180659174919128,0.28147339820861816
gue_splice_reconstructed__bert-base-uncased__20260520T223812Z,0,0,0.9863327145576477,0.0002775407338049263,0.013389813713729382
gue_splice_reconstructed__bert-base-uncased__20260520T223812Z,0,0,0.9910219311714172,0.00028603128157556057,0.008692046627402306
gue_splice_reconstructed__bert-base-uncased__20260520T223812Z,1,1,0.0002533906081225723,0.9928845763206482,0.006862041540443897
gue_splice_reconstructed__bert-base-uncased__20260520T223812Z,1,1,0.00028047210071235895,0.9928642511367798,0.006855203304439783
gue_splice_reconstructed__bert-base-uncased__20260520T223812Z,1,1,0.0002720579504966736,0.9936497807502747,0.006078178994357586
gue_splice_reconstructed__bert-base-uncased__20260520T223812Z,2,2,0.031637031584978104,0.0020210070069879293,0.9663419723510742
gue_splice_reconstructed__bert-base-uncased__20260520T223812Z,2,0,0.8221156001091003,0.0006094793207012117,0.17727483808994293
gue_splice_reconstructed__bert-base-uncased__20260520T223812Z,1,1,0.0002636709250509739,0.9935868978500366,0.006149437744170427
gue_splice_reconstructed__bert-base-uncased__20260520T223812Z,2,2,0.008720038458704948,0.0009427202749066055,0.9903372526168823
gue_splice_reconstructed__bert-base-uncased__20260520T223812Z,2,2,0.003052471438422799,0.005511142313480377,0.9914364218711853
gue_splice_reconstructed__bert-base-uncased__20260520T223812Z,2,2,0.0013355553383007646,0.024924740195274353,0.973739743232727
gue_splice_reconstructed__bert-base-uncased__20260520T223812Z,2,2,0.006494798697531223,0.001903058961033821,0.9916021227836609
gue_splice_reconstructed__bert-base-uncased__20260520T223812Z,2,2,0.002900540130212903,0.005934111308306456,0.9911653399467468
gue_splice_reconstructed__bert-base-uncased__20260520T223812Z,2,2,0.008404855616390705,0.000965361250564456,0.9906297326087952
gue_splice_reconstructed__bert-base-uncased__20260520T223812Z,2,2,0.12701527774333954,0.000744277669582516,0.8722404837608337
gue_splice_reconstructed__bert-base-uncased__20260520T223812Z,2,2,0.0035811078269034624,0.007347956299781799,0.9890708923339844
gue_splice_reconstructed__bert-base-uncased__20260520T223812Z,2,2,0.06979821622371674,0.001314479042775929,0.9288872480392456
gue_splice_reconstructed__bert-base-uncased__20260520T223812Z,2,2,0.0495503693819046,0.0024010115303099155,0.9480485916137695
gue_splice_reconstructed__bert-base-uncased__20260520T223812Z,0,0,0.9806230068206787,0.00021573879348579794,0.0191611610352993
gue_splice_reconstructed__bert-base-uncased__20260520T223812Z,1,1,0.00016591658641118556,0.9759558439254761,0.023878252133727074
gue_splice_reconstructed__bert-base-uncased__20260520T223812Z,2,2,0.0058459993451833725,0.014841067604720592,0.9793130159378052
gue_splice_reconstructed__bert-base-uncased__20260520T223812Z,1,1,0.00021146543440409005,0.9917105436325073,0.008077872917056084
gue_splice_reconstructed__bert-base-uncased__20260520T223812Z,1,1,0.00025666930014267564,0.9824339747428894,0.01730932481586933
gue_splice_reconstructed__bert-base-uncased__20260520T223812Z,2,2,0.010504263453185558,0.0033803933765739202,0.9861153364181519
gue_splice_reconstructed__bert-base-uncased__20260520T223812Z,2,2,0.002299614017829299,0.010136468335986137,0.9875639081001282
gue_splice_reconstructed__bert-base-uncased__20260520T223812Z,2,2,0.011672316119074821,0.00416595907881856,0.9841617345809937
gue_splice_reconstructed__bert-base-uncased__20260520T223812Z,2,2,0.00369848869740963,0.04230630025267601,0.9539952278137207
gue_splice_reconstructed__bert-base-uncased__20260520T223812Z,2,2,0.3728606104850769,0.0021052765659987926,0.6250341534614563
gue_splice_reconstructed__bert-base-uncased__20260520T223812Z,0,2,0.3016160726547241,0.0005214213742874563,0.6978625059127808
gue_splice_reconstructed__bert-base-uncased__20260520T223812Z,0,0,0.9769576787948608,0.0007923563243821263,0.02224992960691452
gue_splice_reconstructed__bert-base-uncased__20260520T223812Z,2,2,0.011667342856526375,0.0017039781669154763,0.9866286516189575
gue_splice_reconstructed__bert-base-uncased__20260520T223812Z,2,2,0.05133511498570442,0.0012668478302657604,0.9473980069160461
gue_splice_reconstructed__bert-base-uncased__20260520T223812Z,1,1,0.0002482535783201456,0.9919415712356567,0.007810163777321577
gue_splice_reconstructed__bert-base-uncased__20260520T223812Z,2,0,0.7225046157836914,0.0008426678250543773,0.27665266394615173
gue_splice_reconstructed__bert-base-uncased__20260520T223812Z,0,2,0.1013193130493164,0.0015645883977413177,0.8971161246299744
gue_splice_reconstructed__bert-base-uncased__20260520T223812Z,1,1,0.00021477995323948562,0.9916386008262634,0.008146601729094982
gue_splice_reconstructed__bert-base-uncased__20260520T223812Z,0,0,0.818705677986145,0.006641059182584286,0.17465327680110931
gue_splice_reconstructed__bert-base-uncased__20260520T223812Z,0,0,0.6598122119903564,0.0008771373541094363,0.3393106758594513
gue_splice_reconstructed__bert-base-uncased__20260520T223812Z,0,0,0.9861837029457092,0.00018485408509150147,0.013631442561745644
gue_splice_reconstructed__bert-base-uncased__20260520T223812Z,0,0,0.809792697429657,0.0008466204162687063,0.1893606334924698
gue_splice_reconstructed__bert-base-uncased__20260520T223812Z,0,0,0.9695969820022583,0.00015008446644060314,0.030253002420067787
gue_splice_reconstructed__bert-base-uncased__20260520T223812Z,2,2,0.01885201968252659,0.005688108503818512,0.9754599332809448
gue_splice_reconstructed__bert-base-uncased__20260520T223812Z,0,0,0.9876876473426819,0.00035546766594052315,0.011956846341490746
gue_splice_reconstructed__bert-base-uncased__20260520T223812Z,2,2,0.0040417141281068325,0.006983455270528793,0.9889748096466064
gue_splice_reconstructed__bert-base-uncased__20260520T223812Z,2,1,0.000368146545952186,0.7766755819320679,0.22295629978179932
gue_splice_reconstructed__bert-base-uncased__20260520T223812Z,2,2,0.0031904508359730244,0.006078107748180628,0.990731418132782
gue_splice_reconstructed__bert-base-uncased__20260520T223812Z,0,0,0.9836450815200806,0.0003057747089769691,0.01604904606938362
gue_splice_reconstructed__bert-base-uncased__20260520T223812Z,2,2,0.00329915015026927,0.005672653671354055,0.9910282492637634
gue_splice_reconstructed__bert-base-uncased__20260520T223812Z,0,0,0.9940664768218994,0.00032894397736527026,0.005604565143585205
gue_splice_reconstructed__bert-base-uncased__20260520T223812Z,2,0,0.5961217284202576,0.10568515211343765,0.29819318652153015
gue_splice_reconstructed__bert-base-uncased__20260520T223812Z,2,2,0.0035146845038980246,0.004678991623222828,0.9918063879013062
gue_splice_reconstructed__bert-base-uncased__20260520T223812Z,2,2,0.008014822378754616,0.001991154393181205,0.9899939894676208
gue_splice_reconstructed__bert-base-uncased__20260520T223812Z,2,2,0.009446099400520325,0.0012821413110941648,0.9892717599868774
gue_splice_reconstructed__bert-base-uncased__20260520T223812Z,2,2,0.003631920786574483,0.004949724301695824,0.9914183616638184
gue_splice_reconstructed__bert-base-uncased__20260520T223812Z,2,2,0.002584241796284914,0.014190278016030788,0.983225405216217
gue_splice_reconstructed__bert-base-uncased__20260520T223812Z,2,2,0.0024486456532031298,0.47444072365760803,0.5231106281280518
gue_splice_reconstructed__bert-base-uncased__20260520T223812Z,0,0,0.9649744629859924,0.0004888063413091004,0.034536734223365784
gue_splice_reconstructed__bert-base-uncased__20260520T223812Z,2,2,0.002579312538728118,0.006440215744078159,0.9909804463386536
gue_splice_reconstructed__bert-base-uncased__20260520T223812Z,1,1,0.00029219489078968763,0.9927958846092224,0.0069118682295084
gue_splice_reconstructed__bert-base-uncased__20260520T223812Z,2,2,0.0047145504504442215,0.003718605963513255,0.9915668368339539
gue_splice_reconstructed__bert-base-uncased__20260520T223812Z,2,2,0.005985107738524675,0.0021112540271133184,0.9919036030769348
gue_splice_reconstructed__bert-base-uncased__20260520T223812Z,2,2,0.002900371327996254,0.005991997197270393,0.9911076426506042
gue_splice_reconstructed__bert-base-uncased__20260520T223812Z,2,2,0.002735138637945056,0.010083191096782684,0.9871816635131836
gue_splice_reconstructed__bert-base-uncased__20260520T223812Z,1,1,0.0001933016610564664,0.9801902174949646,0.019616473466157913
gue_splice_reconstructed__bert-base-uncased__20260520T223812Z,0,0,0.9733683466911316,0.00015484492178075016,0.026476839557290077
gue_splice_reconstructed__bert-base-uncased__20260520T223812Z,0,0,0.9915533661842346,0.00026884564431384206,0.008177784271538258
gue_splice_reconstructed__bert-base-uncased__20260520T223812Z,2,1,0.0011786669492721558,0.5848850011825562,0.4139363169670105
gue_splice_reconstructed__bert-base-uncased__20260520T223812Z,2,2,0.019704105332493782,0.004580657929182053,0.9757152199745178
gue_splice_reconstructed__bert-base-uncased__20260520T223812Z,2,2,0.00269695115275681,0.006642504595220089,0.9906604886054993
gue_splice_reconstructed__bert-base-uncased__20260520T223812Z,2,2,0.0022515987511724234,0.00787421502172947,0.9898742437362671
gue_splice_reconstructed__bert-base-uncased__20260520T223812Z,1,1,0.00030362169491127133,0.99403977394104,0.00565665028989315
gue_splice_reconstructed__bert-base-uncased__20260520T223812Z,2,0,0.7331691980361938,0.0002552493824623525,0.26657557487487793
gue_splice_reconstructed__bert-base-uncased__20260520T223812Z,2,2,0.007242165971547365,0.0016080745263025165,0.9911497831344604
gue_splice_reconstructed__bert-base-uncased__20260520T223812Z,2,0,0.6226489543914795,0.18554352223873138,0.1918075829744339
gue_splice_reconstructed__bert-base-uncased__20260520T223812Z,2,0,0.7929385304450989,0.0008161471341736615,0.20624525845050812
gue_splice_reconstructed__bert-base-uncased__20260520T223812Z,1,1,0.0002594409743323922,0.9814736247062683,0.01826692745089531
gue_splice_reconstructed__bert-base-uncased__20260520T223812Z,2,1,0.00036463135620579123,0.8188725113868713,0.1807629019021988
gue_splice_reconstructed__bert-base-uncased__20260520T223812Z,2,2,0.003125565592199564,0.005213930271565914,0.9916605353355408
gue_splice_reconstructed__bert-base-uncased__20260520T223812Z,0,0,0.9840769171714783,0.0008266885997727513,0.015096424147486687
gue_splice_reconstructed__bert-base-uncased__20260520T223812Z,2,2,0.10956761240959167,0.024820713326334953,0.8656116724014282
gue_splice_reconstructed__bert-base-uncased__20260520T223812Z,2,2,0.003306018188595772,0.0036026937887072563,0.9930912256240845
gue_splice_reconstructed__bert-base-uncased__20260520T223812Z,2,2,0.0025689564645290375,0.006566469557583332,0.9908645749092102
gue_splice_reconstructed__bert-base-uncased__20260520T223812Z,1,0,0.39502525329589844,0.2580853998661041,0.34688934683799744
gue_splice_reconstructed__bert-base-uncased__20260520T223812Z,1,1,0.0003731163451448083,0.991184413433075,0.008442476391792297
gue_splice_reconstructed__bert-base-uncased__20260520T223812Z,2,2,0.0030692829750478268,0.007791899144649506,0.9891387820243835
gue_splice_reconstructed__bert-base-uncased__20260520T223812Z,2,2,0.0012815735535696149,0.10013177990913391,0.898586630821228
gue_splice_reconstructed__bert-base-uncased__20260520T223812Z,2,2,0.001211654394865036,0.14922620356082916,0.8495621681213379
gue_splice_reconstructed__bert-base-uncased__20260520T223812Z,0,0,0.9364615082740784,0.00024561616010032594,0.06329286098480225
gue_splice_reconstructed__bert-base-uncased__20260520T223812Z,2,2,0.003220478305593133,0.006442323327064514,0.9903372526168823
gue_splice_reconstructed__bert-base-uncased__20260520T223812Z,2,2,0.01926443912088871,0.0036928753834217787,0.9770426750183105
gue_splice_reconstructed__bert-base-uncased__20260520T223812Z,2,2,0.0025261566042900085,0.007773516234010458,0.9897003173828125
gue_splice_reconstructed__bert-base-uncased__20260520T223812Z,2,2,0.012993482872843742,0.00591409532353282,0.9810923933982849
gue_splice_reconstructed__bert-base-uncased__20260520T223812Z,1,1,0.00017522144480608404,0.9834904670715332,0.016334321349859238
gue_splice_reconstructed__bert-base-uncased__20260520T223812Z,1,1,0.0003231493756175041,0.9938730001449585,0.005803973879665136
gue_splice_reconstructed__bert-base-uncased__20260520T223812Z,0,0,0.9889421463012695,0.0002499317633919418,0.010807911865413189
gue_splice_reconstructed__bert-base-uncased__20260520T223812Z,0,0,0.9571416974067688,0.0006810663617216051,0.04217725619673729
gue_splice_reconstructed__bert-base-uncased__20260520T223812Z,2,2,0.010060692206025124,0.003997961059212685,0.9859413504600525
gue_splice_reconstructed__bert-base-uncased__20260520T223812Z,0,0,0.9709569811820984,0.00014912539336364716,0.02889399230480194
gue_splice_reconstructed__bert-base-uncased__20260520T223812Z,1,1,0.00020081647380720824,0.986966609954834,0.012832548469305038
gue_splice_reconstructed__bert-base-uncased__20260520T223812Z,2,1,0.00015933142276480794,0.9557055234909058,0.04413506016135216
gue_splice_reconstructed__bert-base-uncased__20260520T223812Z,2,2,0.0011945400619879365,0.324489563703537,0.674315869808197
gue_splice_reconstructed__bert-base-uncased__20260520T223812Z,0,0,0.9935187697410583,0.0004511241859290749,0.006030083168298006
gue_splice_reconstructed__bert-base-uncased__20260520T223812Z,2,2,0.003219587029889226,0.004781531635671854,0.9919988512992859
gue_splice_reconstructed__bert-base-uncased__20260520T223812Z,0,0,0.9920599460601807,0.0003321496769785881,0.007607830222696066
gue_splice_reconstructed__bert-base-uncased__20260520T223812Z,0,0,0.9894812107086182,0.00017491688777226955,0.010343825444579124
gue_splice_reconstructed__bert-base-uncased__20260520T223812Z,1,1,0.00029153135255910456,0.9828329682350159,0.01687551662325859
gue_splice_reconstructed__bert-base-uncased__20260520T223812Z,0,0,0.9933114051818848,0.00040430069202557206,0.00628430861979723
gue_splice_reconstructed__bert-base-uncased__20260520T223812Z,1,1,0.00021693513554055244,0.9726712703704834,0.027111772447824478
gue_splice_reconstructed__bert-base-uncased__20260520T223812Z,0,0,0.8053168058395386,0.0003915388369932771,0.19429171085357666
gue_splice_reconstructed__bert-base-uncased__20260520T223812Z,2,1,0.0002442253171466291,0.8954865336418152,0.10426925122737885
gue_splice_reconstructed__bert-base-uncased__20260520T223812Z,0,0,0.9867803454399109,0.0006331075564958155,0.012586577795445919
gue_splice_reconstructed__bert-base-uncased__20260520T223812Z,2,2,0.01674531027674675,0.002393617294728756,0.9808610081672668
gue_splice_reconstructed__bert-base-uncased__20260520T223812Z,2,2,0.01779744029045105,0.002395719289779663,0.9798067808151245
gue_splice_reconstructed__bert-base-uncased__20260520T223812Z,2,0,0.5357213020324707,0.0011030369205400348,0.46317562460899353
gue_splice_reconstructed__bert-base-uncased__20260520T223812Z,0,0,0.9471679329872131,0.0003788017202168703,0.05245322361588478
gue_splice_reconstructed__bert-base-uncased__20260520T223812Z,1,2,0.001397529267705977,0.31319165229797363,0.6854107975959778
gue_splice_reconstructed__bert-base-uncased__20260520T223812Z,1,1,0.0005699633038602769,0.7124260067939758,0.2870040535926819
gue_splice_reconstructed__bert-base-uncased__20260520T223812Z,1,1,0.00018703739624470472,0.986206591129303,0.013606404885649681
gue_splice_reconstructed__bert-base-uncased__20260520T223812Z,2,2,0.018422121182084084,0.004326771479099989,0.9772511124610901
gue_splice_reconstructed__bert-base-uncased__20260520T223812Z,2,2,0.07701881974935532,0.0021736829075962305,0.9208075404167175
gue_splice_reconstructed__bert-base-uncased__20260520T223812Z,2,2,0.002594119869172573,0.01618851162493229,0.9812173843383789
gue_splice_reconstructed__bert-base-uncased__20260520T223812Z,0,0,0.994449257850647,0.0005027537699788809,0.005047969054430723
gue_splice_reconstructed__bert-base-uncased__20260520T223812Z,1,1,0.00021926104091107845,0.9792672395706177,0.020513474941253662
gue_splice_reconstructed__bert-base-uncased__20260520T223812Z,2,2,0.020276106894016266,0.007525010500103235,0.9721988439559937
gue_splice_reconstructed__bert-base-uncased__20260520T223812Z,2,2,0.006694053299725056,0.00465953117236495,0.988646388053894
gue_splice_reconstructed__bert-base-uncased__20260520T223812Z,2,2,0.0019464099314063787,0.02841436304152012,0.969639241695404
gue_splice_reconstructed__bert-base-uncased__20260520T223812Z,2,1,0.0005796795012429357,0.5158085823059082,0.4836118221282959
gue_splice_reconstructed__bert-base-uncased__20260520T223812Z,1,1,0.00020414026221260428,0.9877474308013916,0.01204841211438179
gue_splice_reconstructed__bert-base-uncased__20260520T223812Z,1,1,0.0002179324656026438,0.9905941486358643,0.009187879040837288
gue_splice_reconstructed__bert-base-uncased__20260520T223812Z,2,2,0.00901766587048769,0.0022228604648262262,0.9887595176696777
gue_splice_reconstructed__bert-base-uncased__20260520T223812Z,2,2,0.002663523657247424,0.005486584734171629,0.9918498992919922
gue_splice_reconstructed__bert-base-uncased__20260520T223812Z,2,2,0.0015741469105705619,0.02248600497841835,0.9759398698806763
gue_splice_reconstructed__bert-base-uncased__20260520T223812Z,0,0,0.9804255366325378,0.0002173870598198846,0.019357111304998398
gue_splice_reconstructed__bert-base-uncased__20260520T223812Z,2,2,0.0025063154753297567,0.005930697545409203,0.9915629625320435
gue_splice_reconstructed__bert-base-uncased__20260520T223812Z,2,2,0.0025856310967355967,0.007879208773374557,0.9895351529121399
gue_splice_reconstructed__bert-base-uncased__20260520T223812Z,2,2,0.04084967076778412,0.0018917665584012866,0.9572585821151733
gue_splice_reconstructed__bert-base-uncased__20260520T223812Z,1,1,0.0006363559514284134,0.9353974461555481,0.06396616995334625
gue_splice_reconstructed__bert-base-uncased__20260520T223812Z,0,0,0.9898172616958618,0.0004005247901659459,0.009782322682440281
gue_splice_reconstructed__bert-base-uncased__20260520T223812Z,1,1,0.00020555543596856296,0.9868549108505249,0.012939626350998878
gue_splice_reconstructed__bert-base-uncased__20260520T223812Z,1,1,0.00016847928054630756,0.9718619585037231,0.027969596907496452
gue_splice_reconstructed__bert-base-uncased__20260520T223812Z,1,1,0.0001940462097991258,0.9878168702125549,0.011989105492830276
gue_splice_reconstructed__bert-base-uncased__20260520T223812Z,1,1,0.00016030958795454353,0.9843758940696716,0.015463839285075665
gue_splice_reconstructed__bert-base-uncased__20260520T223812Z,0,0,0.9883887767791748,0.00034883973421528935,0.011262365616858006
gue_splice_reconstructed__bert-base-uncased__20260520T223812Z,2,2,0.0031536584720015526,0.00599629245698452,0.9908500909805298
gue_splice_reconstructed__bert-base-uncased__20260520T223812Z,2,2,0.029069894924759865,0.0016642117407172918,0.9692659378051758
gue_splice_reconstructed__bert-base-uncased__20260520T223812Z,0,0,0.9864815473556519,0.00023283671180251986,0.013285590335726738
gue_splice_reconstructed__bert-base-uncased__20260520T223812Z,0,0,0.9778144955635071,0.00016753634554333985,0.022018056362867355
gue_splice_reconstructed__bert-base-uncased__20260520T223812Z,2,0,0.5838409662246704,0.0005334348534233868,0.41562560200691223
gue_splice_reconstructed__bert-base-uncased__20260520T223812Z,1,1,0.00021785980788990855,0.9902639389038086,0.009518107399344444
gue_splice_reconstructed__bert-base-uncased__20260520T223812Z,2,1,0.0042924340814352036,0.5019862651824951,0.49372127652168274
gue_splice_reconstructed__bert-base-uncased__20260520T223812Z,0,0,0.9897388815879822,0.00028902830672450364,0.009972037747502327
gue_splice_reconstructed__bert-base-uncased__20260520T223812Z,2,2,0.01732531003654003,0.0038544898852705956,0.978820264339447
gue_splice_reconstructed__bert-base-uncased__20260520T223812Z,0,0,0.6340080499649048,0.0004868431424256414,0.3655051589012146
gue_splice_reconstructed__bert-base-uncased__20260520T223812Z,1,1,0.00042779993964359164,0.9951100945472717,0.004462132696062326
gue_splice_reconstructed__bert-base-uncased__20260520T223812Z,1,1,0.0002948343171738088,0.990092933177948,0.009612200781702995
gue_splice_reconstructed__bert-base-uncased__20260520T223812Z,0,0,0.9930429458618164,0.0002594409743323922,0.006697607692331076
gue_splice_reconstructed__bert-base-uncased__20260520T223812Z,2,2,0.003092419123277068,0.004198040347546339,0.9927095174789429
gue_splice_reconstructed__bert-base-uncased__20260520T223812Z,0,0,0.9786173105239868,0.00044349092058837414,0.020939139649271965
gue_splice_reconstructed__bert-base-uncased__20260520T223812Z,2,2,0.0025206769350916147,0.3396269381046295,0.6578524112701416
gue_splice_reconstructed__bert-base-uncased__20260520T223812Z,2,2,0.0008892766200006008,0.2586574852466583,0.7404532432556152
gue_splice_reconstructed__bert-base-uncased__20260520T223812Z,2,2,0.0032327966764569283,0.006517686415463686,0.9902495741844177
gue_splice_reconstructed__bert-base-uncased__20260520T223812Z,2,2,0.02902320586144924,0.0018490604124963284,0.9691277742385864
gue_splice_reconstructed__bert-base-uncased__20260520T223812Z,2,2,0.032722149044275284,0.003496365388855338,0.9637815356254578
gue_splice_reconstructed__bert-base-uncased__20260520T223812Z,2,2,0.019648704677820206,0.0035713131073862314,0.9767799973487854
gue_splice_reconstructed__bert-base-uncased__20260520T223812Z,0,0,0.9881254434585571,0.00018813479982782155,0.011686470359563828
gue_splice_reconstructed__bert-base-uncased__20260520T223812Z,1,1,0.0002018737723119557,0.9844419360160828,0.015356240794062614
gue_splice_reconstructed__bert-base-uncased__20260520T223812Z,2,2,0.0016799077857285738,0.010310801677405834,0.9880092740058899
gue_splice_reconstructed__bert-base-uncased__20260520T223812Z,1,1,0.00027710350695997477,0.9925026893615723,0.00722025241702795
gue_splice_reconstructed__bert-base-uncased__20260520T223812Z,1,1,0.00019408469961490482,0.9689030051231384,0.030902959406375885
gue_splice_reconstructed__bert-base-uncased__20260520T223812Z,2,2,0.004133227746933699,0.005996217951178551,0.9898706078529358
gue_splice_reconstructed__bert-base-uncased__20260520T223812Z,2,2,0.03320976719260216,0.002635066630318761,0.9641551971435547
gue_splice_reconstructed__bert-base-uncased__20260520T223812Z,0,0,0.9886288642883301,0.00019649496243800968,0.011174706742167473
gue_splice_reconstructed__bert-base-uncased__20260520T223812Z,2,2,0.2892276644706726,0.003266815794631839,0.707505464553833
gue_splice_reconstructed__bert-base-uncased__20260520T223812Z,2,2,0.020867105573415756,0.017866019159555435,0.9612668752670288
gue_splice_reconstructed__bert-base-uncased__20260520T223812Z,0,0,0.94110107421875,0.0003591399290598929,0.058539796620607376
gue_splice_reconstructed__bert-base-uncased__20260520T223812Z,2,2,0.0071285441517829895,0.0038418076001107693,0.9890296459197998
gue_splice_reconstructed__bert-base-uncased__20260520T223812Z,2,2,0.08263951539993286,0.0015939988661557436,0.9157664775848389
gue_splice_reconstructed__bert-base-uncased__20260520T223812Z,2,2,0.0031304708682000637,0.003652749815955758,0.9932168126106262
gue_splice_reconstructed__bert-base-uncased__20260520T223812Z,2,2,0.003103790571913123,0.06090273708105087,0.9359934329986572
gue_splice_reconstructed__bert-base-uncased__20260520T223812Z,2,2,0.0062907845713198185,0.003734453348442912,0.9899747967720032
gue_splice_reconstructed__bert-base-uncased__20260520T223812Z,0,0,0.9847255349159241,0.0003103243943769485,0.01496413629502058
gue_splice_reconstructed__bert-base-uncased__20260520T223812Z,2,0,0.9559848308563232,0.00031758061959408224,0.043697576969861984
gue_splice_reconstructed__bert-base-uncased__20260520T223812Z,1,1,0.0005410818848758936,0.9956476092338562,0.0038112748879939318
gue_splice_reconstructed__bert-base-uncased__20260520T223812Z,1,1,0.00035242957528680563,0.9946670532226562,0.004980513826012611
gue_splice_reconstructed__bert-base-uncased__20260520T223812Z,2,2,0.017260858789086342,0.023615848273038864,0.9591232538223267
gue_splice_reconstructed__bert-base-uncased__20260520T223812Z,1,1,0.00020887407299596816,0.9911046624183655,0.008686408400535583
gue_splice_reconstructed__bert-base-uncased__20260520T223812Z,2,2,0.03210076689720154,0.006592100486159325,0.9613071084022522
gue_splice_reconstructed__bert-base-uncased__20260520T223812Z,2,2,0.24949026107788086,0.0005603391327895224,0.7499493956565857
gue_splice_reconstructed__bert-base-uncased__20260520T223812Z,0,2,0.0792010948061943,0.002809827448800206,0.9179890751838684
gue_splice_reconstructed__bert-base-uncased__20260520T223812Z,0,0,0.9913440942764282,0.0002223990304628387,0.008433535695075989
gue_splice_reconstructed__bert-base-uncased__20260520T223812Z,2,2,0.0016625509597361088,0.016709381714463234,0.9816281199455261
gue_splice_reconstructed__bert-base-uncased__20260520T223812Z,2,2,0.010318068787455559,0.015353715978562832,0.9743281602859497
gue_splice_reconstructed__bert-base-uncased__20260520T223812Z,2,2,0.002729708794504404,0.010122309438884258,0.9871479868888855
gue_splice_reconstructed__bert-base-uncased__20260520T223812Z,0,2,0.15649983286857605,0.0007684718002565205,0.8427317142486572
gue_splice_reconstructed__bert-base-uncased__20260520T223812Z,1,1,0.0002792163286358118,0.9922875165939331,0.007433300372213125
gue_splice_reconstructed__bert-base-uncased__20260520T223812Z,2,0,0.7613692879676819,0.0013834378914907575,0.2372472882270813
gue_splice_reconstructed__bert-base-uncased__20260520T223812Z,2,2,0.002061497187241912,0.006443559192121029,0.99149489402771
gue_splice_reconstructed__bert-base-uncased__20260520T223812Z,2,2,0.0024351689498871565,0.00744247529655695,0.990122377872467
gue_splice_reconstructed__bert-base-uncased__20260520T223812Z,2,2,0.0023239131551235914,0.007443304639309645,0.9902327060699463
gue_splice_reconstructed__bert-base-uncased__20260520T223812Z,2,1,0.0003895688569173217,0.7675647735595703,0.23204559087753296
gue_splice_reconstructed__bert-base-uncased__20260520T223812Z,0,0,0.9766596555709839,0.00021402914717327803,0.023126384243369102
gue_splice_reconstructed__bert-base-uncased__20260520T223812Z,2,2,0.01479452382773161,0.004185230936855078,0.9810202717781067
gue_splice_reconstructed__bert-base-uncased__20260520T223812Z,2,2,0.01935451105237007,0.0028613812755793333,0.9777840375900269
gue_splice_reconstructed__bert-base-uncased__20260520T223812Z,2,2,0.0031706199515610933,0.008402560837566853,0.9884267449378967
gue_splice_reconstructed__bert-base-uncased__20260520T223812Z,0,0,0.9867005944252014,0.0002547806943766773,0.013044646941125393
gue_splice_reconstructed__bert-base-uncased__20260520T223812Z,1,1,0.00025135421310551465,0.9602125883102417,0.03953606262803078
gue_splice_reconstructed__bert-base-uncased__20260520T223812Z,2,2,0.0031327209435403347,0.004875802900642157,0.9919914603233337
gue_splice_reconstructed__bert-base-uncased__20260520T223812Z,1,1,0.00027436649543233216,0.9750520586967468,0.024673577398061752
gue_splice_reconstructed__bert-base-uncased__20260520T223812Z,2,2,0.004049405921250582,0.016637448221445084,0.97931307554245
gue_splice_reconstructed__bert-base-uncased__20260520T223812Z,2,1,0.0005931224441155791,0.9594089984893799,0.03999790921807289
gue_splice_reconstructed__bert-base-uncased__20260520T223812Z,2,0,0.647462010383606,0.0005190027877688408,0.35201898217201233
gue_splice_reconstructed__bert-base-uncased__20260520T223812Z,2,2,0.01960768923163414,0.0006409956840798259,0.9797512888908386
gue_splice_reconstructed__bert-base-uncased__20260520T223812Z,2,2,0.0024715575855225325,0.006256116088479757,0.9912722706794739
gue_splice_reconstructed__bert-base-uncased__20260520T223812Z,2,2,0.009407716803252697,0.007262624334543943,0.9833295941352844
gue_splice_reconstructed__bert-base-uncased__20260520T223812Z,2,0,0.6482023000717163,0.0007501246873289347,0.3510475158691406
gue_splice_reconstructed__bert-base-uncased__20260520T223812Z,2,2,0.0016339340945705771,0.012683563865721226,0.9856825470924377
gue_splice_reconstructed__bert-base-uncased__20260520T223812Z,1,1,0.00024913359084166586,0.9915767908096313,0.008173985406756401
gue_splice_reconstructed__bert-base-uncased__20260520T223812Z,2,2,0.010056842118501663,0.005341148003935814,0.9846019744873047
gue_splice_reconstructed__bert-base-uncased__20260520T223812Z,2,2,0.007597987540066242,0.0030758660286664963,0.9893261194229126
gue_splice_reconstructed__bert-base-uncased__20260520T223812Z,2,2,0.0029532299377024174,0.007395474705845118,0.9896513223648071
gue_splice_reconstructed__bert-base-uncased__20260520T223812Z,2,2,0.0038777680601924658,0.005603681318461895,0.9905185103416443
gue_splice_reconstructed__bert-base-uncased__20260520T223812Z,0,0,0.9786937236785889,0.00045849912567064166,0.02084781788289547
gue_splice_reconstructed__bert-base-uncased__20260520T223812Z,2,2,0.11890271306037903,0.0012306036660447717,0.8798667192459106
gue_splice_reconstructed__bert-base-uncased__20260520T223812Z,1,1,0.0001638698304304853,0.9829279780387878,0.016908081248402596
gue_splice_reconstructed__bert-base-uncased__20260520T223812Z,2,2,0.008194084279239178,0.001182777457870543,0.9906231760978699
gue_splice_reconstructed__bert-base-uncased__20260520T223812Z,2,2,0.0024564946070313454,0.00652276212349534,0.9910207390785217
gue_splice_reconstructed__bert-base-uncased__20260520T223812Z,1,1,0.00027140919701196253,0.9816468358039856,0.018081819638609886
gue_splice_reconstructed__bert-base-uncased__20260520T223812Z,2,2,0.0009967731311917305,0.039986442774534225,0.9590167999267578
gue_splice_reconstructed__bert-base-uncased__20260520T223812Z,2,2,0.0030941388104110956,0.009447219781577587,0.9874585866928101
gue_splice_reconstructed__bert-base-uncased__20260520T223812Z,0,0,0.9858983755111694,0.00015142018673941493,0.013950238935649395
gue_splice_reconstructed__bert-base-uncased__20260520T223812Z,2,2,0.018792910501360893,0.004522944800555706,0.9766840934753418
gue_splice_reconstructed__bert-base-uncased__20260520T223812Z,0,0,0.9667903780937195,0.00017633083916734904,0.03303332254290581
gue_splice_reconstructed__bert-base-uncased__20260520T223812Z,1,1,0.00023833282466512173,0.9902368187904358,0.009524822235107422
gue_splice_reconstructed__bert-base-uncased__20260520T223812Z,2,2,0.05648781731724739,0.0013542543165385723,0.9421579837799072
gue_splice_reconstructed__bert-base-uncased__20260520T223812Z,2,2,0.0028018925804644823,0.007418137043714523,0.9897799491882324
gue_splice_reconstructed__bert-base-uncased__20260520T223812Z,2,2,0.003598250448703766,0.004535308573395014,0.991866409778595
gue_splice_reconstructed__bert-base-uncased__20260520T223812Z,2,2,0.0035700781736522913,0.004611009266227484,0.991818904876709
gue_splice_reconstructed__bert-base-uncased__20260520T223812Z,1,1,0.0005004197591915727,0.7891632914543152,0.21033629775047302
gue_splice_reconstructed__bert-base-uncased__20260520T223812Z,1,1,0.0002332936564926058,0.9922860860824585,0.007480622734874487
gue_splice_reconstructed__bert-base-uncased__20260520T223812Z,2,2,0.024674158543348312,0.0016782779712229967,0.9736475944519043
gue_splice_reconstructed__bert-base-uncased__20260520T223812Z,1,1,0.0002463525743223727,0.9881983399391174,0.011555400677025318
gue_splice_reconstructed__bert-base-uncased__20260520T223812Z,0,0,0.9742943644523621,0.0007293859962373972,0.024976255372166634
gue_splice_reconstructed__bert-base-uncased__20260520T223812Z,1,1,0.0011503022396937013,0.9540612101554871,0.044788479804992676
gue_splice_reconstructed__bert-base-uncased__20260520T223812Z,2,2,0.003670505015179515,0.006051639560610056,0.9902778267860413
gue_splice_reconstructed__bert-base-uncased__20260520T223812Z,0,0,0.7797151803970337,0.0003561235498636961,0.2199287712574005
gue_splice_reconstructed__bert-base-uncased__20260520T223812Z,0,0,0.9826760292053223,0.00016446902009192854,0.017159465700387955
gue_splice_reconstructed__bert-base-uncased__20260520T223812Z,2,2,0.0035576624795794487,0.004204250406473875,0.9922381043434143
gue_splice_reconstructed__bert-base-uncased__20260520T223812Z,2,2,0.0024854890070855618,0.010342387482523918,0.9871721863746643
gue_splice_reconstructed__bert-base-uncased__20260520T223812Z,2,2,0.003592508379369974,0.004187780898064375,0.9922196865081787
gue_splice_reconstructed__bert-base-uncased__20260520T223812Z,2,2,0.0025782776065170765,0.004902276676148176,0.9925194978713989
gue_splice_reconstructed__bert-base-uncased__20260520T223812Z,1,1,0.0003215050674043596,0.9926859140396118,0.006992568261921406
gue_splice_reconstructed__bert-base-uncased__20260520T223812Z,1,1,0.000272077857516706,0.9859893321990967,0.013738580979406834
gue_splice_reconstructed__bert-base-uncased__20260520T223812Z,2,0,0.8214448690414429,0.00038408016553148627,0.17817112803459167
gue_splice_reconstructed__bert-base-uncased__20260520T223812Z,1,1,0.0009527003858238459,0.8678321838378906,0.1312151402235031
gue_splice_reconstructed__bert-base-uncased__20260520T223812Z,2,2,0.0018688171403482556,0.010966408997774124,0.9871647357940674
gue_splice_reconstructed__bert-base-uncased__20260520T223812Z,0,0,0.8636716604232788,0.00047396591980941594,0.1358543336391449
gue_splice_reconstructed__bert-base-uncased__20260520T223812Z,2,2,0.26744553446769714,0.0005754024023190141,0.7319790720939636
gue_splice_reconstructed__bert-base-uncased__20260520T223812Z,0,0,0.8861399292945862,0.0007590973982587457,0.11310099065303802
gue_splice_reconstructed__bert-base-uncased__20260520T223812Z,2,2,0.009068997576832771,0.0013867070665583014,0.9895442724227905
gue_splice_reconstructed__bert-base-uncased__20260520T223812Z,1,1,0.00019691493071150035,0.9307159781455994,0.06908711791038513
gue_splice_reconstructed__bert-base-uncased__20260520T223812Z,2,1,0.0014243422774598002,0.8167006969451904,0.18187499046325684
gue_splice_reconstructed__bert-base-uncased__20260520T223812Z,1,1,0.0003135873412247747,0.9495114684104919,0.05017504841089249
gue_splice_reconstructed__bert-base-uncased__20260520T223812Z,2,2,0.01203838549554348,0.0032023394014686346,0.9847592711448669
gue_splice_reconstructed__bert-base-uncased__20260520T223812Z,0,0,0.9832073450088501,0.00025288891629315913,0.016539763659238815
gue_splice_reconstructed__bert-base-uncased__20260520T223812Z,1,1,0.0003279582888353616,0.7495748400688171,0.25009727478027344
gue_splice_reconstructed__bert-base-uncased__20260520T223812Z,2,2,0.009532710537314415,0.004719034302979708,0.9857482314109802
gue_splice_reconstructed__bert-base-uncased__20260520T223812Z,2,2,0.0024419117253273726,0.006631325464695692,0.9909267425537109
gue_splice_reconstructed__bert-base-uncased__20260520T223812Z,1,1,0.0003094375424552709,0.9332934617996216,0.06639710068702698
gue_splice_reconstructed__bert-base-uncased__20260520T223812Z,1,1,0.00023683294421061873,0.9917226433753967,0.008040587417781353
gue_splice_reconstructed__bert-base-uncased__20260520T223812Z,1,1,0.00033008167520165443,0.9936156272888184,0.00605427473783493
gue_splice_reconstructed__bert-base-uncased__20260520T223812Z,1,1,0.00018679471395444125,0.988781750202179,0.011031403206288815
gue_splice_reconstructed__bert-base-uncased__20260520T223812Z,0,0,0.9747102856636047,0.00018128161900676787,0.02510845474898815
gue_splice_reconstructed__bert-base-uncased__20260520T223812Z,1,1,0.0001656200911384076,0.9553688764572144,0.044465549290180206
gue_splice_reconstructed__bert-base-uncased__20260520T223812Z,1,1,0.0002441669348627329,0.9929136633872986,0.0068421680480241776
gue_splice_reconstructed__bert-base-uncased__20260520T223812Z,1,1,0.0002616841229610145,0.9689177870750427,0.03082054853439331
gue_splice_reconstructed__bert-base-uncased__20260520T223812Z,1,1,0.0002207664801971987,0.9917851686477661,0.007994115352630615
gue_splice_reconstructed__bert-base-uncased__20260520T223812Z,2,2,0.06599574536085129,0.0013563870452344418,0.9326478838920593
gue_splice_reconstructed__bert-base-uncased__20260520T223812Z,2,2,0.0009071373497135937,0.06821107119321823,0.9308817982673645
gue_splice_reconstructed__bert-base-uncased__20260520T223812Z,1,1,0.0003779080288950354,0.9941575527191162,0.005464553367346525
gue_splice_reconstructed__bert-base-uncased__20260520T223812Z,2,2,0.0030252886936068535,0.008593032136559486,0.9883816838264465
gue_splice_reconstructed__bert-base-uncased__20260520T223812Z,0,0,0.9831573367118835,0.00017447922436986119,0.016668131574988365
gue_splice_reconstructed__bert-base-uncased__20260520T223812Z,2,2,0.0032762016635388136,0.004870366305112839,0.9918534159660339
gue_splice_reconstructed__bert-base-uncased__20260520T223812Z,2,2,0.0012707131681963801,0.053992532193660736,0.9447367787361145
gue_splice_reconstructed__bert-base-uncased__20260520T223812Z,2,2,0.0009270134032703936,0.11411436647176743,0.8849586248397827
gue_splice_reconstructed__bert-base-uncased__20260520T223812Z,2,2,0.00480255950242281,0.0036894483491778374,0.9915080070495605
gue_splice_reconstructed__bert-base-uncased__20260520T223812Z,2,0,0.9588707685470581,0.00019586346752475947,0.040933459997177124
gue_splice_reconstructed__bert-base-uncased__20260520T223812Z,2,2,0.007492851931601763,0.03947117179632187,0.9530359506607056
gue_splice_reconstructed__bert-base-uncased__20260520T223812Z,2,2,0.0018776000943034887,0.012112672440707684,0.9860097169876099
gue_splice_reconstructed__bert-base-uncased__20260520T223812Z,2,2,0.004849086981266737,0.08895158767700195,0.9061992764472961
gue_splice_reconstructed__bert-base-uncased__20260520T223812Z,0,0,0.9844765067100525,0.0002522281720302999,0.015271254815161228
gue_splice_reconstructed__bert-base-uncased__20260520T223812Z,2,2,0.24230580031871796,0.09078653901815414,0.6669077277183533
gue_splice_reconstructed__bert-base-uncased__20260520T223812Z,2,2,0.004002175759524107,0.005153973586857319,0.9908438920974731
gue_splice_reconstructed__bert-base-uncased__20260520T223812Z,1,1,0.0002555059618316591,0.9798932075500488,0.019851382821798325
gue_splice_reconstructed__bert-base-uncased__20260520T223812Z,0,0,0.9700127243995667,0.0002849324082490057,0.0297023244202137
gue_splice_reconstructed__bert-base-uncased__20260520T223812Z,1,1,0.0002599565195851028,0.9930747747421265,0.006665198132395744
gue_splice_reconstructed__bert-base-uncased__20260520T223812Z,2,2,0.002494534244760871,0.004803648218512535,0.9927017688751221
gue_splice_reconstructed__bert-base-uncased__20260520T223812Z,2,2,0.0027896184474229813,0.005975236184895039,0.9912351369857788
gue_splice_reconstructed__bert-base-uncased__20260520T223812Z,2,2,0.00275395973585546,0.00521080894395709,0.9920352101325989
gue_splice_reconstructed__bert-base-uncased__20260520T223812Z,1,2,0.006701215170323849,0.00937668513506651,0.9839221239089966
gue_splice_reconstructed__bert-base-uncased__20260520T223812Z,1,1,0.00033383851405233145,0.9114269614219666,0.08823912590742111
gue_splice_reconstructed__bert-base-uncased__20260520T223812Z,2,2,0.0025791400112211704,0.008440173231065273,0.9889806509017944
gue_splice_reconstructed__bert-base-uncased__20260520T223812Z,1,1,0.00029563053976744413,0.8246416449546814,0.17506270110607147
gue_splice_reconstructed__bert-base-uncased__20260520T223812Z,1,1,0.00017693616973701864,0.9720059633255005,0.027817104011774063
gue_splice_reconstructed__bert-base-uncased__20260520T223812Z,2,2,0.0027590703684836626,0.009171177633106709,0.9880697131156921
gue_splice_reconstructed__bert-base-uncased__20260520T223812Z,2,2,0.0037894099950790405,0.0033703711815178394,0.9928401708602905
gue_splice_reconstructed__bert-base-uncased__20260520T223812Z,0,0,0.9906418919563293,0.0002701769699342549,0.009087927639484406
gue_splice_reconstructed__bert-base-uncased__20260520T223812Z,0,0,0.9901005625724792,0.0003619475173763931,0.00953747145831585
gue_splice_reconstructed__bert-base-uncased__20260520T223812Z,2,2,0.20620247721672058,0.001023465651087463,0.7927740812301636
gue_splice_reconstructed__bert-base-uncased__20260520T223812Z,2,2,0.0009368506143800914,0.06726865470409393,0.9317945241928101
gue_splice_reconstructed__bert-base-uncased__20260520T223812Z,0,0,0.9917927384376526,0.0003023442695848644,0.007904901169240475
gue_splice_reconstructed__bert-base-uncased__20260520T223812Z,2,2,0.003055997658520937,0.012086705304682255,0.9848573207855225
gue_splice_reconstructed__bert-base-uncased__20260520T223812Z,2,2,0.1947057843208313,0.0014074818463996053,0.8038867712020874
gue_splice_reconstructed__bert-base-uncased__20260520T223812Z,1,1,0.00019793547107838094,0.9410372376441956,0.058764923363924026
gue_splice_reconstructed__bert-base-uncased__20260520T223812Z,2,2,0.0027972355019301176,0.005200469866394997,0.9920023679733276
gue_splice_reconstructed__bert-base-uncased__20260520T223812Z,1,1,0.000547027972061187,0.9929208159446716,0.006532077677547932
gue_splice_reconstructed__bert-base-uncased__20260520T223812Z,2,2,0.009441046044230461,0.02188687212765217,0.9686720371246338
gue_splice_reconstructed__bert-base-uncased__20260520T223812Z,2,2,0.010732835158705711,0.002146702026948333,0.9871204495429993
gue_splice_reconstructed__bert-base-uncased__20260520T223812Z,1,1,0.00020440616935957223,0.9890340566635132,0.010761519894003868
gue_splice_reconstructed__bert-base-uncased__20260520T223812Z,1,1,0.00018547473882790655,0.9779670238494873,0.021847451105713844
gue_splice_reconstructed__bert-base-uncased__20260520T223812Z,2,2,0.01007906999439001,0.0050680749118328094,0.9848528504371643
gue_splice_reconstructed__bert-base-uncased__20260520T223812Z,0,2,0.3122054636478424,0.0005267105298116803,0.6872677803039551
gue_splice_reconstructed__bert-base-uncased__20260520T223812Z,0,0,0.986485481262207,0.0002079005935229361,0.013306540437042713
gue_splice_reconstructed__bert-base-uncased__20260520T223812Z,1,1,0.0003483140026219189,0.9271060228347778,0.07254567742347717
gue_splice_reconstructed__bert-base-uncased__20260520T223812Z,2,2,0.2070048451423645,0.003329623956233263,0.7896655201911926
gue_splice_reconstructed__bert-base-uncased__20260520T223812Z,2,2,0.008485691621899605,0.005900871939957142,0.9856134057044983
gue_splice_reconstructed__bert-base-uncased__20260520T223812Z,0,0,0.955670177936554,0.0001532218448119238,0.044176552444696426
gue_splice_reconstructed__bert-base-uncased__20260520T223812Z,1,1,0.000199408910702914,0.9425036907196045,0.05729691684246063
gue_splice_reconstructed__bert-base-uncased__20260520T223812Z,1,1,0.0003537248994689435,0.848922073841095,0.15072421729564667
gue_splice_reconstructed__bert-base-uncased__20260520T223812Z,0,0,0.9842473268508911,0.00015535709098912776,0.015597363002598286
gue_splice_reconstructed__bert-base-uncased__20260520T223812Z,1,1,0.0003095455758739263,0.9938325881958008,0.005857832729816437
gue_splice_reconstructed__bert-base-uncased__20260520T223812Z,0,0,0.8748763203620911,0.0001887515390990302,0.12493497133255005
gue_splice_reconstructed__bert-base-uncased__20260520T223812Z,2,2,0.0030378219671547413,0.008354995399713516,0.9886072278022766
gue_splice_reconstructed__bert-base-uncased__20260520T223812Z,0,0,0.9884064793586731,0.0001680332497926429,0.011425448581576347
gue_splice_reconstructed__bert-base-uncased__20260520T223812Z,2,2,0.0041683753952383995,0.003375653177499771,0.9924559593200684
gue_splice_reconstructed__bert-base-uncased__20260520T223812Z,1,1,0.0003395402745809406,0.7655085325241089,0.23415188491344452
gue_splice_reconstructed__bert-base-uncased__20260520T223812Z,0,2,0.009628723375499249,0.0053330883383750916,0.9850382208824158
gue_splice_reconstructed__bert-base-uncased__20260520T223812Z,2,2,0.026835080236196518,0.005707941483706236,0.9674569964408875
gue_splice_reconstructed__bert-base-uncased__20260520T223812Z,2,0,0.7828330397605896,0.0004180154937785119,0.21674896776676178
gue_splice_reconstructed__bert-base-uncased__20260520T223812Z,1,1,0.0004589563759509474,0.8595045804977417,0.14003649353981018
gue_splice_reconstructed__bert-base-uncased__20260520T223812Z,0,2,0.05723228305578232,0.03562319651246071,0.9071444869041443
gue_splice_reconstructed__bert-base-uncased__20260520T223812Z,2,2,0.001501142862252891,0.030745940282940865,0.9677529335021973
gue_splice_reconstructed__bert-base-uncased__20260520T223812Z,2,2,0.01196336280554533,0.0075011178851127625,0.9805355072021484
gue_splice_reconstructed__bert-base-uncased__20260520T223812Z,1,1,0.0005755157326348126,0.6398176550865173,0.3596068322658539
gue_splice_reconstructed__bert-base-uncased__20260520T223812Z,2,2,0.09980983287096024,0.0009871391812339425,0.8992030620574951
gue_splice_reconstructed__bert-base-uncased__20260520T223812Z,2,2,0.003945739474147558,0.005735413171350956,0.9903188943862915
gue_splice_reconstructed__bert-base-uncased__20260520T223812Z,2,2,0.010593876242637634,0.0016534337773919106,0.9877526760101318
gue_splice_reconstructed__bert-base-uncased__20260520T223812Z,0,0,0.9573644399642944,0.0003040681767743081,0.0423315055668354
gue_splice_reconstructed__bert-base-uncased__20260520T223812Z,1,1,0.0003588363470043987,0.7749865055084229,0.2246546596288681
gue_splice_reconstructed__bert-base-uncased__20260520T223812Z,2,2,0.0007705165771767497,0.13421756029129028,0.8650119304656982
gue_splice_reconstructed__bert-base-uncased__20260520T223812Z,2,2,0.0021309824660420418,0.02179713174700737,0.9760718941688538
gue_splice_reconstructed__bert-base-uncased__20260520T223812Z,2,0,0.708308756351471,0.000433632725616917,0.2912576198577881
gue_splice_reconstructed__bert-base-uncased__20260520T223812Z,1,1,0.0002612809475976974,0.8438031077384949,0.15593552589416504
gue_splice_reconstructed__bert-base-uncased__20260520T223812Z,2,2,0.0013889969559386373,0.015146085992455482,0.9834649562835693
gue_splice_reconstructed__bert-base-uncased__20260520T223812Z,2,2,0.0025504548102617264,0.006005747709423304,0.9914438128471375
gue_splice_reconstructed__bert-base-uncased__20260520T223812Z,0,0,0.9819775223731995,0.00021603678760584444,0.017806412652134895
gue_splice_reconstructed__bert-base-uncased__20260520T223812Z,1,1,0.000315646204398945,0.9938181042671204,0.005866334307938814
gue_splice_reconstructed__bert-base-uncased__20260520T223812Z,1,1,0.000425993261160329,0.9851185083389282,0.014455605298280716
gue_splice_reconstructed__bert-base-uncased__20260520T223812Z,0,0,0.9866505861282349,0.00017785656382329762,0.013171589933335781
gue_splice_reconstructed__bert-base-uncased__20260520T223812Z,1,1,0.0002901111147366464,0.9915084838867188,0.00820140726864338
gue_splice_reconstructed__bert-base-uncased__20260520T223812Z,2,2,0.0026146601885557175,0.006465028505772352,0.9909203052520752
gue_splice_reconstructed__bert-base-uncased__20260520T223812Z,1,1,0.0001963713439181447,0.9880068302154541,0.011796857230365276
gue_splice_reconstructed__bert-base-uncased__20260520T223812Z,1,1,0.0003183404041919857,0.9342471361160278,0.06543450057506561
gue_splice_reconstructed__bert-base-uncased__20260520T223812Z,1,1,0.0001969007425941527,0.9906704425811768,0.00913267396390438
gue_splice_reconstructed__bert-base-uncased__20260520T223812Z,2,2,0.038952648639678955,0.0022153344471007586,0.9588319659233093
gue_splice_reconstructed__bert-base-uncased__20260520T223812Z,2,2,0.007210109382867813,0.009874318726360798,0.9829155206680298
gue_splice_reconstructed__bert-base-uncased__20260520T223812Z,0,0,0.8919723033905029,0.0006612679571844637,0.10736643522977829
gue_splice_reconstructed__bert-base-uncased__20260520T223812Z,2,1,0.0003487915964797139,0.8928115963935852,0.1068396121263504
gue_splice_reconstructed__bert-base-uncased__20260520T223812Z,2,2,0.002375765237957239,0.006814349442720413,0.9908099174499512
gue_splice_reconstructed__bert-base-uncased__20260520T223812Z,1,1,0.00020331237465143204,0.9875918626785278,0.012204892933368683
gue_splice_reconstructed__bert-base-uncased__20260520T223812Z,1,1,0.00020163044973742217,0.9623559713363647,0.03744235262274742
gue_splice_reconstructed__bert-base-uncased__20260520T223812Z,2,2,0.29292991757392883,0.13689184188842773,0.570178210735321
gue_splice_reconstructed__bert-base-uncased__20260520T223812Z,2,1,0.00021176898735575378,0.9720247983932495,0.02776336297392845
gue_splice_reconstructed__bert-base-uncased__20260520T223812Z,0,0,0.9746424555778503,0.00030594939016737044,0.025051603093743324
gue_splice_reconstructed__bert-base-uncased__20260520T223812Z,2,1,0.0004057643818669021,0.6423959732055664,0.35719820857048035
gue_splice_reconstructed__bert-base-uncased__20260520T223812Z,2,2,0.015330161899328232,0.0008493838831782341,0.9838204383850098
gue_splice_reconstructed__bert-base-uncased__20260520T223812Z,1,1,0.0002666002546902746,0.9929212927818298,0.006812218576669693
gue_splice_reconstructed__bert-base-uncased__20260520T223812Z,2,2,0.0019883231725543737,0.01327944453805685,0.9847322106361389
gue_splice_reconstructed__bert-base-uncased__20260520T223812Z,1,1,0.0003677659260574728,0.994296133518219,0.005336104892194271
gue_splice_reconstructed__bert-base-uncased__20260520T223812Z,2,2,0.12826007604599,0.0016375810373574495,0.8701023459434509
gue_splice_reconstructed__bert-base-uncased__20260520T223812Z,2,2,0.0025988740380853415,0.006675456650555134,0.9907256960868835
gue_splice_reconstructed__bert-base-uncased__20260520T223812Z,2,2,0.0054091415368020535,0.007144985254853964,0.9874458312988281
gue_splice_reconstructed__bert-base-uncased__20260520T223812Z,2,0,0.9079939126968384,0.00041878275806084275,0.09158727526664734
gue_splice_reconstructed__bert-base-uncased__20260520T223812Z,2,2,0.008227728307247162,0.021071886643767357,0.9707003235816956
gue_splice_reconstructed__bert-base-uncased__20260520T223812Z,2,2,0.0028793939854949713,0.0054641300812363625,0.9916565418243408
gue_splice_reconstructed__bert-base-uncased__20260520T223812Z,1,1,0.0003356671368237585,0.9928227663040161,0.006841541733592749
gue_splice_reconstructed__bert-base-uncased__20260520T223812Z,1,1,0.00027951685478910804,0.9856252074241638,0.014095275662839413
gue_splice_reconstructed__bert-base-uncased__20260520T223812Z,1,1,0.001669980469159782,0.840095043182373,0.15823502838611603
gue_splice_reconstructed__bert-base-uncased__20260520T223812Z,0,0,0.579611599445343,0.00045651846448890865,0.41993188858032227
gue_splice_reconstructed__bert-base-uncased__20260520T223812Z,1,1,0.00025396497221663594,0.9912554025650024,0.008490624837577343
gue_splice_reconstructed__bert-base-uncased__20260520T223812Z,0,0,0.8680558800697327,0.0006310902535915375,0.13131305575370789
gue_splice_reconstructed__bert-base-uncased__20260520T223812Z,2,2,0.0016750808572396636,0.2503093183040619,0.7480156421661377
gue_splice_reconstructed__bert-base-uncased__20260520T223812Z,1,1,0.0006616002647206187,0.7456453442573547,0.2536930441856384
gue_splice_reconstructed__bert-base-uncased__20260520T223812Z,1,1,0.0002348978741792962,0.9721601009368896,0.027605004608631134
gue_splice_reconstructed__bert-base-uncased__20260520T223812Z,1,1,0.0805312842130661,0.8169192671775818,0.10254943370819092
gue_splice_reconstructed__bert-base-uncased__20260520T223812Z,1,1,0.00014378322521224618,0.9734670519828796,0.026389172300696373
gue_splice_reconstructed__bert-base-uncased__20260520T223812Z,2,2,0.0018661338835954666,0.010459406301379204,0.9876745343208313
gue_splice_reconstructed__bert-base-uncased__20260520T223812Z,2,2,0.005819148849695921,0.0020789378322660923,0.9921019673347473
gue_splice_reconstructed__bert-base-uncased__20260520T223812Z,0,0,0.9792424440383911,0.00038181079435162246,0.0203756932169199
gue_splice_reconstructed__bert-base-uncased__20260520T223812Z,0,0,0.9918205738067627,0.00019483269716147333,0.007984648458659649
gue_splice_reconstructed__bert-base-uncased__20260520T223812Z,2,2,0.004626946989446878,0.004973694682121277,0.9903993010520935
gue_splice_reconstructed__bert-base-uncased__20260520T223812Z,1,1,0.000286278867861256,0.9938187003135681,0.00589505210518837
gue_splice_reconstructed__bert-base-uncased__20260520T223812Z,1,1,0.00022460284526459873,0.9331908226013184,0.06658457964658737
gue_splice_reconstructed__bert-base-uncased__20260520T223812Z,1,1,0.0003010786313097924,0.8431258201599121,0.15657301247119904
gue_splice_reconstructed__bert-base-uncased__20260520T223812Z,1,1,0.0001867643150035292,0.9886208176612854,0.011192364618182182
gue_splice_reconstructed__bert-base-uncased__20260520T223812Z,0,0,0.9640770554542542,0.0006431811489164829,0.0352797769010067
gue_splice_reconstructed__bert-base-uncased__20260520T223812Z,0,2,0.44804516434669495,0.0008498596143908799,0.5511049628257751
gue_splice_reconstructed__bert-base-uncased__20260520T223812Z,2,2,0.002030035713687539,0.019697945564985275,0.978272020816803
gue_splice_reconstructed__bert-base-uncased__20260520T223812Z,0,0,0.993425726890564,0.0003230039728805423,0.006251365412026644
gue_splice_reconstructed__bert-base-uncased__20260520T223812Z,2,2,0.0033983609173446894,0.003306696191430092,0.993294894695282
gue_splice_reconstructed__bert-base-uncased__20260520T223812Z,1,2,0.006294236518442631,0.033662762492895126,0.9600430130958557
gue_splice_reconstructed__bert-base-uncased__20260520T223812Z,2,2,0.012052776291966438,0.012545150704681873,0.9754020571708679
gue_splice_reconstructed__bert-base-uncased__20260520T223812Z,2,2,0.001286862650886178,0.026903225108981133,0.9718099236488342
gue_splice_reconstructed__bert-base-uncased__20260520T223812Z,1,1,0.00020161867723800242,0.9870460033416748,0.01275237649679184
gue_splice_reconstructed__bert-base-uncased__20260520T223812Z,1,1,0.00022112179431132972,0.9760721325874329,0.0237068273127079
gue_splice_reconstructed__bert-base-uncased__20260520T223812Z,0,0,0.9920722842216492,0.00027322227833792567,0.007654501590877771
gue_splice_reconstructed__bert-base-uncased__20260520T223812Z,0,0,0.9854411482810974,0.00017420269432477653,0.014384634792804718
gue_splice_reconstructed__bert-base-uncased__20260520T223812Z,2,2,0.00227930024266243,0.018880438059568405,0.9788402318954468
gue_splice_reconstructed__bert-base-uncased__20260520T223812Z,0,2,0.04859891161322594,0.002001147484406829,0.9493998885154724
gue_splice_reconstructed__bert-base-uncased__20260520T223812Z,2,2,0.004318290390074253,0.0030501880683004856,0.9926315546035767
gue_splice_reconstructed__bert-base-uncased__20260520T223812Z,0,0,0.9875652194023132,0.00022947872639633715,0.012205308303236961
gue_splice_reconstructed__bert-base-uncased__20260520T223812Z,2,2,0.002743515418842435,0.005115560255944729,0.9921408891677856
gue_splice_reconstructed__bert-base-uncased__20260520T223812Z,1,1,0.00022211942996364087,0.9709475040435791,0.02883029542863369
gue_splice_reconstructed__bert-base-uncased__20260520T223812Z,0,0,0.9953622221946716,0.0003934383566956967,0.004244343377649784
gue_splice_reconstructed__bert-base-uncased__20260520T223812Z,0,0,0.5533623695373535,0.008892014622688293,0.4377456307411194
gue_splice_reconstructed__bert-base-uncased__20260520T223812Z,2,2,0.003344264579936862,0.005716631188988686,0.9909391403198242
gue_splice_reconstructed__bert-base-uncased__20260520T223812Z,2,2,0.014609436504542828,0.003307908307760954,0.9820826053619385
gue_splice_reconstructed__bert-base-uncased__20260520T223812Z,2,2,0.2042296975851059,0.03241259232163429,0.7633576989173889
gue_splice_reconstructed__bert-base-uncased__20260520T223812Z,2,2,0.004450507462024689,0.003032019594684243,0.9925174713134766
gue_splice_reconstructed__bert-base-uncased__20260520T223812Z,0,0,0.9847383499145508,0.00016610685270279646,0.015095511451363564
gue_splice_reconstructed__bert-base-uncased__20260520T223812Z,2,2,0.003979576285928488,0.004981767386198044,0.9910386204719543
gue_splice_reconstructed__bert-base-uncased__20260520T223812Z,0,0,0.8409922122955322,0.00037156668258830905,0.15863622725009918
gue_splice_reconstructed__bert-base-uncased__20260520T223812Z,2,2,0.00244183000177145,0.00859806127846241,0.9889601469039917
gue_splice_reconstructed__bert-base-uncased__20260520T223812Z,2,0,0.5161815881729126,0.049998149275779724,0.43382030725479126
gue_splice_reconstructed__bert-base-uncased__20260520T223812Z,2,2,0.008434976451098919,0.001261114957742393,0.9903039336204529
gue_splice_reconstructed__bert-base-uncased__20260520T223812Z,2,2,0.04773295298218727,0.0011602576123550534,0.9511067867279053
gue_splice_reconstructed__bert-base-uncased__20260520T223812Z,2,2,0.09805335104465485,0.001144898822531104,0.9008017182350159
gue_splice_reconstructed__bert-base-uncased__20260520T223812Z,0,0,0.9927819967269897,0.0002655236457940191,0.006952389609068632
gue_splice_reconstructed__bert-base-uncased__20260520T223812Z,2,2,0.01773778907954693,0.0023958648089319468,0.9798663258552551
gue_splice_reconstructed__bert-base-uncased__20260520T223812Z,2,1,0.0008685212815180421,0.5098093152046204,0.48932215571403503
gue_splice_reconstructed__bert-base-uncased__20260520T223812Z,0,0,0.9929696917533875,0.0002509496407583356,0.006779367104172707
gue_splice_reconstructed__bert-base-uncased__20260520T223812Z,0,0,0.9427791833877563,0.00024201732594519854,0.05697882920503616
gue_splice_reconstructed__bert-base-uncased__20260520T223812Z,2,2,0.014827570877969265,0.0038793515413999557,0.9812930226325989
gue_splice_reconstructed__bert-base-uncased__20260520T223812Z,2,1,0.00035763546475209296,0.8367885947227478,0.16285377740859985
gue_splice_reconstructed__bert-base-uncased__20260520T223812Z,2,2,0.0027704332023859024,0.005090632941573858,0.9921389222145081
gue_splice_reconstructed__bert-base-uncased__20260520T223812Z,2,2,0.003431496676057577,0.005273445975035429,0.9912949800491333
gue_splice_reconstructed__bert-base-uncased__20260520T223812Z,0,0,0.9720075726509094,0.0001481249782955274,0.027844326570630074
gue_splice_reconstructed__bert-base-uncased__20260520T223812Z,1,1,0.00017045621643774211,0.9794324636459351,0.020397070795297623
gue_splice_reconstructed__bert-base-uncased__20260520T223812Z,2,2,0.0032175728119909763,0.005404229741543531,0.9913781881332397
gue_splice_reconstructed__bert-base-uncased__20260520T223812Z,1,1,0.0002815613115672022,0.9547994136810303,0.04491899162530899
gue_splice_reconstructed__bert-base-uncased__20260520T223812Z,2,2,0.02431330271065235,0.0030715304892510176,0.972615122795105
gue_splice_reconstructed__bert-base-uncased__20260520T223812Z,0,0,0.9943491816520691,0.00029094229103066027,0.005359892267733812
gue_splice_reconstructed__bert-base-uncased__20260520T223812Z,1,1,0.0002143402089131996,0.9896083474159241,0.010177310556173325
gue_splice_reconstructed__bert-base-uncased__20260520T223812Z,1,1,0.00019936893659178168,0.9168972969055176,0.08290332555770874
gue_splice_reconstructed__bert-base-uncased__20260520T223812Z,0,0,0.9601890444755554,0.00021794885105919093,0.03959305211901665
gue_splice_reconstructed__bert-base-uncased__20260520T223812Z,1,1,0.0003345254808664322,0.991380512714386,0.008284865878522396
gue_splice_reconstructed__bert-base-uncased__20260520T223812Z,2,2,0.015382260084152222,0.003700286615639925,0.9809174537658691
gue_splice_reconstructed__bert-base-uncased__20260520T223812Z,2,2,0.0032944728154689074,0.005147623363882303,0.9915579557418823
gue_splice_reconstructed__bert-base-uncased__20260520T223812Z,1,1,0.0005509576294571161,0.5167983174324036,0.4826507270336151
gue_splice_reconstructed__bert-base-uncased__20260520T223812Z,2,2,0.053711019456386566,0.0017915386706590652,0.9444974660873413
gue_splice_reconstructed__bert-base-uncased__20260520T223812Z,2,2,0.0030722885858267546,0.06862273812294006,0.92830491065979
gue_splice_reconstructed__bert-base-uncased__20260520T223812Z,2,2,0.0011817407794296741,0.046980272978544235,0.951837956905365
gue_splice_reconstructed__bert-base-uncased__20260520T223812Z,0,0,0.9284763932228088,0.0002759463677648455,0.07124767452478409
gue_splice_reconstructed__bert-base-uncased__20260520T223812Z,2,2,0.04062934219837189,0.0016800467856228352,0.9576905369758606
gue_splice_reconstructed__bert-base-uncased__20260520T223812Z,2,2,0.0030436778906732798,0.006443466059863567,0.9905129075050354
gue_splice_reconstructed__bert-base-uncased__20260520T223812Z,0,0,0.9923813939094543,0.00020630325889214873,0.007412256207317114
gue_splice_reconstructed__bert-base-uncased__20260520T223812Z,2,2,0.07769972085952759,0.002155215246602893,0.9201450347900391
gue_splice_reconstructed__bert-base-uncased__20260520T223812Z,1,1,0.0001636187225813046,0.9737843871116638,0.026052042841911316
gue_splice_reconstructed__bert-base-uncased__20260520T223812Z,1,1,0.0003245864936616272,0.9944009184837341,0.005274493247270584
gue_splice_reconstructed__bert-base-uncased__20260520T223812Z,1,1,0.00017862276581581682,0.9831898212432861,0.016631590202450752
gue_splice_reconstructed__bert-base-uncased__20260520T223812Z,2,2,0.0008642939501442015,0.15777797996997833,0.8413577675819397
gue_splice_reconstructed__bert-base-uncased__20260520T223812Z,2,2,0.002603407483547926,0.006879190448671579,0.9905174374580383
gue_splice_reconstructed__bert-base-uncased__20260520T223812Z,1,2,0.0006128245149739087,0.3429113030433655,0.656475841999054
gue_splice_reconstructed__bert-base-uncased__20260520T223812Z,2,2,0.006717501673847437,0.0011730404803529382,0.992109477519989
gue_splice_reconstructed__bert-base-uncased__20260520T223812Z,2,2,0.0035353300627321005,0.004660738166421652,0.9918038845062256
gue_splice_reconstructed__bert-base-uncased__20260520T223812Z,0,0,0.991612434387207,0.00022332993103191257,0.008164307102560997
gue_splice_reconstructed__bert-base-uncased__20260520T223812Z,2,0,0.6544252634048462,0.0010534987086430192,0.34452125430107117
gue_splice_reconstructed__bert-base-uncased__20260520T223812Z,2,2,0.002274878788739443,0.005398843437433243,0.9923262596130371
gue_splice_reconstructed__bert-base-uncased__20260520T223812Z,2,1,0.0005936442757956684,0.5079982876777649,0.491408109664917
gue_splice_reconstructed__bert-base-uncased__20260520T223812Z,2,2,0.002476072171702981,0.00637868931517005,0.9911451935768127
gue_splice_reconstructed__bert-base-uncased__20260520T223812Z,1,1,0.000224425079068169,0.9848657846450806,0.014909740537405014
gue_splice_reconstructed__bert-base-uncased__20260520T223812Z,2,1,0.00026365977828390896,0.9315279126167297,0.06820843368768692
gue_splice_reconstructed__bert-base-uncased__20260520T223812Z,2,2,0.003207626286894083,0.27795112133026123,0.7188412547111511
gue_splice_reconstructed__bert-base-uncased__20260520T223812Z,1,2,0.0011656094575300813,0.15890127420425415,0.8399330377578735
gue_splice_reconstructed__bert-base-uncased__20260520T223812Z,0,0,0.5675729513168335,0.0006403502193279564,0.43178674578666687
gue_splice_reconstructed__bert-base-uncased__20260520T223812Z,2,2,0.030953601002693176,0.0018670952413231134,0.9671792984008789
gue_splice_reconstructed__bert-base-uncased__20260520T223812Z,0,0,0.9883356094360352,0.0004191180341877043,0.011245275847613811
gue_splice_reconstructed__bert-base-uncased__20260520T223812Z,0,0,0.9873839616775513,0.0005779312341473997,0.012038098648190498
gue_splice_reconstructed__bert-base-uncased__20260520T223812Z,1,1,0.0002705831138882786,0.9882631897926331,0.011466228403151035
gue_splice_reconstructed__bert-base-uncased__20260520T223812Z,2,2,0.00255870190449059,0.006669252645224333,0.990772008895874
gue_splice_reconstructed__bert-base-uncased__20260520T223812Z,2,2,0.005381961818784475,0.006360108032822609,0.9882579445838928
gue_splice_reconstructed__bert-base-uncased__20260520T223812Z,2,0,0.9455148577690125,0.0001438065810361877,0.054341286420822144
gue_splice_reconstructed__bert-base-uncased__20260520T223812Z,2,2,0.002205735770985484,0.008956937119364738,0.9888373613357544
gue_splice_reconstructed__bert-base-uncased__20260520T223812Z,2,2,0.0011370186693966389,0.19065776467323303,0.8082051873207092
gue_splice_reconstructed__bert-base-uncased__20260520T223812Z,1,1,0.0003241868980694562,0.9096119403839111,0.09006378054618835
gue_splice_reconstructed__bert-base-uncased__20260520T223812Z,2,2,0.005405599717050791,0.002964918501675129,0.991629421710968
gue_splice_reconstructed__bert-base-uncased__20260520T223812Z,2,1,0.0005606357008218765,0.5289666652679443,0.47047266364097595
gue_splice_reconstructed__bert-base-uncased__20260520T223812Z,2,0,0.6585925221443176,0.00040084042120724916,0.3410066068172455
gue_splice_reconstructed__bert-base-uncased__20260520T223812Z,2,2,0.002704050624743104,0.011757336556911469,0.9855386018753052
gue_splice_reconstructed__bert-base-uncased__20260520T223812Z,0,0,0.9840222001075745,0.001538350828923285,0.014439517632126808
gue_splice_reconstructed__bert-base-uncased__20260520T223812Z,2,2,0.0019350310321897268,0.01891411282122135,0.9791508913040161
gue_splice_reconstructed__bert-base-uncased__20260520T223812Z,2,2,0.0023184900637716055,0.007828048430383205,0.9898534417152405
gue_splice_reconstructed__bert-base-uncased__20260520T223812Z,0,0,0.9107820987701416,0.0002628722577355802,0.0889550969004631
gue_splice_reconstructed__bert-base-uncased__20260520T223812Z,2,2,0.0018891472136601806,0.03656001389026642,0.9615508317947388
gue_splice_reconstructed__bert-base-uncased__20260520T223812Z,0,0,0.9909913539886475,0.0002465668076183647,0.008762089535593987
gue_splice_reconstructed__bert-base-uncased__20260520T223812Z,0,0,0.9845892786979675,0.00026230583898723125,0.015148368664085865
gue_splice_reconstructed__bert-base-uncased__20260520T223812Z,2,2,0.44808992743492126,0.0007500734063796699,0.5511600375175476
gue_splice_reconstructed__bert-base-uncased__20260520T223812Z,2,1,0.0001687858166405931,0.9736301898956299,0.02620098926126957
gue_splice_reconstructed__bert-base-uncased__20260520T223812Z,0,0,0.9871394038200378,0.00018359324894845486,0.012677042745053768
gue_splice_reconstructed__bert-base-uncased__20260520T223812Z,2,2,0.013219439424574375,0.0012188396649435163,0.9855617880821228
gue_splice_reconstructed__bert-base-uncased__20260520T223812Z,2,2,0.002319168532267213,0.007537719793617725,0.9901430606842041
gue_splice_reconstructed__bert-base-uncased__20260520T223812Z,2,2,0.002664619591087103,0.0070134857669472694,0.990321934223175
gue_splice_reconstructed__bert-base-uncased__20260520T223812Z,0,0,0.9915741086006165,0.0002757649926934391,0.008150050416588783
gue_splice_reconstructed__bert-base-uncased__20260520T223812Z,1,1,0.00023038136714603752,0.991449773311615,0.00831990409642458
gue_splice_reconstructed__bert-base-uncased__20260520T223812Z,0,0,0.9916279315948486,0.0002433749323245138,0.0081286346539855
gue_splice_reconstructed__bert-base-uncased__20260520T223812Z,2,2,0.0028505355585366488,0.005797737743705511,0.9913517236709595
gue_splice_reconstructed__bert-base-uncased__20260520T223812Z,1,1,0.0003664685063995421,0.9927254915237427,0.006908003706485033
gue_splice_reconstructed__bert-base-uncased__20260520T223812Z,2,2,0.08206209540367126,0.0012139182072132826,0.9167239665985107
gue_splice_reconstructed__bert-base-uncased__20260520T223812Z,2,2,0.007863127626478672,0.00172392965760082,0.9904128909111023
gue_splice_reconstructed__bert-base-uncased__20260520T223812Z,2,2,0.015188599936664104,0.010551704093813896,0.9742597341537476
gue_splice_reconstructed__bert-base-uncased__20260520T223812Z,2,2,0.002478065202012658,0.005578955169767141,0.9919430017471313
gue_splice_reconstructed__bert-base-uncased__20260520T223812Z,2,2,0.001992577686905861,0.011168103665113449,0.9868393540382385
gue_splice_reconstructed__bert-base-uncased__20260520T223812Z,2,1,0.00026723797782324255,0.890437126159668,0.10929561406373978
gue_splice_reconstructed__bert-base-uncased__20260520T223812Z,2,2,0.002032619435340166,0.008837921544909477,0.9891294240951538
gue_splice_reconstructed__bert-base-uncased__20260520T223812Z,0,2,0.4767816960811615,0.000597750477027148,0.5226205587387085
gue_splice_reconstructed__bert-base-uncased__20260520T223812Z,2,2,0.004156066570430994,0.0034153503365814686,0.9924286007881165
gue_splice_reconstructed__bert-base-uncased__20260520T223812Z,2,2,0.002730256412178278,0.007993385195732117,0.9892762899398804
gue_splice_reconstructed__bert-base-uncased__20260520T223812Z,1,1,0.0001882146461866796,0.9885448813438416,0.01126689463853836
gue_splice_reconstructed__bert-base-uncased__20260520T223812Z,2,2,0.007940832525491714,0.010246138088405132,0.9818130731582642
gue_splice_reconstructed__bert-base-uncased__20260520T223812Z,2,2,0.0032325941137969494,0.004644062835723162,0.9921233057975769
gue_splice_reconstructed__bert-base-uncased__20260520T223812Z,0,0,0.5752538442611694,0.0005806389381177723,0.4241655468940735
gue_splice_reconstructed__bert-base-uncased__20260520T223812Z,2,2,0.002939095487818122,0.008291336707770824,0.98876953125
gue_splice_reconstructed__bert-base-uncased__20260520T223812Z,2,1,0.0002021993714151904,0.946405291557312,0.05339253321290016
gue_splice_reconstructed__bert-base-uncased__20260520T223812Z,2,2,0.028477342799305916,0.0037592006847262383,0.9677634239196777
gue_splice_reconstructed__bert-base-uncased__20260520T223812Z,2,2,0.004004168789833784,0.00465854536741972,0.9913372993469238
gue_splice_reconstructed__bert-base-uncased__20260520T223812Z,2,2,0.003331322455778718,0.009564485400915146,0.9871042370796204
gue_splice_reconstructed__bert-base-uncased__20260520T223812Z,0,0,0.9775415062904358,0.00029568077297881246,0.022162897512316704
gue_splice_reconstructed__bert-base-uncased__20260520T223812Z,2,2,0.004223440308123827,0.00483275018632412,0.9909438490867615
gue_splice_reconstructed__bert-base-uncased__20260520T223812Z,2,2,0.003112804377451539,0.0054100509732961655,0.9914771914482117
gue_splice_reconstructed__bert-base-uncased__20260520T223812Z,2,2,0.02033420093357563,0.0022982051596045494,0.9773675799369812
gue_splice_reconstructed__bert-base-uncased__20260520T223812Z,2,2,0.010605854913592339,0.0010074295569211245,0.9883866906166077
gue_splice_reconstructed__bert-base-uncased__20260520T223812Z,0,2,0.42704886198043823,0.0005343547672964633,0.5724167227745056
gue_splice_reconstructed__bert-base-uncased__20260520T223812Z,2,2,0.003373950719833374,0.004670563619583845,0.9919554591178894
gue_splice_reconstructed__bert-base-uncased__20260520T223812Z,2,2,0.003063979558646679,0.007576019037514925,0.989359974861145
gue_splice_reconstructed__bert-base-uncased__20260520T223812Z,0,0,0.9769898653030396,0.00015664001693949103,0.02285352349281311
gue_splice_reconstructed__bert-base-uncased__20260520T223812Z,0,0,0.9698082804679871,0.0004412189300637692,0.029750486835837364
gue_splice_reconstructed__bert-base-uncased__20260520T223812Z,0,0,0.9745089411735535,0.00015994743444025517,0.025331059470772743
gue_splice_reconstructed__bert-base-uncased__20260520T223812Z,2,2,0.0020052543841302395,0.19844214618206024,0.7995525598526001
gue_splice_reconstructed__bert-base-uncased__20260520T223812Z,0,2,0.2796401083469391,0.0006731458124704659,0.71968674659729
gue_splice_reconstructed__bert-base-uncased__20260520T223812Z,1,1,0.00023265276104211807,0.9704203009605408,0.02934711053967476
gue_splice_reconstructed__bert-base-uncased__20260520T223812Z,2,2,0.002654167590662837,0.007047645747661591,0.9902982115745544
gue_splice_reconstructed__bert-base-uncased__20260520T223812Z,2,2,0.0017760979244485497,0.009233666583895683,0.9889901876449585
gue_splice_reconstructed__bert-base-uncased__20260520T223812Z,2,1,0.00023521545517724007,0.9343546628952026,0.0654100850224495
gue_splice_reconstructed__bert-base-uncased__20260520T223812Z,2,2,0.002971522742882371,0.005129319150000811,0.9918991327285767
gue_splice_reconstructed__bert-base-uncased__20260520T223812Z,2,2,0.0012693732278421521,0.05129636824131012,0.9474343061447144
gue_splice_reconstructed__bert-base-uncased__20260520T223812Z,2,2,0.0010338412830606103,0.08619575947523117,0.9127703905105591
gue_splice_reconstructed__bert-base-uncased__20260520T223812Z,2,2,0.005194428376853466,0.00395557377487421,0.9908499717712402
gue_splice_reconstructed__bert-base-uncased__20260520T223812Z,1,1,0.00034930152469314635,0.8172889351844788,0.18236181139945984
gue_splice_reconstructed__bert-base-uncased__20260520T223812Z,1,1,0.00030691290157847106,0.9931085109710693,0.006584554444998503
gue_splice_reconstructed__bert-base-uncased__20260520T223812Z,1,1,0.00021920152357779443,0.9638233780860901,0.03595736250281334
gue_splice_reconstructed__bert-base-uncased__20260520T223812Z,2,2,0.01024250965565443,0.003488243091851473,0.9862692952156067
gue_splice_reconstructed__bert-base-uncased__20260520T223812Z,2,2,0.4706662595272064,0.0016974876634776592,0.5276362299919128
gue_splice_reconstructed__bert-base-uncased__20260520T223812Z,2,1,0.00046590357669629157,0.8793580532073975,0.1201760545372963
gue_splice_reconstructed__bert-base-uncased__20260520T223812Z,2,2,0.0024103205651044846,0.006018263753503561,0.9915714263916016
gue_splice_reconstructed__bert-base-uncased__20260520T223812Z,2,2,0.02897559478878975,0.0023047211579978466,0.9687197208404541
gue_splice_reconstructed__bert-base-uncased__20260520T223812Z,0,0,0.9412750005722046,0.00023146849707700312,0.058493465185165405
gue_splice_reconstructed__bert-base-uncased__20260520T223812Z,2,2,0.04576630890369415,0.0016940132481977344,0.9525396227836609
gue_splice_reconstructed__bert-base-uncased__20260520T223812Z,2,2,0.0040334188379347324,0.00515882158651948,0.990807831287384
gue_splice_reconstructed__bert-base-uncased__20260520T223812Z,2,2,0.002678503980860114,0.005720450077205896,0.9916011095046997
gue_splice_reconstructed__bert-base-uncased__20260520T223812Z,2,2,0.010501078329980373,0.00368262710981071,0.9858163595199585
gue_splice_reconstructed__bert-base-uncased__20260520T223812Z,2,2,0.0038589853793382645,0.004627630580216646,0.9915134310722351
gue_splice_reconstructed__bert-base-uncased__20260520T223812Z,1,1,0.00026940356474369764,0.9936110377311707,0.0061196330934762955
gue_splice_reconstructed__bert-base-uncased__20260520T223812Z,2,2,0.008734390139579773,0.0012339703971520066,0.9900315999984741
gue_splice_reconstructed__bert-base-uncased__20260520T223812Z,2,2,0.006232951767742634,0.002299702726304531,0.9914673566818237
gue_splice_reconstructed__bert-base-uncased__20260520T223812Z,2,2,0.006783178076148033,0.011743194423615932,0.9814736247062683
gue_splice_reconstructed__bert-base-uncased__20260520T223812Z,0,0,0.9475436806678772,0.0001868634863058105,0.052269455045461655
gue_splice_reconstructed__bert-base-uncased__20260520T223812Z,2,2,0.0021729113068431616,0.006430349312722683,0.9913967251777649
gue_splice_reconstructed__bert-base-uncased__20260520T223812Z,2,2,0.008879369124770164,0.002193049294874072,0.9889276027679443
gue_splice_reconstructed__bert-base-uncased__20260520T223812Z,2,2,0.023496113717556,0.002471640007570386,0.9740322232246399
gue_splice_reconstructed__bert-base-uncased__20260520T223812Z,1,1,0.0002900392282754183,0.9912627935409546,0.00844726711511612
gue_splice_reconstructed__bert-base-uncased__20260520T223812Z,1,1,0.00022678475943394005,0.955227255821228,0.04454587399959564
gue_splice_reconstructed__bert-base-uncased__20260520T223812Z,2,2,0.004182007163763046,0.003998300991952419,0.9918197393417358
gue_splice_reconstructed__bert-base-uncased__20260520T223812Z,0,0,0.984890878200531,0.00023428451095242053,0.014874896965920925
gue_splice_reconstructed__bert-base-uncased__20260520T223812Z,0,0,0.9292397499084473,0.00021592574194073677,0.07054436951875687
gue_splice_reconstructed__bert-base-uncased__20260520T223812Z,2,2,0.001858496107161045,0.008728928864002228,0.9894126057624817
gue_splice_reconstructed__bert-base-uncased__20260520T223812Z,2,2,0.00270146899856627,0.004978475160896778,0.9923200011253357
gue_splice_reconstructed__bert-base-uncased__20260520T223812Z,2,2,0.0035187085159122944,0.003539386671036482,0.9929419755935669
gue_splice_reconstructed__bert-base-uncased__20260520T223812Z,2,2,0.4569666385650635,0.00037207090645097196,0.5426613092422485
gue_splice_reconstructed__bert-base-uncased__20260520T223812Z,1,1,0.00021337145881261677,0.988991379737854,0.01079526450484991
gue_splice_reconstructed__bert-base-uncased__20260520T223812Z,2,2,0.002780479844659567,0.005364752374589443,0.9918547868728638
gue_splice_reconstructed__bert-base-uncased__20260520T223812Z,2,0,0.6866540908813477,0.0005041072145104408,0.31284186244010925
gue_splice_reconstructed__bert-base-uncased__20260520T223812Z,0,0,0.9866582751274109,0.00021038811246398836,0.013131356798112392
gue_splice_reconstructed__bert-base-uncased__20260520T223812Z,0,0,0.966393768787384,0.0005623407196253538,0.03304396569728851
gue_splice_reconstructed__bert-base-uncased__20260520T223812Z,2,2,0.003001486649736762,0.004833979997783899,0.9921644926071167
gue_splice_reconstructed__bert-base-uncased__20260520T223812Z,0,0,0.9367287158966064,0.0002687815867830068,0.06300253421068192
gue_splice_reconstructed__bert-base-uncased__20260520T223812Z,0,0,0.9859758019447327,0.000198277659364976,0.013825875706970692
gue_splice_reconstructed__bert-base-uncased__20260520T223812Z,2,2,0.05152114853262901,0.003606329904869199,0.9448724389076233
gue_splice_reconstructed__bert-base-uncased__20260520T223812Z,0,0,0.576683521270752,0.0005809462745673954,0.4227355122566223
gue_splice_reconstructed__bert-base-uncased__20260520T223812Z,2,0,0.579248309135437,0.007992696948349476,0.41275903582572937
gue_splice_reconstructed__bert-base-uncased__20260520T223812Z,2,2,0.0011350727872923017,0.03886693716049194,0.9599979519844055
gue_splice_reconstructed__bert-base-uncased__20260520T223812Z,2,2,0.044656991958618164,0.0016992926830425858,0.9536437392234802
gue_splice_reconstructed__bert-base-uncased__20260520T223812Z,0,0,0.9827476143836975,0.00019609050650615245,0.017056293785572052
gue_splice_reconstructed__bert-base-uncased__20260520T223812Z,2,2,0.002313185716047883,0.006232867948710918,0.991454005241394
gue_splice_reconstructed__bert-base-uncased__20260520T223812Z,2,1,0.005692587234079838,0.7543705701828003,0.23993687331676483
gue_splice_reconstructed__bert-base-uncased__20260520T223812Z,1,1,0.0001847686799010262,0.9704458713531494,0.02936938963830471
gue_splice_reconstructed__bert-base-uncased__20260520T223812Z,2,2,0.0043678879737854,0.003297054674476385,0.9923350214958191
gue_splice_reconstructed__bert-base-uncased__20260520T223812Z,2,2,0.019298505038022995,0.005270767956972122,0.9754307866096497
gue_splice_reconstructed__bert-base-uncased__20260520T223812Z,2,2,0.0031589434947818518,0.004330432042479515,0.9925105571746826
gue_splice_reconstructed__bert-base-uncased__20260520T223812Z,1,1,0.00017052640032488853,0.9798357486724854,0.019993698224425316
gue_splice_reconstructed__bert-base-uncased__20260520T223812Z,2,1,0.00024373143969569355,0.9892087578773499,0.010547509416937828
gue_splice_reconstructed__bert-base-uncased__20260520T223812Z,2,2,0.0030840509571135044,0.004957260563969612,0.991958737373352
gue_splice_reconstructed__bert-base-uncased__20260520T223812Z,1,1,0.00023042714747134596,0.9916468262672424,0.008122836239635944
gue_splice_reconstructed__bert-base-uncased__20260520T223812Z,2,2,0.0058732102625072,0.009294155053794384,0.9848325848579407
gue_splice_reconstructed__bert-base-uncased__20260520T223812Z,2,2,0.004608291666954756,0.0031889542005956173,0.9922027587890625
gue_splice_reconstructed__bert-base-uncased__20260520T223812Z,1,1,0.00021603811183013022,0.9781551957130432,0.021628735587000847
gue_splice_reconstructed__bert-base-uncased__20260520T223812Z,2,2,0.007634818088263273,0.0011515599908307195,0.9912136197090149
gue_splice_reconstructed__bert-base-uncased__20260520T223812Z,0,0,0.9809566736221313,0.00026236093253828585,0.018780887126922607
gue_splice_reconstructed__bert-base-uncased__20260520T223812Z,1,1,0.00016591069288551807,0.970219612121582,0.029614515602588654
gue_splice_reconstructed__bert-base-uncased__20260520T223812Z,1,1,0.00027333101024851203,0.9809045195579529,0.018822060897946358
gue_splice_reconstructed__bert-base-uncased__20260520T223812Z,2,2,0.0044561587274074554,0.003705124370753765,0.9918387532234192
gue_splice_reconstructed__bert-base-uncased__20260520T223812Z,0,0,0.9908514618873596,0.00021713919704779983,0.008931463584303856
gue_splice_reconstructed__bert-base-uncased__20260520T223812Z,2,2,0.003195538418367505,0.004493248648941517,0.9923112392425537
gue_splice_reconstructed__bert-base-uncased__20260520T223812Z,0,0,0.65115886926651,0.00030091305961832404,0.34854018688201904
gue_splice_reconstructed__bert-base-uncased__20260520T223812Z,2,2,0.0045826914720237255,0.003896883688867092,0.9915204644203186
gue_splice_reconstructed__bert-base-uncased__20260520T223812Z,2,1,0.0003049672523047775,0.8374971747398376,0.1621977537870407
gue_splice_reconstructed__bert-base-uncased__20260520T223812Z,2,2,0.005152659956365824,0.003288049018010497,0.9915592074394226
gue_splice_reconstructed__bert-base-uncased__20260520T223812Z,0,0,0.9897871017456055,0.00018918875139206648,0.010023783892393112
gue_splice_reconstructed__bert-base-uncased__20260520T223812Z,2,2,0.004523634444922209,0.004228862468153238,0.9912474751472473
gue_splice_reconstructed__bert-base-uncased__20260520T223812Z,1,1,0.00043364622979424894,0.9950122237205505,0.004554138518869877
gue_splice_reconstructed__bert-base-uncased__20260520T223812Z,2,2,0.002492353552952409,0.011468390934169292,0.9860392808914185
gue_splice_reconstructed__bert-base-uncased__20260520T223812Z,1,1,0.0002708759275265038,0.9932047128677368,0.006524381693452597
gue_splice_reconstructed__bert-base-uncased__20260520T223812Z,2,2,0.003804864129051566,0.005130013916641474,0.9910650849342346
gue_splice_reconstructed__bert-base-uncased__20260520T223812Z,0,2,0.3533577024936676,0.0011457226937636733,0.6454966068267822
gue_splice_reconstructed__bert-base-uncased__20260520T223812Z,0,0,0.9911292791366577,0.00017658239812590182,0.008694049902260303
gue_splice_reconstructed__bert-base-uncased__20260520T223812Z,2,2,0.0020840477664023638,0.007252763025462627,0.9906631708145142
gue_splice_reconstructed__bert-base-uncased__20260520T223812Z,2,2,0.002572693396359682,0.005121410358697176,0.9923059344291687
gue_splice_reconstructed__bert-base-uncased__20260520T223812Z,1,1,0.000272065051831305,0.9859429597854614,0.01378497201949358
gue_splice_reconstructed__bert-base-uncased__20260520T223812Z,0,0,0.9859212040901184,0.0003562206984497607,0.013722547329962254
gue_splice_reconstructed__bert-base-uncased__20260520T223812Z,2,2,0.013312160037457943,0.0057760318741202354,0.9809118509292603
gue_splice_reconstructed__bert-base-uncased__20260520T223812Z,0,0,0.9894284605979919,0.00021180456678848714,0.01035970076918602
gue_splice_reconstructed__bert-base-uncased__20260520T223812Z,2,2,0.13782835006713867,0.0012183448998257518,0.8609532713890076
gue_splice_reconstructed__bert-base-uncased__20260520T223812Z,2,2,0.00915918592363596,0.0011678762966766953,0.9896728992462158
gue_splice_reconstructed__bert-base-uncased__20260520T223812Z,2,2,0.008015441708266735,0.0038458509370684624,0.988138735294342
gue_splice_reconstructed__bert-base-uncased__20260520T223812Z,0,0,0.5190758109092712,0.0013262075372040272,0.4795980155467987
gue_splice_reconstructed__bert-base-uncased__20260520T223812Z,2,2,0.0046142470091581345,0.0067399656400084496,0.9886457920074463
gue_splice_reconstructed__bert-base-uncased__20260520T223812Z,2,2,0.005458587780594826,0.0019539371132850647,0.9925875067710876
gue_splice_reconstructed__bert-base-uncased__20260520T223812Z,1,1,0.00021295042824931443,0.9736369848251343,0.0261500496417284
gue_splice_reconstructed__bert-base-uncased__20260520T223812Z,0,0,0.9329063296318054,0.00023623100423719734,0.06685744225978851
gue_splice_reconstructed__bert-base-uncased__20260520T223812Z,2,2,0.0015176456654444337,0.09007623791694641,0.9084060788154602
gue_splice_reconstructed__bert-base-uncased__20260520T223812Z,1,1,0.0005166910123080015,0.7318307161331177,0.26765257120132446
gue_splice_reconstructed__bert-base-uncased__20260520T223812Z,2,2,0.0016239009564742446,0.016830796375870705,0.9815452694892883
gue_splice_reconstructed__bert-base-uncased__20260520T223812Z,0,0,0.9924393892288208,0.00025032623670995235,0.0073102484457194805
gue_splice_reconstructed__bert-base-uncased__20260520T223812Z,0,0,0.8409139513969421,0.0009285747073590755,0.15815743803977966
gue_splice_reconstructed__bert-base-uncased__20260520T223812Z,2,2,0.0012264136457815766,0.07261335104703903,0.9261602163314819
gue_splice_reconstructed__bert-base-uncased__20260520T223812Z,1,1,0.0001742949680192396,0.982119083404541,0.017706556245684624
gue_splice_reconstructed__bert-base-uncased__20260520T223812Z,2,2,0.10497929155826569,0.0017618436831980944,0.893258810043335
gue_splice_reconstructed__bert-base-uncased__20260520T223812Z,2,2,0.00949518196284771,0.0009364848956465721,0.989568293094635
gue_splice_reconstructed__bert-base-uncased__20260520T223812Z,2,2,0.0031813690438866615,0.006975946016609669,0.9898427128791809
gue_splice_reconstructed__bert-base-uncased__20260520T223812Z,2,2,0.00350212212651968,0.006304475478827953,0.9901934266090393
gue_splice_reconstructed__bert-base-uncased__20260520T223812Z,2,2,0.00410593394190073,0.07573869079351425,0.92015540599823
gue_splice_reconstructed__bert-base-uncased__20260520T223812Z,1,1,0.00023073217016644776,0.9890882968902588,0.010680966079235077
gue_splice_reconstructed__bert-base-uncased__20260520T223812Z,1,1,0.0001530358276795596,0.9771454334259033,0.0227014422416687
gue_splice_reconstructed__bert-base-uncased__20260520T223812Z,2,2,0.0043240818195044994,0.013293121010065079,0.9823827743530273
gue_splice_reconstructed__bert-base-uncased__20260520T223812Z,2,2,0.014016895554959774,0.003322808537632227,0.9826602339744568
gue_splice_reconstructed__bert-base-uncased__20260520T223812Z,0,2,0.43339699506759644,0.000794451218098402,0.5658085346221924
gue_splice_reconstructed__bert-base-uncased__20260520T223812Z,2,2,0.0021757902577519417,0.007051026448607445,0.9907732009887695
gue_splice_reconstructed__bert-base-uncased__20260520T223812Z,1,1,0.0001797370205167681,0.9893229603767395,0.010497345589101315
gue_splice_reconstructed__bert-base-uncased__20260520T223812Z,0,2,0.4469788372516632,0.001075961161404848,0.5519452095031738
gue_splice_reconstructed__bert-base-uncased__20260520T223812Z,2,2,0.0023397360928356647,0.010373931378126144,0.987286388874054
gue_splice_reconstructed__bert-base-uncased__20260520T223812Z,1,1,0.0002100882411468774,0.9291809797286987,0.07060882449150085
gue_splice_reconstructed__bert-base-uncased__20260520T223812Z,2,2,0.025743771344423294,0.004447460640221834,0.9698087573051453
gue_splice_reconstructed__bert-base-uncased__20260520T223812Z,2,2,0.003723365254700184,0.007311383727937937,0.9889652729034424
gue_splice_reconstructed__bert-base-uncased__20260520T223812Z,2,2,0.13386188447475433,0.0008871041354723275,0.8652509450912476
gue_splice_reconstructed__bert-base-uncased__20260520T223812Z,2,2,0.0027040718123316765,0.004019843880087137,0.9932761192321777
gue_splice_reconstructed__bert-base-uncased__20260520T223812Z,2,2,0.0014185337349772453,0.030792174860835075,0.9677892923355103
gue_splice_reconstructed__bert-base-uncased__20260520T223812Z,1,1,0.0002723135694395751,0.9926427006721497,0.007085057441145182
gue_splice_reconstructed__bert-base-uncased__20260520T223812Z,1,1,0.0004120049998164177,0.9715620875358582,0.02802589163184166
gue_splice_reconstructed__bert-base-uncased__20260520T223812Z,2,2,0.002740390133112669,0.010112420655786991,0.9871472120285034
gue_splice_reconstructed__bert-base-uncased__20260520T223812Z,2,2,0.2770739495754242,0.0007332373061217368,0.7221928834915161
gue_splice_reconstructed__bert-base-uncased__20260520T223812Z,2,2,0.020374035462737083,0.005113770719617605,0.9745122194290161
gue_splice_reconstructed__bert-base-uncased__20260520T223812Z,0,0,0.903441309928894,0.0004022885113954544,0.09615647792816162
gue_splice_reconstructed__bert-base-uncased__20260520T223812Z,2,2,0.0025591948069632053,0.0064779468812048435,0.9909629225730896
gue_splice_reconstructed__bert-base-uncased__20260520T223812Z,2,1,0.0002028268645517528,0.9511982798576355,0.04859893023967743
gue_splice_reconstructed__bert-base-uncased__20260520T223812Z,1,1,0.000205458200071007,0.9902487397193909,0.00954588782042265
gue_splice_reconstructed__bert-base-uncased__20260520T223812Z,1,1,0.0003270797315053642,0.9636516571044922,0.036021240055561066
gue_splice_reconstructed__bert-base-uncased__20260520T223812Z,2,0,0.807947039604187,0.00033599475864320993,0.19171693921089172
gue_splice_reconstructed__bert-base-uncased__20260520T223812Z,0,2,0.4250308871269226,0.0007890696870163083,0.5741800665855408
gue_splice_reconstructed__bert-base-uncased__20260520T223812Z,1,1,0.00019264291040599346,0.9806731939315796,0.019134091213345528
gue_splice_reconstructed__bert-base-uncased__20260520T223812Z,0,0,0.994726836681366,0.00033828720916062593,0.004934818018227816
gue_splice_reconstructed__bert-base-uncased__20260520T223812Z,0,0,0.9949754476547241,0.00031233212212100625,0.004712313879281282
gue_splice_reconstructed__bert-base-uncased__20260520T223812Z,0,0,0.9330039620399475,0.0002620224840939045,0.06673397123813629
gue_splice_reconstructed__bert-base-uncased__20260520T223812Z,1,1,0.00022270207409746945,0.9888246655464172,0.010952714830636978
gue_splice_reconstructed__bert-base-uncased__20260520T223812Z,2,2,0.002362534636631608,0.00655509764328599,0.9910823106765747
gue_splice_reconstructed__bert-base-uncased__20260520T223812Z,2,2,0.03143461048603058,0.0015842585125938058,0.9669811725616455
gue_splice_reconstructed__bert-base-uncased__20260520T223812Z,2,0,0.8652096390724182,0.0004109138099011034,0.13437941670417786
gue_splice_reconstructed__bert-base-uncased__20260520T223812Z,1,1,0.0002736839232966304,0.9918096661567688,0.00791662372648716
gue_splice_reconstructed__bert-base-uncased__20260520T223812Z,2,2,0.0027021600399166346,0.004723949357867241,0.9925738573074341
gue_splice_reconstructed__bert-base-uncased__20260520T223812Z,2,2,0.0017746041994541883,0.015840061008930206,0.9823853373527527
gue_splice_reconstructed__bert-base-uncased__20260520T223812Z,2,2,0.013833041302859783,0.06351207196712494,0.922654926776886
gue_splice_reconstructed__bert-base-uncased__20260520T223812Z,1,1,0.0004161716205999255,0.9948970675468445,0.0046867020428180695
gue_splice_reconstructed__bert-base-uncased__20260520T223812Z,2,2,0.4765567481517792,0.0010692713549360633,0.5223739743232727
gue_splice_reconstructed__bert-base-uncased__20260520T223812Z,0,0,0.8077214360237122,0.0004279488930478692,0.1918506622314453
gue_splice_reconstructed__bert-base-uncased__20260520T223812Z,2,2,0.0806363970041275,0.002368171466514468,0.9169954061508179
gue_splice_reconstructed__bert-base-uncased__20260520T223812Z,0,0,0.9590740203857422,0.00041150342440232635,0.040514566004276276
gue_splice_reconstructed__bert-base-uncased__20260520T223812Z,2,2,0.033554818481206894,0.004326853901147842,0.96211838722229
gue_splice_reconstructed__bert-base-uncased__20260520T223812Z,2,2,0.00565464748069644,0.0025964819360524416,0.9917489290237427
gue_splice_reconstructed__bert-base-uncased__20260520T223812Z,1,1,0.0003224503016099334,0.9917228817939758,0.007954677566885948
gue_splice_reconstructed__bert-base-uncased__20260520T223812Z,1,1,0.0001982721732929349,0.9782757759094238,0.021526038646697998
gue_splice_reconstructed__bert-base-uncased__20260520T223812Z,2,2,0.0025136638432741165,0.006893165409564972,0.9905931353569031
gue_splice_reconstructed__bert-base-uncased__20260520T223812Z,0,0,0.9856491684913635,0.0001611451880307868,0.01418970711529255
gue_splice_reconstructed__bert-base-uncased__20260520T223812Z,1,1,0.00023197941482067108,0.9905579090118408,0.009209999814629555
gue_splice_reconstructed__bert-base-uncased__20260520T223812Z,2,2,0.002674719085916877,0.014831227250397205,0.982494056224823
gue_splice_reconstructed__bert-base-uncased__20260520T223812Z,1,1,0.00023347498790826648,0.9891858100891113,0.010580792091786861
gue_splice_reconstructed__bert-base-uncased__20260520T223812Z,0,0,0.9808504581451416,0.00021410956105683,0.01893538422882557
gue_splice_reconstructed__bert-base-uncased__20260520T223812Z,2,1,0.0006219448987394571,0.5260154604911804,0.47336265444755554
gue_splice_reconstructed__bert-base-uncased__20260520T223812Z,2,0,0.6768671274185181,0.0005809608846902847,0.3225519061088562
gue_splice_reconstructed__bert-base-uncased__20260520T223812Z,0,0,0.9414170980453491,0.000365631451131776,0.05821733549237251
gue_splice_reconstructed__bert-base-uncased__20260520T223812Z,2,2,0.0027756402269005775,0.005160320550203323,0.9920640587806702
gue_splice_reconstructed__bert-base-uncased__20260520T223812Z,1,1,0.00033668201649561524,0.8753859400749207,0.12427743524312973
gue_splice_reconstructed__bert-base-uncased__20260520T223812Z,2,2,0.0040683927945792675,0.320364385843277,0.6755672693252563
gue_splice_reconstructed__bert-base-uncased__20260520T223812Z,2,2,0.0028892981354147196,0.005922668147832155,0.9911880493164062
gue_splice_reconstructed__bert-base-uncased__20260520T223812Z,2,2,0.003964429255574942,0.004904987756162882,0.9911305904388428
gue_splice_reconstructed__bert-base-uncased__20260520T223812Z,0,2,0.006753372028470039,0.002634348114952445,0.9906123280525208
gue_splice_reconstructed__bert-base-uncased__20260520T223812Z,0,0,0.9726727604866028,0.0002947832690551877,0.027032501995563507
gue_splice_reconstructed__bert-base-uncased__20260520T223812Z,1,1,0.00041072184103541076,0.9837884902954102,0.01580084301531315
gue_splice_reconstructed__bert-base-uncased__20260520T223812Z,2,2,0.01887492462992668,0.003525773761793971,0.9775993824005127
gue_splice_reconstructed__bert-base-uncased__20260520T223812Z,1,1,0.00018094558618031442,0.9843718409538269,0.015447268262505531
gue_splice_reconstructed__bert-base-uncased__20260520T223812Z,2,2,0.005288003012537956,0.0035885393153876066,0.9911234378814697
gue_splice_reconstructed__bert-base-uncased__20260520T223812Z,1,1,0.00020717039296869189,0.9658918976783752,0.03390093520283699
gue_splice_reconstructed__bert-base-uncased__20260520T223812Z,2,2,0.0025991436559706926,0.00850563496351242,0.9888951778411865
gue_splice_reconstructed__bert-base-uncased__20260520T223812Z,2,2,0.0034316377714276314,0.005232622846961021,0.9913357496261597
gue_splice_reconstructed__bert-base-uncased__20260520T223812Z,0,0,0.9640756249427795,0.00016778356803115457,0.03575664386153221
gue_splice_reconstructed__bert-base-uncased__20260520T223812Z,2,2,0.0034650019370019436,0.005288659129291773,0.9912464022636414
gue_splice_reconstructed__bert-base-uncased__20260520T223812Z,0,0,0.9920377731323242,0.0002742821234278381,0.007687946781516075
gue_splice_reconstructed__bert-base-uncased__20260520T223812Z,1,1,0.00021785678109154105,0.9902501702308655,0.009531928226351738
gue_splice_reconstructed__bert-base-uncased__20260520T223812Z,1,1,0.00034547236282378435,0.7758461833000183,0.2238083779811859
gue_splice_reconstructed__bert-base-uncased__20260520T223812Z,0,0,0.9952109456062317,0.00045101079740561545,0.004337976220995188
gue_splice_reconstructed__bert-base-uncased__20260520T223812Z,1,1,0.00026433359016664326,0.9922006726264954,0.0075349654071033
gue_splice_reconstructed__bert-base-uncased__20260520T223812Z,1,1,0.0005082304705865681,0.6775560975074768,0.3219356834888458
gue_splice_reconstructed__bert-base-uncased__20260520T223812Z,1,1,0.00020107533782720566,0.9882388114929199,0.01156010664999485
gue_splice_reconstructed__bert-base-uncased__20260520T223812Z,0,0,0.9463849663734436,0.0006907296483404934,0.052924178540706635
gue_splice_reconstructed__bert-base-uncased__20260520T223812Z,0,2,0.0691867247223854,0.0015954498667269945,0.9292178750038147
gue_splice_reconstructed__bert-base-uncased__20260520T223812Z,0,0,0.9919673800468445,0.00018021745199803263,0.007852430455386639
gue_splice_reconstructed__bert-base-uncased__20260520T223812Z,0,0,0.9947366118431091,0.0003978259046562016,0.004865480586886406
gue_splice_reconstructed__bert-base-uncased__20260520T223812Z,1,1,0.000306488509522751,0.9936742782592773,0.006019258871674538
gue_splice_reconstructed__bert-base-uncased__20260520T223812Z,1,1,0.00020227159257046878,0.9863818883895874,0.013415840454399586
gue_splice_reconstructed__bert-base-uncased__20260520T223812Z,2,2,0.3193921446800232,0.00048112546210177243,0.6801267266273499
gue_splice_reconstructed__bert-base-uncased__20260520T223812Z,0,0,0.531372606754303,0.0010645719012245536,0.46756288409233093
gue_splice_reconstructed__bert-base-uncased__20260520T223812Z,2,1,0.00016380097076762468,0.9672825336456299,0.03255363926291466
gue_splice_reconstructed__bert-base-uncased__20260520T223812Z,0,0,0.9923530220985413,0.0002674905408639461,0.007379543501883745
gue_splice_reconstructed__bert-base-uncased__20260520T223812Z,2,2,0.0012553978012874722,0.1604590117931366,0.8382855653762817
gue_splice_reconstructed__bert-base-uncased__20260520T223812Z,2,0,0.546000599861145,0.0004640827828552574,0.4535353183746338
gue_splice_reconstructed__bert-base-uncased__20260520T223812Z,2,1,0.0001998187944991514,0.9859068393707275,0.013893425464630127
gue_splice_reconstructed__bert-base-uncased__20260520T223812Z,2,2,0.002495827851817012,0.006225681863725185,0.9912784695625305
gue_splice_reconstructed__bert-base-uncased__20260520T223812Z,2,2,0.005026912782341242,0.004671890754252672,0.990301251411438
gue_splice_reconstructed__bert-base-uncased__20260520T223812Z,0,0,0.9636490941047668,0.00013581519306171685,0.03621513769030571
gue_splice_reconstructed__bert-base-uncased__20260520T223812Z,2,2,0.002707639243453741,0.004646508954465389,0.9926458597183228
gue_splice_reconstructed__bert-base-uncased__20260520T223812Z,2,2,0.0056016831658780575,0.0071297637186944485,0.9872685670852661
gue_splice_reconstructed__bert-base-uncased__20260520T223812Z,2,2,0.007769052404910326,0.001164960558526218,0.9910659193992615
gue_splice_reconstructed__bert-base-uncased__20260520T223812Z,2,2,0.0021334246266633272,0.007224333938211203,0.990642249584198
gue_splice_reconstructed__bert-base-uncased__20260520T223812Z,2,1,0.0003092946426477283,0.7963627576828003,0.2033279836177826
gue_splice_reconstructed__bert-base-uncased__20260520T223812Z,0,2,0.08870159834623337,0.0013363811885938048,0.9099620580673218
gue_splice_reconstructed__bert-base-uncased__20260520T223812Z,0,0,0.9875853061676025,0.00018656869360711426,0.012228112667798996
gue_splice_reconstructed__bert-base-uncased__20260520T223812Z,2,2,0.008768133819103241,0.003181816078722477,0.9880500435829163
gue_splice_reconstructed__bert-base-uncased__20260520T223812Z,2,2,0.0008134777890518308,0.2523629069328308,0.7468236088752747
gue_splice_reconstructed__bert-base-uncased__20260520T223812Z,1,1,0.0004493489395827055,0.733980119228363,0.2655705213546753
gue_splice_reconstructed__bert-base-uncased__20260520T223812Z,0,2,0.003519348567351699,0.003358185989782214,0.9931225180625916
gue_splice_reconstructed__bert-base-uncased__20260520T223812Z,2,2,0.0006091542891226709,0.36568683385849,0.6337040066719055
gue_splice_reconstructed__bert-base-uncased__20260520T223812Z,1,1,0.0003549401881173253,0.978547215461731,0.021097831428050995
gue_splice_reconstructed__bert-base-uncased__20260520T223812Z,2,2,0.0020204337779432535,0.00900205411016941,0.9889774918556213
gue_splice_reconstructed__bert-base-uncased__20260520T223812Z,2,2,0.2681503891944885,0.0008025385322980583,0.7310470342636108
gue_splice_reconstructed__bert-base-uncased__20260520T223812Z,2,2,0.002944990759715438,0.004365183878690004,0.9926897883415222
gue_splice_reconstructed__bert-base-uncased__20260520T223812Z,2,2,0.013426254503428936,0.004953734576702118,0.9816200733184814
gue_splice_reconstructed__bert-base-uncased__20260520T223812Z,2,2,0.004458325915038586,0.003220632905140519,0.9923210740089417
gue_splice_reconstructed__bert-base-uncased__20260520T223812Z,2,0,0.8608147501945496,0.0019164173863828182,0.13726890087127686
gue_splice_reconstructed__bert-base-uncased__20260520T223812Z,2,2,0.09801405668258667,0.0011054446222260594,0.9008804559707642
gue_splice_reconstructed__bert-base-uncased__20260520T223812Z,1,1,0.0002513817453291267,0.9927385449409485,0.007010031957179308
gue_splice_reconstructed__bert-base-uncased__20260520T223812Z,2,2,0.005584238562732935,0.0034707204904407263,0.9909449815750122
gue_splice_reconstructed__bert-base-uncased__20260520T223812Z,1,1,0.00017703040794003755,0.9859112501144409,0.013911732472479343
gue_splice_reconstructed__bert-base-uncased__20260520T223812Z,2,2,0.240828275680542,0.001258823904208839,0.7579128742218018
gue_splice_reconstructed__bert-base-uncased__20260520T223812Z,1,1,0.00037836722913198173,0.8852963447570801,0.11432524770498276
gue_splice_reconstructed__bert-base-uncased__20260520T223812Z,1,1,0.0005243672640062869,0.655433177947998,0.34404247999191284
gue_splice_reconstructed__bert-base-uncased__20260520T223812Z,1,1,0.0002723044017329812,0.8880332708358765,0.11169445514678955
gue_splice_reconstructed__bert-base-uncased__20260520T223812Z,2,2,0.010434738360345364,0.004220134578645229,0.985345184803009
gue_splice_reconstructed__bert-base-uncased__20260520T223812Z,1,2,0.0025552609004080296,0.08593018352985382,0.9115145206451416
gue_splice_reconstructed__bert-base-uncased__20260520T223812Z,0,0,0.9909798502922058,0.00025389439542777836,0.008766266517341137
gue_splice_reconstructed__bert-base-uncased__20260520T223812Z,2,2,0.002683177124708891,0.005923892371356487,0.991392970085144
gue_splice_reconstructed__bert-base-uncased__20260520T223812Z,2,2,0.0034635518677532673,0.005704856477677822,0.9908315539360046
gue_splice_reconstructed__bert-base-uncased__20260520T223812Z,2,2,0.00256900442764163,0.008481220342218876,0.9889497756958008
gue_splice_reconstructed__bert-base-uncased__20260520T223812Z,2,2,0.19029434025287628,0.0006743499543517828,0.8090313076972961
gue_splice_reconstructed__bert-base-uncased__20260520T223812Z,2,0,0.7271485328674316,0.00033866488956846297,0.2725127637386322
gue_splice_reconstructed__bert-base-uncased__20260520T223812Z,2,2,0.0036836694926023483,0.004426030907779932,0.9918903112411499
gue_splice_reconstructed__bert-base-uncased__20260520T223812Z,2,2,0.002486931160092354,0.005902095232158899,0.9916109442710876
gue_splice_reconstructed__bert-base-uncased__20260520T223812Z,2,2,0.0029672689270228148,0.008486047387123108,0.98854660987854
gue_splice_reconstructed__bert-base-uncased__20260520T223812Z,2,1,0.000514041748829186,0.7381009459495544,0.261385053396225
gue_splice_reconstructed__bert-base-uncased__20260520T223812Z,2,1,0.00041731400415301323,0.8977680206298828,0.1018146350979805
gue_splice_reconstructed__bert-base-uncased__20260520T223812Z,2,1,0.0027055065147578716,0.672440767288208,0.32485371828079224
gue_splice_reconstructed__bert-base-uncased__20260520T223812Z,1,1,0.00023835983301978558,0.9903490543365479,0.009412622079253197
gue_splice_reconstructed__bert-base-uncased__20260520T223812Z,2,2,0.0029346132650971413,0.005939672235399485,0.991125762462616
gue_splice_reconstructed__bert-base-uncased__20260520T223812Z,1,1,0.00022949407866690308,0.991496741771698,0.008273708634078503
gue_splice_reconstructed__bert-base-uncased__20260520T223812Z,2,2,0.0010012740967795253,0.10978665202856064,0.8892120718955994
gue_splice_reconstructed__bert-base-uncased__20260520T223812Z,1,1,0.00018910085782408714,0.9778012633323669,0.022009698674082756
gue_splice_reconstructed__bert-base-uncased__20260520T223812Z,2,2,0.22555924952030182,0.0008795963367447257,0.7735611796379089
gue_splice_reconstructed__bert-base-uncased__20260520T223812Z,1,1,0.0003590292762964964,0.9936946034431458,0.005946349818259478
gue_splice_reconstructed__bert-base-uncased__20260520T223812Z,2,2,0.07463528215885162,0.0015768599696457386,0.9237878322601318
gue_splice_reconstructed__bert-base-uncased__20260520T223812Z,1,1,0.0002988554479088634,0.9803482890129089,0.019352929666638374
gue_splice_reconstructed__bert-base-uncased__20260520T223812Z,2,2,0.0032457541674375534,0.004475583788007498,0.9922786951065063
gue_splice_reconstructed__bert-base-uncased__20260520T223812Z,2,2,0.003423812333494425,0.013279524631798267,0.9832966327667236
gue_splice_reconstructed__bert-base-uncased__20260520T223812Z,2,2,0.06910468637943268,0.001305236597545445,0.929590106010437
gue_splice_reconstructed__bert-base-uncased__20260520T223812Z,1,1,0.0001702039153315127,0.9895108342170715,0.010318911634385586
gue_splice_reconstructed__bert-base-uncased__20260520T223812Z,2,2,0.0048188199289143085,0.07328259199857712,0.921898603439331
gue_splice_reconstructed__bert-base-uncased__20260520T223812Z,2,2,0.011926463805139065,0.0009694700129330158,0.9871041178703308
gue_splice_reconstructed__bert-base-uncased__20260520T223812Z,0,2,0.011896215379238129,0.44858720898628235,0.5395165085792542
gue_splice_reconstructed__bert-base-uncased__20260520T223812Z,2,2,0.003355029970407486,0.006391647271811962,0.9902532696723938
gue_splice_reconstructed__bert-base-uncased__20260520T223812Z,2,1,0.00022496598830912262,0.9911035299301147,0.008671566843986511
gue_splice_reconstructed__bert-base-uncased__20260520T223812Z,0,0,0.9831362366676331,0.0002000371168833226,0.016663705930113792
gue_splice_reconstructed__bert-base-uncased__20260520T223812Z,2,2,0.007114130072295666,0.001992962323129177,0.9908928871154785
gue_splice_reconstructed__bert-base-uncased__20260520T223812Z,1,1,0.0003211980510968715,0.976362407207489,0.02331632375717163
gue_splice_reconstructed__bert-base-uncased__20260520T223812Z,1,1,0.00031918566673994064,0.9932541251182556,0.006426687352359295
gue_splice_reconstructed__bert-base-uncased__20260520T223812Z,2,2,0.0038148253224790096,0.004464340396225452,0.9917209148406982
gue_splice_reconstructed__bert-base-uncased__20260520T223812Z,2,2,0.06572622060775757,0.002652752911671996,0.9316210150718689
gue_splice_reconstructed__bert-base-uncased__20260520T223812Z,2,2,0.0048414673656225204,0.0024273209273815155,0.9927312731742859
gue_splice_reconstructed__bert-base-uncased__20260520T223812Z,0,0,0.976223886013031,0.0003274866321589798,0.023448582738637924
gue_splice_reconstructed__bert-base-uncased__20260520T223812Z,2,2,0.003631440456956625,0.005081298295408487,0.9912872910499573
gue_splice_reconstructed__bert-base-uncased__20260520T223812Z,0,0,0.9915741086006165,0.0002757649926934391,0.008150050416588783
gue_splice_reconstructed__bert-base-uncased__20260520T223812Z,0,2,0.19648267328739166,0.0009619799675419927,0.8025553822517395
gue_splice_reconstructed__bert-base-uncased__20260520T223812Z,2,2,0.002276146551594138,0.00678205955773592,0.9909418225288391
gue_splice_reconstructed__bert-base-uncased__20260520T223812Z,1,1,0.0018898396519944072,0.9600263833999634,0.0380837582051754
gue_splice_reconstructed__bert-base-uncased__20260520T223812Z,0,0,0.8817641139030457,0.00040748019819147885,0.1178283840417862
gue_splice_reconstructed__bert-base-uncased__20260520T223812Z,2,0,0.9029913544654846,0.0003353016800247133,0.09667336940765381
gue_splice_reconstructed__bert-base-uncased__20260520T223812Z,2,2,0.002970807021483779,0.005368940997868776,0.9916602969169617
gue_splice_reconstructed__bert-base-uncased__20260520T223812Z,0,2,0.2838614881038666,0.001115635153837502,0.7150229215621948
gue_splice_reconstructed__bert-base-uncased__20260520T223812Z,2,2,0.0027985379565507174,0.0047372858971357346,0.9924641847610474
gue_splice_reconstructed__bert-base-uncased__20260520T223812Z,2,0,0.8536821007728577,0.00041262886952608824,0.1459052413702011
gue_splice_reconstructed__bert-base-uncased__20260520T223812Z,2,2,0.0021341880783438683,0.006869089789688587,0.9909967184066772
gue_splice_reconstructed__bert-base-uncased__20260520T223812Z,2,2,0.0010203070705756545,0.04006053879857063,0.9589192271232605
gue_splice_reconstructed__bert-base-uncased__20260520T223812Z,2,2,0.011649894528090954,0.0022343045566231012,0.9861158132553101
gue_splice_reconstructed__bert-base-uncased__20260520T223812Z,2,2,0.33354300260543823,0.0018306913552805781,0.6646263599395752
gue_splice_reconstructed__bert-base-uncased__20260520T223812Z,1,1,0.00025334852398373187,0.9927196502685547,0.0070270332507789135
gue_splice_reconstructed__bert-base-uncased__20260520T223812Z,2,2,0.002628625836223364,0.0050421287305653095,0.9923292994499207
gue_splice_reconstructed__bert-base-uncased__20260520T223812Z,2,0,0.9854164719581604,0.00031297776149585843,0.014270593412220478
gue_splice_reconstructed__bert-base-uncased__20260520T223812Z,0,0,0.9206802845001221,0.0008884770213626325,0.07843123376369476
gue_splice_reconstructed__bert-base-uncased__20260520T223812Z,0,2,0.1507386714220047,0.0010864663636311889,0.8481748700141907
gue_splice_reconstructed__bert-base-uncased__20260520T223812Z,2,2,0.004744012840092182,0.004290045704692602,0.9909659624099731
gue_splice_reconstructed__bert-base-uncased__20260520T223812Z,2,2,0.0011892395559698343,0.04280184954404831,0.9560089111328125
gue_splice_reconstructed__bert-base-uncased__20260520T223812Z,1,1,0.00023101625265553594,0.99030601978302,0.009462903253734112
gue_splice_reconstructed__bert-base-uncased__20260520T223812Z,2,2,0.002625421155244112,0.006255151238292456,0.9911194443702698
gue_splice_reconstructed__bert-base-uncased__20260520T223812Z,1,1,0.00020463770488277078,0.9653301239013672,0.03446521982550621
gue_splice_reconstructed__bert-base-uncased__20260520T223812Z,2,2,0.0021454649977385998,0.015149176120758057,0.9827053546905518
gue_splice_reconstructed__bert-base-uncased__20260520T223812Z,2,2,0.0019023151835426688,0.012674042955040932,0.9854236245155334
gue_splice_reconstructed__bert-base-uncased__20260520T223812Z,1,1,0.00026967067969962955,0.9926555156707764,0.007074778433889151
gue_splice_reconstructed__bert-base-uncased__20260520T223812Z,2,2,0.0043548764660954475,0.005299356300383806,0.9903457760810852
gue_splice_reconstructed__bert-base-uncased__20260520T223812Z,2,0,0.7715441584587097,0.00038778307498432696,0.2280680239200592
gue_splice_reconstructed__bert-base-uncased__20260520T223812Z,2,2,0.002886502305045724,0.0049486164934933186,0.9921648502349854
gue_splice_reconstructed__bert-base-uncased__20260520T223812Z,0,0,0.9456948041915894,0.000165551871759817,0.05413973331451416
gue_splice_reconstructed__bert-base-uncased__20260520T223812Z,1,1,0.00032201461726799607,0.8356165885925293,0.1640613079071045
gue_splice_reconstructed__bert-base-uncased__20260520T223812Z,2,2,0.04122091457247734,0.0023249571677297354,0.9564541578292847
gue_splice_reconstructed__bert-base-uncased__20260520T223812Z,0,0,0.9894272685050964,0.00019665365107357502,0.010376142337918282
gue_splice_reconstructed__bert-base-uncased__20260520T223812Z,2,2,0.0028415333945304155,0.007005444262176752,0.9901530146598816
gue_splice_reconstructed__bert-base-uncased__20260520T223812Z,2,2,0.0017332743154838681,0.019836273044347763,0.9784305095672607
gue_splice_reconstructed__bert-base-uncased__20260520T223812Z,1,2,0.0011699800379574299,0.26348036527633667,0.7353495955467224
gue_splice_reconstructed__bert-base-uncased__20260520T223812Z,2,2,0.004296701867133379,0.0041685751639306545,0.9915347695350647
gue_splice_reconstructed__bert-base-uncased__20260520T223812Z,2,2,0.0031870475504547358,0.0052034892141819,0.991609513759613
gue_splice_reconstructed__bert-base-uncased__20260520T223812Z,2,2,0.03283454850316048,0.0019603476393967867,0.9652050733566284
gue_splice_reconstructed__bert-base-uncased__20260520T223812Z,2,2,0.3904638886451721,0.0006255100597627461,0.6089105606079102
gue_splice_reconstructed__bert-base-uncased__20260520T223812Z,1,2,0.0009018894052132964,0.08616869151592255,0.9129294157028198
gue_splice_reconstructed__bert-base-uncased__20260520T223812Z,0,0,0.9714651107788086,0.0001849627442425117,0.02834996208548546
gue_splice_reconstructed__bert-base-uncased__20260520T223812Z,2,2,0.0022803298197686672,0.008827180601656437,0.9888924956321716
gue_splice_reconstructed__bert-base-uncased__20260520T223812Z,2,2,0.0043617598712444305,0.0037271694745868444,0.9919111132621765
gue_splice_reconstructed__bert-base-uncased__20260520T223812Z,2,2,0.004018677398562431,0.008794757537543774,0.9871865510940552
gue_splice_reconstructed__bert-base-uncased__20260520T223812Z,2,2,0.005230783950537443,0.0028135410975664854,0.9919556379318237
gue_splice_reconstructed__bert-base-uncased__20260520T223812Z,2,2,0.005026191007345915,0.004814795684069395,0.9901589751243591
gue_splice_reconstructed__bert-base-uncased__20260520T223812Z,2,2,0.3288867473602295,0.0008788937120698392,0.6702343821525574
gue_splice_reconstructed__bert-base-uncased__20260520T223812Z,2,1,0.000279000261798501,0.9628925323486328,0.0368284247815609
gue_splice_reconstructed__bert-base-uncased__20260520T223812Z,2,2,0.02890077419579029,0.0022825521882623434,0.9688166975975037
gue_splice_reconstructed__bert-base-uncased__20260520T223812Z,1,1,0.0004712991649284959,0.937710165977478,0.06181849539279938
gue_splice_reconstructed__bert-base-uncased__20260520T223812Z,2,2,0.0032609475310891867,0.005639916751533747,0.9910991787910461
gue_splice_reconstructed__bert-base-uncased__20260520T223812Z,2,2,0.0011914517963305116,0.04475531354546547,0.9540531635284424
gue_splice_reconstructed__bert-base-uncased__20260520T223812Z,1,1,0.00018609654216561466,0.9510559439659119,0.048758018761873245
gue_splice_reconstructed__bert-base-uncased__20260520T223812Z,0,0,0.9615208506584167,0.00021953374380245805,0.03825962543487549
gue_splice_reconstructed__bert-base-uncased__20260520T223812Z,2,2,0.002562909619882703,0.16011764109134674,0.8373194336891174
gue_splice_reconstructed__bert-base-uncased__20260520T223812Z,2,0,0.788779616355896,0.0003695280465763062,0.21085083484649658
gue_splice_reconstructed__bert-base-uncased__20260520T223812Z,2,2,0.0009726597927510738,0.050328329205513,0.9486989974975586
gue_splice_reconstructed__bert-base-uncased__20260520T223812Z,0,0,0.8439959287643433,0.0004892032011412084,0.1555148810148239
gue_splice_reconstructed__bert-base-uncased__20260520T223812Z,2,1,0.00030999191221781075,0.8397362232208252,0.15995372831821442
gue_splice_reconstructed__bert-base-uncased__20260520T223812Z,2,2,0.0034651795867830515,0.00523753184825182,0.9912972450256348
gue_splice_reconstructed__bert-base-uncased__20260520T223812Z,0,2,0.4242139458656311,0.0004666097811423242,0.5753194689750671
gue_splice_reconstructed__bert-base-uncased__20260520T223812Z,0,0,0.9835687279701233,0.0009735742351040244,0.015457764267921448
gue_splice_reconstructed__bert-base-uncased__20260520T223812Z,2,2,0.07049743086099625,0.0017874171026051044,0.9277151226997375
gue_splice_reconstructed__bert-base-uncased__20260520T223812Z,1,1,0.000301035848679021,0.8800183534622192,0.1196805015206337
gue_splice_reconstructed__bert-base-uncased__20260520T223812Z,2,2,0.0008470532484352589,0.2966066002845764,0.7025463581085205
gue_splice_reconstructed__bert-base-uncased__20260520T223812Z,0,0,0.9936946034431458,0.0002477227826602757,0.0060577127151191235
gue_splice_reconstructed__bert-base-uncased__20260520T223812Z,1,1,0.00019860078464262187,0.9760770201683044,0.02372431568801403
gue_splice_reconstructed__bert-base-uncased__20260520T223812Z,2,2,0.018158070743083954,0.0010374964913353324,0.9808043837547302
gue_splice_reconstructed__bert-base-uncased__20260520T223812Z,1,1,0.00023805719683878124,0.9929627776145935,0.006799210328608751
gue_splice_reconstructed__bert-base-uncased__20260520T223812Z,2,2,0.1905931532382965,0.0006860450375825167,0.8087207674980164
gue_splice_reconstructed__bert-base-uncased__20260520T223812Z,2,2,0.000618521124124527,0.37937355041503906,0.6200079321861267
gue_splice_reconstructed__bert-base-uncased__20260520T223812Z,2,2,0.005087369587272406,0.002440946875140071,0.9924716949462891
gue_splice_reconstructed__bert-base-uncased__20260520T223812Z,0,0,0.9917169213294983,0.0003168298280797899,0.007966290228068829
gue_splice_reconstructed__bert-base-uncased__20260520T223812Z,2,2,0.002544146729633212,0.004593377932906151,0.9928625226020813
gue_splice_reconstructed__bert-base-uncased__20260520T223812Z,1,1,0.00024486577603966,0.9899381399154663,0.009817013517022133
gue_splice_reconstructed__bert-base-uncased__20260520T223812Z,1,1,0.00019666555454023182,0.9894871711730957,0.010316146537661552
gue_splice_reconstructed__bert-base-uncased__20260520T223812Z,2,2,0.028729785233736038,0.002998670097440481,0.9682715535163879
gue_splice_reconstructed__bert-base-uncased__20260520T223812Z,1,1,0.00020529997709672898,0.9894860982894897,0.010308582335710526
gue_splice_reconstructed__bert-base-uncased__20260520T223812Z,2,2,0.005854527000337839,0.00281177693977952,0.9913336634635925
gue_splice_reconstructed__bert-base-uncased__20260520T223812Z,0,0,0.9850161075592041,0.0001860833290265873,0.014797775074839592
gue_splice_reconstructed__bert-base-uncased__20260520T223812Z,2,2,0.01712607592344284,0.039567358791828156,0.9433065056800842
gue_splice_reconstructed__bert-base-uncased__20260520T223812Z,1,1,0.0002462967240717262,0.8787226676940918,0.12103109806776047
gue_splice_reconstructed__bert-base-uncased__20260520T223812Z,1,1,0.000232671809499152,0.9857828617095947,0.013984408229589462
gue_splice_reconstructed__bert-base-uncased__20260520T223812Z,2,1,0.0006733034388162196,0.6440149545669556,0.35531169176101685
gue_splice_reconstructed__bert-base-uncased__20260520T223812Z,0,0,0.987013041973114,0.00016911240527406335,0.012817886658012867
gue_splice_reconstructed__bert-base-uncased__20260520T223812Z,1,1,0.00021302507957443595,0.9797018766403198,0.02008514106273651
gue_splice_reconstructed__bert-base-uncased__20260520T223812Z,1,1,0.0004437244788277894,0.994551956653595,0.005004313308745623
gue_splice_reconstructed__bert-base-uncased__20260520T223812Z,2,2,0.000685977574903518,0.4972172975540161,0.5020967125892639
gue_splice_reconstructed__bert-base-uncased__20260520T223812Z,2,2,0.0019829024095088243,0.008267201483249664,0.9897498488426208
gue_splice_reconstructed__bert-base-uncased__20260520T223812Z,0,0,0.9944467544555664,0.0003780179831665009,0.005175240337848663
gue_splice_reconstructed__bert-base-uncased__20260520T223812Z,2,2,0.0028776617255061865,0.006062337197363377,0.9910599589347839
gue_splice_reconstructed__bert-base-uncased__20260520T223812Z,0,0,0.9910981059074402,0.0003292453766334802,0.008572586812078953
gue_splice_reconstructed__bert-base-uncased__20260520T223812Z,2,2,0.0009056354174390435,0.14127187430858612,0.8578224778175354
gue_splice_reconstructed__bert-base-uncased__20260520T223812Z,1,1,0.00032642987207509577,0.9922657608985901,0.0074077751487493515
gue_splice_reconstructed__bert-base-uncased__20260520T223812Z,2,1,0.0005867928848601878,0.6236982345581055,0.3757149279117584
gue_splice_reconstructed__bert-base-uncased__20260520T223812Z,0,2,0.36277854442596436,0.0011467784643173218,0.6360746622085571
gue_splice_reconstructed__bert-base-uncased__20260520T223812Z,2,2,0.003816485870629549,0.0020912615582346916,0.9940922856330872
gue_splice_reconstructed__bert-base-uncased__20260520T223812Z,2,0,0.5630962252616882,0.000926162232644856,0.43597766757011414
gue_splice_reconstructed__bert-base-uncased__20260520T223812Z,1,1,0.00025215945788659155,0.9938668608665466,0.005880962125957012
gue_splice_reconstructed__bert-base-uncased__20260520T223812Z,2,2,0.01634157821536064,0.005658539477735758,0.9779998660087585
gue_splice_reconstructed__bert-base-uncased__20260520T223812Z,1,1,0.000270135176833719,0.9924250841140747,0.007304791361093521
gue_splice_reconstructed__bert-base-uncased__20260520T223812Z,1,1,0.0003716530336532742,0.9950405955314636,0.004587747156620026
gue_splice_reconstructed__bert-base-uncased__20260520T223812Z,1,1,0.00019957470067311078,0.9808635711669922,0.018936792388558388
gue_splice_reconstructed__bert-base-uncased__20260520T223812Z,2,2,0.0011928720632568002,0.03235730528831482,0.9664498567581177
gue_splice_reconstructed__bert-base-uncased__20260520T223812Z,1,1,0.0002030024625128135,0.9822421073913574,0.017554884776473045
gue_splice_reconstructed__bert-base-uncased__20260520T223812Z,1,2,0.05341290310025215,0.0794806256890297,0.8671064376831055
gue_splice_reconstructed__bert-base-uncased__20260520T223812Z,2,2,0.011611723341047764,0.046842485666275024,0.9415457844734192
gue_splice_reconstructed__bert-base-uncased__20260520T223812Z,2,2,0.026056207716464996,0.0028529164846986532,0.9710908532142639
gue_splice_reconstructed__bert-base-uncased__20260520T223812Z,0,0,0.8515366315841675,0.00034389784559607506,0.14811944961547852
gue_splice_reconstructed__bert-base-uncased__20260520T223812Z,0,0,0.9883012175559998,0.00020266517822165042,0.011496102437376976
gue_splice_reconstructed__bert-base-uncased__20260520T223812Z,1,1,0.0003030009102076292,0.9920073747634888,0.0076895891688764095
gue_splice_reconstructed__bert-base-uncased__20260520T223812Z,1,1,0.00022881038603372872,0.9618786573410034,0.0378926619887352
gue_splice_reconstructed__bert-base-uncased__20260520T223812Z,2,2,0.0019200383685529232,0.007353074848651886,0.9907268285751343
gue_splice_reconstructed__bert-base-uncased__20260520T223812Z,1,1,0.002274083439260721,0.5510422587394714,0.4466836154460907
gue_splice_reconstructed__bert-base-uncased__20260520T223812Z,1,1,0.00016503360529895872,0.9822050929069519,0.017629921436309814
gue_splice_reconstructed__bert-base-uncased__20260520T223812Z,1,1,0.000223695911699906,0.9893652200698853,0.010411014780402184
gue_splice_reconstructed__bert-base-uncased__20260520T223812Z,2,2,0.004838821478188038,0.002972390502691269,0.9921888113021851
gue_splice_reconstructed__bert-base-uncased__20260520T223812Z,2,2,0.003864218248054385,0.005215130280703306,0.9909206628799438
gue_splice_reconstructed__bert-base-uncased__20260520T223812Z,2,2,0.002436936367303133,0.006722028832882643,0.9908410310745239
gue_splice_reconstructed__bert-base-uncased__20260520T223812Z,0,0,0.6788321733474731,0.0005101832211948931,0.3206576108932495
gue_splice_reconstructed__bert-base-uncased__20260520T223812Z,0,0,0.9643194079399109,0.00017588016635272652,0.03550469130277634
gue_splice_reconstructed__bert-base-uncased__20260520T223812Z,2,2,0.002936901291832328,0.005164500325918198,0.9918985366821289
gue_splice_reconstructed__bert-base-uncased__20260520T223812Z,2,2,0.012067285366356373,0.0012912810780107975,0.9866414070129395
gue_splice_reconstructed__bert-base-uncased__20260520T223812Z,2,2,0.0027949560899287462,0.07150445878505707,0.9257006049156189
gue_splice_reconstructed__bert-base-uncased__20260520T223812Z,2,2,0.004353785887360573,0.0036129418294876814,0.9920333027839661
gue_splice_reconstructed__bert-base-uncased__20260520T223812Z,2,2,0.004470280837267637,0.004426837898790836,0.991102933883667
gue_splice_reconstructed__bert-base-uncased__20260520T223812Z,2,2,0.0017850862350314856,0.05895540118217468,0.9392594695091248
gue_splice_reconstructed__bert-base-uncased__20260520T223812Z,2,2,0.010075753554701805,0.0015421516727656126,0.9883820414543152
gue_splice_reconstructed__bert-base-uncased__20260520T223812Z,1,1,0.00036758079659193754,0.9764792323112488,0.023153182119131088
gue_splice_reconstructed__bert-base-uncased__20260520T223812Z,2,2,0.28068578243255615,0.00045494953519664705,0.7188592553138733
gue_splice_reconstructed__bert-base-uncased__20260520T223812Z,1,2,0.0005299724289216101,0.40100589394569397,0.5984641313552856
gue_splice_reconstructed__bert-base-uncased__20260520T223812Z,1,1,0.00021626768284477293,0.9907370209693909,0.009046738035976887
gue_splice_reconstructed__bert-base-uncased__20260520T223812Z,2,1,0.0005925040459260345,0.9289215803146362,0.07048578560352325
gue_splice_reconstructed__bert-base-uncased__20260520T223812Z,2,2,0.0010129784932360053,0.046955425292253494,0.9520315527915955
gue_splice_reconstructed__bert-base-uncased__20260520T223812Z,2,0,0.9405273795127869,0.0008970556664280593,0.05857556685805321
gue_splice_reconstructed__bert-base-uncased__20260520T223812Z,1,1,0.0003105074865743518,0.9930343627929688,0.006655170116573572
gue_splice_reconstructed__bert-base-uncased__20260520T223812Z,2,2,0.0031665286514908075,0.0058184522204101086,0.9910150170326233
gue_splice_reconstructed__bert-base-uncased__20260520T223812Z,1,2,0.002259273547679186,0.20120036602020264,0.796540379524231
gue_splice_reconstructed__bert-base-uncased__20260520T223812Z,2,0,0.6407589912414551,0.006070699542760849,0.3531702756881714
gue_splice_reconstructed__bert-base-uncased__20260520T223812Z,1,1,0.00035869196290150285,0.9947018027305603,0.004939515143632889
gue_splice_reconstructed__bert-base-uncased__20260520T223812Z,1,1,0.00016487264656461775,0.9622679948806763,0.03756711259484291
gue_splice_reconstructed__bert-base-uncased__20260520T223812Z,2,2,0.0020422376692295074,0.008022178895771503,0.989935576915741
gue_splice_reconstructed__bert-base-uncased__20260520T223812Z,1,1,0.0002731794666033238,0.8702495098114014,0.12947741150856018
gue_splice_reconstructed__bert-base-uncased__20260520T223812Z,2,2,0.003419858403503895,0.0047805714420974255,0.9917995929718018
gue_splice_reconstructed__bert-base-uncased__20260520T223812Z,0,0,0.9394187331199646,0.0004675694217439741,0.06011370196938515
gue_splice_reconstructed__bert-base-uncased__20260520T223812Z,2,2,0.08433518558740616,0.02390426956117153,0.8917605876922607
gue_splice_reconstructed__bert-base-uncased__20260520T223812Z,2,2,0.0011813681339845061,0.02471584640443325,0.974102795124054
gue_splice_reconstructed__bert-base-uncased__20260520T223812Z,2,2,0.014452111907303333,0.003548566484823823,0.9819992780685425
gue_splice_reconstructed__bert-base-uncased__20260520T223812Z,0,0,0.9384239315986633,0.0002219268208136782,0.061354149132966995
gue_splice_reconstructed__bert-base-uncased__20260520T223812Z,2,2,0.01757865957915783,0.002773210871964693,0.9796480536460876
gue_splice_reconstructed__bert-base-uncased__20260520T223812Z,2,1,0.000464695185655728,0.7502039670944214,0.24933132529258728
gue_splice_reconstructed__bert-base-uncased__20260520T223812Z,1,1,0.0002620658779051155,0.9933419823646545,0.006395948585122824
gue_splice_reconstructed__bert-base-uncased__20260520T223812Z,2,2,0.0036939161363989115,0.00553440535441041,0.9907716512680054
gue_splice_reconstructed__bert-base-uncased__20260520T223812Z,2,2,0.0024079023860394955,0.012802680023014545,0.9847894906997681
gue_splice_reconstructed__bert-base-uncased__20260520T223812Z,2,2,0.012601803988218307,0.0018332779873162508,0.9855648875236511
gue_splice_reconstructed__bert-base-uncased__20260520T223812Z,2,2,0.00235252664424479,0.006900969427078962,0.9907464981079102
gue_splice_reconstructed__bert-base-uncased__20260520T223812Z,1,1,0.00017457231297157705,0.9760269522666931,0.023798510432243347
gue_splice_reconstructed__bert-base-uncased__20260520T223812Z,2,2,0.009535118006169796,0.003504350082948804,0.9869605302810669
gue_splice_reconstructed__bert-base-uncased__20260520T223812Z,2,2,0.014546794816851616,0.003754212288185954,0.9816989898681641
gue_splice_reconstructed__bert-base-uncased__20260520T223812Z,2,1,0.0004896840546280146,0.5738748908042908,0.425635427236557
gue_splice_reconstructed__bert-base-uncased__20260520T223812Z,2,0,0.542972981929779,0.0006901065353304148,0.4563369154930115
gue_splice_reconstructed__bert-base-uncased__20260520T223812Z,1,1,0.0001994463527807966,0.972604513168335,0.027196090668439865
gue_splice_reconstructed__bert-base-uncased__20260520T223812Z,1,1,0.0007416638545691967,0.988761842250824,0.010496515780687332
gue_splice_reconstructed__bert-base-uncased__20260520T223812Z,1,1,0.00019726016034837812,0.9581931233406067,0.041609589010477066
gue_splice_reconstructed__bert-base-uncased__20260520T223812Z,1,1,0.00021941150771453977,0.976118803024292,0.023661702871322632
gue_splice_reconstructed__bert-base-uncased__20260520T223812Z,2,2,0.002811188343912363,0.006062741857022047,0.9911261200904846
gue_splice_reconstructed__bert-base-uncased__20260520T223812Z,1,1,0.00039084505988284945,0.9849463701248169,0.014662772417068481
gue_splice_reconstructed__bert-base-uncased__20260520T223812Z,2,2,0.3325352072715759,0.22696922719478607,0.4404955506324768
gue_splice_reconstructed__bert-base-uncased__20260520T223812Z,2,2,0.001484136562794447,0.020948141813278198,0.9775676727294922
gue_splice_reconstructed__bert-base-uncased__20260520T223812Z,2,1,0.00020743008644785732,0.9049670100212097,0.09482557326555252
gue_splice_reconstructed__bert-base-uncased__20260520T223812Z,2,2,0.002898450940847397,0.004713847767561674,0.9923877716064453
gue_splice_reconstructed__bert-base-uncased__20260520T223812Z,1,1,0.0002759431372396648,0.9922147393226624,0.007509361486881971
gue_splice_reconstructed__bert-base-uncased__20260520T223812Z,0,0,0.9920431971549988,0.0002632612595334649,0.0076936217956244946
gue_splice_reconstructed__bert-base-uncased__20260520T223812Z,0,0,0.927197277545929,0.00042680525803007185,0.07237590104341507
gue_splice_reconstructed__bert-base-uncased__20260520T223812Z,2,2,0.0019832393154501915,0.02344605326652527,0.9745707511901855
gue_splice_reconstructed__bert-base-uncased__20260520T223812Z,1,1,0.0004156073846388608,0.9935482144355774,0.00603615352883935
gue_splice_reconstructed__bert-base-uncased__20260520T223812Z,2,2,0.02202543616294861,0.003169967792928219,0.9748046398162842
gue_splice_reconstructed__bert-base-uncased__20260520T223812Z,2,2,0.021535882726311684,0.002246709307655692,0.9762174487113953
gue_splice_reconstructed__bert-base-uncased__20260520T223812Z,2,2,0.0028588571585714817,0.006771527696400881,0.9903696179389954
gue_splice_reconstructed__bert-base-uncased__20260520T223812Z,0,0,0.8060423731803894,0.00043804143206216395,0.19351954758167267
gue_splice_reconstructed__bert-base-uncased__20260520T223812Z,2,2,0.0035155194345861673,0.006378228310495615,0.9901062846183777
gue_splice_reconstructed__bert-base-uncased__20260520T223812Z,1,1,0.00020286324433982372,0.989267110824585,0.010530119761824608
gue_splice_reconstructed__bert-base-uncased__20260520T223812Z,2,2,0.005411588121205568,0.002829513978213072,0.9917588829994202
gue_splice_reconstructed__bert-base-uncased__20260520T223812Z,1,1,0.0002600669686216861,0.9915581941604614,0.008181817829608917
gue_splice_reconstructed__bert-base-uncased__20260520T223812Z,0,2,0.06580496579408646,0.0012870709178969264,0.9329079985618591
gue_splice_reconstructed__bert-base-uncased__20260520T223812Z,1,1,0.00025072760763578117,0.9901552200317383,0.00959404744207859
gue_splice_reconstructed__bert-base-uncased__20260520T223812Z,0,0,0.5931962132453918,0.0006959192687645555,0.40610793232917786
gue_splice_reconstructed__bert-base-uncased__20260520T223812Z,2,2,0.007785960100591183,0.00864355731755495,0.9835704565048218
gue_splice_reconstructed__bert-base-uncased__20260520T223812Z,1,1,0.00016281538410112262,0.9842627644538879,0.015574300661683083
gue_splice_reconstructed__bert-base-uncased__20260520T223812Z,1,1,0.0006945214699953794,0.8580037355422974,0.1413017362356186
gue_splice_reconstructed__bert-base-uncased__20260520T223812Z,1,1,0.0002455705835018307,0.9362877011299133,0.06346677243709564
gue_splice_reconstructed__bert-base-uncased__20260520T223812Z,2,2,0.003138749860227108,0.006835604086518288,0.9900256395339966
gue_splice_reconstructed__bert-base-uncased__20260520T223812Z,0,0,0.9875892996788025,0.0002155805705115199,0.012195181101560593
gue_splice_reconstructed__bert-base-uncased__20260520T223812Z,1,1,0.00018691804143600166,0.9702972769737244,0.029515830799937248
gue_splice_reconstructed__bert-base-uncased__20260520T223812Z,1,1,0.00032260004081763327,0.9691996574401855,0.030477778986096382
gue_splice_reconstructed__bert-base-uncased__20260520T223812Z,1,1,0.0003376246604602784,0.9547459483146667,0.04491647332906723
gue_splice_reconstructed__bert-base-uncased__20260520T223812Z,2,2,0.0026347734965384007,0.004655890166759491,0.9927092790603638
gue_splice_reconstructed__bert-base-uncased__20260520T223812Z,2,2,0.027336083352565765,0.0024238470941781998,0.97024005651474
gue_splice_reconstructed__bert-base-uncased__20260520T223812Z,2,2,0.0022329133935272694,0.006473782006651163,0.9912932515144348
gue_splice_reconstructed__bert-base-uncased__20260520T223812Z,1,1,0.0001869349944172427,0.9368629455566406,0.06295005977153778
gue_splice_reconstructed__bert-base-uncased__20260520T223812Z,0,0,0.9631317853927612,0.0001742965105222538,0.03669395670294762
gue_splice_reconstructed__bert-base-uncased__20260520T223812Z,2,2,0.15041224658489227,0.0007665026932954788,0.848821222782135
gue_splice_reconstructed__bert-base-uncased__20260520T223812Z,2,2,0.003539116121828556,0.003594848792999983,0.992866039276123
gue_splice_reconstructed__bert-base-uncased__20260520T223812Z,2,2,0.0030212069395929575,0.006067350506782532,0.9909114241600037
gue_splice_reconstructed__bert-base-uncased__20260520T223812Z,2,2,0.043636757880449295,0.0013593788025900722,0.9550038576126099
gue_splice_reconstructed__bert-base-uncased__20260520T223812Z,1,1,0.00017584006127435714,0.986962616443634,0.012861508876085281
gue_splice_reconstructed__bert-base-uncased__20260520T223812Z,0,0,0.9887422323226929,0.0003085621865466237,0.01094912737607956
gue_splice_reconstructed__bert-base-uncased__20260520T223812Z,1,1,0.00033673932193778455,0.9247493147850037,0.0749138742685318
gue_splice_reconstructed__bert-base-uncased__20260520T223812Z,0,0,0.9943348169326782,0.00030017344397492707,0.005365051329135895
gue_splice_reconstructed__bert-base-uncased__20260520T223812Z,2,2,0.0033576430287212133,0.0036804538685828447,0.9929619431495667
gue_splice_reconstructed__bert-base-uncased__20260520T223812Z,2,2,0.019660942256450653,0.001039958675391972,0.9792991280555725
gue_splice_reconstructed__bert-base-uncased__20260520T223812Z,2,2,0.0028077184688299894,0.0053541939705610275,0.9918380379676819
gue_splice_reconstructed__bert-base-uncased__20260520T223812Z,0,2,0.0384502038359642,0.001588192186318338,0.9599615931510925
gue_splice_reconstructed__bert-base-uncased__20260520T223812Z,2,0,0.9649161696434021,0.00019328609050717205,0.03489058464765549
gue_splice_reconstructed__bert-base-uncased__20260520T223812Z,2,2,0.0030139063019305468,0.004600149113684893,0.992385983467102
gue_splice_reconstructed__bert-base-uncased__20260520T223812Z,0,0,0.9916933178901672,0.00021312029275577515,0.008093523792922497
gue_splice_reconstructed__bert-base-uncased__20260520T223812Z,0,0,0.9848485589027405,0.000404000049456954,0.014747475273907185
gue_splice_reconstructed__bert-base-uncased__20260520T223812Z,0,0,0.990798830986023,0.00019692625210154802,0.00900433212518692
gue_splice_reconstructed__bert-base-uncased__20260520T223812Z,1,1,0.00036860740510746837,0.9946267008781433,0.005004689563065767
gue_splice_reconstructed__bert-base-uncased__20260520T223812Z,1,1,0.0004073873278684914,0.9950473308563232,0.00454541202634573
gue_splice_reconstructed__bert-base-uncased__20260520T223812Z,0,2,0.4433629512786865,0.009156884625554085,0.5474801659584045
gue_splice_reconstructed__bert-base-uncased__20260520T223812Z,0,0,0.986758291721344,0.00017511828627903014,0.013066526502370834
gue_splice_reconstructed__bert-base-uncased__20260520T223812Z,2,2,0.06451530009508133,0.003958585672080517,0.9315261244773865
gue_splice_reconstructed__bert-base-uncased__20260520T223812Z,2,2,0.006659431383013725,0.0020934378262609243,0.9912471175193787
gue_splice_reconstructed__bert-base-uncased__20260520T223812Z,2,2,0.29152509570121765,0.013228222727775574,0.695246696472168
gue_splice_reconstructed__bert-base-uncased__20260520T223812Z,1,1,0.0002074810181511566,0.9673401117324829,0.032452408224344254
gue_splice_reconstructed__bert-base-uncased__20260520T223812Z,2,2,0.11108103394508362,0.0014398758066818118,0.8874791264533997
gue_splice_reconstructed__bert-base-uncased__20260520T223812Z,2,1,0.00036819142405875027,0.901069164276123,0.0985625609755516
gue_splice_reconstructed__bert-base-uncased__20260520T223812Z,0,0,0.9677585959434509,0.00019234689534641802,0.03204905986785889
gue_splice_reconstructed__bert-base-uncased__20260520T223812Z,0,0,0.61283278465271,0.0006584639777429402,0.3865087926387787
gue_splice_reconstructed__bert-base-uncased__20260520T223812Z,2,2,0.019413862377405167,0.0021952586248517036,0.9783908724784851
gue_splice_reconstructed__bert-base-uncased__20260520T223812Z,0,0,0.990607500076294,0.00021123021724633873,0.00918127503246069
gue_splice_reconstructed__bert-base-uncased__20260520T223812Z,0,0,0.9905181527137756,0.0006531225517392159,0.00882874894887209
gue_splice_reconstructed__bert-base-uncased__20260520T223812Z,2,2,0.0025014819111675024,0.025091959163546562,0.9724065661430359
gue_splice_reconstructed__bert-base-uncased__20260520T223812Z,2,2,0.0030929772183299065,0.004018275998532772,0.9928887486457825
gue_splice_reconstructed__bert-base-uncased__20260520T223812Z,2,2,0.0013084495440125465,0.1181284487247467,0.8805631399154663
gue_splice_reconstructed__bert-base-uncased__20260520T223812Z,2,2,0.01550357136875391,0.004494206979870796,0.9800021648406982
gue_splice_reconstructed__bert-base-uncased__20260520T223812Z,1,1,0.0002803739334922284,0.992516815662384,0.00720274867489934
gue_splice_reconstructed__bert-base-uncased__20260520T223812Z,2,2,0.0028635391499847174,0.005144848022609949,0.9919915795326233
gue_splice_reconstructed__bert-base-uncased__20260520T223812Z,1,2,0.0032721965108066797,0.11906859278678894,0.8776592016220093
gue_splice_reconstructed__bert-base-uncased__20260520T223812Z,1,1,0.00027071655495092273,0.9887505173683167,0.010978663340210915
gue_splice_reconstructed__bert-base-uncased__20260520T223812Z,2,2,0.005807127803564072,0.3667182922363281,0.6274746060371399
gue_splice_reconstructed__bert-base-uncased__20260520T223812Z,1,1,0.0003632376028690487,0.993629515171051,0.006007243879139423
gue_splice_reconstructed__bert-base-uncased__20260520T223812Z,1,2,0.0026704261545091867,0.004849704448133707,0.9924799203872681
gue_splice_reconstructed__bert-base-uncased__20260520T223812Z,1,1,0.00029492791509255767,0.9923436045646667,0.007361479103565216
gue_splice_reconstructed__bert-base-uncased__20260520T223812Z,2,1,0.0003188324917573482,0.9302247762680054,0.06945643573999405
gue_splice_reconstructed__bert-base-uncased__20260520T223812Z,2,2,0.004140586592257023,0.0061613647267222404,0.9896979928016663
gue_splice_reconstructed__bert-base-uncased__20260520T223812Z,2,2,0.0009381696581840515,0.1544223129749298,0.8446394801139832
gue_splice_reconstructed__bert-base-uncased__20260520T223812Z,2,2,0.011163510382175446,0.0009570568799972534,0.9878794550895691
gue_splice_reconstructed__bert-base-uncased__20260520T223812Z,2,2,0.002168897073715925,0.006331313867121935,0.9914998412132263
gue_splice_reconstructed__bert-base-uncased__20260520T223812Z,1,1,0.0002559893764555454,0.892146646976471,0.10759736597537994
gue_splice_reconstructed__bert-base-uncased__20260520T223812Z,0,0,0.9904783964157104,0.0002582660235930234,0.009263378567993641
gue_splice_reconstructed__bert-base-uncased__20260520T223812Z,2,2,0.0034297772217541933,0.005771911237388849,0.9907983541488647
gue_splice_reconstructed__bert-base-uncased__20260520T223812Z,2,2,0.00428716279566288,0.0063794758170843124,0.9893333315849304
gue_splice_reconstructed__bert-base-uncased__20260520T223812Z,2,2,0.0020371375139802694,0.014349197968840599,0.9836136102676392
gue_splice_reconstructed__bert-base-uncased__20260520T223812Z,2,2,0.0032809292897582054,0.005372485611587763,0.991346538066864
gue_splice_reconstructed__bert-base-uncased__20260520T223812Z,0,0,0.9490600824356079,0.00022226100554689765,0.05071759223937988
gue_splice_reconstructed__bert-base-uncased__20260520T223812Z,2,2,0.28951865434646606,0.0015720798401162028,0.708909273147583
gue_splice_reconstructed__bert-base-uncased__20260520T223812Z,1,1,0.000294265104457736,0.9210864901542664,0.07861923426389694
gue_splice_reconstructed__bert-base-uncased__20260520T223812Z,2,2,0.003116000909358263,0.0063253045082092285,0.9905587434768677
gue_splice_reconstructed__bert-base-uncased__20260520T223812Z,1,1,0.00021265613031573594,0.9895334839820862,0.010253853164613247
gue_splice_reconstructed__bert-base-uncased__20260520T223812Z,0,0,0.9171984195709229,0.0009971093386411667,0.08180444687604904
gue_splice_reconstructed__bert-base-uncased__20260520T223812Z,0,0,0.9910271763801575,0.00019543879898265004,0.008777393959462643
gue_splice_reconstructed__bert-base-uncased__20260520T223812Z,2,2,0.002218217821791768,0.009158412925899029,0.9886233806610107
gue_splice_reconstructed__bert-base-uncased__20260520T223812Z,2,2,0.0023192455992102623,0.005569016560912132,0.9921116828918457
gue_splice_reconstructed__bert-base-uncased__20260520T223812Z,2,2,0.002431287430226803,0.009024511091411114,0.9885441660881042
gue_splice_reconstructed__bert-base-uncased__20260520T223812Z,1,1,0.00020980644330848008,0.991647481918335,0.008142698556184769
gue_splice_reconstructed__bert-base-uncased__20260520T223812Z,1,1,0.0005103347357362509,0.9957371950149536,0.00375252403318882
gue_splice_reconstructed__bert-base-uncased__20260520T223812Z,2,2,0.002381411846727133,0.006391686387360096,0.9912269711494446
gue_splice_reconstructed__bert-base-uncased__20260520T223812Z,2,2,0.0075291781686246395,0.0015162602066993713,0.990954577922821
gue_splice_reconstructed__bert-base-uncased__20260520T223812Z,1,1,0.0005527248722501099,0.9954538345336914,0.003993404097855091
gue_splice_reconstructed__bert-base-uncased__20260520T223812Z,2,2,0.031490590423345566,0.0024041084107011557,0.9661052823066711
gue_splice_reconstructed__bert-base-uncased__20260520T223812Z,2,0,0.9472358822822571,0.00040961173363029957,0.05235462635755539
gue_splice_reconstructed__bert-base-uncased__20260520T223812Z,2,2,0.00832761824131012,0.015880394726991653,0.9757920503616333
gue_splice_reconstructed__bert-base-uncased__20260520T223812Z,2,2,0.02560529112815857,0.002237365348264575,0.97215735912323
gue_splice_reconstructed__bert-base-uncased__20260520T223812Z,2,2,0.0012575540458783507,0.07106482237577438,0.927677571773529
gue_splice_reconstructed__bert-base-uncased__20260520T223812Z,2,2,0.01069479901343584,0.0018332413164898753,0.9874719977378845
gue_splice_reconstructed__bert-base-uncased__20260520T223812Z,2,2,0.0022845726925879717,0.01661100797355175,0.9811044931411743
gue_splice_reconstructed__bert-base-uncased__20260520T223812Z,0,0,0.9923747181892395,0.00024739373475313187,0.00737790297716856
gue_splice_reconstructed__bert-base-uncased__20260520T223812Z,2,2,0.002530567580834031,0.006040947511792183,0.9914284348487854
gue_splice_reconstructed__bert-base-uncased__20260520T223812Z,2,2,0.003043621312826872,0.01417009811848402,0.9827862977981567
gue_splice_reconstructed__bert-base-uncased__20260520T223812Z,2,1,0.0005721065681427717,0.5963268280029297,0.4031010866165161
gue_splice_reconstructed__bert-base-uncased__20260520T223812Z,1,1,0.00035480843507684767,0.9955306649208069,0.0041144550777971745
gue_splice_reconstructed__bert-base-uncased__20260520T223812Z,2,2,0.15489573776721954,0.002413628390058875,0.842690646648407
gue_splice_reconstructed__bert-base-uncased__20260520T223812Z,2,2,0.12954191863536835,0.0023222118616104126,0.868135929107666
gue_splice_reconstructed__bert-base-uncased__20260520T223812Z,2,2,0.0043264818377792835,0.004068324342370033,0.9916051626205444
gue_splice_reconstructed__bert-base-uncased__20260520T223812Z,2,1,0.0003611265856307,0.7544617056846619,0.24517716467380524
gue_splice_reconstructed__bert-base-uncased__20260520T223812Z,2,2,0.009308584965765476,0.0014359066262841225,0.9892555475234985
gue_splice_reconstructed__bert-base-uncased__20260520T223812Z,1,1,0.00021252180158626288,0.9889084696769714,0.01087902020663023
gue_splice_reconstructed__bert-base-uncased__20260520T223812Z,1,1,0.000217440610867925,0.9883584976196289,0.011424021795392036
gue_splice_reconstructed__bert-base-uncased__20260520T223812Z,0,0,0.8859506845474243,0.0009172405116260052,0.1131320595741272
gue_splice_reconstructed__bert-base-uncased__20260520T223812Z,2,2,0.016707947477698326,0.002706271829083562,0.9805857539176941
gue_splice_reconstructed__bert-base-uncased__20260520T223812Z,1,1,0.00024906903854571283,0.9683560729026794,0.03139488026499748
gue_splice_reconstructed__bert-base-uncased__20260520T223812Z,2,2,0.052960027009248734,0.001573403482325375,0.9454665780067444
gue_splice_reconstructed__bert-base-uncased__20260520T223812Z,2,2,0.0027375619392842054,0.005338990595191717,0.9919233918190002
gue_splice_reconstructed__bert-base-uncased__20260520T223812Z,2,2,0.0023543662391602993,0.009989994578063488,0.9876556992530823
gue_splice_reconstructed__bert-base-uncased__20260520T223812Z,1,1,0.00019832394900731742,0.9785312414169312,0.021270420402288437
gue_splice_reconstructed__bert-base-uncased__20260520T223812Z,0,0,0.9458918571472168,0.0002471223415341228,0.053860943764448166
gue_splice_reconstructed__bert-base-uncased__20260520T223812Z,2,2,0.1701907366514206,0.0026688463985919952,0.8271403908729553
gue_splice_reconstructed__bert-base-uncased__20260520T223812Z,0,0,0.9520111083984375,0.0003590707783587277,0.04762984439730644
gue_splice_reconstructed__bert-base-uncased__20260520T223812Z,2,2,0.004641590174287558,0.005698112770915031,0.9896602630615234
gue_splice_reconstructed__bert-base-uncased__20260520T223812Z,1,1,0.0001719049905659631,0.9724432826042175,0.027384785935282707
gue_splice_reconstructed__bert-base-uncased__20260520T223812Z,2,2,0.00467785494402051,0.0027878242544829845,0.9925342798233032
gue_splice_reconstructed__bert-base-uncased__20260520T223812Z,2,2,0.002898607635870576,0.17111836373806,0.8259830474853516
gue_splice_reconstructed__bert-base-uncased__20260520T223812Z,0,0,0.9743292927742004,0.00018916686531156301,0.025481445714831352
gue_splice_reconstructed__bert-base-uncased__20260520T223812Z,2,2,0.0019639863166958094,0.13964961469173431,0.8583864569664001
gue_splice_reconstructed__bert-base-uncased__20260520T223812Z,2,2,0.06273195892572403,0.001483078463934362,0.9357849359512329
gue_splice_reconstructed__bert-base-uncased__20260520T223812Z,2,2,0.018573490902781487,0.0028580892831087112,0.9785684943199158
gue_splice_reconstructed__bert-base-uncased__20260520T223812Z,2,2,0.0013373690890148282,0.057284411042928696,0.9413781762123108
gue_splice_reconstructed__bert-base-uncased__20260520T223812Z,0,0,0.9873090386390686,0.0002974709204863757,0.01239354070276022
gue_splice_reconstructed__bert-base-uncased__20260520T223812Z,2,0,0.9760926961898804,0.00020571031200233847,0.023701539263129234
gue_splice_reconstructed__bert-base-uncased__20260520T223812Z,2,2,0.0036429704632610083,0.0038628026377409697,0.9924942255020142
gue_splice_reconstructed__bert-base-uncased__20260520T223812Z,2,2,0.009297836571931839,0.0035532682668417692,0.9871489405632019
gue_splice_reconstructed__bert-base-uncased__20260520T223812Z,2,2,0.0022645900025963783,0.007966188713908195,0.9897692203521729
gue_splice_reconstructed__bert-base-uncased__20260520T223812Z,2,2,0.0031476817093789577,0.009809830226004124,0.9870425462722778
gue_splice_reconstructed__bert-base-uncased__20260520T223812Z,2,2,0.0031182942911982536,0.41242390871047974,0.5844577550888062
gue_splice_reconstructed__bert-base-uncased__20260520T223812Z,1,1,0.00025698167155496776,0.9913443326950073,0.008398606441915035
gue_splice_reconstructed__bert-base-uncased__20260520T223812Z,1,2,0.0012412461219355464,0.3779893219470978,0.6207693815231323
gue_splice_reconstructed__bert-base-uncased__20260520T223812Z,1,1,0.000272963079623878,0.9911311268806458,0.008595925755798817
gue_splice_reconstructed__bert-base-uncased__20260520T223812Z,2,2,0.06159317120909691,0.001487778965383768,0.9369190335273743
gue_splice_reconstructed__bert-base-uncased__20260520T223812Z,0,0,0.891383171081543,0.00016257747483905405,0.10845430940389633
gue_splice_reconstructed__bert-base-uncased__20260520T223812Z,2,2,0.001153277698904276,0.20585627853870392,0.7929904460906982
gue_splice_reconstructed__bert-base-uncased__20260520T223812Z,2,2,0.001516197808086872,0.03052436374127865,0.9679595232009888
gue_splice_reconstructed__bert-base-uncased__20260520T223812Z,2,2,0.0009285834385082126,0.2258894294500351,0.7731819152832031
gue_splice_reconstructed__bert-base-uncased__20260520T223812Z,2,2,0.008019540458917618,0.050450488924980164,0.9415299296379089
gue_splice_reconstructed__bert-base-uncased__20260520T223812Z,2,2,0.15586942434310913,0.0010968863498419523,0.8430336713790894
gue_splice_reconstructed__bert-base-uncased__20260520T223812Z,2,2,0.0037134005688130856,0.008039838634431362,0.988246738910675
gue_splice_reconstructed__bert-base-uncased__20260520T223812Z,0,0,0.9920011758804321,0.00027160655008628964,0.007727178744971752
gue_splice_reconstructed__bert-base-uncased__20260520T223812Z,2,2,0.010405391454696655,0.0007637670496478677,0.9888308644294739
gue_splice_reconstructed__bert-base-uncased__20260520T223812Z,0,0,0.9904948472976685,0.0004007989773526788,0.009104344062507153
gue_splice_reconstructed__bert-base-uncased__20260520T223812Z,1,1,0.00023045347188599408,0.9917600750923157,0.008009541779756546
gue_splice_reconstructed__bert-base-uncased__20260520T223812Z,2,1,0.00040301127592101693,0.8305338621139526,0.16906307637691498
gue_splice_reconstructed__bert-base-uncased__20260520T223812Z,0,0,0.5809590220451355,0.30089667439460754,0.11814431101083755
gue_splice_reconstructed__bert-base-uncased__20260520T223812Z,2,2,0.005534372292459011,0.0027316983323544264,0.9917339086532593
gue_splice_reconstructed__bert-base-uncased__20260520T223812Z,2,2,0.0029474885668605566,0.003520798636600375,0.9935317635536194
gue_splice_reconstructed__bert-base-uncased__20260520T223812Z,2,2,0.0025668793823570013,0.007369709201157093,0.9900633692741394
gue_splice_reconstructed__bert-base-uncased__20260520T223812Z,2,2,0.0033525300677865744,0.0051975734531879425,0.9914498925209045
gue_splice_reconstructed__bert-base-uncased__20260520T223812Z,2,2,0.08613897114992142,0.001914708991535008,0.9119463562965393
gue_splice_reconstructed__bert-base-uncased__20260520T223812Z,2,1,0.001299627940170467,0.5047141313552856,0.4939863085746765
gue_splice_reconstructed__bert-base-uncased__20260520T223812Z,2,2,0.0012347889132797718,0.13128940761089325,0.8674758076667786
gue_splice_reconstructed__bert-base-uncased__20260520T223812Z,1,1,0.0003535346477292478,0.993895947933197,0.005750511307269335
gue_splice_reconstructed__bert-base-uncased__20260520T223812Z,2,2,0.002029147930443287,0.020126745104789734,0.9778441190719604
gue_splice_reconstructed__bert-base-uncased__20260520T223812Z,2,2,0.2621195614337921,0.0005910080508328974,0.7372894287109375
gue_splice_reconstructed__bert-base-uncased__20260520T223812Z,1,1,0.0002445740974508226,0.992628812789917,0.00712659303098917
gue_splice_reconstructed__bert-base-uncased__20260520T223812Z,2,2,0.0028392761014401913,0.005860051605850458,0.991300642490387
gue_splice_reconstructed__bert-base-uncased__20260520T223812Z,2,2,0.01485197339206934,0.003199442056939006,0.9819485545158386
gue_splice_reconstructed__bert-base-uncased__20260520T223812Z,2,1,0.0007229772163555026,0.7093111872673035,0.2899658679962158
gue_splice_reconstructed__bert-base-uncased__20260520T223812Z,1,1,0.000216942498809658,0.989953875541687,0.009829161688685417
gue_splice_reconstructed__bert-base-uncased__20260520T223812Z,1,0,0.5887234210968018,0.052099309861660004,0.35917726159095764
gue_splice_reconstructed__bert-base-uncased__20260520T223812Z,2,2,0.0040824091993272305,0.0037903885822743177,0.9921271800994873
gue_splice_reconstructed__bert-base-uncased__20260520T223812Z,1,1,0.00017567828763276339,0.9860545992851257,0.013769712299108505
gue_splice_reconstructed__bert-base-uncased__20260520T223812Z,2,2,0.004404535051435232,0.003690923796966672,0.9919044971466064
gue_splice_reconstructed__bert-base-uncased__20260520T223812Z,2,2,0.30937474966049194,0.002905439119786024,0.6877198219299316
gue_splice_reconstructed__bert-base-uncased__20260520T223812Z,2,2,0.006306016817688942,0.0022905890364199877,0.9914034008979797
gue_splice_reconstructed__bert-base-uncased__20260520T223812Z,1,1,0.0002665205392986536,0.9926243424415588,0.007109183818101883
gue_splice_reconstructed__bert-base-uncased__20260520T223812Z,1,1,0.00044531861203722656,0.8912253975868225,0.10832927376031876
gue_splice_reconstructed__bert-base-uncased__20260520T223812Z,2,2,0.0025401136372238398,0.006171266548335552,0.9912885427474976
gue_splice_reconstructed__bert-base-uncased__20260520T223812Z,2,2,0.00475093349814415,0.006706436164677143,0.9885426759719849
gue_splice_reconstructed__bert-base-uncased__20260520T223812Z,2,2,0.004886428359895945,0.005802777595818043,0.9893108606338501
gue_splice_reconstructed__bert-base-uncased__20260520T223812Z,0,0,0.9814571142196655,0.00018325087148696184,0.018359670415520668
gue_splice_reconstructed__bert-base-uncased__20260520T223812Z,2,2,0.13576877117156982,0.0011034628842025995,0.8631277084350586
gue_splice_reconstructed__bert-base-uncased__20260520T223812Z,2,2,0.33538922667503357,0.000858574581798166,0.6637521982192993
gue_splice_reconstructed__bert-base-uncased__20260520T223812Z,1,1,0.00039697642205283046,0.8069882392883301,0.19261473417282104
gue_splice_reconstructed__bert-base-uncased__20260520T223812Z,2,2,0.014039197005331516,0.002697806805372238,0.9832630157470703
gue_splice_reconstructed__bert-base-uncased__20260520T223812Z,2,2,0.0022979741916060448,0.008912873454391956,0.9887891411781311
gue_splice_reconstructed__bert-base-uncased__20260520T223812Z,0,0,0.991428554058075,0.0003063937183469534,0.008265064097940922
gue_splice_reconstructed__bert-base-uncased__20260520T223812Z,1,2,0.001862776349298656,0.26691004633903503,0.7312272191047668
gue_splice_reconstructed__bert-base-uncased__20260520T223812Z,0,0,0.9662983417510986,0.0002142546873074025,0.03348735719919205
gue_splice_reconstructed__bert-base-uncased__20260520T223812Z,0,0,0.5772104263305664,0.0004934931639581919,0.42229610681533813
gue_splice_reconstructed__bert-base-uncased__20260520T223812Z,2,1,0.001571479020640254,0.6108844876289368,0.3875441253185272
gue_splice_reconstructed__bert-base-uncased__20260520T223812Z,2,2,0.0026127826422452927,0.009110605344176292,0.9882765412330627
gue_splice_reconstructed__bert-base-uncased__20260520T223812Z,2,2,0.0056685409508645535,0.014602909795939922,0.9797285199165344
gue_splice_reconstructed__bert-base-uncased__20260520T223812Z,0,0,0.9901354908943176,0.0004332097596488893,0.009431293234229088
gue_splice_reconstructed__bert-base-uncased__20260520T223812Z,2,2,0.0027467741165310144,0.005871986038982868,0.9913812279701233
gue_splice_reconstructed__bert-base-uncased__20260520T223812Z,2,2,0.003742450615391135,0.004162791185081005,0.9920948147773743
gue_splice_reconstructed__bert-base-uncased__20260520T223812Z,2,2,0.04922756552696228,0.047852981835603714,0.9029195308685303
gue_splice_reconstructed__bert-base-uncased__20260520T223812Z,2,2,0.04194389283657074,0.0016679600812494755,0.9563881754875183
gue_splice_reconstructed__bert-base-uncased__20260520T223812Z,0,0,0.9835126996040344,0.00015954457921907306,0.016327714547514915
gue_splice_reconstructed__bert-base-uncased__20260520T223812Z,2,1,0.0007767278584651649,0.6633712649345398,0.3358520567417145
gue_splice_reconstructed__bert-base-uncased__20260520T223812Z,1,1,0.00039132233359850943,0.993883490562439,0.005725224036723375
gue_splice_reconstructed__bert-base-uncased__20260520T223812Z,2,2,0.002615909092128277,0.007924902252852917,0.9894591569900513
gue_splice_reconstructed__bert-base-uncased__20260520T223812Z,2,2,0.0028130444698035717,0.005406423471868038,0.9917805790901184
gue_splice_reconstructed__bert-base-uncased__20260520T223812Z,2,0,0.7669201493263245,0.0005489187897183001,0.23253093659877777
gue_splice_reconstructed__bert-base-uncased__20260520T223812Z,2,0,0.9407612085342407,0.0003762394771911204,0.05886254459619522
gue_splice_reconstructed__bert-base-uncased__20260520T223812Z,2,2,0.16092294454574585,0.0016452919226139784,0.8374317288398743
gue_splice_reconstructed__bert-base-uncased__20260520T223812Z,0,2,0.003208967624232173,0.006131320726126432,0.9906596541404724
gue_splice_reconstructed__bert-base-uncased__20260520T223812Z,2,2,0.05628958344459534,0.003023382043465972,0.9406870603561401
gue_splice_reconstructed__bert-base-uncased__20260520T223812Z,1,1,0.0002628965303301811,0.9945461750030518,0.005190943367779255
gue_splice_reconstructed__bert-base-uncased__20260520T223812Z,1,1,0.0006305193528532982,0.5972311496734619,0.4021384119987488
gue_splice_reconstructed__bert-base-uncased__20260520T223812Z,2,2,0.0014265618519857526,0.01958758756518364,0.9789859056472778
gue_splice_reconstructed__bert-base-uncased__20260520T223812Z,2,2,0.003718691412359476,0.004691693931818008,0.9915896058082581
gue_splice_reconstructed__bert-base-uncased__20260520T223812Z,0,0,0.9877992868423462,0.0003268700966145843,0.01187383197247982
gue_splice_reconstructed__bert-base-uncased__20260520T223812Z,2,1,0.0006439463468268514,0.7201009392738342,0.27925512194633484
gue_splice_reconstructed__bert-base-uncased__20260520T223812Z,2,2,0.017230529338121414,0.004538962617516518,0.9782304763793945
gue_splice_reconstructed__bert-base-uncased__20260520T223812Z,2,1,0.00043718921369872987,0.7631499171257019,0.23641280829906464
gue_splice_reconstructed__bert-base-uncased__20260520T223812Z,0,0,0.8787589073181152,0.00020499479433055967,0.1210360899567604
gue_splice_reconstructed__bert-base-uncased__20260520T223812Z,2,2,0.0026859359350055456,0.004901747219264507,0.992412269115448
gue_splice_reconstructed__bert-base-uncased__20260520T223812Z,1,1,0.0002185618068324402,0.9591354131698608,0.040645964443683624
gue_splice_reconstructed__bert-base-uncased__20260520T223812Z,0,0,0.9861600995063782,0.00036977772833779454,0.013470252975821495
gue_splice_reconstructed__bert-base-uncased__20260520T223812Z,2,2,0.003691408783197403,0.004273753613233566,0.9920348525047302
gue_splice_reconstructed__bert-base-uncased__20260520T223812Z,2,1,0.0002152507076971233,0.9048761129379272,0.09490867704153061
gue_splice_reconstructed__bert-base-uncased__20260520T223812Z,2,2,0.0063430932350456715,0.0022506830282509327,0.9914062023162842
gue_splice_reconstructed__bert-base-uncased__20260520T223812Z,2,2,0.0041941143572330475,0.020353889092803,0.9754519462585449
gue_splice_reconstructed__bert-base-uncased__20260520T223812Z,2,2,0.0012810209300369024,0.17930056154727936,0.8194183707237244
gue_splice_reconstructed__bert-base-uncased__20260520T223812Z,1,1,0.0001538936048746109,0.982622504234314,0.01722358539700508
gue_splice_reconstructed__bert-base-uncased__20260520T223812Z,2,2,0.0033622882328927517,0.004242037422955036,0.9923956394195557
gue_splice_reconstructed__bert-base-uncased__20260520T223812Z,2,2,0.002260583220049739,0.013573281466960907,0.984166145324707
gue_splice_reconstructed__bert-base-uncased__20260520T223812Z,2,2,0.07151056081056595,0.0015791028272360563,0.9269103407859802
gue_splice_reconstructed__bert-base-uncased__20260520T223812Z,0,0,0.9876331090927124,0.00019938826153520495,0.01216746773570776
gue_splice_reconstructed__bert-base-uncased__20260520T223812Z,2,1,0.00017986369493883103,0.9520930051803589,0.0477270632982254
gue_splice_reconstructed__bert-base-uncased__20260520T223812Z,1,1,0.00032273316173814237,0.9887230396270752,0.010954262688755989
gue_splice_reconstructed__bert-base-uncased__20260520T223812Z,0,0,0.9256742596626282,0.00031913729617372155,0.07400666922330856
gue_splice_reconstructed__bert-base-uncased__20260520T223812Z,2,2,0.00865606777369976,0.00345999957062304,0.987883985042572
gue_splice_reconstructed__bert-base-uncased__20260520T223812Z,0,0,0.9203372597694397,0.00018149815150536597,0.07948127388954163
gue_splice_reconstructed__bert-base-uncased__20260520T223812Z,2,2,0.0023495557252317667,0.0062205553986132145,0.99142986536026
gue_splice_reconstructed__bert-base-uncased__20260520T223812Z,2,2,0.03048773668706417,0.0023601630236953497,0.9671520590782166
gue_splice_reconstructed__bert-base-uncased__20260520T223812Z,2,2,0.024335401132702827,0.0040648686699569225,0.9715996980667114
gue_splice_reconstructed__bert-base-uncased__20260520T223812Z,2,2,0.0036367180291563272,0.005572475492954254,0.990790843963623
gue_splice_reconstructed__bert-base-uncased__20260520T223812Z,2,2,0.00696812616661191,0.0013978019123896956,0.9916340112686157
gue_splice_reconstructed__bert-base-uncased__20260520T223812Z,2,2,0.0025694260839372873,0.008318545296788216,0.9891120791435242
gue_splice_reconstructed__bert-base-uncased__20260520T223812Z,2,2,0.002743165474385023,0.007178042083978653,0.9900788068771362
gue_splice_reconstructed__bert-base-uncased__20260520T223812Z,1,1,0.0001904429664136842,0.9433242678642273,0.05648529902100563
gue_splice_reconstructed__bert-base-uncased__20260520T223812Z,1,1,0.000506957876496017,0.9949613809585571,0.004531723912805319
gue_splice_reconstructed__bert-base-uncased__20260520T223812Z,0,0,0.9668302536010742,0.00018336261564400047,0.03298632800579071
gue_splice_reconstructed__bert-base-uncased__20260520T223812Z,2,1,0.00032551074400544167,0.9646649956703186,0.0350094772875309
gue_splice_reconstructed__bert-base-uncased__20260520T223812Z,2,1,0.001787740271538496,0.50300532579422,0.49520695209503174
gue_splice_reconstructed__bert-base-uncased__20260520T223812Z,0,0,0.5690580606460571,0.0005545428139157593,0.43038731813430786
gue_splice_reconstructed__bert-base-uncased__20260520T223812Z,2,2,0.016676783561706543,0.003610131097957492,0.9797130823135376
gue_splice_reconstructed__bert-base-uncased__20260520T223812Z,2,1,0.0005555565585382283,0.5928084850311279,0.40663596987724304
gue_splice_reconstructed__bert-base-uncased__20260520T223812Z,2,2,0.013012444600462914,0.010203615762293339,0.9767839908599854
gue_splice_reconstructed__bert-base-uncased__20260520T223812Z,2,2,0.0030794041231274605,0.004520060028880835,0.9924005270004272
gue_splice_reconstructed__bert-base-uncased__20260520T223812Z,1,1,0.0002462406409904361,0.9916152358055115,0.008138459175825119
gue_splice_reconstructed__bert-base-uncased__20260520T223812Z,1,1,0.00039930790080688894,0.9945496916770935,0.00505094463005662
gue_splice_reconstructed__bert-base-uncased__20260520T223812Z,1,1,0.00018831004854291677,0.9851899743080139,0.01462170947343111
gue_splice_reconstructed__bert-base-uncased__20260520T223812Z,2,2,0.0026055290363729,0.006069880444556475,0.9913246631622314
gue_splice_reconstructed__bert-base-uncased__20260520T223812Z,1,1,0.0005776628968305886,0.8086578249931335,0.19076454639434814
gue_splice_reconstructed__bert-base-uncased__20260520T223812Z,2,0,0.846804678440094,0.00033017274108715355,0.15286511182785034
gue_splice_reconstructed__bert-base-uncased__20260520T223812Z,1,1,0.00018178735626861453,0.9774295091629028,0.02238875813782215
gue_splice_reconstructed__bert-base-uncased__20260520T223812Z,1,1,0.0002634326519910246,0.932545006275177,0.067191481590271
gue_splice_reconstructed__bert-base-uncased__20260520T223812Z,2,2,0.004571561701595783,0.01017221063375473,0.9852561950683594
gue_splice_reconstructed__bert-base-uncased__20260520T223812Z,0,0,0.920082688331604,0.0003803923318628222,0.07953692227602005
gue_splice_reconstructed__bert-base-uncased__20260520T223812Z,0,0,0.9820975661277771,0.00020859920186921954,0.017693744972348213
gue_splice_reconstructed__bert-base-uncased__20260520T223812Z,0,0,0.9892639517784119,0.00025345475296489894,0.010482634417712688
gue_splice_reconstructed__bert-base-uncased__20260520T223812Z,2,1,0.0008079209947027266,0.6661751866340637,0.33301693201065063
gue_splice_reconstructed__bert-base-uncased__20260520T223812Z,1,1,0.000334190612193197,0.9942643046379089,0.005401469301432371
gue_splice_reconstructed__bert-base-uncased__20260520T223812Z,2,2,0.0019957611802965403,0.05485120415687561,0.9431530833244324
gue_splice_reconstructed__bert-base-uncased__20260520T223812Z,2,2,0.013399451971054077,0.0031058883760124445,0.9834946990013123
gue_splice_reconstructed__bert-base-uncased__20260520T223812Z,2,2,0.0030453179497271776,0.047590285539627075,0.949364423751831
gue_splice_reconstructed__bert-base-uncased__20260520T223812Z,2,2,0.002939024241641164,0.008315462619066238,0.9887455105781555
gue_splice_reconstructed__bert-base-uncased__20260520T223812Z,2,0,0.6208203434944153,0.0011593257077038288,0.37802034616470337
gue_splice_reconstructed__bert-base-uncased__20260520T223812Z,2,2,0.002718412782996893,0.006508408579975367,0.9907732009887695
gue_splice_reconstructed__bert-base-uncased__20260520T223812Z,0,0,0.8871103525161743,0.00032620353158563375,0.1125633642077446
gue_splice_reconstructed__bert-base-uncased__20260520T223812Z,1,1,0.0003073231491725892,0.9944360256195068,0.00525668216869235
gue_splice_reconstructed__bert-base-uncased__20260520T223812Z,2,2,0.0014642763417214155,0.06372357904911041,0.9348121881484985
gue_splice_reconstructed__bert-base-uncased__20260520T223812Z,2,2,0.0032443737145513296,0.004899003077298403,0.9918566942214966
gue_splice_reconstructed__bert-base-uncased__20260520T223812Z,1,1,0.0009307723958045244,0.966394305229187,0.03267495706677437
gue_splice_reconstructed__bert-base-uncased__20260520T223812Z,2,2,0.004468818660825491,0.004752389155328274,0.9907788038253784
gue_splice_reconstructed__bert-base-uncased__20260520T223812Z,2,2,0.0026070745661854744,0.03599834069609642,0.9613945484161377
gue_splice_reconstructed__bert-base-uncased__20260520T223812Z,0,0,0.7549211382865906,0.0007088652346283197,0.24437002837657928
gue_splice_reconstructed__bert-base-uncased__20260520T223812Z,1,2,0.0016649896278977394,0.022917235270142555,0.9754177331924438
gue_splice_reconstructed__bert-base-uncased__20260520T223812Z,2,0,0.7917327284812927,0.0007205581059679389,0.20754675567150116
gue_splice_reconstructed__bert-base-uncased__20260520T223812Z,2,2,0.002078295685350895,0.009992758743464947,0.9879289269447327
gue_splice_reconstructed__bert-base-uncased__20260520T223812Z,1,1,0.00023863246315158904,0.9914817810058594,0.008279645815491676
gue_splice_reconstructed__bert-base-uncased__20260520T223812Z,0,0,0.7078786492347717,0.0007561434176750481,0.2913651764392853
gue_splice_reconstructed__bert-base-uncased__20260520T223812Z,0,0,0.9848780035972595,0.0001919633214129135,0.014929959550499916
gue_splice_reconstructed__bert-base-uncased__20260520T223812Z,1,1,0.00017161732830572873,0.9822596907615662,0.017568597570061684
gue_splice_reconstructed__bert-base-uncased__20260520T223812Z,0,0,0.9890305399894714,0.00017968389147426933,0.010789763182401657
gue_splice_reconstructed__bert-base-uncased__20260520T223812Z,2,2,0.0008882800466381013,0.24342602491378784,0.7556857466697693
gue_splice_reconstructed__bert-base-uncased__20260520T223812Z,2,2,0.004114727955311537,0.0065881721675395966,0.989297091960907
gue_splice_reconstructed__bert-base-uncased__20260520T223812Z,2,2,0.002812568796798587,0.009440752677619457,0.9877467155456543
gue_splice_reconstructed__bert-base-uncased__20260520T223812Z,2,2,0.0007213901844806969,0.19885292649269104,0.8004257082939148
gue_splice_reconstructed__bert-base-uncased__20260520T223812Z,2,2,0.002194862812757492,0.00805989746004343,0.9897453188896179
gue_splice_reconstructed__bert-base-uncased__20260520T223812Z,1,1,0.0003383492003194988,0.9929678440093994,0.006693832576274872
gue_splice_reconstructed__bert-base-uncased__20260520T223812Z,2,2,0.35526180267333984,0.0008136324468068779,0.6439245343208313
gue_splice_reconstructed__bert-base-uncased__20260520T223812Z,1,1,0.00037273604539223015,0.8945478200912476,0.10507945716381073
gue_splice_reconstructed__bert-base-uncased__20260520T223812Z,2,2,0.0019345523323863745,0.009550138376653194,0.988515317440033
gue_splice_reconstructed__bert-base-uncased__20260520T223812Z,2,2,0.00318733649328351,0.005113284103572369,0.9916994571685791
gue_splice_reconstructed__bert-base-uncased__20260520T223812Z,1,1,0.0004202257259748876,0.9909476637840271,0.008632184937596321
gue_splice_reconstructed__bert-base-uncased__20260520T223812Z,2,2,0.007070356048643589,0.0013787058414891362,0.9915509223937988
gue_splice_reconstructed__bert-base-uncased__20260520T223812Z,2,2,0.02971646375954151,0.009474791586399078,0.9608087539672852
gue_splice_reconstructed__bert-base-uncased__20260520T223812Z,2,2,0.00254828087054193,0.006852933205664158,0.990598738193512
gue_splice_reconstructed__bert-base-uncased__20260520T223812Z,0,0,0.9905539155006409,0.0002809146244544536,0.009165102615952492
gue_splice_reconstructed__bert-base-uncased__20260520T223812Z,2,2,0.020429763942956924,0.0028693978674709797,0.9767008423805237
gue_splice_reconstructed__bert-base-uncased__20260520T223812Z,0,2,0.2763451635837555,0.17748773097991943,0.5461671352386475
gue_splice_reconstructed__bert-base-uncased__20260520T223812Z,0,0,0.9924749732017517,0.00022882490884512663,0.007296246476471424
gue_splice_reconstructed__bert-base-uncased__20260520T223812Z,0,0,0.9905900955200195,0.00017038955411408097,0.009239577688276768
gue_splice_reconstructed__bert-base-uncased__20260520T223812Z,1,1,0.000746095844078809,0.8327028751373291,0.16655106842517853
gue_splice_reconstructed__bert-base-uncased__20260520T223812Z,2,2,0.0024484836030751467,0.005896595772355795,0.9916548728942871
gue_splice_reconstructed__bert-base-uncased__20260520T223812Z,1,1,0.0003568906686268747,0.9935802221298218,0.0060629332438111305
gue_splice_reconstructed__bert-base-uncased__20260520T223812Z,0,0,0.9756686687469482,0.0002258304739370942,0.024105485528707504
gue_splice_reconstructed__bert-base-uncased__20260520T223812Z,2,2,0.03723081946372986,0.0023391859140247107,0.9604300260543823
gue_splice_reconstructed__bert-base-uncased__20260520T223812Z,2,2,0.006143943406641483,0.004060898441821337,0.9897951483726501
gue_splice_reconstructed__bert-base-uncased__20260520T223812Z,0,0,0.993209183216095,0.00035191301140002906,0.006438960321247578
gue_splice_reconstructed__bert-base-uncased__20260520T223812Z,2,2,0.01013063732534647,0.004799413960427046,0.9850698709487915
gue_splice_reconstructed__bert-base-uncased__20260520T223812Z,0,0,0.9468382596969604,0.0002638383593875915,0.05289784446358681
gue_splice_reconstructed__bert-base-uncased__20260520T223812Z,2,0,0.8985548615455627,0.000334306649165228,0.10111085325479507
gue_splice_reconstructed__bert-base-uncased__20260520T223812Z,1,1,0.0001692496007308364,0.9878138303756714,0.012016907334327698
gue_splice_reconstructed__bert-base-uncased__20260520T223812Z,2,2,0.001987394643947482,0.009887948632240295,0.9881246089935303
gue_splice_reconstructed__bert-base-uncased__20260520T223812Z,1,1,0.00020813809533137828,0.9914777874946594,0.008314047008752823
gue_splice_reconstructed__bert-base-uncased__20260520T223812Z,2,2,0.11066604405641556,0.0012764905113726854,0.8880574703216553
gue_splice_reconstructed__bert-base-uncased__20260520T223812Z,2,2,0.00320439669303596,0.005612917710095644,0.9911826848983765
gue_splice_reconstructed__bert-base-uncased__20260520T223812Z,2,2,0.0013276641257107258,0.017360921949148178,0.9813113808631897
gue_splice_reconstructed__bert-base-uncased__20260520T223812Z,1,1,0.0003057479625567794,0.9932112097740173,0.006483140867203474
gue_splice_reconstructed__bert-base-uncased__20260520T223812Z,2,2,0.0011712375562638044,0.09689115732908249,0.9019376039505005
gue_splice_reconstructed__bert-base-uncased__20260520T223812Z,0,0,0.7731031179428101,0.0008098423131741583,0.2260870784521103
gue_splice_reconstructed__bert-base-uncased__20260520T223812Z,1,1,0.00029766850639134645,0.9918317198753357,0.007870548404753208
gue_splice_reconstructed__bert-base-uncased__20260520T223812Z,0,0,0.9866704344749451,0.0008788848645053804,0.012450709007680416
gue_splice_reconstructed__bert-base-uncased__20260520T223812Z,2,2,0.0010624631540849805,0.042395930737257004,0.9565416574478149
gue_splice_reconstructed__bert-base-uncased__20260520T223812Z,0,0,0.9903372526168823,0.00019378286378923804,0.009468979202210903
gue_splice_reconstructed__bert-base-uncased__20260520T223812Z,2,2,0.02113596349954605,0.0023552337661385536,0.9765087962150574
gue_splice_reconstructed__bert-base-uncased__20260520T223812Z,1,1,0.000769789214245975,0.9362448453903198,0.0629853680729866
gue_splice_reconstructed__bert-base-uncased__20260520T223812Z,2,2,0.0013547702692449093,0.02049507573246956,0.9781501889228821
gue_splice_reconstructed__bert-base-uncased__20260520T223812Z,2,2,0.004813618026673794,0.003334295703098178,0.9918521046638489
gue_splice_reconstructed__bert-base-uncased__20260520T223812Z,2,2,0.003419680753722787,0.010626345872879028,0.9859539866447449
gue_splice_reconstructed__bert-base-uncased__20260520T223812Z,2,2,0.0014741261256858706,0.014185573905706406,0.9843403100967407
gue_splice_reconstructed__bert-base-uncased__20260520T223812Z,2,2,0.01006291527301073,0.0008844548719935119,0.9890525937080383
gue_splice_reconstructed__bert-base-uncased__20260520T223812Z,2,2,0.008151021786034107,0.0025748710613697767,0.9892740845680237
gue_splice_reconstructed__bert-base-uncased__20260520T223812Z,2,2,0.0037559361662715673,0.004455931019037962,0.9917880892753601
gue_splice_reconstructed__bert-base-uncased__20260520T223812Z,2,2,0.0028871167451143265,0.004736864939332008,0.9923760294914246
gue_splice_reconstructed__bert-base-uncased__20260520T223812Z,0,0,0.9901629686355591,0.00020544040307868272,0.00963167380541563
gue_splice_reconstructed__bert-base-uncased__20260520T223812Z,1,1,0.00016819540178403258,0.9702244400978088,0.029607431963086128
gue_splice_reconstructed__bert-base-uncased__20260520T223812Z,2,2,0.01800183579325676,0.005827242974191904,0.9761709570884705
gue_splice_reconstructed__bert-base-uncased__20260520T223812Z,0,0,0.9526970386505127,0.005810621660202742,0.04149230197072029
gue_splice_reconstructed__bert-base-uncased__20260520T223812Z,1,1,0.00020630849758163095,0.961873471736908,0.03792022168636322
gue_splice_reconstructed__bert-base-uncased__20260520T223812Z,2,2,0.0031961884815245867,0.006227351259440184,0.9905765056610107
gue_splice_reconstructed__bert-base-uncased__20260520T223812Z,2,2,0.007691199891269207,0.00154586648568511,0.9907628893852234
gue_splice_reconstructed__bert-base-uncased__20260520T223812Z,1,1,0.0002059338439721614,0.9771533012390137,0.022640740498900414
gue_splice_reconstructed__bert-base-uncased__20260520T223812Z,2,2,0.23044846951961517,0.0012910516234114766,0.7682604789733887
gue_splice_reconstructed__bert-base-uncased__20260520T223812Z,1,1,0.0001584427955094725,0.9805435538291931,0.019298097118735313
gue_splice_reconstructed__bert-base-uncased__20260520T223812Z,0,0,0.9909263849258423,0.0002000531239900738,0.008873453363776207
gue_splice_reconstructed__bert-base-uncased__20260520T223812Z,2,2,0.19079013168811798,0.0016274492954835296,0.8075823783874512
gue_splice_reconstructed__bert-base-uncased__20260520T223812Z,0,0,0.9855920076370239,0.0002381433587288484,0.014169842004776001
gue_splice_reconstructed__bert-base-uncased__20260520T223812Z,2,2,0.007456698454916477,0.013999135233461857,0.9785441756248474
gue_splice_reconstructed__bert-base-uncased__20260520T223812Z,2,2,0.0017988185863941908,0.008228780701756477,0.9899723529815674
gue_splice_reconstructed__bert-base-uncased__20260520T223812Z,2,2,0.004729440901428461,0.005417038220912218,0.98985356092453
gue_splice_reconstructed__bert-base-uncased__20260520T223812Z,2,2,0.0036368765868246555,0.007462386041879654,0.9889007806777954
gue_splice_reconstructed__bert-base-uncased__20260520T223812Z,2,2,0.002757573965936899,0.005843488033860922,0.9913989305496216
gue_splice_reconstructed__bert-base-uncased__20260520T223812Z,2,2,0.0027977549470961094,0.0069516124203801155,0.9902505874633789
gue_splice_reconstructed__bert-base-uncased__20260520T223812Z,2,2,0.1773669272661209,0.0008933338103815913,0.8217397928237915
gue_splice_reconstructed__bert-base-uncased__20260520T223812Z,1,1,0.00028895598370581865,0.9914257526397705,0.00828524399548769
gue_splice_reconstructed__bert-base-uncased__20260520T223812Z,1,1,0.00020560082339216024,0.9909361004829407,0.008858388289809227
gue_splice_reconstructed__bert-base-uncased__20260520T223812Z,0,0,0.9886587262153625,0.00034218598739244044,0.010999105870723724
gue_splice_reconstructed__bert-base-uncased__20260520T223812Z,2,1,0.0007787914364598691,0.6421562433242798,0.3570649325847626
gue_splice_reconstructed__bert-base-uncased__20260520T223812Z,1,1,0.0002730540873017162,0.9914616346359253,0.008265339769423008
gue_splice_reconstructed__bert-base-uncased__20260520T223812Z,1,1,0.00019460156909190118,0.9676957726478577,0.03210963308811188
gue_splice_reconstructed__bert-base-uncased__20260520T223812Z,0,0,0.9876288175582886,0.00021643296349793673,0.012154797092080116
gue_splice_reconstructed__bert-base-uncased__20260520T223812Z,2,2,0.0029275829438120127,0.006388186942785978,0.9906842708587646
gue_splice_reconstructed__bert-base-uncased__20260520T223812Z,2,2,0.004262999631464481,0.008129348047077656,0.9876076579093933
gue_splice_reconstructed__bert-base-uncased__20260520T223812Z,2,2,0.0007116347551345825,0.1388295739889145,0.8604588508605957
gue_splice_reconstructed__bert-base-uncased__20260520T223812Z,2,0,0.8499496579170227,0.00031808140920475125,0.149732306599617
gue_splice_reconstructed__bert-base-uncased__20260520T223812Z,2,2,0.013656852766871452,0.010040473192930222,0.9763026237487793
gue_splice_reconstructed__bert-base-uncased__20260520T223812Z,2,2,0.0029351660050451756,0.0057523916475474834,0.9913124442100525
gue_splice_reconstructed__bert-base-uncased__20260520T223812Z,2,2,0.028816355392336845,0.0018895405810326338,0.9692941308021545
gue_splice_reconstructed__bert-base-uncased__20260520T223812Z,2,2,0.0021382959093898535,0.008828436955809593,0.9890332221984863
gue_splice_reconstructed__bert-base-uncased__20260520T223812Z,0,0,0.9886069893836975,0.00021580272004939616,0.011177188716828823
gue_splice_reconstructed__bert-base-uncased__20260520T223812Z,2,2,0.00670086033642292,0.001712540746666491,0.9915865659713745
gue_splice_reconstructed__bert-base-uncased__20260520T223812Z,0,0,0.969937801361084,0.0001803940103854984,0.029881859198212624
gue_splice_reconstructed__bert-base-uncased__20260520T223812Z,2,2,0.16876694560050964,0.0013438127934932709,0.829889178276062
gue_splice_reconstructed__bert-base-uncased__20260520T223812Z,0,0,0.9018653035163879,0.000252783385803923,0.09788194298744202
gue_splice_reconstructed__bert-base-uncased__20260520T223812Z,0,0,0.9229785799980164,0.00021573121193796396,0.07680562883615494
gue_splice_reconstructed__bert-base-uncased__20260520T223812Z,0,0,0.8032060265541077,0.00034395369584672153,0.19645000994205475
gue_splice_reconstructed__bert-base-uncased__20260520T223812Z,1,1,0.00039956087130121887,0.8059210181236267,0.19367945194244385
gue_splice_reconstructed__bert-base-uncased__20260520T223812Z,1,1,0.0002448481973260641,0.9860078692436218,0.013747228309512138
gue_splice_reconstructed__bert-base-uncased__20260520T223812Z,2,2,0.03634363412857056,0.0017683906480669975,0.9618880152702332
gue_splice_reconstructed__bert-base-uncased__20260520T223812Z,2,1,0.002003262285143137,0.6493857502937317,0.3486109673976898
gue_splice_reconstructed__bert-base-uncased__20260520T223812Z,2,2,0.0014962474815547466,0.10987541079521179,0.888628363609314
gue_splice_reconstructed__bert-base-uncased__20260520T223812Z,2,2,0.011763827875256538,0.004077398218214512,0.9841587543487549
gue_splice_reconstructed__bert-base-uncased__20260520T223812Z,1,1,0.0002074453659588471,0.9881779551506042,0.011614557355642319
gue_splice_reconstructed__bert-base-uncased__20260520T223812Z,2,1,0.0006786306039430201,0.6415480971336365,0.3577733635902405
gue_splice_reconstructed__bert-base-uncased__20260520T223812Z,0,0,0.8216778039932251,0.00027456757379695773,0.17804768681526184
gue_splice_reconstructed__bert-base-uncased__20260520T223812Z,1,1,0.0002791389124467969,0.9920124411582947,0.007708424236625433
gue_splice_reconstructed__bert-base-uncased__20260520T223812Z,0,0,0.9773507118225098,0.0002624195476528257,0.022386953234672546
gue_splice_reconstructed__bert-base-uncased__20260520T223812Z,2,2,0.0032040339428931475,0.011515655554831028,0.9852803349494934
gue_splice_reconstructed__bert-base-uncased__20260520T223812Z,0,0,0.9847264885902405,0.0007458856562152505,0.014527672901749611
gue_splice_reconstructed__bert-base-uncased__20260520T223812Z,1,1,0.001098877051845193,0.5162713527679443,0.4826297461986542
gue_splice_reconstructed__bert-base-uncased__20260520T223812Z,2,2,0.015443925745785236,0.004503225442022085,0.9800527691841125
gue_splice_reconstructed__bert-base-uncased__20260520T223812Z,0,0,0.981329083442688,0.00018538680160418153,0.018485451117157936
gue_splice_reconstructed__bert-base-uncased__20260520T223812Z,1,1,0.00023735364084132016,0.9861684441566467,0.013594257645308971
gue_splice_reconstructed__bert-base-uncased__20260520T223812Z,1,1,0.0003773773496504873,0.9947022795677185,0.004920260049402714
gue_splice_reconstructed__bert-base-uncased__20260520T223812Z,0,0,0.9875875115394592,0.00023955947835929692,0.012172848917543888
gue_splice_reconstructed__bert-base-uncased__20260520T223812Z,2,2,0.004187552724033594,0.0026774127036333084,0.9931349754333496
gue_splice_reconstructed__bert-base-uncased__20260520T223812Z,2,2,0.028289811685681343,0.007028150837868452,0.9646820425987244
gue_splice_reconstructed__bert-base-uncased__20260520T223812Z,2,2,0.001995258731767535,0.011765692383050919,0.9862390160560608
gue_splice_reconstructed__bert-base-uncased__20260520T223812Z,2,2,0.4012412130832672,0.0016951409634202719,0.5970636606216431
gue_splice_reconstructed__bert-base-uncased__20260520T223812Z,2,2,0.0018940056907013059,0.037840649485588074,0.9602653384208679
gue_splice_reconstructed__bert-base-uncased__20260520T223812Z,0,0,0.9713507890701294,0.00016384862828999758,0.02848537638783455
gue_splice_reconstructed__bert-base-uncased__20260520T223812Z,0,0,0.7211047410964966,0.0003411388897802681,0.27855417132377625
gue_splice_reconstructed__bert-base-uncased__20260520T223812Z,1,2,0.0020282729528844357,0.03570271283388138,0.9622690081596375
gue_splice_reconstructed__bert-base-uncased__20260520T223812Z,2,2,0.02323027141392231,0.0019302766304463148,0.9748393893241882
gue_splice_reconstructed__bert-base-uncased__20260520T223812Z,1,1,0.00018607743550091982,0.9849848747253418,0.014828949235379696
gue_splice_reconstructed__bert-base-uncased__20260520T223812Z,2,2,0.005362882744520903,0.004095833748579025,0.9905412793159485
gue_splice_reconstructed__bert-base-uncased__20260520T223812Z,2,2,0.003310388419777155,0.004225790034979582,0.9924638271331787
gue_splice_reconstructed__bert-base-uncased__20260520T223812Z,2,2,0.02640482969582081,0.002874197205528617,0.9707210063934326
gue_splice_reconstructed__bert-base-uncased__20260520T223812Z,1,1,0.0009409677004441619,0.945073664188385,0.05398542061448097
gue_splice_reconstructed__bert-base-uncased__20260520T223812Z,2,2,0.014559133909642696,0.00290916720405221,0.9825316667556763
gue_splice_reconstructed__bert-base-uncased__20260520T223812Z,2,2,0.008985315449535847,0.0009799745166674256,0.9900347590446472
gue_splice_reconstructed__bert-base-uncased__20260520T223812Z,0,0,0.9679068922996521,0.0007911725551821291,0.03130188584327698
gue_splice_reconstructed__bert-base-uncased__20260520T223812Z,0,0,0.9578267931938171,0.00029428000561892986,0.04187898710370064
gue_splice_reconstructed__bert-base-uncased__20260520T223812Z,2,2,0.0030313257593661547,0.006614561192691326,0.990354061126709
gue_splice_reconstructed__bert-base-uncased__20260520T223812Z,2,2,0.0028293789364397526,0.005459099542349577,0.9917114973068237
gue_splice_reconstructed__bert-base-uncased__20260520T223812Z,2,1,0.00032039848156273365,0.9421253800392151,0.05755425989627838
gue_splice_reconstructed__bert-base-uncased__20260520T223812Z,2,1,0.00026653989334590733,0.9546669721603394,0.045066528022289276
gue_splice_reconstructed__bert-base-uncased__20260520T223812Z,2,2,0.005587731022387743,0.00574823934584856,0.9886640906333923
gue_splice_reconstructed__bert-base-uncased__20260520T223812Z,0,0,0.9679431915283203,0.0003209258138667792,0.03173590824007988
gue_splice_reconstructed__bert-base-uncased__20260520T223812Z,2,2,0.0008171250228770077,0.23421511054039001,0.7649677395820618
gue_splice_reconstructed__bert-base-uncased__20260520T223812Z,0,0,0.9917045831680298,0.0001759960869094357,0.008119344711303711
gue_splice_reconstructed__bert-base-uncased__20260520T223812Z,1,1,0.00024842031416483223,0.992607831954956,0.007143862079828978
gue_splice_reconstructed__bert-base-uncased__20260520T223812Z,2,2,0.005223071668297052,0.004283813294023275,0.99049311876297
gue_splice_reconstructed__bert-base-uncased__20260520T223812Z,2,2,0.000766230165027082,0.07997199147939682,0.9192618131637573
gue_splice_reconstructed__bert-base-uncased__20260520T223812Z,0,0,0.984845757484436,0.00038700722507201135,0.014767248183488846
gue_splice_reconstructed__bert-base-uncased__20260520T223812Z,1,1,0.0002594725228846073,0.9854347705841064,0.01430574245750904
gue_splice_reconstructed__bert-base-uncased__20260520T223812Z,0,0,0.9904172420501709,0.00022219109814614058,0.009360560216009617
gue_splice_reconstructed__bert-base-uncased__20260520T223812Z,2,2,0.006928879301995039,0.0031629917211830616,0.9899080991744995
gue_splice_reconstructed__bert-base-uncased__20260520T223812Z,0,0,0.6966263651847839,0.0005225349450483918,0.302851140499115
gue_splice_reconstructed__bert-base-uncased__20260520T223812Z,2,2,0.004633183125406504,0.006533835548907518,0.988832950592041
gue_splice_reconstructed__bert-base-uncased__20260520T223812Z,0,0,0.9882171750068665,0.00023415926261804998,0.011548570357263088
gue_splice_reconstructed__bert-base-uncased__20260520T223812Z,1,1,0.0002567623450886458,0.9924348592758179,0.007308430038392544
gue_splice_reconstructed__bert-base-uncased__20260520T223812Z,2,2,0.020903682336211205,0.004793539177626371,0.9743028283119202
gue_splice_reconstructed__bert-base-uncased__20260520T223812Z,2,2,0.0007589296437799931,0.11329706013202667,0.8859440088272095
gue_splice_reconstructed__bert-base-uncased__20260520T223812Z,1,1,0.00024162534100469202,0.9883524775505066,0.01140583772212267
gue_splice_reconstructed__bert-base-uncased__20260520T223812Z,2,2,0.01353604905307293,0.003558783559128642,0.9829051494598389
gue_splice_reconstructed__bert-base-uncased__20260520T223812Z,0,0,0.9837920665740967,0.00016401389439124614,0.016043849289417267
gue_splice_reconstructed__bert-base-uncased__20260520T223812Z,2,2,0.04953806847333908,0.0018384415889158845,0.9486234784126282
gue_splice_reconstructed__bert-base-uncased__20260520T223812Z,2,2,0.042425353080034256,0.0020617935806512833,0.9555128812789917
gue_splice_reconstructed__bert-base-uncased__20260520T223812Z,2,2,0.025658627972006798,0.004430587403476238,0.9699108004570007
gue_splice_reconstructed__bert-base-uncased__20260520T223812Z,1,1,0.00035242957528680563,0.9946670532226562,0.004980513826012611
gue_splice_reconstructed__bert-base-uncased__20260520T223812Z,1,1,0.06475979834794998,0.8259907364845276,0.10924950242042542
gue_splice_reconstructed__bert-base-uncased__20260520T223812Z,2,2,0.004303735215216875,0.006410394795238972,0.9892858862876892
gue_splice_reconstructed__bert-base-uncased__20260520T223812Z,1,1,0.00020561453129630536,0.987138569355011,0.01265586819499731
gue_splice_reconstructed__bert-base-uncased__20260520T223812Z,1,0,0.731488049030304,0.06404167413711548,0.20447030663490295
gue_splice_reconstructed__bert-base-uncased__20260520T223812Z,2,2,0.004076771903783083,0.004197975154966116,0.9917252063751221
gue_splice_reconstructed__bert-base-uncased__20260520T223812Z,1,1,0.00035078535438515246,0.9939014911651611,0.005747735965996981
gue_splice_reconstructed__bert-base-uncased__20260520T223812Z,2,2,0.016501538455486298,0.003610774641856551,0.9798877239227295
gue_splice_reconstructed__bert-base-uncased__20260520T223812Z,2,2,0.4082587957382202,0.000621634244453162,0.5911195874214172
gue_splice_reconstructed__bert-base-uncased__20260520T223812Z,1,1,0.0001890004932647571,0.9811073541641235,0.01870369352400303
gue_splice_reconstructed__bert-base-uncased__20260520T223812Z,1,1,0.00023218398564495146,0.9875662326812744,0.012201596051454544
gue_splice_reconstructed__bert-base-uncased__20260520T223812Z,2,2,0.004306320566684008,0.004846456926316023,0.9908472299575806
gue_splice_reconstructed__bert-base-uncased__20260520T223812Z,2,2,0.007300944533199072,0.002248513512313366,0.9904505610466003
gue_splice_reconstructed__bert-base-uncased__20260520T223812Z,2,2,0.0028471406549215317,0.005045923870056868,0.9921069145202637
gue_splice_reconstructed__bert-base-uncased__20260520T223812Z,2,0,0.8576971888542175,0.00036018426180817187,0.14194263517856598
gue_splice_reconstructed__bert-base-uncased__20260520T223812Z,2,2,0.002225673059001565,0.013547629117965698,0.984226644039154
gue_splice_reconstructed__bert-base-uncased__20260520T223812Z,2,2,0.0021861514542251825,0.006203486118465662,0.9916103482246399
gue_splice_reconstructed__bert-base-uncased__20260520T223812Z,2,2,0.006611509248614311,0.002524192910641432,0.9908643364906311
gue_splice_reconstructed__bert-base-uncased__20260520T223812Z,2,2,0.0856795683503151,0.001684409799054265,0.9126360416412354
gue_splice_reconstructed__bert-base-uncased__20260520T223812Z,0,0,0.9203921556472778,0.00019934862211812288,0.0794084295630455
gue_splice_reconstructed__bert-base-uncased__20260520T223812Z,2,2,0.003414331702515483,0.004453127738088369,0.9921326041221619
gue_splice_reconstructed__bert-base-uncased__20260520T223812Z,2,2,0.0036612998228520155,0.0046783029101789,0.9916604161262512
gue_splice_reconstructed__bert-base-uncased__20260520T223812Z,2,2,0.0021996409632265568,0.01169536355882883,0.9861050248146057
gue_splice_reconstructed__bert-base-uncased__20260520T223812Z,1,2,0.0009032427333295345,0.495157927274704,0.5039388537406921
gue_splice_reconstructed__bert-base-uncased__20260520T223812Z,2,2,0.014169737696647644,0.004028105176985264,0.9818021655082703
gue_splice_reconstructed__bert-base-uncased__20260520T223812Z,2,2,0.0030567473731935024,0.006055367644876242,0.9908878803253174
gue_splice_reconstructed__bert-base-uncased__20260520T223812Z,0,0,0.5771036744117737,0.00067836360540241,0.42221799492836
gue_splice_reconstructed__bert-base-uncased__20260520T223812Z,2,2,0.0030893422663211823,0.005188854411244392,0.9917218089103699
gue_splice_reconstructed__bert-base-uncased__20260520T223812Z,1,1,0.00015521302702836692,0.979500949382782,0.020343787968158722
gue_splice_reconstructed__bert-base-uncased__20260520T223812Z,1,2,0.0010610378812998533,0.3449596166610718,0.6539793610572815
gue_splice_reconstructed__bert-base-uncased__20260520T223812Z,2,2,0.002232880098745227,0.06472675502300262,0.9330403804779053
gue_splice_reconstructed__bert-base-uncased__20260520T223812Z,0,0,0.9543171525001526,0.0002351344737689942,0.04544771462678909
gue_splice_reconstructed__bert-base-uncased__20260520T223812Z,2,2,0.004370438866317272,0.004652308765798807,0.9909772872924805
gue_splice_reconstructed__bert-base-uncased__20260520T223812Z,2,2,0.0031347002368420362,0.004247134085744619,0.9926181435585022
gue_splice_reconstructed__bert-base-uncased__20260520T223812Z,1,2,0.0014165738830342889,0.36970090866088867,0.6288824677467346
gue_splice_reconstructed__bert-base-uncased__20260520T223812Z,2,2,0.004140621982514858,0.05331756919622421,0.9425418376922607
gue_splice_reconstructed__bert-base-uncased__20260520T223812Z,1,1,0.00019496108870953321,0.9847507476806641,0.015054295770823956
gue_splice_reconstructed__bert-base-uncased__20260520T223812Z,2,2,0.002548291813582182,0.0049119614996016026,0.9925397038459778
gue_splice_reconstructed__bert-base-uncased__20260520T223812Z,1,1,0.00042652577394619584,0.9504179954528809,0.04915545880794525
gue_splice_reconstructed__bert-base-uncased__20260520T223812Z,2,2,0.0037035061977803707,0.0029526925645768642,0.9933438301086426
gue_splice_reconstructed__bert-base-uncased__20260520T223812Z,1,1,0.0004239311092533171,0.8191128969192505,0.18046315014362335
gue_splice_reconstructed__bert-base-uncased__20260520T223812Z,0,0,0.8715145587921143,0.00020529996254481375,0.12828020751476288
gue_splice_reconstructed__bert-base-uncased__20260520T223812Z,0,0,0.9943589568138123,0.0003072993422392756,0.00533383758738637
gue_splice_reconstructed__bert-base-uncased__20260520T223812Z,2,2,0.04107857495546341,0.006467915140092373,0.9524535536766052
gue_splice_reconstructed__bert-base-uncased__20260520T223812Z,2,2,0.0012610687408596277,0.07390350848436356,0.9248354434967041
gue_splice_reconstructed__bert-base-uncased__20260520T223812Z,1,1,0.0003127072413917631,0.9769027233123779,0.022784631699323654
gue_splice_reconstructed__bert-base-uncased__20260520T223812Z,2,2,0.050943393260240555,0.0018464899621903896,0.9472100734710693
gue_splice_reconstructed__bert-base-uncased__20260520T223812Z,1,1,0.00017979419499170035,0.9896376132965088,0.010182583704590797
gue_splice_reconstructed__bert-base-uncased__20260520T223812Z,0,0,0.9909419417381287,0.000298565486446023,0.008759512566030025
gue_splice_reconstructed__bert-base-uncased__20260520T223812Z,0,0,0.8180338740348816,0.0008585836039856076,0.18110759556293488
gue_splice_reconstructed__bert-base-uncased__20260520T223812Z,2,1,0.002278753323480487,0.6129939556121826,0.3847272992134094
gue_splice_reconstructed__bert-base-uncased__20260520T223812Z,2,2,0.0007452044519595802,0.1121753603219986,0.8870794177055359
gue_splice_reconstructed__bert-base-uncased__20260520T223812Z,2,1,0.00018074949912261218,0.9737491011619568,0.026070186868309975
gue_splice_reconstructed__bert-base-uncased__20260520T223812Z,1,1,0.0002476054069120437,0.9778253436088562,0.021927105262875557
gue_splice_reconstructed__bert-base-uncased__20260520T223812Z,1,1,0.00020580673299264163,0.9880613088607788,0.011732879094779491
gue_splice_reconstructed__bert-base-uncased__20260520T223812Z,0,0,0.9125769138336182,0.0002722824865486473,0.08715075999498367
gue_splice_reconstructed__bert-base-uncased__20260520T223812Z,0,0,0.9853341579437256,0.0002101057762047276,0.014455682598054409
gue_splice_reconstructed__bert-base-uncased__20260520T223812Z,1,1,0.00019151390006300062,0.9902786612510681,0.00952987652271986
gue_splice_reconstructed__bert-base-uncased__20260520T223812Z,2,0,0.9375188946723938,0.00043324558646418154,0.06204778701066971
gue_splice_reconstructed__bert-base-uncased__20260520T223812Z,1,1,0.00027848046738654375,0.9351745247840881,0.06454697996377945
gue_splice_reconstructed__bert-base-uncased__20260520T223812Z,0,0,0.9951422214508057,0.00032737612491473556,0.00453033484518528
gue_splice_reconstructed__bert-base-uncased__20260520T223812Z,1,2,0.08419861644506454,0.12161426246166229,0.7941871285438538
gue_splice_reconstructed__bert-base-uncased__20260520T223812Z,2,2,0.005232308991253376,0.0025227777659893036,0.9922448992729187
gue_splice_reconstructed__bert-base-uncased__20260520T223812Z,2,2,0.019856570288538933,0.0064339060336351395,0.9737095236778259
gue_splice_reconstructed__bert-base-uncased__20260520T223812Z,2,2,0.00290641188621521,0.005859657656401396,0.9912340044975281
gue_splice_reconstructed__bert-base-uncased__20260520T223812Z,2,2,0.0024356392677873373,0.009183034300804138,0.9883813261985779
gue_splice_reconstructed__bert-base-uncased__20260520T223812Z,0,0,0.9896316528320312,0.00018695527978707105,0.010181277990341187
gue_splice_reconstructed__bert-base-uncased__20260520T223812Z,2,0,0.5532840490341187,0.003007254796102643,0.44370871782302856
gue_splice_reconstructed__bert-base-uncased__20260520T223812Z,1,1,0.00017528179159853607,0.9876796007156372,0.01214503962546587
gue_splice_reconstructed__bert-base-uncased__20260520T223812Z,2,2,0.012828812934458256,0.0008532048668712378,0.9863179922103882
gue_splice_reconstructed__bert-base-uncased__20260520T223812Z,2,2,0.0008998069679364562,0.2571599781513214,0.7419402003288269
gue_splice_reconstructed__bert-base-uncased__20260520T223812Z,2,2,0.007114215288311243,0.0029483195394277573,0.989937424659729
gue_splice_reconstructed__bert-base-uncased__20260520T223812Z,1,1,0.00028070254484191537,0.9917411804199219,0.007978163659572601
gue_splice_reconstructed__bert-base-uncased__20260520T223812Z,2,2,0.03551222383975983,0.002080729929730296,0.9624069929122925
gue_splice_reconstructed__bert-base-uncased__20260520T223812Z,0,0,0.9607523083686829,0.0003216676414012909,0.038925983011722565
gue_splice_reconstructed__bert-base-uncased__20260520T223812Z,0,0,0.9428701996803284,0.00025664648273959756,0.0568731389939785
gue_splice_reconstructed__bert-base-uncased__20260520T223812Z,1,1,0.00045578621211461723,0.9429697394371033,0.05657445639371872
gue_splice_reconstructed__bert-base-uncased__20260520T223812Z,1,1,0.0003126212686765939,0.9939534068107605,0.0057340203784406185
gue_splice_reconstructed__bert-base-uncased__20260520T223812Z,2,2,0.008915849030017853,0.0038950457237660885,0.9871891140937805
gue_splice_reconstructed__bert-base-uncased__20260520T223812Z,0,0,0.9496061205863953,0.0003117863379884511,0.05008214712142944
gue_splice_reconstructed__bert-base-uncased__20260520T223812Z,2,2,0.0030337527859956026,0.005819227080792189,0.991146981716156
gue_splice_reconstructed__bert-base-uncased__20260520T223812Z,2,2,0.3940489888191223,0.000385500694392249,0.6055654883384705
gue_splice_reconstructed__bert-base-uncased__20260520T223812Z,1,1,0.00028687185840681195,0.9939342141151428,0.005778880789875984
gue_splice_reconstructed__bert-base-uncased__20260520T223812Z,1,1,0.00022463264758698642,0.9896349310874939,0.010140381753444672
gue_splice_reconstructed__bert-base-uncased__20260520T223812Z,2,2,0.02020590752363205,0.0024085426703095436,0.9773855805397034
gue_splice_reconstructed__bert-base-uncased__20260520T223812Z,0,0,0.9225955009460449,0.029054781422019005,0.048349715769290924
gue_splice_reconstructed__bert-base-uncased__20260520T223812Z,1,1,0.0007088893908075988,0.9377133250236511,0.0615776963531971
gue_splice_reconstructed__bert-base-uncased__20260520T223812Z,2,2,0.004214221611618996,0.0021650628186762333,0.9936206936836243
gue_splice_reconstructed__bert-base-uncased__20260520T223812Z,1,1,0.0004684469022322446,0.986349880695343,0.013181648217141628
gue_splice_reconstructed__bert-base-uncased__20260520T223812Z,1,1,0.0002339475613553077,0.9834744334220886,0.01629173941910267
gue_splice_reconstructed__bert-base-uncased__20260520T223812Z,2,2,0.0028165853582322598,0.004154521971940994,0.9930289387702942
gue_splice_reconstructed__bert-base-uncased__20260520T223812Z,2,2,0.005815982352942228,0.005522617604583502,0.9886614084243774
gue_splice_reconstructed__bert-base-uncased__20260520T223812Z,2,2,0.008162135258316994,0.002181842690333724,0.9896559715270996
gue_splice_reconstructed__bert-base-uncased__20260520T223812Z,2,2,0.11555733531713486,0.0013251227792352438,0.8831175565719604
gue_splice_reconstructed__bert-base-uncased__20260520T223812Z,1,1,0.0003922179457731545,0.9942145943641663,0.005393293220549822
gue_splice_reconstructed__bert-base-uncased__20260520T223812Z,2,2,0.0039595989510416985,0.004182169213891029,0.991858184337616
gue_splice_reconstructed__bert-base-uncased__20260520T223812Z,2,1,0.00044584437273442745,0.8365815281867981,0.162972554564476
gue_splice_reconstructed__bert-base-uncased__20260520T223812Z,2,2,0.002588683506473899,0.006707980763167143,0.9907033443450928
gue_splice_reconstructed__bert-base-uncased__20260520T223812Z,0,0,0.7400505542755127,0.0029428391717374325,0.2570064961910248
gue_splice_reconstructed__bert-base-uncased__20260520T223812Z,2,2,0.0018550846725702286,0.0409337542951107,0.9572111368179321
gue_splice_reconstructed__bert-base-uncased__20260520T223812Z,2,2,0.0007392491097562015,0.14634482562541962,0.8529159426689148
gue_splice_reconstructed__bert-base-uncased__20260520T223812Z,2,2,0.005238295998424292,0.0033199226018041372,0.9914417862892151
gue_splice_reconstructed__bert-base-uncased__20260520T223812Z,2,2,0.027650896459817886,0.001895499532110989,0.9704536199569702
gue_splice_reconstructed__bert-base-uncased__20260520T223812Z,1,2,0.0016201690305024385,0.038031481206417084,0.9603483080863953
gue_splice_reconstructed__bert-base-uncased__20260520T223812Z,2,2,0.09230823069810867,0.0010012082057073712,0.9066905975341797
gue_splice_reconstructed__bert-base-uncased__20260520T223812Z,1,1,0.0002978804404847324,0.992537796497345,0.007164317183196545
gue_splice_reconstructed__bert-base-uncased__20260520T223812Z,0,0,0.9697451591491699,0.0002179788425564766,0.030036820098757744
gue_splice_reconstructed__bert-base-uncased__20260520T223812Z,2,1,0.00038838296313770115,0.604164183139801,0.39544737339019775
gue_splice_reconstructed__bert-base-uncased__20260520T223812Z,0,0,0.9820329546928406,0.000229086319450289,0.017737992107868195
gue_splice_reconstructed__bert-base-uncased__20260520T223812Z,1,1,0.0003779140824917704,0.8773549199104309,0.12226715683937073
gue_splice_reconstructed__bert-base-uncased__20260520T223812Z,0,0,0.9917556047439575,0.00021733733592554927,0.008027123287320137
gue_splice_reconstructed__bert-base-uncased__20260520T223812Z,1,1,0.0004682082508224994,0.6157238483428955,0.3838079571723938
gue_splice_reconstructed__bert-base-uncased__20260520T223812Z,2,2,0.009640626609325409,0.008907420560717583,0.9814519286155701
gue_splice_reconstructed__bert-base-uncased__20260520T223812Z,2,2,0.45959988236427307,0.0020229865331202745,0.5383771061897278
gue_splice_reconstructed__bert-base-uncased__20260520T223812Z,2,2,0.002923838561400771,0.005724597722291946,0.9913516044616699
gue_splice_reconstructed__bert-base-uncased__20260520T223812Z,0,0,0.9922475814819336,0.0010537090711295605,0.006698782555758953
gue_splice_reconstructed__bert-base-uncased__20260520T223812Z,2,2,0.004100715275853872,0.004177513066679239,0.9917218089103699
gue_splice_reconstructed__bert-base-uncased__20260520T223812Z,1,2,0.0015419841511175036,0.3653455376625061,0.6331125497817993
gue_splice_reconstructed__bert-base-uncased__20260520T223812Z,1,1,0.00019025118672288954,0.9799142479896545,0.019895479083061218
gue_splice_reconstructed__bert-base-uncased__20260520T223812Z,2,2,0.014631456695497036,0.0037247866857796907,0.9816437363624573
gue_splice_reconstructed__bert-base-uncased__20260520T223812Z,1,1,0.00026474962942302227,0.9937623143196106,0.0059729451313614845
gue_splice_reconstructed__bert-base-uncased__20260520T223812Z,1,1,0.00025054431171156466,0.9894313812255859,0.010318082757294178
gue_splice_reconstructed__bert-base-uncased__20260520T223812Z,1,1,0.0002681468322407454,0.9870462417602539,0.012685617431998253
gue_splice_reconstructed__bert-base-uncased__20260520T223812Z,0,0,0.5705776214599609,0.004160980693995953,0.42526134848594666
gue_splice_reconstructed__bert-base-uncased__20260520T223812Z,0,0,0.6868848204612732,0.0004737240669783205,0.3126415014266968
gue_splice_reconstructed__bert-base-uncased__20260520T223812Z,0,0,0.9915524125099182,0.00017943976854439825,0.008268115110695362
gue_splice_reconstructed__bert-base-uncased__20260520T223812Z,2,2,0.03240751102566719,0.0030048158951103687,0.9645876884460449
gue_splice_reconstructed__bert-base-uncased__20260520T223812Z,1,1,0.0002173042594222352,0.9877387285232544,0.01204389426857233
gue_splice_reconstructed__bert-base-uncased__20260520T223812Z,2,2,0.3344021439552307,0.0005597674753516912,0.6650380492210388
gue_splice_reconstructed__bert-base-uncased__20260520T223812Z,0,2,0.12621590495109558,0.0010877243475988507,0.8726963996887207
gue_splice_reconstructed__bert-base-uncased__20260520T223812Z,2,0,0.9045681953430176,0.00018405099399387836,0.09524772316217422
gue_splice_reconstructed__bert-base-uncased__20260520T223812Z,2,2,0.004091890528798103,0.004385672975331545,0.9915224313735962
gue_splice_reconstructed__bert-base-uncased__20260520T223812Z,2,2,0.01289405208081007,0.0030063041485846043,0.9840996265411377
gue_splice_reconstructed__bert-base-uncased__20260520T223812Z,2,2,0.3037996292114258,0.030531564727425575,0.6656688451766968
gue_splice_reconstructed__bert-base-uncased__20260520T223812Z,2,2,0.012748830951750278,0.0075608124025166035,0.9796903133392334
gue_splice_reconstructed__bert-base-uncased__20260520T223812Z,2,2,0.009141485206782818,0.008868888951838017,0.9819896221160889
gue_splice_reconstructed__bert-base-uncased__20260520T223812Z,1,1,0.0002577531849965453,0.9923804998397827,0.007361752446740866
gue_splice_reconstructed__bert-base-uncased__20260520T223812Z,1,1,0.0003555506991688162,0.8254367113113403,0.17420774698257446
gue_splice_reconstructed__bert-base-uncased__20260520T223812Z,1,1,0.00019907727255485952,0.986092746257782,0.01370819192379713
gue_splice_reconstructed__bert-base-uncased__20260520T223812Z,1,1,0.0008528466569259763,0.7952966094017029,0.20385053753852844
gue_splice_reconstructed__bert-base-uncased__20260520T223812Z,2,2,0.028233574703335762,0.0023981351405382156,0.9693683385848999
gue_splice_reconstructed__bert-base-uncased__20260520T223812Z,2,2,0.003139226231724024,0.006684796418994665,0.9901759028434753
gue_splice_reconstructed__bert-base-uncased__20260520T223812Z,1,1,0.00021614055731333792,0.9901546239852905,0.00962924212217331
gue_splice_reconstructed__bert-base-uncased__20260520T223812Z,2,2,0.006266055628657341,0.0018558637239038944,0.9918781518936157
gue_splice_reconstructed__bert-base-uncased__20260520T223812Z,1,1,0.00034333960502408445,0.9939311742782593,0.005725498776882887
gue_splice_reconstructed__bert-base-uncased__20260520T223812Z,2,2,0.12911535799503326,0.0017964347498491406,0.8690882325172424
gue_splice_reconstructed__bert-base-uncased__20260520T223812Z,2,2,0.00616479991003871,0.003585376078262925,0.9902498126029968
gue_splice_reconstructed__bert-base-uncased__20260520T223812Z,2,2,0.0027121487073600292,0.0068651107139885426,0.9904227256774902
gue_splice_reconstructed__bert-base-uncased__20260520T223812Z,2,2,0.010355987586081028,0.005027427803725004,0.9846165180206299
gue_splice_reconstructed__bert-base-uncased__20260520T223812Z,2,2,0.0017345774685963988,0.030506856739521027,0.9677585959434509
gue_splice_reconstructed__bert-base-uncased__20260520T223812Z,2,2,0.003075332846492529,0.051221393048763275,0.9457032084465027
gue_splice_reconstructed__bert-base-uncased__20260520T223812Z,1,1,0.000183603071491234,0.9795096516609192,0.020306752994656563
gue_splice_reconstructed__bert-base-uncased__20260520T223812Z,1,1,0.00023212777159642428,0.9873271584510803,0.012440756894648075
gue_splice_reconstructed__bert-base-uncased__20260520T223812Z,0,2,0.20543693006038666,0.0008662246982567012,0.7936968207359314
gue_splice_reconstructed__bert-base-uncased__20260520T223812Z,2,0,0.9373414516448975,0.00041011100984178483,0.06224844604730606
gue_splice_reconstructed__bert-base-uncased__20260520T223812Z,2,2,0.015500156208872795,0.0023185634054243565,0.9821813106536865
gue_splice_reconstructed__bert-base-uncased__20260520T223812Z,0,0,0.9817866683006287,0.0003161173954140395,0.017897192388772964
gue_splice_reconstructed__bert-base-uncased__20260520T223812Z,2,2,0.0025592916645109653,0.006440345197916031,0.9910003542900085
gue_splice_reconstructed__bert-base-uncased__20260520T223812Z,0,0,0.9919000864028931,0.0002058008249150589,0.007894184440374374
gue_splice_reconstructed__bert-base-uncased__20260520T223812Z,2,2,0.005778186488896608,0.06335046142339706,0.9308713674545288
gue_splice_reconstructed__bert-base-uncased__20260520T223812Z,2,2,0.0011854212498292327,0.05881489813327789,0.9399996995925903
gue_splice_reconstructed__bert-base-uncased__20260520T223812Z,1,1,0.0004816954315174371,0.7914396524429321,0.20807865262031555
gue_splice_reconstructed__bert-base-uncased__20260520T223812Z,2,2,0.003087009536102414,0.004002697300165892,0.9929103255271912
gue_splice_reconstructed__bert-base-uncased__20260520T223812Z,2,2,0.00160471152048558,0.024652481079101562,0.9737427830696106
gue_splice_reconstructed__bert-base-uncased__20260520T223812Z,2,2,0.004320207517594099,0.004545258823782206,0.991134524345398
gue_splice_reconstructed__bert-base-uncased__20260520T223812Z,2,0,0.9182800650596619,0.00029740697937086225,0.08142243325710297
gue_splice_reconstructed__bert-base-uncased__20260520T223812Z,2,2,0.006183169782161713,0.039597444236278534,0.9542193412780762
gue_splice_reconstructed__bert-base-uncased__20260520T223812Z,2,2,0.004655067343264818,0.005714658182114363,0.9896302819252014
gue_splice_reconstructed__bert-base-uncased__20260520T223812Z,1,1,0.00042367540299892426,0.9951872825622559,0.004389006178826094
gue_splice_reconstructed__bert-base-uncased__20260520T223812Z,0,0,0.8121629953384399,0.0003179051564075053,0.1875191032886505
gue_splice_reconstructed__bert-base-uncased__20260520T223812Z,2,2,0.004153374116867781,0.006962388288229704,0.9888842105865479
gue_splice_reconstructed__bert-base-uncased__20260520T223812Z,2,2,0.0025692537892609835,0.01416319701820612,0.9832674860954285
gue_splice_reconstructed__bert-base-uncased__20260520T223812Z,1,2,0.0010319232242181897,0.03479770943522453,0.9641703367233276
gue_splice_reconstructed__bert-base-uncased__20260520T223812Z,1,1,0.0002530345518607646,0.9914894104003906,0.008257504552602768
gue_splice_reconstructed__bert-base-uncased__20260520T223812Z,0,0,0.8463982939720154,0.0005111360806040466,0.1530904769897461
gue_splice_reconstructed__bert-base-uncased__20260520T223812Z,2,2,0.003015051828697324,0.008092369884252548,0.9888926148414612
gue_splice_reconstructed__bert-base-uncased__20260520T223812Z,0,0,0.8911159038543701,0.0002502587449271232,0.10863377898931503
gue_splice_reconstructed__bert-base-uncased__20260520T223812Z,0,0,0.9174809455871582,0.0018202530918642879,0.08069878816604614
gue_splice_reconstructed__bert-base-uncased__20260520T223812Z,0,0,0.6722046136856079,0.0011474199127405882,0.32664796710014343
gue_splice_reconstructed__bert-base-uncased__20260520T223812Z,2,2,0.0050560180097818375,0.002792198210954666,0.9921518564224243
gue_splice_reconstructed__bert-base-uncased__20260520T223812Z,2,2,0.002594979014247656,0.010094360448420048,0.9873106479644775
gue_splice_reconstructed__bert-base-uncased__20260520T223812Z,0,0,0.9488168954849243,0.016009535640478134,0.03517353534698486
gue_splice_reconstructed__bert-base-uncased__20260520T223812Z,2,2,0.008723432198166847,0.005379602313041687,0.9858970046043396
gue_splice_reconstructed__bert-base-uncased__20260520T223812Z,2,2,0.005415013991296291,0.009920906275510788,0.9846640229225159
gue_splice_reconstructed__bert-base-uncased__20260520T223812Z,0,0,0.9876500964164734,0.00022070649720262736,0.012129120528697968
gue_splice_reconstructed__bert-base-uncased__20260520T223812Z,0,0,0.9634286761283875,0.00033804381382651627,0.036233384162187576
gue_splice_reconstructed__bert-base-uncased__20260520T223812Z,2,2,0.05484733730554581,0.0013174957130104303,0.9438351988792419
gue_splice_reconstructed__bert-base-uncased__20260520T223812Z,1,1,0.00026453574537299573,0.9929594993591309,0.006775988265872002
gue_splice_reconstructed__bert-base-uncased__20260520T223812Z,1,1,0.0001618324895389378,0.9519323706626892,0.04790578410029411
gue_splice_reconstructed__bert-base-uncased__20260520T223812Z,0,0,0.9881468415260315,0.00023322977358475327,0.011619864962995052
gue_splice_reconstructed__bert-base-uncased__20260520T223812Z,2,2,0.0023318862076848745,0.007911814376711845,0.9897562861442566
gue_splice_reconstructed__bert-base-uncased__20260520T223812Z,1,1,0.00020558708638418466,0.9831588268280029,0.016635635867714882
gue_splice_reconstructed__bert-base-uncased__20260520T223812Z,1,1,0.0003060759336221963,0.9942765831947327,0.005417384207248688
gue_splice_reconstructed__bert-base-uncased__20260520T223812Z,2,2,0.0038110301829874516,0.0035177492536604404,0.9926712512969971
gue_splice_reconstructed__bert-base-uncased__20260520T223812Z,1,1,0.0003076007415074855,0.9933921694755554,0.006300182547420263
gue_splice_reconstructed__bert-base-uncased__20260520T223812Z,1,1,0.00018277076014783233,0.9904245734214783,0.00939267873764038
gue_splice_reconstructed__bert-base-uncased__20260520T223812Z,2,2,0.0038315397687256336,0.003016233677044511,0.9931522607803345
gue_splice_reconstructed__bert-base-uncased__20260520T223812Z,2,1,0.00021568192460108548,0.9919207096099854,0.007863570936024189
gue_splice_reconstructed__bert-base-uncased__20260520T223812Z,2,2,0.0034772336948662996,0.0027480334974825382,0.9937747716903687
gue_splice_reconstructed__bert-base-uncased__20260520T223812Z,0,0,0.9632860422134399,0.00046834227396175265,0.036245714873075485
gue_splice_reconstructed__bert-base-uncased__20260520T223812Z,1,1,0.0004565328999888152,0.7754205465316772,0.22412291169166565
gue_splice_reconstructed__bert-base-uncased__20260520T223812Z,2,2,0.0015555951977148652,0.06550278514623642,0.9329416155815125
gue_splice_reconstructed__bert-base-uncased__20260520T223812Z,0,0,0.9517349600791931,0.0005559783894568682,0.04770911484956741
gue_splice_reconstructed__bert-base-uncased__20260520T223812Z,0,0,0.9884368777275085,0.00020348634279798716,0.011359567753970623
gue_splice_reconstructed__bert-base-uncased__20260520T223812Z,1,1,0.0002358285419177264,0.9913817048072815,0.008382534608244896
gue_splice_reconstructed__bert-base-uncased__20260520T223812Z,0,0,0.9910962581634521,0.00034370028879493475,0.00856002140790224
gue_splice_reconstructed__bert-base-uncased__20260520T223812Z,2,2,0.0025271412450820208,0.05456956848502159,0.9429032802581787
gue_splice_reconstructed__bert-base-uncased__20260520T223812Z,2,2,0.00991298072040081,0.000910863745957613,0.9891760945320129
gue_splice_reconstructed__bert-base-uncased__20260520T223812Z,2,2,0.0022965827956795692,0.005645373836159706,0.9920580983161926
gue_splice_reconstructed__bert-base-uncased__20260520T223812Z,1,1,0.0003416520485188812,0.9909794330596924,0.008678951300680637
gue_splice_reconstructed__bert-base-uncased__20260520T223812Z,1,1,0.0004552031750790775,0.9547277092933655,0.044817034155130386
gue_splice_reconstructed__bert-base-uncased__20260520T223812Z,1,1,0.00034314754884690046,0.9933751225471497,0.006281644571572542
gue_splice_reconstructed__bert-base-uncased__20260520T223812Z,1,1,0.0002351030707359314,0.9806407690048218,0.019124118611216545
gue_splice_reconstructed__bert-base-uncased__20260520T223812Z,0,0,0.9923152923583984,0.0003627571859396994,0.007321836892515421
gue_splice_reconstructed__bert-base-uncased__20260520T223812Z,2,2,0.014678876847028732,0.0024174146819859743,0.9829036593437195
gue_splice_reconstructed__bert-base-uncased__20260520T223812Z,1,1,0.00023197941482067108,0.9905579090118408,0.009209999814629555
gue_splice_reconstructed__bert-base-uncased__20260520T223812Z,1,1,0.0005403640680015087,0.9469420313835144,0.05251758173108101
gue_splice_reconstructed__bert-base-uncased__20260520T223812Z,2,2,0.005188728217035532,0.0031134968157857656,0.9916977882385254
gue_splice_reconstructed__bert-base-uncased__20260520T223812Z,0,0,0.8521719574928284,0.0004640158440452069,0.14736397564411163
gue_splice_reconstructed__bert-base-uncased__20260520T223812Z,1,1,0.00031119564664550126,0.9932931661605835,0.006395634263753891
gue_splice_reconstructed__bert-base-uncased__20260520T223812Z,1,1,0.0003290358872618526,0.9637514352798462,0.03591958060860634
gue_splice_reconstructed__bert-base-uncased__20260520T223812Z,2,2,0.0023727333173155785,0.008081912063062191,0.9895454049110413
gue_splice_reconstructed__bert-base-uncased__20260520T223812Z,0,2,0.300094872713089,0.004883854184299707,0.6950212717056274
gue_splice_reconstructed__bert-base-uncased__20260520T223812Z,2,2,0.4062381386756897,0.00037554060691036284,0.5933863520622253
gue_splice_reconstructed__bert-base-uncased__20260520T223812Z,2,2,0.03302193433046341,0.001699984772130847,0.9652780294418335
gue_splice_reconstructed__bert-base-uncased__20260520T223812Z,1,1,0.00024314381880685687,0.9906862378120422,0.009070600382983685
gue_splice_reconstructed__bert-base-uncased__20260520T223812Z,1,2,0.0031386944465339184,0.48675084114074707,0.5101104974746704
gue_splice_reconstructed__bert-base-uncased__20260520T223812Z,1,1,0.00025165261467918754,0.9899337887763977,0.009814576245844364
gue_splice_reconstructed__bert-base-uncased__20260520T223812Z,2,2,0.0012118059676140547,0.05091456323862076,0.9478736519813538
gue_splice_reconstructed__bert-base-uncased__20260520T223812Z,2,0,0.935320258140564,0.0010614533675834537,0.06361827254295349
gue_splice_reconstructed__bert-base-uncased__20260520T223812Z,0,0,0.9845830202102661,0.0001979975786525756,0.015218935906887054
gue_splice_reconstructed__bert-base-uncased__20260520T223812Z,2,2,0.0037570884451270103,0.0041506034322083,0.9920923113822937
gue_splice_reconstructed__bert-base-uncased__20260520T223812Z,2,2,0.0033210082910954952,0.004912927746772766,0.9917660355567932
gue_splice_reconstructed__bert-base-uncased__20260520T223812Z,2,2,0.03459462150931358,0.0028169129509478807,0.9625884294509888
gue_splice_reconstructed__bert-base-uncased__20260520T223812Z,2,2,0.0016051833517849445,0.20496666431427002,0.7934281229972839
gue_splice_reconstructed__bert-base-uncased__20260520T223812Z,0,0,0.9477108716964722,0.00016333269013557583,0.05212574079632759
gue_splice_reconstructed__bert-base-uncased__20260520T223812Z,2,2,0.02191111445426941,0.0026451724115759134,0.9754437208175659
gue_splice_reconstructed__bert-base-uncased__20260520T223812Z,2,2,0.0009105695644393563,0.04811529815196991,0.95097416639328
gue_splice_reconstructed__bert-base-uncased__20260520T223812Z,2,2,0.004591194447129965,0.0049545783549547195,0.9904541969299316
gue_splice_reconstructed__bert-base-uncased__20260520T223812Z,0,0,0.97808438539505,0.0001586639991728589,0.021756917238235474
gue_splice_reconstructed__bert-base-uncased__20260520T223812Z,2,2,0.05090464651584625,0.004063318949192762,0.945032000541687
gue_splice_reconstructed__bert-base-uncased__20260520T223812Z,0,0,0.9929441809654236,0.00028658611699938774,0.006769269704818726
gue_splice_reconstructed__bert-base-uncased__20260520T223812Z,0,0,0.9704885482788086,0.0004935235483571887,0.029017869383096695
gue_splice_reconstructed__bert-base-uncased__20260520T223812Z,1,1,0.00019698510004673153,0.9475582242012024,0.05224473401904106
gue_splice_reconstructed__bert-base-uncased__20260520T223812Z,0,0,0.7656492590904236,0.0010687666945159435,0.23328189551830292
gue_splice_reconstructed__bert-base-uncased__20260520T223812Z,2,2,0.00220060464926064,0.00740105751901865,0.9903984069824219
gue_splice_reconstructed__bert-base-uncased__20260520T223812Z,2,2,0.002310461364686489,0.0054672472178936005,0.992222249507904
gue_splice_reconstructed__bert-base-uncased__20260520T223812Z,2,2,0.002806080272421241,0.005934673827141523,0.9912592768669128
gue_splice_reconstructed__bert-base-uncased__20260520T223812Z,2,2,0.0036873819772154093,0.005359873175621033,0.990952730178833
gue_splice_reconstructed__bert-base-uncased__20260520T223812Z,0,0,0.9889346957206726,0.0003886140475515276,0.010676701553165913
gue_splice_reconstructed__bert-base-uncased__20260520T223812Z,1,1,0.0004136903735343367,0.9947772026062012,0.004808992613106966
gue_splice_reconstructed__bert-base-uncased__20260520T223812Z,1,1,0.0002295466256327927,0.9840061068534851,0.015764357522130013
gue_splice_reconstructed__bert-base-uncased__20260520T223812Z,2,2,0.004085937049239874,0.003898828523233533,0.9920152425765991
gue_splice_reconstructed__bert-base-uncased__20260520T223812Z,0,0,0.9527656435966492,0.00016809783119242638,0.04706626385450363
gue_splice_reconstructed__bert-base-uncased__20260520T223812Z,2,1,0.0003172410069964826,0.9076791405677795,0.09200365841388702
gue_splice_reconstructed__bert-base-uncased__20260520T223812Z,2,2,0.03222006931900978,0.0033711884170770645,0.964408814907074
gue_splice_reconstructed__bert-base-uncased__20260520T223812Z,2,0,0.6194531917572021,0.00040055150748230517,0.38014623522758484
gue_splice_reconstructed__bert-base-uncased__20260520T223812Z,0,0,0.9921483993530273,0.00020585235324688256,0.007645751815289259
gue_splice_reconstructed__bert-base-uncased__20260520T223812Z,2,2,0.015443507581949234,0.003572699846699834,0.9809837937355042
gue_splice_reconstructed__bert-base-uncased__20260520T223812Z,0,2,0.4052802324295044,0.0004155161732342094,0.5943042635917664
gue_splice_reconstructed__bert-base-uncased__20260520T223812Z,2,2,0.02093692682683468,0.0032107816077768803,0.9758523106575012
gue_splice_reconstructed__bert-base-uncased__20260520T223812Z,0,0,0.9677436351776123,0.00017650470545049757,0.03207987919449806
gue_splice_reconstructed__bert-base-uncased__20260520T223812Z,0,0,0.9634896516799927,0.00030126929050311446,0.036209143698215485
gue_splice_reconstructed__bert-base-uncased__20260520T223812Z,1,1,0.00030294808675535023,0.9937735199928284,0.00592363765463233
gue_splice_reconstructed__bert-base-uncased__20260520T223812Z,2,2,0.002296480815857649,0.005689398385584354,0.9920141100883484
gue_splice_reconstructed__bert-base-uncased__20260520T223812Z,0,0,0.5527355074882507,0.0005190144875086844,0.44674545526504517
gue_splice_reconstructed__bert-base-uncased__20260520T223812Z,2,2,0.0019157687202095985,0.20842351019382477,0.7896606922149658
gue_splice_reconstructed__bert-base-uncased__20260520T223812Z,2,2,0.0015553697012364864,0.024683071300387383,0.9737615585327148
gue_splice_reconstructed__bert-base-uncased__20260520T223812Z,0,0,0.8201721906661987,0.0003623679804150015,0.17946551740169525
gue_splice_reconstructed__bert-base-uncased__20260520T223812Z,2,2,0.00587234552949667,0.006551073864102364,0.9875766038894653
gue_splice_reconstructed__bert-base-uncased__20260520T223812Z,2,2,0.0027443410363048315,0.006752627436071634,0.9905030727386475
gue_splice_reconstructed__bert-base-uncased__20260520T223812Z,2,2,0.003555918112397194,0.004692460410296917,0.9917516112327576
gue_splice_reconstructed__bert-base-uncased__20260520T223812Z,2,2,0.002041884697973728,0.055361058562994,0.9425970911979675
gue_splice_reconstructed__bert-base-uncased__20260520T223812Z,1,1,0.0003545441140886396,0.8198907971382141,0.17975468933582306
gue_splice_reconstructed__bert-base-uncased__20260520T223812Z,1,1,0.00015759016969241202,0.9714647531509399,0.028377648442983627
gue_splice_reconstructed__bert-base-uncased__20260520T223812Z,2,2,0.02302735671401024,0.003069596830755472,0.9739030599594116
gue_splice_reconstructed__bert-base-uncased__20260520T223812Z,1,1,0.0002353854215471074,0.9818184971809387,0.01794617436826229
gue_splice_reconstructed__bert-base-uncased__20260520T223812Z,2,2,0.0032806515228003263,0.005456628743559122,0.991262674331665
gue_splice_reconstructed__bert-base-uncased__20260520T223812Z,2,2,0.004184627439826727,0.004342833999544382,0.9914724826812744
gue_splice_reconstructed__bert-base-uncased__20260520T223812Z,0,1,0.003826838219538331,0.9022842645645142,0.09388890862464905
gue_splice_reconstructed__bert-base-uncased__20260520T223812Z,0,0,0.9496012926101685,0.00021893995290156454,0.050179798156023026
gue_splice_reconstructed__bert-base-uncased__20260520T223812Z,2,2,0.007967248558998108,0.0011647279607132077,0.9908679723739624
gue_splice_reconstructed__bert-base-uncased__20260520T223812Z,1,1,0.00031319234403781593,0.9938260912895203,0.005860655102878809
gue_splice_reconstructed__bert-base-uncased__20260520T223812Z,2,2,0.002736530499532819,0.00957945454865694,0.9876840710639954
gue_splice_reconstructed__bert-base-uncased__20260520T223812Z,1,1,0.0002629682421684265,0.9909390211105347,0.008798066526651382
gue_splice_reconstructed__bert-base-uncased__20260520T223812Z,2,2,0.002803417854011059,0.006877810228615999,0.990318775177002
gue_splice_reconstructed__bert-base-uncased__20260520T223812Z,0,0,0.9946833252906799,0.00037007115315645933,0.0049466644413769245
gue_splice_reconstructed__bert-base-uncased__20260520T223812Z,2,2,0.012077858671545982,0.0037856504786759615,0.9841364622116089
gue_splice_reconstructed__bert-base-uncased__20260520T223812Z,2,2,0.002817746950313449,0.0037438608705997467,0.9934384226799011
gue_splice_reconstructed__bert-base-uncased__20260520T223812Z,2,2,0.0020228400826454163,0.02317279763519764,0.9748044013977051
gue_splice_reconstructed__bert-base-uncased__20260520T223812Z,2,0,0.6651011109352112,0.00046501480392180383,0.3344338536262512
gue_splice_reconstructed__bert-base-uncased__20260520T223812Z,0,0,0.9601571559906006,0.00019308557966724038,0.03964977711439133
gue_splice_reconstructed__bert-base-uncased__20260520T223812Z,2,2,0.021243445575237274,0.003015904687345028,0.9757406115531921
gue_splice_reconstructed__bert-base-uncased__20260520T223812Z,1,1,0.00018353216000832617,0.9868108630180359,0.013005558401346207
gue_splice_reconstructed__bert-base-uncased__20260520T223812Z,1,1,0.0011381037766113877,0.9796310663223267,0.019230777397751808
gue_splice_reconstructed__bert-base-uncased__20260520T223812Z,0,0,0.9950348138809204,0.00038872676668688655,0.004576533101499081
gue_splice_reconstructed__bert-base-uncased__20260520T223812Z,0,0,0.8859506845474243,0.0009172405116260052,0.1131320595741272
gue_splice_reconstructed__bert-base-uncased__20260520T223812Z,2,2,0.0026905133854597807,0.005145741160959005,0.9921637773513794
gue_splice_reconstructed__bert-base-uncased__20260520T223812Z,1,1,0.004424408543854952,0.8957698941230774,0.09980571269989014
gue_splice_reconstructed__bert-base-uncased__20260520T223812Z,2,2,0.007386450655758381,0.0012698579812422395,0.9913437366485596
gue_splice_reconstructed__bert-base-uncased__20260520T223812Z,1,1,0.00016916042659431696,0.983444333076477,0.016386479139328003
gue_splice_reconstructed__bert-base-uncased__20260520T223812Z,2,2,0.015692224726080894,0.0039367396384477615,0.9803709983825684
gue_splice_reconstructed__bert-base-uncased__20260520T223812Z,1,2,0.001099972752854228,0.14519792795181274,0.8537020683288574
gue_splice_reconstructed__bert-base-uncased__20260520T223812Z,2,2,0.039594028145074844,0.028826510533690453,0.9315794110298157
gue_splice_reconstructed__bert-base-uncased__20260520T223812Z,2,2,0.026639916002750397,0.00256656133569777,0.9707934856414795
gue_splice_reconstructed__bert-base-uncased__20260520T223812Z,2,2,0.006108334753662348,0.002115110866725445,0.9917765855789185
gue_splice_reconstructed__bert-base-uncased__20260520T223812Z,2,2,0.004010418429970741,0.003105069976300001,0.9928845167160034
gue_splice_reconstructed__bert-base-uncased__20260520T223812Z,2,2,0.0015594155993312597,0.016408946365118027,0.9820317029953003
gue_splice_reconstructed__bert-base-uncased__20260520T223812Z,2,0,0.7666062712669373,0.0005035099457018077,0.23289018869400024
gue_splice_reconstructed__bert-base-uncased__20260520T223812Z,2,2,0.009297965094447136,0.003539463970810175,0.9871625304222107
gue_splice_reconstructed__bert-base-uncased__20260520T223812Z,2,0,0.6233053803443909,0.0023148234467953444,0.37437981367111206
gue_splice_reconstructed__bert-base-uncased__20260520T223812Z,2,2,0.011356250382959843,0.0007366935024037957,0.9879070520401001
gue_splice_reconstructed__bert-base-uncased__20260520T223812Z,0,0,0.9904346466064453,0.000231950543820858,0.009333341382443905
gue_splice_reconstructed__bert-base-uncased__20260520T223812Z,2,2,0.03032395802438259,0.002774805761873722,0.9669012427330017
gue_splice_reconstructed__bert-base-uncased__20260520T223812Z,2,2,0.021832730621099472,0.003361262148246169,0.9748059511184692
gue_splice_reconstructed__bert-base-uncased__20260520T223812Z,2,2,0.002699723932892084,0.005621215328574181,0.9916790127754211
gue_splice_reconstructed__bert-base-uncased__20260520T223812Z,2,2,0.003788788104429841,0.017013367265462875,0.9791978597640991
gue_splice_reconstructed__bert-base-uncased__20260520T223812Z,2,0,0.9856900572776794,0.00019667761807795614,0.014113204553723335
gue_splice_reconstructed__bert-base-uncased__20260520T223812Z,2,2,0.0035210594069212675,0.006747368257492781,0.9897316098213196
gue_splice_reconstructed__bert-base-uncased__20260520T223812Z,2,2,0.0041778115555644035,0.004029549658298492,0.991792619228363
gue_splice_reconstructed__bert-base-uncased__20260520T223812Z,1,1,0.0002640975289978087,0.9932525753974915,0.0064834109507501125
gue_splice_reconstructed__bert-base-uncased__20260520T223812Z,2,2,0.004309716168791056,0.024190733209252357,0.9714995622634888
gue_splice_reconstructed__bert-base-uncased__20260520T223812Z,2,2,0.007922488264739513,0.016351420432329178,0.9757260680198669
gue_splice_reconstructed__bert-base-uncased__20260520T223812Z,0,0,0.9675630331039429,0.009051274508237839,0.02338569052517414
gue_splice_reconstructed__bert-base-uncased__20260520T223812Z,2,2,0.003654286963865161,0.006584827788174152,0.9897609353065491
gue_splice_reconstructed__bert-base-uncased__20260520T223812Z,1,1,0.00041898046038113534,0.8517188429832458,0.14786207675933838
gue_splice_reconstructed__bert-base-uncased__20260520T223812Z,0,0,0.8175181150436401,0.0006025301408953965,0.18187931180000305
gue_splice_reconstructed__bert-base-uncased__20260520T223812Z,0,0,0.843670666217804,0.00041827643872238696,0.15591104328632355
gue_splice_reconstructed__bert-base-uncased__20260520T223812Z,2,2,0.0030905618332326412,0.0047961147502064705,0.9921133518218994
gue_splice_reconstructed__bert-base-uncased__20260520T223812Z,0,0,0.9954076409339905,0.0004441062919795513,0.004148237872868776
gue_splice_reconstructed__bert-base-uncased__20260520T223812Z,2,2,0.003582641249522567,0.004988598637282848,0.991428792476654
gue_splice_reconstructed__bert-base-uncased__20260520T223812Z,2,2,0.021280234679579735,0.002720048651099205,0.9759997129440308
gue_splice_reconstructed__bert-base-uncased__20260520T223812Z,2,2,0.0024321929085999727,0.006722060963511467,0.9908457398414612
gue_splice_reconstructed__bert-base-uncased__20260520T223812Z,0,0,0.9804250597953796,0.00021069867943879217,0.019364193081855774
gue_splice_reconstructed__bert-base-uncased__20260520T223812Z,2,2,0.013550211675465107,0.0034765854943543673,0.9829732179641724
gue_splice_reconstructed__bert-base-uncased__20260520T223812Z,1,1,0.00032998580718412995,0.9933270215988159,0.006342981941998005
gue_splice_reconstructed__bert-base-uncased__20260520T223812Z,2,2,0.0038544763810932636,0.0038544763810932636,0.9922910332679749
gue_splice_reconstructed__bert-base-uncased__20260520T223812Z,2,2,0.033293478190898895,0.003654242493212223,0.9630522727966309
gue_splice_reconstructed__bert-base-uncased__20260520T223812Z,0,0,0.9928051829338074,0.0003601118514779955,0.006834742613136768
gue_splice_reconstructed__bert-base-uncased__20260520T223812Z,1,2,0.13264241814613342,0.048151448369026184,0.8192060589790344
gue_splice_reconstructed__bert-base-uncased__20260520T223812Z,2,2,0.003326963633298874,0.0070020342245697975,0.9896710515022278
gue_splice_reconstructed__bert-base-uncased__20260520T223812Z,2,1,0.0009351819171570241,0.5258505940437317,0.4732142686843872
gue_splice_reconstructed__bert-base-uncased__20260520T223812Z,2,1,0.000461464689578861,0.6916986107826233,0.30783993005752563
gue_splice_reconstructed__bert-base-uncased__20260520T223812Z,0,0,0.9613268375396729,0.00017774793377611786,0.03849548473954201
gue_splice_reconstructed__bert-base-uncased__20260520T223812Z,2,2,0.016895616427063942,0.008782467804849148,0.9743219614028931
gue_splice_reconstructed__bert-base-uncased__20260520T223812Z,2,2,0.1498621106147766,0.0011111758649349213,0.8490266799926758
gue_splice_reconstructed__bert-base-uncased__20260520T223812Z,2,2,0.0009069505613297224,0.07744735479354858,0.9216457009315491
gue_splice_reconstructed__bert-base-uncased__20260520T223812Z,2,2,0.0021830119658261538,0.369644433259964,0.6281725764274597
gue_splice_reconstructed__bert-base-uncased__20260520T223812Z,2,2,0.13332991302013397,0.0006395328091457486,0.8660306334495544
gue_splice_reconstructed__bert-base-uncased__20260520T223812Z,2,2,0.00333430920727551,0.035325922071933746,0.9613398313522339
gue_splice_reconstructed__bert-base-uncased__20260520T223812Z,0,2,0.17781855165958405,0.0007593510090373456,0.8214221000671387
gue_splice_reconstructed__bert-base-uncased__20260520T223812Z,2,0,0.9365056753158569,0.0002911209885496646,0.06320318579673767
gue_splice_reconstructed__bert-base-uncased__20260520T223812Z,2,1,0.00018816039664670825,0.9844070672988892,0.01540486142039299
gue_splice_reconstructed__bert-base-uncased__20260520T223812Z,2,2,0.011092612519860268,0.0010510965948924422,0.9878563284873962
gue_splice_reconstructed__bert-base-uncased__20260520T223812Z,2,2,0.025049833580851555,0.002278246683999896,0.9726719856262207
gue_splice_reconstructed__bert-base-uncased__20260520T223812Z,2,2,0.003847578540444374,0.0027310072910040617,0.9934213757514954
gue_splice_reconstructed__bert-base-uncased__20260520T223812Z,2,2,0.003772561904042959,0.007801505737006664,0.9884259700775146
gue_splice_reconstructed__bert-base-uncased__20260520T223812Z,2,2,0.015040714293718338,0.003076666733250022,0.981882631778717
gue_splice_reconstructed__bert-base-uncased__20260520T223812Z,1,1,0.00018930414807982743,0.9865297079086304,0.013280968181788921
gue_splice_reconstructed__bert-base-uncased__20260520T223812Z,1,1,0.00030651563429273665,0.9918230175971985,0.007870479486882687
gue_splice_reconstructed__bert-base-uncased__20260520T223812Z,0,0,0.9672425985336304,0.0003952309489250183,0.032362114638090134
gue_splice_reconstructed__bert-base-uncased__20260520T223812Z,2,2,0.007554130163043737,0.002083415165543556,0.9903624653816223
gue_splice_reconstructed__bert-base-uncased__20260520T223812Z,2,2,0.002061795676127076,0.008234585635364056,0.9897035956382751
gue_splice_reconstructed__bert-base-uncased__20260520T223812Z,0,0,0.9821175932884216,0.00021861452842131257,0.01766389235854149
gue_splice_reconstructed__bert-base-uncased__20260520T223812Z,0,0,0.9945656061172485,0.0002660006866790354,0.005168282426893711
gue_splice_reconstructed__bert-base-uncased__20260520T223812Z,1,1,0.0001927573321154341,0.9622765183448792,0.03753077611327171
gue_splice_reconstructed__bert-base-uncased__20260520T223812Z,2,2,0.02486369200050831,0.0030697977636009455,0.9720664620399475
gue_splice_reconstructed__bert-base-uncased__20260520T223812Z,1,2,0.0031660301610827446,0.04020464047789574,0.9566293358802795
gue_splice_reconstructed__bert-base-uncased__20260520T223812Z,0,0,0.9570941925048828,0.00021262875816319138,0.04269314929842949
gue_splice_reconstructed__bert-base-uncased__20260520T223812Z,2,2,0.2591400444507599,0.001195377903059125,0.7396645545959473
gue_splice_reconstructed__bert-base-uncased__20260520T223812Z,2,2,0.002737361006438732,0.005412088241428137,0.9918505549430847
gue_splice_reconstructed__bert-base-uncased__20260520T223812Z,2,2,0.0652477815747261,0.014473691582679749,0.9202786087989807
gue_splice_reconstructed__bert-base-uncased__20260520T223812Z,2,2,0.0019013802520930767,0.009304245002567768,0.9887943863868713
gue_splice_reconstructed__bert-base-uncased__20260520T223812Z,1,1,0.00022496646852232516,0.9911056160926819,0.008669468574225903
gue_splice_reconstructed__bert-base-uncased__20260520T223812Z,2,0,0.9263374209403992,0.0003583721409086138,0.07330416887998581
gue_splice_reconstructed__bert-base-uncased__20260520T223812Z,2,2,0.020373456180095673,0.0027599409222602844,0.9768665432929993
gue_splice_reconstructed__bert-base-uncased__20260520T223812Z,1,1,0.0003048651269637048,0.9942195415496826,0.005475578363984823
gue_splice_reconstructed__bert-base-uncased__20260520T223812Z,1,1,0.00034132867585867643,0.9939164519309998,0.005742212291806936
gue_splice_reconstructed__bert-base-uncased__20260520T223812Z,1,1,0.00020081899128854275,0.9869790077209473,0.012820184230804443
gue_splice_reconstructed__bert-base-uncased__20260520T223812Z,1,1,0.00040433427784591913,0.970382034778595,0.029213707894086838
gue_splice_reconstructed__bert-base-uncased__20260520T223812Z,1,1,0.00021699578792322427,0.9863365888595581,0.013446373865008354
gue_splice_reconstructed__bert-base-uncased__20260520T223812Z,2,2,0.007885574363172054,0.002746555022895336,0.9893679022789001
gue_splice_reconstructed__bert-base-uncased__20260520T223812Z,2,2,0.002962222322821617,0.008243106305599213,0.9887946844100952
gue_splice_reconstructed__bert-base-uncased__20260520T223812Z,0,0,0.9667872786521912,0.00021186567028053105,0.033000972121953964
gue_splice_reconstructed__bert-base-uncased__20260520T223812Z,2,0,0.5555275082588196,0.005871519446372986,0.43860092759132385
gue_splice_reconstructed__bert-base-uncased__20260520T223812Z,1,1,0.0001630659680813551,0.9857776761054993,0.01405921671539545
gue_splice_reconstructed__bert-base-uncased__20260520T223812Z,0,0,0.9867483377456665,0.000294412748189643,0.012957195751369
gue_splice_reconstructed__bert-base-uncased__20260520T223812Z,1,1,0.00032695173285901546,0.9938521385192871,0.005820881109684706
gue_splice_reconstructed__bert-base-uncased__20260520T223812Z,1,1,0.000282162829535082,0.8610619902610779,0.13865581154823303
gue_splice_reconstructed__bert-base-uncased__20260520T223812Z,2,2,0.01256661955267191,0.01796572655439377,0.9694676995277405
gue_splice_reconstructed__bert-base-uncased__20260520T223812Z,0,2,0.18039365112781525,0.0008088957984000444,0.8187974691390991
gue_splice_reconstructed__bert-base-uncased__20260520T223812Z,2,2,0.0010606624418869615,0.3361921012401581,0.6627472639083862
gue_splice_reconstructed__bert-base-uncased__20260520T223812Z,2,2,0.06095249578356743,0.002564441878348589,0.9364830851554871
gue_splice_reconstructed__bert-base-uncased__20260520T223812Z,1,1,0.00017165056488011032,0.9596915245056152,0.040136873722076416
gue_splice_reconstructed__bert-base-uncased__20260520T223812Z,1,1,0.0003799527767114341,0.9936969876289368,0.005923181306570768
gue_splice_reconstructed__bert-base-uncased__20260520T223812Z,1,1,0.0002797021297737956,0.9940139651298523,0.005706437397748232
gue_splice_reconstructed__bert-base-uncased__20260520T223812Z,0,0,0.9855740666389465,0.00020528864115476608,0.014220703393220901
gue_splice_reconstructed__bert-base-uncased__20260520T223812Z,0,0,0.9950460195541382,0.0004571435274556279,0.0044968402944505215
gue_splice_reconstructed__bert-base-uncased__20260520T223812Z,0,0,0.99395751953125,0.00026069628074765205,0.00578183913603425
gue_splice_reconstructed__bert-base-uncased__20260520T223812Z,2,2,0.0024415438529103994,0.0067809345200657845,0.9907774925231934
gue_splice_reconstructed__bert-base-uncased__20260520T223812Z,2,2,0.003081046976149082,0.007860049605369568,0.9890589118003845
gue_splice_reconstructed__bert-base-uncased__20260520T223812Z,2,2,0.11953937262296677,0.001480003003962338,0.8789806365966797
gue_splice_reconstructed__bert-base-uncased__20260520T223812Z,2,1,0.0006654853350482881,0.5875518321990967,0.4117826521396637
gue_splice_reconstructed__bert-base-uncased__20260520T223812Z,2,2,0.0028016273863613605,0.0055771456100046635,0.9916212558746338
gue_splice_reconstructed__bert-base-uncased__20260520T223812Z,2,2,0.0025861323811113834,0.009618036448955536,0.9877958297729492
gue_splice_reconstructed__bert-base-uncased__20260520T223812Z,2,2,0.00765539426356554,0.0013671854976564646,0.99097740650177
gue_splice_reconstructed__bert-base-uncased__20260520T223812Z,2,2,0.007105892524123192,0.013723744079470634,0.9791703224182129
gue_splice_reconstructed__bert-base-uncased__20260520T223812Z,2,0,0.604957103729248,0.0006202361546456814,0.394422709941864
gue_splice_reconstructed__bert-base-uncased__20260520T223812Z,1,1,0.00017235508130397648,0.9505454301834106,0.04928221553564072
gue_splice_reconstructed__bert-base-uncased__20260520T223812Z,2,2,0.0026240525767207146,0.0067731221206486225,0.9906028509140015
gue_splice_reconstructed__bert-base-uncased__20260520T223812Z,2,2,0.0030203526839613914,0.004411786794662476,0.9925678968429565
gue_splice_reconstructed__bert-base-uncased__20260520T223812Z,2,2,0.021386045962572098,0.0030154655687510967,0.9755985736846924
gue_splice_reconstructed__bert-base-uncased__20260520T223812Z,1,2,0.000981197808869183,0.12763604521751404,0.8713827133178711
gue_splice_reconstructed__bert-base-uncased__20260520T223812Z,2,2,0.0016791929956525564,0.01650180108845234,0.9818190336227417
gue_splice_reconstructed__bert-base-uncased__20260520T223812Z,2,2,0.0033535542897880077,0.004893708508461714,0.9917528033256531
gue_splice_reconstructed__bert-base-uncased__20260520T223812Z,0,0,0.8845556378364563,0.0002063470456050709,0.11523798108100891
gue_splice_reconstructed__bert-base-uncased__20260520T223812Z,2,1,0.0006567942909896374,0.7474930286407471,0.2518501877784729
gue_splice_reconstructed__bert-base-uncased__20260520T223812Z,1,1,0.00035474958713166416,0.9953655004501343,0.004279735963791609
gue_splice_reconstructed__bert-base-uncased__20260520T223812Z,2,2,0.08321470022201538,0.002044442342594266,0.9147408604621887
gue_splice_reconstructed__bert-base-uncased__20260520T223812Z,2,2,0.008011702448129654,0.001412769197486341,0.9905755519866943
gue_splice_reconstructed__bert-base-uncased__20260520T223812Z,1,1,0.0003046091878786683,0.9914463758468628,0.008249086327850819
gue_splice_reconstructed__bert-base-uncased__20260520T223812Z,1,1,0.00026376484311185777,0.9823610782623291,0.017375251278281212
gue_splice_reconstructed__bert-base-uncased__20260520T223812Z,2,2,0.008085193112492561,0.0029339876491576433,0.9889808893203735
gue_splice_reconstructed__bert-base-uncased__20260520T223812Z,2,2,0.005828105844557285,0.003449668176472187,0.9907222986221313
gue_splice_reconstructed__bert-base-uncased__20260520T223812Z,2,2,0.00478059658780694,0.00438264012336731,0.9908367395401001
gue_splice_reconstructed__bert-base-uncased__20260520T223812Z,2,1,0.00034602617961354554,0.754653811454773,0.2450001984834671
gue_splice_reconstructed__bert-base-uncased__20260520T223812Z,0,0,0.9862322211265564,0.00022649907623417675,0.013541307300329208
gue_splice_reconstructed__bert-base-uncased__20260520T223812Z,0,0,0.9402593970298767,0.00021594091958831996,0.05952462553977966
gue_splice_reconstructed__bert-base-uncased__20260520T223812Z,2,2,0.0009209247655235231,0.03352592512965202,0.9655531644821167
gue_splice_reconstructed__bert-base-uncased__20260520T223812Z,2,2,0.002853104844689369,0.006837562657892704,0.9903092980384827
gue_splice_reconstructed__bert-base-uncased__20260520T223812Z,2,2,0.003307775128632784,0.008878038264811039,0.98781418800354
gue_splice_reconstructed__bert-base-uncased__20260520T223812Z,1,1,0.0003511827380862087,0.9950273633003235,0.004621410742402077
gue_splice_reconstructed__bert-base-uncased__20260520T223812Z,2,0,0.5756216645240784,0.0007697134860791266,0.4236086308956146
gue_splice_reconstructed__bert-base-uncased__20260520T223812Z,1,1,0.0001968876604223624,0.9867427349090576,0.013060340657830238
gue_splice_reconstructed__bert-base-uncased__20260520T223812Z,2,2,0.009160238318145275,0.0010531505104154348,0.9897866249084473
gue_splice_reconstructed__bert-base-uncased__20260520T223812Z,0,2,0.29409781098365784,0.0010868965182453394,0.7048152685165405
gue_splice_reconstructed__bert-base-uncased__20260520T223812Z,2,2,0.002796399872750044,0.007432572543621063,0.9897710084915161
gue_splice_reconstructed__bert-base-uncased__20260520T223812Z,1,1,0.00025171690504066646,0.9901866912841797,0.00956161692738533
gue_splice_reconstructed__bert-base-uncased__20260520T223812Z,0,0,0.9925325512886047,0.0002116406976711005,0.007255811709910631
gue_splice_reconstructed__bert-base-uncased__20260520T223812Z,1,1,0.000473993131890893,0.7787845134735107,0.22074148058891296
gue_splice_reconstructed__bert-base-uncased__20260520T223812Z,2,2,0.003554008901119232,0.005226899869740009,0.9912191033363342
gue_splice_reconstructed__bert-base-uncased__20260520T223812Z,0,0,0.9573327302932739,0.00019214196072425693,0.04247504100203514
gue_splice_reconstructed__bert-base-uncased__20260520T223812Z,0,0,0.8739171028137207,0.0003060380695387721,0.12577681243419647
gue_splice_reconstructed__bert-base-uncased__20260520T223812Z,0,0,0.9890027046203613,0.00025587438722141087,0.010741492733359337
gue_splice_reconstructed__bert-base-uncased__20260520T223812Z,2,0,0.8418756127357483,0.0008648259099572897,0.15725959837436676
gue_splice_reconstructed__bert-base-uncased__20260520T223812Z,2,2,0.004873424768447876,0.006519596558064222,0.9886069893836975
gue_splice_reconstructed__bert-base-uncased__20260520T223812Z,0,0,0.9756022691726685,0.00017586495960131288,0.02422183007001877
gue_splice_reconstructed__bert-base-uncased__20260520T223812Z,2,2,0.014553535729646683,0.008076566271483898,0.9773699641227722
gue_splice_reconstructed__bert-base-uncased__20260520T223812Z,2,0,0.9301052689552307,0.00024347302678506821,0.06965126842260361
gue_splice_reconstructed__bert-base-uncased__20260520T223812Z,0,0,0.9922236204147339,0.0002430460008326918,0.007533300668001175
gue_splice_reconstructed__bert-base-uncased__20260520T223812Z,1,1,0.0001983761612791568,0.9787888526916504,0.021012751385569572
gue_splice_reconstructed__bert-base-uncased__20260520T223812Z,1,1,0.00027626179507933557,0.9914222359657288,0.00830141268670559
gue_splice_reconstructed__bert-base-uncased__20260520T223812Z,2,0,0.9840763211250305,0.0003632756124716252,0.015560423955321312
gue_splice_reconstructed__bert-base-uncased__20260520T223812Z,2,2,0.006560588721185923,0.002494986867532134,0.9909443855285645
gue_splice_reconstructed__bert-base-uncased__20260520T223812Z,2,2,0.011043871752917767,0.005440482869744301,0.9835156798362732
gue_splice_reconstructed__bert-base-uncased__20260520T223812Z,1,1,0.0003614564484450966,0.9945677518844604,0.005070804618299007
gue_splice_reconstructed__bert-base-uncased__20260520T223812Z,0,0,0.990965723991394,0.00016585644334554672,0.008868390694260597
gue_splice_reconstructed__bert-base-uncased__20260520T223812Z,2,2,0.0029048295691609383,0.004464075900614262,0.9926310777664185
gue_splice_reconstructed__bert-base-uncased__20260520T223812Z,1,1,0.00021465348254423589,0.9910547137260437,0.008730617351830006
gue_splice_reconstructed__bert-base-uncased__20260520T223812Z,0,0,0.6949459910392761,0.0008611166849732399,0.3041929602622986
gue_splice_reconstructed__bert-base-uncased__20260520T223812Z,2,2,0.012408272363245487,0.0028426325879991055,0.9847491383552551
gue_splice_reconstructed__bert-base-uncased__20260520T223812Z,0,0,0.7504051327705383,0.0004400825418997556,0.24915476143360138
gue_splice_reconstructed__bert-base-uncased__20260520T223812Z,1,1,0.00018840885604731739,0.9895648956298828,0.010246670804917812
gue_splice_reconstructed__bert-base-uncased__20260520T223812Z,2,2,0.0014005217235535383,0.15537306666374207,0.8432263731956482
gue_splice_reconstructed__bert-base-uncased__20260520T223812Z,0,0,0.9253410696983337,0.00017142872093245387,0.07448748499155045
gue_splice_reconstructed__bert-base-uncased__20260520T223812Z,2,2,0.004343030508607626,0.005107355769723654,0.990549623966217
gue_splice_reconstructed__bert-base-uncased__20260520T223812Z,2,2,0.020242497324943542,0.0029897403437644243,0.9767678380012512
gue_splice_reconstructed__bert-base-uncased__20260520T223812Z,0,0,0.9802911281585693,0.00036973715759813786,0.01933910697698593
gue_splice_reconstructed__bert-base-uncased__20260520T223812Z,2,0,0.8152475357055664,0.0005220333114266396,0.18423040211200714
gue_splice_reconstructed__bert-base-uncased__20260520T223812Z,1,1,0.0002398758806521073,0.9888918995857239,0.01086821872740984
gue_splice_reconstructed__bert-base-uncased__20260520T223812Z,2,2,0.0025287463795393705,0.008689355105161667,0.9887818694114685
gue_splice_reconstructed__bert-base-uncased__20260520T223812Z,0,0,0.9940415024757385,0.0003321637341286987,0.005626359023153782
gue_splice_reconstructed__bert-base-uncased__20260520T223812Z,1,1,0.0013247554888948798,0.5481880903244019,0.4504871070384979
gue_splice_reconstructed__bert-base-uncased__20260520T223812Z,2,2,0.0015689580468460917,0.018078939989209175,0.9803520441055298
gue_splice_reconstructed__bert-base-uncased__20260520T223812Z,0,0,0.9872118830680847,0.000251942896284163,0.01253610197454691
gue_splice_reconstructed__bert-base-uncased__20260520T223812Z,2,2,0.0035886080004274845,0.061675116419792175,0.9347362518310547
gue_splice_reconstructed__bert-base-uncased__20260520T223812Z,0,0,0.9789124131202698,0.00021790109167341143,0.02086968533694744
gue_splice_reconstructed__bert-base-uncased__20260520T223812Z,0,0,0.9036977887153625,0.00030613187118433416,0.09599608927965164
gue_splice_reconstructed__bert-base-uncased__20260520T223812Z,2,2,0.0037903471384197474,0.0031239499803632498,0.9930857419967651
gue_splice_reconstructed__bert-base-uncased__20260520T223812Z,1,1,0.0005847277934662998,0.922117292881012,0.07729803770780563
gue_splice_reconstructed__bert-base-uncased__20260520T223812Z,2,2,0.0038002554792910814,0.004399771336466074,0.9917998909950256
gue_splice_reconstructed__bert-base-uncased__20260520T223812Z,2,1,0.0003714511694852263,0.8085229396820068,0.19110560417175293
gue_splice_reconstructed__bert-base-uncased__20260520T223812Z,2,2,0.012926612980663776,0.0009703802061267197,0.9861030578613281
gue_splice_reconstructed__bert-base-uncased__20260520T223812Z,0,0,0.9796247482299805,0.00018724630353972316,0.020188022404909134
gue_splice_reconstructed__bert-base-uncased__20260520T223812Z,0,0,0.9938218593597412,0.0005143515882082283,0.0056637004017829895
gue_splice_reconstructed__bert-base-uncased__20260520T223812Z,2,2,0.0025063944049179554,0.007834160700440407,0.9896594882011414
gue_splice_reconstructed__bert-base-uncased__20260520T223812Z,2,0,0.6504519581794739,0.0003647071134764701,0.3491833508014679
gue_splice_reconstructed__bert-base-uncased__20260520T223812Z,2,2,0.003283347701653838,0.004639314487576485,0.9920772910118103
gue_splice_reconstructed__bert-base-uncased__20260520T223812Z,2,1,0.0005498831742443144,0.5167988538742065,0.4826512634754181
gue_splice_reconstructed__bert-base-uncased__20260520T223812Z,1,2,0.0010319232242181897,0.03479770943522453,0.9641703367233276
gue_splice_reconstructed__bert-base-uncased__20260520T223812Z,2,2,0.004081733990460634,0.004923510365188122,0.9909947514533997
gue_splice_reconstructed__bert-base-uncased__20260520T223812Z,0,0,0.9903172254562378,0.00028194673359394073,0.009400837123394012
gue_splice_reconstructed__bert-base-uncased__20260520T223812Z,2,2,0.00501717533916235,0.0046673971228301525,0.9903153777122498
gue_splice_reconstructed__bert-base-uncased__20260520T223812Z,2,2,0.3493189513683319,0.0006116036674939096,0.6500694751739502
gue_splice_reconstructed__bert-base-uncased__20260520T223812Z,2,2,0.002987382933497429,0.0037069818936288357,0.9933056235313416
gue_splice_reconstructed__bert-base-uncased__20260520T223812Z,1,1,0.0008417854551225901,0.9321889281272888,0.06696932762861252
gue_splice_reconstructed__bert-base-uncased__20260520T223812Z,2,2,0.010949170216917992,0.001511035137809813,0.9875397682189941
gue_splice_reconstructed__bert-base-uncased__20260520T223812Z,2,2,0.026598574593663216,0.003167453221976757,0.9702339768409729
gue_splice_reconstructed__bert-base-uncased__20260520T223812Z,2,2,0.047509852796792984,0.003572589484974742,0.94891756772995
gue_splice_reconstructed__bert-base-uncased__20260520T223812Z,2,2,0.003377784276381135,0.005477334372699261,0.9911448359489441
gue_splice_reconstructed__bert-base-uncased__20260520T223812Z,2,2,0.0021765041165053844,0.10767175257205963,0.8901516795158386
gue_splice_reconstructed__bert-base-uncased__20260520T223812Z,2,2,0.003047082107514143,0.005332151427865028,0.9916207790374756
gue_splice_reconstructed__bert-base-uncased__20260520T223812Z,0,0,0.840408980846405,0.006391586270183325,0.15319938957691193
gue_splice_reconstructed__bert-base-uncased__20260520T223812Z,2,1,0.0002966967294923961,0.8373714685440063,0.16233184933662415
gue_splice_reconstructed__bert-base-uncased__20260520T223812Z,1,1,0.00031489107641391456,0.9933788776397705,0.006306253839284182
gue_splice_reconstructed__bert-base-uncased__20260520T223812Z,2,2,0.0024768023286014795,0.030942009761929512,0.9665811657905579
gue_splice_reconstructed__bert-base-uncased__20260520T223812Z,1,1,0.00030337218777276576,0.9932229518890381,0.006473727058619261
gue_splice_reconstructed__bert-base-uncased__20260520T223812Z,2,2,0.015570836141705513,0.001135684666223824,0.9832934141159058
gue_splice_reconstructed__bert-base-uncased__20260520T223812Z,2,2,0.0008828053832985461,0.10724910348653793,0.8918681144714355
gue_splice_reconstructed__bert-base-uncased__20260520T223812Z,2,2,0.019067946821451187,0.007696628104895353,0.9732354283332825
gue_splice_reconstructed__bert-base-uncased__20260520T223812Z,2,2,0.0029953401535749435,0.008803794160485268,0.9882009029388428
gue_splice_reconstructed__bert-base-uncased__20260520T223812Z,1,1,0.00024395572836510837,0.99205482006073,0.007701228838413954
gue_splice_reconstructed__bert-base-uncased__20260520T223812Z,1,1,0.0018071847734972835,0.8523696064949036,0.14582324028015137
gue_splice_reconstructed__bert-base-uncased__20260520T223812Z,0,2,0.08358979970216751,0.0013517631450667977,0.915058434009552
gue_splice_reconstructed__bert-base-uncased__20260520T223812Z,2,2,0.004677399527281523,0.012529599480330944,0.9827929735183716
gue_splice_reconstructed__bert-base-uncased__20260520T223812Z,2,2,0.002554486505687237,0.006372001953423023,0.9910735487937927
gue_splice_reconstructed__bert-base-uncased__20260520T223812Z,2,2,0.0025921405758708715,0.00538142304867506,0.9920263886451721
gue_splice_reconstructed__bert-base-uncased__20260520T223812Z,2,2,0.0006909193471074104,0.26493552327156067,0.7343735694885254
gue_splice_reconstructed__bert-base-uncased__20260520T223812Z,2,2,0.039906878024339676,0.00286764744669199,0.9572254419326782
gue_splice_reconstructed__bert-base-uncased__20260520T223812Z,2,2,0.1549322009086609,0.0009431077633053064,0.8441246747970581
gue_splice_reconstructed__bert-base-uncased__20260520T223812Z,2,2,0.01562609151005745,0.0033563566394150257,0.9810175895690918
gue_splice_reconstructed__bert-base-uncased__20260520T223812Z,2,2,0.0029624837916344404,0.0042852065525949,0.9927523136138916
gue_splice_reconstructed__bert-base-uncased__20260520T223812Z,2,2,0.0009974188869819045,0.43043583631515503,0.5685666799545288
gue_splice_reconstructed__bert-base-uncased__20260520T223812Z,1,1,0.0010167259024456143,0.652904748916626,0.3460785150527954
gue_splice_reconstructed__bert-base-uncased__20260520T223812Z,2,2,0.0814490020275116,0.001315857982262969,0.9172351360321045
gue_splice_reconstructed__bert-base-uncased__20260520T223812Z,2,2,0.0029045219998806715,0.01036805845797062,0.9867274165153503
gue_splice_reconstructed__bert-base-uncased__20260520T223812Z,0,0,0.9781634211540222,0.0001998042716877535,0.0216368380934
gue_splice_reconstructed__bert-base-uncased__20260520T223812Z,1,1,0.00024405543808825314,0.9905237555503845,0.009232193231582642
gue_splice_reconstructed__bert-base-uncased__20260520T223812Z,0,0,0.9190061092376709,0.0003777275269385427,0.08061615377664566
gue_splice_reconstructed__bert-base-uncased__20260520T223812Z,2,2,0.005363558419048786,0.003970318473875523,0.9906660914421082
gue_splice_reconstructed__bert-base-uncased__20260520T223812Z,2,2,0.003423809539526701,0.005568256136029959,0.9910079836845398
gue_splice_reconstructed__bert-base-uncased__20260520T223812Z,2,2,0.00938593503087759,0.0037959658075124025,0.9868180751800537
gue_splice_reconstructed__bert-base-uncased__20260520T223812Z,1,1,0.00018084474140778184,0.9479831457138062,0.05183609202504158
gue_splice_reconstructed__bert-base-uncased__20260520T223812Z,2,2,0.0013707721373066306,0.37564903497695923,0.6229802370071411
gue_splice_reconstructed__bert-base-uncased__20260520T223812Z,2,2,0.0031288419850170612,0.0061080544255673885,0.9907631278038025
gue_splice_reconstructed__bert-base-uncased__20260520T223812Z,1,1,0.00019775281543843448,0.9872148036956787,0.012587510049343109
gue_splice_reconstructed__bert-base-uncased__20260520T223812Z,2,2,0.06372210383415222,0.0010307265911251307,0.9352471828460693
gue_splice_reconstructed__bert-base-uncased__20260520T223812Z,0,0,0.9580901265144348,0.00045680635957978666,0.041453029960393906
gue_splice_reconstructed__bert-base-uncased__20260520T223812Z,0,0,0.994036078453064,0.00032383427605964243,0.005640081595629454
gue_splice_reconstructed__bert-base-uncased__20260520T223812Z,2,2,0.005694064777344465,0.0014781501377001405,0.9928277134895325
gue_splice_reconstructed__bert-base-uncased__20260520T223812Z,2,2,0.002291007898747921,0.008059120737016201,0.9896498918533325
gue_splice_reconstructed__bert-base-uncased__20260520T223812Z,2,2,0.42331987619400024,0.005927328020334244,0.5707528591156006
gue_splice_reconstructed__bert-base-uncased__20260520T223812Z,0,0,0.9931477904319763,0.00033775021438486874,0.006514457985758781
gue_splice_reconstructed__bert-base-uncased__20260520T223812Z,2,0,0.7460901141166687,0.0003133155987598002,0.25359660387039185
gue_splice_reconstructed__bert-base-uncased__20260520T223812Z,1,1,0.00024099033907987177,0.9819118976593018,0.01784711331129074
gue_splice_reconstructed__bert-base-uncased__20260520T223812Z,2,2,0.00970381312072277,0.00530169578269124,0.9849944710731506
gue_splice_reconstructed__bert-base-uncased__20260520T223812Z,1,1,0.00023334940487984568,0.9323893189430237,0.06737736612558365
gue_splice_reconstructed__bert-base-uncased__20260520T223812Z,1,1,0.0004243812873028219,0.9949004054069519,0.004675289150327444
gue_splice_reconstructed__bert-base-uncased__20260520T223812Z,0,0,0.8947144150733948,0.0016642843838781118,0.10362129658460617
gue_splice_reconstructed__bert-base-uncased__20260520T223812Z,1,1,0.000302860455121845,0.8398734331130981,0.1598237305879593
gue_splice_reconstructed__bert-base-uncased__20260520T223812Z,1,1,0.00024069895152933896,0.9884164929389954,0.01134270615875721
gue_splice_reconstructed__bert-base-uncased__20260520T223812Z,2,2,0.002377341967076063,0.008089706301689148,0.9895329475402832
gue_splice_reconstructed__bert-base-uncased__20260520T223812Z,2,2,0.19571077823638916,0.006446594372391701,0.7978426218032837
gue_splice_reconstructed__bert-base-uncased__20260520T223812Z,0,0,0.9743777513504028,0.00022030723630450666,0.02540196105837822
gue_splice_reconstructed__bert-base-uncased__20260520T223812Z,2,2,0.0009325824794359505,0.06241562217473984,0.9366518259048462
gue_splice_reconstructed__bert-base-uncased__20260520T223812Z,2,2,0.011923721060156822,0.0011992001673206687,0.9868770837783813
gue_splice_reconstructed__bert-base-uncased__20260520T223812Z,2,1,0.0002113685040967539,0.9645185470581055,0.0352700911462307
gue_splice_reconstructed__bert-base-uncased__20260520T223812Z,1,1,0.0003124247305095196,0.9913903474807739,0.008297093212604523
gue_splice_reconstructed__bert-base-uncased__20260520T223812Z,2,2,0.20838662981987,0.04278571158647537,0.7488276958465576
gue_splice_reconstructed__bert-base-uncased__20260520T223812Z,0,0,0.994889497756958,0.00030566705390810966,0.00480484077706933
gue_splice_reconstructed__bert-base-uncased__20260520T223812Z,2,2,0.0018230020068585873,0.010449754074215889,0.987727165222168
gue_splice_reconstructed__bert-base-uncased__20260520T223812Z,1,1,0.00021181038755457848,0.9168858528137207,0.08290228992700577
gue_splice_reconstructed__bert-base-uncased__20260520T223812Z,2,2,0.002533429767936468,0.004916809964925051,0.9925497770309448
gue_splice_reconstructed__bert-base-uncased__20260520T223812Z,2,1,0.0002837223291862756,0.9144892692565918,0.08522704243659973
gue_splice_reconstructed__bert-base-uncased__20260520T223812Z,2,2,0.002660260535776615,0.008637890219688416,0.9887018203735352
gue_splice_reconstructed__bert-base-uncased__20260520T223812Z,0,0,0.990888237953186,0.00026039936346933246,0.008851476013660431
gue_splice_reconstructed__bert-base-uncased__20260520T223812Z,2,2,0.0016925906529650092,0.05949133262038231,0.9388160705566406
gue_splice_reconstructed__bert-base-uncased__20260520T223812Z,2,0,0.8491359353065491,0.000982652767561376,0.14988139271736145
gue_splice_reconstructed__bert-base-uncased__20260520T223812Z,0,0,0.9845800399780273,0.0002011149626923725,0.015218889340758324
gue_splice_reconstructed__bert-base-uncased__20260520T223812Z,1,1,0.0002750443236436695,0.9473875761032104,0.05233744904398918
gue_splice_reconstructed__bert-base-uncased__20260520T223812Z,2,2,0.0030958186835050583,0.010837172158062458,0.986066997051239
gue_splice_reconstructed__bert-base-uncased__20260520T223812Z,2,2,0.002491490915417671,0.006017773877829313,0.9914906620979309
gue_splice_reconstructed__bert-base-uncased__20260520T223812Z,2,2,0.00265651592053473,0.008103124797344208,0.9892403483390808
gue_splice_reconstructed__bert-base-uncased__20260520T223812Z,0,0,0.9692499041557312,0.01067317370325327,0.020076891407370567
gue_splice_reconstructed__bert-base-uncased__20260520T223812Z,2,2,0.013488193042576313,0.001806806307286024,0.9847049713134766
gue_splice_reconstructed__bert-base-uncased__20260520T223812Z,2,2,0.027309857308864594,0.001960050780326128,0.9707301259040833
gue_splice_reconstructed__bert-base-uncased__20260520T223812Z,2,2,0.003774717217311263,0.0033638665918260813,0.9928614497184753
gue_splice_reconstructed__bert-base-uncased__20260520T223812Z,0,0,0.9829981327056885,0.00018936472770292312,0.016812551766633987
gue_splice_reconstructed__bert-base-uncased__20260520T223812Z,2,2,0.3755524754524231,0.0016274135559797287,0.6228200793266296
gue_splice_reconstructed__bert-base-uncased__20260520T223812Z,2,2,0.005974221043288708,0.006822774652391672,0.9872029423713684
gue_splice_reconstructed__bert-base-uncased__20260520T223812Z,0,0,0.5251301527023315,0.00045425878488458693,0.4744155704975128
gue_splice_reconstructed__bert-base-uncased__20260520T223812Z,2,2,0.0024246464017778635,0.007872849702835083,0.989702582359314
gue_splice_reconstructed__bert-base-uncased__20260520T223812Z,2,2,0.004169105086475611,0.005138111766427755,0.9906927943229675
gue_splice_reconstructed__bert-base-uncased__20260520T223812Z,1,1,0.0031250135507434607,0.9591054916381836,0.03776957839727402
gue_splice_reconstructed__bert-base-uncased__20260520T223812Z,2,2,0.0022201351821422577,0.07548509538173676,0.9222947955131531
gue_splice_reconstructed__bert-base-uncased__20260520T223812Z,2,2,0.2979521155357361,0.15903271734714508,0.54301518201828
gue_splice_reconstructed__bert-base-uncased__20260520T223812Z,1,2,0.003257802687585354,0.3300410211086273,0.6667011380195618
gue_splice_reconstructed__bert-base-uncased__20260520T223812Z,2,2,0.009846705943346024,0.0008507868624292314,0.9893025755882263
gue_splice_reconstructed__bert-base-uncased__20260520T223812Z,2,2,0.06721805036067963,0.0012335486244410276,0.9315483570098877
gue_splice_reconstructed__bert-base-uncased__20260520T223812Z,0,0,0.9805338382720947,0.00021997385192662477,0.019246147945523262
gue_splice_reconstructed__bert-base-uncased__20260520T223812Z,1,1,0.00021487109188456088,0.9881916642189026,0.01159347128123045
gue_splice_reconstructed__bert-base-uncased__20260520T223812Z,2,2,0.004369271919131279,0.005885242018848658,0.9897454977035522
gue_splice_reconstructed__bert-base-uncased__20260520T223812Z,2,2,0.0061210705898702145,0.004875379614531994,0.9890034794807434
gue_splice_reconstructed__bert-base-uncased__20260520T223812Z,1,1,0.0002097567485179752,0.9722369313240051,0.027553318068385124
gue_splice_reconstructed__bert-base-uncased__20260520T223812Z,2,2,0.0024265898391604424,0.010939130559563637,0.9866342544555664
gue_splice_reconstructed__bert-base-uncased__20260520T223812Z,1,1,0.00019321330182719976,0.9514551162719727,0.04835164546966553
gue_splice_reconstructed__bert-base-uncased__20260520T223812Z,1,1,0.00034152413718402386,0.9944855570793152,0.00517291622236371
gue_splice_reconstructed__bert-base-uncased__20260520T223812Z,2,2,0.0010500247590243816,0.053606752306222916,0.9453431963920593
gue_splice_reconstructed__bert-base-uncased__20260520T223812Z,2,2,0.0026919618248939514,0.008480174466967583,0.9888278245925903
gue_splice_reconstructed__bert-base-uncased__20260520T223812Z,2,2,0.034645043313503265,0.0030095644760876894,0.9623454213142395
gue_splice_reconstructed__bert-base-uncased__20260520T223812Z,0,0,0.9806565642356873,0.0005155304097570479,0.018827930092811584
gue_splice_reconstructed__bert-base-uncased__20260520T223812Z,1,1,0.00018763515981845558,0.9740198850631714,0.025792507454752922
gue_splice_reconstructed__bert-base-uncased__20260520T223812Z,2,2,0.009757586754858494,0.005576016381382942,0.9846663475036621
gue_splice_reconstructed__bert-base-uncased__20260520T223812Z,2,0,0.9369269013404846,0.00030285411048680544,0.06277019530534744
gue_splice_reconstructed__bert-base-uncased__20260520T223812Z,0,0,0.9888452887535095,0.0009105590870603919,0.010244220495223999
gue_splice_reconstructed__bert-base-uncased__20260520T223812Z,2,2,0.02845601923763752,0.002141369739547372,0.9694026112556458
gue_splice_reconstructed__bert-base-uncased__20260520T223812Z,1,1,0.00018492290109861642,0.971255898475647,0.028559187427163124
gue_splice_reconstructed__bert-base-uncased__20260520T223812Z,1,1,0.0002907121379394084,0.9896889925003052,0.010020343586802483
gue_splice_reconstructed__bert-base-uncased__20260520T223812Z,0,2,0.11284881830215454,0.0008257761946879327,0.8863253593444824
gue_splice_reconstructed__bert-base-uncased__20260520T223812Z,0,0,0.9625846743583679,0.0003279962984379381,0.037087295204401016
gue_splice_reconstructed__bert-base-uncased__20260520T223812Z,2,2,0.0019804013427346945,0.024843504652380943,0.973176121711731
gue_splice_reconstructed__bert-base-uncased__20260520T223812Z,2,2,0.0024043999146670103,0.018072474747896194,0.9795231819152832
gue_splice_reconstructed__bert-base-uncased__20260520T223812Z,2,2,0.012166312895715237,0.004204565193504095,0.9836291670799255
gue_splice_reconstructed__bert-base-uncased__20260520T223812Z,2,0,0.5397098064422607,0.00045162372407503426,0.45983850955963135
gue_splice_reconstructed__bert-base-uncased__20260520T223812Z,2,2,0.0012309934245422482,0.3304961621761322,0.668272852897644
gue_splice_reconstructed__bert-base-uncased__20260520T223812Z,0,0,0.9906469583511353,0.00019384345796424896,0.009159252047538757
gue_splice_reconstructed__bert-base-uncased__20260520T223812Z,2,2,0.008744101040065289,0.010713496245443821,0.9805424213409424
gue_splice_reconstructed__bert-base-uncased__20260520T223812Z,2,2,0.010486866347491741,0.0011777433101087809,0.988335371017456
gue_splice_reconstructed__bert-base-uncased__20260520T223812Z,2,2,0.0009229779825545847,0.07568562775850296,0.9233913421630859
gue_splice_reconstructed__bert-base-uncased__20260520T223812Z,2,2,0.003007241990417242,0.010661599226295948,0.9863311052322388
gue_splice_reconstructed__bert-base-uncased__20260520T223812Z,0,0,0.6798346638679504,0.0002860502281691879,0.3198792040348053
gue_splice_reconstructed__bert-base-uncased__20260520T223812Z,2,2,0.002962821628898382,0.006109071429818869,0.9909281134605408
gue_splice_reconstructed__bert-base-uncased__20260520T223812Z,1,1,0.0003178789629600942,0.9930592775344849,0.006622920278459787
gue_splice_reconstructed__bert-base-uncased__20260520T223812Z,2,2,0.006605034694075584,0.001565772108733654,0.9918292164802551
gue_splice_reconstructed__bert-base-uncased__20260520T223812Z,2,0,0.8284557461738586,0.0007495748577639461,0.17079463601112366
gue_splice_reconstructed__bert-base-uncased__20260520T223812Z,2,2,0.041781507432460785,0.0023878496140241623,0.9558306932449341
gue_splice_reconstructed__bert-base-uncased__20260520T223812Z,0,0,0.9301419258117676,0.0005094475345686078,0.06934859603643417
gue_splice_reconstructed__bert-base-uncased__20260520T223812Z,0,0,0.5306500792503357,0.0010527929989621043,0.4682970643043518
gue_splice_reconstructed__bert-base-uncased__20260520T223812Z,0,0,0.9662314653396606,0.0002016531943809241,0.03356688842177391
gue_splice_reconstructed__bert-base-uncased__20260520T223812Z,0,0,0.9895086288452148,0.00019513933511916548,0.010296240448951721
gue_splice_reconstructed__bert-base-uncased__20260520T223812Z,2,2,0.005719843320548534,0.0047188191674649715,0.9895612597465515
gue_splice_reconstructed__bert-base-uncased__20260520T223812Z,1,1,0.00048213108675554395,0.9955280423164368,0.003989803604781628
gue_splice_reconstructed__bert-base-uncased__20260520T223812Z,2,2,0.021626420319080353,0.0028270892798900604,0.9755464792251587
gue_splice_reconstructed__bert-base-uncased__20260520T223812Z,2,2,0.02276510000228882,0.005449593998491764,0.971785306930542
gue_splice_reconstructed__bert-base-uncased__20260520T223812Z,1,1,0.0002843016409315169,0.965976893901825,0.03373877331614494
gue_splice_reconstructed__bert-base-uncased__20260520T223812Z,2,2,0.025483157485723495,0.0036837661173194647,0.9708330035209656
gue_splice_reconstructed__bert-base-uncased__20260520T223812Z,1,1,0.00036938796984031796,0.99090975522995,0.008720820769667625
gue_splice_reconstructed__bert-base-uncased__20260520T223812Z,2,2,0.004172199405729771,0.027366038411855698,0.968461811542511
gue_splice_reconstructed__bert-base-uncased__20260520T223812Z,0,0,0.9933387637138367,0.00024331915483344346,0.006417826749384403
gue_splice_reconstructed__bert-base-uncased__20260520T223812Z,0,0,0.9661255478858948,0.000384877115720883,0.033489540219306946
gue_splice_reconstructed__bert-base-uncased__20260520T223812Z,1,1,0.00020733715791720897,0.9838120341300964,0.01598064973950386
gue_splice_reconstructed__bert-base-uncased__20260520T223812Z,2,2,0.0035381827037781477,0.015421786345541477,0.9810400009155273
gue_splice_reconstructed__bert-base-uncased__20260520T223812Z,2,2,0.0008877856307663023,0.08273501694202423,0.9163772463798523
gue_splice_reconstructed__bert-base-uncased__20260520T223812Z,2,2,0.05991372838616371,0.0013893938157707453,0.9386968612670898
gue_splice_reconstructed__bert-base-uncased__20260520T223812Z,2,2,0.011151479557156563,0.0010696524986997247,0.9877788424491882
gue_splice_reconstructed__bert-base-uncased__20260520T223812Z,2,2,0.003477639053016901,0.003602073760703206,0.9929203391075134
gue_splice_reconstructed__bert-base-uncased__20260520T223812Z,0,0,0.7900142073631287,0.0008571683429181576,0.20912860333919525
gue_splice_reconstructed__bert-base-uncased__20260520T223812Z,2,2,0.0015130462124943733,0.06408552825450897,0.9344015121459961
gue_splice_reconstructed__bert-base-uncased__20260520T223812Z,1,1,0.0003056355635635555,0.9928460717201233,0.006848386954516172
gue_splice_reconstructed__bert-base-uncased__20260520T223812Z,2,2,0.002825619652867317,0.004844239447265863,0.9923301339149475
gue_splice_reconstructed__bert-base-uncased__20260520T223812Z,2,1,0.0007354667177423835,0.5820626616477966,0.4172018766403198
gue_splice_reconstructed__bert-base-uncased__20260520T223812Z,2,2,0.006288877222687006,0.3658630847930908,0.6278480291366577
gue_splice_reconstructed__bert-base-uncased__20260520T223812Z,0,0,0.9947720170021057,0.0003074269916396588,0.004920605104416609
gue_splice_reconstructed__bert-base-uncased__20260520T223812Z,2,2,0.0012925053015351295,0.020727986469864845,0.9779794812202454
gue_splice_reconstructed__bert-base-uncased__20260520T223812Z,0,0,0.9856736063957214,0.00028448764351196587,0.014041869901120663
gue_splice_reconstructed__bert-base-uncased__20260520T223812Z,0,0,0.9907758831977844,0.00048738584155216813,0.008736688643693924
gue_splice_reconstructed__bert-base-uncased__20260520T223812Z,2,2,0.25017252564430237,0.000759040005505085,0.7490684390068054
gue_splice_reconstructed__bert-base-uncased__20260520T223812Z,2,2,0.0036119925789535046,0.004615299869328737,0.9917727112770081
gue_splice_reconstructed__bert-base-uncased__20260520T223812Z,0,0,0.9859646558761597,0.00028624400147236884,0.013749143108725548
gue_splice_reconstructed__bert-base-uncased__20260520T223812Z,2,2,0.0013993998290970922,0.013558849692344666,0.9850417971611023
gue_splice_reconstructed__bert-base-uncased__20260520T223812Z,2,2,0.0011150696082040668,0.04840817674994469,0.9504767060279846
gue_splice_reconstructed__bert-base-uncased__20260520T223812Z,2,2,0.0009608408436179161,0.3344852328300476,0.6645539402961731
gue_splice_reconstructed__bert-base-uncased__20260520T223812Z,1,1,0.013047391548752785,0.904036283493042,0.0829162746667862
gue_splice_reconstructed__bert-base-uncased__20260520T223812Z,0,0,0.9739682078361511,0.00017763998766895384,0.025854185223579407
gue_splice_reconstructed__bert-base-uncased__20260520T223812Z,2,2,0.0018682987429201603,0.013166360557079315,0.9849653244018555
gue_splice_reconstructed__bert-base-uncased__20260520T223812Z,2,2,0.0032767378725111485,0.004707480780780315,0.9920157194137573
gue_splice_reconstructed__bert-base-uncased__20260520T223812Z,2,0,0.8958757519721985,0.0006214897730387747,0.1035027876496315
gue_splice_reconstructed__bert-base-uncased__20260520T223812Z,2,2,0.0027473559603095055,0.0473664365708828,0.9498862624168396
gue_splice_reconstructed__bert-base-uncased__20260520T223812Z,2,2,0.0639820396900177,0.002043061889708042,0.9339749217033386
gue_splice_reconstructed__bert-base-uncased__20260520T223812Z,2,2,0.3566786050796509,0.0006058671278879046,0.642715573310852
gue_splice_reconstructed__bert-base-uncased__20260520T223812Z,2,2,0.002898923121392727,0.006488318555057049,0.9906127452850342
gue_splice_reconstructed__bert-base-uncased__20260520T223812Z,0,0,0.9240152835845947,0.00021097049466334283,0.07577376067638397
gue_splice_reconstructed__bert-base-uncased__20260520T223812Z,0,2,0.2173970639705658,0.0004901709617115557,0.782112717628479
gue_splice_reconstructed__bert-base-uncased__20260520T223812Z,2,2,0.011448400095105171,0.0008610933437012136,0.9876905679702759
gue_splice_reconstructed__bert-base-uncased__20260520T223812Z,2,2,0.005999789107590914,0.0016038200119510293,0.9923964142799377
gue_splice_reconstructed__bert-base-uncased__20260520T223812Z,1,1,0.00034289940958842635,0.8213356137275696,0.17832151055335999
gue_splice_reconstructed__bert-base-uncased__20260520T223812Z,2,2,0.0037921189796179533,0.004596557933837175,0.9916113018989563
gue_splice_reconstructed__bert-base-uncased__20260520T223812Z,2,2,0.0032632441725581884,0.006874638609588146,0.9898620843887329
gue_splice_reconstructed__bert-base-uncased__20260520T223812Z,1,1,0.0002482873678673059,0.9920766353607178,0.007675119675695896
gue_splice_reconstructed__bert-base-uncased__20260520T223812Z,2,2,0.008976588025689125,0.0009838147088885307,0.9900395274162292
gue_splice_reconstructed__bert-base-uncased__20260520T223812Z,2,2,0.07397406548261642,0.0014369924319908023,0.9245889782905579
gue_splice_reconstructed__bert-base-uncased__20260520T223812Z,2,2,0.0034488881938159466,0.011839605867862701,0.9847115278244019
gue_splice_reconstructed__bert-base-uncased__20260520T223812Z,1,1,0.0011937360977753997,0.954017162322998,0.0447891503572464
gue_splice_reconstructed__bert-base-uncased__20260520T223812Z,2,2,0.003895549802109599,0.010714024305343628,0.9853904247283936
gue_splice_reconstructed__bert-base-uncased__20260520T223812Z,2,0,0.893390953540802,0.0003246857086196542,0.10628435015678406
gue_splice_reconstructed__bert-base-uncased__20260520T223812Z,2,2,0.01082804799079895,0.007776334881782532,0.9813956618309021
gue_splice_reconstructed__bert-base-uncased__20260520T223812Z,0,0,0.640396237373352,0.0003741025284398347,0.35922971367836
gue_splice_reconstructed__bert-base-uncased__20260520T223812Z,1,1,0.00017921395192388445,0.9903046488761902,0.009516176767647266
gue_splice_reconstructed__bert-base-uncased__20260520T223812Z,2,2,0.028818147256970406,0.0023006077390164137,0.9688812494277954
gue_splice_reconstructed__bert-base-uncased__20260520T223812Z,0,0,0.953093945980072,0.00039481063140556216,0.04651123285293579
gue_splice_reconstructed__bert-base-uncased__20260520T223812Z,2,2,0.003081467468291521,0.005790770053863525,0.9911277294158936
gue_splice_reconstructed__bert-base-uncased__20260520T223812Z,1,1,0.0002583158202469349,0.9887363314628601,0.011005341075360775
gue_splice_reconstructed__bert-base-uncased__20260520T223812Z,2,2,0.011068200692534447,0.003249464789405465,0.9856823086738586
gue_splice_reconstructed__bert-base-uncased__20260520T223812Z,2,2,0.43996119499206543,0.0016990104923024774,0.5583398342132568
gue_splice_reconstructed__bert-base-uncased__20260520T223812Z,2,2,0.016811028122901917,0.0032749183010309935,0.9799140095710754
gue_splice_reconstructed__bert-base-uncased__20260520T223812Z,2,2,0.023809533566236496,0.0030433449428528547,0.9731470942497253
gue_splice_reconstructed__bert-base-uncased__20260520T223812Z,1,1,0.001104068709537387,0.7576731443405151,0.24122276902198792
gue_splice_reconstructed__bert-base-uncased__20260520T223812Z,1,1,0.00037553778383880854,0.9390066862106323,0.06061778590083122
gue_splice_reconstructed__bert-base-uncased__20260520T223812Z,1,1,0.0001791633985703811,0.9746764302253723,0.025144388899207115
gue_splice_reconstructed__bert-base-uncased__20260520T223812Z,2,2,0.0027821562252938747,0.0047650705091655254,0.9924528002738953
gue_splice_reconstructed__bert-base-uncased__20260520T223812Z,2,2,0.03998555988073349,0.001720970612950623,0.9582934975624084
gue_splice_reconstructed__bert-base-uncased__20260520T223812Z,0,0,0.9942017197608948,0.00033351752790622413,0.0054647959768772125
gue_splice_reconstructed__bert-base-uncased__20260520T223812Z,0,0,0.9257904887199402,0.00019359086581971496,0.07401596009731293
gue_splice_reconstructed__bert-base-uncased__20260520T223812Z,0,0,0.9851005673408508,0.00016616794164292514,0.014733253046870232
gue_splice_reconstructed__bert-base-uncased__20260520T223812Z,0,0,0.9738186001777649,0.00022364816686604172,0.025957724079489708
gue_splice_reconstructed__bert-base-uncased__20260520T223812Z,1,1,0.00027793386834673584,0.9915956854820251,0.008126385509967804
gue_splice_reconstructed__bert-base-uncased__20260520T223812Z,0,0,0.9873692393302917,0.00017454354383517057,0.01245625875890255
gue_splice_reconstructed__bert-base-uncased__20260520T223812Z,0,2,0.33436089754104614,0.0006830833735875785,0.6649560332298279
gue_splice_reconstructed__bert-base-uncased__20260520T223812Z,2,2,0.002243174472823739,0.4342050850391388,0.5635517835617065
gue_splice_reconstructed__bert-base-uncased__20260520T223812Z,0,0,0.9549806118011475,0.00022321117285173386,0.04479608312249184
gue_splice_reconstructed__bert-base-uncased__20260520T223812Z,2,2,0.024982694536447525,0.0025809663347899914,0.9724363088607788
gue_splice_reconstructed__bert-base-uncased__20260520T223812Z,2,0,0.6555461287498474,0.000688041327521205,0.34376591444015503
gue_splice_reconstructed__bert-base-uncased__20260520T223812Z,2,2,0.0014451894676312804,0.01450354140251875,0.9840512871742249
gue_splice_reconstructed__bert-base-uncased__20260520T223812Z,2,0,0.9899569153785706,0.00018268446729052812,0.009860438294708729
gue_splice_reconstructed__bert-base-uncased__20260520T223812Z,2,2,0.0017078544478863478,0.18008717894554138,0.8182049989700317
gue_splice_reconstructed__bert-base-uncased__20260520T223812Z,2,2,0.004620037507265806,0.0025890765246003866,0.9927908182144165
gue_splice_reconstructed__bert-base-uncased__20260520T223812Z,2,2,0.00200670282356441,0.009964533150196075,0.9880287051200867
gue_splice_reconstructed__bert-base-uncased__20260520T223812Z,2,2,0.034963615238666534,0.006093591917306185,0.9589427709579468
gue_splice_reconstructed__bert-base-uncased__20260520T223812Z,1,1,0.00021960808953735977,0.9904424548149109,0.009337973780930042
gue_splice_reconstructed__bert-base-uncased__20260520T223812Z,1,1,0.0003541004844009876,0.8432101011276245,0.15643581748008728
gue_splice_reconstructed__bert-base-uncased__20260520T223812Z,0,0,0.9920763969421387,0.0003194304881617427,0.007604243233799934
gue_splice_reconstructed__bert-base-uncased__20260520T223812Z,2,2,0.0021356234792619944,0.02727912738919258,0.9705852270126343
gue_splice_reconstructed__bert-base-uncased__20260520T223812Z,1,1,0.0004102753009647131,0.9943028688430786,0.005286864936351776
gue_splice_reconstructed__bert-base-uncased__20260520T223812Z,2,2,0.0014908331213518977,0.22018150985240936,0.7783276438713074
gue_splice_reconstructed__bert-base-uncased__20260520T223812Z,2,2,0.027242785319685936,0.0029915880877524614,0.9697656035423279
gue_splice_reconstructed__bert-base-uncased__20260520T223812Z,2,2,0.0007634628564119339,0.33433398604393005,0.6649025678634644
gue_splice_reconstructed__bert-base-uncased__20260520T223812Z,1,1,0.00022410704696085304,0.9911836385726929,0.008592183701694012
gue_splice_reconstructed__bert-base-uncased__20260520T223812Z,0,0,0.9171984195709229,0.0009971093386411667,0.08180444687604904
gue_splice_reconstructed__bert-base-uncased__20260520T223812Z,0,0,0.916368842124939,0.00037008069921284914,0.08326109498739243
gue_splice_reconstructed__bert-base-uncased__20260520T223812Z,2,2,0.008387642912566662,0.002045468194410205,0.9895668625831604
gue_splice_reconstructed__bert-base-uncased__20260520T223812Z,2,2,0.008615395054221153,0.004294184502214193,0.9870904088020325
gue_splice_reconstructed__bert-base-uncased__20260520T223812Z,2,1,0.0002277712192153558,0.9687971472740173,0.030975116416811943
gue_splice_reconstructed__bert-base-uncased__20260520T223812Z,2,1,0.0002313598815817386,0.9244397878646851,0.07532888650894165
gue_splice_reconstructed__bert-base-uncased__20260520T223812Z,2,2,0.000706606253515929,0.2978719174861908,0.7014214992523193
gue_splice_reconstructed__bert-base-uncased__20260520T223812Z,2,2,0.011390702798962593,0.0025317007675766945,0.9860775470733643
gue_splice_reconstructed__bert-base-uncased__20260520T223812Z,1,1,0.00021607136295642704,0.989837646484375,0.009946285746991634
gue_splice_reconstructed__bert-base-uncased__20260520T223812Z,2,2,0.054272741079330444,0.0017220081062987447,0.9440052509307861
gue_splice_reconstructed__bert-base-uncased__20260520T223812Z,1,1,0.0004377170989755541,0.8932900428771973,0.10627233982086182
gue_splice_reconstructed__bert-base-uncased__20260520T223812Z,2,2,0.0028120321221649647,0.0057642837055027485,0.9914236664772034
gue_splice_reconstructed__bert-base-uncased__20260520T223812Z,0,0,0.9896316528320312,0.00018695527978707105,0.010181277990341187
gue_splice_reconstructed__bert-base-uncased__20260520T223812Z,1,1,0.0004756264970637858,0.6303849220275879,0.3691394031047821
gue_splice_reconstructed__bert-base-uncased__20260520T223812Z,2,2,0.00415379460901022,0.006861838046461344,0.9889843463897705
gue_splice_reconstructed__bert-base-uncased__20260520T223812Z,0,0,0.967241644859314,0.00038834381848573685,0.032369982451200485
gue_splice_reconstructed__bert-base-uncased__20260520T223812Z,1,1,0.00046932994155213237,0.9634339809417725,0.0360967256128788
gue_splice_reconstructed__bert-base-uncased__20260520T223812Z,2,2,0.02018263190984726,0.0026037972420454025,0.9772135019302368
gue_splice_reconstructed__bert-base-uncased__20260520T223812Z,1,1,0.00037656561471521854,0.9945032596588135,0.005120235029608011
gue_splice_reconstructed__bert-base-uncased__20260520T223812Z,0,0,0.9929184317588806,0.00028601952362805605,0.006795587483793497
gue_splice_reconstructed__bert-base-uncased__20260520T223812Z,2,2,0.022719252854585648,0.0027054897509515285,0.9745752811431885
gue_splice_reconstructed__bert-base-uncased__20260520T223812Z,2,2,0.002805280964821577,0.006217713467776775,0.9909769296646118
gue_splice_reconstructed__bert-base-uncased__20260520T223812Z,1,1,0.00023799689370207489,0.9888411164283752,0.010920855216681957
gue_splice_reconstructed__bert-base-uncased__20260520T223812Z,2,0,0.8884411454200745,0.0003574030997697264,0.1112014427781105
gue_splice_reconstructed__bert-base-uncased__20260520T223812Z,2,2,0.00321294367313385,0.00683509511873126,0.9899519085884094
gue_splice_reconstructed__bert-base-uncased__20260520T223812Z,0,0,0.9436637163162231,0.0003524635103531182,0.05598382651805878
gue_splice_reconstructed__bert-base-uncased__20260520T223812Z,2,2,0.001614812994375825,0.028035378083586693,0.9703497886657715
gue_splice_reconstructed__bert-base-uncased__20260520T223812Z,2,2,0.011722274124622345,0.0027951812371611595,0.9854825735092163
gue_splice_reconstructed__bert-base-uncased__20260520T223812Z,2,2,0.002655590884387493,0.006515136919915676,0.9908292293548584
gue_splice_reconstructed__bert-base-uncased__20260520T223812Z,2,2,0.002383182290941477,0.007588544860482216,0.9900283217430115
gue_splice_reconstructed__bert-base-uncased__20260520T223812Z,2,0,0.9767573475837708,0.00016476061136927456,0.023077933117747307
gue_splice_reconstructed__bert-base-uncased__20260520T223812Z,2,2,0.04620321840047836,0.0016833629924803972,0.9521134495735168
gue_splice_reconstructed__bert-base-uncased__20260520T223812Z,0,2,0.01254284381866455,0.003625308396294713,0.9838318824768066
gue_splice_reconstructed__bert-base-uncased__20260520T223812Z,2,2,0.0036514094099402428,0.005433449987322092,0.9909151196479797
gue_splice_reconstructed__bert-base-uncased__20260520T223812Z,1,1,0.0002997296105604619,0.8830719590187073,0.11662837117910385
gue_splice_reconstructed__bert-base-uncased__20260520T223812Z,2,2,0.0028144451789557934,0.008779860101640224,0.988405704498291
gue_splice_reconstructed__bert-base-uncased__20260520T223812Z,2,2,0.06712150573730469,0.0017592771910130978,0.9311192631721497
gue_splice_reconstructed__bert-base-uncased__20260520T223812Z,2,2,0.0024252699222415686,0.007617696654051542,0.9899570345878601
gue_splice_reconstructed__bert-base-uncased__20260520T223812Z,2,2,0.02653958648443222,0.00158916343934834,0.9718713164329529
gue_splice_reconstructed__bert-base-uncased__20260520T223812Z,0,0,0.9833906292915344,0.000336397293722257,0.016272960230708122
gue_splice_reconstructed__bert-base-uncased__20260520T223812Z,0,2,0.20909593999385834,0.00677740341052413,0.7841266393661499
gue_splice_reconstructed__bert-base-uncased__20260520T223812Z,2,2,0.04079602658748627,0.001917863148264587,0.9572860598564148
gue_splice_reconstructed__bert-base-uncased__20260520T223812Z,1,1,0.00016660834080539644,0.9838607311248779,0.015972666442394257
gue_splice_reconstructed__bert-base-uncased__20260520T223812Z,1,1,0.0001990299206227064,0.9897165894508362,0.010084431618452072
gue_splice_reconstructed__bert-base-uncased__20260520T223812Z,2,2,0.0027518372517079115,0.00984223559498787,0.9874059557914734
gue_splice_reconstructed__bert-base-uncased__20260520T223812Z,2,2,0.0054290262050926685,0.016952775418758392,0.9776181578636169
gue_splice_reconstructed__bert-base-uncased__20260520T223812Z,1,1,0.000299155421089381,0.990962564945221,0.008738335222005844
gue_splice_reconstructed__bert-base-uncased__20260520T223812Z,2,0,0.9788999557495117,0.00017440359806641936,0.02092554047703743
gue_splice_reconstructed__bert-base-uncased__20260520T223812Z,2,0,0.7677057385444641,0.0006589284166693687,0.23163533210754395
gue_splice_reconstructed__bert-base-uncased__20260520T223812Z,1,1,0.00036721606738865376,0.9947505593299866,0.004882207605987787
gue_splice_reconstructed__bert-base-uncased__20260520T223812Z,1,1,0.00020976649830117822,0.9666017889976501,0.03318853676319122
gue_splice_reconstructed__bert-base-uncased__20260520T223812Z,2,2,0.021849604323506355,0.00306731928139925,0.9750831127166748
gue_splice_reconstructed__bert-base-uncased__20260520T223812Z,2,2,0.001080825924873352,0.050241272896528244,0.9486778378486633
gue_splice_reconstructed__bert-base-uncased__20260520T223812Z,2,2,0.002640679245814681,0.006303803995251656,0.9910554885864258
gue_splice_reconstructed__bert-base-uncased__20260520T223812Z,2,0,0.5372599363327026,0.0004966616979800165,0.46224334836006165
gue_splice_reconstructed__bert-base-uncased__20260520T223812Z,2,2,0.003224196843802929,0.005295077804476023,0.9914807081222534
gue_splice_reconstructed__bert-base-uncased__20260520T223812Z,2,2,0.005499949213117361,0.0031429710797965527,0.9913570880889893
gue_splice_reconstructed__bert-base-uncased__20260520T223812Z,0,2,0.24460414052009583,0.0012259826762601733,0.7541699409484863
gue_splice_reconstructed__bert-base-uncased__20260520T223812Z,2,2,0.0008437435026280582,0.17780353128910065,0.8213526606559753
gue_splice_reconstructed__bert-base-uncased__20260520T223812Z,2,2,0.002852146979421377,0.00523566547781229,0.9919121265411377
gue_splice_reconstructed__bert-base-uncased__20260520T223812Z,2,2,0.005094971042126417,0.0019206582801416516,0.992984414100647
gue_splice_reconstructed__bert-base-uncased__20260520T223812Z,2,2,0.0015214190352708101,0.02338431216776371,0.9750942587852478
gue_splice_reconstructed__bert-base-uncased__20260520T223812Z,2,2,0.25837278366088867,0.0012662302469834685,0.7403609752655029
gue_splice_reconstructed__bert-base-uncased__20260520T223812Z,2,2,0.0376678928732872,0.004757470916956663,0.9575746655464172
gue_splice_reconstructed__bert-base-uncased__20260520T223812Z,1,2,0.003892502747476101,0.0037653809413313866,0.9923420548439026
gue_splice_reconstructed__bert-base-uncased__20260520T223812Z,2,2,0.0023523035924881697,0.02615620568394661,0.9714915752410889
gue_splice_reconstructed__bert-base-uncased__20260520T223812Z,0,0,0.9758384823799133,0.00015768251614645123,0.02400396391749382
gue_splice_reconstructed__bert-base-uncased__20260520T223812Z,2,2,0.07601942121982574,0.0014850402949377894,0.9224955439567566
gue_splice_reconstructed__bert-base-uncased__20260520T223812Z,0,0,0.9712291359901428,0.0001915344619192183,0.02857932634651661
gue_splice_reconstructed__bert-base-uncased__20260520T223812Z,2,2,0.0034513964783400297,0.0053299893625080585,0.991218626499176
gue_splice_reconstructed__bert-base-uncased__20260520T223812Z,2,2,0.0016808143118396401,0.1577138602733612,0.8406053185462952
gue_splice_reconstructed__bert-base-uncased__20260520T223812Z,1,1,0.0001773830590536818,0.9840238094329834,0.015798835083842278
gue_splice_reconstructed__bert-base-uncased__20260520T223812Z,0,0,0.970843493938446,0.00016699297702871263,0.028989532962441444
gue_splice_reconstructed__bert-base-uncased__20260520T223812Z,2,2,0.0360143817961216,0.006146309897303581,0.95783931016922
gue_splice_reconstructed__bert-base-uncased__20260520T223812Z,2,2,0.002865993417799473,0.006229414138942957,0.9909046292304993
gue_splice_reconstructed__bert-base-uncased__20260520T223812Z,0,0,0.9885346293449402,0.00018242199439555407,0.011282949708402157
gue_splice_reconstructed__bert-base-uncased__20260520T223812Z,0,0,0.9819709658622742,0.00017701300384942442,0.017852000892162323
gue_splice_reconstructed__bert-base-uncased__20260520T223812Z,0,2,0.33593082427978516,0.0005423705442808568,0.6635267734527588
gue_splice_reconstructed__bert-base-uncased__20260520T223812Z,1,1,0.000188233214430511,0.9886423945426941,0.011169405654072762
gue_splice_reconstructed__bert-base-uncased__20260520T223812Z,1,1,0.0003772265336010605,0.9943047165870667,0.005317943636327982
gue_splice_reconstructed__bert-base-uncased__20260520T223812Z,2,2,0.02008688449859619,0.0009032647940330207,0.9790098667144775
gue_splice_reconstructed__bert-base-uncased__20260520T223812Z,2,2,0.0024379293899983168,0.006317334249615669,0.9912447333335876
gue_splice_reconstructed__bert-base-uncased__20260520T223812Z,2,2,0.00791897065937519,0.001429532072506845,0.9906514883041382
gue_splice_reconstructed__bert-base-uncased__20260520T223812Z,0,0,0.8128681778907776,0.0003640847862698138,0.18676774203777313
gue_splice_reconstructed__bert-base-uncased__20260520T223812Z,2,2,0.002461441792547703,0.006459751632064581,0.991078794002533
gue_splice_reconstructed__bert-base-uncased__20260520T223812Z,0,0,0.8547741174697876,0.0002709547698032111,0.14495497941970825
gue_splice_reconstructed__bert-base-uncased__20260520T223812Z,2,2,0.0029081024695187807,0.005281344056129456,0.9918105602264404
gue_splice_reconstructed__bert-base-uncased__20260520T223812Z,2,2,0.0015796151710674167,0.021001283079385757,0.9774191379547119
gue_splice_reconstructed__bert-base-uncased__20260520T223812Z,2,2,0.0534454770386219,0.00313453353010118,0.9434200525283813
gue_splice_reconstructed__bert-base-uncased__20260520T223812Z,1,1,0.00020807396504096687,0.973901629447937,0.02589031495153904
gue_splice_reconstructed__bert-base-uncased__20260520T223812Z,0,0,0.9899415373802185,0.00020063652482349426,0.009857877157628536
gue_splice_reconstructed__bert-base-uncased__20260520T223812Z,1,1,0.00036366767017170787,0.9948059916496277,0.004830311518162489
gue_splice_reconstructed__bert-base-uncased__20260520T223812Z,1,1,0.00022562238154932857,0.9862598776817322,0.013514440506696701
gue_splice_reconstructed__bert-base-uncased__20260520T223812Z,2,2,0.002906560432165861,0.005808680318295956,0.9912847280502319
gue_splice_reconstructed__bert-base-uncased__20260520T223812Z,2,0,0.9624961018562317,0.00020205405598971993,0.03730180487036705
gue_splice_reconstructed__bert-base-uncased__20260520T223812Z,1,1,0.0002993252710439265,0.9332727193832397,0.066428042948246
gue_splice_reconstructed__bert-base-uncased__20260520T223812Z,2,2,0.05639287829399109,0.00090618064859882,0.9427009224891663
gue_splice_reconstructed__bert-base-uncased__20260520T223812Z,2,2,0.004269928205758333,0.006517224479466677,0.9892128705978394
gue_splice_reconstructed__bert-base-uncased__20260520T223812Z,1,1,0.0002987707266584039,0.9896883368492126,0.01001300010830164
gue_splice_reconstructed__bert-base-uncased__20260520T223812Z,0,0,0.8061206340789795,0.0201808363199234,0.1736985445022583
gue_splice_reconstructed__bert-base-uncased__20260520T223812Z,1,1,0.0002745940873865038,0.9931661486625671,0.006559264380484819
gue_splice_reconstructed__bert-base-uncased__20260520T223812Z,1,2,0.0013264945009723306,0.23061345517635345,0.768060028553009
gue_splice_reconstructed__bert-base-uncased__20260520T223812Z,2,2,0.003478055354207754,0.2784631550312042,0.7180587649345398
gue_splice_reconstructed__bert-base-uncased__20260520T223812Z,2,2,0.0795433297753334,0.001646843389607966,0.9188098311424255
gue_splice_reconstructed__bert-base-uncased__20260520T223812Z,2,2,0.003965174779295921,0.004717967472970486,0.9913169145584106
gue_splice_reconstructed__bert-base-uncased__20260520T223812Z,2,2,0.013441587798297405,0.0038173801731318235,0.9827410578727722
gue_splice_reconstructed__bert-base-uncased__20260520T223812Z,2,2,0.0018894312670454383,0.009755950421094894,0.9883545637130737
gue_splice_reconstructed__bert-base-uncased__20260520T223812Z,0,0,0.9084755778312683,0.0004683476290665567,0.09105602651834488
gue_splice_reconstructed__bert-base-uncased__20260520T223812Z,2,2,0.0017107260646298528,0.019293522462248802,0.9789957404136658
gue_splice_reconstructed__bert-base-uncased__20260520T223812Z,2,2,0.005372028332203627,0.004333440214395523,0.9902945756912231
gue_splice_reconstructed__bert-base-uncased__20260520T223812Z,1,1,0.00023310017422772944,0.9914631247520447,0.008303781971335411
gue_splice_reconstructed__bert-base-uncased__20260520T223812Z,2,2,0.004674794618040323,0.0034402518067508936,0.9918849468231201
gue_splice_reconstructed__bert-base-uncased__20260520T223812Z,2,2,0.002779702888801694,0.005642639473080635,0.9915776252746582
gue_splice_reconstructed__bert-base-uncased__20260520T223812Z,1,1,0.000298726576147601,0.9895420074462891,0.01015925221145153
gue_splice_reconstructed__bert-base-uncased__20260520T223812Z,2,2,0.003169748466461897,0.0067432033829391,0.99008709192276
gue_splice_reconstructed__bert-base-uncased__20260520T223812Z,1,1,0.0003946751239709556,0.9945982694625854,0.005006990395486355
gue_splice_reconstructed__bert-base-uncased__20260520T223812Z,2,2,0.0005920712137594819,0.3688691258430481,0.630538821220398
gue_splice_reconstructed__bert-base-uncased__20260520T223812Z,2,2,0.048221196979284286,0.0016155581688508391,0.9501631855964661
gue_splice_reconstructed__bert-base-uncased__20260520T223812Z,1,1,0.00024667949764989316,0.9895097017288208,0.010243598371744156
gue_splice_reconstructed__bert-base-uncased__20260520T223812Z,2,2,0.002416351344436407,0.007406632415950298,0.9901769757270813
gue_splice_reconstructed__bert-base-uncased__20260520T223812Z,0,0,0.9934614896774292,0.0003173871955368668,0.006221139337867498
gue_splice_reconstructed__bert-base-uncased__20260520T223812Z,1,1,0.000294163532089442,0.8906980752944946,0.1090078204870224
gue_splice_reconstructed__bert-base-uncased__20260520T223812Z,0,2,0.3744339048862457,0.0009519961313344538,0.6246140599250793
gue_splice_reconstructed__bert-base-uncased__20260520T223812Z,0,2,0.1342625916004181,0.0008577649132348597,0.8648796677589417
gue_splice_reconstructed__bert-base-uncased__20260520T223812Z,1,1,0.0002832318714354187,0.9870893359184265,0.01262746099382639
gue_splice_reconstructed__bert-base-uncased__20260520T223812Z,2,2,0.048953015357255936,0.0020557360257953405,0.9489912390708923
gue_splice_reconstructed__bert-base-uncased__20260520T223812Z,0,0,0.990597665309906,0.0002836839121300727,0.009118636138737202
gue_splice_reconstructed__bert-base-uncased__20260520T223812Z,2,2,0.00437127472832799,0.0054295239970088005,0.9901992082595825
gue_splice_reconstructed__bert-base-uncased__20260520T223812Z,1,1,0.00024320300144609064,0.9928646087646484,0.006892124656587839
gue_splice_reconstructed__bert-base-uncased__20260520T223812Z,0,0,0.9923129677772522,0.0002444962738081813,0.00744257029145956
gue_splice_reconstructed__bert-base-uncased__20260520T223812Z,0,0,0.9934451580047607,0.00026056187925860286,0.0062943692319095135
gue_splice_reconstructed__bert-base-uncased__20260520T223812Z,2,2,0.003448562230914831,0.013854116201400757,0.9826973080635071
gue_splice_reconstructed__bert-base-uncased__20260520T223812Z,1,1,0.0002379731013206765,0.984887421131134,0.014874616637825966
gue_splice_reconstructed__bert-base-uncased__20260520T223812Z,0,0,0.9933383464813232,0.0002656724245753139,0.006395924836397171
gue_splice_reconstructed__bert-base-uncased__20260520T223812Z,0,0,0.9752082824707031,0.00021039780403953046,0.02458132430911064
gue_splice_reconstructed__bert-base-uncased__20260520T223812Z,2,2,0.005292539484798908,0.003702011425048113,0.9910054206848145
gue_splice_reconstructed__bert-base-uncased__20260520T223812Z,1,1,0.00034674425842240453,0.9940324425697327,0.005620816256850958
gue_splice_reconstructed__bert-base-uncased__20260520T223812Z,2,2,0.022685784846544266,0.003223818726837635,0.9740903377532959
gue_splice_reconstructed__bert-base-uncased__20260520T223812Z,2,2,0.0047903768718242645,0.0033149581868201494,0.9918946623802185
gue_splice_reconstructed__bert-base-uncased__20260520T223812Z,1,1,0.0004741912998724729,0.7276301980018616,0.27189555764198303
gue_splice_reconstructed__bert-base-uncased__20260520T223812Z,2,2,0.005079077556729317,0.002129717031493783,0.9927911758422852
gue_splice_reconstructed__bert-base-uncased__20260520T223812Z,2,2,0.11254550516605377,0.0009178470936603844,0.8865365982055664
gue_splice_reconstructed__bert-base-uncased__20260520T223812Z,2,2,0.067786805331707,0.0014579216949641705,0.9307553172111511
gue_splice_reconstructed__bert-base-uncased__20260520T223812Z,2,2,0.003659054171293974,0.0033511852379888296,0.9929897785186768
gue_splice_reconstructed__bert-base-uncased__20260520T223812Z,2,2,0.010966799221932888,0.004721370059996843,0.9843118786811829
gue_splice_reconstructed__bert-base-uncased__20260520T223812Z,2,2,0.01332089677453041,0.0022436052095144987,0.984435498714447
gue_splice_reconstructed__bert-base-uncased__20260520T223812Z,0,0,0.9430657029151917,0.00024351352476514876,0.05669083073735237
gue_splice_reconstructed__bert-base-uncased__20260520T223812Z,2,2,0.004170812200754881,0.11776452511548996,0.8780646324157715
gue_splice_reconstructed__bert-base-uncased__20260520T223812Z,0,0,0.8444223999977112,0.0002877330407500267,0.15528984367847443
gue_splice_reconstructed__bert-base-uncased__20260520T223812Z,2,2,0.002159174531698227,0.006922416854649782,0.9909183979034424
gue_splice_reconstructed__bert-base-uncased__20260520T223812Z,0,0,0.8865284323692322,0.0003209355636499822,0.11315058171749115
gue_splice_reconstructed__bert-base-uncased__20260520T223812Z,0,0,0.9339975118637085,0.001015371992252767,0.06498721241950989
gue_splice_reconstructed__bert-base-uncased__20260520T223812Z,0,0,0.8073180913925171,0.0003644349053502083,0.19231747090816498
gue_splice_reconstructed__bert-base-uncased__20260520T223812Z,2,1,0.0013428261736407876,0.5154147148132324,0.4832425117492676
gue_splice_reconstructed__bert-base-uncased__20260520T223812Z,1,1,0.0002942682767752558,0.9939994812011719,0.005706354510039091
gue_splice_reconstructed__bert-base-uncased__20260520T223812Z,2,2,0.0028447622898966074,0.005877112038433552,0.9912781119346619
gue_splice_reconstructed__bert-base-uncased__20260520T223812Z,2,2,0.0013034162111580372,0.07221423834562302,0.9264823198318481
gue_splice_reconstructed__bert-base-uncased__20260520T223812Z,2,0,0.8675817251205444,0.0002766308025456965,0.132141575217247
gue_splice_reconstructed__bert-base-uncased__20260520T223812Z,1,1,0.00046454035327769816,0.9877232313156128,0.011812201701104641
gue_splice_reconstructed__bert-base-uncased__20260520T223812Z,2,2,0.003243824001401663,0.007002618163824081,0.9897536039352417
gue_splice_reconstructed__bert-base-uncased__20260520T223812Z,0,0,0.5915365219116211,0.0019067851826548576,0.40655672550201416
gue_splice_reconstructed__bert-base-uncased__20260520T223812Z,0,0,0.9953527450561523,0.0003695976338349283,0.004277591593563557
gue_splice_reconstructed__bert-base-uncased__20260520T223812Z,2,2,0.0014682268956676126,0.3992246389389038,0.599307119846344
gue_splice_reconstructed__bert-base-uncased__20260520T223812Z,1,1,0.0002423110418021679,0.9911572933197021,0.008600350469350815
gue_splice_reconstructed__bert-base-uncased__20260520T223812Z,2,2,0.03627558797597885,0.0026993213687092066,0.961025059223175
gue_splice_reconstructed__bert-base-uncased__20260520T223812Z,2,1,0.00016911773127503693,0.9717416167259216,0.02808930166065693
gue_splice_reconstructed__bert-base-uncased__20260520T223812Z,1,1,0.000326992420013994,0.8962302803993225,0.10344269126653671
gue_splice_reconstructed__bert-base-uncased__20260520T223812Z,1,1,0.0003541892219800502,0.9957361221313477,0.003909631632268429
gue_splice_reconstructed__bert-base-uncased__20260520T223812Z,2,2,0.0038316454738378525,0.005894138943403959,0.9902742505073547
gue_splice_reconstructed__bert-base-uncased__20260520T223812Z,0,0,0.9914551973342896,0.00021058677521068603,0.008334179408848286
gue_splice_reconstructed__bert-base-uncased__20260520T223812Z,2,2,0.0012117817532271147,0.06744948029518127,0.9313387274742126
gue_splice_reconstructed__bert-base-uncased__20260520T223812Z,2,2,0.004360661376267672,0.004946104250848293,0.9906932711601257
gue_splice_reconstructed__bert-base-uncased__20260520T223812Z,1,1,0.00016861992480698973,0.9651039242744446,0.03472738713026047
gue_splice_reconstructed__bert-base-uncased__20260520T223812Z,2,2,0.002160828560590744,0.0061616417951881886,0.9916775226593018
gue_splice_reconstructed__bert-base-uncased__20260520T223812Z,2,2,0.14873142540454865,0.0007939236820675433,0.8504746556282043
gue_splice_reconstructed__bert-base-uncased__20260520T223812Z,2,2,0.005153690464794636,0.005990073550492525,0.9888562560081482
gue_splice_reconstructed__bert-base-uncased__20260520T223812Z,2,2,0.0033027706667780876,0.0065172286704182625,0.9901800155639648
gue_splice_reconstructed__bert-base-uncased__20260520T223812Z,2,0,0.9566201567649841,0.00020478137594182044,0.04317500814795494
gue_splice_reconstructed__bert-base-uncased__20260520T223812Z,1,1,0.00019027233065571636,0.9224463105201721,0.07736337929964066
gue_splice_reconstructed__bert-base-uncased__20260520T223812Z,1,1,0.00024698820197954774,0.9907480478286743,0.009004970081150532
gue_splice_reconstructed__bert-base-uncased__20260520T223812Z,0,0,0.9937693476676941,0.00030711712315678596,0.005923612974584103
gue_splice_reconstructed__bert-base-uncased__20260520T223812Z,2,2,0.0027914345264434814,0.03959311917424202,0.9576154351234436
gue_splice_reconstructed__bert-base-uncased__20260520T223812Z,2,0,0.872731626033783,0.0003056229033973068,0.12696273624897003
gue_splice_reconstructed__bert-base-uncased__20260520T223812Z,2,1,0.000408339110435918,0.7411839962005615,0.2584075629711151
gue_splice_reconstructed__bert-base-uncased__20260520T223812Z,2,2,0.002601702231913805,0.005594538524746895,0.991803765296936
gue_splice_reconstructed__bert-base-uncased__20260520T223812Z,2,1,0.00029514628113247454,0.8695684671401978,0.1301364004611969
gue_splice_reconstructed__bert-base-uncased__20260520T223812Z,2,2,0.010367690585553646,0.01348245982080698,0.97614985704422
gue_splice_reconstructed__bert-base-uncased__20260520T223812Z,1,1,0.00023652032541576773,0.9231668710708618,0.07659655809402466
gue_splice_reconstructed__bert-base-uncased__20260520T223812Z,2,1,0.0006385406013578176,0.8348158597946167,0.16454559564590454
gue_splice_reconstructed__bert-base-uncased__20260520T223812Z,2,2,0.0024660229682922363,0.006548061966896057,0.9909859895706177
gue_splice_reconstructed__bert-base-uncased__20260520T223812Z,1,1,0.00034004051121883094,0.870411217212677,0.12924879789352417
gue_splice_reconstructed__bert-base-uncased__20260520T223812Z,0,0,0.9201658368110657,0.00028997918707318604,0.07954410463571548
gue_splice_reconstructed__bert-base-uncased__20260520T223812Z,0,0,0.9656976461410522,0.00015912156959529966,0.03414327651262283
gue_splice_reconstructed__bert-base-uncased__20260520T223812Z,0,0,0.7940450310707092,0.001029118662700057,0.20492582023143768
gue_splice_reconstructed__bert-base-uncased__20260520T223812Z,2,0,0.9806548357009888,0.00024638944887556136,0.019098732620477676
gue_splice_reconstructed__bert-base-uncased__20260520T223812Z,2,2,0.16384358704090118,0.000833319965749979,0.8353230357170105
gue_splice_reconstructed__bert-base-uncased__20260520T223812Z,2,2,0.0006922760512679815,0.21143321692943573,0.7878745198249817
gue_splice_reconstructed__bert-base-uncased__20260520T223812Z,1,1,0.00033410213654860854,0.9940010905265808,0.005664722062647343
gue_splice_reconstructed__bert-base-uncased__20260520T223812Z,2,2,0.0023686669301241636,0.007850440219044685,0.9897809028625488
gue_splice_reconstructed__bert-base-uncased__20260520T223812Z,1,1,0.0003072050167247653,0.9921141862869263,0.007578584365546703
gue_splice_reconstructed__bert-base-uncased__20260520T223812Z,0,0,0.9480770230293274,0.00046004835166968405,0.051462918519973755
gue_splice_reconstructed__bert-base-uncased__20260520T223812Z,2,2,0.0034055886790156364,0.005067658144980669,0.9915267825126648
gue_splice_reconstructed__bert-base-uncased__20260520T223812Z,2,2,0.0017984965816140175,0.025653138756752014,0.9725483655929565
gue_splice_reconstructed__bert-base-uncased__20260520T223812Z,1,1,0.00036201722105033696,0.9673511385917664,0.03228682279586792
gue_splice_reconstructed__bert-base-uncased__20260520T223812Z,2,2,0.04852968454360962,0.001308317412622273,0.9501619935035706
gue_splice_reconstructed__bert-base-uncased__20260520T223812Z,2,2,0.06112857535481453,0.0018409723415970802,0.9370304942131042
gue_splice_reconstructed__bert-base-uncased__20260520T223812Z,2,2,0.0019662543199956417,0.022327471524477005,0.9757062196731567
gue_splice_reconstructed__bert-base-uncased__20260520T223812Z,1,1,0.00033232822897844017,0.9925932288169861,0.007074334658682346
gue_splice_reconstructed__bert-base-uncased__20260520T223812Z,0,0,0.9769229888916016,0.00018600189650896937,0.02289104275405407
gue_splice_reconstructed__bert-base-uncased__20260520T223812Z,2,2,0.003050149418413639,0.00433090515434742,0.992618978023529
gue_splice_reconstructed__bert-base-uncased__20260520T223812Z,2,2,0.0008399288053624332,0.27900391817092896,0.720156192779541
gue_splice_reconstructed__bert-base-uncased__20260520T223812Z,2,2,0.0036410915199667215,0.010171881876885891,0.9861869812011719
gue_splice_reconstructed__bert-base-uncased__20260520T223812Z,2,2,0.0024437662214040756,0.00781191186979413,0.9897443652153015
gue_splice_reconstructed__bert-base-uncased__20260520T223812Z,0,0,0.9891392588615417,0.0010922516230493784,0.009768464602530003
gue_splice_reconstructed__bert-base-uncased__20260520T223812Z,2,2,0.0026757807936519384,0.010593256913125515,0.9867309331893921
gue_splice_reconstructed__bert-base-uncased__20260520T223812Z,0,0,0.9613401293754578,0.00027638275059871376,0.03838340565562248
gue_splice_reconstructed__bert-base-uncased__20260520T223812Z,2,2,0.006623847875744104,0.06625645607709885,0.9271197319030762
gue_splice_reconstructed__bert-base-uncased__20260520T223812Z,2,2,0.002517697401344776,0.007235568016767502,0.9902467727661133
gue_splice_reconstructed__bert-base-uncased__20260520T223812Z,2,2,0.0037641848903149366,0.013849728740751743,0.9823861122131348
gue_splice_reconstructed__bert-base-uncased__20260520T223812Z,2,2,0.003355259308591485,0.006323786452412605,0.9903209805488586
gue_splice_reconstructed__bert-base-uncased__20260520T223812Z,2,2,0.01606949418783188,0.0008487461600452662,0.9830817580223083
gue_splice_reconstructed__bert-base-uncased__20260520T223812Z,0,2,0.055876605212688446,0.001749516697600484,0.9423738718032837
gue_splice_reconstructed__bert-base-uncased__20260520T223812Z,0,0,0.9696957468986511,0.0002543328737374395,0.03004995733499527
gue_splice_reconstructed__bert-base-uncased__20260520T223812Z,1,1,0.0008434249903075397,0.5879198908805847,0.4112366735935211
gue_splice_reconstructed__bert-base-uncased__20260520T223812Z,1,1,0.00015551965043414384,0.973798394203186,0.026046056300401688
gue_splice_reconstructed__bert-base-uncased__20260520T223812Z,2,2,0.01010667160153389,0.008113011717796326,0.9817803502082825
gue_splice_reconstructed__bert-base-uncased__20260520T223812Z,2,1,0.00018164153152611107,0.9465972185134888,0.053221140056848526
gue_splice_reconstructed__bert-base-uncased__20260520T223812Z,2,1,0.00017484399722889066,0.9327806234359741,0.06704455614089966
gue_splice_reconstructed__bert-base-uncased__20260520T223812Z,2,2,0.002908841473981738,0.006964333355426788,0.9901268482208252
gue_splice_reconstructed__bert-base-uncased__20260520T223812Z,2,2,0.005072364583611488,0.039567433297634125,0.9553601741790771
gue_splice_reconstructed__bert-base-uncased__20260520T223812Z,2,2,0.002809653989970684,0.004668668378144503,0.9925217032432556
gue_splice_reconstructed__bert-base-uncased__20260520T223812Z,2,2,0.0023235396947711706,0.005667189136147499,0.9920092821121216
gue_splice_reconstructed__bert-base-uncased__20260520T223812Z,2,2,0.10027038305997849,0.0018741104286164045,0.8978554606437683
gue_splice_reconstructed__bert-base-uncased__20260520T223812Z,2,2,0.004291277378797531,0.00252024969086051,0.9931885004043579
gue_splice_reconstructed__bert-base-uncased__20260520T223812Z,2,2,0.003403754672035575,0.00366598810069263,0.9929302334785461
gue_splice_reconstructed__bert-base-uncased__20260520T223812Z,2,1,0.00019859021995216608,0.9875301122665405,0.012271353974938393
gue_splice_reconstructed__bert-base-uncased__20260520T223812Z,2,1,0.000586346781346947,0.568561315536499,0.43085232377052307
gue_splice_reconstructed__bert-base-uncased__20260520T223812Z,0,0,0.9701813459396362,0.0003567499516066164,0.02946190908551216
gue_splice_reconstructed__bert-base-uncased__20260520T223812Z,2,2,0.0026119861286133528,0.005545798223465681,0.9918422698974609
gue_splice_reconstructed__bert-base-uncased__20260520T223812Z,2,2,0.07051849365234375,0.001602513249963522,0.9278790354728699
gue_splice_reconstructed__bert-base-uncased__20260520T223812Z,2,2,0.0017062657279893756,0.010340468026697636,0.9879531860351562
gue_splice_reconstructed__bert-base-uncased__20260520T223812Z,1,1,0.0001770632661646232,0.9708061814308167,0.02901674062013626
gue_splice_reconstructed__bert-base-uncased__20260520T223812Z,2,1,0.00031662153196521103,0.826449990272522,0.17323333024978638
gue_splice_reconstructed__bert-base-uncased__20260520T223812Z,0,0,0.9851241707801819,0.0004378047015052289,0.014438053593039513
gue_splice_reconstructed__bert-base-uncased__20260520T223812Z,2,1,0.0005186392227187753,0.6571973562240601,0.3422839343547821
gue_splice_reconstructed__bert-base-uncased__20260520T223812Z,1,1,0.0003355564549565315,0.9944359064102173,0.005228522699326277
gue_splice_reconstructed__bert-base-uncased__20260520T223812Z,2,2,0.007407681550830603,0.0013075335882604122,0.9912848472595215
gue_splice_reconstructed__bert-base-uncased__20260520T223812Z,2,2,0.0028162673115730286,0.013916407711803913,0.9832673668861389
gue_splice_reconstructed__bert-base-uncased__20260520T223812Z,0,2,0.14714579284191132,0.0011125541059300303,0.8517416715621948
gue_splice_reconstructed__bert-base-uncased__20260520T223812Z,1,1,0.00022248974710237235,0.9917484521865845,0.008029026910662651
gue_splice_reconstructed__bert-base-uncased__20260520T223812Z,1,1,0.00016271756612695754,0.9836714863777161,0.016165729612112045
gue_splice_reconstructed__bert-base-uncased__20260520T223812Z,1,2,0.001477987738326192,0.27647677063941956,0.7220452427864075
gue_splice_reconstructed__bert-base-uncased__20260520T223812Z,2,2,0.04739617928862572,0.00127957365475595,0.9513242840766907
gue_splice_reconstructed__bert-base-uncased__20260520T223812Z,0,0,0.8555768728256226,0.0006017039413563907,0.14382149279117584
gue_splice_reconstructed__bert-base-uncased__20260520T223812Z,2,2,0.005376975983381271,0.0014786216197535396,0.9931443929672241
gue_splice_reconstructed__bert-base-uncased__20260520T223812Z,1,1,0.0003991610719822347,0.9941839575767517,0.005416879430413246
gue_splice_reconstructed__bert-base-uncased__20260520T223812Z,1,1,0.0003022509627044201,0.913400411605835,0.08629738539457321
gue_splice_reconstructed__bert-base-uncased__20260520T223812Z,2,2,0.0033081495203077793,0.006834442261606455,0.9898574352264404
gue_splice_reconstructed__bert-base-uncased__20260520T223812Z,1,1,0.0002513330546207726,0.9886766672134399,0.011072048917412758
gue_splice_reconstructed__bert-base-uncased__20260520T223812Z,2,2,0.16182531416416168,0.0009669585269875824,0.8372077345848083
gue_splice_reconstructed__bert-base-uncased__20260520T223812Z,2,2,0.002546590520069003,0.009443270042538643,0.9880101084709167
gue_splice_reconstructed__bert-base-uncased__20260520T223812Z,0,0,0.8734604716300964,0.00021312071476131678,0.12632641196250916
gue_splice_reconstructed__bert-base-uncased__20260520T223812Z,2,2,0.0027201848570257425,0.005860751960426569,0.9914190769195557
gue_splice_reconstructed__bert-base-uncased__20260520T223812Z,2,2,0.01799406297504902,0.02512909285724163,0.956876814365387
gue_splice_reconstructed__bert-base-uncased__20260520T223812Z,2,2,0.002943698549643159,0.006738192867487669,0.9903180599212646
gue_splice_reconstructed__bert-base-uncased__20260520T223812Z,2,0,0.6722268462181091,0.0011143287410959601,0.32665878534317017
gue_splice_reconstructed__bert-base-uncased__20260520T223812Z,2,2,0.05336018279194832,0.0013273124350234866,0.9453125596046448
gue_splice_reconstructed__bert-base-uncased__20260520T223812Z,0,0,0.9803963899612427,0.00026118880487047136,0.019342366605997086
gue_splice_reconstructed__bert-base-uncased__20260520T223812Z,2,2,0.038337040692567825,0.0013669118052348495,0.960296094417572
gue_splice_reconstructed__bert-base-uncased__20260520T223812Z,2,2,0.2252294421195984,0.0015857616672292352,0.7731847763061523
gue_splice_reconstructed__bert-base-uncased__20260520T223812Z,2,2,0.002241619396954775,0.0064800092950463295,0.991278350353241
gue_splice_reconstructed__bert-base-uncased__20260520T223812Z,2,2,0.0014142554719001055,0.03182884305715561,0.9667569398880005
gue_splice_reconstructed__bert-base-uncased__20260520T223812Z,2,2,0.0032636404503136873,0.0048186397179961205,0.9919176697731018
gue_splice_reconstructed__bert-base-uncased__20260520T223812Z,0,0,0.977893054485321,0.00017835582548286766,0.02192862518131733
gue_splice_reconstructed__bert-base-uncased__20260520T223812Z,0,2,0.2967231273651123,0.007284641731530428,0.6959922313690186
gue_splice_reconstructed__bert-base-uncased__20260520T223812Z,1,1,0.00046920415479689837,0.9937501549720764,0.005780633073300123
gue_splice_reconstructed__bert-base-uncased__20260520T223812Z,2,0,0.8482637405395508,0.00024387358280364424,0.15149237215518951
gue_splice_reconstructed__bert-base-uncased__20260520T223812Z,1,1,0.0002515935630071908,0.9935750365257263,0.006173431873321533
gue_splice_reconstructed__bert-base-uncased__20260520T223812Z,2,2,0.05817273259162903,0.0014758326578885317,0.9403514266014099
gue_splice_reconstructed__bert-base-uncased__20260520T223812Z,2,2,0.0015308971051126719,0.028731178492307663,0.9697378873825073
gue_splice_reconstructed__bert-base-uncased__20260520T223812Z,0,0,0.6626759171485901,0.0005108483019284904,0.33681315183639526
gue_splice_reconstructed__bert-base-uncased__20260520T223812Z,1,1,0.00025891122641041875,0.9737473130226135,0.025993870571255684
gue_splice_reconstructed__bert-base-uncased__20260520T223812Z,0,2,0.20909593999385834,0.00677740341052413,0.7841266393661499
gue_splice_reconstructed__bert-base-uncased__20260520T223812Z,1,1,0.0003028004430234432,0.9932891726493835,0.006408112123608589
gue_splice_reconstructed__bert-base-uncased__20260520T223812Z,0,0,0.9919065237045288,0.00024727702839300036,0.007846198976039886
gue_splice_reconstructed__bert-base-uncased__20260520T223812Z,1,1,0.00019053435244131833,0.9813727140426636,0.018436694517731667
gue_splice_reconstructed__bert-base-uncased__20260520T223812Z,0,0,0.9912436008453369,0.0005050635663792491,0.008251426741480827
gue_splice_reconstructed__bert-base-uncased__20260520T223812Z,1,1,0.0001929775025928393,0.9728295207023621,0.02697751484811306
gue_splice_reconstructed__bert-base-uncased__20260520T223812Z,2,2,0.45843741297721863,0.0003352498169988394,0.5412273406982422
gue_splice_reconstructed__bert-base-uncased__20260520T223812Z,2,2,0.0025657210499048233,0.023160191252827644,0.9742740988731384
gue_splice_reconstructed__bert-base-uncased__20260520T223812Z,2,2,0.002571664983406663,0.005519157741218805,0.9919092059135437
gue_splice_reconstructed__bert-base-uncased__20260520T223812Z,2,2,0.0029579761903733015,0.019260192289948463,0.9777817726135254
gue_splice_reconstructed__bert-base-uncased__20260520T223812Z,1,1,0.00041237621917389333,0.8615319132804871,0.1380557417869568
gue_splice_reconstructed__bert-base-uncased__20260520T223812Z,0,0,0.9257757663726807,0.0002816685591824353,0.07394254952669144
gue_splice_reconstructed__bert-base-uncased__20260520T223812Z,2,2,0.0028860208112746477,0.15849736332893372,0.8386166095733643
gue_splice_reconstructed__bert-base-uncased__20260520T223812Z,0,2,0.27614453434944153,0.0005619506700895727,0.7232934832572937
gue_splice_reconstructed__bert-base-uncased__20260520T223812Z,2,2,0.003288602689281106,0.004985223524272442,0.9917261600494385
gue_splice_reconstructed__bert-base-uncased__20260520T223812Z,1,1,0.00028117644251324236,0.9934154748916626,0.006303407251834869
gue_splice_reconstructed__bert-base-uncased__20260520T223812Z,1,1,0.0003017777926288545,0.9938090443611145,0.005889240652322769
gue_splice_reconstructed__bert-base-uncased__20260520T223812Z,2,2,0.016537660732865334,0.0009500000160187483,0.982512354850769
gue_splice_reconstructed__bert-base-uncased__20260520T223812Z,2,2,0.002993062138557434,0.48171454668045044,0.5152924060821533
gue_splice_reconstructed__bert-base-uncased__20260520T223812Z,2,2,0.06395875662565231,0.001779060228727758,0.9342621564865112
gue_splice_reconstructed__bert-base-uncased__20260520T223812Z,1,1,0.0002283379581058398,0.9524227380752563,0.04734892398118973
gue_splice_reconstructed__bert-base-uncased__20260520T223812Z,0,0,0.9893669486045837,0.00028277860837988555,0.010350208729505539
gue_splice_reconstructed__bert-base-uncased__20260520T223812Z,2,2,0.0617748498916626,0.001748784794472158,0.9364764094352722
gue_splice_reconstructed__bert-base-uncased__20260520T223812Z,1,1,0.0006164150545373559,0.8713743090629578,0.12800930440425873
gue_splice_reconstructed__bert-base-uncased__20260520T223812Z,0,0,0.9922620058059692,0.0002557168190833181,0.0074822683818638325
gue_splice_reconstructed__bert-base-uncased__20260520T223812Z,1,1,0.00021946537890471518,0.9859399795532227,0.01384057104587555
gue_splice_reconstructed__bert-base-uncased__20260520T223812Z,1,1,0.00034211392630822957,0.9942591190338135,0.005398804787546396
gue_splice_reconstructed__bert-base-uncased__20260520T223812Z,2,2,0.0031747666653245687,0.007105705328285694,0.9897195100784302
gue_splice_reconstructed__bert-base-uncased__20260520T223812Z,2,0,0.7417922019958496,0.0003448109782766551,0.25786301493644714
gue_splice_reconstructed__bert-base-uncased__20260520T223812Z,2,2,0.32742053270339966,0.0014119282132014632,0.6711675524711609
gue_splice_reconstructed__bert-base-uncased__20260520T223812Z,1,1,0.00020906403369735926,0.9881384968757629,0.01165243610739708
gue_splice_reconstructed__bert-base-uncased__20260520T223812Z,1,1,0.00023837767366785556,0.9827154874801636,0.017046110704541206
gue_splice_reconstructed__bert-base-uncased__20260520T223812Z,2,2,0.0048438189551234245,0.0038807315286248922,0.991275429725647
gue_splice_reconstructed__bert-base-uncased__20260520T223812Z,1,1,0.00018517397984396666,0.9650059938430786,0.03480874374508858
gue_splice_reconstructed__bert-base-uncased__20260520T223812Z,2,2,0.003917793743312359,0.0050650532357394695,0.9910171031951904
gue_splice_reconstructed__bert-base-uncased__20260520T223812Z,1,1,0.00020019600924570113,0.9517844319343567,0.04801541939377785
gue_splice_reconstructed__bert-base-uncased__20260520T223812Z,2,2,0.013580099679529667,0.005119308829307556,0.9813005924224854
gue_splice_reconstructed__bert-base-uncased__20260520T223812Z,2,2,0.0052872467786073685,0.0037309571634978056,0.9909817576408386
gue_splice_reconstructed__bert-base-uncased__20260520T223812Z,2,2,0.12051178514957428,0.002397117903456092,0.877091109752655
gue_splice_reconstructed__bert-base-uncased__20260520T223812Z,2,2,0.000515370920766145,0.33354830741882324,0.665936291217804
gue_splice_reconstructed__bert-base-uncased__20260520T223812Z,2,2,0.002399229910224676,0.006728806532919407,0.9908719658851624
gue_splice_reconstructed__bert-base-uncased__20260520T223812Z,2,2,0.017071787267923355,0.003242337377741933,0.9796858429908752
gue_splice_reconstructed__bert-base-uncased__20260520T223812Z,2,2,0.006269081961363554,0.003310032654553652,0.9904208183288574
gue_splice_reconstructed__bert-base-uncased__20260520T223812Z,2,2,0.01217702403664589,0.10704909265041351,0.8807738423347473
gue_splice_reconstructed__bert-base-uncased__20260520T223812Z,1,2,0.007916598580777645,0.13751016557216644,0.8545732498168945
gue_splice_reconstructed__bert-base-uncased__20260520T223812Z,2,2,0.0014906126307323575,0.031897950917482376,0.9666114449501038
gue_splice_reconstructed__bert-base-uncased__20260520T223812Z,1,1,0.0002684204955585301,0.9842014908790588,0.01553014200180769
gue_splice_reconstructed__bert-base-uncased__20260520T223812Z,1,1,0.00018910934159066528,0.9721323847770691,0.02767844684422016
gue_splice_reconstructed__bert-base-uncased__20260520T223812Z,2,2,0.004802735056728125,0.005587615538388491,0.9896095991134644
gue_splice_reconstructed__bert-base-uncased__20260520T223812Z,0,0,0.9804096817970276,0.0001979299559025094,0.01939227618277073
gue_splice_reconstructed__bert-base-uncased__20260520T223812Z,2,2,0.004706216044723988,0.00451268395408988,0.9907811284065247
gue_splice_reconstructed__bert-base-uncased__20260520T223812Z,2,1,0.00021093424584250897,0.9930911064147949,0.006697933189570904
gue_splice_reconstructed__bert-base-uncased__20260520T223812Z,0,0,0.9905644655227661,0.00020632811356335878,0.009229193441569805
gue_splice_reconstructed__bert-base-uncased__20260520T223812Z,2,2,0.01110365055501461,0.005834095645695925,0.9830622673034668
gue_splice_reconstructed__bert-base-uncased__20260520T223812Z,0,0,0.7264364957809448,0.0005189282819628716,0.2730446457862854
gue_splice_reconstructed__bert-base-uncased__20260520T223812Z,0,0,0.9792088270187378,0.0007344982586801052,0.02005666308104992
gue_splice_reconstructed__bert-base-uncased__20260520T223812Z,2,2,0.0030939567368477583,0.005640861112624407,0.9912651181221008
gue_splice_reconstructed__bert-base-uncased__20260520T223812Z,1,1,0.0003058762813452631,0.9936280250549316,0.006066185887902975
gue_splice_reconstructed__bert-base-uncased__20260520T223812Z,2,2,0.22390098869800568,0.0006893548415973783,0.7754096388816833
gue_splice_reconstructed__bert-base-uncased__20260520T223812Z,1,1,0.0002601594605948776,0.9919108748435974,0.007829011417925358
gue_splice_reconstructed__bert-base-uncased__20260520T223812Z,0,0,0.9476577639579773,0.00021934701362624764,0.0521228201687336
gue_splice_reconstructed__bert-base-uncased__20260520T223812Z,2,2,0.0013154990738257766,0.294233113527298,0.704451322555542
gue_splice_reconstructed__bert-base-uncased__20260520T223812Z,1,1,0.0004165529098827392,0.9958086013793945,0.0037748469039797783
gue_splice_reconstructed__bert-base-uncased__20260520T223812Z,1,1,0.0003309246676508337,0.9942096471786499,0.005459505598992109
gue_splice_reconstructed__bert-base-uncased__20260520T223812Z,2,2,0.10377874970436096,0.0010218920651823282,0.8951993584632874
gue_splice_reconstructed__bert-base-uncased__20260520T223812Z,2,2,0.004268322139978409,0.003020788077265024,0.9927109479904175
gue_splice_reconstructed__bert-base-uncased__20260520T223812Z,1,1,0.00032435261528007686,0.8532700538635254,0.14640559256076813
gue_splice_reconstructed__bert-base-uncased__20260520T223812Z,0,0,0.9930630326271057,0.00022940812050364912,0.006707562133669853
gue_splice_reconstructed__bert-base-uncased__20260520T223812Z,2,2,0.0036963813472539186,0.0068053281866014,0.9894982576370239
gue_splice_reconstructed__bert-base-uncased__20260520T223812Z,1,1,0.0011750358389690518,0.7033326625823975,0.2954922020435333
gue_splice_reconstructed__bert-base-uncased__20260520T223812Z,2,2,0.014361000619828701,0.01742447167634964,0.9682145714759827
gue_splice_reconstructed__bert-base-uncased__20260520T223812Z,1,1,0.0002952960494440049,0.9935821890830994,0.006122443825006485
gue_splice_reconstructed__bert-base-uncased__20260520T223812Z,2,2,0.012677830643951893,0.0035273891407996416,0.9837948083877563
gue_splice_reconstructed__bert-base-uncased__20260520T223812Z,2,2,0.05458534508943558,0.0040791695937514305,0.9413354992866516
gue_splice_reconstructed__bert-base-uncased__20260520T223812Z,2,2,0.003007618011906743,0.004740898031741381,0.992251455783844
gue_splice_reconstructed__bert-base-uncased__20260520T223812Z,1,1,0.00035355539876036346,0.9939542412757874,0.005692180711776018
gue_splice_reconstructed__bert-base-uncased__20260520T223812Z,1,1,0.00029085096321068704,0.9920973777770996,0.007611833978444338
gue_splice_reconstructed__bert-base-uncased__20260520T223812Z,2,1,0.00021165699581615627,0.9198079705238342,0.07998043298721313
gue_splice_reconstructed__bert-base-uncased__20260520T223812Z,2,2,0.01401390228420496,0.006409769877791405,0.9795763492584229
gue_splice_reconstructed__bert-base-uncased__20260520T223812Z,2,2,0.0035628939513117075,0.004678764846175909,0.9917582869529724
gue_splice_reconstructed__bert-base-uncased__20260520T223812Z,2,2,0.0027431126218289137,0.00526173273101449,0.9919952154159546
gue_splice_reconstructed__bert-base-uncased__20260520T223812Z,1,2,0.0006681712693534791,0.4253208339214325,0.574010968208313
gue_splice_reconstructed__bert-base-uncased__20260520T223812Z,1,1,0.00019727993640117347,0.9887086749076843,0.011094055138528347
gue_splice_reconstructed__bert-base-uncased__20260520T223812Z,1,1,0.0006214632885530591,0.6566901206970215,0.3426884114742279
gue_splice_reconstructed__bert-base-uncased__20260520T223812Z,2,2,0.003287132130935788,0.005430159624665976,0.9912827014923096
gue_splice_reconstructed__bert-base-uncased__20260520T223812Z,0,0,0.9892075657844543,0.00041866928222589195,0.010373838245868683
gue_splice_reconstructed__bert-base-uncased__20260520T223812Z,0,0,0.8221464157104492,0.00022554100723937154,0.1776280701160431
gue_splice_reconstructed__bert-base-uncased__20260520T223812Z,2,1,0.0020926231518387794,0.6836736798286438,0.3142337203025818
gue_splice_reconstructed__bert-base-uncased__20260520T223812Z,2,1,0.0003957836888730526,0.9915649890899658,0.008039308711886406
gue_splice_reconstructed__bert-base-uncased__20260520T223812Z,1,1,0.00016727439651731402,0.9499520659446716,0.049880702048540115
gue_splice_reconstructed__bert-base-uncased__20260520T223812Z,0,0,0.9879997372627258,0.0003053340769838542,0.011694972403347492
gue_splice_reconstructed__bert-base-uncased__20260520T223812Z,2,0,0.9034454226493835,0.00030366468126885593,0.09625085443258286
gue_splice_reconstructed__bert-base-uncased__20260520T223812Z,0,0,0.9382985830307007,0.00017553511133883148,0.061525940895080566
gue_splice_reconstructed__bert-base-uncased__20260520T223812Z,1,1,0.0003117368323728442,0.8184815645217896,0.18120670318603516
gue_splice_reconstructed__bert-base-uncased__20260520T223812Z,2,2,0.003387568285688758,0.004536267835646868,0.9920761585235596
gue_splice_reconstructed__bert-base-uncased__20260520T223812Z,0,0,0.9903542995452881,0.00020548011525534093,0.009440288878977299
gue_splice_reconstructed__bert-base-uncased__20260520T223812Z,2,2,0.002369735622778535,0.005466922651976347,0.9921633005142212
gue_splice_reconstructed__bert-base-uncased__20260520T223812Z,1,2,0.008209197781980038,0.15279287099838257,0.8389979600906372
gue_splice_reconstructed__bert-base-uncased__20260520T223812Z,2,2,0.0033850762993097305,0.005268571432679892,0.9913462996482849
gue_splice_reconstructed__bert-base-uncased__20260520T223812Z,2,2,0.002559024840593338,0.004606723785400391,0.9928343296051025
gue_splice_reconstructed__bert-base-uncased__20260520T223812Z,2,2,0.03446384146809578,0.002128128195181489,0.9634080529212952
gue_splice_reconstructed__bert-base-uncased__20260520T223812Z,2,2,0.0009478289866819978,0.028311533853411674,0.9707406759262085
gue_splice_reconstructed__bert-base-uncased__20260520T223812Z,2,0,0.8841636776924133,0.00031144588137976825,0.11552487313747406
gue_splice_reconstructed__bert-base-uncased__20260520T223812Z,2,2,0.018567612394690514,0.0026958975940942764,0.9787365198135376
gue_splice_reconstructed__bert-base-uncased__20260520T223812Z,2,2,0.026720762252807617,0.0028620955999940634,0.9704171419143677
gue_splice_reconstructed__bert-base-uncased__20260520T223812Z,2,2,0.00337433535605669,0.010353163816034794,0.9862725734710693
gue_splice_reconstructed__bert-base-uncased__20260520T223812Z,1,1,0.0003399888810236007,0.9938898086547852,0.005770163610577583
gue_splice_reconstructed__bert-base-uncased__20260520T223812Z,2,2,0.031188687309622765,0.0018702845554798841,0.9669410586357117
gue_splice_reconstructed__bert-base-uncased__20260520T223812Z,2,2,0.011461423709988594,0.00598105089738965,0.982557475566864
gue_splice_reconstructed__bert-base-uncased__20260520T223812Z,0,0,0.5002812147140503,0.00041375309228897095,0.49930503964424133
gue_splice_reconstructed__bert-base-uncased__20260520T223812Z,2,2,0.002231363207101822,0.00909646786749363,0.988672137260437
gue_splice_reconstructed__bert-base-uncased__20260520T223812Z,2,2,0.02369878441095352,0.003889555111527443,0.9724116325378418
gue_splice_reconstructed__bert-base-uncased__20260520T223812Z,0,0,0.9586650729179382,0.0001897966576507315,0.04114507883787155
gue_splice_reconstructed__bert-base-uncased__20260520T223812Z,1,1,0.000554140075109899,0.8469938635826111,0.15245197713375092
gue_splice_reconstructed__bert-base-uncased__20260520T223812Z,2,2,0.0016230075852945447,0.019285980612039566,0.9790909886360168
gue_splice_reconstructed__bert-base-uncased__20260520T223812Z,2,2,0.005736071616411209,0.035240791738033295,0.959023118019104
gue_splice_reconstructed__bert-base-uncased__20260520T223812Z,0,0,0.9803903698921204,0.0001940978254424408,0.01941557787358761
gue_splice_reconstructed__bert-base-uncased__20260520T223812Z,2,2,0.0026909573934972286,0.010778918862342834,0.9865301847457886
gue_splice_reconstructed__bert-base-uncased__20260520T223812Z,2,2,0.0023606689646840096,0.005403624847531319,0.9922357201576233
gue_splice_reconstructed__bert-base-uncased__20260520T223812Z,2,2,0.007318268530070782,0.0018181067425757647,0.9908636212348938
gue_splice_reconstructed__bert-base-uncased__20260520T223812Z,1,1,0.00021324283443391323,0.9768799543380737,0.02290680818259716
gue_splice_reconstructed__bert-base-uncased__20260520T223812Z,1,1,0.0005890461034141481,0.8863885998725891,0.11302229762077332
gue_splice_reconstructed__bert-base-uncased__20260520T223812Z,1,1,0.00016061145288404077,0.9690449237823486,0.030794508755207062
gue_splice_reconstructed__bert-base-uncased__20260520T223812Z,1,1,0.000336119846906513,0.9941617846488953,0.005502060055732727
gue_splice_reconstructed__bert-base-uncased__20260520T223812Z,2,2,0.0030398222152143717,0.007702050264924765,0.9892581105232239
gue_splice_reconstructed__bert-base-uncased__20260520T223812Z,2,2,0.001912347157485783,0.01325488742440939,0.9848328232765198
gue_splice_reconstructed__bert-base-uncased__20260520T223812Z,1,1,0.0002514637599233538,0.989190936088562,0.010557623580098152
gue_splice_reconstructed__bert-base-uncased__20260520T223812Z,2,2,0.0034888600930571556,0.0042704688385128975,0.9922406673431396
gue_splice_reconstructed__bert-base-uncased__20260520T223812Z,1,1,0.00019585005065891892,0.989240825176239,0.010563313961029053
gue_splice_reconstructed__bert-base-uncased__20260520T223812Z,1,1,0.0002724490186665207,0.9931364059448242,0.006591171957552433
gue_splice_reconstructed__bert-base-uncased__20260520T223812Z,2,2,0.0028436672873795033,0.006259854417294264,0.9908965229988098
gue_splice_reconstructed__bert-base-uncased__20260520T223812Z,1,1,0.00023524058633483946,0.9850547313690186,0.01471010409295559
gue_splice_reconstructed__bert-base-uncased__20260520T223812Z,1,1,0.0003064649645239115,0.9935978651046753,0.006095693446695805
gue_splice_reconstructed__bert-base-uncased__20260520T223812Z,1,1,0.00029252481181174517,0.9785075187683105,0.021199917420744896
gue_splice_reconstructed__bert-base-uncased__20260520T223812Z,2,2,0.16752345860004425,0.002646330976858735,0.8298301696777344
gue_splice_reconstructed__bert-base-uncased__20260520T223812Z,2,2,0.031295616179704666,0.0027027216274291277,0.9660016894340515
gue_splice_reconstructed__bert-base-uncased__20260520T223812Z,2,2,0.03658459708094597,0.001628945698030293,0.9617864489555359
gue_splice_reconstructed__bert-base-uncased__20260520T223812Z,2,2,0.15040239691734314,0.0008319763001054525,0.8487656116485596
gue_splice_reconstructed__bert-base-uncased__20260520T223812Z,0,2,0.18925073742866516,0.0030056522227823734,0.8077436089515686
gue_splice_reconstructed__bert-base-uncased__20260520T223812Z,2,1,0.0005931060877628624,0.5055590867996216,0.4938478171825409
gue_splice_reconstructed__bert-base-uncased__20260520T223812Z,1,1,0.00021628763352055103,0.9908283948898315,0.008955273777246475
gue_splice_reconstructed__bert-base-uncased__20260520T223812Z,0,0,0.9823967218399048,0.0002829886507242918,0.017320292070508003
gue_splice_reconstructed__bert-base-uncased__20260520T223812Z,1,1,0.00030695684836246073,0.9932506680488586,0.006442375015467405
gue_splice_reconstructed__bert-base-uncased__20260520T223812Z,1,1,0.0002256691368529573,0.8688530921936035,0.13092122972011566
gue_splice_reconstructed__bert-base-uncased__20260520T223812Z,2,2,0.0037016577553004026,0.0034503242932260036,0.9928480386734009
gue_splice_reconstructed__bert-base-uncased__20260520T223812Z,2,2,0.003163415938615799,0.00679577374830842,0.9900408387184143
gue_splice_reconstructed__bert-base-uncased__20260520T223812Z,1,1,0.0021229134872555733,0.6605176329612732,0.3373594284057617
gue_splice_reconstructed__bert-base-uncased__20260520T223812Z,1,1,0.0003853025264106691,0.994005024433136,0.0056096939370036125
gue_splice_reconstructed__bert-base-uncased__20260520T223812Z,2,2,0.0026329217944294214,0.007291059009730816,0.9900760054588318
gue_splice_reconstructed__bert-base-uncased__20260520T223812Z,2,2,0.002863978734239936,0.004992196336388588,0.9921438694000244
gue_splice_reconstructed__bert-base-uncased__20260520T223812Z,1,1,0.00020830577705055475,0.9845545887947083,0.015237085521221161
gue_splice_reconstructed__bert-base-uncased__20260520T223812Z,2,2,0.0033007923047989607,0.005177683662623167,0.9915214776992798
gue_splice_reconstructed__bert-base-uncased__20260520T223812Z,1,1,0.0002267510280944407,0.9911935925483704,0.008579691872000694
gue_splice_reconstructed__bert-base-uncased__20260520T223812Z,2,2,0.0007690596976317465,0.3688037693500519,0.6304271221160889
gue_splice_reconstructed__bert-base-uncased__20260520T223812Z,1,2,0.003103506751358509,0.2637272775173187,0.7331691980361938
gue_splice_reconstructed__bert-base-uncased__20260520T223812Z,1,1,0.0002949177869595587,0.967431366443634,0.03227373957633972
gue_splice_reconstructed__bert-base-uncased__20260520T223812Z,0,0,0.9886407852172852,0.00017545235459692776,0.01118371170014143
gue_splice_reconstructed__bert-base-uncased__20260520T223812Z,0,0,0.9795053005218506,0.00019544355745892972,0.02029922790825367
gue_splice_reconstructed__bert-base-uncased__20260520T223812Z,1,1,0.0006370713817887008,0.8361549973487854,0.16320791840553284
gue_splice_reconstructed__bert-base-uncased__20260520T223812Z,2,2,0.0037382934242486954,0.0033314074389636517,0.9929303526878357
gue_splice_reconstructed__bert-base-uncased__20260520T223812Z,0,0,0.9679775834083557,0.00020005437545478344,0.03182237967848778
gue_splice_reconstructed__bert-base-uncased__20260520T223812Z,0,2,0.05038314312696457,0.0015532647958025336,0.9480636119842529
gue_splice_reconstructed__bert-base-uncased__20260520T223812Z,2,2,0.005852904636412859,0.002119781682267785,0.9920273423194885
gue_splice_reconstructed__bert-base-uncased__20260520T223812Z,2,2,0.0032528135925531387,0.004250762984156609,0.9924964904785156
gue_splice_reconstructed__bert-base-uncased__20260520T223812Z,1,1,0.00020110676996409893,0.9807016253471375,0.019097309559583664
gue_splice_reconstructed__bert-base-uncased__20260520T223812Z,2,2,0.4924672544002533,0.000424343190388754,0.5071083903312683
gue_splice_reconstructed__bert-base-uncased__20260520T223812Z,2,2,0.013849998824298382,0.000862360349856317,0.9852876663208008
gue_splice_reconstructed__bert-base-uncased__20260520T223812Z,2,2,0.10687585175037384,0.0008814528700895607,0.8922426700592041
gue_splice_reconstructed__bert-base-uncased__20260520T223812Z,0,0,0.9791863560676575,0.0014549961779266596,0.019358623772859573
gue_splice_reconstructed__bert-base-uncased__20260520T223812Z,2,2,0.00319401896558702,0.006901837885379791,0.9899041056632996
gue_splice_reconstructed__bert-base-uncased__20260520T223812Z,1,1,0.00023950677132233977,0.9912346601486206,0.008525758050382137
gue_splice_reconstructed__bert-base-uncased__20260520T223812Z,0,0,0.9933611154556274,0.0002677622833289206,0.0063711367547512054
gue_splice_reconstructed__bert-base-uncased__20260520T223812Z,2,2,0.045278243720531464,0.0017554135993123055,0.9529663324356079
gue_splice_reconstructed__bert-base-uncased__20260520T223812Z,2,2,0.003060603281483054,0.006737403105944395,0.990202009677887
gue_splice_reconstructed__bert-base-uncased__20260520T223812Z,2,2,0.03448069468140602,0.0023458676878362894,0.9631734490394592
gue_splice_reconstructed__bert-base-uncased__20260520T223812Z,2,2,0.10113172978162766,0.0010051088174805045,0.8978631496429443
gue_splice_reconstructed__bert-base-uncased__20260520T223812Z,0,0,0.9836437106132507,0.00031241471879184246,0.016043880954384804
gue_splice_reconstructed__bert-base-uncased__20260520T223812Z,2,2,0.0019020914332941175,0.008933686651289463,0.9891641736030579
gue_splice_reconstructed__bert-base-uncased__20260520T223812Z,2,2,0.0030964105390012264,0.004852346144616604,0.9920513033866882
gue_splice_reconstructed__bert-base-uncased__20260520T223812Z,2,2,0.1552821397781372,0.0011615274706855416,0.84355628490448
gue_splice_reconstructed__bert-base-uncased__20260520T223812Z,2,2,0.03550559654831886,0.0022670277394354343,0.9622274041175842
gue_splice_reconstructed__bert-base-uncased__20260520T223812Z,1,1,0.0002801658702082932,0.9917802214622498,0.007939615286886692
gue_splice_reconstructed__bert-base-uncased__20260520T223812Z,2,2,0.003443750785663724,0.11345817893743515,0.8830981254577637
gue_splice_reconstructed__bert-base-uncased__20260520T223812Z,2,1,0.0005534642841666937,0.5724058151245117,0.4270407259464264
gue_splice_reconstructed__bert-base-uncased__20260520T223812Z,0,0,0.97194504737854,0.00020563793077599257,0.027849335223436356
gue_splice_reconstructed__bert-base-uncased__20260520T223812Z,1,1,0.0003321637341286987,0.9940415024757385,0.005626359023153782
gue_splice_reconstructed__bert-base-uncased__20260520T223812Z,0,2,0.0734245702624321,0.002672205213457346,0.923903226852417
gue_splice_reconstructed__bert-base-uncased__20260520T223812Z,1,1,0.0002883642737288028,0.9797805547714233,0.019931046292185783
gue_splice_reconstructed__bert-base-uncased__20260520T223812Z,2,2,0.0025457132142037153,0.005918960552662611,0.9915353059768677
gue_splice_reconstructed__bert-base-uncased__20260520T223812Z,2,2,0.0022380626760423183,0.038506437093019485,0.9592555165290833
gue_splice_reconstructed__bert-base-uncased__20260520T223812Z,1,1,0.00023026319104246795,0.967985987663269,0.03178383782505989
gue_splice_reconstructed__bert-base-uncased__20260520T223812Z,1,1,0.00043902811012230814,0.9956249594688416,0.00393600994721055
gue_splice_reconstructed__bert-base-uncased__20260520T223812Z,2,2,0.00162738177459687,0.04684745892882347,0.9515252113342285
gue_splice_reconstructed__bert-base-uncased__20260520T223812Z,2,2,0.06293227523565292,0.0009266285342164338,0.9361411333084106
gue_splice_reconstructed__bert-base-uncased__20260520T223812Z,2,2,0.0024466628674417734,0.012425178661942482,0.9851282238960266
gue_splice_reconstructed__bert-base-uncased__20260520T223812Z,0,0,0.9901622533798218,0.0002857831714209169,0.009552046656608582
gue_splice_reconstructed__bert-base-uncased__20260520T223812Z,2,2,0.0040101297199726105,0.005114029627293348,0.9908758401870728
gue_splice_reconstructed__bert-base-uncased__20260520T223812Z,2,2,0.0030721831135451794,0.004918932449072599,0.9920089244842529
gue_splice_reconstructed__bert-base-uncased__20260520T223812Z,2,2,0.013657405972480774,0.0009003638406284153,0.9854422807693481
gue_splice_reconstructed__bert-base-uncased__20260520T223812Z,2,2,0.0024776682257652283,0.005738292820751667,0.9917840957641602
gue_splice_reconstructed__bert-base-uncased__20260520T223812Z,2,2,0.0011115986853837967,0.02890041284263134,0.9699879288673401
gue_splice_reconstructed__bert-base-uncased__20260520T223812Z,2,2,0.0019859187304973602,0.31806424260139465,0.6799498796463013
gue_splice_reconstructed__bert-base-uncased__20260520T223812Z,1,1,0.0005283001810312271,0.9078944325447083,0.09157723933458328
gue_splice_reconstructed__bert-base-uncased__20260520T223812Z,1,1,0.001216217060573399,0.7351261973381042,0.26365765929222107
gue_splice_reconstructed__bert-base-uncased__20260520T223812Z,2,2,0.0560685470700264,0.0015469788340851665,0.9423844814300537
gue_splice_reconstructed__bert-base-uncased__20260520T223812Z,2,2,0.010132894851267338,0.0016867746599018574,0.9881802797317505
gue_splice_reconstructed__bert-base-uncased__20260520T223812Z,1,1,0.00023685696942266077,0.9918232560157776,0.0079399598762393
gue_splice_reconstructed__bert-base-uncased__20260520T223812Z,2,1,0.0004952456220053136,0.5367754101753235,0.4627293050289154
gue_splice_reconstructed__bert-base-uncased__20260520T223812Z,0,0,0.9633926153182983,0.0004460726340766996,0.036161329597234726
gue_splice_reconstructed__bert-base-uncased__20260520T223812Z,0,0,0.8002071380615234,0.00041092350147664547,0.19938191771507263
gue_splice_reconstructed__bert-base-uncased__20260520T223812Z,0,0,0.7782598733901978,0.0002839505614247173,0.2214561253786087
gue_splice_reconstructed__bert-base-uncased__20260520T223812Z,0,0,0.978431761264801,0.00028965953970327973,0.02127864398062229
gue_splice_reconstructed__bert-base-uncased__20260520T223812Z,2,1,0.00019586324924603105,0.9514076709747314,0.04839647561311722
gue_splice_reconstructed__bert-base-uncased__20260520T223812Z,0,0,0.8924288153648376,0.0007252146024256945,0.10684596002101898
gue_splice_reconstructed__bert-base-uncased__20260520T223812Z,0,0,0.9934067726135254,0.0002806253614835441,0.006312592886388302
gue_splice_reconstructed__bert-base-uncased__20260520T223812Z,2,2,0.003273307578638196,0.003811964998021722,0.9929146766662598
gue_splice_reconstructed__bert-base-uncased__20260520T223812Z,1,1,0.00018131070828530937,0.9786821603775024,0.021136509254574776
gue_splice_reconstructed__bert-base-uncased__20260520T223812Z,2,2,0.003037142101675272,0.0047086128033697605,0.9922542572021484
gue_splice_reconstructed__bert-base-uncased__20260520T223812Z,2,1,0.00037120614433661103,0.7560767531394958,0.24355198442935944
gue_splice_reconstructed__bert-base-uncased__20260520T223812Z,2,2,0.008930295705795288,0.005173508543521166,0.9858961701393127
gue_splice_reconstructed__bert-base-uncased__20260520T223812Z,0,0,0.8486015796661377,0.0002891570620704442,0.15110936760902405
gue_splice_reconstructed__bert-base-uncased__20260520T223812Z,2,1,0.00019240498659200966,0.9586432576179504,0.04116423428058624
gue_splice_reconstructed__bert-base-uncased__20260520T223812Z,1,1,0.00023605438764207065,0.9731377363204956,0.026626121252775192
gue_splice_reconstructed__bert-base-uncased__20260520T223812Z,1,1,0.000299204170005396,0.9930617213249207,0.006639125756919384
gue_splice_reconstructed__bert-base-uncased__20260520T223812Z,2,2,0.18347540497779846,0.0006438670097850263,0.8158807158470154
gue_splice_reconstructed__bert-base-uncased__20260520T223812Z,1,2,0.002208905527368188,0.36216744780540466,0.6356236338615417
gue_splice_reconstructed__bert-base-uncased__20260520T223812Z,2,2,0.0045080906711518764,0.004752201959490776,0.9907397031784058
gue_splice_reconstructed__bert-base-uncased__20260520T223812Z,0,0,0.8381417393684387,0.0716443732380867,0.09021388739347458
gue_splice_reconstructed__bert-base-uncased__20260520T223812Z,2,1,0.00020555850642267615,0.9791897535324097,0.020604703575372696
gue_splice_reconstructed__bert-base-uncased__20260520T223812Z,0,0,0.9321359395980835,0.00020830094581469893,0.06765571236610413
gue_splice_reconstructed__bert-base-uncased__20260520T223812Z,2,2,0.05588625371456146,0.0022671998012810946,0.9418465495109558
gue_splice_reconstructed__bert-base-uncased__20260520T223812Z,2,2,0.00216706027276814,0.009105861186981201,0.9887270927429199
gue_splice_reconstructed__bert-base-uncased__20260520T223812Z,2,2,0.011636504903435707,0.0009735461790114641,0.9873899221420288
gue_splice_reconstructed__bert-base-uncased__20260520T223812Z,1,1,0.00018614961300045252,0.960662841796875,0.039151083678007126
gue_splice_reconstructed__bert-base-uncased__20260520T223812Z,2,2,0.004399105906486511,0.003951042424887419,0.991649866104126
gue_splice_reconstructed__bert-base-uncased__20260520T223812Z,2,2,0.002368805930018425,0.00585712818428874,0.9917741417884827
gue_splice_reconstructed__bert-base-uncased__20260520T223812Z,2,0,0.9085208177566528,0.00028519320767372847,0.09119405597448349
gue_splice_reconstructed__bert-base-uncased__20260520T223812Z,2,2,0.03304678946733475,0.002127101644873619,0.9648261070251465
gue_splice_reconstructed__bert-base-uncased__20260520T223812Z,2,2,0.0037043956108391285,0.02002577669918537,0.9762697815895081
gue_splice_reconstructed__bert-base-uncased__20260520T223812Z,2,2,0.0023630494251847267,0.012130160816013813,0.9855067729949951
gue_splice_reconstructed__bert-base-uncased__20260520T223812Z,2,2,0.019799284636974335,0.0026405768003314734,0.9775601625442505
gue_splice_reconstructed__bert-base-uncased__20260520T223812Z,0,0,0.9904078841209412,0.00034751015482470393,0.009244645945727825
gue_splice_reconstructed__bert-base-uncased__20260520T223812Z,2,2,0.014408922754228115,0.003653834806755185,0.9819372296333313
gue_splice_reconstructed__bert-base-uncased__20260520T223812Z,2,2,0.002219883492216468,0.0064801499247550964,0.9912999272346497
gue_splice_reconstructed__bert-base-uncased__20260520T223812Z,2,2,0.003420031862333417,0.023914238438010216,0.9726657867431641
gue_splice_reconstructed__bert-base-uncased__20260520T223812Z,2,2,0.03945716843008995,0.0020125159062445164,0.9585303664207458
gue_splice_reconstructed__bert-base-uncased__20260520T223812Z,0,0,0.9926823973655701,0.00022010474640410393,0.007097460329532623
gue_splice_reconstructed__bert-base-uncased__20260520T223812Z,2,2,0.0025075534358620644,0.0054396879859268665,0.9920527935028076
gue_splice_reconstructed__bert-base-uncased__20260520T223812Z,2,0,0.6720677614212036,0.00039260421181097627,0.32753968238830566
gue_splice_reconstructed__bert-base-uncased__20260520T223812Z,0,0,0.9741693139076233,0.0003471952222753316,0.025483479723334312
gue_splice_reconstructed__bert-base-uncased__20260520T223812Z,2,2,0.0021250646095722914,0.0072524650022387505,0.9906224608421326
gue_splice_reconstructed__bert-base-uncased__20260520T223812Z,2,2,0.0024795876815915108,0.022262785583734512,0.9752575755119324
gue_splice_reconstructed__bert-base-uncased__20260520T223812Z,2,2,0.0022629606537520885,0.012535792775452137,0.9852011799812317
gue_splice_reconstructed__bert-base-uncased__20260520T223812Z,2,1,0.00022583649842999876,0.9130070209503174,0.08676712960004807
gue_splice_reconstructed__bert-base-uncased__20260520T223812Z,2,1,0.0005043261917307973,0.7046177387237549,0.2948779761791229
gue_splice_reconstructed__bert-base-uncased__20260520T223812Z,2,2,0.19070932269096375,0.0008669237140566111,0.8084236979484558
gue_splice_reconstructed__bert-base-uncased__20260520T223812Z,2,2,0.00475061172619462,0.003873551730066538,0.9913758635520935
gue_splice_reconstructed__bert-base-uncased__20260520T223812Z,2,2,0.0013088635168969631,0.2496689409017563,0.7490221858024597
gue_splice_reconstructed__bert-base-uncased__20260520T223812Z,2,0,0.7666136622428894,0.0007212517666630447,0.23266512155532837
gue_splice_reconstructed__bert-base-uncased__20260520T223812Z,0,0,0.9197597503662109,0.00042008687159977853,0.0798201933503151
gue_splice_reconstructed__bert-base-uncased__20260520T223812Z,1,1,0.00025877845473587513,0.9943838119506836,0.005357462912797928
gue_splice_reconstructed__bert-base-uncased__20260520T223812Z,2,2,0.007375095505267382,0.169627845287323,0.8229970335960388
gue_splice_reconstructed__bert-base-uncased__20260520T223812Z,1,1,0.0005142329609952867,0.9352187514305115,0.06426698714494705
gue_splice_reconstructed__bert-base-uncased__20260520T223812Z,0,0,0.8916683197021484,0.013982700183987617,0.09434898942708969
gue_splice_reconstructed__bert-base-uncased__20260520T223812Z,2,2,0.002695037517696619,0.007347365841269493,0.9899576306343079
gue_splice_reconstructed__bert-base-uncased__20260520T223812Z,2,2,0.0026035120245069265,0.00683927396312356,0.9905571937561035
gue_splice_reconstructed__bert-base-uncased__20260520T223812Z,2,2,0.0035562862176448107,0.008456435054540634,0.9879872798919678
gue_splice_reconstructed__bert-base-uncased__20260520T223812Z,0,0,0.9935239553451538,0.0002605825720820576,0.006215457804501057
gue_splice_reconstructed__bert-base-uncased__20260520T223812Z,1,1,0.0003208160342182964,0.9944353103637695,0.0052438597194850445
gue_splice_reconstructed__bert-base-uncased__20260520T223812Z,2,1,0.0002877780352719128,0.991248607635498,0.008463661186397076
gue_splice_reconstructed__bert-base-uncased__20260520T223812Z,0,0,0.9272357225418091,0.00031471953843720257,0.07244961708784103
gue_splice_reconstructed__bert-base-uncased__20260520T223812Z,2,2,0.0034844272304326296,0.005535569041967392,0.9909799695014954
gue_splice_reconstructed__bert-base-uncased__20260520T223812Z,1,1,0.0001880777272162959,0.9878256916999817,0.01198628544807434
gue_splice_reconstructed__bert-base-uncased__20260520T223812Z,0,0,0.9928815364837646,0.00030985396006144583,0.006808619946241379
gue_splice_reconstructed__bert-base-uncased__20260520T223812Z,2,2,0.00098877411801368,0.060608383268117905,0.9384028315544128
gue_splice_reconstructed__bert-base-uncased__20260520T223812Z,1,1,0.0003099007881246507,0.9930316209793091,0.006658403668552637
gue_splice_reconstructed__bert-base-uncased__20260520T223812Z,2,2,0.027583368122577667,0.0017296618316322565,0.9706869721412659
gue_splice_reconstructed__bert-base-uncased__20260520T223812Z,2,2,0.0597725510597229,0.03664543107151985,0.9035820364952087
gue_splice_reconstructed__bert-base-uncased__20260520T223812Z,1,1,0.00017206162738148123,0.9848026633262634,0.015025257132947445
gue_splice_reconstructed__bert-base-uncased__20260520T223812Z,2,2,0.13916964828968048,0.0016265723388642073,0.8592038154602051
gue_splice_reconstructed__bert-base-uncased__20260520T223812Z,2,2,0.0012447073822841048,0.15121537446975708,0.8475399613380432
gue_splice_reconstructed__bert-base-uncased__20260520T223812Z,2,1,0.00047416184679605067,0.8674103021621704,0.1321154534816742
gue_splice_reconstructed__bert-base-uncased__20260520T223812Z,0,0,0.95811527967453,0.00017680847668088973,0.04170791059732437
gue_splice_reconstructed__bert-base-uncased__20260520T223812Z,2,2,0.01740640215575695,0.0006312480545602739,0.9819623827934265
gue_splice_reconstructed__bert-base-uncased__20260520T223812Z,1,1,0.0002206252538599074,0.9439170956611633,0.05586231127381325
gue_splice_reconstructed__bert-base-uncased__20260520T223812Z,2,2,0.002786491997539997,0.00902129802852869,0.9881922602653503
gue_splice_reconstructed__bert-base-uncased__20260520T223812Z,2,2,0.0010317203123122454,0.07733310014009476,0.9216351509094238
gue_splice_reconstructed__bert-base-uncased__20260520T223812Z,2,2,0.00306206033565104,0.0062645599246025085,0.9906733632087708
gue_splice_reconstructed__bert-base-uncased__20260520T223812Z,2,2,0.06668686121702194,0.001650425954721868,0.9316626787185669
gue_splice_reconstructed__bert-base-uncased__20260520T223812Z,1,1,0.0002131029323209077,0.9916125535964966,0.00817427970468998
gue_splice_reconstructed__bert-base-uncased__20260520T223812Z,1,1,0.0019318951526656747,0.7947540879249573,0.20331399142742157
gue_splice_reconstructed__bert-base-uncased__20260520T223812Z,1,1,0.00016515637980774045,0.9733834862709045,0.02645140513777733
gue_splice_reconstructed__bert-base-uncased__20260520T223812Z,0,2,0.4689619243144989,0.0006714561604894698,0.5303665995597839
gue_splice_reconstructed__bert-base-uncased__20260520T223812Z,2,2,0.006523508578538895,0.0013740946305915713,0.9921024441719055
gue_splice_reconstructed__bert-base-uncased__20260520T223812Z,2,2,0.010555827990174294,0.004277453757822514,0.9851667284965515
gue_splice_reconstructed__bert-base-uncased__20260520T223812Z,1,1,0.00037916278233751655,0.8515065908432007,0.14811423420906067
gue_splice_reconstructed__bert-base-uncased__20260520T223812Z,2,2,0.001776004326529801,0.0208072941750288,0.9774166345596313
gue_splice_reconstructed__bert-base-uncased__20260520T223812Z,0,0,0.9053182005882263,0.0002814260951709002,0.0944003090262413
gue_splice_reconstructed__bert-base-uncased__20260520T223812Z,0,0,0.9909447431564331,0.00019239276298321784,0.008862792514264584
gue_splice_reconstructed__bert-base-uncased__20260520T223812Z,2,2,0.0034138334449380636,0.004598303232342005,0.9919878244400024
gue_splice_reconstructed__bert-base-uncased__20260520T223812Z,1,1,0.00029541971161961555,0.9939982891082764,0.0057063475251197815
gue_splice_reconstructed__bert-base-uncased__20260520T223812Z,2,2,0.003319444367662072,0.009246190078556538,0.9874343276023865
gue_splice_reconstructed__bert-base-uncased__20260520T223812Z,2,1,0.00221957522444427,0.6035232543945312,0.39425715804100037
gue_splice_reconstructed__bert-base-uncased__20260520T223812Z,2,1,0.0006350675248540938,0.9083240628242493,0.09104084223508835
gue_splice_reconstructed__bert-base-uncased__20260520T223812Z,0,2,0.04849468171596527,0.0022894060239195824,0.9492158889770508
gue_splice_reconstructed__bert-base-uncased__20260520T223812Z,1,1,0.00035869196290150285,0.9947018027305603,0.004939515143632889
gue_splice_reconstructed__bert-base-uncased__20260520T223812Z,2,2,0.0011072224006056786,0.28089678287506104,0.7179959416389465
gue_splice_reconstructed__bert-base-uncased__20260520T223812Z,2,2,0.018628252670168877,0.000636646116618067,0.9807351231575012
gue_splice_reconstructed__bert-base-uncased__20260520T223812Z,2,2,0.00772623298689723,0.001845925347879529,0.9904278516769409
gue_splice_reconstructed__bert-base-uncased__20260520T223812Z,2,2,0.00194272689986974,0.028360599651932716,0.9696966409683228
gue_splice_reconstructed__bert-base-uncased__20260520T223812Z,1,1,0.00020619099086616188,0.9822026491165161,0.01759118214249611
gue_splice_reconstructed__bert-base-uncased__20260520T223812Z,0,0,0.9939352869987488,0.00028022678452543914,0.005784533452242613
gue_splice_reconstructed__bert-base-uncased__20260520T223812Z,2,2,0.002662703162059188,0.013509124517440796,0.9838281869888306
gue_splice_reconstructed__bert-base-uncased__20260520T223812Z,2,2,0.01693975180387497,0.002369943540543318,0.9806903004646301
gue_splice_reconstructed__bert-base-uncased__20260520T223812Z,2,2,0.0012282119132578373,0.03430537134408951,0.9644664525985718
gue_splice_reconstructed__bert-base-uncased__20260520T223812Z,2,2,0.005045763216912746,0.004814701620489359,0.9901395440101624
gue_splice_reconstructed__bert-base-uncased__20260520T223812Z,1,1,0.00027796943322755396,0.9878563284873962,0.011865822598338127
gue_splice_reconstructed__bert-base-uncased__20260520T223812Z,1,1,0.00017524762370157987,0.9836373925209045,0.016187382861971855
gue_splice_reconstructed__bert-base-uncased__20260520T223812Z,1,1,0.0002917592937592417,0.9026033878326416,0.09710481762886047
gue_splice_reconstructed__bert-base-uncased__20260520T223812Z,2,2,0.008836482651531696,0.0012290389277040958,0.989934504032135
gue_splice_reconstructed__bert-base-uncased__20260520T223812Z,2,2,0.002824377501383424,0.0052817873656749725,0.9918938279151917
gue_splice_reconstructed__bert-base-uncased__20260520T223812Z,2,2,0.1758671998977661,0.0013453876599669456,0.8227874040603638
gue_splice_reconstructed__bert-base-uncased__20260520T223812Z,0,0,0.9851408004760742,0.00020519840472843498,0.014654034748673439
gue_splice_reconstructed__bert-base-uncased__20260520T223812Z,2,2,0.05042336508631706,0.003138425759971142,0.946438193321228
gue_splice_reconstructed__bert-base-uncased__20260520T223812Z,2,2,0.0179483313113451,0.0025844399351626635,0.9794672131538391
gue_splice_reconstructed__bert-base-uncased__20260520T223812Z,1,1,0.00017686988576315343,0.9850172400474548,0.014805866405367851
gue_splice_reconstructed__bert-base-uncased__20260520T223812Z,2,2,0.0375230498611927,0.0022755484096705914,0.9602013230323792
gue_splice_reconstructed__bert-base-uncased__20260520T223812Z,1,1,0.00031733937794342637,0.991373598575592,0.008309116587042809
gue_splice_reconstructed__bert-base-uncased__20260520T223812Z,2,2,0.0990607962012291,0.0010454675648361444,0.8998937606811523
gue_splice_reconstructed__bert-base-uncased__20260520T223812Z,1,1,0.00018491910304874182,0.9826846718788147,0.01713031716644764
gue_splice_reconstructed__bert-base-uncased__20260520T223812Z,2,2,0.0014552108477801085,0.021124718710780144,0.9774200916290283
gue_splice_reconstructed__bert-base-uncased__20260520T223812Z,2,2,0.0075096613727509975,0.0012045573676005006,0.9912857413291931
gue_splice_reconstructed__bert-base-uncased__20260520T223812Z,1,1,0.00024402163398917764,0.9903866052627563,0.00936941709369421
gue_splice_reconstructed__bert-base-uncased__20260520T223812Z,2,1,0.00019334617536514997,0.9318722486495972,0.06793446838855743
gue_splice_reconstructed__bert-base-uncased__20260520T223812Z,2,2,0.006968843750655651,0.030868325382471085,0.9621628522872925
gue_splice_reconstructed__bert-base-uncased__20260520T223812Z,1,1,0.0007294632378034294,0.6631848216056824,0.3360857367515564
gue_splice_reconstructed__bert-base-uncased__20260520T223812Z,2,2,0.003223078092560172,0.003702501766383648,0.9930744171142578
gue_splice_reconstructed__bert-base-uncased__20260520T223812Z,2,2,0.013540384359657764,0.0070728431455791,0.9793867468833923
gue_splice_reconstructed__bert-base-uncased__20260520T223812Z,2,2,0.0038733347319066525,0.004806341603398323,0.9913203120231628
gue_splice_reconstructed__bert-base-uncased__20260520T223812Z,0,0,0.990656852722168,0.0006160394987091422,0.008727112784981728
gue_splice_reconstructed__bert-base-uncased__20260520T223812Z,2,2,0.0014136487152427435,0.036011744290590286,0.9625746607780457
gue_splice_reconstructed__bert-base-uncased__20260520T223812Z,0,0,0.8876227140426636,0.00040699547389522195,0.11197036504745483
gue_splice_reconstructed__bert-base-uncased__20260520T223812Z,0,0,0.8114068508148193,0.0003315539506729692,0.18826153874397278
gue_splice_reconstructed__bert-base-uncased__20260520T223812Z,1,2,0.0006806171149946749,0.4146164655685425,0.5847029685974121
gue_splice_reconstructed__bert-base-uncased__20260520T223812Z,0,0,0.9942514896392822,0.00037868268555030227,0.005369843449443579
gue_splice_reconstructed__bert-base-uncased__20260520T223812Z,0,2,0.18978431820869446,0.08464916795492172,0.7255665063858032
gue_splice_reconstructed__bert-base-uncased__20260520T223812Z,0,0,0.8302640914916992,0.0003974097198806703,0.16933856904506683
gue_splice_reconstructed__bert-base-uncased__20260520T223812Z,0,0,0.9796709418296814,0.00020889818551950157,0.020120088011026382
gue_splice_reconstructed__bert-base-uncased__20260520T223812Z,2,2,0.0015947762876749039,0.03446397930383682,0.963941216468811
gue_splice_reconstructed__bert-base-uncased__20260520T223812Z,2,2,0.001437392202205956,0.059152305126190186,0.9394103288650513
gue_splice_reconstructed__bert-base-uncased__20260520T223812Z,1,1,0.0002379731013206765,0.984887421131134,0.014874616637825966
gue_splice_reconstructed__bert-base-uncased__20260520T223812Z,2,2,0.010316330939531326,0.003073418978601694,0.9866102337837219
gue_splice_reconstructed__bert-base-uncased__20260520T223812Z,2,2,0.00323037919588387,0.005325994919985533,0.9914435744285583
gue_splice_reconstructed__bert-base-uncased__20260520T223812Z,2,2,0.002617728663608432,0.007234842050820589,0.9901474118232727
gue_splice_reconstructed__bert-base-uncased__20260520T223812Z,0,0,0.837039053440094,0.0005349414423108101,0.1624259650707245
gue_splice_reconstructed__bert-base-uncased__20260520T223812Z,2,2,0.002917666919529438,0.007823348045349121,0.9892590641975403
gue_splice_reconstructed__bert-base-uncased__20260520T223812Z,1,1,0.00030130482628010213,0.8274394869804382,0.1722591519355774
gue_splice_reconstructed__bert-base-uncased__20260520T223812Z,2,2,0.005549340974539518,0.005844125524163246,0.9886065125465393
gue_splice_reconstructed__bert-base-uncased__20260520T223812Z,1,1,0.0002172604581573978,0.9875396490097046,0.012243042699992657
gue_splice_reconstructed__bert-base-uncased__20260520T223812Z,1,1,0.0004393862036522478,0.994492769241333,0.005067947320640087
gue_splice_reconstructed__bert-base-uncased__20260520T223812Z,1,1,0.0003379599074833095,0.9937644004821777,0.0058976090513169765
gue_splice_reconstructed__bert-base-uncased__20260520T223812Z,1,1,0.0003826210740953684,0.9948292374610901,0.004788155667483807
gue_splice_reconstructed__bert-base-uncased__20260520T223812Z,0,2,0.07348456978797913,0.0010667894966900349,0.9254486560821533
gue_splice_reconstructed__bert-base-uncased__20260520T223812Z,2,2,0.01014689076691866,0.0012737585930153728,0.9885793924331665
gue_splice_reconstructed__bert-base-uncased__20260520T223812Z,1,1,0.0005087663303129375,0.9380139112472534,0.06147724390029907
gue_splice_reconstructed__bert-base-uncased__20260520T223812Z,2,2,0.008976456709206104,0.0038948075380176306,0.987128734588623
gue_splice_reconstructed__bert-base-uncased__20260520T223812Z,2,2,0.00884245615452528,0.005378955975174904,0.9857785701751709
gue_splice_reconstructed__bert-base-uncased__20260520T223812Z,2,2,0.011196490377187729,0.00331291020847857,0.9854905605316162
gue_splice_reconstructed__bert-base-uncased__20260520T223812Z,1,1,0.00023315790167544037,0.9917086958885193,0.008058159612119198
gue_splice_reconstructed__bert-base-uncased__20260520T223812Z,1,1,0.0002547925687395036,0.9906085729598999,0.009136563166975975
gue_splice_reconstructed__bert-base-uncased__20260520T223812Z,2,2,0.001887153834104538,0.020543014630675316,0.9775698184967041
gue_splice_reconstructed__bert-base-uncased__20260520T223812Z,2,2,0.0025488794781267643,0.01048259623348713,0.9869685769081116
gue_splice_reconstructed__bert-base-uncased__20260520T223812Z,0,0,0.7346389889717102,0.00032968909363262355,0.26503127813339233
gue_splice_reconstructed__bert-base-uncased__20260520T223812Z,2,2,0.0016474128933623433,0.014196773059666157,0.9841558933258057
gue_splice_reconstructed__bert-base-uncased__20260520T223812Z,1,1,0.00019450311083346605,0.9862825274467468,0.013523001223802567
gue_splice_reconstructed__bert-base-uncased__20260520T223812Z,2,0,0.8296326398849487,0.0006611446151509881,0.16970624029636383
gue_splice_reconstructed__bert-base-uncased__20260520T223812Z,1,1,0.00023881802917458117,0.9845309257507324,0.01523021049797535
gue_splice_reconstructed__bert-base-uncased__20260520T223812Z,2,2,0.036646075546741486,0.003355770604684949,0.9599981904029846
gue_splice_reconstructed__bert-base-uncased__20260520T223812Z,2,2,0.012698439881205559,0.007664476986974478,0.979637086391449
gue_splice_reconstructed__bert-base-uncased__20260520T223812Z,2,2,0.3457930386066437,0.0005654263077303767,0.6536415219306946
gue_splice_reconstructed__bert-base-uncased__20260520T223812Z,2,2,0.002594051184132695,0.006585441529750824,0.9908204674720764
gue_splice_reconstructed__bert-base-uncased__20260520T223812Z,2,2,0.004687877371907234,0.029369033873081207,0.9659430980682373
gue_splice_reconstructed__bert-base-uncased__20260520T223812Z,0,0,0.9894687533378601,0.00020529636822175235,0.010326032526791096
gue_splice_reconstructed__bert-base-uncased__20260520T223812Z,2,2,0.08875802904367447,0.001145471353083849,0.9100965261459351
gue_splice_reconstructed__bert-base-uncased__20260520T223812Z,0,2,0.3184514045715332,0.0007710765930823982,0.6807775497436523
gue_splice_reconstructed__bert-base-uncased__20260520T223812Z,1,1,0.0001910162391141057,0.9170533418655396,0.08275564014911652
gue_splice_reconstructed__bert-base-uncased__20260520T223812Z,2,2,0.003797376761212945,0.0032165036536753178,0.9929861426353455
gue_splice_reconstructed__bert-base-uncased__20260520T223812Z,0,0,0.9945255517959595,0.000376574054826051,0.005097897257655859
gue_splice_reconstructed__bert-base-uncased__20260520T223812Z,0,0,0.993450403213501,0.000301080261124298,0.006248468533158302
gue_splice_reconstructed__bert-base-uncased__20260520T223812Z,2,2,0.00217838934622705,0.3485497832298279,0.6492717862129211
gue_splice_reconstructed__bert-base-uncased__20260520T223812Z,1,1,0.000263409863691777,0.9926032423973083,0.007133373059332371
gue_splice_reconstructed__bert-base-uncased__20260520T223812Z,0,0,0.983340322971344,0.00017865012341644615,0.016481032595038414
gue_splice_reconstructed__bert-base-uncased__20260520T223812Z,0,0,0.9901412129402161,0.00021195714361965656,0.009646759368479252
gue_splice_reconstructed__bert-base-uncased__20260520T223812Z,1,1,0.00029727417859248817,0.990517795085907,0.009184926748275757
gue_splice_reconstructed__bert-base-uncased__20260520T223812Z,2,2,0.007530563976615667,0.007122835610061884,0.9853465557098389
gue_splice_reconstructed__bert-base-uncased__20260520T223812Z,0,0,0.9143580794334412,0.001296448172070086,0.0843455046415329
gue_splice_reconstructed__bert-base-uncased__20260520T223812Z,2,2,0.03136656433343887,0.004687332082539797,0.9639461040496826
gue_splice_reconstructed__bert-base-uncased__20260520T223812Z,1,1,0.00025247191661037505,0.8902600407600403,0.10948750376701355
gue_splice_reconstructed__bert-base-uncased__20260520T223812Z,1,1,0.00019580150546971709,0.9889956712722778,0.010808496735990047
gue_splice_reconstructed__bert-base-uncased__20260520T223812Z,2,2,0.0051636784337460995,0.0069620730355381966,0.9878742098808289
gue_splice_reconstructed__bert-base-uncased__20260520T223812Z,2,2,0.1550726741552353,0.004152774345129728,0.8407745957374573
gue_splice_reconstructed__bert-base-uncased__20260520T223812Z,2,2,0.014546794816851616,0.003754212288185954,0.9816989898681641
gue_splice_reconstructed__bert-base-uncased__20260520T223812Z,2,1,0.000355783588020131,0.8792482614517212,0.1203959658741951
gue_splice_reconstructed__bert-base-uncased__20260520T223812Z,2,2,0.02903970517218113,0.004590263590216637,0.9663700461387634
gue_splice_reconstructed__bert-base-uncased__20260520T223812Z,1,1,0.0002454255591146648,0.9922012090682983,0.007553388364613056
gue_splice_reconstructed__bert-base-uncased__20260520T223812Z,2,2,0.018092846497893333,0.0022371094673871994,0.9796700477600098
gue_splice_reconstructed__bert-base-uncased__20260520T223812Z,0,2,0.30034375190734863,0.0006537990993820131,0.6990024447441101
gue_splice_reconstructed__bert-base-uncased__20260520T223812Z,2,2,0.0011706668883562088,0.06324875354766846,0.9355805516242981
gue_splice_reconstructed__bert-base-uncased__20260520T223812Z,2,2,0.013358545489609241,0.0042322855442762375,0.9824091196060181
gue_splice_reconstructed__bert-base-uncased__20260520T223812Z,1,2,0.0007584498962387443,0.49279049038887024,0.5064511299133301
gue_splice_reconstructed__bert-base-uncased__20260520T223812Z,2,1,0.00020943778508808464,0.9822015166282654,0.017589015886187553
gue_splice_reconstructed__bert-base-uncased__20260520T223812Z,2,2,0.0021715371403843164,0.008991985581815243,0.988836407661438
gue_splice_reconstructed__bert-base-uncased__20260520T223812Z,2,2,0.0030539967119693756,0.006949826143682003,0.9899961948394775
gue_splice_reconstructed__bert-base-uncased__20260520T223812Z,2,2,0.005158341955393553,0.00991387665271759,0.984927773475647
gue_splice_reconstructed__bert-base-uncased__20260520T223812Z,2,0,0.6615892052650452,0.0005040686810389161,0.33790671825408936
gue_splice_reconstructed__bert-base-uncased__20260520T223812Z,2,2,0.07493958622217178,0.001573271001689136,0.92348712682724
gue_splice_reconstructed__bert-base-uncased__20260520T223812Z,0,0,0.9889045357704163,0.00029853411251679063,0.01079695113003254
gue_splice_reconstructed__bert-base-uncased__20260520T223812Z,2,2,0.002431949134916067,0.05403571575880051,0.9435322880744934
gue_splice_reconstructed__bert-base-uncased__20260520T223812Z,2,2,0.0033214932773262262,0.006703052204102278,0.9899753928184509
gue_splice_reconstructed__bert-base-uncased__20260520T223812Z,2,2,0.4637409448623657,0.0004074718744959682,0.5358515977859497
gue_splice_reconstructed__bert-base-uncased__20260520T223812Z,2,2,0.0024536901619285345,0.005721739027649164,0.9918245673179626
gue_splice_reconstructed__bert-base-uncased__20260520T223812Z,1,1,0.00043791247298941016,0.7166978716850281,0.28286418318748474
gue_splice_reconstructed__bert-base-uncased__20260520T223812Z,2,0,0.8934239745140076,0.00018392634228803217,0.10639212280511856
gue_splice_reconstructed__bert-base-uncased__20260520T223812Z,1,1,0.0009621243225410581,0.8362825512886047,0.16275528073310852
gue_splice_reconstructed__bert-base-uncased__20260520T223812Z,0,0,0.9945977926254272,0.0003435699036344886,0.005058593116700649
gue_splice_reconstructed__bert-base-uncased__20260520T223812Z,1,2,0.0008191822562366724,0.2702586352825165,0.7289221286773682
gue_splice_reconstructed__bert-base-uncased__20260520T223812Z,2,2,0.002243613125756383,0.009464429691433907,0.9882919192314148
gue_splice_reconstructed__bert-base-uncased__20260520T223812Z,2,2,0.0026906209532171488,0.005105901043862104,0.9922034740447998
gue_splice_reconstructed__bert-base-uncased__20260520T223812Z,2,2,0.0009596534655429423,0.04083041474223137,0.9582099914550781
gue_splice_reconstructed__bert-base-uncased__20260520T223812Z,2,2,0.008767119608819485,0.0013656538212671876,0.9898672103881836
gue_splice_reconstructed__bert-base-uncased__20260520T223812Z,2,2,0.012364964000880718,0.004404560197144747,0.983230471611023
gue_splice_reconstructed__bert-base-uncased__20260520T223812Z,0,0,0.9941839575767517,0.00034612041781656444,0.0054700374603271484
gue_splice_reconstructed__bert-base-uncased__20260520T223812Z,2,2,0.005685580428689718,0.00586606003344059,0.9884483218193054
gue_splice_reconstructed__bert-base-uncased__20260520T223812Z,2,2,0.0022012132685631514,0.0071264528669416904,0.9906722903251648
gue_splice_reconstructed__bert-base-uncased__20260520T223812Z,2,2,0.0023778907489031553,0.005925705656409264,0.9916963577270508
gue_splice_reconstructed__bert-base-uncased__20260520T223812Z,2,2,0.03355017304420471,0.0004931414732709527,0.9659566283226013
gue_splice_reconstructed__bert-base-uncased__20260520T223812Z,2,2,0.007993790321052074,0.008459631353616714,0.9835466146469116
gue_splice_reconstructed__bert-base-uncased__20260520T223812Z,1,1,0.00033473465009592474,0.9939397573471069,0.005725548602640629
gue_splice_reconstructed__bert-base-uncased__20260520T223812Z,0,0,0.9573034644126892,0.0010086892871186137,0.04168783500790596
gue_splice_reconstructed__bert-base-uncased__20260520T223812Z,2,2,0.002487743506208062,0.017133979126811028,0.9803783297538757
gue_splice_reconstructed__bert-base-uncased__20260520T223812Z,2,2,0.0024338113144040108,0.00799576099961996,0.9895703792572021
gue_splice_reconstructed__bert-base-uncased__20260520T223812Z,2,2,0.002299204235896468,0.006448277272284031,0.9912524819374084
gue_splice_reconstructed__bert-base-uncased__20260520T223812Z,1,1,0.00034408888313919306,0.9941565990447998,0.005499344784766436
gue_splice_reconstructed__bert-base-uncased__20260520T223812Z,2,2,0.03052775375545025,0.002468225546181202,0.9670040011405945
gue_splice_reconstructed__bert-base-uncased__20260520T223812Z,1,1,0.0003671551530715078,0.9270556569099426,0.07257716357707977
gue_splice_reconstructed__bert-base-uncased__20260520T223812Z,2,2,0.030261589214205742,0.002231016755104065,0.9675073623657227
gue_splice_reconstructed__bert-base-uncased__20260520T223812Z,2,2,0.4724467992782593,0.0005007319850847125,0.5270524621009827
gue_splice_reconstructed__bert-base-uncased__20260520T223812Z,2,2,0.03284314647316933,0.001463248860090971,0.9656936526298523
gue_splice_reconstructed__bert-base-uncased__20260520T223812Z,0,0,0.9916975498199463,0.00019710487686097622,0.008105423301458359
gue_splice_reconstructed__bert-base-uncased__20260520T223812Z,2,2,0.0024819618556648493,0.005953916814178228,0.991564154624939
gue_splice_reconstructed__bert-base-uncased__20260520T223812Z,1,2,0.0023285034112632275,0.022771257907152176,0.9749002456665039
gue_splice_reconstructed__bert-base-uncased__20260520T223812Z,1,1,0.0001677063701208681,0.9826378226280212,0.017194442451000214
gue_splice_reconstructed__bert-base-uncased__20260520T223812Z,2,2,0.002918837359175086,0.0054905107244849205,0.9915906190872192
gue_splice_reconstructed__bert-base-uncased__20260520T223812Z,2,2,0.002458882052451372,0.007492964621633291,0.9900481700897217
gue_splice_reconstructed__bert-base-uncased__20260520T223812Z,1,1,0.00019426853395998478,0.9850930571556091,0.014712696895003319
gue_splice_reconstructed__bert-base-uncased__20260520T223812Z,0,0,0.9933433532714844,0.00024189872783608735,0.006414724048227072
gue_splice_reconstructed__bert-base-uncased__20260520T223812Z,2,2,0.0028327153995633125,0.006223579403012991,0.9909437298774719
gue_splice_reconstructed__bert-base-uncased__20260520T223812Z,2,2,0.0031039095483720303,0.006319246720522642,0.9905768632888794
gue_splice_reconstructed__bert-base-uncased__20260520T223812Z,0,0,0.9804090261459351,0.0001987045252462849,0.019392263144254684
gue_splice_reconstructed__bert-base-uncased__20260520T223812Z,1,1,0.0002538158732932061,0.9906734824180603,0.009072698652744293
gue_splice_reconstructed__bert-base-uncased__20260520T223812Z,0,2,0.1372736394405365,0.0014615474501624703,0.8612647652626038
gue_splice_reconstructed__bert-base-uncased__20260520T223812Z,2,2,0.20969891548156738,0.0004498421913012862,0.7898512482643127
gue_splice_reconstructed__bert-base-uncased__20260520T223812Z,1,1,0.0009276299388147891,0.7171379327774048,0.2819344103336334
gue_splice_reconstructed__bert-base-uncased__20260520T223812Z,1,1,0.00032737242872826755,0.8511807322502136,0.14849194884300232
gue_splice_reconstructed__bert-base-uncased__20260520T223812Z,2,2,0.0009584266226738691,0.09475434571504593,0.9042872190475464
gue_splice_reconstructed__bert-base-uncased__20260520T223812Z,1,1,0.00030741875525563955,0.9793232679367065,0.02036929316818714
gue_splice_reconstructed__bert-base-uncased__20260520T223812Z,0,0,0.9829002022743225,0.0004949778085574508,0.016604887321591377
gue_splice_reconstructed__bert-base-uncased__20260520T223812Z,0,0,0.9798721671104431,0.00031921998015604913,0.01980859600007534
gue_splice_reconstructed__bert-base-uncased__20260520T223812Z,2,2,0.002405741484835744,0.005971736740320921,0.9916225075721741
gue_splice_reconstructed__bert-base-uncased__20260520T223812Z,2,2,0.0029180862475186586,0.007680629845708609,0.9894012808799744
gue_splice_reconstructed__bert-base-uncased__20260520T223812Z,2,2,0.0033417067024856806,0.008409257978200912,0.9882490634918213
gue_splice_reconstructed__bert-base-uncased__20260520T223812Z,2,2,0.42774343490600586,0.0005861088284291327,0.571670413017273
gue_splice_reconstructed__bert-base-uncased__20260520T223812Z,1,1,0.00020331986888777465,0.911624550819397,0.08817211538553238
gue_splice_reconstructed__bert-base-uncased__20260520T223812Z,2,0,0.8099199533462524,0.0005046329461038113,0.1895754188299179
gue_splice_reconstructed__bert-base-uncased__20260520T223812Z,2,2,0.0010510701686143875,0.11519037932157516,0.883758544921875
gue_splice_reconstructed__bert-base-uncased__20260520T223812Z,2,2,0.005435866303741932,0.0022396063432097435,0.9923244714736938
gue_splice_reconstructed__bert-base-uncased__20260520T223812Z,1,1,0.0002212467516073957,0.990067720413208,0.009711023420095444
gue_splice_reconstructed__bert-base-uncased__20260520T223812Z,2,2,0.0039887819439172745,0.003649604506790638,0.9923615455627441
gue_splice_reconstructed__bert-base-uncased__20260520T223812Z,1,1,0.00018100260058417916,0.9846819639205933,0.015137086622416973
gue_splice_reconstructed__bert-base-uncased__20260520T223812Z,2,2,0.02913770079612732,0.0019411732209846377,0.9689211249351501
gue_splice_reconstructed__bert-base-uncased__20260520T223812Z,0,2,0.4675745666027069,0.0005203661858104169,0.5319050550460815
gue_splice_reconstructed__bert-base-uncased__20260520T223812Z,0,0,0.9922246932983398,0.00020506558939814568,0.007570182904601097
gue_splice_reconstructed__bert-base-uncased__20260520T223812Z,1,1,0.00028488386305980384,0.992846667766571,0.0068684839643538
gue_splice_reconstructed__bert-base-uncased__20260520T223812Z,0,0,0.9940826296806335,0.0003698476648423821,0.005547479260712862
gue_splice_reconstructed__bert-base-uncased__20260520T223812Z,2,2,0.0032311994582414627,0.010867145843803883,0.9859015941619873
gue_splice_reconstructed__bert-base-uncased__20260520T223812Z,2,2,0.002248074859380722,0.005558607634156942,0.9921934008598328
gue_splice_reconstructed__bert-base-uncased__20260520T223812Z,2,2,0.002836840460076928,0.006712819449603558,0.9904503226280212
gue_splice_reconstructed__bert-base-uncased__20260520T223812Z,2,1,0.00022067141253501177,0.9913580417633057,0.008421308360993862
gue_splice_reconstructed__bert-base-uncased__20260520T223812Z,2,2,0.005005317274481058,0.00412128446623683,0.9908733367919922
gue_splice_reconstructed__bert-base-uncased__20260520T223812Z,2,2,0.0016451101982966065,0.02512545697391033,0.9732294082641602
gue_splice_reconstructed__bert-base-uncased__20260520T223812Z,2,2,0.0044515361078083515,0.004738634917885065,0.9908097982406616
gue_splice_reconstructed__bert-base-uncased__20260520T223812Z,2,2,0.31808194518089294,0.0006009910139255226,0.6813170909881592
gue_splice_reconstructed__bert-base-uncased__20260520T223812Z,0,0,0.9715898036956787,0.00016712133947294205,0.028243059292435646
gue_splice_reconstructed__bert-base-uncased__20260520T223812Z,1,1,0.0003377959073986858,0.9894096851348877,0.010252569802105427
gue_splice_reconstructed__bert-base-uncased__20260520T223812Z,2,1,0.0007723129820078611,0.6752426624298096,0.3239849805831909
gue_splice_reconstructed__bert-base-uncased__20260520T223812Z,0,0,0.9402782917022705,0.00034105920349247754,0.059380676597356796
gue_splice_reconstructed__bert-base-uncased__20260520T223812Z,1,1,0.0002015451609622687,0.9905479550361633,0.009250469505786896
gue_splice_reconstructed__bert-base-uncased__20260520T223812Z,2,2,0.030403681099414825,0.002753047039732337,0.96684330701828
gue_splice_reconstructed__bert-base-uncased__20260520T223812Z,1,1,0.0002905788132920861,0.8936994671821594,0.10601001977920532
gue_splice_reconstructed__bert-base-uncased__20260520T223812Z,1,1,0.0002848049334716052,0.9925716519355774,0.0071436017751693726
gue_splice_reconstructed__bert-base-uncased__20260520T223812Z,2,1,0.008009553886950016,0.8201943039894104,0.17179620265960693
gue_splice_reconstructed__bert-base-uncased__20260520T223812Z,1,1,0.0002673288690857589,0.9878867864608765,0.011845926754176617
gue_splice_reconstructed__bert-base-uncased__20260520T223812Z,1,1,0.00030111303203739226,0.9916198253631592,0.008079105988144875
gue_splice_reconstructed__bert-base-uncased__20260520T223812Z,0,0,0.9900876879692078,0.00029082922264933586,0.009621541015803814
gue_splice_reconstructed__bert-base-uncased__20260520T223812Z,2,2,0.07415270060300827,0.0012855605455115438,0.9245617389678955
gue_splice_reconstructed__bert-base-uncased__20260520T223812Z,1,1,0.00024831591872498393,0.8790321350097656,0.1207195371389389
gue_splice_reconstructed__bert-base-uncased__20260520T223812Z,1,1,0.0002077834215015173,0.9820857048034668,0.0177064947783947
gue_splice_reconstructed__bert-base-uncased__20260520T223812Z,2,2,0.0036286721006035805,0.007772450335323811,0.9885988235473633
gue_splice_reconstructed__bert-base-uncased__20260520T223812Z,0,0,0.9517354965209961,0.00018120629829354584,0.04808333143591881
gue_splice_reconstructed__bert-base-uncased__20260520T223812Z,0,0,0.9935476183891296,0.0002730946580413729,0.006179292686283588
gue_splice_reconstructed__bert-base-uncased__20260520T223812Z,1,1,0.0010016703745350242,0.9414037466049194,0.05759448558092117
gue_splice_reconstructed__bert-base-uncased__20260520T223812Z,2,2,0.17069226503372192,0.0013485662639141083,0.8279591202735901
gue_splice_reconstructed__bert-base-uncased__20260520T223812Z,0,0,0.9891886711120605,0.0002666375949047506,0.01054472103714943
gue_splice_reconstructed__bert-base-uncased__20260520T223812Z,0,0,0.9107921719551086,0.0006417875993065536,0.08856602758169174
gue_splice_reconstructed__bert-base-uncased__20260520T223812Z,2,2,0.0034262635745108128,0.004855457227677107,0.9917182922363281
gue_splice_reconstructed__bert-base-uncased__20260520T223812Z,2,1,0.0002101405116263777,0.9778278470039368,0.021961985155940056
gue_splice_reconstructed__bert-base-uncased__20260520T223812Z,2,2,0.0027683370281010866,0.005843425635248423,0.9913882613182068
gue_splice_reconstructed__bert-base-uncased__20260520T223812Z,2,2,0.004746387712657452,0.0037915483117103577,0.9914621114730835
gue_splice_reconstructed__bert-base-uncased__20260520T223812Z,1,1,0.00016782604507170618,0.9833390712738037,0.016493087634444237
gue_splice_reconstructed__bert-base-uncased__20260520T223812Z,2,2,0.022673049941658974,0.0023561217822134495,0.974970817565918
gue_splice_reconstructed__bert-base-uncased__20260520T223812Z,2,0,0.9436089396476746,0.0003285129787400365,0.05606263875961304
gue_splice_reconstructed__bert-base-uncased__20260520T223812Z,0,0,0.9726559519767761,0.0002591266529634595,0.02708488143980503
gue_splice_reconstructed__bert-base-uncased__20260520T223812Z,2,2,0.008782722055912018,0.0024894061498343945,0.9887279272079468
gue_splice_reconstructed__bert-base-uncased__20260520T223812Z,2,2,0.002789061516523361,0.004236231092363596,0.9929747581481934
gue_splice_reconstructed__bert-base-uncased__20260520T223812Z,2,2,0.003016738686710596,0.00560308201238513,0.9913801550865173
gue_splice_reconstructed__bert-base-uncased__20260520T223812Z,1,1,0.00018508758512325585,0.9835799336433411,0.016234921291470528
gue_splice_reconstructed__bert-base-uncased__20260520T223812Z,2,2,0.05470489338040352,0.0024160672910511494,0.9428790211677551
gue_splice_reconstructed__bert-base-uncased__20260520T223812Z,2,2,0.05970443785190582,0.0017322624335065484,0.9385632276535034
gue_splice_reconstructed__bert-base-uncased__20260520T223812Z,1,1,0.00026247245841659606,0.9929418563842773,0.006795747671276331
gue_splice_reconstructed__bert-base-uncased__20260520T223812Z,2,2,0.00487550301477313,0.005129481200128794,0.989995002746582
gue_splice_reconstructed__bert-base-uncased__20260520T223812Z,0,0,0.9903066158294678,0.0002397502976236865,0.009453671984374523
gue_splice_reconstructed__bert-base-uncased__20260520T223812Z,2,2,0.009365632198750973,0.01361361425369978,0.9770207405090332
gue_splice_reconstructed__bert-base-uncased__20260520T223812Z,2,2,0.0025406256318092346,0.005970929283648729,0.9914884567260742
gue_splice_reconstructed__bert-base-uncased__20260520T223812Z,2,2,0.002293981146067381,0.1809920221567154,0.8167139887809753
gue_splice_reconstructed__bert-base-uncased__20260520T223812Z,2,2,0.0009424543823115528,0.15880632400512695,0.8402512669563293
gue_splice_reconstructed__bert-base-uncased__20260520T223812Z,2,2,0.018082769587635994,0.0032706824131309986,0.9786465764045715
gue_splice_reconstructed__bert-base-uncased__20260520T223812Z,0,0,0.9886354207992554,0.0002984528837259859,0.01106618344783783
gue_splice_reconstructed__bert-base-uncased__20260520T223812Z,2,2,0.0036290462594479322,0.005737236235290766,0.9906337261199951
gue_splice_reconstructed__bert-base-uncased__20260520T223812Z,1,1,0.001479817321524024,0.6392387747764587,0.359281450510025
gue_splice_reconstructed__bert-base-uncased__20260520T223812Z,0,2,0.037251584231853485,0.001313537359237671,0.9614349007606506
gue_splice_reconstructed__bert-base-uncased__20260520T223812Z,2,1,0.00037352379877120256,0.9787930846214294,0.020833415910601616
gue_splice_reconstructed__bert-base-uncased__20260520T223812Z,0,0,0.8790103793144226,0.0009782552951946855,0.12001128494739532
gue_splice_reconstructed__bert-base-uncased__20260520T223812Z,0,0,0.9950019717216492,0.0003518603043630719,0.004646180663257837
gue_splice_reconstructed__bert-base-uncased__20260520T223812Z,1,1,0.0003603197692427784,0.7016645669937134,0.2979751229286194
gue_splice_reconstructed__bert-base-uncased__20260520T223812Z,2,1,0.0006489323568530381,0.5574832558631897,0.44186773896217346
gue_splice_reconstructed__bert-base-uncased__20260520T223812Z,2,2,0.004143846221268177,0.004411101806908846,0.9914450645446777
gue_splice_reconstructed__bert-base-uncased__20260520T223812Z,2,2,0.002742827869951725,0.005364954471588135,0.9918922185897827
gue_splice_reconstructed__bert-base-uncased__20260520T223812Z,2,2,0.0020491082686930895,0.010487847961485386,0.9874629974365234
gue_splice_reconstructed__bert-base-uncased__20260520T223812Z,1,1,0.010156744159758091,0.5108656883239746,0.4789775013923645
gue_splice_reconstructed__bert-base-uncased__20260520T223812Z,0,0,0.9841814041137695,0.0001535368210170418,0.01566500775516033
gue_splice_reconstructed__bert-base-uncased__20260520T223812Z,2,2,0.003966597840189934,0.004360711667686701,0.991672694683075
gue_splice_reconstructed__bert-base-uncased__20260520T223812Z,1,1,0.00026836368488147855,0.8683710098266602,0.131360724568367
gue_splice_reconstructed__bert-base-uncased__20260520T223812Z,0,0,0.992997407913208,0.0002048248570645228,0.0067977881990373135
gue_splice_reconstructed__bert-base-uncased__20260520T223812Z,1,1,0.0003922179457731545,0.9942145943641663,0.005393293220549822
gue_splice_reconstructed__bert-base-uncased__20260520T223812Z,1,1,0.000353498850017786,0.773968517780304,0.22567801177501678
gue_splice_reconstructed__bert-base-uncased__20260520T223812Z,2,0,0.9557932019233704,0.00045393462642095983,0.043752867728471756
gue_splice_reconstructed__bert-base-uncased__20260520T223812Z,1,1,0.0004396747099235654,0.9951457381248474,0.004414614289999008
gue_splice_reconstructed__bert-base-uncased__20260520T223812Z,2,2,0.04293794557452202,0.0026702391915023327,0.9543918371200562
gue_splice_reconstructed__bert-base-uncased__20260520T223812Z,0,0,0.5232314467430115,0.0003608572296798229,0.4764077067375183
gue_splice_reconstructed__bert-base-uncased__20260520T223812Z,2,2,0.0029667955823242664,0.006711944937705994,0.9903212189674377
gue_splice_reconstructed__bert-base-uncased__20260520T223812Z,1,1,0.00019441441691014916,0.9480661749839783,0.05173948407173157
gue_splice_reconstructed__bert-base-uncased__20260520T223812Z,2,2,0.0026814329903572798,0.0046331011690199375,0.9926854372024536
gue_splice_reconstructed__bert-base-uncased__20260520T223812Z,0,0,0.9286597967147827,0.0006330073811113834,0.07070717960596085
gue_splice_reconstructed__bert-base-uncased__20260520T223812Z,1,2,0.0014555780217051506,0.45332714915275574,0.5452172756195068
gue_splice_reconstructed__bert-base-uncased__20260520T223812Z,0,0,0.7998318076133728,0.0008797666523605585,0.19928839802742004
gue_splice_reconstructed__bert-base-uncased__20260520T223812Z,0,0,0.9722123742103577,0.00022154168982524425,0.027566080912947655
gue_splice_reconstructed__bert-base-uncased__20260520T223812Z,2,2,0.0026795025914907455,0.005349683575332165,0.9919707775115967
gue_splice_reconstructed__bert-base-uncased__20260520T223812Z,2,0,0.5366567373275757,0.000716209935490042,0.4626270532608032
gue_splice_reconstructed__bert-base-uncased__20260520T223812Z,1,1,0.0002998315612785518,0.9758961200714111,0.023804036900401115
gue_splice_reconstructed__bert-base-uncased__20260520T223812Z,2,1,0.0002282976929564029,0.9356622695922852,0.06410937011241913
gue_splice_reconstructed__bert-base-uncased__20260520T223812Z,0,0,0.8333911895751953,0.0013787898933514953,0.16523011028766632
gue_splice_reconstructed__bert-base-uncased__20260520T223812Z,0,0,0.9943589568138123,0.0003072993422392756,0.00533383758738637
gue_splice_reconstructed__bert-base-uncased__20260520T223812Z,2,2,0.0024872138164937496,0.43409886956214905,0.5634139180183411
gue_splice_reconstructed__bert-base-uncased__20260520T223812Z,0,0,0.9926026463508606,0.00023611896904185414,0.0071612875908613205
gue_splice_reconstructed__bert-base-uncased__20260520T223812Z,2,2,0.0030451167840510607,0.005973705556243658,0.9909811615943909
gue_splice_reconstructed__bert-base-uncased__20260520T223812Z,2,2,0.0026546886656433344,0.004916212055832148,0.9924290776252747
gue_splice_reconstructed__bert-base-uncased__20260520T223812Z,2,2,0.0006673262687399983,0.30239519476890564,0.6969374418258667
gue_splice_reconstructed__bert-base-uncased__20260520T223812Z,0,0,0.9445211887359619,0.0007154319901019335,0.05476338788866997
gue_splice_reconstructed__bert-base-uncased__20260520T223812Z,2,2,0.002584105357527733,0.008464685641229153,0.9889512658119202
gue_splice_reconstructed__bert-base-uncased__20260520T223812Z,1,1,0.0003976207517553121,0.9636344909667969,0.0359678715467453
gue_splice_reconstructed__bert-base-uncased__20260520T223812Z,1,1,0.00019155787595082074,0.9562886357307434,0.043519794940948486
gue_splice_reconstructed__bert-base-uncased__20260520T223812Z,2,0,0.9538511633872986,0.0002102592115988955,0.04593854397535324
gue_splice_reconstructed__bert-base-uncased__20260520T223812Z,2,2,0.0026901711244136095,0.005272245034575462,0.9920375347137451
gue_splice_reconstructed__bert-base-uncased__20260520T223812Z,1,1,0.0004228652687743306,0.9952263832092285,0.004350770730525255
gue_splice_reconstructed__bert-base-uncased__20260520T223812Z,2,2,0.0017303874483332038,0.011882931925356388,0.9863866567611694
gue_splice_reconstructed__bert-base-uncased__20260520T223812Z,1,1,0.00017045614367816597,0.9680212736129761,0.0318082831799984
gue_splice_reconstructed__bert-base-uncased__20260520T223812Z,2,0,0.9446189403533936,0.00020944775315001607,0.0551716648042202
gue_splice_reconstructed__bert-base-uncased__20260520T223812Z,2,2,0.0031761848367750645,0.004726295825093985,0.9920974969863892
gue_splice_reconstructed__bert-base-uncased__20260520T223812Z,1,1,0.00023307831725105643,0.9913702011108398,0.008396776393055916
gue_splice_reconstructed__bert-base-uncased__20260520T223812Z,2,2,0.006067992188036442,0.044596560299396515,0.9493354558944702
gue_splice_reconstructed__bert-base-uncased__20260520T223812Z,1,1,0.0014210453955456614,0.5260810256004333,0.4724979102611542
gue_splice_reconstructed__bert-base-uncased__20260520T223812Z,2,2,0.0034825196489691734,0.004143679980188608,0.9923737645149231
gue_splice_reconstructed__bert-base-uncased__20260520T223812Z,2,2,0.002696183044463396,0.006925404071807861,0.9903783798217773
gue_splice_reconstructed__bert-base-uncased__20260520T223812Z,1,1,0.0002844293776433915,0.9932008385658264,0.0065148058347404
gue_splice_reconstructed__bert-base-uncased__20260520T223812Z,1,2,0.0007212660275399685,0.2605777382850647,0.7387010455131531
gue_splice_reconstructed__bert-base-uncased__20260520T223812Z,0,0,0.9626381397247314,0.0003357931273058057,0.03702602535486221
gue_splice_reconstructed__bert-base-uncased__20260520T223812Z,2,2,0.008662113919854164,0.0017980326665565372,0.9895398020744324
gue_splice_reconstructed__bert-base-uncased__20260520T223812Z,1,1,0.00032998580718412995,0.9933270215988159,0.006342981941998005
gue_splice_reconstructed__bert-base-uncased__20260520T223812Z,0,0,0.9925665855407715,0.00028985406970605254,0.0071435654535889626
gue_splice_reconstructed__bert-base-uncased__20260520T223812Z,1,1,0.0003684957337100059,0.9827411770820618,0.016890428960323334
gue_splice_reconstructed__bert-base-uncased__20260520T223812Z,1,1,0.0002517304092179984,0.9902397394180298,0.009508585557341576
gue_splice_reconstructed__bert-base-uncased__20260520T223812Z,0,0,0.9656160473823547,0.00026028353022411466,0.03412372246384621
gue_splice_reconstructed__bert-base-uncased__20260520T223812Z,0,0,0.9510502815246582,0.00028710655169561505,0.048662591725587845
gue_splice_reconstructed__bert-base-uncased__20260520T223812Z,2,2,0.003218562575057149,0.005098242312669754,0.9916831254959106
gue_splice_reconstructed__bert-base-uncased__20260520T223812Z,1,1,0.0001712089724605903,0.9479201436042786,0.05190863460302353
gue_splice_reconstructed__bert-base-uncased__20260520T223812Z,2,2,0.0019614521879702806,0.01899532787501812,0.9790432453155518
gue_splice_reconstructed__bert-base-uncased__20260520T223812Z,2,2,0.05129162222146988,0.0013617125805467367,0.9473466873168945
gue_splice_reconstructed__bert-base-uncased__20260520T223812Z,2,2,0.029275590553879738,0.001723288674838841,0.9690011143684387
gue_splice_reconstructed__bert-base-uncased__20260520T223812Z,1,1,0.0003771272022277117,0.9940429329872131,0.005579857155680656
gue_splice_reconstructed__bert-base-uncased__20260520T223812Z,2,2,0.0019237501546740532,0.009304036386311054,0.9887722134590149
gue_splice_reconstructed__bert-base-uncased__20260520T223812Z,2,2,0.00415351428091526,0.004995438270270824,0.9908509850502014
gue_splice_reconstructed__bert-base-uncased__20260520T223812Z,1,1,0.0006485588382929564,0.7366800904273987,0.2626713514328003
gue_splice_reconstructed__bert-base-uncased__20260520T223812Z,2,2,0.10758604109287262,0.0012319080997258425,0.891182005405426
gue_splice_reconstructed__bert-base-uncased__20260520T223812Z,2,2,0.003852284513413906,0.004420981276780367,0.9917267560958862
gue_splice_reconstructed__bert-base-uncased__20260520T223812Z,2,2,0.002577554201707244,0.2484397292137146,0.7489827275276184
gue_splice_reconstructed__bert-base-uncased__20260520T223812Z,1,1,0.00024050995125435293,0.9915059208869934,0.008253609761595726
gue_splice_reconstructed__bert-base-uncased__20260520T223812Z,2,2,0.0020824281964451075,0.023371174931526184,0.9745464324951172
gue_splice_reconstructed__bert-base-uncased__20260520T223812Z,2,2,0.025539884343743324,0.015146664343774319,0.9593134522438049
gue_splice_reconstructed__bert-base-uncased__20260520T223812Z,1,1,0.00015822102432139218,0.9830034971237183,0.0168383177369833
gue_splice_reconstructed__bert-base-uncased__20260520T223812Z,2,1,0.0005356124602258205,0.6813616156578064,0.31810274720191956
gue_splice_reconstructed__bert-base-uncased__20260520T223812Z,0,0,0.8696648478507996,0.0006916944985277951,0.12964341044425964
gue_splice_reconstructed__bert-base-uncased__20260520T223812Z,2,2,0.04356130585074425,0.002736925845965743,0.9537017345428467
gue_splice_reconstructed__bert-base-uncased__20260520T223812Z,0,0,0.9872095584869385,0.00028271361952647567,0.012507795356214046
gue_splice_reconstructed__bert-base-uncased__20260520T223812Z,2,2,0.0026487503200769424,0.005206298548728228,0.9921448826789856
gue_splice_reconstructed__bert-base-uncased__20260520T223812Z,1,1,0.0006343813729472458,0.9602182507514954,0.039147306233644485
gue_splice_reconstructed__bert-base-uncased__20260520T223812Z,2,0,0.51346355676651,0.0003989268443547189,0.4861375093460083
gue_splice_reconstructed__bert-base-uncased__20260520T223812Z,1,1,0.0002333859883947298,0.9888086915016174,0.010957887396216393
gue_splice_reconstructed__bert-base-uncased__20260520T223812Z,2,2,0.00400509312748909,0.004428906366229057,0.9915660619735718
gue_splice_reconstructed__bert-base-uncased__20260520T223812Z,1,1,0.0014498531818389893,0.5918073058128357,0.40674281120300293
gue_splice_reconstructed__bert-base-uncased__20260520T223812Z,1,1,0.00018322948017157614,0.989039421081543,0.010777353309094906
gue_splice_reconstructed__bert-base-uncased__20260520T223812Z,2,2,0.003648932557553053,0.008040358312427998,0.988310694694519
gue_splice_reconstructed__bert-base-uncased__20260520T223812Z,2,2,0.004699732642620802,0.003949849400669336,0.9913504123687744
gue_splice_reconstructed__bert-base-uncased__20260520T223812Z,2,2,0.0035964716225862503,0.005027457140386105,0.9913761019706726
gue_splice_reconstructed__bert-base-uncased__20260520T223812Z,2,2,0.016121216118335724,0.002915890421718359,0.980962872505188
gue_splice_reconstructed__bert-base-uncased__20260520T223812Z,1,2,0.04558396711945534,0.0713294968008995,0.8830865621566772
gue_splice_reconstructed__bert-base-uncased__20260520T223812Z,2,2,0.005117671098560095,0.015809785574674606,0.9790725111961365
gue_splice_reconstructed__bert-base-uncased__20260520T223812Z,1,1,0.00028578017372637987,0.9940271377563477,0.005687042139470577
gue_splice_reconstructed__bert-base-uncased__20260520T223812Z,2,2,0.012681820429861546,0.005133936647325754,0.9821842908859253
gue_splice_reconstructed__bert-base-uncased__20260520T223812Z,0,0,0.9897295236587524,0.0002264161012135446,0.010044022463262081
gue_splice_reconstructed__bert-base-uncased__20260520T223812Z,2,2,0.1733252853155136,0.0330151692032814,0.793659508228302
gue_splice_reconstructed__bert-base-uncased__20260520T223812Z,2,2,0.010709177702665329,0.0014564235461875796,0.9878344535827637
gue_splice_reconstructed__bert-base-uncased__20260520T223812Z,1,1,0.00041451744618825614,0.9890090823173523,0.010576321743428707
gue_splice_reconstructed__bert-base-uncased__20260520T223812Z,2,1,0.00047452800208702683,0.7352925539016724,0.26423290371894836
gue_splice_reconstructed__bert-base-uncased__20260520T223812Z,1,1,0.00021582584304269403,0.9733843803405762,0.026399821043014526
gue_splice_reconstructed__bert-base-uncased__20260520T223812Z,2,2,0.003313252702355385,0.007236809469759464,0.9894499182701111
gue_splice_reconstructed__bert-base-uncased__20260520T223812Z,0,0,0.9798640012741089,0.0002559978747740388,0.019879890605807304
gue_splice_reconstructed__bert-base-uncased__20260520T223812Z,1,1,0.0002928960311692208,0.9932364821434021,0.006470655091106892
gue_splice_reconstructed__bert-base-uncased__20260520T223812Z,1,1,0.00020921304530929774,0.9773223400115967,0.022468436509370804
gue_splice_reconstructed__bert-base-uncased__20260520T223812Z,2,2,0.003308261977508664,0.004865479189902544,0.9918262958526611
gue_splice_reconstructed__bert-base-uncased__20260520T223812Z,0,2,0.05499069020152092,0.0023965882137417793,0.9426127672195435
gue_splice_reconstructed__bert-base-uncased__20260520T223812Z,1,1,0.0003293071931693703,0.9932222366333008,0.0064484840258955956
gue_splice_reconstructed__bert-base-uncased__20260520T223812Z,2,2,0.01216520369052887,0.00140960025601089,0.9864251613616943
gue_splice_reconstructed__bert-base-uncased__20260520T223812Z,2,2,0.005184264853596687,0.003971034195274115,0.9908446669578552
gue_splice_reconstructed__bert-base-uncased__20260520T223812Z,2,2,0.002772228792309761,0.006382985971868038,0.9908447861671448
gue_splice_reconstructed__bert-base-uncased__20260520T223812Z,1,1,0.00028318085242062807,0.9869115352630615,0.012805231846868992
gue_splice_reconstructed__bert-base-uncased__20260520T223812Z,0,0,0.564342737197876,0.022976912558078766,0.41268038749694824
gue_splice_reconstructed__bert-base-uncased__20260520T223812Z,2,2,0.003777592908591032,0.004543317016214132,0.9916790127754211
gue_splice_reconstructed__bert-base-uncased__20260520T223812Z,1,1,0.0001901734940474853,0.9871964454650879,0.012613424099981785
gue_splice_reconstructed__bert-base-uncased__20260520T223812Z,0,0,0.7509761452674866,0.0004089137364644557,0.24861489236354828
gue_splice_reconstructed__bert-base-uncased__20260520T223812Z,0,0,0.5671088099479675,0.0006141145713627338,0.4322770833969116
gue_splice_reconstructed__bert-base-uncased__20260520T223812Z,1,1,0.00022419066226575524,0.9610465168952942,0.03872932866215706
gue_splice_reconstructed__bert-base-uncased__20260520T223812Z,2,1,0.0007161309476941824,0.6459972858428955,0.35328662395477295
gue_splice_reconstructed__bert-base-uncased__20260520T223812Z,0,0,0.9888495802879333,0.00022533288574777544,0.010924950242042542
gue_splice_reconstructed__bert-base-uncased__20260520T223812Z,1,2,0.0008796905749477446,0.12928889691829681,0.869831383228302
gue_splice_reconstructed__bert-base-uncased__20260520T223812Z,1,1,0.0004443899088073522,0.6583444476127625,0.3412112295627594
gue_splice_reconstructed__bert-base-uncased__20260520T223812Z,2,2,0.0015167020028457046,0.04707390442490578,0.9514093995094299
gue_splice_reconstructed__bert-base-uncased__20260520T223812Z,0,0,0.985960841178894,0.00023545697331428528,0.013803744688630104
gue_splice_reconstructed__bert-base-uncased__20260520T223812Z,0,2,0.12127827107906342,0.0020654203835874796,0.8766562342643738
gue_splice_reconstructed__bert-base-uncased__20260520T223812Z,1,2,0.0013358992291614413,0.0961090549826622,0.902554988861084
gue_splice_reconstructed__bert-base-uncased__20260520T223812Z,1,1,0.0002260394539916888,0.9842309355735779,0.015542933717370033
gue_splice_reconstructed__bert-base-uncased__20260520T223812Z,2,2,0.0408659428358078,0.0014941853005439043,0.9576398134231567
gue_splice_reconstructed__bert-base-uncased__20260520T223812Z,2,2,0.002148990286514163,0.00774637283757329,0.990104615688324
gue_splice_reconstructed__bert-base-uncased__20260520T223812Z,2,2,0.0048596509732306,0.02081255614757538,0.9743278622627258
gue_splice_reconstructed__bert-base-uncased__20260520T223812Z,0,0,0.9773584604263306,0.00019425491336733103,0.022447330877184868
gue_splice_reconstructed__bert-base-uncased__20260520T223812Z,1,1,0.00022141804220154881,0.9678815603256226,0.03189700469374657
gue_splice_reconstructed__bert-base-uncased__20260520T223812Z,0,0,0.9814788103103638,0.00021257942717056721,0.018308600410819054
gue_splice_reconstructed__bert-base-uncased__20260520T223812Z,2,2,0.0071489932015538216,0.0029196497052907944,0.9899313449859619
gue_splice_reconstructed__bert-base-uncased__20260520T223812Z,2,2,0.014491022564470768,0.004704545717686415,0.9808043837547302
gue_splice_reconstructed__bert-base-uncased__20260520T223812Z,1,1,0.0002890194591600448,0.991643488407135,0.008067472837865353
gue_splice_reconstructed__bert-base-uncased__20260520T223812Z,0,0,0.9903056621551514,0.000222166083403863,0.009472145698964596
gue_splice_reconstructed__bert-base-uncased__20260520T223812Z,2,2,0.003169919131323695,0.004753967747092247,0.9920761585235596
gue_splice_reconstructed__bert-base-uncased__20260520T223812Z,0,0,0.9784041047096252,0.0003125767398159951,0.021283240988850594
gue_splice_reconstructed__bert-base-uncased__20260520T223812Z,0,0,0.8811049461364746,0.0006939831073395908,0.1182011291384697
gue_splice_reconstructed__bert-base-uncased__20260520T223812Z,0,0,0.9789857864379883,0.00033817693474702537,0.020675992593169212
gue_splice_reconstructed__bert-base-uncased__20260520T223812Z,2,2,0.009787811897695065,0.001530614448711276,0.9886815547943115
gue_splice_reconstructed__bert-base-uncased__20260520T223812Z,0,0,0.9619446992874146,0.00020632377709262073,0.03784903511404991
gue_splice_reconstructed__bert-base-uncased__20260520T223812Z,2,0,0.8547208309173584,0.00033325928961858153,0.1449459344148636
gue_splice_reconstructed__bert-base-uncased__20260520T223812Z,1,1,0.00018722967070061713,0.9795376658439636,0.020275132730603218
gue_splice_reconstructed__bert-base-uncased__20260520T223812Z,2,2,0.005837686359882355,0.005680224858224392,0.9884821176528931
gue_splice_reconstructed__bert-base-uncased__20260520T223812Z,2,0,0.5465191602706909,0.0008427878492511809,0.45263805985450745
gue_splice_reconstructed__bert-base-uncased__20260520T223812Z,2,2,0.0027024531736969948,0.0065528638660907745,0.9907446503639221
gue_splice_reconstructed__bert-base-uncased__20260520T223812Z,2,2,0.05770566686987877,0.0014881271636113524,0.9408062100410461
gue_splice_reconstructed__bert-base-uncased__20260520T223812Z,1,1,0.00045930067426525056,0.9483866691589355,0.05115398392081261
gue_splice_reconstructed__bert-base-uncased__20260520T223812Z,2,2,0.003187732072547078,0.04298589751124382,0.953826367855072
gue_splice_reconstructed__bert-base-uncased__20260520T223812Z,2,2,0.002422035438939929,0.00700839189812541,0.9905695915222168
gue_splice_reconstructed__bert-base-uncased__20260520T223812Z,1,1,0.0002353111922275275,0.9892069101333618,0.010557794943451881
gue_splice_reconstructed__bert-base-uncased__20260520T223812Z,1,1,0.0001960561639862135,0.9864211082458496,0.01338284369558096
gue_splice_reconstructed__bert-base-uncased__20260520T223812Z,1,1,0.0002684155770111829,0.9919026494026184,0.00782894715666771
gue_splice_reconstructed__bert-base-uncased__20260520T223812Z,2,2,0.0018677219050005078,0.01730995625257492,0.9808222651481628
gue_splice_reconstructed__bert-base-uncased__20260520T223812Z,1,1,0.00017737827147357166,0.9839972257614136,0.015825429931282997
gue_splice_reconstructed__bert-base-uncased__20260520T223812Z,2,2,0.011375143192708492,0.001968997297808528,0.9866558313369751
gue_splice_reconstructed__bert-base-uncased__20260520T223812Z,1,1,0.0003684957337100059,0.9827411770820618,0.016890428960323334
gue_splice_reconstructed__bert-base-uncased__20260520T223812Z,0,0,0.944554328918457,0.00022381330200005323,0.0552217960357666
gue_splice_reconstructed__bert-base-uncased__20260520T223812Z,0,0,0.9431087374687195,0.0004740125441458076,0.056417275220155716
gue_splice_reconstructed__bert-base-uncased__20260520T223812Z,1,1,0.0009483033791184425,0.8964850902557373,0.10256665199995041
gue_splice_reconstructed__bert-base-uncased__20260520T223812Z,1,2,0.0005447590374387801,0.46707719564437866,0.532378077507019
gue_splice_reconstructed__bert-base-uncased__20260520T223812Z,2,2,0.0024164908099919558,0.007349418010562658,0.9902341365814209
gue_splice_reconstructed__bert-base-uncased__20260520T223812Z,0,0,0.9738774299621582,0.00020127370953559875,0.0259212926030159
gue_splice_reconstructed__bert-base-uncased__20260520T223812Z,0,2,0.12562069296836853,0.05762578919529915,0.8167535066604614
gue_splice_reconstructed__bert-base-uncased__20260520T223812Z,2,2,0.002463202690705657,0.007684133481234312,0.9898526072502136
gue_splice_reconstructed__bert-base-uncased__20260520T223812Z,1,1,0.0003341621777508408,0.9941797256469727,0.005486063193529844
gue_splice_reconstructed__bert-base-uncased__20260520T223812Z,1,1,0.0003388273762539029,0.9924308657646179,0.007230313029140234
gue_splice_reconstructed__bert-base-uncased__20260520T223812Z,1,1,0.00017601055151317269,0.9879195690155029,0.011904304847121239
gue_splice_reconstructed__bert-base-uncased__20260520T223812Z,2,2,0.002717400435358286,0.006878403946757317,0.9904042482376099
gue_splice_reconstructed__bert-base-uncased__20260520T223812Z,0,2,0.10941223800182343,0.0013739384012296796,0.8892138004302979
gue_splice_reconstructed__bert-base-uncased__20260520T223812Z,2,2,0.040843650698661804,0.002155668567866087,0.957000732421875
gue_splice_reconstructed__bert-base-uncased__20260520T223812Z,1,1,0.00019919141777791083,0.956301748752594,0.04349915310740471
gue_splice_reconstructed__bert-base-uncased__20260520T223812Z,2,2,0.056292612105607986,0.005091687198728323,0.9386156797409058
gue_splice_reconstructed__bert-base-uncased__20260520T223812Z,2,2,0.0029707446228712797,0.005389840342104435,0.9916394352912903
gue_splice_reconstructed__bert-base-uncased__20260520T223812Z,1,1,0.00022057622845750302,0.9870671629905701,0.012712238356471062
gue_splice_reconstructed__bert-base-uncased__20260520T223812Z,2,2,0.001422319677658379,0.06901811808347702,0.929559588432312
gue_splice_reconstructed__bert-base-uncased__20260520T223812Z,0,0,0.9483315348625183,0.0011750900885090232,0.05049341544508934
gue_splice_reconstructed__bert-base-uncased__20260520T223812Z,1,1,0.00044722267193719745,0.994592010974884,0.004960722289979458
gue_splice_reconstructed__bert-base-uncased__20260520T223812Z,2,2,0.006783574353903532,0.0010849093087017536,0.9921315312385559
gue_splice_reconstructed__bert-base-uncased__20260520T223812Z,2,2,0.002515849657356739,0.007964182645082474,0.9895199537277222
gue_splice_reconstructed__bert-base-uncased__20260520T223812Z,2,1,0.00030496541876345873,0.88456791639328,0.11512710154056549
gue_splice_reconstructed__bert-base-uncased__20260520T223812Z,0,0,0.8849125504493713,0.0003644255339168012,0.11472294479608536
gue_splice_reconstructed__bert-base-uncased__20260520T223812Z,0,0,0.9897289276123047,0.00037184145185165107,0.009899166412651539
gue_splice_reconstructed__bert-base-uncased__20260520T223812Z,0,0,0.9697326421737671,0.003552478039637208,0.026714954525232315
gue_splice_reconstructed__bert-base-uncased__20260520T223812Z,2,2,0.011981265619397163,0.0031346699688583612,0.9848840236663818
gue_splice_reconstructed__bert-base-uncased__20260520T223812Z,0,0,0.9174480438232422,0.0002444186247885227,0.08230756968259811
gue_splice_reconstructed__bert-base-uncased__20260520T223812Z,2,2,0.004023468121886253,0.004713107831776142,0.9912633895874023
gue_splice_reconstructed__bert-base-uncased__20260520T223812Z,1,1,0.0005579374264925718,0.6202753186225891,0.37916669249534607
gue_splice_reconstructed__bert-base-uncased__20260520T223812Z,1,1,0.0004848017415497452,0.9951942563056946,0.004320991691201925
gue_splice_reconstructed__bert-base-uncased__20260520T223812Z,0,0,0.69437575340271,0.000491205311845988,0.30513298511505127
gue_splice_reconstructed__bert-base-uncased__20260520T223812Z,0,0,0.9064490795135498,0.00022509193513542414,0.09332587569952011
gue_splice_reconstructed__bert-base-uncased__20260520T223812Z,1,2,0.05754955857992172,0.0834483876824379,0.8590020537376404
gue_splice_reconstructed__bert-base-uncased__20260520T223812Z,2,2,0.046103302389383316,0.0013745106989517808,0.9525222182273865
gue_splice_reconstructed__bert-base-uncased__20260520T223812Z,0,0,0.9780423045158386,0.00018048576021101326,0.021777240559458733
gue_splice_reconstructed__bert-base-uncased__20260520T223812Z,1,1,0.0002054907672572881,0.9712494611740112,0.02854505553841591
gue_splice_reconstructed__bert-base-uncased__20260520T223812Z,2,2,0.010373082011938095,0.001456918427720666,0.9881700277328491
gue_splice_reconstructed__bert-base-uncased__20260520T223812Z,0,0,0.9785081148147583,0.00020381686044856906,0.021288100630044937
gue_splice_reconstructed__bert-base-uncased__20260520T223812Z,0,0,0.9785284399986267,0.0005705150542780757,0.020901009440422058
gue_splice_reconstructed__bert-base-uncased__20260520T223812Z,0,0,0.9692248106002808,0.00023694915580563247,0.03053816221654415
gue_splice_reconstructed__bert-base-uncased__20260520T223812Z,2,2,0.002506545977666974,0.005839287769049406,0.9916541576385498
gue_splice_reconstructed__bert-base-uncased__20260520T223812Z,2,2,0.002651721239089966,0.006028498988598585,0.9913197159767151
gue_splice_reconstructed__bert-base-uncased__20260520T223812Z,2,2,0.025352122262120247,0.0026564830914139748,0.9719913601875305
gue_splice_reconstructed__bert-base-uncased__20260520T223812Z,2,2,0.024214185774326324,0.0028694665525108576,0.972916305065155
gue_splice_reconstructed__bert-base-uncased__20260520T223812Z,0,2,0.0903521478176117,0.001568318111822009,0.9080795049667358
gue_splice_reconstructed__bert-base-uncased__20260520T223812Z,2,0,0.6947801113128662,0.0008024573908187449,0.3044174611568451
gue_splice_reconstructed__bert-base-uncased__20260520T223812Z,0,0,0.9425747394561768,0.00023589852207805961,0.05718943849205971
gue_splice_reconstructed__bert-base-uncased__20260520T223812Z,2,2,0.006709251087158918,0.003367040306329727,0.9899237751960754
gue_splice_reconstructed__bert-base-uncased__20260520T223812Z,2,0,0.9524107575416565,0.00031027369550429285,0.04727901518344879
gue_splice_reconstructed__bert-base-uncased__20260520T223812Z,2,0,0.7172317504882812,0.0005214387783780694,0.28224679827690125
gue_splice_reconstructed__bert-base-uncased__20260520T223812Z,2,2,0.002554700942710042,0.0082225501537323,0.9892227649688721
gue_splice_reconstructed__bert-base-uncased__20260520T223812Z,2,2,0.07303034514188766,0.001610695500858128,0.9253588914871216
gue_splice_reconstructed__bert-base-uncased__20260520T223812Z,1,1,0.0003511827380862087,0.9950273633003235,0.004621410742402077
gue_splice_reconstructed__bert-base-uncased__20260520T223812Z,1,1,0.0002584632602520287,0.9931725859642029,0.006568922661244869
gue_splice_reconstructed__bert-base-uncased__20260520T223812Z,2,2,0.003585655940696597,0.00415131775662303,0.9922630786895752
gue_splice_reconstructed__bert-base-uncased__20260520T223812Z,1,1,0.0003902247699443251,0.9949750900268555,0.004634725395590067
gue_splice_reconstructed__bert-base-uncased__20260520T223812Z,2,2,0.002867537084966898,0.2788298726081848,0.7183026075363159
gue_splice_reconstructed__bert-base-uncased__20260520T223812Z,2,2,0.008649846538901329,0.021377239376306534,0.9699729084968567
gue_splice_reconstructed__bert-base-uncased__20260520T223812Z,2,2,0.0021059855353087187,0.006531387567520142,0.9913626313209534
gue_splice_reconstructed__bert-base-uncased__20260520T223812Z,2,2,0.0006471416563726962,0.29382196068763733,0.7055308818817139
gue_splice_reconstructed__bert-base-uncased__20260520T223812Z,1,1,0.00030326732667163014,0.9890088438987732,0.01068793423473835
gue_splice_reconstructed__bert-base-uncased__20260520T223812Z,2,2,0.0011681545292958617,0.035624291747808456,0.9632075428962708
gue_splice_reconstructed__bert-base-uncased__20260520T223812Z,0,0,0.9821217060089111,0.0002477237721905112,0.017630577087402344
gue_splice_reconstructed__bert-base-uncased__20260520T223812Z,2,2,0.0031742036808282137,0.005347029771655798,0.9914787411689758
gue_splice_reconstructed__bert-base-uncased__20260520T223812Z,0,0,0.9943621158599854,0.00030670067644678056,0.005331250373274088
gue_splice_reconstructed__bert-base-uncased__20260520T223812Z,2,1,0.008996183052659035,0.5947889089584351,0.39621487259864807
gue_splice_reconstructed__bert-base-uncased__20260520T223812Z,2,2,0.002718961564823985,0.0043704211711883545,0.9929105639457703
gue_splice_reconstructed__bert-base-uncased__20260520T223812Z,0,0,0.9495417475700378,0.00023259103181771934,0.05022567883133888
gue_splice_reconstructed__bert-base-uncased__20260520T223812Z,0,0,0.9157204031944275,0.0004248283221386373,0.08385474234819412
gue_splice_reconstructed__bert-base-uncased__20260520T223812Z,0,0,0.9899351000785828,0.000305335212033242,0.009759631007909775
gue_splice_reconstructed__bert-base-uncased__20260520T223812Z,2,2,0.006563120987266302,0.0021100265439599752,0.9913268685340881
gue_splice_reconstructed__bert-base-uncased__20260520T223812Z,1,1,0.00020634086104109883,0.9906256198883057,0.009168003685772419
gue_splice_reconstructed__bert-base-uncased__20260520T223812Z,2,2,0.0031430532690137625,0.007408414967358112,0.9894485473632812
gue_splice_reconstructed__bert-base-uncased__20260520T223812Z,2,2,0.1592431366443634,0.0010693107033148408,0.8396875858306885
gue_splice_reconstructed__bert-base-uncased__20260520T223812Z,0,0,0.9883468747138977,0.0014888242585584521,0.010164338164031506
gue_splice_reconstructed__bert-base-uncased__20260520T223812Z,1,2,0.0037899031303822994,0.4929977059364319,0.5032123923301697
gue_splice_reconstructed__bert-base-uncased__20260520T223812Z,2,2,0.002235003048554063,0.0074801319278776646,0.9902848601341248
gue_splice_reconstructed__bert-base-uncased__20260520T223812Z,2,2,0.005494116339832544,0.004200161434710026,0.9903056621551514
gue_splice_reconstructed__bert-base-uncased__20260520T223812Z,0,0,0.9832104444503784,0.00032983036362566054,0.016459757462143898
gue_splice_reconstructed__bert-base-uncased__20260520T223812Z,1,1,0.0002933812793344259,0.9929406642913818,0.00676594115793705
gue_splice_reconstructed__bert-base-uncased__20260520T223812Z,2,2,0.002954578958451748,0.005006313789635897,0.9920390844345093
gue_splice_reconstructed__bert-base-uncased__20260520T223812Z,2,2,0.002385309198871255,0.006702843122184277,0.9909118413925171
gue_splice_reconstructed__bert-base-uncased__20260520T223812Z,2,2,0.023844026029109955,0.0030255126766860485,0.9731304049491882
gue_splice_reconstructed__bert-base-uncased__20260520T223812Z,2,2,0.0013163473922759295,0.10411188751459122,0.8945717811584473
gue_splice_reconstructed__bert-base-uncased__20260520T223812Z,2,2,0.0056354389525949955,0.002116117160767317,0.9922484159469604
gue_splice_reconstructed__bert-base-uncased__20260520T223812Z,1,1,0.0003328855091240257,0.9942576885223389,0.005409351550042629
gue_splice_reconstructed__bert-base-uncased__20260520T223812Z,1,1,0.00037190967123024166,0.9937849044799805,0.005843267776072025
gue_splice_reconstructed__bert-base-uncased__20260520T223812Z,2,2,0.0020817641634494066,0.0064060259610414505,0.9915122389793396
gue_splice_reconstructed__bert-base-uncased__20260520T223812Z,2,2,0.002240952802821994,0.010638914071023464,0.9871201515197754
gue_splice_reconstructed__bert-base-uncased__20260520T223812Z,2,2,0.0028276785742491484,0.006056759040802717,0.9911155700683594
gue_splice_reconstructed__bert-base-uncased__20260520T223812Z,1,1,0.00047567259753122926,0.9299209117889404,0.06960346549749374
gue_splice_reconstructed__bert-base-uncased__20260520T223812Z,2,2,0.0011066787410527468,0.09524393826723099,0.9036493897438049
gue_splice_reconstructed__bert-base-uncased__20260520T223812Z,2,2,0.0011553921503946185,0.08800974488258362,0.9108349084854126
gue_splice_reconstructed__bert-base-uncased__20260520T223812Z,2,2,0.016047820448875427,0.003633590880781412,0.9803186058998108
gue_splice_reconstructed__bert-base-uncased__20260520T223812Z,2,2,0.0038677810225635767,0.004298000130802393,0.991834282875061
gue_splice_reconstructed__bert-base-uncased__20260520T223812Z,1,1,0.0002306060487171635,0.9214277267456055,0.07834174484014511
gue_splice_reconstructed__bert-base-uncased__20260520T223812Z,1,1,0.0003528784727677703,0.9939907789230347,0.00565637182444334
gue_splice_reconstructed__bert-base-uncased__20260520T223812Z,2,2,0.001989432144910097,0.03555312380194664,0.9624574780464172
gue_splice_reconstructed__bert-base-uncased__20260520T223812Z,2,2,0.002926260232925415,0.006837061140686274,0.9902366995811462
gue_splice_reconstructed__bert-base-uncased__20260520T223812Z,2,2,0.003299902193248272,0.0054459348320961,0.9912541508674622
gue_splice_reconstructed__bert-base-uncased__20260520T223812Z,2,0,0.8549575209617615,0.0003392630605958402,0.14470317959785461
gue_splice_reconstructed__bert-base-uncased__20260520T223812Z,2,2,0.0020894126500934362,0.2496565580368042,0.7482540011405945
gue_splice_reconstructed__bert-base-uncased__20260520T223812Z,0,0,0.9875285625457764,0.00028060420299880207,0.012190710753202438
gue_splice_reconstructed__bert-base-uncased__20260520T223812Z,1,1,0.00027506976039148867,0.9832958579063416,0.01642906852066517
gue_splice_reconstructed__bert-base-uncased__20260520T223812Z,1,1,0.00019988349231425673,0.939227283000946,0.06057284399867058
gue_splice_reconstructed__bert-base-uncased__20260520T223812Z,0,0,0.9263288378715515,0.00026014784816652536,0.07341095060110092
gue_splice_reconstructed__bert-base-uncased__20260520T223812Z,0,0,0.9852222800254822,0.0002645330678205937,0.014513268135488033
gue_splice_reconstructed__bert-base-uncased__20260520T223812Z,2,2,0.0009421505965292454,0.08369895070791245,0.9153589010238647
gue_splice_reconstructed__bert-base-uncased__20260520T223812Z,2,2,0.003019997850060463,0.010326860472559929,0.9866531491279602
gue_splice_reconstructed__bert-base-uncased__20260520T223812Z,0,0,0.9635408520698547,0.0001949047000380233,0.03626415133476257
gue_splice_reconstructed__bert-base-uncased__20260520T223812Z,2,2,0.008296631276607513,0.005196971353143454,0.9865064024925232
gue_splice_reconstructed__bert-base-uncased__20260520T223812Z,0,0,0.5933863520622253,0.00037554060691036284,0.4062381386756897
gue_splice_reconstructed__bert-base-uncased__20260520T223812Z,2,2,0.00636734114959836,0.003284034552052617,0.9903485774993896
gue_splice_reconstructed__bert-base-uncased__20260520T223812Z,2,2,0.015045656822621822,0.0046654813922941685,0.9802888631820679
gue_splice_reconstructed__bert-base-uncased__20260520T223812Z,2,2,0.022225623950362206,0.0027174213901162148,0.9750569462776184
gue_splice_reconstructed__bert-base-uncased__20260520T223812Z,1,1,0.00033795469789765775,0.9707289934158325,0.0289330892264843
gue_splice_reconstructed__bert-base-uncased__20260520T223812Z,2,0,0.8725171089172363,0.0003031700034625828,0.12717969715595245
gue_splice_reconstructed__bert-base-uncased__20260520T223812Z,2,2,0.0021207761019468307,0.007323144469410181,0.9905560612678528
gue_splice_reconstructed__bert-base-uncased__20260520T223812Z,2,2,0.0012820552801713347,0.08563761413097382,0.9130803346633911
gue_splice_reconstructed__bert-base-uncased__20260520T223812Z,2,2,0.007719350978732109,0.00947643630206585,0.9828041791915894
gue_splice_reconstructed__bert-base-uncased__20260520T223812Z,2,1,0.00016165153647307307,0.9620765447616577,0.03776191547513008
gue_splice_reconstructed__bert-base-uncased__20260520T223812Z,0,0,0.993766188621521,0.0002462932316120714,0.005987569224089384
gue_splice_reconstructed__bert-base-uncased__20260520T223812Z,2,2,0.003229341469705105,0.005645574536174536,0.9911250472068787
gue_splice_reconstructed__bert-base-uncased__20260520T223812Z,1,2,0.002957051619887352,0.009974312968552113,0.9870686531066895
gue_splice_reconstructed__bert-base-uncased__20260520T223812Z,2,1,0.001113999867811799,0.735201358795166,0.26368463039398193
gue_splice_reconstructed__bert-base-uncased__20260520T223812Z,1,1,0.00023137018433772027,0.9879564642906189,0.011812105774879456
gue_splice_reconstructed__bert-base-uncased__20260520T223812Z,1,2,0.004709126427769661,0.034399013966321945,0.960891842842102
gue_splice_reconstructed__bert-base-uncased__20260520T223812Z,0,0,0.9888030886650085,0.0001867987448349595,0.011010115966200829
gue_splice_reconstructed__bert-base-uncased__20260520T223812Z,2,2,0.0019864975474774837,0.006469100248068571,0.9915443658828735
gue_splice_reconstructed__bert-base-uncased__20260520T223812Z,2,2,0.0019588973373174667,0.08130534738302231,0.9167357683181763
gue_splice_reconstructed__bert-base-uncased__20260520T223812Z,0,0,0.9549627900123596,0.0003511538670863956,0.04468601569533348
gue_splice_reconstructed__bert-base-uncased__20260520T223812Z,2,2,0.0037155374884605408,0.007469032891094685,0.988815426826477
gue_splice_reconstructed__bert-base-uncased__20260520T223812Z,0,0,0.9943594336509705,0.0003869484644383192,0.005253711249679327
gue_splice_reconstructed__bert-base-uncased__20260520T223812Z,1,1,0.0002740801137406379,0.9913071990013123,0.008418820798397064
gue_splice_reconstructed__bert-base-uncased__20260520T223812Z,1,2,0.00047768602962605655,0.42755091190338135,0.5719714164733887
gue_splice_reconstructed__bert-base-uncased__20260520T223812Z,1,1,0.005158235784620047,0.5412682890892029,0.45357343554496765
gue_splice_reconstructed__bert-base-uncased__20260520T223812Z,2,2,0.009868883527815342,0.0019835627172142267,0.9881475567817688
gue_splice_reconstructed__bert-base-uncased__20260520T223812Z,1,1,0.00030547648202627897,0.9942692518234253,0.005425286013633013
gue_splice_reconstructed__bert-base-uncased__20260520T223812Z,2,2,0.0012618442997336388,0.023223672062158585,0.9755144715309143
gue_splice_reconstructed__bert-base-uncased__20260520T223812Z,2,2,0.0014304228825494647,0.015014920383691788,0.9835546612739563
gue_splice_reconstructed__bert-base-uncased__20260520T223812Z,2,2,0.0019036863232031465,0.1725398153066635,0.8255565166473389
gue_splice_reconstructed__bert-base-uncased__20260520T223812Z,0,0,0.8542606234550476,0.00030445962329395115,0.1454349011182785
gue_splice_reconstructed__bert-base-uncased__20260520T223812Z,2,2,0.004314613062888384,0.005834364332258701,0.9898509979248047
gue_splice_reconstructed__bert-base-uncased__20260520T223812Z,0,0,0.9418622851371765,0.00040254296618513763,0.05773518979549408
gue_splice_reconstructed__bert-base-uncased__20260520T223812Z,1,1,0.0001811586698750034,0.9816887378692627,0.01813012734055519
gue_splice_reconstructed__bert-base-uncased__20260520T223812Z,0,0,0.9425747394561768,0.00023589852207805961,0.05718943849205971
gue_splice_reconstructed__bert-base-uncased__20260520T223812Z,2,2,0.4826953113079071,0.0004585899878293276,0.5168460607528687
gue_splice_reconstructed__bert-base-uncased__20260520T223812Z,0,0,0.689461886882782,0.0006824558950029314,0.3098556697368622
gue_splice_reconstructed__bert-base-uncased__20260520T223812Z,0,0,0.6979616284370422,0.0018488620407879353,0.3001895546913147
gue_splice_reconstructed__bert-base-uncased__20260520T223812Z,2,2,0.0023361840285360813,0.006083316635340452,0.9915804266929626
gue_splice_reconstructed__bert-base-uncased__20260520T223812Z,0,0,0.9753413796424866,0.00020555198716465384,0.02445298805832863
gue_splice_reconstructed__bert-base-uncased__20260520T223812Z,2,0,0.980395495891571,0.0003187672991771251,0.019285764545202255
gue_splice_reconstructed__bert-base-uncased__20260520T223812Z,2,2,0.004010861739516258,0.0039641340263187885,0.9920250177383423
gue_splice_reconstructed__bert-base-uncased__20260520T223812Z,2,2,0.0017178294947370887,0.015221397392451763,0.9830607771873474
gue_splice_reconstructed__bert-base-uncased__20260520T223812Z,2,2,0.01271932851523161,0.001229009823873639,0.9860516786575317
gue_splice_reconstructed__bert-base-uncased__20260520T223812Z,2,2,0.003794945077970624,0.0038547066505998373,0.9923502802848816
gue_splice_reconstructed__bert-base-uncased__20260520T223812Z,1,1,0.00033559888834133744,0.9926209449768066,0.007043510675430298
gue_splice_reconstructed__bert-base-uncased__20260520T223812Z,1,1,0.00027329110889695585,0.9865249395370483,0.013201702386140823
gue_splice_reconstructed__bert-base-uncased__20260520T223812Z,2,1,0.00026996349333785474,0.8701420426368713,0.12958791851997375
gue_splice_reconstructed__bert-base-uncased__20260520T223812Z,2,2,0.03880316764116287,0.0018375866347923875,0.9593591690063477
gue_splice_reconstructed__bert-base-uncased__20260520T223812Z,2,2,0.0031438912265002728,0.005208772141486406,0.9916473627090454
gue_splice_reconstructed__bert-base-uncased__20260520T223812Z,0,0,0.9851880073547363,0.00022101798094809055,0.014590922743082047
gue_splice_reconstructed__bert-base-uncased__20260520T223812Z,2,1,0.0007442805217579007,0.6270277500152588,0.3722279965877533
gue_splice_reconstructed__bert-base-uncased__20260520T223812Z,0,0,0.9719756841659546,0.000208068493520841,0.02781623601913452
gue_splice_reconstructed__bert-base-uncased__20260520T223812Z,2,1,0.00015939607692416757,0.9635922312736511,0.036248382180929184
gue_splice_reconstructed__bert-base-uncased__20260520T223812Z,2,2,0.032765235751867294,0.002419727621600032,0.9648149609565735
gue_splice_reconstructed__bert-base-uncased__20260520T223812Z,0,0,0.9930607080459595,0.0002871800970751792,0.00665209861472249
gue_splice_reconstructed__bert-base-uncased__20260520T223812Z,2,2,0.0010081316577270627,0.30580341815948486,0.6931884288787842
gue_splice_reconstructed__bert-base-uncased__20260520T223812Z,2,2,0.055817291140556335,0.003096393309533596,0.9410862922668457
gue_splice_reconstructed__bert-base-uncased__20260520T223812Z,2,2,0.003561277873814106,0.0031923088245093822,0.9932464361190796
gue_splice_reconstructed__bert-base-uncased__20260520T223812Z,0,0,0.8460881114006042,0.00042858460801653564,0.15348336100578308
gue_splice_reconstructed__bert-base-uncased__20260520T223812Z,0,0,0.5021605491638184,0.0005588571657426655,0.4972805380821228
gue_splice_reconstructed__bert-base-uncased__20260520T223812Z,2,2,0.06718835234642029,0.0014475224306806922,0.9313641786575317
gue_splice_reconstructed__bert-base-uncased__20260520T223812Z,0,2,0.04125067591667175,0.0014877719804644585,0.9572615027427673
gue_splice_reconstructed__bert-base-uncased__20260520T223812Z,1,1,0.0002448338782414794,0.9898091554641724,0.009945998899638653
gue_splice_reconstructed__bert-base-uncased__20260520T223812Z,2,2,0.004865893628448248,0.002254028804600239,0.9928800463676453
gue_splice_reconstructed__bert-base-uncased__20260520T223812Z,2,2,0.0029361960478127003,0.007338471245020628,0.9897253513336182
gue_splice_reconstructed__bert-base-uncased__20260520T223812Z,0,0,0.9653177261352539,0.0006440088618546724,0.03403830900788307
gue_splice_reconstructed__bert-base-uncased__20260520T223812Z,2,2,0.00213522557169199,0.029353799298405647,0.9685109853744507
gue_splice_reconstructed__bert-base-uncased__20260520T223812Z,1,1,0.0001887020916910842,0.9757393598556519,0.024071944877505302
gue_splice_reconstructed__bert-base-uncased__20260520T223812Z,2,0,0.81936115026474,0.0002971999638248235,0.1803416609764099
gue_splice_reconstructed__bert-base-uncased__20260520T223812Z,2,2,0.0036502769216895103,0.007674990221858025,0.9886748194694519
gue_splice_reconstructed__bert-base-uncased__20260520T223812Z,2,2,0.001891203224658966,0.09383238852024078,0.904276430606842
gue_splice_reconstructed__bert-base-uncased__20260520T223812Z,1,1,0.00028140255017206073,0.9922744631767273,0.007444099057465792
gue_splice_reconstructed__bert-base-uncased__20260520T223812Z,2,2,0.002523931674659252,0.008647440001368523,0.9888285994529724
gue_splice_reconstructed__bert-base-uncased__20260520T223812Z,1,1,0.00043190570431761444,0.9948973059654236,0.004670711699873209
gue_splice_reconstructed__bert-base-uncased__20260520T223812Z,2,2,0.003235310548916459,0.00574507936835289,0.9910195469856262
gue_splice_reconstructed__bert-base-uncased__20260520T223812Z,2,2,0.0036267356481403112,0.004434898961335421,0.9919384121894836
gue_splice_reconstructed__bert-base-uncased__20260520T223812Z,2,2,0.005704489070922136,0.004495029337704182,0.9898005127906799
gue_splice_reconstructed__bert-base-uncased__20260520T223812Z,2,2,0.012409727089107037,0.0017635145923122764,0.9858267903327942
gue_splice_reconstructed__bert-base-uncased__20260520T223812Z,2,2,0.0038078168872743845,0.013996591791510582,0.9821955561637878
gue_splice_reconstructed__bert-base-uncased__20260520T223812Z,0,0,0.9107921719551086,0.0006417875993065536,0.08856602758169174
gue_splice_reconstructed__bert-base-uncased__20260520T223812Z,2,2,0.07462053000926971,0.0013230569893494248,0.9240564107894897
gue_splice_reconstructed__bert-base-uncased__20260520T223812Z,1,1,0.00019284927111584693,0.9894234538078308,0.010383703745901585
gue_splice_reconstructed__bert-base-uncased__20260520T223812Z,0,0,0.9885433912277222,0.0003536971053108573,0.011103037744760513
gue_splice_reconstructed__bert-base-uncased__20260520T223812Z,0,0,0.9674848914146423,0.00030251857242546976,0.032212547957897186
gue_splice_reconstructed__bert-base-uncased__20260520T223812Z,2,0,0.9422206878662109,0.0016691292403265834,0.05611014738678932
gue_splice_reconstructed__bert-base-uncased__20260520T223812Z,2,2,0.008772269822657108,0.005603287369012833,0.9856244325637817
gue_splice_reconstructed__bert-base-uncased__20260520T223812Z,0,0,0.9339528679847717,0.00028084596851840615,0.06576617807149887
gue_splice_reconstructed__bert-base-uncased__20260520T223812Z,2,0,0.9339107871055603,0.0007101637311279774,0.06537900865077972
gue_splice_reconstructed__bert-base-uncased__20260520T223812Z,2,1,0.00019961480575148016,0.9527355432510376,0.047064777463674545
gue_splice_reconstructed__bert-base-uncased__20260520T223812Z,2,2,0.001509646070189774,0.04221378639340401,0.956276535987854
gue_splice_reconstructed__bert-base-uncased__20260520T223812Z,1,1,0.00021112675312906504,0.9901222586631775,0.009666613303124905
gue_splice_reconstructed__bert-base-uncased__20260520T223812Z,2,2,0.002817178377881646,0.0058829826302826405,0.9912998080253601
gue_splice_reconstructed__bert-base-uncased__20260520T223812Z,2,2,0.003038434311747551,0.008155128918588161,0.9888064861297607
gue_splice_reconstructed__bert-base-uncased__20260520T223812Z,1,1,0.000267940602498129,0.9901474118232727,0.009584608487784863
gue_splice_reconstructed__bert-base-uncased__20260520T223812Z,0,0,0.9931046366691589,0.00022986624389886856,0.006665398832410574
gue_splice_reconstructed__bert-base-uncased__20260520T223812Z,1,1,0.00032432525767944753,0.7573693990707397,0.24230632185935974
gue_splice_reconstructed__bert-base-uncased__20260520T223812Z,2,2,0.0255559291690588,0.0022637920919805765,0.9721802473068237
gue_splice_reconstructed__bert-base-uncased__20260520T223812Z,1,1,0.0002139629068551585,0.9706531763076782,0.02913282997906208
gue_splice_reconstructed__bert-base-uncased__20260520T223812Z,0,0,0.9929990768432617,0.00020805071108043194,0.006792822387069464
gue_splice_reconstructed__bert-base-uncased__20260520T223812Z,2,2,0.003366062417626381,0.005062937270849943,0.9915709495544434
gue_splice_reconstructed__bert-base-uncased__20260520T223812Z,2,2,0.002377457683905959,0.006106728222221136,0.9915157556533813
gue_splice_reconstructed__bert-base-uncased__20260520T223812Z,2,2,0.0009257321362383664,0.07473457604646683,0.9243396520614624
gue_splice_reconstructed__bert-base-uncased__20260520T223812Z,0,0,0.8882595896720886,0.0006701933452859521,0.1110701933503151
gue_splice_reconstructed__bert-base-uncased__20260520T223812Z,1,1,0.001072630868293345,0.7959126234054565,0.20301471650600433
gue_splice_reconstructed__bert-base-uncased__20260520T223812Z,2,2,0.0032076917123049498,0.00459032179787755,0.9922019243240356
gue_splice_reconstructed__bert-base-uncased__20260520T223812Z,2,0,0.7022286057472229,0.0004290715733077377,0.29734230041503906
gue_splice_reconstructed__bert-base-uncased__20260520T223812Z,1,1,0.0003972126287408173,0.9951449036598206,0.004457932896912098
gue_splice_reconstructed__bert-base-uncased__20260520T223812Z,2,2,0.3315465748310089,0.0006700967787764966,0.667783260345459
gue_splice_reconstructed__bert-base-uncased__20260520T223812Z,2,2,0.0013599848607555032,0.039470817893743515,0.9591692090034485
gue_splice_reconstructed__bert-base-uncased__20260520T223812Z,2,2,0.0015136497095227242,0.022670550271868706,0.9758157730102539
gue_splice_reconstructed__bert-base-uncased__20260520T223812Z,2,2,0.0023595981765538454,0.007789894938468933,0.9898505210876465
gue_splice_reconstructed__bert-base-uncased__20260520T223812Z,1,1,0.0001950491132447496,0.9890511631965637,0.010753827169537544
gue_splice_reconstructed__bert-base-uncased__20260520T223812Z,2,2,0.0027062108274549246,0.009039501659572124,0.9882543087005615
gue_splice_reconstructed__bert-base-uncased__20260520T223812Z,2,2,0.12770380079746246,0.00172718137037009,0.8705689907073975
gue_splice_reconstructed__bert-base-uncased__20260520T223812Z,2,2,0.0039281342178583145,0.0043778736144304276,0.9916940331459045
gue_splice_reconstructed__bert-base-uncased__20260520T223812Z,2,2,0.0032521497923880816,0.00445385230705142,0.9922939538955688
gue_splice_reconstructed__bert-base-uncased__20260520T223812Z,2,2,0.0025058435276150703,0.0061178058385849,0.9913763403892517
gue_splice_reconstructed__bert-base-uncased__20260520T223812Z,2,2,0.0027936093974858522,0.012277929112315178,0.9849284291267395
gue_splice_reconstructed__bert-base-uncased__20260520T223812Z,0,0,0.9746859073638916,0.0034947292879223824,0.021819384768605232
gue_splice_reconstructed__bert-base-uncased__20260520T223812Z,2,2,0.0029681301675736904,0.006265150383114815,0.9907667636871338
gue_splice_reconstructed__bert-base-uncased__20260520T223812Z,2,2,0.0061553181149065495,0.005117909982800484,0.9887267351150513
gue_splice_reconstructed__bert-base-uncased__20260520T223812Z,0,0,0.993891716003418,0.0004053277662023902,0.005702950991690159
gue_splice_reconstructed__bert-base-uncased__20260520T223812Z,0,0,0.9839603304862976,0.0006059290026314557,0.015433743596076965
gue_splice_reconstructed__bert-base-uncased__20260520T223812Z,2,0,0.6285207867622375,0.0005447587464004755,0.3709344267845154
gue_splice_reconstructed__bert-base-uncased__20260520T223812Z,1,1,0.0003246986889280379,0.9928037524223328,0.00687154196202755
gue_splice_reconstructed__bert-base-uncased__20260520T223812Z,2,2,0.019481727853417397,0.003489471971988678,0.9770287871360779
gue_splice_reconstructed__bert-base-uncased__20260520T223812Z,0,0,0.9919348955154419,0.0003156640159431845,0.007749332580715418
gue_splice_reconstructed__bert-base-uncased__20260520T223812Z,2,2,0.0032268231734633446,0.008353411220014095,0.988419771194458
gue_splice_reconstructed__bert-base-uncased__20260520T223812Z,0,0,0.9940407872200012,0.0003108222153969109,0.005648375954478979
gue_splice_reconstructed__bert-base-uncased__20260520T223812Z,0,0,0.9903119802474976,0.0001960621157195419,0.009491882286965847
gue_splice_reconstructed__bert-base-uncased__20260520T223812Z,0,0,0.9577088356018066,0.0001918423513416201,0.04209934175014496
gue_splice_reconstructed__bert-base-uncased__20260520T223812Z,0,0,0.992112398147583,0.00023279771266970783,0.007654811255633831
gue_splice_reconstructed__bert-base-uncased__20260520T223812Z,0,0,0.7101413011550903,0.000685302191413939,0.2891733944416046
gue_splice_reconstructed__bert-base-uncased__20260520T223812Z,2,2,0.0010923824738711119,0.05863145738840103,0.9402761459350586
gue_splice_reconstructed__bert-base-uncased__20260520T223812Z,2,2,0.009792438708245754,0.0010586570715531707,0.9891489148139954
gue_splice_reconstructed__bert-base-uncased__20260520T223812Z,0,2,0.045335981994867325,0.001879251329228282,0.9527847766876221
gue_splice_reconstructed__bert-base-uncased__20260520T223812Z,2,2,0.0029414882883429527,0.005549352616071701,0.991509199142456
gue_splice_reconstructed__bert-base-uncased__20260520T223812Z,2,2,0.002836504951119423,0.008762684650719166,0.9884008169174194
gue_splice_reconstructed__bert-base-uncased__20260520T223812Z,2,1,0.00044818114838562906,0.652391791343689,0.3471600413322449
gue_splice_reconstructed__bert-base-uncased__20260520T223812Z,2,2,0.0025702554266899824,0.00606420636177063,0.9913655519485474
gue_splice_reconstructed__bert-base-uncased__20260520T223812Z,2,2,0.015988929197192192,0.0020297886803746223,0.9819813370704651
gue_splice_reconstructed__bert-base-uncased__20260520T223812Z,2,2,0.004059011582285166,0.003702997462823987,0.9922379851341248
gue_splice_reconstructed__bert-base-uncased__20260520T223812Z,2,2,0.0014841100201010704,0.10496262460947037,0.8935532569885254
gue_splice_reconstructed__bert-base-uncased__20260520T223812Z,0,0,0.9686279892921448,0.00040995923336595297,0.0309621449559927
gue_splice_reconstructed__bert-base-uncased__20260520T223812Z,2,2,0.05043688789010048,0.0014254673151299357,0.948137640953064
gue_splice_reconstructed__bert-base-uncased__20260520T223812Z,2,2,0.007171808276325464,0.0016754071693867445,0.991152822971344
gue_splice_reconstructed__bert-base-uncased__20260520T223812Z,2,2,0.003618380520492792,0.004793575499206781,0.9915880560874939
gue_splice_reconstructed__bert-base-uncased__20260520T223812Z,2,2,0.0051770335994660854,0.004393691197037697,0.9904292821884155
gue_splice_reconstructed__bert-base-uncased__20260520T223812Z,2,2,0.002290307078510523,0.01606173813343048,0.9816479682922363
gue_splice_reconstructed__bert-base-uncased__20260520T223812Z,0,0,0.9349962472915649,0.0002481225528754294,0.0647556334733963
gue_splice_reconstructed__bert-base-uncased__20260520T223812Z,2,0,0.9851107597351074,0.00020439217041712254,0.01468492392450571
gue_splice_reconstructed__bert-base-uncased__20260520T223812Z,1,1,0.00024321331875398755,0.9871059656143188,0.012650815770030022
gue_splice_reconstructed__bert-base-uncased__20260520T223812Z,2,2,0.013481835834681988,0.0027577884029597044,0.9837603569030762
gue_splice_reconstructed__bert-base-uncased__20260520T223812Z,2,2,0.011576852761209011,0.004654687829315662,0.9837684035301208
gue_splice_reconstructed__bert-base-uncased__20260520T223812Z,2,2,0.0010785663034766912,0.09910108894109726,0.8998203873634338
gue_splice_reconstructed__bert-base-uncased__20260520T223812Z,2,2,0.020389914512634277,0.002431663451716304,0.9771784543991089
gue_splice_reconstructed__bert-base-uncased__20260520T223812Z,2,2,0.002512902021408081,0.011055008508265018,0.9864321351051331
gue_splice_reconstructed__bert-base-uncased__20260520T223812Z,2,2,0.006275494117289782,0.002290659351274371,0.99143385887146
gue_splice_reconstructed__bert-base-uncased__20260520T223812Z,2,0,0.7999070882797241,0.007482901681214571,0.1926100105047226
gue_splice_reconstructed__bert-base-uncased__20260520T223812Z,2,2,0.007947849109768867,0.0016643336275592446,0.9903878569602966
gue_splice_reconstructed__bert-base-uncased__20260520T223812Z,0,0,0.9866081476211548,0.00031891316757537425,0.013072914443910122
gue_splice_reconstructed__bert-base-uncased__20260520T223812Z,2,2,0.003437140490859747,0.00363744143396616,0.9929254055023193
gue_splice_reconstructed__bert-base-uncased__20260520T223812Z,0,0,0.5880110859870911,0.0018917229026556015,0.41009721159935
gue_splice_reconstructed__bert-base-uncased__20260520T223812Z,0,0,0.9936861395835876,0.0002354551397729665,0.006078401580452919
gue_splice_reconstructed__bert-base-uncased__20260520T223812Z,0,0,0.991125762462616,0.00021299831860233098,0.008661182597279549
gue_splice_reconstructed__bert-base-uncased__20260520T223812Z,1,1,0.00018888308841269463,0.9881879687309265,0.011623184196650982
gue_splice_reconstructed__bert-base-uncased__20260520T223812Z,2,2,0.0021774480119347572,0.006294503808021545,0.9915280342102051
gue_splice_reconstructed__bert-base-uncased__20260520T223812Z,2,2,0.00825781561434269,0.032596565783023834,0.9591456055641174
gue_splice_reconstructed__bert-base-uncased__20260520T223812Z,2,2,0.003305021207779646,0.005840280558913946,0.9908547401428223
gue_splice_reconstructed__bert-base-uncased__20260520T223812Z,2,2,0.002879298757761717,0.007431955076754093,0.9896887540817261
gue_splice_reconstructed__bert-base-uncased__20260520T223812Z,0,0,0.9754090905189514,0.0002137550909537822,0.024377191439270973
gue_splice_reconstructed__bert-base-uncased__20260520T223812Z,2,2,0.022216912358999252,0.003108240896835923,0.9746748208999634
gue_splice_reconstructed__bert-base-uncased__20260520T223812Z,1,2,0.0008576220134273171,0.49079054594039917,0.5083518028259277
gue_splice_reconstructed__bert-base-uncased__20260520T223812Z,2,2,0.019741836935281754,0.009334495291113853,0.9709237217903137
gue_splice_reconstructed__bert-base-uncased__20260520T223812Z,2,0,0.8820764422416687,0.0003981819318141788,0.11752530187368393
gue_splice_reconstructed__bert-base-uncased__20260520T223812Z,2,2,0.00376926944591105,0.004802174400538206,0.991428554058075
gue_splice_reconstructed__bert-base-uncased__20260520T223812Z,1,1,0.00032891950104385614,0.9939925074577332,0.005678519140928984
gue_splice_reconstructed__bert-base-uncased__20260520T223812Z,2,2,0.049775127321481705,0.001690188772045076,0.9485346674919128
gue_splice_reconstructed__bert-base-uncased__20260520T223812Z,1,1,0.00019898782193195075,0.989507257938385,0.01029371190816164
gue_splice_reconstructed__bert-base-uncased__20260520T223812Z,2,2,0.003674892010167241,0.004863689187914133,0.9914613962173462
gue_splice_reconstructed__bert-base-uncased__20260520T223812Z,2,2,0.02690117061138153,0.00798309501260519,0.9651156663894653
gue_splice_reconstructed__bert-base-uncased__20260520T223812Z,2,2,0.0022967448458075523,0.01137140765786171,0.9863318204879761
gue_splice_reconstructed__bert-base-uncased__20260520T223812Z,1,1,0.0002984280581586063,0.994362473487854,0.005339067429304123
gue_splice_reconstructed__bert-base-uncased__20260520T223812Z,0,0,0.9790486097335815,0.0002488854806870222,0.020702574402093887
gue_splice_reconstructed__bert-base-uncased__20260520T223812Z,1,1,0.000202512092073448,0.9722440242767334,0.02755351923406124
gue_splice_reconstructed__bert-base-uncased__20260520T223812Z,0,0,0.9682914614677429,0.0004838262393604964,0.03122461959719658
gue_splice_reconstructed__bert-base-uncased__20260520T223812Z,2,2,0.0014688895316794515,0.02151152491569519,0.9770195484161377
gue_splice_reconstructed__bert-base-uncased__20260520T223812Z,0,0,0.7572316527366638,0.0002693517890293151,0.2424989640712738
gue_splice_reconstructed__bert-base-uncased__20260520T223812Z,2,2,0.12041903287172318,0.0010226762387901545,0.8785582780838013
gue_splice_reconstructed__bert-base-uncased__20260520T223812Z,2,2,0.007972517982125282,0.0024386148434132338,0.9895888566970825
gue_splice_reconstructed__bert-base-uncased__20260520T223812Z,2,2,0.06636404991149902,0.008292251266539097,0.9253436923027039
gue_splice_reconstructed__bert-base-uncased__20260520T223812Z,1,1,0.00017400608339812607,0.9690682888031006,0.030757684260606766
gue_splice_reconstructed__bert-base-uncased__20260520T223812Z,2,2,0.002305267844349146,0.15421101450920105,0.8434837460517883
gue_splice_reconstructed__bert-base-uncased__20260520T223812Z,2,2,0.0024110630620270967,0.007647391874343157,0.9899415373802185
gue_splice_reconstructed__bert-base-uncased__20260520T223812Z,1,1,0.00020477623911574483,0.9908246397972107,0.008970556780695915
gue_splice_reconstructed__bert-base-uncased__20260520T223812Z,2,2,0.002218165434896946,0.024508601054549217,0.9732732176780701
gue_splice_reconstructed__bert-base-uncased__20260520T223812Z,0,2,0.03470604494214058,0.0021949773654341698,0.96309894323349
gue_splice_reconstructed__bert-base-uncased__20260520T223812Z,0,0,0.9881287217140198,0.00019335071556270123,0.01167795155197382
gue_splice_reconstructed__bert-base-uncased__20260520T223812Z,2,2,0.0603649877011776,0.0012281534727662802,0.9384068846702576
gue_splice_reconstructed__bert-base-uncased__20260520T223812Z,2,2,0.22951310873031616,0.0008482110570184886,0.7696386575698853
gue_splice_reconstructed__bert-base-uncased__20260520T223812Z,2,0,0.9798879623413086,0.00021473660308402032,0.019897371530532837
gue_splice_reconstructed__bert-base-uncased__20260520T223812Z,2,2,0.05558713525533676,0.0021308218128979206,0.9422820210456848
gue_splice_reconstructed__bert-base-uncased__20260520T223812Z,1,1,0.00014301935152616352,0.972085177898407,0.02777186408638954
gue_splice_reconstructed__bert-base-uncased__20260520T223812Z,2,2,0.00896411295980215,0.005264586303383112,0.9857712984085083
gue_splice_reconstructed__bert-base-uncased__20260520T223812Z,0,0,0.9742648005485535,0.0002677944430615753,0.025467319414019585
gue_splice_reconstructed__bert-base-uncased__20260520T223812Z,0,0,0.9918950200080872,0.0002492135390639305,0.007855692878365517
gue_splice_reconstructed__bert-base-uncased__20260520T223812Z,2,2,0.0035210999194532633,0.010594510473310947,0.9858843684196472
gue_splice_reconstructed__bert-base-uncased__20260520T223812Z,2,2,0.0033549501094967127,0.004479445517063141,0.9921655654907227
gue_splice_reconstructed__bert-base-uncased__20260520T223812Z,2,2,0.0031173573806881905,0.005892641842365265,0.9909899234771729
gue_splice_reconstructed__bert-base-uncased__20260520T223812Z,0,0,0.9916170239448547,0.00022464337234850973,0.0081583671271801
gue_splice_reconstructed__bert-base-uncased__20260520T223812Z,2,1,0.0002601460728328675,0.9245150685310364,0.07522475719451904
gue_splice_reconstructed__bert-base-uncased__20260520T223812Z,2,2,0.0010397902224212885,0.05364447087049484,0.9453157186508179
gue_splice_reconstructed__bert-base-uncased__20260520T223812Z,1,1,0.00028196879429742694,0.8638375997543335,0.13588044047355652
gue_splice_reconstructed__bert-base-uncased__20260520T223812Z,2,0,0.925688624382019,0.00015891529619693756,0.07415249943733215
gue_splice_reconstructed__bert-base-uncased__20260520T223812Z,0,0,0.9529824256896973,0.00035248498897999525,0.046665020287036896
gue_splice_reconstructed__bert-base-uncased__20260520T223812Z,0,2,0.008049532771110535,0.00154530827421695,0.9904051423072815
gue_splice_reconstructed__bert-base-uncased__20260520T223812Z,2,2,0.004440842662006617,0.004229214042425156,0.9913299083709717
gue_splice_reconstructed__bert-base-uncased__20260520T223812Z,1,1,0.00021857953106518835,0.9858036041259766,0.01397787407040596
gue_splice_reconstructed__bert-base-uncased__20260520T223812Z,2,2,0.007817494682967663,0.0017307446105405688,0.9904516935348511
gue_splice_reconstructed__bert-base-uncased__20260520T223812Z,0,2,0.27932098507881165,0.004965809639543295,0.7157132029533386
gue_splice_reconstructed__bert-base-uncased__20260520T223812Z,2,2,0.0017525824951007962,0.018531812354922295,0.9797155857086182
gue_splice_reconstructed__bert-base-uncased__20260520T223812Z,0,0,0.970553457736969,0.0003806467284448445,0.029065901413559914
gue_splice_reconstructed__bert-base-uncased__20260520T223812Z,1,1,0.0002779694623313844,0.9936615228652954,0.006060469429939985
gue_splice_reconstructed__bert-base-uncased__20260520T223812Z,2,2,0.023980790749192238,0.003025089157745242,0.9729941487312317
gue_splice_reconstructed__bert-base-uncased__20260520T223812Z,2,2,0.0021767839789390564,0.33364421129226685,0.6641790270805359
gue_splice_reconstructed__bert-base-uncased__20260520T223812Z,2,2,0.038992200046777725,0.0015536132268607616,0.9594542384147644
gue_splice_reconstructed__bert-base-uncased__20260520T223812Z,0,0,0.9946386218070984,0.0004845310759264976,0.004876893013715744
gue_splice_reconstructed__bert-base-uncased__20260520T223812Z,2,2,0.0028265032451599836,0.41703951358795166,0.5801340341567993
gue_splice_reconstructed__bert-base-uncased__20260520T223812Z,2,2,0.0022412023972719908,0.006664908025413752,0.9910939335823059
gue_splice_reconstructed__bert-base-uncased__20260520T223812Z,2,2,0.002480901312083006,0.006378658581525087,0.9911404252052307
gue_splice_reconstructed__bert-base-uncased__20260520T223812Z,2,1,0.0004168955492787063,0.7581943869590759,0.2413887083530426
gue_splice_reconstructed__bert-base-uncased__20260520T223812Z,0,2,0.3226485848426819,0.0009423543815501034,0.676409125328064
gue_splice_reconstructed__bert-base-uncased__20260520T223812Z,2,2,0.26878342032432556,0.0013006333028897643,0.729915976524353
gue_splice_reconstructed__bert-base-uncased__20260520T223812Z,2,2,0.013365063816308975,0.06509815901517868,0.9215367436408997
gue_splice_reconstructed__bert-base-uncased__20260520T223812Z,2,1,0.0006162424688227475,0.520175576210022,0.47920817136764526
gue_splice_reconstructed__bert-base-uncased__20260520T223812Z,0,0,0.8377619981765747,0.0010942936642095447,0.1611436903476715
gue_splice_reconstructed__bert-base-uncased__20260520T223812Z,1,1,0.0003869474458042532,0.9943568110466003,0.005256263539195061
gue_splice_reconstructed__bert-base-uncased__20260520T223812Z,0,0,0.9621118307113647,0.0001432205899618566,0.03774486482143402
gue_splice_reconstructed__bert-base-uncased__20260520T223812Z,0,0,0.9906710386276245,0.0007244658772833645,0.008604530245065689
gue_splice_reconstructed__bert-base-uncased__20260520T223812Z,1,1,0.00033220613840967417,0.9941684007644653,0.005499409977346659
gue_splice_reconstructed__bert-base-uncased__20260520T223812Z,1,1,0.0003239117213524878,0.990397572517395,0.009278466925024986
gue_splice_reconstructed__bert-base-uncased__20260520T223812Z,2,2,0.005792677402496338,0.01046871766448021,0.9837386608123779
gue_splice_reconstructed__bert-base-uncased__20260520T223812Z,2,2,0.003072565421462059,0.006730790250003338,0.9901965856552124
gue_splice_reconstructed__bert-base-uncased__20260520T223812Z,2,2,0.016970394179224968,0.0010448492830619216,0.9819847941398621
gue_splice_reconstructed__bert-base-uncased__20260520T223812Z,0,0,0.9759504199028015,0.00021220935741439462,0.023837348446249962
gue_splice_reconstructed__bert-base-uncased__20260520T223812Z,1,1,0.0003035127592738718,0.9936830997467041,0.006013436708599329
gue_splice_reconstructed__bert-base-uncased__20260520T223812Z,1,1,0.0001636216475162655,0.9852805733680725,0.014555823989212513
gue_splice_reconstructed__bert-base-uncased__20260520T223812Z,2,2,0.1120176613330841,0.00128453248180449,0.8866977691650391
gue_splice_reconstructed__bert-base-uncased__20260520T223812Z,2,2,0.003066345816478133,0.0068096318282186985,0.9901240468025208
gue_splice_reconstructed__bert-base-uncased__20260520T223812Z,2,2,0.0012427297187969089,0.0926956981420517,0.906061589717865
gue_splice_reconstructed__bert-base-uncased__20260520T223812Z,2,2,0.004293513484299183,0.006840942893177271,0.9888655543327332
gue_splice_reconstructed__bert-base-uncased__20260520T223812Z,2,2,0.0030022321734577417,0.004586807452142239,0.9924110174179077
gue_splice_reconstructed__bert-base-uncased__20260520T223812Z,2,2,0.06946226954460144,0.0026165402960032225,0.9279211759567261
gue_splice_reconstructed__bert-base-uncased__20260520T223812Z,2,2,0.0021683501545339823,0.006581864319741726,0.9912497997283936
gue_splice_reconstructed__bert-base-uncased__20260520T223812Z,2,2,0.0013280350249260664,0.0398247204720974,0.9588472247123718
gue_splice_reconstructed__bert-base-uncased__20260520T223812Z,2,2,0.00887499563395977,0.001718816813081503,0.989406168460846
gue_splice_reconstructed__bert-base-uncased__20260520T223812Z,0,2,0.07605527341365814,0.018201949074864388,0.9057427644729614
gue_splice_reconstructed__bert-base-uncased__20260520T223812Z,1,1,0.0001799036981537938,0.9787037968635559,0.0211163442581892
gue_splice_reconstructed__bert-base-uncased__20260520T223812Z,1,1,0.0004285131290089339,0.8040611743927002,0.19551023840904236
gue_splice_reconstructed__bert-base-uncased__20260520T223812Z,2,2,0.03003501333296299,0.005472453776746988,0.9644924998283386
gue_splice_reconstructed__bert-base-uncased__20260520T223812Z,2,2,0.015476073138415813,0.0033896968234330416,0.9811341762542725
gue_splice_reconstructed__bert-base-uncased__20260520T223812Z,1,1,0.0002669556997716427,0.8929778337478638,0.10675518959760666
gue_splice_reconstructed__bert-base-uncased__20260520T223812Z,0,0,0.9383981227874756,0.00018944844487123191,0.061412397772073746
gue_splice_reconstructed__bert-base-uncased__20260520T223812Z,0,2,0.05092598497867584,0.0032995990477502346,0.9457744359970093
gue_splice_reconstructed__bert-base-uncased__20260520T223812Z,2,2,0.0032932735048234463,0.005509810987859964,0.9911969900131226
gue_splice_reconstructed__bert-base-uncased__20260520T223812Z,1,1,0.00023112150665838271,0.9907572865486145,0.009011651389300823
gue_splice_reconstructed__bert-base-uncased__20260520T223812Z,2,2,0.002717061433941126,0.005066234152764082,0.9922167062759399
gue_splice_reconstructed__bert-base-uncased__20260520T223812Z,0,0,0.963513195514679,0.0003474452532827854,0.03613937646150589
gue_splice_reconstructed__bert-base-uncased__20260520T223812Z,0,0,0.8864287734031677,0.0005437402869574726,0.113027423620224
gue_splice_reconstructed__bert-base-uncased__20260520T223812Z,1,1,0.0001839798642322421,0.9892181158065796,0.010597942396998405
gue_splice_reconstructed__bert-base-uncased__20260520T223812Z,2,2,0.001309657352976501,0.0531119666993618,0.945578396320343
gue_splice_reconstructed__bert-base-uncased__20260520T223812Z,1,2,0.0005239776219241321,0.4953458905220032,0.5041301250457764
gue_splice_reconstructed__bert-base-uncased__20260520T223812Z,2,2,0.0031457110308110714,0.006569041404873133,0.9902852177619934
gue_splice_reconstructed__bert-base-uncased__20260520T223812Z,2,1,0.00022120756329968572,0.9745454788208008,0.025233251973986626
gue_splice_reconstructed__bert-base-uncased__20260520T223812Z,2,2,0.0760757252573967,0.0016466145170852542,0.9222776889801025
gue_splice_reconstructed__bert-base-uncased__20260520T223812Z,2,2,0.11727234721183777,0.0012596166925504804,0.8814680576324463
gue_splice_reconstructed__bert-base-uncased__20260520T223812Z,2,2,0.00265496619977057,0.004812220111489296,0.9925327897071838
gue_splice_reconstructed__bert-base-uncased__20260520T223812Z,0,0,0.9896201491355896,0.0001695590908639133,0.01021040789783001
gue_splice_reconstructed__bert-base-uncased__20260520T223812Z,2,2,0.002686056774109602,0.03351113945245743,0.9638028144836426
gue_splice_reconstructed__bert-base-uncased__20260520T223812Z,2,2,0.00416633440181613,0.002894402714446187,0.9929392337799072
gue_splice_reconstructed__bert-base-uncased__20260520T223812Z,2,2,0.016909752041101456,0.005092125851660967,0.9779981374740601
gue_splice_reconstructed__bert-base-uncased__20260520T223812Z,1,1,0.00039453362114727497,0.8051614761352539,0.19444406032562256
gue_splice_reconstructed__bert-base-uncased__20260520T223812Z,2,2,0.0016177294310182333,0.03760518133640289,0.9607770442962646
gue_splice_reconstructed__bert-base-uncased__20260520T223812Z,2,2,0.0029300381429493427,0.007489425130188465,0.9895805716514587
gue_splice_reconstructed__bert-base-uncased__20260520T223812Z,0,0,0.9894461035728455,0.00035332932020537555,0.010200515389442444
gue_splice_reconstructed__bert-base-uncased__20260520T223812Z,2,0,0.8721785545349121,0.001680415472947061,0.1261410117149353
gue_splice_reconstructed__bert-base-uncased__20260520T223812Z,0,1,0.017049459740519524,0.7747378945350647,0.20821267366409302
gue_splice_reconstructed__bert-base-uncased__20260520T223812Z,0,0,0.9932726621627808,0.0003567801904864609,0.006370569113641977
gue_splice_reconstructed__bert-base-uncased__20260520T223812Z,1,1,0.0003021633892785758,0.9202975630760193,0.07940026372671127
gue_splice_reconstructed__bert-base-uncased__20260520T223812Z,2,2,0.04993780702352524,0.0021519388537853956,0.9479103088378906
gue_splice_reconstructed__bert-base-uncased__20260520T223812Z,2,2,0.0006849757628515363,0.2712588310241699,0.7280561923980713
gue_splice_reconstructed__bert-base-uncased__20260520T223812Z,2,2,0.026769403368234634,0.0019958466291427612,0.9712347388267517
gue_splice_reconstructed__bert-base-uncased__20260520T223812Z,2,2,0.003434827784076333,0.006244012154638767,0.9903210997581482
gue_splice_reconstructed__bert-base-uncased__20260520T223812Z,2,2,0.005094312597066164,0.003986874595284462,0.990918755531311
gue_splice_reconstructed__bert-base-uncased__20260520T223812Z,1,1,0.0002769289421848953,0.9938164353370667,0.005906563252210617
gue_splice_reconstructed__bert-base-uncased__20260520T223812Z,2,2,0.0028733087237924337,0.0056311627849936485,0.9914954900741577
gue_splice_reconstructed__bert-base-uncased__20260520T223812Z,2,2,0.0023347579408437014,0.006690191570669413,0.9909750819206238
gue_splice_reconstructed__bert-base-uncased__20260520T223812Z,0,2,0.2548520565032959,0.00914799515157938,0.7359999418258667
gue_splice_reconstructed__bert-base-uncased__20260520T223812Z,2,2,0.01889788918197155,0.002791146980598569,0.9783110022544861
gue_splice_reconstructed__bert-base-uncased__20260520T223812Z,1,1,0.00018035023822449148,0.9888280630111694,0.010991593822836876
gue_splice_reconstructed__bert-base-uncased__20260520T223812Z,0,0,0.9689509868621826,0.00015965763304848224,0.030889403074979782
gue_splice_reconstructed__bert-base-uncased__20260520T223812Z,2,2,0.004542364738881588,0.14823506772518158,0.8472225666046143
gue_splice_reconstructed__bert-base-uncased__20260520T223812Z,0,0,0.9924221634864807,0.0002426202700007707,0.007335150148719549
gue_splice_reconstructed__bert-base-uncased__20260520T223812Z,0,0,0.9645905494689941,0.0006665499531663954,0.03474282845854759
gue_splice_reconstructed__bert-base-uncased__20260520T223812Z,2,2,0.0027913025114685297,0.005375124979764223,0.9918335676193237
gue_splice_reconstructed__bert-base-uncased__20260520T223812Z,0,0,0.9847293496131897,0.00016417015285696834,0.015106434002518654
gue_splice_reconstructed__bert-base-uncased__20260520T223812Z,0,0,0.9616497159004211,0.0003090295067522675,0.03804119676351547
gue_splice_reconstructed__bert-base-uncased__20260520T223812Z,0,0,0.9857827425003052,0.00016434576536994427,0.014052855782210827
gue_splice_reconstructed__bert-base-uncased__20260520T223812Z,2,2,0.05974886566400528,0.004936921410262585,0.9353142380714417
gue_splice_reconstructed__bert-base-uncased__20260520T223812Z,0,0,0.8942381143569946,0.0003076977445743978,0.1054542064666748
gue_splice_reconstructed__bert-base-uncased__20260520T223812Z,2,2,0.001518401550129056,0.49607184529304504,0.5024097561836243
gue_splice_reconstructed__bert-base-uncased__20260520T223812Z,1,1,0.0004896200844086707,0.9953176975250244,0.004192660562694073
gue_splice_reconstructed__bert-base-uncased__20260520T223812Z,2,2,0.004149004351347685,0.00414090882986784,0.9917101263999939
gue_splice_reconstructed__bert-base-uncased__20260520T223812Z,2,2,0.0007992818136699498,0.3604258894920349,0.6387748122215271
gue_splice_reconstructed__bert-base-uncased__20260520T223812Z,2,2,0.0020188919734209776,0.042031627148389816,0.9559494853019714
gue_splice_reconstructed__bert-base-uncased__20260520T223812Z,0,0,0.9571173191070557,0.00020933730411343277,0.04267334192991257
gue_splice_reconstructed__bert-base-uncased__20260520T223812Z,2,2,0.0034322242718189955,0.005062601529061794,0.9915052056312561
gue_splice_reconstructed__bert-base-uncased__20260520T223812Z,2,2,0.002734224312007427,0.004614877514541149,0.9926509261131287
gue_splice_reconstructed__bert-base-uncased__20260520T223812Z,2,2,0.004032505676150322,0.00538410060107708,0.9905834197998047
gue_splice_reconstructed__bert-base-uncased__20260520T223812Z,2,2,0.026182275265455246,0.0027812353800982237,0.971036434173584
gue_splice_reconstructed__bert-base-uncased__20260520T223812Z,2,1,0.0019239997491240501,0.6652144193649292,0.3328615725040436
gue_splice_reconstructed__bert-base-uncased__20260520T223812Z,2,2,0.0614372082054615,0.028224309906363487,0.9103384613990784
gue_splice_reconstructed__bert-base-uncased__20260520T223812Z,1,1,0.00032559086685068905,0.9955316781997681,0.00414268160238862
gue_splice_reconstructed__bert-base-uncased__20260520T223812Z,1,1,0.0002920573460869491,0.9923285841941833,0.007379361893981695
gue_splice_reconstructed__bert-base-uncased__20260520T223812Z,1,1,0.0002621963794808835,0.991897463798523,0.007840382866561413
gue_splice_reconstructed__bert-base-uncased__20260520T223812Z,0,0,0.8831798434257507,0.0012546895304694772,0.11556548625230789
gue_splice_reconstructed__bert-base-uncased__20260520T223812Z,0,2,0.33149445056915283,0.0008273288840427995,0.6676782369613647
gue_splice_reconstructed__bert-base-uncased__20260520T223812Z,2,2,0.002090368652716279,0.029154067859053612,0.9687556028366089
gue_splice_reconstructed__bert-base-uncased__20260520T223812Z,2,2,0.013046195730566978,0.0009186742827296257,0.9860351085662842
gue_splice_reconstructed__bert-base-uncased__20260520T223812Z,1,1,0.00019631796749308705,0.9838876128196716,0.015916049480438232
gue_splice_reconstructed__bert-base-uncased__20260520T223812Z,0,0,0.8634966015815735,0.00027803017292171717,0.13622532784938812
gue_splice_reconstructed__bert-base-uncased__20260520T223812Z,1,1,0.0005157385603524745,0.6396310925483704,0.35985320806503296
gue_splice_reconstructed__bert-base-uncased__20260520T223812Z,2,1,0.00029145905864425004,0.8587050437927246,0.14100351929664612
gue_splice_reconstructed__bert-base-uncased__20260520T223812Z,2,2,0.15485142171382904,0.000639677164144814,0.8445088863372803
gue_splice_reconstructed__bert-base-uncased__20260520T223812Z,2,2,0.008179035037755966,0.003982252441346645,0.9878387451171875
gue_splice_reconstructed__bert-base-uncased__20260520T223812Z,2,2,0.07044042646884918,0.0014623013557866216,0.9280972480773926
gue_splice_reconstructed__bert-base-uncased__20260520T223812Z,0,0,0.9414916634559631,0.0002864501439034939,0.05822194740176201
gue_splice_reconstructed__bert-base-uncased__20260520T223812Z,1,2,0.004117906093597412,0.04746177792549133,0.9484203457832336
gue_splice_reconstructed__bert-base-uncased__20260520T223812Z,1,1,0.0002033304190263152,0.9666861891746521,0.03311050310730934
gue_splice_reconstructed__bert-base-uncased__20260520T223812Z,2,2,0.014769620262086391,0.001067820005118847,0.9841625690460205
gue_splice_reconstructed__bert-base-uncased__20260520T223812Z,2,2,0.004213894717395306,0.004181101452559233,0.9916049242019653
gue_splice_reconstructed__bert-base-uncased__20260520T223812Z,2,2,0.0032903309911489487,0.004462350159883499,0.9922473430633545
gue_splice_reconstructed__bert-base-uncased__20260520T223812Z,2,2,0.002822751412168145,0.005854462739080191,0.9913227558135986
gue_splice_reconstructed__bert-base-uncased__20260520T223812Z,0,0,0.9920972585678101,0.00025368467322550714,0.0076490906067192554
gue_splice_reconstructed__bert-base-uncased__20260520T223812Z,2,2,0.015431536361575127,0.005301840137690306,0.9792665839195251
gue_splice_reconstructed__bert-base-uncased__20260520T223812Z,1,1,0.0002937206591013819,0.9921495914459229,0.007556683849543333
gue_splice_reconstructed__bert-base-uncased__20260520T223812Z,2,2,0.00830220989882946,0.001631612190976739,0.9900661706924438
gue_splice_reconstructed__bert-base-uncased__20260520T223812Z,1,2,0.0009817994432523847,0.3709999918937683,0.6280182600021362
gue_splice_reconstructed__bert-base-uncased__20260520T223812Z,2,2,0.011710235849022865,0.0009307513246312737,0.9873589873313904
gue_splice_reconstructed__bert-base-uncased__20260520T223812Z,2,2,0.008322740904986858,0.003997196443378925,0.9876800775527954
gue_splice_reconstructed__bert-base-uncased__20260520T223812Z,2,2,0.003043886972591281,0.010237176902592182,0.9867189526557922
gue_splice_reconstructed__bert-base-uncased__20260520T223812Z,2,2,0.006467049475759268,0.004237055312842131,0.9892958998680115
gue_splice_reconstructed__bert-base-uncased__20260520T223812Z,2,2,0.006447183433920145,0.0015002554282546043,0.9920525550842285
gue_splice_reconstructed__bert-base-uncased__20260520T223812Z,0,0,0.9884827733039856,0.00042578158900141716,0.011091521009802818
gue_splice_reconstructed__bert-base-uncased__20260520T223812Z,2,2,0.005821059457957745,0.0017512161284685135,0.9924276471138
gue_splice_reconstructed__bert-base-uncased__20260520T223812Z,2,2,0.00863209180533886,0.0013981838710606098,0.9899696707725525
gue_splice_reconstructed__bert-base-uncased__20260520T223812Z,1,1,0.00020869969739578664,0.8911529183387756,0.10863828659057617
gue_splice_reconstructed__bert-base-uncased__20260520T223812Z,2,2,0.001928638550452888,0.03352472558617592,0.9645466208457947
gue_splice_reconstructed__bert-base-uncased__20260520T223812Z,0,2,0.07159554958343506,0.0015245018294081092,0.9268798828125
gue_splice_reconstructed__bert-base-uncased__20260520T223812Z,2,2,0.0034971872810274363,0.005771521013230085,0.9907312989234924
gue_splice_reconstructed__bert-base-uncased__20260520T223812Z,0,0,0.9886457920074463,0.00020115813822485507,0.011153092607855797
gue_splice_reconstructed__bert-base-uncased__20260520T223812Z,2,2,0.0028631750028580427,0.00527133047580719,0.9918654561042786
gue_splice_reconstructed__bert-base-uncased__20260520T223812Z,0,0,0.9444817304611206,0.0002467539452482015,0.05527150258421898
gue_splice_reconstructed__bert-base-uncased__20260520T223812Z,2,0,0.7514227032661438,0.0002999307762365788,0.24827735126018524
gue_splice_reconstructed__bert-base-uncased__20260520T223812Z,2,2,0.002542011206969619,0.005428943783044815,0.9920291304588318
gue_splice_reconstructed__bert-base-uncased__20260520T223812Z,1,1,0.00016325029719155282,0.9753943681716919,0.02444237656891346
gue_splice_reconstructed__bert-base-uncased__20260520T223812Z,1,1,0.0004179345560260117,0.7675430178642273,0.23203900456428528
gue_splice_reconstructed__bert-base-uncased__20260520T223812Z,0,0,0.9519373178482056,0.0004132558824494481,0.047649409621953964
gue_splice_reconstructed__bert-base-uncased__20260520T223812Z,0,0,0.9797489047050476,0.0002640930761117488,0.019987046718597412
gue_splice_reconstructed__bert-base-uncased__20260520T223812Z,0,0,0.9906021356582642,0.00020553152717184275,0.00919243972748518
gue_splice_reconstructed__bert-base-uncased__20260520T223812Z,0,0,0.9891260862350464,0.00028604225371964276,0.010587906464934349
gue_splice_reconstructed__bert-base-uncased__20260520T223812Z,2,2,0.003292027860879898,0.005885893013328314,0.9908220767974854
gue_splice_reconstructed__bert-base-uncased__20260520T223812Z,2,2,0.003093445673584938,0.0077390410006046295,0.9891674518585205
gue_splice_reconstructed__bert-base-uncased__20260520T223812Z,1,1,0.0010637030936777592,0.7158530950546265,0.28308314085006714
gue_splice_reconstructed__bert-base-uncased__20260520T223812Z,1,1,0.0004200960975140333,0.9945192933082581,0.005060663912445307
gue_splice_reconstructed__bert-base-uncased__20260520T223812Z,2,2,0.0018274425528943539,0.2946903705596924,0.7034821510314941
gue_splice_reconstructed__bert-base-uncased__20260520T223812Z,2,2,0.00332670658826828,0.0032055173069238663,0.9934677481651306
gue_splice_reconstructed__bert-base-uncased__20260520T223812Z,0,0,0.9937112331390381,0.00025459416792728007,0.006034196820110083
gue_splice_reconstructed__bert-base-uncased__20260520T223812Z,2,2,0.04843571037054062,0.001496917218901217,0.9500673413276672
gue_splice_reconstructed__bert-base-uncased__20260520T223812Z,2,2,0.0034158676862716675,0.0040052710101008415,0.99257892370224
gue_splice_reconstructed__bert-base-uncased__20260520T223812Z,2,2,0.018033845350146294,0.0040594167076051235,0.9779067039489746
gue_splice_reconstructed__bert-base-uncased__20260520T223812Z,2,0,0.8827438354492188,0.000329066242557019,0.11692710220813751
gue_splice_reconstructed__bert-base-uncased__20260520T223812Z,2,2,0.011461528018116951,0.005012062843888998,0.9835264086723328
gue_splice_reconstructed__bert-base-uncased__20260520T223812Z,2,2,0.0026755626313388348,0.006812301464378834,0.9905121922492981
gue_splice_reconstructed__bert-base-uncased__20260520T223812Z,2,2,0.002523168921470642,0.0070144799537956715,0.9904623627662659
gue_splice_reconstructed__bert-base-uncased__20260520T223812Z,2,2,0.025761961936950684,0.002321377396583557,0.971916675567627
gue_splice_reconstructed__bert-base-uncased__20260520T223812Z,2,2,0.0032085138373076916,0.021628476679325104,0.9751630425453186
gue_splice_reconstructed__bert-base-uncased__20260520T223812Z,0,0,0.994568943977356,0.00042423990089446306,0.005006842780858278
gue_splice_reconstructed__bert-base-uncased__20260520T223812Z,2,2,0.2180955708026886,0.0011006167624145746,0.7808037996292114
gue_splice_reconstructed__bert-base-uncased__20260520T223812Z,0,0,0.992252767086029,0.00019721523858606815,0.007550093345344067
gue_splice_reconstructed__bert-base-uncased__20260520T223812Z,2,2,0.006794486194849014,0.002385089173913002,0.9908204674720764
gue_splice_reconstructed__bert-base-uncased__20260520T223812Z,0,0,0.968056321144104,0.0007275525713339448,0.031216086819767952
gue_splice_reconstructed__bert-base-uncased__20260520T223812Z,2,2,0.0036099576391279697,0.00517607806250453,0.9912139773368835
gue_splice_reconstructed__bert-base-uncased__20260520T223812Z,2,1,0.00020202847372274846,0.9400808215141296,0.0597170926630497
gue_splice_reconstructed__bert-base-uncased__20260520T223812Z,0,0,0.9872652292251587,0.00021134149574209005,0.012523396871984005
gue_splice_reconstructed__bert-base-uncased__20260520T223812Z,2,2,0.1770893782377243,0.0008527550380676985,0.822057843208313
gue_splice_reconstructed__bert-base-uncased__20260520T223812Z,2,1,0.0006715264171361923,0.8167341351509094,0.18259429931640625
gue_splice_reconstructed__bert-base-uncased__20260520T223812Z,1,1,0.00019950619025621563,0.9503592252731323,0.04944125935435295
gue_splice_reconstructed__bert-base-uncased__20260520T223812Z,0,0,0.9856087565422058,0.0003631314029917121,0.014028096571564674
gue_splice_reconstructed__bert-base-uncased__20260520T223812Z,2,1,0.0002300397027283907,0.9861198663711548,0.013650123961269855
gue_splice_reconstructed__bert-base-uncased__20260520T223812Z,1,1,0.0001931812585098669,0.9347215294837952,0.06508523970842361
gue_splice_reconstructed__bert-base-uncased__20260520T223812Z,0,0,0.9586849212646484,0.00016914216394070536,0.0411459282040596
gue_splice_reconstructed__bert-base-uncased__20260520T223812Z,2,1,0.0002489072794560343,0.9906760454177856,0.009074937552213669
gue_splice_reconstructed__bert-base-uncased__20260520T223812Z,2,1,0.00048126353067345917,0.5085433125495911,0.49097543954849243
gue_splice_reconstructed__bert-base-uncased__20260520T223812Z,0,0,0.9450846314430237,0.00019956483447458595,0.054715849459171295
gue_splice_reconstructed__bert-base-uncased__20260520T223812Z,2,2,0.009011088870465755,0.0010189454769715667,0.9899700284004211
gue_splice_reconstructed__bert-base-uncased__20260520T223812Z,2,2,0.28139767050743103,0.0028296683449298143,0.7157726883888245
gue_splice_reconstructed__bert-base-uncased__20260520T223812Z,2,2,0.002229858422651887,0.005897888448089361,0.991872251033783
gue_splice_reconstructed__bert-base-uncased__20260520T223812Z,0,2,0.11676166206598282,0.001313035492785275,0.8819252848625183
gue_splice_reconstructed__bert-base-uncased__20260520T223812Z,2,2,0.004672992508858442,0.0057591162621974945,0.9895679354667664
gue_splice_reconstructed__bert-base-uncased__20260520T223812Z,2,2,0.305538147687912,0.010277785360813141,0.6841840744018555
gue_splice_reconstructed__bert-base-uncased__20260520T223812Z,0,0,0.9910625219345093,0.0001821754703996703,0.008755234070122242
gue_splice_reconstructed__bert-base-uncased__20260520T223812Z,2,2,0.0037238134536892176,0.0071918717585504055,0.9890843033790588
gue_splice_reconstructed__bert-base-uncased__20260520T223812Z,2,2,0.007452330552041531,0.0011141995200887322,0.9914335012435913
gue_splice_reconstructed__bert-base-uncased__20260520T223812Z,0,2,0.3713679909706116,0.007921155542135239,0.6207108497619629
gue_splice_reconstructed__bert-base-uncased__20260520T223812Z,2,1,0.0005561030120588839,0.9083554148674011,0.09108846634626389
gue_splice_reconstructed__bert-base-uncased__20260520T223812Z,2,2,0.02215522527694702,0.0025484254583716393,0.9752963781356812
gue_splice_reconstructed__bert-base-uncased__20260520T223812Z,1,1,0.0002502943098079413,0.8964800834655762,0.10326962172985077
gue_splice_reconstructed__bert-base-uncased__20260520T223812Z,2,2,0.054454267024993896,0.002449889201670885,0.9430958032608032
gue_splice_reconstructed__bert-base-uncased__20260520T223812Z,1,1,0.0002141678996849805,0.954653799533844,0.045131977647542953
gue_splice_reconstructed__bert-base-uncased__20260520T223812Z,0,0,0.9943521022796631,0.0002984249440487474,0.005349449813365936
gue_splice_reconstructed__bert-base-uncased__20260520T223812Z,1,1,0.00027616703300736845,0.9930197596549988,0.006703995633870363
gue_splice_reconstructed__bert-base-uncased__20260520T223812Z,0,0,0.9748672842979431,0.00020950427278876305,0.024923158809542656
gue_splice_reconstructed__bert-base-uncased__20260520T223812Z,1,1,0.00022484376677311957,0.9905650615692139,0.009210065938532352
gue_splice_reconstructed__bert-base-uncased__20260520T223812Z,2,2,0.0010417287703603506,0.031312551349401474,0.9676457643508911
gue_splice_reconstructed__bert-base-uncased__20260520T223812Z,0,0,0.9929370284080505,0.0003234762407373637,0.006739538162946701
gue_splice_reconstructed__bert-base-uncased__20260520T223812Z,1,1,0.00030229397816583514,0.9935664534568787,0.00613132119178772
gue_splice_reconstructed__bert-base-uncased__20260520T223812Z,2,2,0.003270259127020836,0.004739649128168821,0.9919900298118591
gue_splice_reconstructed__bert-base-uncased__20260520T223812Z,2,2,0.23980487883090973,0.0010679735569283366,0.7591270804405212
gue_splice_reconstructed__bert-base-uncased__20260520T223812Z,2,2,0.004039928317070007,0.005489666014909744,0.9904704093933105
gue_splice_reconstructed__bert-base-uncased__20260520T223812Z,1,1,0.00037082849303260446,0.7838630676269531,0.21576617658138275
gue_splice_reconstructed__bert-base-uncased__20260520T223812Z,0,0,0.9559590816497803,0.0001305861078435555,0.04391029104590416
gue_splice_reconstructed__bert-base-uncased__20260520T223812Z,2,2,0.06795432418584824,0.0029113832861185074,0.9291342496871948
gue_splice_reconstructed__bert-base-uncased__20260520T223812Z,2,2,0.021680602803826332,0.0027136453427374363,0.9756057858467102
gue_splice_reconstructed__bert-base-uncased__20260520T223812Z,2,2,0.003768158843740821,0.0050954315811395645,0.9911364316940308
gue_splice_reconstructed__bert-base-uncased__20260520T223812Z,0,0,0.9921804666519165,0.00039065181044861674,0.007428870070725679
gue_splice_reconstructed__bert-base-uncased__20260520T223812Z,2,2,0.0010880266781896353,0.2025381326675415,0.7963738441467285
gue_splice_reconstructed__bert-base-uncased__20260520T223812Z,0,0,0.9937160611152649,0.00024676229804754257,0.006037173327058554
gue_splice_reconstructed__bert-base-uncased__20260520T223812Z,2,2,0.011421212926506996,0.009468519128859043,0.9791103005409241
gue_splice_reconstructed__bert-base-uncased__20260520T223812Z,0,0,0.9048097729682922,0.00028850106173194945,0.09490171819925308
gue_splice_reconstructed__bert-base-uncased__20260520T223812Z,2,2,0.0028637752402573824,0.006998498924076557,0.9901376962661743
gue_splice_reconstructed__bert-base-uncased__20260520T223812Z,2,2,0.002717101713642478,0.005051488056778908,0.9922313690185547
gue_splice_reconstructed__bert-base-uncased__20260520T223812Z,2,1,0.0001462324580643326,0.9823446273803711,0.01750909350812435
gue_splice_reconstructed__bert-base-uncased__20260520T223812Z,2,2,0.0008806027472019196,0.10424847155809402,0.894870936870575
gue_splice_reconstructed__bert-base-uncased__20260520T223812Z,1,1,0.0005341304931789637,0.9619655609130859,0.037500329315662384
gue_splice_reconstructed__bert-base-uncased__20260520T223812Z,1,1,0.00020608238992281258,0.9797698259353638,0.020024104043841362
gue_splice_reconstructed__bert-base-uncased__20260520T223812Z,2,2,0.0032416125759482384,0.0038083791732788086,0.9929499626159668
gue_splice_reconstructed__bert-base-uncased__20260520T223812Z,2,0,0.9561440348625183,0.00034277356462553144,0.043513212352991104
gue_splice_reconstructed__bert-base-uncased__20260520T223812Z,0,0,0.9716852307319641,0.000370811321772635,0.027944035828113556
gue_splice_reconstructed__bert-base-uncased__20260520T223812Z,1,1,0.00029526729485951364,0.9915469288825989,0.008157790638506413
gue_splice_reconstructed__bert-base-uncased__20260520T223812Z,2,1,0.0007128880824893713,0.7459765672683716,0.25331053137779236
gue_splice_reconstructed__bert-base-uncased__20260520T223812Z,0,0,0.9941180944442749,0.0002743209188338369,0.005607593338936567
gue_splice_reconstructed__bert-base-uncased__20260520T223812Z,2,2,0.002674884395673871,0.008996151387691498,0.9883289337158203
gue_splice_reconstructed__bert-base-uncased__20260520T223812Z,1,1,0.0004352496180217713,0.9947977066040039,0.0047670090571045876
gue_splice_reconstructed__bert-base-uncased__20260520T223812Z,1,1,0.00023296292056329548,0.9831682443618774,0.01659877598285675
gue_splice_reconstructed__bert-base-uncased__20260520T223812Z,1,1,0.000402667501475662,0.7467619776725769,0.25283539295196533
gue_splice_reconstructed__bert-base-uncased__20260520T223812Z,2,2,0.0028392563108354807,0.007801252417266369,0.9893594980239868
gue_splice_reconstructed__bert-base-uncased__20260520T223812Z,2,2,0.0022935420274734497,0.006961876526474953,0.9907446503639221
gue_splice_reconstructed__bert-base-uncased__20260520T223812Z,1,1,0.0001855206210166216,0.989739716053009,0.010074824094772339
gue_splice_reconstructed__bert-base-uncased__20260520T223812Z,2,2,0.007045481353998184,0.0010249584447592497,0.9919295310974121
gue_splice_reconstructed__bert-base-uncased__20260520T223812Z,2,2,0.006095026154071093,0.002354435855522752,0.9915505647659302
gue_splice_reconstructed__bert-base-uncased__20260520T223812Z,2,2,0.006694707088172436,0.0026293767150491476,0.9906759262084961
gue_splice_reconstructed__bert-base-uncased__20260520T223812Z,0,0,0.9283382296562195,0.00038984950515441597,0.0712718591094017
gue_splice_reconstructed__bert-base-uncased__20260520T223812Z,0,0,0.9523910284042358,0.0002847172727342695,0.04732423648238182
gue_splice_reconstructed__bert-base-uncased__20260520T223812Z,1,2,0.001689091557636857,0.46605706214904785,0.5322538614273071
gue_splice_reconstructed__bert-base-uncased__20260520T223812Z,2,2,0.06113206595182419,0.0019556344486773014,0.9369123578071594
gue_splice_reconstructed__bert-base-uncased__20260520T223812Z,1,1,0.0012743377592414618,0.9200775027275085,0.07864824682474136
gue_splice_reconstructed__bert-base-uncased__20260520T223812Z,2,2,0.001968833152204752,0.013382461853325367,0.9846486449241638
gue_splice_reconstructed__bert-base-uncased__20260520T223812Z,0,0,0.8901408314704895,0.00027942354790866375,0.10957980155944824
gue_splice_reconstructed__bert-base-uncased__20260520T223812Z,0,0,0.988772451877594,0.00030736858025193214,0.01092009712010622
gue_splice_reconstructed__bert-base-uncased__20260520T223812Z,1,1,0.0003006286278832704,0.8064578771591187,0.19324150681495667
gue_splice_reconstructed__bert-base-uncased__20260520T223812Z,0,0,0.798643946647644,0.00021443662990350276,0.2011415809392929
gue_splice_reconstructed__bert-base-uncased__20260520T223812Z,2,2,0.012353802099823952,0.007219996768981218,0.9804261922836304
gue_splice_reconstructed__bert-base-uncased__20260520T223812Z,1,1,0.0005187559872865677,0.9733927249908447,0.026088492944836617
gue_splice_reconstructed__bert-base-uncased__20260520T223812Z,2,2,0.011354516260325909,0.001853573601692915,0.9867919683456421
gue_splice_reconstructed__bert-base-uncased__20260520T223812Z,0,0,0.9902170896530151,0.00019990991859231144,0.00958294328302145
gue_splice_reconstructed__bert-base-uncased__20260520T223812Z,2,2,0.003672905033454299,0.005401761271059513,0.9909253120422363
gue_splice_reconstructed__bert-base-uncased__20260520T223812Z,1,1,0.0001839317992562428,0.9774379730224609,0.022378019988536835
gue_splice_reconstructed__bert-base-uncased__20260520T223812Z,2,2,0.002997224684804678,0.0699024572968483,0.9271003603935242
gue_splice_reconstructed__bert-base-uncased__20260520T223812Z,2,2,0.0022874274291098118,0.01153737585991621,0.9861751794815063
gue_splice_reconstructed__bert-base-uncased__20260520T223812Z,0,0,0.502161979675293,0.004425916820764542,0.493412047624588
gue_splice_reconstructed__bert-base-uncased__20260520T223812Z,2,0,0.9816059470176697,0.00026771260309033096,0.018126385286450386
gue_splice_reconstructed__bert-base-uncased__20260520T223812Z,2,2,0.0036061909049749374,0.004278277978301048,0.9921155571937561
gue_splice_reconstructed__bert-base-uncased__20260520T223812Z,1,1,0.00018211259157396853,0.9791781902313232,0.020639706403017044
gue_splice_reconstructed__bert-base-uncased__20260520T223812Z,2,2,0.0022627452854067087,0.02029605582356453,0.9774412512779236
gue_splice_reconstructed__bert-base-uncased__20260520T223812Z,2,2,0.0012053746031597257,0.02792070433497429,0.9708739519119263
gue_splice_reconstructed__bert-base-uncased__20260520T223812Z,2,2,0.003001669654622674,0.004773290362209082,0.9922250509262085
gue_splice_reconstructed__bert-base-uncased__20260520T223812Z,2,2,0.0028164340183138847,0.00614565284922719,0.9910379648208618
gue_splice_reconstructed__bert-base-uncased__20260520T223812Z,2,2,0.005837284494191408,0.0047829002141952515,0.9893798232078552
gue_splice_reconstructed__bert-base-uncased__20260520T223812Z,0,0,0.9660581946372986,0.00026605784660205245,0.03367577865719795
gue_splice_reconstructed__bert-base-uncased__20260520T223812Z,0,0,0.738457202911377,0.00028680506511591375,0.2612559497356415
gue_splice_reconstructed__bert-base-uncased__20260520T223812Z,2,2,0.0008734616567380726,0.06891494244337082,0.93021160364151
gue_splice_reconstructed__bert-base-uncased__20260520T223812Z,2,2,0.02170627936720848,0.002485837321728468,0.9758079051971436
gue_splice_reconstructed__bert-base-uncased__20260520T223812Z,1,2,0.0035878221970051527,0.005486826878041029,0.9909253120422363
gue_splice_reconstructed__bert-base-uncased__20260520T223812Z,0,0,0.9948030114173889,0.0003215621109120548,0.004875317681580782
gue_splice_reconstructed__bert-base-uncased__20260520T223812Z,2,1,0.0003721529501490295,0.7506388425827026,0.2489890605211258
gue_splice_reconstructed__bert-base-uncased__20260520T223812Z,2,2,0.002924760337918997,0.005411071237176657,0.9916641712188721
gue_splice_reconstructed__bert-base-uncased__20260520T223812Z,2,2,0.0016679831314831972,0.013496569357812405,0.9848355054855347
gue_splice_reconstructed__bert-base-uncased__20260520T223812Z,2,2,0.004164258949458599,0.004359846003353596,0.9914759397506714
gue_splice_reconstructed__bert-base-uncased__20260520T223812Z,2,2,0.017918786033988,0.0037486529909074306,0.9783325791358948
gue_splice_reconstructed__bert-base-uncased__20260520T223812Z,1,1,0.0003068770747631788,0.992992639541626,0.006700539495795965
gue_splice_reconstructed__bert-base-uncased__20260520T223812Z,2,2,0.0014771702699363232,0.3678615093231201,0.6306613087654114
gue_splice_reconstructed__bert-base-uncased__20260520T223812Z,2,2,0.0030012005008757114,0.004928851965814829,0.9920699000358582
gue_splice_reconstructed__bert-base-uncased__20260520T223812Z,2,2,0.03436288237571716,0.0024680590722709894,0.9631690382957458
gue_splice_reconstructed__bert-base-uncased__20260520T223812Z,2,2,0.004117399454116821,0.003038946306332946,0.9928436875343323
gue_splice_reconstructed__bert-base-uncased__20260520T223812Z,0,0,0.9728966951370239,0.0002684650244191289,0.02683485671877861
gue_splice_reconstructed__bert-base-uncased__20260520T223812Z,2,2,0.0014705448411405087,0.022317243739962578,0.976212203502655
gue_splice_reconstructed__bert-base-uncased__20260520T223812Z,0,0,0.884117066860199,0.00025122001534327865,0.11563166230916977
gue_splice_reconstructed__bert-base-uncased__20260520T223812Z,2,2,0.004406641237437725,0.0032145364675670862,0.992378830909729
gue_splice_reconstructed__bert-base-uncased__20260520T223812Z,0,0,0.9468643069267273,0.0002880847896449268,0.052847668528556824
gue_splice_reconstructed__bert-base-uncased__20260520T223812Z,0,2,0.22030115127563477,0.026288745924830437,0.7534101009368896
gue_splice_reconstructed__bert-base-uncased__20260520T223812Z,2,1,0.00028689298778772354,0.9193064570426941,0.08040659129619598
gue_splice_reconstructed__bert-base-uncased__20260520T223812Z,0,0,0.9645820260047913,0.00036027657915838063,0.035057779401540756
gue_splice_reconstructed__bert-base-uncased__20260520T223812Z,2,2,0.01863197609782219,0.02945568971335888,0.9519124031066895
gue_splice_reconstructed__bert-base-uncased__20260520T223812Z,1,1,0.00021963768813293427,0.9867140650749207,0.013066339306533337
gue_splice_reconstructed__bert-base-uncased__20260520T223812Z,2,2,0.01817896217107773,0.00276074162684381,0.9790602922439575
gue_splice_reconstructed__bert-base-uncased__20260520T223812Z,0,0,0.9827484488487244,0.00017440665396861732,0.017077142372727394
gue_splice_reconstructed__bert-base-uncased__20260520T223812Z,2,2,0.35452598333358765,0.00036812396137975156,0.6451058983802795
gue_splice_reconstructed__bert-base-uncased__20260520T223812Z,2,1,0.0015253392048180103,0.8901209831237793,0.1083536371588707
gue_splice_reconstructed__bert-base-uncased__20260520T223812Z,2,2,0.013582071289420128,0.001133547630161047,0.9852843880653381
gue_splice_reconstructed__bert-base-uncased__20260520T223812Z,0,2,0.04738302528858185,0.0014840326039120555,0.9511328935623169
gue_splice_reconstructed__bert-base-uncased__20260520T223812Z,0,0,0.9860618710517883,0.00026787942624650896,0.013670164160430431
gue_splice_reconstructed__bert-base-uncased__20260520T223812Z,0,0,0.9828910827636719,0.0002967187901958823,0.016812261193990707
gue_splice_reconstructed__bert-base-uncased__20260520T223812Z,2,2,0.0016222195699810982,0.01208658516407013,0.986291229724884
gue_splice_reconstructed__bert-base-uncased__20260520T223812Z,2,2,0.0034823876339942217,0.0061177522875368595,0.9903998970985413
gue_splice_reconstructed__bert-base-uncased__20260520T223812Z,0,0,0.8621923327445984,0.0004532538296189159,0.13735438883304596
gue_splice_reconstructed__bert-base-uncased__20260520T223812Z,2,2,0.002541497116908431,0.007565311621874571,0.9898931384086609
gue_splice_reconstructed__bert-base-uncased__20260520T223812Z,2,2,0.002663365798071027,0.005545512307435274,0.9917911291122437
gue_splice_reconstructed__bert-base-uncased__20260520T223812Z,2,2,0.0640668272972107,0.0008918232633732259,0.9350414276123047
gue_splice_reconstructed__bert-base-uncased__20260520T223812Z,1,1,0.0003040323790628463,0.8431233763694763,0.15657256543636322
gue_splice_reconstructed__bert-base-uncased__20260520T223812Z,0,0,0.9866740703582764,0.00017374067101627588,0.013152222149074078
gue_splice_reconstructed__bert-base-uncased__20260520T223812Z,0,0,0.9868139028549194,0.0003303932608105242,0.012855647131800652
gue_splice_reconstructed__bert-base-uncased__20260520T223812Z,2,1,0.00021809161989949644,0.991317629814148,0.008464250713586807
gue_splice_reconstructed__bert-base-uncased__20260520T223812Z,2,2,0.09480955451726913,0.001259331707842648,0.9039310812950134
gue_splice_reconstructed__bert-base-uncased__20260520T223812Z,1,1,0.00021337145881261677,0.988991379737854,0.01079526450484991
gue_splice_reconstructed__bert-base-uncased__20260520T223812Z,2,2,0.052001889795064926,0.0025389455258846283,0.9454591274261475
gue_splice_reconstructed__bert-base-uncased__20260520T223812Z,2,0,0.8259193301200867,0.00045060020056553185,0.1736300140619278
gue_splice_reconstructed__bert-base-uncased__20260520T223812Z,0,0,0.9646259546279907,0.0001516663614893332,0.035222381353378296
gue_splice_reconstructed__bert-base-uncased__20260520T223812Z,1,1,0.0002295353333465755,0.9782091379165649,0.021561389788985252
gue_splice_reconstructed__bert-base-uncased__20260520T223812Z,2,1,0.0005918520619161427,0.5944346189498901,0.4049735367298126
gue_splice_reconstructed__bert-base-uncased__20260520T223812Z,0,2,0.20029261708259583,0.000541557208634913,0.7991658449172974
gue_splice_reconstructed__bert-base-uncased__20260520T223812Z,2,2,0.1315079778432846,0.0008438668446615338,0.8676481246948242
gue_splice_reconstructed__bert-base-uncased__20260520T223812Z,1,1,0.0003856724360957742,0.9949592351913452,0.004655064083635807
gue_splice_reconstructed__bert-base-uncased__20260520T223812Z,1,1,0.00029329798417165875,0.9398303627967834,0.05987633764743805
gue_splice_reconstructed__bert-base-uncased__20260520T223812Z,2,2,0.011698147282004356,0.0009984939824789762,0.9873033165931702
gue_splice_reconstructed__bert-base-uncased__20260520T223812Z,2,2,0.004009478725492954,0.005275510251522064,0.9907150268554688
gue_splice_reconstructed__bert-base-uncased__20260520T223812Z,2,2,0.009248343296349049,0.0011564361630007625,0.9895952343940735
gue_splice_reconstructed__bert-base-uncased__20260520T223812Z,2,2,0.2319246530532837,0.0009106228244490921,0.7671647071838379
gue_splice_reconstructed__bert-base-uncased__20260520T223812Z,2,2,0.006531817838549614,0.003008057363331318,0.9904601573944092
gue_splice_reconstructed__bert-base-uncased__20260520T223812Z,1,1,0.0002472151827532798,0.9935972690582275,0.006155509501695633
gue_splice_reconstructed__bert-base-uncased__20260520T223812Z,2,2,0.0015652774600312114,0.19391094148159027,0.8045238256454468
gue_splice_reconstructed__bert-base-uncased__20260520T223812Z,2,0,0.8775941133499146,0.0004631562624126673,0.12194272875785828
gue_splice_reconstructed__bert-base-uncased__20260520T223812Z,1,1,0.0002334044111194089,0.981191098690033,0.01857558824121952
gue_splice_reconstructed__bert-base-uncased__20260520T223812Z,2,0,0.9712879657745361,0.00030489638447761536,0.0284071397036314
gue_splice_reconstructed__bert-base-uncased__20260520T223812Z,2,2,0.0027447878383100033,0.006590838078409433,0.9906643629074097
gue_splice_reconstructed__bert-base-uncased__20260520T223812Z,0,0,0.9840301275253296,0.00021230109268799424,0.015757527202367783
gue_splice_reconstructed__bert-base-uncased__20260520T223812Z,2,2,0.005722916219383478,0.007080673705786467,0.9871964454650879
gue_splice_reconstructed__bert-base-uncased__20260520T223812Z,2,2,0.46617329120635986,0.00039933976950123906,0.5334274172782898
gue_splice_reconstructed__bert-base-uncased__20260520T223812Z,2,2,0.017544228583574295,0.00472657848149538,0.9777292609214783
gue_splice_reconstructed__bert-base-uncased__20260520T223812Z,2,2,0.0010457506868988276,0.08642575889825821,0.9125285148620605
gue_splice_reconstructed__bert-base-uncased__20260520T223812Z,2,2,0.034377798438072205,0.0017998510738834739,0.9638224244117737
gue_splice_reconstructed__bert-base-uncased__20260520T223812Z,2,2,0.01765524037182331,0.003221543738618493,0.9791232347488403
gue_splice_reconstructed__bert-base-uncased__20260520T223812Z,2,2,0.009369906038045883,0.007419447414577007,0.9832106828689575
gue_splice_reconstructed__bert-base-uncased__20260520T223812Z,2,2,0.010153302922844887,0.003536408068612218,0.9863102436065674
gue_splice_reconstructed__bert-base-uncased__20260520T223812Z,2,2,0.002825644565746188,0.006771753076463938,0.9904025793075562
gue_splice_reconstructed__bert-base-uncased__20260520T223812Z,2,1,0.0005829904112033546,0.7848507761955261,0.21456624567508698
gue_splice_reconstructed__bert-base-uncased__20260520T223812Z,2,1,0.0004570920718833804,0.6824732422828674,0.3170697093009949
gue_splice_reconstructed__bert-base-uncased__20260520T223812Z,2,2,0.0008373260498046875,0.05546863004565239,0.9436940550804138
gue_splice_reconstructed__bert-base-uncased__20260520T223812Z,0,0,0.7403144240379333,0.0008238998707383871,0.25886163115501404
gue_splice_reconstructed__bert-base-uncased__20260520T223812Z,0,0,0.9885914921760559,0.00021919768187217414,0.011189299635589123
gue_splice_reconstructed__bert-base-uncased__20260520T223812Z,2,2,0.001354650710709393,0.028192788362503052,0.9704524874687195
gue_splice_reconstructed__bert-base-uncased__20260520T223812Z,0,0,0.9672836661338806,0.0005498199607245624,0.032166559249162674
gue_splice_reconstructed__bert-base-uncased__20260520T223812Z,2,2,0.012474787421524525,0.02326049469411373,0.9642646908760071
gue_splice_reconstructed__bert-base-uncased__20260520T223812Z,2,2,0.007280174642801285,0.0012214011512696743,0.9914984107017517
gue_splice_reconstructed__bert-base-uncased__20260520T223812Z,0,0,0.9011988639831543,0.0003205617831554264,0.09848053008317947
gue_splice_reconstructed__bert-base-uncased__20260520T223812Z,0,2,0.4649864733219147,0.0008615629631094635,0.5341519117355347
gue_splice_reconstructed__bert-base-uncased__20260520T223812Z,1,1,0.000419186515500769,0.9070959091186523,0.09248486906290054
gue_splice_reconstructed__bert-base-uncased__20260520T223812Z,0,0,0.9878464341163635,0.0002501429698895663,0.011903422884643078
gue_splice_reconstructed__bert-base-uncased__20260520T223812Z,0,0,0.9606356620788574,0.0005190047086216509,0.03884531185030937
gue_splice_reconstructed__bert-base-uncased__20260520T223812Z,0,0,0.9817405939102173,0.00017697147268336266,0.018082458525896072
gue_splice_reconstructed__bert-base-uncased__20260520T223812Z,0,0,0.9937320351600647,0.00037627361598424613,0.0058916606940329075
gue_splice_reconstructed__bert-base-uncased__20260520T223812Z,0,0,0.7152198553085327,0.041468486189842224,0.24331159889698029
gue_splice_reconstructed__bert-base-uncased__20260520T223812Z,2,2,0.06638271361589432,0.0017779155168682337,0.9318393468856812
gue_splice_reconstructed__bert-base-uncased__20260520T223812Z,1,1,0.00021849518816452473,0.9366315603256226,0.06314998865127563
gue_splice_reconstructed__bert-base-uncased__20260520T223812Z,2,2,0.002155950525775552,0.010335810482501984,0.987508237361908
gue_splice_reconstructed__bert-base-uncased__20260520T223812Z,0,0,0.9617627263069153,0.00022878281015437096,0.03800853714346886
gue_splice_reconstructed__bert-base-uncased__20260520T223812Z,1,1,0.00019939520279876888,0.9876675605773926,0.0121330376714468
gue_splice_reconstructed__bert-base-uncased__20260520T223812Z,0,0,0.9190343022346497,0.0005043478449806571,0.08046132326126099
gue_splice_reconstructed__bert-base-uncased__20260520T223812Z,1,1,0.00031889849924482405,0.9943004846572876,0.00538060674443841
gue_splice_reconstructed__bert-base-uncased__20260520T223812Z,2,2,0.0018023293232545257,0.008228752762079239,0.9899689555168152
gue_splice_reconstructed__bert-base-uncased__20260520T223812Z,2,2,0.00429849699139595,0.0027834605425596237,0.992918074131012
gue_splice_reconstructed__bert-base-uncased__20260520T223812Z,1,1,0.0014482525875791907,0.551016092300415,0.4475356340408325
gue_splice_reconstructed__bert-base-uncased__20260520T223812Z,1,1,0.0002880273968912661,0.9921075701713562,0.0076044825837016106
gue_splice_reconstructed__bert-base-uncased__20260520T223812Z,2,2,0.1312468945980072,0.0007109298603609204,0.8680422306060791
gue_splice_reconstructed__bert-base-uncased__20260520T223812Z,2,2,0.0031608128920197487,0.005678952671587467,0.9911602139472961
gue_splice_reconstructed__bert-base-uncased__20260520T223812Z,0,2,0.004213860258460045,0.004189241677522659,0.9915968775749207
gue_splice_reconstructed__bert-base-uncased__20260520T223812Z,1,1,0.0032947747968137264,0.7100849747657776,0.28662025928497314
gue_splice_reconstructed__bert-base-uncased__20260520T223812Z,1,2,0.0009988931706175208,0.27213937044143677,0.7268617153167725
gue_splice_reconstructed__bert-base-uncased__20260520T223812Z,2,2,0.022414924576878548,0.0023521562106907368,0.9752328991889954
gue_splice_reconstructed__bert-base-uncased__20260520T223812Z,2,2,0.0016004618955776095,0.02533673122525215,0.9730628132820129
gue_splice_reconstructed__bert-base-uncased__20260520T223812Z,2,2,0.0206157136708498,0.0007470871205441654,0.9786372184753418
gue_splice_reconstructed__bert-base-uncased__20260520T223812Z,0,0,0.7922343015670776,0.0004926504916511476,0.20727302134037018
gue_splice_reconstructed__bert-base-uncased__20260520T223812Z,2,2,0.005424160044640303,0.01017332635819912,0.9844025373458862
gue_splice_reconstructed__bert-base-uncased__20260520T223812Z,2,2,0.00220145913772285,0.010878372937440872,0.9869201183319092
gue_splice_reconstructed__bert-base-uncased__20260520T223812Z,2,2,0.014799624681472778,0.0038419074844568968,0.9813584685325623
gue_splice_reconstructed__bert-base-uncased__20260520T223812Z,2,2,0.045081209391355515,0.0019204929703846574,0.9529982805252075
gue_splice_reconstructed__bert-base-uncased__20260520T223812Z,0,0,0.9925642609596252,0.00020795960153918713,0.007227754686027765
gue_splice_reconstructed__bert-base-uncased__20260520T223812Z,2,0,0.6320928335189819,0.0006480573210865259,0.36725908517837524
gue_splice_reconstructed__bert-base-uncased__20260520T223812Z,2,0,0.9847661256790161,0.00018031235958915204,0.015053612180054188
gue_splice_reconstructed__bert-base-uncased__20260520T223812Z,1,1,0.00020337116438895464,0.9840260744094849,0.015770450234413147
gue_splice_reconstructed__bert-base-uncased__20260520T223812Z,1,1,0.0004028595285490155,0.6157640814781189,0.38383305072784424
gue_splice_reconstructed__bert-base-uncased__20260520T223812Z,2,2,0.001924679963849485,0.024162188172340393,0.9739131331443787
gue_splice_reconstructed__bert-base-uncased__20260520T223812Z,2,2,0.0011986341560259461,0.02006654068827629,0.9787348508834839
gue_splice_reconstructed__bert-base-uncased__20260520T223812Z,0,0,0.966791033744812,0.00019177966169081628,0.033017221838235855
gue_splice_reconstructed__bert-base-uncased__20260520T223812Z,2,1,0.0002954319352284074,0.9653398394584656,0.0343647375702858
gue_splice_reconstructed__bert-base-uncased__20260520T223812Z,2,2,0.010113627649843693,0.0035850568674504757,0.9863013029098511
gue_splice_reconstructed__bert-base-uncased__20260520T223812Z,0,0,0.9861218333244324,0.0004297716077417135,0.013448371551930904
gue_splice_reconstructed__bert-base-uncased__20260520T223812Z,2,2,0.08333341777324677,0.0010678763501346111,0.9155986905097961
gue_splice_reconstructed__bert-base-uncased__20260520T223812Z,2,2,0.016227636486291885,0.003061016323044896,0.9807114005088806
gue_splice_reconstructed__bert-base-uncased__20260520T223812Z,2,2,0.4232809245586395,0.00041816223529167473,0.576300859451294
gue_splice_reconstructed__bert-base-uncased__20260520T223812Z,2,2,0.3322785198688507,0.0010731754591688514,0.666648268699646
gue_splice_reconstructed__bert-base-uncased__20260520T223812Z,2,2,0.0009771030163392425,0.06624695658683777,0.9327759742736816
gue_splice_reconstructed__bert-base-uncased__20260520T223812Z,0,0,0.9745393991470337,0.00037190053262747824,0.025088738650083542
gue_splice_reconstructed__bert-base-uncased__20260520T223812Z,1,1,0.0002802147646434605,0.8685833811759949,0.1311364769935608
gue_splice_reconstructed__bert-base-uncased__20260520T223812Z,0,0,0.8931061029434204,0.00033163107582367957,0.10656220465898514
gue_splice_reconstructed__bert-base-uncased__20260520T223812Z,0,2,0.0674557015299797,0.002369588240981102,0.9301747679710388
gue_splice_reconstructed__bert-base-uncased__20260520T223812Z,2,0,0.6897885799407959,0.0014174864627420902,0.30879393219947815
gue_splice_reconstructed__bert-base-uncased__20260520T223812Z,0,0,0.9722209572792053,0.00018583112978376448,0.027593253180384636
gue_splice_reconstructed__bert-base-uncased__20260520T223812Z,1,1,0.00032751119579188526,0.9916715025901794,0.008001009933650494
gue_splice_reconstructed__bert-base-uncased__20260520T223812Z,2,0,0.8678988814353943,0.0006835816311649978,0.13141758739948273
gue_splice_reconstructed__bert-base-uncased__20260520T223812Z,2,2,0.022187648341059685,0.000850078125949949,0.9769622087478638
gue_splice_reconstructed__bert-base-uncased__20260520T223812Z,2,2,0.002059698337689042,0.011172747239470482,0.986767590045929
gue_splice_reconstructed__bert-base-uncased__20260520T223812Z,2,2,0.008704941719770432,0.1340407431125641,0.8572543263435364
gue_splice_reconstructed__bert-base-uncased__20260520T223812Z,2,2,0.027783052995800972,0.0023483738768845797,0.9698686003684998
gue_splice_reconstructed__bert-base-uncased__20260520T223812Z,1,1,0.00019227749726269394,0.9864898920059204,0.013317772187292576
gue_splice_reconstructed__bert-base-uncased__20260520T223812Z,0,0,0.9829432964324951,0.00033362762769684196,0.016723090782761574
gue_splice_reconstructed__bert-base-uncased__20260520T223812Z,0,0,0.9684293866157532,0.0002651526883710176,0.031305406242609024
gue_splice_reconstructed__bert-base-uncased__20260520T223812Z,2,0,0.7627748250961304,0.000235269995755516,0.23698991537094116
gue_splice_reconstructed__bert-base-uncased__20260520T223812Z,2,2,0.004938450176268816,0.008795145899057388,0.9862663745880127
gue_splice_reconstructed__bert-base-uncased__20260520T223812Z,1,1,0.00022612218162976205,0.9884446859359741,0.011329191736876965
gue_splice_reconstructed__bert-base-uncased__20260520T223812Z,2,2,0.0034087570384144783,0.008011193946003914,0.988580048084259
gue_splice_reconstructed__bert-base-uncased__20260520T223812Z,0,0,0.9598584175109863,0.0002517527318559587,0.03988984599709511
gue_splice_reconstructed__bert-base-uncased__20260520T223812Z,0,0,0.9849885702133179,0.00016614905325695872,0.014845306053757668
gue_splice_reconstructed__bert-base-uncased__20260520T223812Z,1,2,0.0013834217097610235,0.21920110285282135,0.779415488243103
gue_splice_reconstructed__bert-base-uncased__20260520T223812Z,0,0,0.9608199000358582,0.0004220287664793432,0.03875802084803581
gue_splice_reconstructed__bert-base-uncased__20260520T223812Z,2,1,0.0013815462589263916,0.5129587650299072,0.4856596291065216
gue_splice_reconstructed__bert-base-uncased__20260520T223812Z,2,2,0.0033587089274078608,0.007236479315906763,0.9894047975540161
gue_splice_reconstructed__bert-base-uncased__20260520T223812Z,2,2,0.0018846525344997644,0.033215150237083435,0.9649001955986023
gue_splice_reconstructed__bert-base-uncased__20260520T223812Z,2,2,0.014520610682666302,0.0012315629282966256,0.9842478036880493
gue_splice_reconstructed__bert-base-uncased__20260520T223812Z,2,2,0.001940945745445788,0.012071074917912483,0.9859879612922668
gue_splice_reconstructed__bert-base-uncased__20260520T223812Z,2,2,0.029089998453855515,0.00286626978777349,0.9680437445640564
gue_splice_reconstructed__bert-base-uncased__20260520T223812Z,2,2,0.0020215262193232775,0.01616671122610569,0.9818118214607239
gue_splice_reconstructed__bert-base-uncased__20260520T223812Z,0,0,0.9909631609916687,0.0006741575780324638,0.008362646214663982
gue_splice_reconstructed__bert-base-uncased__20260520T223812Z,2,2,0.016228828579187393,0.004901413340121508,0.9788697361946106
gue_splice_reconstructed__bert-base-uncased__20260520T223812Z,2,2,0.0015142589109018445,0.13192206621170044,0.866563618183136
gue_splice_reconstructed__bert-base-uncased__20260520T223812Z,0,0,0.9752556681632996,0.00039772765012457967,0.024346595630049706
gue_splice_reconstructed__bert-base-uncased__20260520T223812Z,0,0,0.9801700711250305,0.00022335504763759673,0.019606495276093483
gue_splice_reconstructed__bert-base-uncased__20260520T223812Z,2,1,0.0011341192293912172,0.5806438326835632,0.4182220697402954
gue_splice_reconstructed__bert-base-uncased__20260520T223812Z,2,2,0.003409282537177205,0.005925328936427832,0.9906654357910156
gue_splice_reconstructed__bert-base-uncased__20260520T223812Z,1,1,0.0002649586240295321,0.9868071675300598,0.01292794942855835
gue_splice_reconstructed__bert-base-uncased__20260520T223812Z,2,2,0.03373187035322189,0.036579862236976624,0.9296882748603821
gue_splice_reconstructed__bert-base-uncased__20260520T223812Z,0,2,0.34546664357185364,0.0008706611697562039,0.6536626815795898
gue_splice_reconstructed__bert-base-uncased__20260520T223812Z,2,2,0.008831938728690147,0.0017425117548555136,0.989425539970398
gue_splice_reconstructed__bert-base-uncased__20260520T223812Z,2,2,0.0026955055072903633,0.0851544439792633,0.9121500253677368
gue_splice_reconstructed__bert-base-uncased__20260520T223812Z,2,2,0.0023458795621991158,0.00584022793918848,0.9918138980865479
gue_splice_reconstructed__bert-base-uncased__20260520T223812Z,0,0,0.9789709448814392,0.0002649161615408957,0.020764201879501343
gue_splice_reconstructed__bert-base-uncased__20260520T223812Z,2,2,0.003499837126582861,0.005018183030188084,0.9914820194244385
gue_splice_reconstructed__bert-base-uncased__20260520T223812Z,0,0,0.8757835030555725,0.00024643365759402514,0.1239701434969902
gue_splice_reconstructed__bert-base-uncased__20260520T223812Z,1,1,0.000188380858162418,0.9894178509712219,0.010393790900707245
gue_splice_reconstructed__bert-base-uncased__20260520T223812Z,1,1,0.0002528596669435501,0.9716401696205139,0.028106946498155594
gue_splice_reconstructed__bert-base-uncased__20260520T223812Z,2,2,0.004951899405568838,0.003194065997377038,0.9918539524078369
gue_splice_reconstructed__bert-base-uncased__20260520T223812Z,2,2,0.002623117296025157,0.005191280972212553,0.992185652256012
gue_splice_reconstructed__bert-base-uncased__20260520T223812Z,1,1,0.00034030553069896996,0.9928743839263916,0.006785339675843716
gue_splice_reconstructed__bert-base-uncased__20260520T223812Z,2,2,0.0042238663882017136,0.0037641283124685287,0.9920119643211365
gue_splice_reconstructed__bert-base-uncased__20260520T223812Z,1,1,0.00024181218759622425,0.9475157260894775,0.05224239453673363
gue_splice_reconstructed__bert-base-uncased__20260520T223812Z,0,0,0.9857330322265625,0.00018048941274173558,0.014086495153605938
gue_splice_reconstructed__bert-base-uncased__20260520T223812Z,0,0,0.8332343101501465,0.0018085084157064557,0.164957195520401
gue_splice_reconstructed__bert-base-uncased__20260520T223812Z,0,2,0.06724556535482407,0.001620747265405953,0.9311337471008301
gue_splice_reconstructed__bert-base-uncased__20260520T223812Z,2,2,0.046644508838653564,0.007974091917276382,0.9453813433647156
gue_splice_reconstructed__bert-base-uncased__20260520T223812Z,0,0,0.9928432703018188,0.0002175756817450747,0.006939250975847244
gue_splice_reconstructed__bert-base-uncased__20260520T223812Z,2,2,0.0023379246704280376,0.0072790891863405704,0.990382969379425
gue_splice_reconstructed__bert-base-uncased__20260520T223812Z,2,2,0.002483686665073037,0.005263101309537888,0.9922532439231873
gue_splice_reconstructed__bert-base-uncased__20260520T223812Z,2,2,0.005247858818620443,0.00343827111646533,0.9913138747215271
gue_splice_reconstructed__bert-base-uncased__20260520T223812Z,1,1,0.000225314506678842,0.9887689352035522,0.011005704291164875
gue_splice_reconstructed__bert-base-uncased__20260520T223812Z,2,0,0.899081289768219,0.0003397701366338879,0.10057902336120605
gue_splice_reconstructed__bert-base-uncased__20260520T223812Z,2,2,0.05786079540848732,0.001735658966936171,0.9404035210609436
gue_splice_reconstructed__bert-base-uncased__20260520T223812Z,1,1,0.00026572999195195735,0.9536267518997192,0.046107493340969086
gue_splice_reconstructed__bert-base-uncased__20260520T223812Z,2,2,0.003246481530368328,0.008121899329125881,0.9886316657066345
gue_splice_reconstructed__bert-base-uncased__20260520T223812Z,0,0,0.9308507442474365,0.00025436648866161704,0.06889497488737106
gue_splice_reconstructed__bert-base-uncased__20260520T223812Z,2,2,0.0012779703829437494,0.12341908365488052,0.8753029704093933
gue_splice_reconstructed__bert-base-uncased__20260520T223812Z,2,2,0.0019353602547198534,0.035811249166727066,0.9622533321380615
gue_splice_reconstructed__bert-base-uncased__20260520T223812Z,0,0,0.835902214050293,0.0004605220165103674,0.16363726556301117
gue_splice_reconstructed__bert-base-uncased__20260520T223812Z,2,2,0.0035361461341381073,0.004430991597473621,0.9920328259468079
gue_splice_reconstructed__bert-base-uncased__20260520T223812Z,2,2,0.0019130430882796645,0.012895755469799042,0.985191285610199
gue_splice_reconstructed__bert-base-uncased__20260520T223812Z,2,2,0.003562789410352707,0.0066431788727641106,0.9897940158843994
gue_splice_reconstructed__bert-base-uncased__20260520T223812Z,2,2,0.013928408734500408,0.0019562707748264074,0.9841153621673584
gue_splice_reconstructed__bert-base-uncased__20260520T223812Z,2,1,0.00019159031216986477,0.9868115782737732,0.012996839359402657
gue_splice_reconstructed__bert-base-uncased__20260520T223812Z,2,2,0.04504747316241264,0.0019698473624885082,0.9529826641082764
gue_splice_reconstructed__bert-base-uncased__20260520T223812Z,1,2,0.0024480035062879324,0.17560236155986786,0.8219496607780457
gue_splice_reconstructed__bert-base-uncased__20260520T223812Z,2,2,0.0016058252658694983,0.02207053266465664,0.976323664188385
gue_splice_reconstructed__bert-base-uncased__20260520T223812Z,2,0,0.7936380505561829,0.0009402084397152066,0.20542171597480774
gue_splice_reconstructed__bert-base-uncased__20260520T223812Z,2,0,0.5045681595802307,0.0011058961972594261,0.4943259358406067
gue_splice_reconstructed__bert-base-uncased__20260520T223812Z,0,0,0.9784334301948547,0.00014451677270699292,0.021422026678919792
gue_splice_reconstructed__bert-base-uncased__20260520T223812Z,0,0,0.9891144037246704,0.00019968730339314789,0.010685811750590801
gue_splice_reconstructed__bert-base-uncased__20260520T223812Z,2,2,0.004569197539240122,0.00489724799990654,0.9905335903167725
gue_splice_reconstructed__bert-base-uncased__20260520T223812Z,0,0,0.9804818034172058,0.0015599982580170035,0.017958151176571846
gue_splice_reconstructed__bert-base-uncased__20260520T223812Z,0,0,0.993036687374115,0.0003209911519661546,0.006642200984060764
gue_splice_reconstructed__bert-base-uncased__20260520T223812Z,0,0,0.9938876032829285,0.0003535316791385412,0.0057588922791182995
gue_splice_reconstructed__bert-base-uncased__20260520T223812Z,2,0,0.9815660715103149,0.0003694956540130079,0.018064353615045547
gue_splice_reconstructed__bert-base-uncased__20260520T223812Z,1,1,0.000275665195658803,0.9912153482437134,0.0085089560598135
gue_splice_reconstructed__bert-base-uncased__20260520T223812Z,2,2,0.0022819852456450462,0.006172864232212305,0.9915452003479004
gue_splice_reconstructed__bert-base-uncased__20260520T223812Z,2,2,0.008364243432879448,0.000967286410741508,0.9906684756278992
gue_splice_reconstructed__bert-base-uncased__20260520T223812Z,0,0,0.9776266813278198,0.00024087772180791944,0.022132383659482002
gue_splice_reconstructed__bert-base-uncased__20260520T223812Z,1,1,0.0001991831377381459,0.990478515625,0.00932236760854721
gue_splice_reconstructed__bert-base-uncased__20260520T223812Z,2,2,0.016846608370542526,0.005948468577116728,0.9772048592567444
gue_splice_reconstructed__bert-base-uncased__20260520T223812Z,2,1,0.00038253742968663573,0.9288924932479858,0.07072489708662033
gue_splice_reconstructed__bert-base-uncased__20260520T223812Z,1,1,0.0003015598049387336,0.9006945490837097,0.09900382161140442
gue_splice_reconstructed__bert-base-uncased__20260520T223812Z,2,0,0.9280827045440674,0.0005954477237537503,0.07132185995578766
gue_splice_reconstructed__bert-base-uncased__20260520T223812Z,0,0,0.9853408932685852,0.0003075007116422057,0.01435160357505083
gue_splice_reconstructed__bert-base-uncased__20260520T223812Z,0,0,0.9862412214279175,0.0002300680207554251,0.013528628274798393
gue_splice_reconstructed__bert-base-uncased__20260520T223812Z,1,1,0.0002407349820714444,0.941454291343689,0.058304984122514725
gue_splice_reconstructed__bert-base-uncased__20260520T223812Z,2,2,0.051031872630119324,0.0015163044445216656,0.9474518299102783
gue_splice_reconstructed__bert-base-uncased__20260520T223812Z,1,1,0.00023596013488713652,0.9919348955154419,0.00782920140773058
gue_splice_reconstructed__bert-base-uncased__20260520T223812Z,1,1,0.0003299929667264223,0.9933485388755798,0.006321475841104984
gue_splice_reconstructed__bert-base-uncased__20260520T223812Z,0,0,0.9565549492835999,0.0006089392700232565,0.04283609986305237
gue_splice_reconstructed__bert-base-uncased__20260520T223812Z,1,1,0.0005690479883924127,0.9855902791023254,0.013840730302035809
gue_splice_reconstructed__bert-base-uncased__20260520T223812Z,1,2,0.0007594084017910063,0.21076861023902893,0.7884719967842102
gue_splice_reconstructed__bert-base-uncased__20260520T223812Z,2,2,0.004297509789466858,0.05308480188250542,0.942617654800415
gue_splice_reconstructed__bert-base-uncased__20260520T223812Z,0,0,0.9542829394340515,0.0002265605580760166,0.045490480959415436
gue_splice_reconstructed__bert-base-uncased__20260520T223812Z,2,2,0.20190271735191345,0.0011146798497065902,0.7969826459884644
gue_splice_reconstructed__bert-base-uncased__20260520T223812Z,2,2,0.2209893763065338,0.0008727859240025282,0.7781378626823425
gue_splice_reconstructed__bert-base-uncased__20260520T223812Z,1,1,0.00022575497860088944,0.9868395924568176,0.012934688478708267
gue_splice_reconstructed__bert-base-uncased__20260520T223812Z,1,1,0.0002678549790289253,0.9744850397109985,0.025247089564800262
gue_splice_reconstructed__bert-base-uncased__20260520T223812Z,2,2,0.032303519546985626,0.030080800876021385,0.9376157522201538
gue_splice_reconstructed__bert-base-uncased__20260520T223812Z,2,0,0.8803781867027283,0.0005919483373872936,0.1190299317240715
gue_splice_reconstructed__bert-base-uncased__20260520T223812Z,2,2,0.01617722027003765,0.003289812942966819,0.9805330038070679
gue_splice_reconstructed__bert-base-uncased__20260520T223812Z,2,2,0.04292521998286247,0.0013630460016429424,0.9557117819786072
gue_splice_reconstructed__bert-base-uncased__20260520T223812Z,1,1,0.0004832290578633547,0.9708813428878784,0.028635429218411446
gue_splice_reconstructed__bert-base-uncased__20260520T223812Z,2,2,0.009718100540339947,0.22053590416908264,0.7697460055351257
gue_splice_reconstructed__bert-base-uncased__20260520T223812Z,1,1,0.00016796335694380105,0.9841436147689819,0.015688324347138405
gue_splice_reconstructed__bert-base-uncased__20260520T223812Z,2,2,0.0014198600547388196,0.03177604451775551,0.9668040871620178
gue_splice_reconstructed__bert-base-uncased__20260520T223812Z,0,0,0.9912919402122498,0.0002975065144710243,0.00841047428548336
gue_splice_reconstructed__bert-base-uncased__20260520T223812Z,2,2,0.0024391578044742346,0.007751626893877983,0.9898091554641724
gue_splice_reconstructed__bert-base-uncased__20260520T223812Z,2,1,0.0001908305857796222,0.9378883242607117,0.061920877546072006
gue_splice_reconstructed__bert-base-uncased__20260520T223812Z,1,1,0.00015657745825592428,0.9765996336936951,0.023243827745318413
gue_splice_reconstructed__bert-base-uncased__20260520T223812Z,2,2,0.0027096306439489126,0.007787161041051149,0.9895031452178955
gue_splice_reconstructed__bert-base-uncased__20260520T223812Z,2,2,0.4308958947658539,0.0010402898769825697,0.5680637955665588
gue_splice_reconstructed__bert-base-uncased__20260520T223812Z,1,1,0.00040809845086187124,0.9511381983757019,0.048453692346811295
gue_splice_reconstructed__bert-base-uncased__20260520T223812Z,1,1,0.00025797885609790683,0.9721376895904541,0.027604367583990097
gue_splice_reconstructed__bert-base-uncased__20260520T223812Z,2,2,0.00446974067017436,0.002609723713248968,0.9929205775260925
gue_splice_reconstructed__bert-base-uncased__20260520T223812Z,2,2,0.34825748205184937,0.00047626325977034867,0.6512662768363953
gue_splice_reconstructed__bert-base-uncased__20260520T223812Z,1,1,0.00017357450269628316,0.9554027318954468,0.044423721730709076
gue_splice_reconstructed__bert-base-uncased__20260520T223812Z,1,1,0.0002745746460277587,0.9930958151817322,0.00662963604554534
gue_splice_reconstructed__bert-base-uncased__20260520T223812Z,0,0,0.984689474105835,0.0002633592812344432,0.015047159045934677
gue_splice_reconstructed__bert-base-uncased__20260520T223812Z,2,2,0.002822672249749303,0.007816514000296593,0.9893607497215271
gue_splice_reconstructed__bert-base-uncased__20260520T223812Z,2,2,0.0023075046483427286,0.012529192492365837,0.9851632714271545
gue_splice_reconstructed__bert-base-uncased__20260520T223812Z,2,2,0.00250264978967607,0.007384486962109804,0.9901127815246582
gue_splice_reconstructed__bert-base-uncased__20260520T223812Z,2,2,0.018586644902825356,0.0031076569575816393,0.9783056378364563
gue_splice_reconstructed__bert-base-uncased__20260520T223812Z,0,0,0.9748806357383728,0.00015938462456688285,0.02496003545820713
gue_splice_reconstructed__bert-base-uncased__20260520T223812Z,0,2,0.011804495938122272,0.44599881768226624,0.5421966910362244
gue_splice_reconstructed__bert-base-uncased__20260520T223812Z,0,0,0.9881491661071777,0.00022168229043018073,0.011629115790128708
gue_splice_reconstructed__bert-base-uncased__20260520T223812Z,2,2,0.024406354874372482,0.001636721659451723,0.9739568829536438
gue_splice_reconstructed__bert-base-uncased__20260520T223812Z,2,2,0.0022263899445533752,0.007444032467901707,0.9903295040130615
gue_splice_reconstructed__bert-base-uncased__20260520T223812Z,1,1,0.00023139017866924405,0.9919089674949646,0.007859639823436737
gue_splice_reconstructed__bert-base-uncased__20260520T223812Z,2,2,0.0033149034716188908,0.006742221303284168,0.9899429082870483
gue_splice_reconstructed__bert-base-uncased__20260520T223812Z,2,2,0.0010584775591269135,0.06987954676151276,0.9290619492530823
gue_splice_reconstructed__bert-base-uncased__20260520T223812Z,1,1,0.0002880958199966699,0.9923432469367981,0.00736866844817996
gue_splice_reconstructed__bert-base-uncased__20260520T223812Z,2,0,0.7944883108139038,0.00047142780385911465,0.20504021644592285
gue_splice_reconstructed__bert-base-uncased__20260520T223812Z,0,0,0.9725313186645508,0.000148204795550555,0.027320481836795807
gue_splice_reconstructed__bert-base-uncased__20260520T223812Z,2,2,0.0025890693068504333,0.006559970322996378,0.9908509850502014
gue_splice_reconstructed__bert-base-uncased__20260520T223812Z,2,2,0.02389802411198616,0.002670830814167857,0.9734311103820801
gue_splice_reconstructed__bert-base-uncased__20260520T223812Z,2,1,0.0001862862118287012,0.9860900640487671,0.013723641633987427
gue_splice_reconstructed__bert-base-uncased__20260520T223812Z,0,0,0.9857330322265625,0.00018048941274173558,0.014086495153605938
gue_splice_reconstructed__bert-base-uncased__20260520T223812Z,2,2,0.001421926193870604,0.04537789523601532,0.9532002210617065
gue_splice_reconstructed__bert-base-uncased__20260520T223812Z,1,1,0.000527295283973217,0.9894158840179443,0.010056785307824612
gue_splice_reconstructed__bert-base-uncased__20260520T223812Z,2,1,0.00023596271057613194,0.9465212225914001,0.05324285849928856
gue_splice_reconstructed__bert-base-uncased__20260520T223812Z,2,1,0.00016991338634397835,0.9763134121894836,0.023516668006777763
gue_splice_reconstructed__bert-base-uncased__20260520T223812Z,0,0,0.9010316133499146,0.0003136898740194738,0.09865473955869675
gue_splice_reconstructed__bert-base-uncased__20260520T223812Z,2,2,0.0012742772232741117,0.06420345604419708,0.9345222115516663
gue_splice_reconstructed__bert-base-uncased__20260520T223812Z,2,2,0.004357957746833563,0.005563036538660526,0.9900790452957153
gue_splice_reconstructed__bert-base-uncased__20260520T223812Z,2,1,0.0001927348057506606,0.9472470879554749,0.05256015807390213
gue_splice_reconstructed__bert-base-uncased__20260520T223812Z,1,1,0.00029130640905350447,0.9630794525146484,0.03662931174039841
gue_splice_reconstructed__bert-base-uncased__20260520T223812Z,2,2,0.0009376535890623927,0.0462162047624588,0.9528461694717407
gue_splice_reconstructed__bert-base-uncased__20260520T223812Z,2,2,0.0033943778835237026,0.004474916495382786,0.992130696773529
gue_splice_reconstructed__bert-base-uncased__20260520T223812Z,2,2,0.0031672173645347357,0.005602236371487379,0.9912306070327759
gue_splice_reconstructed__bert-base-uncased__20260520T223812Z,2,2,0.02517203614115715,0.0026466436684131622,0.9721812605857849
gue_splice_reconstructed__bert-base-uncased__20260520T223812Z,0,0,0.9749192595481873,0.00018061358423437923,0.024900158867239952
gue_splice_reconstructed__bert-base-uncased__20260520T223812Z,1,1,0.0006530229584313929,0.8982239961624146,0.10112297534942627
gue_splice_reconstructed__bert-base-uncased__20260520T223812Z,2,2,0.025933584198355675,0.002814643317833543,0.9712517261505127
gue_splice_reconstructed__bert-base-uncased__20260520T223812Z,2,2,0.012471092864871025,0.0035765187349170446,0.9839523434638977
gue_splice_reconstructed__bert-base-uncased__20260520T223812Z,2,2,0.002511375118046999,0.017415381968021393,0.9800732731819153
gue_splice_reconstructed__bert-base-uncased__20260520T223812Z,2,2,0.0006522341282106936,0.47091588377952576,0.5284318923950195
gue_splice_reconstructed__bert-base-uncased__20260520T223812Z,0,0,0.966673731803894,0.00031308041070587933,0.03301321715116501
gue_splice_reconstructed__bert-base-uncased__20260520T223812Z,2,1,0.00018377957167103887,0.9246537089347839,0.07516259700059891
gue_splice_reconstructed__bert-base-uncased__20260520T223812Z,0,0,0.9882000684738159,0.00025716921663843095,0.011542732827365398
gue_splice_reconstructed__bert-base-uncased__20260520T223812Z,1,1,0.0003694312763400376,0.9949047565460205,0.0047258036211133
gue_splice_reconstructed__bert-base-uncased__20260520T223812Z,2,2,0.0038360520265996456,0.004750790540128946,0.9914131164550781
gue_splice_reconstructed__bert-base-uncased__20260520T223812Z,2,2,0.003432543482631445,0.004969995003193617,0.9915974736213684
gue_splice_reconstructed__bert-base-uncased__20260520T223812Z,2,2,0.01702345907688141,0.0012822995195165277,0.9816942811012268
gue_splice_reconstructed__bert-base-uncased__20260520T223812Z,2,2,0.08328927308320999,0.0011501002591103315,0.9155606031417847
gue_splice_reconstructed__bert-base-uncased__20260520T223812Z,2,2,0.0030372811015695333,0.0046630678698420525,0.9922997355461121
gue_splice_reconstructed__bert-base-uncased__20260520T223812Z,0,0,0.8447117805480957,0.00039961468428373337,0.15488862991333008
gue_splice_reconstructed__bert-base-uncased__20260520T223812Z,0,0,0.9525021314620972,0.00023745371436234564,0.04726047441363335
gue_splice_reconstructed__bert-base-uncased__20260520T223812Z,2,2,0.0028333745431154966,0.0059923999942839146,0.9911742210388184
gue_splice_reconstructed__bert-base-uncased__20260520T223812Z,2,2,0.002402041107416153,0.007500657811760902,0.9900972843170166
gue_splice_reconstructed__bert-base-uncased__20260520T223812Z,2,2,0.001629218808375299,0.02887859381735325,0.9694921970367432
gue_splice_reconstructed__bert-base-uncased__20260520T223812Z,2,2,0.0033583668991923332,0.005403466988354921,0.9912381768226624
gue_splice_reconstructed__bert-base-uncased__20260520T223812Z,0,0,0.9524177312850952,0.00037207771674729884,0.04721016436815262
gue_splice_reconstructed__bert-base-uncased__20260520T223812Z,2,2,0.0016347059281542897,0.04255775734782219,0.9558075666427612
gue_splice_reconstructed__bert-base-uncased__20260520T223812Z,0,0,0.9864388704299927,0.0002797476190607995,0.013281366787850857
gue_splice_reconstructed__bert-base-uncased__20260520T223812Z,2,0,0.5651585459709167,0.16804230213165283,0.26679912209510803
gue_splice_reconstructed__bert-base-uncased__20260520T223812Z,1,1,0.0004013299476355314,0.9783395528793335,0.021259116008877754
gue_splice_reconstructed__bert-base-uncased__20260520T223812Z,0,0,0.9895347952842712,0.00019514448649715632,0.010270151309669018
gue_splice_reconstructed__bert-base-uncased__20260520T223812Z,2,2,0.0034457806032150984,0.005013581365346909,0.9915406107902527
gue_splice_reconstructed__bert-base-uncased__20260520T223812Z,0,0,0.9933757185935974,0.00030579863232560456,0.0063185621984303
gue_splice_reconstructed__bert-base-uncased__20260520T223812Z,2,1,0.0004212050116620958,0.9836044907569885,0.01597435586154461
gue_splice_reconstructed__bert-base-uncased__20260520T223812Z,2,2,0.0023611951619386673,0.0071184043772518635,0.9905203580856323
gue_splice_reconstructed__bert-base-uncased__20260520T223812Z,0,0,0.9919424057006836,0.0010051470017060637,0.007052456494420767
gue_splice_reconstructed__bert-base-uncased__20260520T223812Z,2,2,0.0007883282960392535,0.13975539803504944,0.8594563007354736
gue_splice_reconstructed__bert-base-uncased__20260520T223812Z,0,0,0.9948851466178894,0.00041454413440078497,0.0047003962099552155
gue_splice_reconstructed__bert-base-uncased__20260520T223812Z,1,1,0.00023213720123749226,0.9912316203117371,0.008536146022379398
gue_splice_reconstructed__bert-base-uncased__20260520T223812Z,0,0,0.9889100193977356,0.000180365183041431,0.010909623466432095
gue_splice_reconstructed__bert-base-uncased__20260520T223812Z,1,1,0.0006727983127348125,0.709547758102417,0.2897794246673584
gue_splice_reconstructed__bert-base-uncased__20260520T223812Z,2,2,0.06290390342473984,0.0017196501139551401,0.9353764057159424
gue_splice_reconstructed__bert-base-uncased__20260520T223812Z,0,0,0.9874777793884277,0.0002215316635556519,0.012300696223974228
gue_splice_reconstructed__bert-base-uncased__20260520T223812Z,2,2,0.04117516055703163,0.002498856047168374,0.9563259482383728
gue_splice_reconstructed__bert-base-uncased__20260520T223812Z,1,1,0.0002414399932604283,0.8580368161201477,0.14172175526618958
gue_splice_reconstructed__bert-base-uncased__20260520T223812Z,2,2,0.0027111410163342953,0.007234164979308844,0.990054726600647
gue_splice_reconstructed__bert-base-uncased__20260520T223812Z,2,2,0.003951870836317539,0.004190343897789717,0.9918577075004578
gue_splice_reconstructed__bert-base-uncased__20260520T223812Z,1,1,0.00028131698491051793,0.991972804069519,0.007745844777673483
gue_splice_reconstructed__bert-base-uncased__20260520T223812Z,2,2,0.00232696533203125,0.008074456825852394,0.9895985126495361
gue_splice_reconstructed__bert-base-uncased__20260520T223812Z,1,1,0.00016289876657538116,0.9771033525466919,0.022733742371201515
gue_splice_reconstructed__bert-base-uncased__20260520T223812Z,0,0,0.8963625431060791,0.00017955384100787342,0.10345795750617981
gue_splice_reconstructed__bert-base-uncased__20260520T223812Z,1,1,0.00020262232283130288,0.9174125790596008,0.08238480240106583
gue_splice_reconstructed__bert-base-uncased__20260520T223812Z,2,2,0.0113076101988554,0.004055547062307596,0.9846369028091431
gue_splice_reconstructed__bert-base-uncased__20260520T223812Z,2,2,0.005174335557967424,0.0029771800618618727,0.9918484687805176
gue_splice_reconstructed__bert-base-uncased__20260520T223812Z,1,1,0.00038496367051266134,0.9911931157112122,0.008421964012086391
gue_splice_reconstructed__bert-base-uncased__20260520T223812Z,0,0,0.9791577458381653,0.00019537420303095132,0.020646832883358
gue_splice_reconstructed__bert-base-uncased__20260520T223812Z,2,2,0.0026073751505464315,0.005365683697164059,0.9920269846916199
gue_splice_reconstructed__bert-base-uncased__20260520T223812Z,2,2,0.012478807009756565,0.007755838800221682,0.9797653555870056
gue_splice_reconstructed__bert-base-uncased__20260520T223812Z,2,2,0.0027248684782534838,0.0060868519358336926,0.9911882877349854
gue_splice_reconstructed__bert-base-uncased__20260520T223812Z,1,1,0.00022123147209640592,0.9899993538856506,0.009779345244169235
gue_splice_reconstructed__bert-base-uncased__20260520T223812Z,2,2,0.002342365914955735,0.005393236875534058,0.9922643899917603
gue_splice_reconstructed__bert-base-uncased__20260520T223812Z,2,2,0.01336186844855547,0.003984628710895777,0.9826534390449524
gue_splice_reconstructed__bert-base-uncased__20260520T223812Z,2,2,0.00448612729087472,0.003807326778769493,0.9917066097259521
gue_splice_reconstructed__bert-base-uncased__20260520T223812Z,2,2,0.009110198356211185,0.0016918131150305271,0.9891980290412903
gue_splice_reconstructed__bert-base-uncased__20260520T223812Z,2,2,0.0025927359238266945,0.007089204154908657,0.9903180599212646
gue_splice_reconstructed__bert-base-uncased__20260520T223812Z,2,2,0.006847339682281017,0.012981285341084003,0.9801714420318604
gue_splice_reconstructed__bert-base-uncased__20260520T223812Z,2,2,0.012074789963662624,0.004999229684472084,0.9829260110855103
gue_splice_reconstructed__bert-base-uncased__20260520T223812Z,2,2,0.0015824409201741219,0.01924986019730568,0.9791676998138428
gue_splice_reconstructed__bert-base-uncased__20260520T223812Z,1,1,0.00020066052093170583,0.9900598526000977,0.009739437140524387
gue_splice_reconstructed__bert-base-uncased__20260520T223812Z,1,1,0.03555513173341751,0.7268082499504089,0.23763662576675415
gue_splice_reconstructed__bert-base-uncased__20260520T223812Z,1,1,0.00035899991053156555,0.9936133027076721,0.006027712486684322
gue_splice_reconstructed__bert-base-uncased__20260520T223812Z,2,2,0.009028295055031776,0.008750521577894688,0.9822211861610413
gue_splice_reconstructed__bert-base-uncased__20260520T223812Z,2,0,0.8246591091156006,0.0002744894300121814,0.17506639659404755
gue_splice_reconstructed__bert-base-uncased__20260520T223812Z,1,1,0.00032973612542264163,0.9829295873641968,0.01674072816967964
gue_splice_reconstructed__bert-base-uncased__20260520T223812Z,0,0,0.9816110134124756,0.00020050849707331508,0.018188539892435074
gue_splice_reconstructed__bert-base-uncased__20260520T223812Z,2,2,0.0019516611937433481,0.018167566508054733,0.9798807501792908
gue_splice_reconstructed__bert-base-uncased__20260520T223812Z,2,2,0.01282453816384077,0.004550456535071135,0.9826250076293945
gue_splice_reconstructed__bert-base-uncased__20260520T223812Z,0,0,0.9934850335121155,0.0002784634125418961,0.006236494053155184
gue_splice_reconstructed__bert-base-uncased__20260520T223812Z,0,2,0.4027998447418213,0.11898022890090942,0.4782198965549469
gue_splice_reconstructed__bert-base-uncased__20260520T223812Z,2,2,0.31302765011787415,0.001920415204949677,0.6850519180297852
gue_splice_reconstructed__bert-base-uncased__20260520T223812Z,2,0,0.9706563353538513,0.00014676793944090605,0.029197009280323982
gue_splice_reconstructed__bert-base-uncased__20260520T223812Z,2,2,0.00774915236979723,0.0027576542925089598,0.9894932508468628
gue_splice_reconstructed__bert-base-uncased__20260520T223812Z,0,0,0.9936542510986328,0.00034123865771107376,0.006004460155963898
gue_splice_reconstructed__bert-base-uncased__20260520T223812Z,2,2,0.0025484981015324593,0.004831479396671057,0.992620050907135
gue_splice_reconstructed__bert-base-uncased__20260520T223812Z,2,2,0.0022848083171993494,0.012669185176491737,0.9850459694862366
