run_id,true_label,predicted_label,prob_class_0,prob_class_1,prob_class_2
gue_splice_reconstructed_lora__InstaDeepAI_nucleotide-transformer-v2-500m-multi-species__20260520T222248Z,1,2,0.003054805099964142,0.03527762368321419,0.9616675972938538
gue_splice_reconstructed_lora__InstaDeepAI_nucleotide-transformer-v2-500m-multi-species__20260520T222248Z,2,2,0.01597059704363346,0.0012564229546114802,0.982772946357727
gue_splice_reconstructed_lora__InstaDeepAI_nucleotide-transformer-v2-500m-multi-species__20260520T222248Z,2,2,0.011458675377070904,0.0009291733731515706,0.9876121878623962
gue_splice_reconstructed_lora__InstaDeepAI_nucleotide-transformer-v2-500m-multi-species__20260520T222248Z,2,2,0.00288482871837914,0.017077909782528877,0.9800372123718262
gue_splice_reconstructed_lora__InstaDeepAI_nucleotide-transformer-v2-500m-multi-species__20260520T222248Z,1,1,9.643597149988636e-05,0.9955660700798035,0.004337404854595661
gue_splice_reconstructed_lora__InstaDeepAI_nucleotide-transformer-v2-500m-multi-species__20260520T222248Z,2,2,0.0014587977202609181,0.001336056157015264,0.9972050786018372
gue_splice_reconstructed_lora__InstaDeepAI_nucleotide-transformer-v2-500m-multi-species__20260520T222248Z,2,0,0.8998860120773315,0.0003257711650803685,0.09978814423084259
gue_splice_reconstructed_lora__InstaDeepAI_nucleotide-transformer-v2-500m-multi-species__20260520T222248Z,2,2,0.0036762470845133066,0.0198736023157835,0.9764501452445984
gue_splice_reconstructed_lora__InstaDeepAI_nucleotide-transformer-v2-500m-multi-species__20260520T222248Z,1,1,4.679600533563644e-05,0.9990377426147461,0.0009154636063612998
gue_splice_reconstructed_lora__InstaDeepAI_nucleotide-transformer-v2-500m-multi-species__20260520T222248Z,2,2,0.0020923500414937735,0.001353563740849495,0.9965541362762451
gue_splice_reconstructed_lora__InstaDeepAI_nucleotide-transformer-v2-500m-multi-species__20260520T222248Z,1,1,3.644014213932678e-05,0.9989110231399536,0.001052530249580741
gue_splice_reconstructed_lora__InstaDeepAI_nucleotide-transformer-v2-500m-multi-species__20260520T222248Z,2,2,0.05462329462170601,0.002351262839511037,0.9430254101753235
gue_splice_reconstructed_lora__InstaDeepAI_nucleotide-transformer-v2-500m-multi-species__20260520T222248Z,2,2,0.014943557791411877,0.0009044691105373204,0.9841519594192505
gue_splice_reconstructed_lora__InstaDeepAI_nucleotide-transformer-v2-500m-multi-species__20260520T222248Z,2,2,0.004383721388876438,0.0006560515030287206,0.9949601888656616
gue_splice_reconstructed_lora__InstaDeepAI_nucleotide-transformer-v2-500m-multi-species__20260520T222248Z,0,0,0.9985894560813904,2.4745168047957122e-05,0.0013857834273949265
gue_splice_reconstructed_lora__InstaDeepAI_nucleotide-transformer-v2-500m-multi-species__20260520T222248Z,2,2,0.0029839416965842247,0.00194358523003757,0.9950724244117737
gue_splice_reconstructed_lora__InstaDeepAI_nucleotide-transformer-v2-500m-multi-species__20260520T222248Z,2,2,0.0028921710327267647,0.004934183321893215,0.9921736717224121
gue_splice_reconstructed_lora__InstaDeepAI_nucleotide-transformer-v2-500m-multi-species__20260520T222248Z,1,1,5.469728057505563e-05,0.9988040924072266,0.0011412733001634479
gue_splice_reconstructed_lora__InstaDeepAI_nucleotide-transformer-v2-500m-multi-species__20260520T222248Z,2,2,0.07672934234142303,0.0007584980921819806,0.9225121736526489
gue_splice_reconstructed_lora__InstaDeepAI_nucleotide-transformer-v2-500m-multi-species__20260520T222248Z,2,2,0.000555920647457242,0.007964384742081165,0.9914796352386475
gue_splice_reconstructed_lora__InstaDeepAI_nucleotide-transformer-v2-500m-multi-species__20260520T222248Z,1,1,6.345727888401598e-05,0.9911457896232605,0.008790775202214718
gue_splice_reconstructed_lora__InstaDeepAI_nucleotide-transformer-v2-500m-multi-species__20260520T222248Z,0,0,0.9994156360626221,0.00012976268772035837,0.00045468893949873745
gue_splice_reconstructed_lora__InstaDeepAI_nucleotide-transformer-v2-500m-multi-species__20260520T222248Z,0,0,0.9703204035758972,0.00038204481825232506,0.029297562316060066
gue_splice_reconstructed_lora__InstaDeepAI_nucleotide-transformer-v2-500m-multi-species__20260520T222248Z,2,2,0.016401691362261772,0.002479915041476488,0.9811183214187622
gue_splice_reconstructed_lora__InstaDeepAI_nucleotide-transformer-v2-500m-multi-species__20260520T222248Z,2,2,0.002598236547783017,0.00012501183664426208,0.9972767233848572
gue_splice_reconstructed_lora__InstaDeepAI_nucleotide-transformer-v2-500m-multi-species__20260520T222248Z,2,2,0.004379715770483017,0.0015692795859649777,0.9940510392189026
gue_splice_reconstructed_lora__InstaDeepAI_nucleotide-transformer-v2-500m-multi-species__20260520T222248Z,1,1,0.00013481517089530826,0.9946584105491638,0.005206760484725237
gue_splice_reconstructed_lora__InstaDeepAI_nucleotide-transformer-v2-500m-multi-species__20260520T222248Z,0,0,0.9881277680397034,0.0002581568551249802,0.011613967828452587
gue_splice_reconstructed_lora__InstaDeepAI_nucleotide-transformer-v2-500m-multi-species__20260520T222248Z,0,0,0.9983187913894653,8.048306335695088e-05,0.001600835588760674
gue_splice_reconstructed_lora__InstaDeepAI_nucleotide-transformer-v2-500m-multi-species__20260520T222248Z,2,2,0.0010191211476922035,0.0030218057800084352,0.9959591031074524
gue_splice_reconstructed_lora__InstaDeepAI_nucleotide-transformer-v2-500m-multi-species__20260520T222248Z,2,2,0.005433434154838324,0.0007469152333214879,0.9938196539878845
gue_splice_reconstructed_lora__InstaDeepAI_nucleotide-transformer-v2-500m-multi-species__20260520T222248Z,2,2,0.007110064849257469,0.0015957929426804185,0.9912942051887512
gue_splice_reconstructed_lora__InstaDeepAI_nucleotide-transformer-v2-500m-multi-species__20260520T222248Z,2,2,0.02451874315738678,0.016900911927223206,0.9585803747177124
gue_splice_reconstructed_lora__InstaDeepAI_nucleotide-transformer-v2-500m-multi-species__20260520T222248Z,1,1,7.053733133943751e-05,0.9914495348930359,0.008479855954647064
gue_splice_reconstructed_lora__InstaDeepAI_nucleotide-transformer-v2-500m-multi-species__20260520T222248Z,1,1,4.077152698300779e-05,0.997944176197052,0.002015000209212303
gue_splice_reconstructed_lora__InstaDeepAI_nucleotide-transformer-v2-500m-multi-species__20260520T222248Z,2,2,0.002869293326511979,0.005085185170173645,0.992045521736145
gue_splice_reconstructed_lora__InstaDeepAI_nucleotide-transformer-v2-500m-multi-species__20260520T222248Z,1,1,5.8234520111000165e-05,0.998968243598938,0.000973487098235637
gue_splice_reconstructed_lora__InstaDeepAI_nucleotide-transformer-v2-500m-multi-species__20260520T222248Z,2,2,0.006650629919022322,0.00437866011634469,0.9889707565307617
gue_splice_reconstructed_lora__InstaDeepAI_nucleotide-transformer-v2-500m-multi-species__20260520T222248Z,2,2,0.002000412903726101,0.0014578273985534906,0.9965417981147766
gue_splice_reconstructed_lora__InstaDeepAI_nucleotide-transformer-v2-500m-multi-species__20260520T222248Z,2,2,0.11436675488948822,0.003037371439859271,0.8825958967208862
gue_splice_reconstructed_lora__InstaDeepAI_nucleotide-transformer-v2-500m-multi-species__20260520T222248Z,2,2,0.0007116198539733887,0.001159593928605318,0.9981288313865662
gue_splice_reconstructed_lora__InstaDeepAI_nucleotide-transformer-v2-500m-multi-species__20260520T222248Z,2,2,0.00033094570972025394,0.007336280308663845,0.9923328161239624
gue_splice_reconstructed_lora__InstaDeepAI_nucleotide-transformer-v2-500m-multi-species__20260520T222248Z,2,2,0.039521291851997375,0.0010349182412028313,0.9594438076019287
gue_splice_reconstructed_lora__InstaDeepAI_nucleotide-transformer-v2-500m-multi-species__20260520T222248Z,0,0,0.997370719909668,0.00016179261729121208,0.002467410871759057
gue_splice_reconstructed_lora__InstaDeepAI_nucleotide-transformer-v2-500m-multi-species__20260520T222248Z,2,2,0.0029591629281640053,0.001520274206995964,0.9955205917358398
gue_splice_reconstructed_lora__InstaDeepAI_nucleotide-transformer-v2-500m-multi-species__20260520T222248Z,2,2,0.0014966735616326332,0.001057162880897522,0.9974461793899536
gue_splice_reconstructed_lora__InstaDeepAI_nucleotide-transformer-v2-500m-multi-species__20260520T222248Z,1,1,7.225448644021526e-05,0.9959420561790466,0.0039856210350990295
gue_splice_reconstructed_lora__InstaDeepAI_nucleotide-transformer-v2-500m-multi-species__20260520T222248Z,2,2,0.0030502004083245993,0.0004292437806725502,0.9965205192565918
gue_splice_reconstructed_lora__InstaDeepAI_nucleotide-transformer-v2-500m-multi-species__20260520T222248Z,1,1,5.080788105260581e-05,0.9992600083351135,0.00068915996234864
gue_splice_reconstructed_lora__InstaDeepAI_nucleotide-transformer-v2-500m-multi-species__20260520T222248Z,0,0,0.998172402381897,3.7569076084764674e-05,0.001789964153431356
gue_splice_reconstructed_lora__InstaDeepAI_nucleotide-transformer-v2-500m-multi-species__20260520T222248Z,0,0,0.9988986253738403,0.0001931809529196471,0.0009082130272872746
gue_splice_reconstructed_lora__InstaDeepAI_nucleotide-transformer-v2-500m-multi-species__20260520T222248Z,2,2,0.002907574875280261,0.0015808210009709,0.9955116510391235
gue_splice_reconstructed_lora__InstaDeepAI_nucleotide-transformer-v2-500m-multi-species__20260520T222248Z,1,1,3.892740642186254e-05,0.998532772064209,0.0014282960910350084
gue_splice_reconstructed_lora__InstaDeepAI_nucleotide-transformer-v2-500m-multi-species__20260520T222248Z,2,2,0.0032324171625077724,0.004698548465967178,0.9920690059661865
gue_splice_reconstructed_lora__InstaDeepAI_nucleotide-transformer-v2-500m-multi-species__20260520T222248Z,2,2,0.05015963688492775,0.001431455835700035,0.9484089612960815
gue_splice_reconstructed_lora__InstaDeepAI_nucleotide-transformer-v2-500m-multi-species__20260520T222248Z,1,1,7.56303415982984e-05,0.9908577799797058,0.009066635742783546
gue_splice_reconstructed_lora__InstaDeepAI_nucleotide-transformer-v2-500m-multi-species__20260520T222248Z,2,2,0.2337346225976944,0.00062706065364182,0.7656382918357849
gue_splice_reconstructed_lora__InstaDeepAI_nucleotide-transformer-v2-500m-multi-species__20260520T222248Z,2,2,0.009732571430504322,0.0013884840300306678,0.9888789653778076
gue_splice_reconstructed_lora__InstaDeepAI_nucleotide-transformer-v2-500m-multi-species__20260520T222248Z,2,2,0.006385904736816883,0.0013477399479597807,0.9922663569450378
gue_splice_reconstructed_lora__InstaDeepAI_nucleotide-transformer-v2-500m-multi-species__20260520T222248Z,0,0,0.9956186413764954,0.00015653928858228028,0.004224758129566908
gue_splice_reconstructed_lora__InstaDeepAI_nucleotide-transformer-v2-500m-multi-species__20260520T222248Z,2,2,0.0011671026004478335,0.4867386519908905,0.5120941996574402
gue_splice_reconstructed_lora__InstaDeepAI_nucleotide-transformer-v2-500m-multi-species__20260520T222248Z,2,2,0.026532208546996117,0.005654552020132542,0.9678131937980652
gue_splice_reconstructed_lora__InstaDeepAI_nucleotide-transformer-v2-500m-multi-species__20260520T222248Z,2,2,0.0005220714956521988,0.029383836314082146,0.9700940847396851
gue_splice_reconstructed_lora__InstaDeepAI_nucleotide-transformer-v2-500m-multi-species__20260520T222248Z,2,2,0.002057044766843319,0.014369645155966282,0.9835733771324158
gue_splice_reconstructed_lora__InstaDeepAI_nucleotide-transformer-v2-500m-multi-species__20260520T222248Z,2,2,0.0014920728281140327,0.2180100977420807,0.7804978489875793
gue_splice_reconstructed_lora__InstaDeepAI_nucleotide-transformer-v2-500m-multi-species__20260520T222248Z,1,1,9.670401050243527e-05,0.982855498790741,0.017047759145498276
gue_splice_reconstructed_lora__InstaDeepAI_nucleotide-transformer-v2-500m-multi-species__20260520T222248Z,0,0,0.9975122213363647,0.00014907147851772606,0.0023387118708342314
gue_splice_reconstructed_lora__InstaDeepAI_nucleotide-transformer-v2-500m-multi-species__20260520T222248Z,1,1,7.154647028073668e-05,0.9978078007698059,0.0021207125391811132
gue_splice_reconstructed_lora__InstaDeepAI_nucleotide-transformer-v2-500m-multi-species__20260520T222248Z,2,2,0.0008668512455187738,0.0009464878239668906,0.9981866478919983
gue_splice_reconstructed_lora__InstaDeepAI_nucleotide-transformer-v2-500m-multi-species__20260520T222248Z,0,0,0.9993478655815125,9.890453657135367e-05,0.000553263642359525
gue_splice_reconstructed_lora__InstaDeepAI_nucleotide-transformer-v2-500m-multi-species__20260520T222248Z,0,0,0.8773986101150513,0.0014572786167263985,0.1211441233754158
gue_splice_reconstructed_lora__InstaDeepAI_nucleotide-transformer-v2-500m-multi-species__20260520T222248Z,2,2,0.013363390229642391,0.004830455407500267,0.9818061590194702
gue_splice_reconstructed_lora__InstaDeepAI_nucleotide-transformer-v2-500m-multi-species__20260520T222248Z,1,1,6.510061211884022e-05,0.9971463084220886,0.002788497367873788
gue_splice_reconstructed_lora__InstaDeepAI_nucleotide-transformer-v2-500m-multi-species__20260520T222248Z,0,0,0.9983218312263489,0.00011596451076911762,0.0015622307546436787
gue_splice_reconstructed_lora__InstaDeepAI_nucleotide-transformer-v2-500m-multi-species__20260520T222248Z,2,2,0.012400333769619465,0.0015566375805065036,0.9860429763793945
gue_splice_reconstructed_lora__InstaDeepAI_nucleotide-transformer-v2-500m-multi-species__20260520T222248Z,0,0,0.994024932384491,8.464143320452422e-05,0.0058905198238790035
gue_splice_reconstructed_lora__InstaDeepAI_nucleotide-transformer-v2-500m-multi-species__20260520T222248Z,0,0,0.9871358275413513,0.00015339735546149313,0.012710795737802982
gue_splice_reconstructed_lora__InstaDeepAI_nucleotide-transformer-v2-500m-multi-species__20260520T222248Z,2,2,0.00038049364229664207,0.0025623911060392857,0.9970570802688599
gue_splice_reconstructed_lora__InstaDeepAI_nucleotide-transformer-v2-500m-multi-species__20260520T222248Z,2,2,0.0016517468029633164,0.005804707761853933,0.9925435781478882
gue_splice_reconstructed_lora__InstaDeepAI_nucleotide-transformer-v2-500m-multi-species__20260520T222248Z,2,2,0.02156924456357956,0.0011782636865973473,0.9772524237632751
gue_splice_reconstructed_lora__InstaDeepAI_nucleotide-transformer-v2-500m-multi-species__20260520T222248Z,2,2,0.0088951475918293,0.0013869503745809197,0.9897178411483765
gue_splice_reconstructed_lora__InstaDeepAI_nucleotide-transformer-v2-500m-multi-species__20260520T222248Z,0,0,0.9987657070159912,7.743445166852325e-05,0.0011569393100216985
gue_splice_reconstructed_lora__InstaDeepAI_nucleotide-transformer-v2-500m-multi-species__20260520T222248Z,2,2,0.0006455538095906377,0.0029531163163483143,0.996401309967041
gue_splice_reconstructed_lora__InstaDeepAI_nucleotide-transformer-v2-500m-multi-species__20260520T222248Z,1,1,7.414484571199864e-05,0.9944317936897278,0.00549415685236454
gue_splice_reconstructed_lora__InstaDeepAI_nucleotide-transformer-v2-500m-multi-species__20260520T222248Z,0,0,0.9994261264801025,4.7366029320983216e-05,0.0005264247884042561
gue_splice_reconstructed_lora__InstaDeepAI_nucleotide-transformer-v2-500m-multi-species__20260520T222248Z,2,2,0.0012708372669294477,0.0007906235987320542,0.9979384541511536
gue_splice_reconstructed_lora__InstaDeepAI_nucleotide-transformer-v2-500m-multi-species__20260520T222248Z,2,2,0.0012529907980933785,0.00030377774965018034,0.9984433054924011
gue_splice_reconstructed_lora__InstaDeepAI_nucleotide-transformer-v2-500m-multi-species__20260520T222248Z,2,2,0.009465680457651615,0.0006629744893871248,0.9898713231086731
gue_splice_reconstructed_lora__InstaDeepAI_nucleotide-transformer-v2-500m-multi-species__20260520T222248Z,2,2,0.0018651798600330949,0.0032227421179413795,0.9949120879173279
gue_splice_reconstructed_lora__InstaDeepAI_nucleotide-transformer-v2-500m-multi-species__20260520T222248Z,0,0,0.998615026473999,3.1898602173896506e-05,0.0013530555879697204
gue_splice_reconstructed_lora__InstaDeepAI_nucleotide-transformer-v2-500m-multi-species__20260520T222248Z,2,2,0.0034923111088573933,0.0013437786838039756,0.9951639175415039
gue_splice_reconstructed_lora__InstaDeepAI_nucleotide-transformer-v2-500m-multi-species__20260520T222248Z,1,1,0.0007418044842779636,0.8008754849433899,0.1983826458454132
gue_splice_reconstructed_lora__InstaDeepAI_nucleotide-transformer-v2-500m-multi-species__20260520T222248Z,2,2,0.0022585615515708923,0.0009196986211463809,0.9968217611312866
gue_splice_reconstructed_lora__InstaDeepAI_nucleotide-transformer-v2-500m-multi-species__20260520T222248Z,2,2,0.004800320137292147,0.0012461388250812888,0.99395352602005
gue_splice_reconstructed_lora__InstaDeepAI_nucleotide-transformer-v2-500m-multi-species__20260520T222248Z,0,0,0.9816923141479492,0.0005324569065123796,0.01777518354356289
gue_splice_reconstructed_lora__InstaDeepAI_nucleotide-transformer-v2-500m-multi-species__20260520T222248Z,0,0,0.9987517595291138,9.807631431613117e-05,0.0011501641711220145
gue_splice_reconstructed_lora__InstaDeepAI_nucleotide-transformer-v2-500m-multi-species__20260520T222248Z,1,1,6.679541547782719e-05,0.9994052648544312,0.0005279582110233605
gue_splice_reconstructed_lora__InstaDeepAI_nucleotide-transformer-v2-500m-multi-species__20260520T222248Z,2,2,0.002407005289569497,0.009317543357610703,0.9882755279541016
gue_splice_reconstructed_lora__InstaDeepAI_nucleotide-transformer-v2-500m-multi-species__20260520T222248Z,2,2,0.001021874719299376,0.03670814260840416,0.9622700214385986
gue_splice_reconstructed_lora__InstaDeepAI_nucleotide-transformer-v2-500m-multi-species__20260520T222248Z,1,1,0.00015181975322775543,0.9769836068153381,0.022864535450935364
gue_splice_reconstructed_lora__InstaDeepAI_nucleotide-transformer-v2-500m-multi-species__20260520T222248Z,2,2,0.15750135481357574,0.0034357616677880287,0.8390628695487976
gue_splice_reconstructed_lora__InstaDeepAI_nucleotide-transformer-v2-500m-multi-species__20260520T222248Z,2,2,0.0015233551384881139,0.0009385119192302227,0.9975380897521973
gue_splice_reconstructed_lora__InstaDeepAI_nucleotide-transformer-v2-500m-multi-species__20260520T222248Z,2,2,0.014634634368121624,0.0011082969140261412,0.9842570424079895
gue_splice_reconstructed_lora__InstaDeepAI_nucleotide-transformer-v2-500m-multi-species__20260520T222248Z,0,0,0.9992203712463379,9.110350219998509e-05,0.0006884600152261555
gue_splice_reconstructed_lora__InstaDeepAI_nucleotide-transformer-v2-500m-multi-species__20260520T222248Z,2,2,0.012098737992346287,0.0011003630934283137,0.9868009090423584
gue_splice_reconstructed_lora__InstaDeepAI_nucleotide-transformer-v2-500m-multi-species__20260520T222248Z,2,2,0.005511440336704254,0.023124856874346733,0.9713637232780457
gue_splice_reconstructed_lora__InstaDeepAI_nucleotide-transformer-v2-500m-multi-species__20260520T222248Z,0,0,0.9984900951385498,5.341341966413893e-05,0.0014564046869054437
gue_splice_reconstructed_lora__InstaDeepAI_nucleotide-transformer-v2-500m-multi-species__20260520T222248Z,2,2,0.004147522151470184,0.000616474193520844,0.9952359795570374
gue_splice_reconstructed_lora__InstaDeepAI_nucleotide-transformer-v2-500m-multi-species__20260520T222248Z,0,2,0.009865211322903633,0.00042381996172480285,0.9897109866142273
gue_splice_reconstructed_lora__InstaDeepAI_nucleotide-transformer-v2-500m-multi-species__20260520T222248Z,2,2,0.0011783939553424716,0.004129096399992704,0.9946925044059753
gue_splice_reconstructed_lora__InstaDeepAI_nucleotide-transformer-v2-500m-multi-species__20260520T222248Z,2,2,0.003971486818045378,0.0011924565769731998,0.9948360919952393
gue_splice_reconstructed_lora__InstaDeepAI_nucleotide-transformer-v2-500m-multi-species__20260520T222248Z,2,2,0.0024175087455660105,0.004994431510567665,0.9925881028175354
gue_splice_reconstructed_lora__InstaDeepAI_nucleotide-transformer-v2-500m-multi-species__20260520T222248Z,1,1,5.932554995524697e-05,0.9941093921661377,0.005831278860569
gue_splice_reconstructed_lora__InstaDeepAI_nucleotide-transformer-v2-500m-multi-species__20260520T222248Z,0,0,0.9995052814483643,7.041940261842683e-05,0.0004242688592057675
gue_splice_reconstructed_lora__InstaDeepAI_nucleotide-transformer-v2-500m-multi-species__20260520T222248Z,2,2,0.007299767807126045,0.0014416269259527326,0.9912585616111755
gue_splice_reconstructed_lora__InstaDeepAI_nucleotide-transformer-v2-500m-multi-species__20260520T222248Z,2,2,0.0011076659429818392,0.0036001158878207207,0.9952921867370605
gue_splice_reconstructed_lora__InstaDeepAI_nucleotide-transformer-v2-500m-multi-species__20260520T222248Z,2,2,0.0035377726890146732,0.0010611950419843197,0.9954010248184204
gue_splice_reconstructed_lora__InstaDeepAI_nucleotide-transformer-v2-500m-multi-species__20260520T222248Z,1,1,5.1798659114865586e-05,0.9990416169166565,0.0009065705817192793
gue_splice_reconstructed_lora__InstaDeepAI_nucleotide-transformer-v2-500m-multi-species__20260520T222248Z,2,2,0.07676427066326141,0.0007540417136624455,0.9224816560745239
gue_splice_reconstructed_lora__InstaDeepAI_nucleotide-transformer-v2-500m-multi-species__20260520T222248Z,0,0,0.9984789490699768,5.3204585128696635e-05,0.001467810943722725
gue_splice_reconstructed_lora__InstaDeepAI_nucleotide-transformer-v2-500m-multi-species__20260520T222248Z,2,2,0.0012062659952789545,0.004161230754107237,0.9946324825286865
gue_splice_reconstructed_lora__InstaDeepAI_nucleotide-transformer-v2-500m-multi-species__20260520T222248Z,1,1,9.237395715899765e-05,0.9839029312133789,0.01600457914173603
gue_splice_reconstructed_lora__InstaDeepAI_nucleotide-transformer-v2-500m-multi-species__20260520T222248Z,2,1,0.0018843424040824175,0.6989607214927673,0.29915493726730347
gue_splice_reconstructed_lora__InstaDeepAI_nucleotide-transformer-v2-500m-multi-species__20260520T222248Z,2,2,0.003991091623902321,0.004042082466185093,0.9919667840003967
gue_splice_reconstructed_lora__InstaDeepAI_nucleotide-transformer-v2-500m-multi-species__20260520T222248Z,2,2,0.01785138063132763,0.0002714728470891714,0.9818770885467529
gue_splice_reconstructed_lora__InstaDeepAI_nucleotide-transformer-v2-500m-multi-species__20260520T222248Z,0,0,0.9920382499694824,0.00043915861169807613,0.007522704545408487
gue_splice_reconstructed_lora__InstaDeepAI_nucleotide-transformer-v2-500m-multi-species__20260520T222248Z,2,2,0.08352872729301453,0.004756290465593338,0.9117149114608765
gue_splice_reconstructed_lora__InstaDeepAI_nucleotide-transformer-v2-500m-multi-species__20260520T222248Z,1,1,0.0011320598423480988,0.5381307005882263,0.46073728799819946
gue_splice_reconstructed_lora__InstaDeepAI_nucleotide-transformer-v2-500m-multi-species__20260520T222248Z,2,2,0.010358002968132496,0.0019443113123998046,0.9876976609230042
gue_splice_reconstructed_lora__InstaDeepAI_nucleotide-transformer-v2-500m-multi-species__20260520T222248Z,2,2,0.0017868108116090298,0.0013123753014951944,0.9969007968902588
gue_splice_reconstructed_lora__InstaDeepAI_nucleotide-transformer-v2-500m-multi-species__20260520T222248Z,2,2,0.008301401510834694,0.004624940454959869,0.9870736598968506
gue_splice_reconstructed_lora__InstaDeepAI_nucleotide-transformer-v2-500m-multi-species__20260520T222248Z,2,2,0.0011407934362068772,0.041531432420015335,0.9573278427124023
gue_splice_reconstructed_lora__InstaDeepAI_nucleotide-transformer-v2-500m-multi-species__20260520T222248Z,1,1,0.00010703344742069021,0.9943655729293823,0.00552742462605238
gue_splice_reconstructed_lora__InstaDeepAI_nucleotide-transformer-v2-500m-multi-species__20260520T222248Z,2,2,0.004787355195730925,0.0010353382676839828,0.9941773414611816
gue_splice_reconstructed_lora__InstaDeepAI_nucleotide-transformer-v2-500m-multi-species__20260520T222248Z,0,0,0.9992895126342773,0.00011698730668285862,0.0005935305962339044
gue_splice_reconstructed_lora__InstaDeepAI_nucleotide-transformer-v2-500m-multi-species__20260520T222248Z,1,1,4.015823287772946e-05,0.9984118938446045,0.0015479440335184336
gue_splice_reconstructed_lora__InstaDeepAI_nucleotide-transformer-v2-500m-multi-species__20260520T222248Z,2,2,0.02093069814145565,0.0049351975321769714,0.9741341471672058
gue_splice_reconstructed_lora__InstaDeepAI_nucleotide-transformer-v2-500m-multi-species__20260520T222248Z,0,0,0.9995700716972351,5.3575728088617325e-05,0.0003762729756999761
gue_splice_reconstructed_lora__InstaDeepAI_nucleotide-transformer-v2-500m-multi-species__20260520T222248Z,2,2,0.004580095876008272,0.005428385455161333,0.9899915456771851
gue_splice_reconstructed_lora__InstaDeepAI_nucleotide-transformer-v2-500m-multi-species__20260520T222248Z,0,0,0.9996193647384644,4.926239853375591e-05,0.0003314281930215657
gue_splice_reconstructed_lora__InstaDeepAI_nucleotide-transformer-v2-500m-multi-species__20260520T222248Z,2,2,0.008571023121476173,0.00846289936453104,0.9829660654067993
gue_splice_reconstructed_lora__InstaDeepAI_nucleotide-transformer-v2-500m-multi-species__20260520T222248Z,2,2,0.0028354302048683167,0.00041613250505179167,0.9967484474182129
gue_splice_reconstructed_lora__InstaDeepAI_nucleotide-transformer-v2-500m-multi-species__20260520T222248Z,0,0,0.99787437915802,0.00015936468844301999,0.001966264098882675
gue_splice_reconstructed_lora__InstaDeepAI_nucleotide-transformer-v2-500m-multi-species__20260520T222248Z,1,1,5.4282125347526744e-05,0.9989975094795227,0.0009481820743530989
gue_splice_reconstructed_lora__InstaDeepAI_nucleotide-transformer-v2-500m-multi-species__20260520T222248Z,2,2,0.0008462956757284701,0.0034737084060907364,0.9956799745559692
gue_splice_reconstructed_lora__InstaDeepAI_nucleotide-transformer-v2-500m-multi-species__20260520T222248Z,2,2,0.001242395956069231,0.0019660491961985826,0.9967915415763855
gue_splice_reconstructed_lora__InstaDeepAI_nucleotide-transformer-v2-500m-multi-species__20260520T222248Z,2,2,0.00045764443348161876,0.05457562208175659,0.9449667930603027
gue_splice_reconstructed_lora__InstaDeepAI_nucleotide-transformer-v2-500m-multi-species__20260520T222248Z,1,1,5.021186370868236e-05,0.9991787075996399,0.0007710064528509974
gue_splice_reconstructed_lora__InstaDeepAI_nucleotide-transformer-v2-500m-multi-species__20260520T222248Z,1,1,0.00010140057565877214,0.9643745422363281,0.03552405908703804
gue_splice_reconstructed_lora__InstaDeepAI_nucleotide-transformer-v2-500m-multi-species__20260520T222248Z,0,0,0.9943031072616577,0.0008287791279144585,0.004868112038820982
gue_splice_reconstructed_lora__InstaDeepAI_nucleotide-transformer-v2-500m-multi-species__20260520T222248Z,2,2,0.0038681444711983204,0.0022650996688753366,0.9938667416572571
gue_splice_reconstructed_lora__InstaDeepAI_nucleotide-transformer-v2-500m-multi-species__20260520T222248Z,0,0,0.9986298084259033,6.319155363598838e-05,0.0013069710694253445
gue_splice_reconstructed_lora__InstaDeepAI_nucleotide-transformer-v2-500m-multi-species__20260520T222248Z,2,2,0.0036552343517541885,0.0005093891522847116,0.9958354234695435
gue_splice_reconstructed_lora__InstaDeepAI_nucleotide-transformer-v2-500m-multi-species__20260520T222248Z,2,2,0.0014522947603836656,0.05309824272990227,0.9454494714736938
gue_splice_reconstructed_lora__InstaDeepAI_nucleotide-transformer-v2-500m-multi-species__20260520T222248Z,0,0,0.9968217611312866,0.00011377265036571771,0.003064560005441308
gue_splice_reconstructed_lora__InstaDeepAI_nucleotide-transformer-v2-500m-multi-species__20260520T222248Z,2,2,0.006132729351520538,0.004913371056318283,0.9889539480209351
gue_splice_reconstructed_lora__InstaDeepAI_nucleotide-transformer-v2-500m-multi-species__20260520T222248Z,0,0,0.998420238494873,0.00010194937931373715,0.0014777922770008445
gue_splice_reconstructed_lora__InstaDeepAI_nucleotide-transformer-v2-500m-multi-species__20260520T222248Z,2,2,0.0027817676309496164,0.002964069601148367,0.9942541718482971
gue_splice_reconstructed_lora__InstaDeepAI_nucleotide-transformer-v2-500m-multi-species__20260520T222248Z,1,1,0.00029726006323471665,0.9142482280731201,0.08545457571744919
gue_splice_reconstructed_lora__InstaDeepAI_nucleotide-transformer-v2-500m-multi-species__20260520T222248Z,1,1,4.7912973968777806e-05,0.9991886019706726,0.000763521296903491
gue_splice_reconstructed_lora__InstaDeepAI_nucleotide-transformer-v2-500m-multi-species__20260520T222248Z,2,2,0.012903816066682339,0.0008077739621512592,0.9862884283065796
gue_splice_reconstructed_lora__InstaDeepAI_nucleotide-transformer-v2-500m-multi-species__20260520T222248Z,2,2,0.0009458552813157439,0.011228501796722412,0.9878255724906921
gue_splice_reconstructed_lora__InstaDeepAI_nucleotide-transformer-v2-500m-multi-species__20260520T222248Z,0,0,0.9974963068962097,5.3989249863661826e-05,0.00244971364736557
gue_splice_reconstructed_lora__InstaDeepAI_nucleotide-transformer-v2-500m-multi-species__20260520T222248Z,2,2,0.0006779251853004098,0.002820919267833233,0.9965012073516846
gue_splice_reconstructed_lora__InstaDeepAI_nucleotide-transformer-v2-500m-multi-species__20260520T222248Z,2,2,0.002613814314827323,0.006786342244595289,0.9905998110771179
gue_splice_reconstructed_lora__InstaDeepAI_nucleotide-transformer-v2-500m-multi-species__20260520T222248Z,1,1,5.513276482815854e-05,0.9989217519760132,0.0010231512133032084
gue_splice_reconstructed_lora__InstaDeepAI_nucleotide-transformer-v2-500m-multi-species__20260520T222248Z,1,1,6.296260107774287e-05,0.9989058971405029,0.0010311596561223269
gue_splice_reconstructed_lora__InstaDeepAI_nucleotide-transformer-v2-500m-multi-species__20260520T222248Z,2,2,0.0034642256796360016,0.0006605138187296689,0.9958752989768982
gue_splice_reconstructed_lora__InstaDeepAI_nucleotide-transformer-v2-500m-multi-species__20260520T222248Z,2,2,0.01849062368273735,0.0006244276883080602,0.9808850288391113
gue_splice_reconstructed_lora__InstaDeepAI_nucleotide-transformer-v2-500m-multi-species__20260520T222248Z,1,1,0.00041361257899552584,0.7391165494918823,0.26046979427337646
gue_splice_reconstructed_lora__InstaDeepAI_nucleotide-transformer-v2-500m-multi-species__20260520T222248Z,2,2,0.0027410939801484346,0.0021140205208212137,0.9951449036598206
gue_splice_reconstructed_lora__InstaDeepAI_nucleotide-transformer-v2-500m-multi-species__20260520T222248Z,2,2,0.0006068170769140124,0.004320463631302118,0.9950726628303528
gue_splice_reconstructed_lora__InstaDeepAI_nucleotide-transformer-v2-500m-multi-species__20260520T222248Z,1,1,6.24676831648685e-05,0.9988269209861755,0.001110514858737588
gue_splice_reconstructed_lora__InstaDeepAI_nucleotide-transformer-v2-500m-multi-species__20260520T222248Z,2,2,0.0027891872450709343,0.002249946817755699,0.9949609041213989
gue_splice_reconstructed_lora__InstaDeepAI_nucleotide-transformer-v2-500m-multi-species__20260520T222248Z,0,0,0.9909880757331848,0.0001552037865621969,0.008856691420078278
gue_splice_reconstructed_lora__InstaDeepAI_nucleotide-transformer-v2-500m-multi-species__20260520T222248Z,2,2,0.0010648672468960285,0.0020386017858982086,0.996896505355835
gue_splice_reconstructed_lora__InstaDeepAI_nucleotide-transformer-v2-500m-multi-species__20260520T222248Z,2,2,0.0009404942975379527,0.0033116259146481752,0.9957478642463684
gue_splice_reconstructed_lora__InstaDeepAI_nucleotide-transformer-v2-500m-multi-species__20260520T222248Z,1,1,3.4236938518006355e-05,0.9990449547767639,0.0009208500850945711
gue_splice_reconstructed_lora__InstaDeepAI_nucleotide-transformer-v2-500m-multi-species__20260520T222248Z,0,0,0.9970710277557373,0.00015554766287095845,0.002773350803181529
gue_splice_reconstructed_lora__InstaDeepAI_nucleotide-transformer-v2-500m-multi-species__20260520T222248Z,1,1,2.9131793780834414e-05,0.9977284073829651,0.002242476213723421
gue_splice_reconstructed_lora__InstaDeepAI_nucleotide-transformer-v2-500m-multi-species__20260520T222248Z,2,2,0.2522151470184326,0.011173929087817669,0.7366109490394592
gue_splice_reconstructed_lora__InstaDeepAI_nucleotide-transformer-v2-500m-multi-species__20260520T222248Z,2,2,0.02119545266032219,0.0014579463750123978,0.9773465991020203
gue_splice_reconstructed_lora__InstaDeepAI_nucleotide-transformer-v2-500m-multi-species__20260520T222248Z,2,2,0.0010413560084998608,0.0009537374135106802,0.9980048537254333
gue_splice_reconstructed_lora__InstaDeepAI_nucleotide-transformer-v2-500m-multi-species__20260520T222248Z,2,2,0.008790281601250172,0.0016308091580867767,0.989578902721405
gue_splice_reconstructed_lora__InstaDeepAI_nucleotide-transformer-v2-500m-multi-species__20260520T222248Z,2,2,0.0037350880447775126,0.003216704586520791,0.9930481910705566
gue_splice_reconstructed_lora__InstaDeepAI_nucleotide-transformer-v2-500m-multi-species__20260520T222248Z,0,2,0.10010582953691483,0.0006627547554671764,0.8992314338684082
gue_splice_reconstructed_lora__InstaDeepAI_nucleotide-transformer-v2-500m-multi-species__20260520T222248Z,2,2,0.0018116593128070235,0.014687791466712952,0.983500599861145
gue_splice_reconstructed_lora__InstaDeepAI_nucleotide-transformer-v2-500m-multi-species__20260520T222248Z,0,0,0.9959834814071655,6.948934606043622e-05,0.003947052173316479
gue_splice_reconstructed_lora__InstaDeepAI_nucleotide-transformer-v2-500m-multi-species__20260520T222248Z,2,2,0.0006491033709608018,0.0013768383068963885,0.9979740977287292
gue_splice_reconstructed_lora__InstaDeepAI_nucleotide-transformer-v2-500m-multi-species__20260520T222248Z,0,0,0.999567449092865,5.953487197984941e-05,0.0003729793825186789
gue_splice_reconstructed_lora__InstaDeepAI_nucleotide-transformer-v2-500m-multi-species__20260520T222248Z,0,0,0.9209263920783997,0.0005063742864876986,0.07856720685958862
gue_splice_reconstructed_lora__InstaDeepAI_nucleotide-transformer-v2-500m-multi-species__20260520T222248Z,2,2,0.001645538373850286,0.0017862147651612759,0.9965682029724121
gue_splice_reconstructed_lora__InstaDeepAI_nucleotide-transformer-v2-500m-multi-species__20260520T222248Z,2,2,0.002363854553550482,0.002118945587426424,0.9955171942710876
gue_splice_reconstructed_lora__InstaDeepAI_nucleotide-transformer-v2-500m-multi-species__20260520T222248Z,0,0,0.9847875237464905,0.00019345112377777696,0.015019065700471401
gue_splice_reconstructed_lora__InstaDeepAI_nucleotide-transformer-v2-500m-multi-species__20260520T222248Z,2,2,0.001810961402952671,0.0015339440433308482,0.9966551065444946
gue_splice_reconstructed_lora__InstaDeepAI_nucleotide-transformer-v2-500m-multi-species__20260520T222248Z,1,1,6.952323747100309e-05,0.996469259262085,0.003461217973381281
gue_splice_reconstructed_lora__InstaDeepAI_nucleotide-transformer-v2-500m-multi-species__20260520T222248Z,2,2,0.0030273920856416225,0.001119166729040444,0.9958534240722656
gue_splice_reconstructed_lora__InstaDeepAI_nucleotide-transformer-v2-500m-multi-species__20260520T222248Z,1,1,0.000147767728776671,0.9926580786705017,0.007194106932729483
gue_splice_reconstructed_lora__InstaDeepAI_nucleotide-transformer-v2-500m-multi-species__20260520T222248Z,2,2,0.0050201257690787315,0.0031140244100242853,0.9918658137321472
gue_splice_reconstructed_lora__InstaDeepAI_nucleotide-transformer-v2-500m-multi-species__20260520T222248Z,2,2,0.0009627855033613741,0.0013550958829000592,0.9976820945739746
gue_splice_reconstructed_lora__InstaDeepAI_nucleotide-transformer-v2-500m-multi-species__20260520T222248Z,2,2,0.001952284132130444,0.07903791964054108,0.9190098643302917
gue_splice_reconstructed_lora__InstaDeepAI_nucleotide-transformer-v2-500m-multi-species__20260520T222248Z,2,2,0.016894139349460602,0.01077007595449686,0.9723357558250427
gue_splice_reconstructed_lora__InstaDeepAI_nucleotide-transformer-v2-500m-multi-species__20260520T222248Z,0,0,0.9645956754684448,0.00037171822623349726,0.03503260761499405
gue_splice_reconstructed_lora__InstaDeepAI_nucleotide-transformer-v2-500m-multi-species__20260520T222248Z,1,1,6.611896969843656e-05,0.9931561350822449,0.006777743808925152
gue_splice_reconstructed_lora__InstaDeepAI_nucleotide-transformer-v2-500m-multi-species__20260520T222248Z,0,0,0.9956969022750854,0.00011909817840205505,0.004184029996395111
gue_splice_reconstructed_lora__InstaDeepAI_nucleotide-transformer-v2-500m-multi-species__20260520T222248Z,2,2,0.0006921202293597162,0.005508118774741888,0.9937997460365295
gue_splice_reconstructed_lora__InstaDeepAI_nucleotide-transformer-v2-500m-multi-species__20260520T222248Z,0,0,0.9972852468490601,0.0001405558141414076,0.0025742652360349894
gue_splice_reconstructed_lora__InstaDeepAI_nucleotide-transformer-v2-500m-multi-species__20260520T222248Z,2,2,0.028996650129556656,0.03484027087688446,0.936163067817688
gue_splice_reconstructed_lora__InstaDeepAI_nucleotide-transformer-v2-500m-multi-species__20260520T222248Z,0,0,0.9989660978317261,8.845064439810812e-05,0.0009453785605728626
gue_splice_reconstructed_lora__InstaDeepAI_nucleotide-transformer-v2-500m-multi-species__20260520T222248Z,1,1,5.5267384595936164e-05,0.9994069337844849,0.0005378467030823231
gue_splice_reconstructed_lora__InstaDeepAI_nucleotide-transformer-v2-500m-multi-species__20260520T222248Z,0,0,0.9982699155807495,8.978093683253974e-05,0.0016403193585574627
gue_splice_reconstructed_lora__InstaDeepAI_nucleotide-transformer-v2-500m-multi-species__20260520T222248Z,2,2,0.0014798135962337255,0.018071888014674187,0.980448305606842
gue_splice_reconstructed_lora__InstaDeepAI_nucleotide-transformer-v2-500m-multi-species__20260520T222248Z,2,2,0.006175981368869543,0.0017781091155484319,0.9920458793640137
gue_splice_reconstructed_lora__InstaDeepAI_nucleotide-transformer-v2-500m-multi-species__20260520T222248Z,2,2,0.0016079407650977373,0.0005266303196549416,0.9978654980659485
gue_splice_reconstructed_lora__InstaDeepAI_nucleotide-transformer-v2-500m-multi-species__20260520T222248Z,1,1,9.477141429670155e-05,0.9976786971092224,0.0022265445441007614
gue_splice_reconstructed_lora__InstaDeepAI_nucleotide-transformer-v2-500m-multi-species__20260520T222248Z,2,2,0.00622011162340641,0.004355078097432852,0.9894248247146606
gue_splice_reconstructed_lora__InstaDeepAI_nucleotide-transformer-v2-500m-multi-species__20260520T222248Z,2,2,0.0013338056160137057,0.0031408125068992376,0.9955253005027771
gue_splice_reconstructed_lora__InstaDeepAI_nucleotide-transformer-v2-500m-multi-species__20260520T222248Z,2,2,0.009298327378928661,0.0015706887934356928,0.989130973815918
gue_splice_reconstructed_lora__InstaDeepAI_nucleotide-transformer-v2-500m-multi-species__20260520T222248Z,0,2,0.2784925103187561,0.0005623184842988849,0.7209451794624329
gue_splice_reconstructed_lora__InstaDeepAI_nucleotide-transformer-v2-500m-multi-species__20260520T222248Z,2,2,0.0040021734312176704,0.0012766753789037466,0.9947211742401123
gue_splice_reconstructed_lora__InstaDeepAI_nucleotide-transformer-v2-500m-multi-species__20260520T222248Z,2,2,0.0013747835764661431,0.01374988816678524,0.9848753809928894
gue_splice_reconstructed_lora__InstaDeepAI_nucleotide-transformer-v2-500m-multi-species__20260520T222248Z,2,2,0.000534145743586123,0.008872635662555695,0.9905932545661926
gue_splice_reconstructed_lora__InstaDeepAI_nucleotide-transformer-v2-500m-multi-species__20260520T222248Z,2,2,0.0035845020320266485,0.0015613718423992395,0.9948541522026062
gue_splice_reconstructed_lora__InstaDeepAI_nucleotide-transformer-v2-500m-multi-species__20260520T222248Z,2,2,0.016451187431812286,0.0018693541642278433,0.9816794395446777
gue_splice_reconstructed_lora__InstaDeepAI_nucleotide-transformer-v2-500m-multi-species__20260520T222248Z,1,1,0.0001173245400423184,0.9982630610466003,0.0016196153592318296
gue_splice_reconstructed_lora__InstaDeepAI_nucleotide-transformer-v2-500m-multi-species__20260520T222248Z,2,2,0.0017146707978099585,0.0015796287916600704,0.9967057108879089
gue_splice_reconstructed_lora__InstaDeepAI_nucleotide-transformer-v2-500m-multi-species__20260520T222248Z,2,2,0.0007909037522040308,0.0163939967751503,0.9828150868415833
gue_splice_reconstructed_lora__InstaDeepAI_nucleotide-transformer-v2-500m-multi-species__20260520T222248Z,2,2,0.012578371912240982,0.02928846701979637,0.9581331610679626
gue_splice_reconstructed_lora__InstaDeepAI_nucleotide-transformer-v2-500m-multi-species__20260520T222248Z,2,2,0.0010624935384839773,0.01585135981440544,0.983086109161377
gue_splice_reconstructed_lora__InstaDeepAI_nucleotide-transformer-v2-500m-multi-species__20260520T222248Z,2,2,0.015393570065498352,0.0010485691018402576,0.9835578799247742
gue_splice_reconstructed_lora__InstaDeepAI_nucleotide-transformer-v2-500m-multi-species__20260520T222248Z,2,2,0.0022016456350684166,0.010794630274176598,0.987003743648529
gue_splice_reconstructed_lora__InstaDeepAI_nucleotide-transformer-v2-500m-multi-species__20260520T222248Z,2,2,0.004050747957080603,0.0008846325799822807,0.9950646758079529
gue_splice_reconstructed_lora__InstaDeepAI_nucleotide-transformer-v2-500m-multi-species__20260520T222248Z,1,1,8.568054909119383e-05,0.990628182888031,0.009286010637879372
gue_splice_reconstructed_lora__InstaDeepAI_nucleotide-transformer-v2-500m-multi-species__20260520T222248Z,1,1,7.386162178590894e-05,0.9984028935432434,0.0015231877332553267
gue_splice_reconstructed_lora__InstaDeepAI_nucleotide-transformer-v2-500m-multi-species__20260520T222248Z,2,2,0.001258549396879971,0.01430520974099636,0.9844362735748291
gue_splice_reconstructed_lora__InstaDeepAI_nucleotide-transformer-v2-500m-multi-species__20260520T222248Z,2,2,0.003305771853774786,0.07290635257959366,0.9237878322601318
gue_splice_reconstructed_lora__InstaDeepAI_nucleotide-transformer-v2-500m-multi-species__20260520T222248Z,0,0,0.9976232647895813,0.00016664492432028055,0.002210173523053527
gue_splice_reconstructed_lora__InstaDeepAI_nucleotide-transformer-v2-500m-multi-species__20260520T222248Z,2,2,0.002219359390437603,0.002835833001881838,0.9949448704719543
gue_splice_reconstructed_lora__InstaDeepAI_nucleotide-transformer-v2-500m-multi-species__20260520T222248Z,1,1,9.087018406717107e-05,0.9986097812652588,0.0012993094278499484
gue_splice_reconstructed_lora__InstaDeepAI_nucleotide-transformer-v2-500m-multi-species__20260520T222248Z,2,2,0.0016309786587953568,0.09018611162900925,0.9081829786300659
gue_splice_reconstructed_lora__InstaDeepAI_nucleotide-transformer-v2-500m-multi-species__20260520T222248Z,2,2,0.004097271710634232,0.0011355511378496885,0.9947671890258789
gue_splice_reconstructed_lora__InstaDeepAI_nucleotide-transformer-v2-500m-multi-species__20260520T222248Z,2,2,0.4222191274166107,0.004047354683279991,0.5737335085868835
gue_splice_reconstructed_lora__InstaDeepAI_nucleotide-transformer-v2-500m-multi-species__20260520T222248Z,2,2,0.0010186784202232957,0.0015084523474797606,0.9974728226661682
gue_splice_reconstructed_lora__InstaDeepAI_nucleotide-transformer-v2-500m-multi-species__20260520T222248Z,2,2,0.005905856844037771,0.00039663491770625114,0.9936975836753845
gue_splice_reconstructed_lora__InstaDeepAI_nucleotide-transformer-v2-500m-multi-species__20260520T222248Z,2,2,0.008129680529236794,0.0013245443115010858,0.9905457496643066
gue_splice_reconstructed_lora__InstaDeepAI_nucleotide-transformer-v2-500m-multi-species__20260520T222248Z,2,2,0.0023232263047248125,0.13423573970794678,0.8634410500526428
gue_splice_reconstructed_lora__InstaDeepAI_nucleotide-transformer-v2-500m-multi-species__20260520T222248Z,2,2,0.002148824045434594,0.003948434256017208,0.9939028024673462
gue_splice_reconstructed_lora__InstaDeepAI_nucleotide-transformer-v2-500m-multi-species__20260520T222248Z,0,0,0.9901448488235474,7.01698663760908e-05,0.009785111993551254
gue_splice_reconstructed_lora__InstaDeepAI_nucleotide-transformer-v2-500m-multi-species__20260520T222248Z,2,2,0.06778697669506073,0.0017961271805688739,0.9304168820381165
gue_splice_reconstructed_lora__InstaDeepAI_nucleotide-transformer-v2-500m-multi-species__20260520T222248Z,2,2,0.0069975596852600574,0.003963795490562916,0.9890385866165161
gue_splice_reconstructed_lora__InstaDeepAI_nucleotide-transformer-v2-500m-multi-species__20260520T222248Z,2,2,0.05160760506987572,0.0023818528279662132,0.9460104703903198
gue_splice_reconstructed_lora__InstaDeepAI_nucleotide-transformer-v2-500m-multi-species__20260520T222248Z,2,2,0.005965072195976973,0.0006129515240900218,0.9934219717979431
gue_splice_reconstructed_lora__InstaDeepAI_nucleotide-transformer-v2-500m-multi-species__20260520T222248Z,1,1,4.256601823726669e-05,0.9980475902557373,0.0019098256016150117
gue_splice_reconstructed_lora__InstaDeepAI_nucleotide-transformer-v2-500m-multi-species__20260520T222248Z,2,2,0.0027321195229887962,0.0005260373000055552,0.9967418313026428
gue_splice_reconstructed_lora__InstaDeepAI_nucleotide-transformer-v2-500m-multi-species__20260520T222248Z,1,1,5.492957279784605e-05,0.9991355538368225,0.0008095524972304702
gue_splice_reconstructed_lora__InstaDeepAI_nucleotide-transformer-v2-500m-multi-species__20260520T222248Z,1,1,5.959289046586491e-05,0.9831075668334961,0.016832906752824783
gue_splice_reconstructed_lora__InstaDeepAI_nucleotide-transformer-v2-500m-multi-species__20260520T222248Z,0,0,0.999014139175415,4.679490302805789e-05,0.0009389832848683
gue_splice_reconstructed_lora__InstaDeepAI_nucleotide-transformer-v2-500m-multi-species__20260520T222248Z,1,1,9.463820606470108e-05,0.977006733417511,0.0228985957801342
gue_splice_reconstructed_lora__InstaDeepAI_nucleotide-transformer-v2-500m-multi-species__20260520T222248Z,1,1,6.22484294581227e-05,0.9992169141769409,0.0007207930902950466
gue_splice_reconstructed_lora__InstaDeepAI_nucleotide-transformer-v2-500m-multi-species__20260520T222248Z,2,2,0.0010788168292492628,0.0065635330975055695,0.9923576712608337
gue_splice_reconstructed_lora__InstaDeepAI_nucleotide-transformer-v2-500m-multi-species__20260520T222248Z,2,2,0.012268261052668095,0.000691452354658395,0.9870403409004211
gue_splice_reconstructed_lora__InstaDeepAI_nucleotide-transformer-v2-500m-multi-species__20260520T222248Z,2,2,0.018648819997906685,0.00598384952172637,0.9753673672676086
gue_splice_reconstructed_lora__InstaDeepAI_nucleotide-transformer-v2-500m-multi-species__20260520T222248Z,2,2,0.002806147327646613,0.003972791135311127,0.9932210445404053
gue_splice_reconstructed_lora__InstaDeepAI_nucleotide-transformer-v2-500m-multi-species__20260520T222248Z,2,2,0.29257771372795105,0.002129481639713049,0.7052928805351257
gue_splice_reconstructed_lora__InstaDeepAI_nucleotide-transformer-v2-500m-multi-species__20260520T222248Z,0,0,0.9986854195594788,4.2759926145663485e-05,0.0012717884965240955
gue_splice_reconstructed_lora__InstaDeepAI_nucleotide-transformer-v2-500m-multi-species__20260520T222248Z,0,0,0.9978331923484802,2.216462598880753e-05,0.0021447178442031145
gue_splice_reconstructed_lora__InstaDeepAI_nucleotide-transformer-v2-500m-multi-species__20260520T222248Z,2,2,0.0026499375235289335,0.0018481488805264235,0.9955019354820251
gue_splice_reconstructed_lora__InstaDeepAI_nucleotide-transformer-v2-500m-multi-species__20260520T222248Z,1,1,3.291618122602813e-05,0.9987670183181763,0.0012000947026535869
gue_splice_reconstructed_lora__InstaDeepAI_nucleotide-transformer-v2-500m-multi-species__20260520T222248Z,0,0,0.9990463852882385,0.00011095090303570032,0.0008425487321801484
gue_splice_reconstructed_lora__InstaDeepAI_nucleotide-transformer-v2-500m-multi-species__20260520T222248Z,2,2,0.0022213333286345005,0.0019488668767735362,0.9958297610282898
gue_splice_reconstructed_lora__InstaDeepAI_nucleotide-transformer-v2-500m-multi-species__20260520T222248Z,2,2,0.0013287044130265713,0.005014478228986263,0.9936568140983582
gue_splice_reconstructed_lora__InstaDeepAI_nucleotide-transformer-v2-500m-multi-species__20260520T222248Z,2,2,0.0022307017352432013,0.0035820992197841406,0.9941872358322144
gue_splice_reconstructed_lora__InstaDeepAI_nucleotide-transformer-v2-500m-multi-species__20260520T222248Z,1,1,0.000272066070465371,0.8872560262680054,0.11247194558382034
gue_splice_reconstructed_lora__InstaDeepAI_nucleotide-transformer-v2-500m-multi-species__20260520T222248Z,2,2,0.003883610712364316,0.0011948903556913137,0.9949215054512024
gue_splice_reconstructed_lora__InstaDeepAI_nucleotide-transformer-v2-500m-multi-species__20260520T222248Z,0,0,0.9972943663597107,0.00022637122310698032,0.0024792985059320927
gue_splice_reconstructed_lora__InstaDeepAI_nucleotide-transformer-v2-500m-multi-species__20260520T222248Z,1,1,9.679824142949656e-05,0.995410144329071,0.004492997657507658
gue_splice_reconstructed_lora__InstaDeepAI_nucleotide-transformer-v2-500m-multi-species__20260520T222248Z,2,2,0.024442793801426888,0.0015740621602162719,0.973983108997345
gue_splice_reconstructed_lora__InstaDeepAI_nucleotide-transformer-v2-500m-multi-species__20260520T222248Z,1,1,8.387777779716998e-05,0.9986166954040527,0.001299318391829729
gue_splice_reconstructed_lora__InstaDeepAI_nucleotide-transformer-v2-500m-multi-species__20260520T222248Z,2,2,0.015461712144315243,0.0009584911749698222,0.9835798144340515
gue_splice_reconstructed_lora__InstaDeepAI_nucleotide-transformer-v2-500m-multi-species__20260520T222248Z,2,2,0.0011312052374705672,0.004030101466923952,0.9948386549949646
gue_splice_reconstructed_lora__InstaDeepAI_nucleotide-transformer-v2-500m-multi-species__20260520T222248Z,2,2,0.0006263800896704197,0.005765711423009634,0.9936078786849976
gue_splice_reconstructed_lora__InstaDeepAI_nucleotide-transformer-v2-500m-multi-species__20260520T222248Z,0,0,0.9979333877563477,0.00016998453065752983,0.0018965975614264607
gue_splice_reconstructed_lora__InstaDeepAI_nucleotide-transformer-v2-500m-multi-species__20260520T222248Z,2,2,0.002444636542350054,0.020902996882796288,0.9766523838043213
gue_splice_reconstructed_lora__InstaDeepAI_nucleotide-transformer-v2-500m-multi-species__20260520T222248Z,0,0,0.9942571520805359,0.0004948637215420604,0.00524804275482893
gue_splice_reconstructed_lora__InstaDeepAI_nucleotide-transformer-v2-500m-multi-species__20260520T222248Z,1,1,3.571272827684879e-05,0.998279333114624,0.0016849834937602282
gue_splice_reconstructed_lora__InstaDeepAI_nucleotide-transformer-v2-500m-multi-species__20260520T222248Z,1,1,3.90953391615767e-05,0.9989307522773743,0.001030178857035935
gue_splice_reconstructed_lora__InstaDeepAI_nucleotide-transformer-v2-500m-multi-species__20260520T222248Z,1,1,7.587875734316185e-05,0.9980031847953796,0.0019209631718695164
gue_splice_reconstructed_lora__InstaDeepAI_nucleotide-transformer-v2-500m-multi-species__20260520T222248Z,2,2,0.023152362555265427,0.0014750307891517878,0.9753725528717041
gue_splice_reconstructed_lora__InstaDeepAI_nucleotide-transformer-v2-500m-multi-species__20260520T222248Z,0,0,0.9986922144889832,5.077901005279273e-05,0.0012569802347570658
gue_splice_reconstructed_lora__InstaDeepAI_nucleotide-transformer-v2-500m-multi-species__20260520T222248Z,0,0,0.9920669794082642,0.00018450971401762217,0.007748472038656473
gue_splice_reconstructed_lora__InstaDeepAI_nucleotide-transformer-v2-500m-multi-species__20260520T222248Z,1,2,0.0010154318297281861,0.00274678529240191,0.9962377548217773
gue_splice_reconstructed_lora__InstaDeepAI_nucleotide-transformer-v2-500m-multi-species__20260520T222248Z,1,1,3.437975829001516e-05,0.9993014335632324,0.0006640818901360035
gue_splice_reconstructed_lora__InstaDeepAI_nucleotide-transformer-v2-500m-multi-species__20260520T222248Z,2,2,0.0024774980265647173,0.0009523663320578635,0.9965701103210449
gue_splice_reconstructed_lora__InstaDeepAI_nucleotide-transformer-v2-500m-multi-species__20260520T222248Z,0,0,0.9976438879966736,6.462623423431069e-05,0.0022915408480912447
gue_splice_reconstructed_lora__InstaDeepAI_nucleotide-transformer-v2-500m-multi-species__20260520T222248Z,2,2,0.0008908789022825658,0.3521106243133545,0.6469984650611877
gue_splice_reconstructed_lora__InstaDeepAI_nucleotide-transformer-v2-500m-multi-species__20260520T222248Z,1,1,9.070670057553798e-05,0.9929270148277283,0.0069823237136006355
gue_splice_reconstructed_lora__InstaDeepAI_nucleotide-transformer-v2-500m-multi-species__20260520T222248Z,2,2,0.0009027916821651161,0.0032479041256010532,0.9958492517471313
gue_splice_reconstructed_lora__InstaDeepAI_nucleotide-transformer-v2-500m-multi-species__20260520T222248Z,2,2,0.0010253437794744968,0.16010169684886932,0.8388729691505432
gue_splice_reconstructed_lora__InstaDeepAI_nucleotide-transformer-v2-500m-multi-species__20260520T222248Z,1,1,8.659441664349288e-05,0.9972909092903137,0.002622490981593728
gue_splice_reconstructed_lora__InstaDeepAI_nucleotide-transformer-v2-500m-multi-species__20260520T222248Z,2,2,0.0030301015358418226,0.0011982494033873081,0.995771586894989
gue_splice_reconstructed_lora__InstaDeepAI_nucleotide-transformer-v2-500m-multi-species__20260520T222248Z,0,0,0.9968771934509277,5.9490725107025355e-05,0.003063234267756343
gue_splice_reconstructed_lora__InstaDeepAI_nucleotide-transformer-v2-500m-multi-species__20260520T222248Z,2,2,0.0019920056220144033,0.011452010832726955,0.9865560531616211
gue_splice_reconstructed_lora__InstaDeepAI_nucleotide-transformer-v2-500m-multi-species__20260520T222248Z,2,2,0.0011741762282326818,0.0018690131837502122,0.9969568252563477
gue_splice_reconstructed_lora__InstaDeepAI_nucleotide-transformer-v2-500m-multi-species__20260520T222248Z,1,1,7.85598749644123e-05,0.9975722432136536,0.0023491536267101765
gue_splice_reconstructed_lora__InstaDeepAI_nucleotide-transformer-v2-500m-multi-species__20260520T222248Z,2,2,0.0026423928793519735,0.007593927904963493,0.989763617515564
gue_splice_reconstructed_lora__InstaDeepAI_nucleotide-transformer-v2-500m-multi-species__20260520T222248Z,2,2,0.0038873907178640366,0.0011948858154937625,0.9949177503585815
gue_splice_reconstructed_lora__InstaDeepAI_nucleotide-transformer-v2-500m-multi-species__20260520T222248Z,2,2,0.0011540947016328573,0.022760024294257164,0.976085901260376
gue_splice_reconstructed_lora__InstaDeepAI_nucleotide-transformer-v2-500m-multi-species__20260520T222248Z,2,2,0.0010280369315296412,0.465394526720047,0.5335774421691895
gue_splice_reconstructed_lora__InstaDeepAI_nucleotide-transformer-v2-500m-multi-species__20260520T222248Z,2,2,0.00718627730384469,0.0035332292318344116,0.9892805218696594
gue_splice_reconstructed_lora__InstaDeepAI_nucleotide-transformer-v2-500m-multi-species__20260520T222248Z,2,2,0.004978661425411701,0.0007242828141897917,0.9942970871925354
gue_splice_reconstructed_lora__InstaDeepAI_nucleotide-transformer-v2-500m-multi-species__20260520T222248Z,2,2,0.0011606912594288588,0.001715390244498849,0.9971238970756531
gue_splice_reconstructed_lora__InstaDeepAI_nucleotide-transformer-v2-500m-multi-species__20260520T222248Z,2,2,0.010451829060912132,0.0016249039908871055,0.9879233241081238
gue_splice_reconstructed_lora__InstaDeepAI_nucleotide-transformer-v2-500m-multi-species__20260520T222248Z,1,2,0.0019268986070528626,0.009615088813006878,0.988457977771759
gue_splice_reconstructed_lora__InstaDeepAI_nucleotide-transformer-v2-500m-multi-species__20260520T222248Z,2,2,0.0002841123496182263,0.0017921414691954851,0.997923731803894
gue_splice_reconstructed_lora__InstaDeepAI_nucleotide-transformer-v2-500m-multi-species__20260520T222248Z,0,0,0.99837327003479,4.444938895176165e-05,0.0015822716522961855
gue_splice_reconstructed_lora__InstaDeepAI_nucleotide-transformer-v2-500m-multi-species__20260520T222248Z,2,2,0.00260046380572021,0.008002174086868763,0.989397406578064
gue_splice_reconstructed_lora__InstaDeepAI_nucleotide-transformer-v2-500m-multi-species__20260520T222248Z,2,2,0.1310606747865677,0.005929602310061455,0.8630096912384033
gue_splice_reconstructed_lora__InstaDeepAI_nucleotide-transformer-v2-500m-multi-species__20260520T222248Z,2,2,0.006455419585108757,0.0011941324919462204,0.9923503994941711
gue_splice_reconstructed_lora__InstaDeepAI_nucleotide-transformer-v2-500m-multi-species__20260520T222248Z,1,1,0.0001488020207034424,0.9841087460517883,0.01574244163930416
gue_splice_reconstructed_lora__InstaDeepAI_nucleotide-transformer-v2-500m-multi-species__20260520T222248Z,0,0,0.9941855072975159,0.000561809865757823,0.0052527920342981815
gue_splice_reconstructed_lora__InstaDeepAI_nucleotide-transformer-v2-500m-multi-species__20260520T222248Z,2,2,0.0015845653833821416,0.002492871368303895,0.9959225654602051
gue_splice_reconstructed_lora__InstaDeepAI_nucleotide-transformer-v2-500m-multi-species__20260520T222248Z,2,2,0.005077188368886709,0.0005608132341876626,0.9943619966506958
gue_splice_reconstructed_lora__InstaDeepAI_nucleotide-transformer-v2-500m-multi-species__20260520T222248Z,1,1,0.00021791618200950325,0.9828118681907654,0.016970181837677956
gue_splice_reconstructed_lora__InstaDeepAI_nucleotide-transformer-v2-500m-multi-species__20260520T222248Z,0,0,0.9994027614593506,4.2292114812880754e-05,0.0005549174966290593
gue_splice_reconstructed_lora__InstaDeepAI_nucleotide-transformer-v2-500m-multi-species__20260520T222248Z,0,0,0.9982288479804993,5.887735460419208e-05,0.0017122675199061632
gue_splice_reconstructed_lora__InstaDeepAI_nucleotide-transformer-v2-500m-multi-species__20260520T222248Z,2,2,0.027145948261022568,0.001094224862754345,0.9717598557472229
gue_splice_reconstructed_lora__InstaDeepAI_nucleotide-transformer-v2-500m-multi-species__20260520T222248Z,0,0,0.9968615770339966,7.974016625666991e-05,0.003058702452108264
gue_splice_reconstructed_lora__InstaDeepAI_nucleotide-transformer-v2-500m-multi-species__20260520T222248Z,1,1,0.00016083996160887182,0.7661703824996948,0.23366877436637878
gue_splice_reconstructed_lora__InstaDeepAI_nucleotide-transformer-v2-500m-multi-species__20260520T222248Z,2,2,0.0017391395522281528,0.006885150913149118,0.991375744342804
gue_splice_reconstructed_lora__InstaDeepAI_nucleotide-transformer-v2-500m-multi-species__20260520T222248Z,2,2,0.003072975901886821,0.0007784889312461019,0.9961485862731934
gue_splice_reconstructed_lora__InstaDeepAI_nucleotide-transformer-v2-500m-multi-species__20260520T222248Z,2,2,0.0012921462766826153,0.02671200968325138,0.9719958305358887
gue_splice_reconstructed_lora__InstaDeepAI_nucleotide-transformer-v2-500m-multi-species__20260520T222248Z,2,2,0.0010512954322621226,0.005099409259855747,0.9938493371009827
gue_splice_reconstructed_lora__InstaDeepAI_nucleotide-transformer-v2-500m-multi-species__20260520T222248Z,2,2,0.0017256079008802772,0.0010714542586356401,0.99720299243927
gue_splice_reconstructed_lora__InstaDeepAI_nucleotide-transformer-v2-500m-multi-species__20260520T222248Z,2,2,0.0006077755242586136,0.002747906371951103,0.9966443777084351
gue_splice_reconstructed_lora__InstaDeepAI_nucleotide-transformer-v2-500m-multi-species__20260520T222248Z,2,2,0.004618707112967968,0.0019066527020186186,0.9934746623039246
gue_splice_reconstructed_lora__InstaDeepAI_nucleotide-transformer-v2-500m-multi-species__20260520T222248Z,1,1,4.273140802979469e-05,0.9980193376541138,0.0019379527075216174
gue_splice_reconstructed_lora__InstaDeepAI_nucleotide-transformer-v2-500m-multi-species__20260520T222248Z,1,1,0.001264270395040512,0.635999858379364,0.36273589730262756
gue_splice_reconstructed_lora__InstaDeepAI_nucleotide-transformer-v2-500m-multi-species__20260520T222248Z,1,1,4.4710792280966416e-05,0.9964295029640198,0.003525898791849613
gue_splice_reconstructed_lora__InstaDeepAI_nucleotide-transformer-v2-500m-multi-species__20260520T222248Z,2,2,0.0010372386313974857,0.0010132110910490155,0.9979495406150818
gue_splice_reconstructed_lora__InstaDeepAI_nucleotide-transformer-v2-500m-multi-species__20260520T222248Z,0,0,0.9985370635986328,5.532723298529163e-05,0.0014075323706492782
gue_splice_reconstructed_lora__InstaDeepAI_nucleotide-transformer-v2-500m-multi-species__20260520T222248Z,2,2,0.0056036487221717834,0.0009775792714208364,0.9934187531471252
gue_splice_reconstructed_lora__InstaDeepAI_nucleotide-transformer-v2-500m-multi-species__20260520T222248Z,2,2,0.0010379654122516513,0.0042066918686032295,0.9947553873062134
gue_splice_reconstructed_lora__InstaDeepAI_nucleotide-transformer-v2-500m-multi-species__20260520T222248Z,2,2,0.0005029690801165998,0.002676870673894882,0.9968200922012329
gue_splice_reconstructed_lora__InstaDeepAI_nucleotide-transformer-v2-500m-multi-species__20260520T222248Z,0,0,0.9990394711494446,8.180949225788936e-05,0.0008786765392869711
gue_splice_reconstructed_lora__InstaDeepAI_nucleotide-transformer-v2-500m-multi-species__20260520T222248Z,2,2,0.0009721354581415653,0.0033930856734514236,0.9956347346305847
gue_splice_reconstructed_lora__InstaDeepAI_nucleotide-transformer-v2-500m-multi-species__20260520T222248Z,1,1,6.990815018070862e-05,0.998079776763916,0.0018502224702388048
gue_splice_reconstructed_lora__InstaDeepAI_nucleotide-transformer-v2-500m-multi-species__20260520T222248Z,1,1,3.855831891996786e-05,0.9929363131523132,0.007025136612355709
gue_splice_reconstructed_lora__InstaDeepAI_nucleotide-transformer-v2-500m-multi-species__20260520T222248Z,0,0,0.9991689920425415,5.779294588137418e-05,0.0007732610683888197
gue_splice_reconstructed_lora__InstaDeepAI_nucleotide-transformer-v2-500m-multi-species__20260520T222248Z,2,2,0.008783867582678795,0.00042594276601448655,0.9907901287078857
gue_splice_reconstructed_lora__InstaDeepAI_nucleotide-transformer-v2-500m-multi-species__20260520T222248Z,1,1,8.81408850545995e-05,0.9954676628112793,0.004444163292646408
gue_splice_reconstructed_lora__InstaDeepAI_nucleotide-transformer-v2-500m-multi-species__20260520T222248Z,2,2,0.0025281356647610664,0.001175692188553512,0.996296226978302
gue_splice_reconstructed_lora__InstaDeepAI_nucleotide-transformer-v2-500m-multi-species__20260520T222248Z,2,2,0.000275868660537526,0.0038947544526308775,0.9958294034004211
gue_splice_reconstructed_lora__InstaDeepAI_nucleotide-transformer-v2-500m-multi-species__20260520T222248Z,0,0,0.9993211030960083,4.082778104930185e-05,0.0006380305276252329
gue_splice_reconstructed_lora__InstaDeepAI_nucleotide-transformer-v2-500m-multi-species__20260520T222248Z,2,2,0.003369871061295271,0.0010247458703815937,0.9956054091453552
gue_splice_reconstructed_lora__InstaDeepAI_nucleotide-transformer-v2-500m-multi-species__20260520T222248Z,0,0,0.9992836117744446,6.081050742068328e-05,0.0006556927692145109
gue_splice_reconstructed_lora__InstaDeepAI_nucleotide-transformer-v2-500m-multi-species__20260520T222248Z,2,2,0.0008787079714238644,0.01649521477520466,0.9826260805130005
gue_splice_reconstructed_lora__InstaDeepAI_nucleotide-transformer-v2-500m-multi-species__20260520T222248Z,2,2,0.0026423735544085503,0.007601291872560978,0.9897564053535461
gue_splice_reconstructed_lora__InstaDeepAI_nucleotide-transformer-v2-500m-multi-species__20260520T222248Z,2,2,0.0030054845847189426,0.0005935514345765114,0.9964009523391724
gue_splice_reconstructed_lora__InstaDeepAI_nucleotide-transformer-v2-500m-multi-species__20260520T222248Z,2,2,0.010166936554014683,0.0007506497204303741,0.9890824556350708
gue_splice_reconstructed_lora__InstaDeepAI_nucleotide-transformer-v2-500m-multi-species__20260520T222248Z,2,2,0.0006761703989468515,0.0015119154704734683,0.9978119134902954
gue_splice_reconstructed_lora__InstaDeepAI_nucleotide-transformer-v2-500m-multi-species__20260520T222248Z,0,0,0.9825290441513062,0.003401152091100812,0.0140698766335845
gue_splice_reconstructed_lora__InstaDeepAI_nucleotide-transformer-v2-500m-multi-species__20260520T222248Z,0,0,0.9962735176086426,0.00020113262871745974,0.00352534675039351
gue_splice_reconstructed_lora__InstaDeepAI_nucleotide-transformer-v2-500m-multi-species__20260520T222248Z,0,0,0.9995713829994202,4.645663284463808e-05,0.00038219892303459346
gue_splice_reconstructed_lora__InstaDeepAI_nucleotide-transformer-v2-500m-multi-species__20260520T222248Z,2,2,0.001502529252320528,0.006880106404423714,0.9916173815727234
gue_splice_reconstructed_lora__InstaDeepAI_nucleotide-transformer-v2-500m-multi-species__20260520T222248Z,2,2,0.0029052523896098137,0.000433517387136817,0.9966613054275513
gue_splice_reconstructed_lora__InstaDeepAI_nucleotide-transformer-v2-500m-multi-species__20260520T222248Z,1,1,4.21735858253669e-05,0.9966018199920654,0.003355993190780282
gue_splice_reconstructed_lora__InstaDeepAI_nucleotide-transformer-v2-500m-multi-species__20260520T222248Z,2,2,0.0006665351102128625,0.16293658316135406,0.8363968729972839
gue_splice_reconstructed_lora__InstaDeepAI_nucleotide-transformer-v2-500m-multi-species__20260520T222248Z,0,0,0.9989100694656372,3.745026697288267e-05,0.0010525292018428445
gue_splice_reconstructed_lora__InstaDeepAI_nucleotide-transformer-v2-500m-multi-species__20260520T222248Z,0,0,0.9602502584457397,0.00021208357065916061,0.039537616074085236
gue_splice_reconstructed_lora__InstaDeepAI_nucleotide-transformer-v2-500m-multi-species__20260520T222248Z,0,0,0.9984094500541687,8.944341243477538e-05,0.0015010478673502803
gue_splice_reconstructed_lora__InstaDeepAI_nucleotide-transformer-v2-500m-multi-species__20260520T222248Z,2,2,0.03257298842072487,0.0014579597627744079,0.9659690856933594
gue_splice_reconstructed_lora__InstaDeepAI_nucleotide-transformer-v2-500m-multi-species__20260520T222248Z,2,2,0.000649819674436003,0.0022242246195673943,0.9971259236335754
gue_splice_reconstructed_lora__InstaDeepAI_nucleotide-transformer-v2-500m-multi-species__20260520T222248Z,2,2,0.0005384341930039227,0.016396168619394302,0.9830653667449951
gue_splice_reconstructed_lora__InstaDeepAI_nucleotide-transformer-v2-500m-multi-species__20260520T222248Z,0,0,0.98319411277771,0.0005610510124824941,0.016244901344180107
gue_splice_reconstructed_lora__InstaDeepAI_nucleotide-transformer-v2-500m-multi-species__20260520T222248Z,0,0,0.9980781078338623,0.00020993330690544099,0.0017120089614763856
gue_splice_reconstructed_lora__InstaDeepAI_nucleotide-transformer-v2-500m-multi-species__20260520T222248Z,2,2,0.0018776817014440894,0.004335998557507992,0.9937863349914551
gue_splice_reconstructed_lora__InstaDeepAI_nucleotide-transformer-v2-500m-multi-species__20260520T222248Z,2,2,0.0021457632537931204,0.0005091659841127694,0.9973451495170593
gue_splice_reconstructed_lora__InstaDeepAI_nucleotide-transformer-v2-500m-multi-species__20260520T222248Z,2,2,0.002904708730056882,0.0015932040987536311,0.9955020546913147
gue_splice_reconstructed_lora__InstaDeepAI_nucleotide-transformer-v2-500m-multi-species__20260520T222248Z,2,2,0.001870051841251552,0.0006190912099555135,0.9975107908248901
gue_splice_reconstructed_lora__InstaDeepAI_nucleotide-transformer-v2-500m-multi-species__20260520T222248Z,0,0,0.9961370825767517,5.9912803408224136e-05,0.0038029218558222055
gue_splice_reconstructed_lora__InstaDeepAI_nucleotide-transformer-v2-500m-multi-species__20260520T222248Z,2,2,0.07738896459341049,0.0025591221638023853,0.9200518727302551
gue_splice_reconstructed_lora__InstaDeepAI_nucleotide-transformer-v2-500m-multi-species__20260520T222248Z,2,2,0.008011833764612675,0.0013963328674435616,0.990591824054718
gue_splice_reconstructed_lora__InstaDeepAI_nucleotide-transformer-v2-500m-multi-species__20260520T222248Z,2,2,0.0011485295835882425,0.0005446503055281937,0.9983067512512207
gue_splice_reconstructed_lora__InstaDeepAI_nucleotide-transformer-v2-500m-multi-species__20260520T222248Z,2,2,0.0035457902122288942,0.0007439641049131751,0.9957102537155151
gue_splice_reconstructed_lora__InstaDeepAI_nucleotide-transformer-v2-500m-multi-species__20260520T222248Z,2,2,0.0008080035331659019,0.000993861467577517,0.9981982111930847
gue_splice_reconstructed_lora__InstaDeepAI_nucleotide-transformer-v2-500m-multi-species__20260520T222248Z,0,0,0.9985737800598145,6.318801024463028e-05,0.0013629457680508494
gue_splice_reconstructed_lora__InstaDeepAI_nucleotide-transformer-v2-500m-multi-species__20260520T222248Z,2,0,0.9986631870269775,0.00010541688970988616,0.0012314290506765246
gue_splice_reconstructed_lora__InstaDeepAI_nucleotide-transformer-v2-500m-multi-species__20260520T222248Z,1,1,1.978154068638105e-05,0.9973672032356262,0.0026131041813641787
gue_splice_reconstructed_lora__InstaDeepAI_nucleotide-transformer-v2-500m-multi-species__20260520T222248Z,2,2,0.007423297502100468,0.002108199754729867,0.9904685616493225
gue_splice_reconstructed_lora__InstaDeepAI_nucleotide-transformer-v2-500m-multi-species__20260520T222248Z,0,0,0.95835280418396,0.0001321978197665885,0.0415150448679924
gue_splice_reconstructed_lora__InstaDeepAI_nucleotide-transformer-v2-500m-multi-species__20260520T222248Z,0,0,0.9930287003517151,0.00012994464486837387,0.0068412902764976025
gue_splice_reconstructed_lora__InstaDeepAI_nucleotide-transformer-v2-500m-multi-species__20260520T222248Z,1,1,5.911176049266942e-05,0.9982957243919373,0.0016451743431389332
gue_splice_reconstructed_lora__InstaDeepAI_nucleotide-transformer-v2-500m-multi-species__20260520T222248Z,2,2,0.003648999612778425,0.00027060110005550086,0.9960804581642151
gue_splice_reconstructed_lora__InstaDeepAI_nucleotide-transformer-v2-500m-multi-species__20260520T222248Z,0,0,0.9905771017074585,5.176260674488731e-05,0.009371219202876091
gue_splice_reconstructed_lora__InstaDeepAI_nucleotide-transformer-v2-500m-multi-species__20260520T222248Z,2,2,0.0012258660281077027,0.009464925155043602,0.9893091917037964
gue_splice_reconstructed_lora__InstaDeepAI_nucleotide-transformer-v2-500m-multi-species__20260520T222248Z,2,2,0.0015960511518642306,0.0011229622177779675,0.9972809553146362
gue_splice_reconstructed_lora__InstaDeepAI_nucleotide-transformer-v2-500m-multi-species__20260520T222248Z,0,2,0.21581478416919708,0.0016753501258790493,0.7825098633766174
gue_splice_reconstructed_lora__InstaDeepAI_nucleotide-transformer-v2-500m-multi-species__20260520T222248Z,1,1,5.797366247861646e-05,0.9983857870101929,0.001556239789351821
gue_splice_reconstructed_lora__InstaDeepAI_nucleotide-transformer-v2-500m-multi-species__20260520T222248Z,2,2,0.0034460488241165876,0.001055099070072174,0.9954988360404968
gue_splice_reconstructed_lora__InstaDeepAI_nucleotide-transformer-v2-500m-multi-species__20260520T222248Z,0,0,0.8809576034545898,0.0008033293415792286,0.11823908984661102
gue_splice_reconstructed_lora__InstaDeepAI_nucleotide-transformer-v2-500m-multi-species__20260520T222248Z,1,1,3.955445936298929e-05,0.9988872408866882,0.0010732639348134398
gue_splice_reconstructed_lora__InstaDeepAI_nucleotide-transformer-v2-500m-multi-species__20260520T222248Z,1,1,5.57867024326697e-05,0.9989942908287048,0.0009500328451395035
gue_splice_reconstructed_lora__InstaDeepAI_nucleotide-transformer-v2-500m-multi-species__20260520T222248Z,2,2,0.0010798887815326452,0.011379783041775227,0.9875403046607971
gue_splice_reconstructed_lora__InstaDeepAI_nucleotide-transformer-v2-500m-multi-species__20260520T222248Z,2,2,0.0028748249169439077,0.0002509542100597173,0.996874213218689
gue_splice_reconstructed_lora__InstaDeepAI_nucleotide-transformer-v2-500m-multi-species__20260520T222248Z,2,0,0.9873576164245605,0.00037022674223408103,0.012272205203771591
gue_splice_reconstructed_lora__InstaDeepAI_nucleotide-transformer-v2-500m-multi-species__20260520T222248Z,1,1,9.121275070356205e-05,0.9984666109085083,0.0014422170352190733
gue_splice_reconstructed_lora__InstaDeepAI_nucleotide-transformer-v2-500m-multi-species__20260520T222248Z,2,2,0.021996641531586647,0.0020935034845024347,0.9759098887443542
gue_splice_reconstructed_lora__InstaDeepAI_nucleotide-transformer-v2-500m-multi-species__20260520T222248Z,2,2,0.0003969630924984813,0.0011909138411283493,0.9984121322631836
gue_splice_reconstructed_lora__InstaDeepAI_nucleotide-transformer-v2-500m-multi-species__20260520T222248Z,2,2,0.004616316873580217,0.0024231441784650087,0.992960512638092
gue_splice_reconstructed_lora__InstaDeepAI_nucleotide-transformer-v2-500m-multi-species__20260520T222248Z,2,2,0.000896589073818177,0.0023392413277179003,0.9967641830444336
gue_splice_reconstructed_lora__InstaDeepAI_nucleotide-transformer-v2-500m-multi-species__20260520T222248Z,2,1,0.00027504173340275884,0.876181960105896,0.12354301661252975
gue_splice_reconstructed_lora__InstaDeepAI_nucleotide-transformer-v2-500m-multi-species__20260520T222248Z,2,2,0.0023803820367902517,0.004884226713329554,0.9927353858947754
gue_splice_reconstructed_lora__InstaDeepAI_nucleotide-transformer-v2-500m-multi-species__20260520T222248Z,2,2,0.002902544103562832,0.00330834137275815,0.9937891364097595
gue_splice_reconstructed_lora__InstaDeepAI_nucleotide-transformer-v2-500m-multi-species__20260520T222248Z,2,2,0.023739095777273178,0.0031459853053092957,0.9731149673461914
gue_splice_reconstructed_lora__InstaDeepAI_nucleotide-transformer-v2-500m-multi-species__20260520T222248Z,2,2,0.03365321084856987,0.002819659886881709,0.9635271430015564
gue_splice_reconstructed_lora__InstaDeepAI_nucleotide-transformer-v2-500m-multi-species__20260520T222248Z,2,2,0.0018121952889487147,0.004741971846669912,0.9934458136558533
gue_splice_reconstructed_lora__InstaDeepAI_nucleotide-transformer-v2-500m-multi-species__20260520T222248Z,1,1,5.319678530213423e-05,0.9983325600624084,0.0016142013482749462
gue_splice_reconstructed_lora__InstaDeepAI_nucleotide-transformer-v2-500m-multi-species__20260520T222248Z,2,2,0.010417390614748001,0.0020254282280802727,0.9875571727752686
gue_splice_reconstructed_lora__InstaDeepAI_nucleotide-transformer-v2-500m-multi-species__20260520T222248Z,2,2,0.0019110923167318106,0.01582268252968788,0.9822662472724915
gue_splice_reconstructed_lora__InstaDeepAI_nucleotide-transformer-v2-500m-multi-species__20260520T222248Z,2,2,0.005620459094643593,0.0008953857468441129,0.9934841990470886
gue_splice_reconstructed_lora__InstaDeepAI_nucleotide-transformer-v2-500m-multi-species__20260520T222248Z,0,0,0.9989666938781738,8.707940287422389e-05,0.0009463029564358294
gue_splice_reconstructed_lora__InstaDeepAI_nucleotide-transformer-v2-500m-multi-species__20260520T222248Z,0,0,0.9967374205589294,3.2340009056497365e-05,0.0032302315812557936
gue_splice_reconstructed_lora__InstaDeepAI_nucleotide-transformer-v2-500m-multi-species__20260520T222248Z,1,1,4.931128933094442e-05,0.9736216068267822,0.026329005137085915
gue_splice_reconstructed_lora__InstaDeepAI_nucleotide-transformer-v2-500m-multi-species__20260520T222248Z,1,1,7.164643466239795e-05,0.9992019534111023,0.0007264355081133544
gue_splice_reconstructed_lora__InstaDeepAI_nucleotide-transformer-v2-500m-multi-species__20260520T222248Z,1,1,5.020649405196309e-05,0.9990718364715576,0.0008778473129495978
gue_splice_reconstructed_lora__InstaDeepAI_nucleotide-transformer-v2-500m-multi-species__20260520T222248Z,2,2,0.0034920622128993273,0.00044266710756346583,0.9960653185844421
gue_splice_reconstructed_lora__InstaDeepAI_nucleotide-transformer-v2-500m-multi-species__20260520T222248Z,2,2,0.006478909403085709,0.01872904784977436,0.9747920632362366
gue_splice_reconstructed_lora__InstaDeepAI_nucleotide-transformer-v2-500m-multi-species__20260520T222248Z,1,1,7.100049697328359e-05,0.9979596138000488,0.0019693144131451845
gue_splice_reconstructed_lora__InstaDeepAI_nucleotide-transformer-v2-500m-multi-species__20260520T222248Z,2,2,0.008997367694973946,0.0006075138226151466,0.9903951287269592
gue_splice_reconstructed_lora__InstaDeepAI_nucleotide-transformer-v2-500m-multi-species__20260520T222248Z,2,2,0.003491873387247324,0.002440102631226182,0.9940680265426636
gue_splice_reconstructed_lora__InstaDeepAI_nucleotide-transformer-v2-500m-multi-species__20260520T222248Z,2,2,0.0012860195711255074,0.09171096235513687,0.9070030450820923
gue_splice_reconstructed_lora__InstaDeepAI_nucleotide-transformer-v2-500m-multi-species__20260520T222248Z,2,2,0.018197886645793915,0.0017226842464879155,0.9800794720649719
gue_splice_reconstructed_lora__InstaDeepAI_nucleotide-transformer-v2-500m-multi-species__20260520T222248Z,2,2,0.002958739874884486,0.0016629473539069295,0.9953782558441162
gue_splice_reconstructed_lora__InstaDeepAI_nucleotide-transformer-v2-500m-multi-species__20260520T222248Z,2,2,0.0023668904323130846,0.0008373732562176883,0.9967957139015198
gue_splice_reconstructed_lora__InstaDeepAI_nucleotide-transformer-v2-500m-multi-species__20260520T222248Z,2,2,0.0027288070414215326,0.0007651986088603735,0.9965059757232666
gue_splice_reconstructed_lora__InstaDeepAI_nucleotide-transformer-v2-500m-multi-species__20260520T222248Z,2,2,0.003534406889230013,0.002982087666168809,0.9934834837913513
gue_splice_reconstructed_lora__InstaDeepAI_nucleotide-transformer-v2-500m-multi-species__20260520T222248Z,2,0,0.9750885963439941,0.00011617844575084746,0.024795278906822205
gue_splice_reconstructed_lora__InstaDeepAI_nucleotide-transformer-v2-500m-multi-species__20260520T222248Z,2,2,0.003517871256917715,0.0018357725348323584,0.9946463704109192
gue_splice_reconstructed_lora__InstaDeepAI_nucleotide-transformer-v2-500m-multi-species__20260520T222248Z,0,0,0.9978499412536621,8.939328836277127e-05,0.0020605765748769045
gue_splice_reconstructed_lora__InstaDeepAI_nucleotide-transformer-v2-500m-multi-species__20260520T222248Z,1,1,8.096286910586059e-05,0.9984032511711121,0.0015157689340412617
gue_splice_reconstructed_lora__InstaDeepAI_nucleotide-transformer-v2-500m-multi-species__20260520T222248Z,2,2,0.0009550637332722545,0.003548492444679141,0.9954965114593506
gue_splice_reconstructed_lora__InstaDeepAI_nucleotide-transformer-v2-500m-multi-species__20260520T222248Z,1,1,5.95680030528456e-05,0.9981721639633179,0.001768246409483254
gue_splice_reconstructed_lora__InstaDeepAI_nucleotide-transformer-v2-500m-multi-species__20260520T222248Z,1,1,6.228006532182917e-05,0.9958270192146301,0.004110659472644329
gue_splice_reconstructed_lora__InstaDeepAI_nucleotide-transformer-v2-500m-multi-species__20260520T222248Z,2,2,0.001257825642824173,0.00035374812432564795,0.998388409614563
gue_splice_reconstructed_lora__InstaDeepAI_nucleotide-transformer-v2-500m-multi-species__20260520T222248Z,2,2,0.016107521951198578,0.003762881038710475,0.980129599571228
gue_splice_reconstructed_lora__InstaDeepAI_nucleotide-transformer-v2-500m-multi-species__20260520T222248Z,2,2,0.0011202924652025104,0.0020246291533112526,0.9968550205230713
gue_splice_reconstructed_lora__InstaDeepAI_nucleotide-transformer-v2-500m-multi-species__20260520T222248Z,2,2,0.0076205232180655,0.0020550459157675505,0.9903243780136108
gue_splice_reconstructed_lora__InstaDeepAI_nucleotide-transformer-v2-500m-multi-species__20260520T222248Z,2,0,0.7897332310676575,0.002027597278356552,0.20823919773101807
gue_splice_reconstructed_lora__InstaDeepAI_nucleotide-transformer-v2-500m-multi-species__20260520T222248Z,0,0,0.998180627822876,0.0002498150279279798,0.001569655374623835
gue_splice_reconstructed_lora__InstaDeepAI_nucleotide-transformer-v2-500m-multi-species__20260520T222248Z,0,0,0.9994650483131409,7.979242946021259e-05,0.0004551556776277721
gue_splice_reconstructed_lora__InstaDeepAI_nucleotide-transformer-v2-500m-multi-species__20260520T222248Z,2,2,0.023315241560339928,0.0009038092102855444,0.9757809042930603
gue_splice_reconstructed_lora__InstaDeepAI_nucleotide-transformer-v2-500m-multi-species__20260520T222248Z,2,2,0.06362826377153397,0.000904511718545109,0.9354672431945801
gue_splice_reconstructed_lora__InstaDeepAI_nucleotide-transformer-v2-500m-multi-species__20260520T222248Z,1,1,9.188007970806211e-05,0.9940540194511414,0.005854133516550064
gue_splice_reconstructed_lora__InstaDeepAI_nucleotide-transformer-v2-500m-multi-species__20260520T222248Z,2,2,0.0684594064950943,0.0011394410394132137,0.9304012060165405
gue_splice_reconstructed_lora__InstaDeepAI_nucleotide-transformer-v2-500m-multi-species__20260520T222248Z,0,0,0.9854194521903992,0.00026458603679202497,0.014316001906991005
gue_splice_reconstructed_lora__InstaDeepAI_nucleotide-transformer-v2-500m-multi-species__20260520T222248Z,1,1,5.5755848734406754e-05,0.998441755771637,0.0015025630127638578
gue_splice_reconstructed_lora__InstaDeepAI_nucleotide-transformer-v2-500m-multi-species__20260520T222248Z,0,0,0.9995600581169128,3.022957025677897e-05,0.0004096347256563604
gue_splice_reconstructed_lora__InstaDeepAI_nucleotide-transformer-v2-500m-multi-species__20260520T222248Z,0,0,0.8483821153640747,0.0009894806426018476,0.15062834322452545
gue_splice_reconstructed_lora__InstaDeepAI_nucleotide-transformer-v2-500m-multi-species__20260520T222248Z,0,0,0.9950238466262817,0.00010921675857389346,0.004866885486990213
gue_splice_reconstructed_lora__InstaDeepAI_nucleotide-transformer-v2-500m-multi-species__20260520T222248Z,0,0,0.958807647228241,0.00042114491225220263,0.04077118635177612
gue_splice_reconstructed_lora__InstaDeepAI_nucleotide-transformer-v2-500m-multi-species__20260520T222248Z,0,0,0.9982617497444153,0.00017924806161317974,0.0015590885886922479
gue_splice_reconstructed_lora__InstaDeepAI_nucleotide-transformer-v2-500m-multi-species__20260520T222248Z,2,2,0.012075552716851234,0.0030146618373692036,0.9849098324775696
gue_splice_reconstructed_lora__InstaDeepAI_nucleotide-transformer-v2-500m-multi-species__20260520T222248Z,0,0,0.9993233680725098,0.0001357122528133914,0.0005409621517173946
gue_splice_reconstructed_lora__InstaDeepAI_nucleotide-transformer-v2-500m-multi-species__20260520T222248Z,2,2,0.0018687258707359433,0.0013277155812829733,0.9968035221099854
gue_splice_reconstructed_lora__InstaDeepAI_nucleotide-transformer-v2-500m-multi-species__20260520T222248Z,2,2,0.001980319619178772,0.17051522433757782,0.8275044560432434
gue_splice_reconstructed_lora__InstaDeepAI_nucleotide-transformer-v2-500m-multi-species__20260520T222248Z,2,2,0.0013444811338558793,0.001024827011860907,0.9976307153701782
gue_splice_reconstructed_lora__InstaDeepAI_nucleotide-transformer-v2-500m-multi-species__20260520T222248Z,0,0,0.9915333390235901,0.00030108675127848983,0.008165648207068443
gue_splice_reconstructed_lora__InstaDeepAI_nucleotide-transformer-v2-500m-multi-species__20260520T222248Z,2,2,0.0025331126525998116,0.018517322838306427,0.9789495468139648
gue_splice_reconstructed_lora__InstaDeepAI_nucleotide-transformer-v2-500m-multi-species__20260520T222248Z,0,0,0.9991744160652161,3.478059443295933e-05,0.0007908300613053143
gue_splice_reconstructed_lora__InstaDeepAI_nucleotide-transformer-v2-500m-multi-species__20260520T222248Z,2,2,0.002782239578664303,0.21972939372062683,0.7774883508682251
gue_splice_reconstructed_lora__InstaDeepAI_nucleotide-transformer-v2-500m-multi-species__20260520T222248Z,2,2,0.01598854549229145,0.002053665928542614,0.9819577932357788
gue_splice_reconstructed_lora__InstaDeepAI_nucleotide-transformer-v2-500m-multi-species__20260520T222248Z,2,2,0.017278069630265236,0.000594262033700943,0.9821276664733887
gue_splice_reconstructed_lora__InstaDeepAI_nucleotide-transformer-v2-500m-multi-species__20260520T222248Z,2,2,0.007389380130916834,0.00038914481410756707,0.9922214150428772
gue_splice_reconstructed_lora__InstaDeepAI_nucleotide-transformer-v2-500m-multi-species__20260520T222248Z,2,2,0.004221468232572079,0.0014209357323125005,0.9943576455116272
gue_splice_reconstructed_lora__InstaDeepAI_nucleotide-transformer-v2-500m-multi-species__20260520T222248Z,2,2,0.0029144922737032175,0.0011525319423526525,0.9959329962730408
gue_splice_reconstructed_lora__InstaDeepAI_nucleotide-transformer-v2-500m-multi-species__20260520T222248Z,2,2,0.004843889735639095,0.23880977928638458,0.7563462853431702
gue_splice_reconstructed_lora__InstaDeepAI_nucleotide-transformer-v2-500m-multi-species__20260520T222248Z,0,0,0.8406659364700317,0.0014547287719324231,0.15787933766841888
gue_splice_reconstructed_lora__InstaDeepAI_nucleotide-transformer-v2-500m-multi-species__20260520T222248Z,2,2,0.0012479637516662478,0.003342987271025777,0.9954090714454651
gue_splice_reconstructed_lora__InstaDeepAI_nucleotide-transformer-v2-500m-multi-species__20260520T222248Z,1,1,3.176273457938805e-05,0.9982534050941467,0.001714819809421897
gue_splice_reconstructed_lora__InstaDeepAI_nucleotide-transformer-v2-500m-multi-species__20260520T222248Z,2,2,0.003577727824449539,0.00635312357917428,0.9900690913200378
gue_splice_reconstructed_lora__InstaDeepAI_nucleotide-transformer-v2-500m-multi-species__20260520T222248Z,2,2,0.0023746828082948923,0.00047357703442685306,0.9971517324447632
gue_splice_reconstructed_lora__InstaDeepAI_nucleotide-transformer-v2-500m-multi-species__20260520T222248Z,2,2,0.0012059564469382167,0.0005247893859632313,0.9982692003250122
gue_splice_reconstructed_lora__InstaDeepAI_nucleotide-transformer-v2-500m-multi-species__20260520T222248Z,2,2,0.0012281181989237666,0.06769447028636932,0.9310774207115173
gue_splice_reconstructed_lora__InstaDeepAI_nucleotide-transformer-v2-500m-multi-species__20260520T222248Z,1,1,7.626545993844047e-05,0.9991787075996399,0.0007450989214703441
gue_splice_reconstructed_lora__InstaDeepAI_nucleotide-transformer-v2-500m-multi-species__20260520T222248Z,0,0,0.9992027878761292,4.179103780188598e-05,0.000755373970605433
gue_splice_reconstructed_lora__InstaDeepAI_nucleotide-transformer-v2-500m-multi-species__20260520T222248Z,0,0,0.9974566102027893,0.00010447015665704384,0.0024388746824115515
gue_splice_reconstructed_lora__InstaDeepAI_nucleotide-transformer-v2-500m-multi-species__20260520T222248Z,2,2,0.0074116867035627365,0.0007675742963328958,0.9918208122253418
gue_splice_reconstructed_lora__InstaDeepAI_nucleotide-transformer-v2-500m-multi-species__20260520T222248Z,2,2,0.010232402943074703,0.0035087047144770622,0.986258864402771
gue_splice_reconstructed_lora__InstaDeepAI_nucleotide-transformer-v2-500m-multi-species__20260520T222248Z,2,2,0.0011477081570774317,0.00514869624748826,0.9937035441398621
gue_splice_reconstructed_lora__InstaDeepAI_nucleotide-transformer-v2-500m-multi-species__20260520T222248Z,2,2,0.0017239013686776161,0.002059214049950242,0.9962168335914612
gue_splice_reconstructed_lora__InstaDeepAI_nucleotide-transformer-v2-500m-multi-species__20260520T222248Z,1,1,4.6895504056010395e-05,0.9972586631774902,0.0026944440323859453
gue_splice_reconstructed_lora__InstaDeepAI_nucleotide-transformer-v2-500m-multi-species__20260520T222248Z,2,2,0.030837200582027435,0.00046096471487544477,0.9687018394470215
gue_splice_reconstructed_lora__InstaDeepAI_nucleotide-transformer-v2-500m-multi-species__20260520T222248Z,2,2,0.06981588155031204,0.0038081349339336157,0.9263759851455688
gue_splice_reconstructed_lora__InstaDeepAI_nucleotide-transformer-v2-500m-multi-species__20260520T222248Z,2,2,0.0007186959264799953,0.029845435172319412,0.9694358706474304
gue_splice_reconstructed_lora__InstaDeepAI_nucleotide-transformer-v2-500m-multi-species__20260520T222248Z,2,2,0.07436318695545197,0.0018399571999907494,0.9237968921661377
gue_splice_reconstructed_lora__InstaDeepAI_nucleotide-transformer-v2-500m-multi-species__20260520T222248Z,1,1,0.000143583893077448,0.9721174836158752,0.02773890644311905
gue_splice_reconstructed_lora__InstaDeepAI_nucleotide-transformer-v2-500m-multi-species__20260520T222248Z,2,1,0.0015039307763800025,0.5567657947540283,0.441730260848999
gue_splice_reconstructed_lora__InstaDeepAI_nucleotide-transformer-v2-500m-multi-species__20260520T222248Z,2,2,0.0072593470104038715,0.002145858947187662,0.990594744682312
gue_splice_reconstructed_lora__InstaDeepAI_nucleotide-transformer-v2-500m-multi-species__20260520T222248Z,0,0,0.9878344535827637,0.0007042804500088096,0.011461254209280014
gue_splice_reconstructed_lora__InstaDeepAI_nucleotide-transformer-v2-500m-multi-species__20260520T222248Z,2,2,0.004751603584736586,0.008495502173900604,0.9867528676986694
gue_splice_reconstructed_lora__InstaDeepAI_nucleotide-transformer-v2-500m-multi-species__20260520T222248Z,2,2,0.002596111036837101,0.0009430077043361962,0.9964608550071716
gue_splice_reconstructed_lora__InstaDeepAI_nucleotide-transformer-v2-500m-multi-species__20260520T222248Z,2,2,0.0014549868647009134,0.0020004184916615486,0.9965445399284363
gue_splice_reconstructed_lora__InstaDeepAI_nucleotide-transformer-v2-500m-multi-species__20260520T222248Z,1,1,0.0003805047308560461,0.5295484066009521,0.47007107734680176
gue_splice_reconstructed_lora__InstaDeepAI_nucleotide-transformer-v2-500m-multi-species__20260520T222248Z,1,1,8.733927097637206e-05,0.9980416297912598,0.0018710469594225287
gue_splice_reconstructed_lora__InstaDeepAI_nucleotide-transformer-v2-500m-multi-species__20260520T222248Z,2,2,0.0010602000402286649,0.006412583403289318,0.9925272464752197
gue_splice_reconstructed_lora__InstaDeepAI_nucleotide-transformer-v2-500m-multi-species__20260520T222248Z,2,2,0.0006789409671910107,0.001326708123087883,0.9979944229125977
gue_splice_reconstructed_lora__InstaDeepAI_nucleotide-transformer-v2-500m-multi-species__20260520T222248Z,2,2,0.0010007270611822605,0.015268995426595211,0.9837301969528198
gue_splice_reconstructed_lora__InstaDeepAI_nucleotide-transformer-v2-500m-multi-species__20260520T222248Z,0,0,0.7441890835762024,0.0031073789577931166,0.25270354747772217
gue_splice_reconstructed_lora__InstaDeepAI_nucleotide-transformer-v2-500m-multi-species__20260520T222248Z,2,2,0.002049980917945504,0.0013457236345857382,0.996604323387146
gue_splice_reconstructed_lora__InstaDeepAI_nucleotide-transformer-v2-500m-multi-species__20260520T222248Z,2,2,0.004436169750988483,0.001401366083882749,0.9941624999046326
gue_splice_reconstructed_lora__InstaDeepAI_nucleotide-transformer-v2-500m-multi-species__20260520T222248Z,2,2,0.0014300316106528044,0.001748692593537271,0.9968212842941284
gue_splice_reconstructed_lora__InstaDeepAI_nucleotide-transformer-v2-500m-multi-species__20260520T222248Z,2,2,0.0011767480755224824,0.009392422623932362,0.9894307851791382
gue_splice_reconstructed_lora__InstaDeepAI_nucleotide-transformer-v2-500m-multi-species__20260520T222248Z,1,1,0.0001064725875039585,0.9776309132575989,0.02226254530251026
gue_splice_reconstructed_lora__InstaDeepAI_nucleotide-transformer-v2-500m-multi-species__20260520T222248Z,1,1,4.430802073329687e-05,0.9990931749343872,0.0008625696646049619
gue_splice_reconstructed_lora__InstaDeepAI_nucleotide-transformer-v2-500m-multi-species__20260520T222248Z,0,0,0.9947147965431213,0.00016390283417422324,0.005121324211359024
gue_splice_reconstructed_lora__InstaDeepAI_nucleotide-transformer-v2-500m-multi-species__20260520T222248Z,0,0,0.9978744983673096,7.889125117799267e-05,0.0020465885754674673
gue_splice_reconstructed_lora__InstaDeepAI_nucleotide-transformer-v2-500m-multi-species__20260520T222248Z,2,2,0.0006860935245640576,0.0006066591595299542,0.9987072944641113
gue_splice_reconstructed_lora__InstaDeepAI_nucleotide-transformer-v2-500m-multi-species__20260520T222248Z,0,0,0.8141380548477173,0.003224828979000449,0.1826370805501938
gue_splice_reconstructed_lora__InstaDeepAI_nucleotide-transformer-v2-500m-multi-species__20260520T222248Z,1,1,4.837812593905255e-05,0.9971350431442261,0.0028165180701762438
gue_splice_reconstructed_lora__InstaDeepAI_nucleotide-transformer-v2-500m-multi-species__20260520T222248Z,2,1,4.910708230454475e-05,0.9964677095413208,0.0034832535311579704
gue_splice_reconstructed_lora__InstaDeepAI_nucleotide-transformer-v2-500m-multi-species__20260520T222248Z,2,2,0.021660659462213516,0.005057680420577526,0.9732816815376282
gue_splice_reconstructed_lora__InstaDeepAI_nucleotide-transformer-v2-500m-multi-species__20260520T222248Z,0,0,0.9994373917579651,0.00011056159564759582,0.0004520423535723239
gue_splice_reconstructed_lora__InstaDeepAI_nucleotide-transformer-v2-500m-multi-species__20260520T222248Z,2,2,0.0005970627535134554,0.004907242953777313,0.994495689868927
gue_splice_reconstructed_lora__InstaDeepAI_nucleotide-transformer-v2-500m-multi-species__20260520T222248Z,0,0,0.9963381290435791,5.456223516375758e-05,0.003607420017942786
gue_splice_reconstructed_lora__InstaDeepAI_nucleotide-transformer-v2-500m-multi-species__20260520T222248Z,0,0,0.9947506785392761,4.845133298658766e-05,0.0052008917555212975
gue_splice_reconstructed_lora__InstaDeepAI_nucleotide-transformer-v2-500m-multi-species__20260520T222248Z,1,1,6.650232535321265e-05,0.9950200319290161,0.004913427866995335
gue_splice_reconstructed_lora__InstaDeepAI_nucleotide-transformer-v2-500m-multi-species__20260520T222248Z,0,0,0.9994155168533325,6.47409979137592e-05,0.0005197783466428518
gue_splice_reconstructed_lora__InstaDeepAI_nucleotide-transformer-v2-500m-multi-species__20260520T222248Z,1,1,6.317011138889939e-05,0.9982908368110657,0.0016459699254482985
gue_splice_reconstructed_lora__InstaDeepAI_nucleotide-transformer-v2-500m-multi-species__20260520T222248Z,0,0,0.988419771194458,0.00037793494993820786,0.011202388443052769
gue_splice_reconstructed_lora__InstaDeepAI_nucleotide-transformer-v2-500m-multi-species__20260520T222248Z,2,2,0.0009743586997501552,0.029925378039479256,0.9691002368927002
gue_splice_reconstructed_lora__InstaDeepAI_nucleotide-transformer-v2-500m-multi-species__20260520T222248Z,0,0,0.9928774237632751,0.0004064989334437996,0.0067161391489207745
gue_splice_reconstructed_lora__InstaDeepAI_nucleotide-transformer-v2-500m-multi-species__20260520T222248Z,2,2,0.00944029912352562,0.0004460793570615351,0.9901136159896851
gue_splice_reconstructed_lora__InstaDeepAI_nucleotide-transformer-v2-500m-multi-species__20260520T222248Z,2,2,0.004255152307450771,0.00028120639035478234,0.9954636693000793
gue_splice_reconstructed_lora__InstaDeepAI_nucleotide-transformer-v2-500m-multi-species__20260520T222248Z,2,2,0.04989542067050934,0.000567848386708647,0.9495366811752319
gue_splice_reconstructed_lora__InstaDeepAI_nucleotide-transformer-v2-500m-multi-species__20260520T222248Z,0,0,0.9343692064285278,0.00044289379729889333,0.06518790870904922
gue_splice_reconstructed_lora__InstaDeepAI_nucleotide-transformer-v2-500m-multi-species__20260520T222248Z,1,1,0.0005204075714573264,0.7590087056159973,0.24047091603279114
gue_splice_reconstructed_lora__InstaDeepAI_nucleotide-transformer-v2-500m-multi-species__20260520T222248Z,1,1,0.00018748256843537092,0.9656540751457214,0.034158408641815186
gue_splice_reconstructed_lora__InstaDeepAI_nucleotide-transformer-v2-500m-multi-species__20260520T222248Z,1,1,8.494148642057553e-05,0.9975487589836121,0.002366366796195507
gue_splice_reconstructed_lora__InstaDeepAI_nucleotide-transformer-v2-500m-multi-species__20260520T222248Z,2,2,0.004402107559144497,0.003271368332207203,0.9923264980316162
gue_splice_reconstructed_lora__InstaDeepAI_nucleotide-transformer-v2-500m-multi-species__20260520T222248Z,2,2,0.015070168301463127,0.0016047549434006214,0.9833251237869263
gue_splice_reconstructed_lora__InstaDeepAI_nucleotide-transformer-v2-500m-multi-species__20260520T222248Z,2,2,0.005788298323750496,0.001570118241943419,0.9926416277885437
gue_splice_reconstructed_lora__InstaDeepAI_nucleotide-transformer-v2-500m-multi-species__20260520T222248Z,0,0,0.9965046644210815,0.00011418162466725335,0.003381159156560898
gue_splice_reconstructed_lora__InstaDeepAI_nucleotide-transformer-v2-500m-multi-species__20260520T222248Z,1,1,8.653449185658246e-05,0.9985491633415222,0.0013642439153045416
gue_splice_reconstructed_lora__InstaDeepAI_nucleotide-transformer-v2-500m-multi-species__20260520T222248Z,2,2,0.006066858768463135,0.004069121088832617,0.9898640513420105
gue_splice_reconstructed_lora__InstaDeepAI_nucleotide-transformer-v2-500m-multi-species__20260520T222248Z,2,2,0.0024629738181829453,0.0019598223734647036,0.9955772161483765
gue_splice_reconstructed_lora__InstaDeepAI_nucleotide-transformer-v2-500m-multi-species__20260520T222248Z,2,2,0.0009231428848579526,0.002422675723209977,0.9966541528701782
gue_splice_reconstructed_lora__InstaDeepAI_nucleotide-transformer-v2-500m-multi-species__20260520T222248Z,2,2,0.0012641025241464376,0.4725721478462219,0.5261636972427368
gue_splice_reconstructed_lora__InstaDeepAI_nucleotide-transformer-v2-500m-multi-species__20260520T222248Z,1,1,4.734880349133164e-05,0.999062716960907,0.0008899233653210104
gue_splice_reconstructed_lora__InstaDeepAI_nucleotide-transformer-v2-500m-multi-species__20260520T222248Z,1,1,2.465315264998935e-05,0.9987699389457703,0.0012053836835548282
gue_splice_reconstructed_lora__InstaDeepAI_nucleotide-transformer-v2-500m-multi-species__20260520T222248Z,2,2,0.006682573817670345,0.0015354142524302006,0.9917819499969482
gue_splice_reconstructed_lora__InstaDeepAI_nucleotide-transformer-v2-500m-multi-species__20260520T222248Z,2,2,0.06536923348903656,0.011287592351436615,0.9233431816101074
gue_splice_reconstructed_lora__InstaDeepAI_nucleotide-transformer-v2-500m-multi-species__20260520T222248Z,2,2,0.013447158969938755,0.005322856362909079,0.9812300205230713
gue_splice_reconstructed_lora__InstaDeepAI_nucleotide-transformer-v2-500m-multi-species__20260520T222248Z,0,0,0.9990135431289673,8.606894698459655e-05,0.0009003691375255585
gue_splice_reconstructed_lora__InstaDeepAI_nucleotide-transformer-v2-500m-multi-species__20260520T222248Z,2,2,0.0017300748731940985,0.0023832786828279495,0.9958866238594055
gue_splice_reconstructed_lora__InstaDeepAI_nucleotide-transformer-v2-500m-multi-species__20260520T222248Z,2,2,0.003057226538658142,0.0020207033958286047,0.9949221014976501
gue_splice_reconstructed_lora__InstaDeepAI_nucleotide-transformer-v2-500m-multi-species__20260520T222248Z,2,2,0.007149156183004379,0.002896995050832629,0.989953875541687
gue_splice_reconstructed_lora__InstaDeepAI_nucleotide-transformer-v2-500m-multi-species__20260520T222248Z,1,1,0.00023066952417138964,0.9811246395111084,0.018644751980900764
gue_splice_reconstructed_lora__InstaDeepAI_nucleotide-transformer-v2-500m-multi-species__20260520T222248Z,0,0,0.9985020160675049,3.079316229559481e-05,0.00146712816786021
gue_splice_reconstructed_lora__InstaDeepAI_nucleotide-transformer-v2-500m-multi-species__20260520T222248Z,1,1,4.198465830995701e-05,0.9960203766822815,0.003937573172152042
gue_splice_reconstructed_lora__InstaDeepAI_nucleotide-transformer-v2-500m-multi-species__20260520T222248Z,1,1,6.688959547318518e-05,0.9891545176506042,0.010778607800602913
gue_splice_reconstructed_lora__InstaDeepAI_nucleotide-transformer-v2-500m-multi-species__20260520T222248Z,1,1,0.00011398330389056355,0.9908955693244934,0.008990383706986904
gue_splice_reconstructed_lora__InstaDeepAI_nucleotide-transformer-v2-500m-multi-species__20260520T222248Z,1,1,6.514819688163698e-05,0.9978752136230469,0.002059622434899211
gue_splice_reconstructed_lora__InstaDeepAI_nucleotide-transformer-v2-500m-multi-species__20260520T222248Z,0,0,0.9983021020889282,9.707947174319997e-05,0.0016008089296519756
gue_splice_reconstructed_lora__InstaDeepAI_nucleotide-transformer-v2-500m-multi-species__20260520T222248Z,2,2,0.02713233046233654,0.0001716141850920394,0.9726961255073547
gue_splice_reconstructed_lora__InstaDeepAI_nucleotide-transformer-v2-500m-multi-species__20260520T222248Z,2,2,0.01020987518131733,0.006663185078650713,0.9831268787384033
gue_splice_reconstructed_lora__InstaDeepAI_nucleotide-transformer-v2-500m-multi-species__20260520T222248Z,0,0,0.9931222796440125,0.000844121677801013,0.006033565849065781
gue_splice_reconstructed_lora__InstaDeepAI_nucleotide-transformer-v2-500m-multi-species__20260520T222248Z,0,0,0.9984676241874695,4.143530168221332e-05,0.0014909086748957634
gue_splice_reconstructed_lora__InstaDeepAI_nucleotide-transformer-v2-500m-multi-species__20260520T222248Z,2,2,0.023404890671372414,0.0008810895378701389,0.9757140874862671
gue_splice_reconstructed_lora__InstaDeepAI_nucleotide-transformer-v2-500m-multi-species__20260520T222248Z,1,1,8.288524259114638e-05,0.9984320998191833,0.001485043321736157
gue_splice_reconstructed_lora__InstaDeepAI_nucleotide-transformer-v2-500m-multi-species__20260520T222248Z,2,2,0.004130774177610874,0.0017439629882574081,0.994125247001648
gue_splice_reconstructed_lora__InstaDeepAI_nucleotide-transformer-v2-500m-multi-species__20260520T222248Z,0,0,0.9996088147163391,4.1482657252345234e-05,0.0003497124998830259
gue_splice_reconstructed_lora__InstaDeepAI_nucleotide-transformer-v2-500m-multi-species__20260520T222248Z,2,2,0.002317693317309022,0.0023541913833469152,0.9953280687332153
gue_splice_reconstructed_lora__InstaDeepAI_nucleotide-transformer-v2-500m-multi-species__20260520T222248Z,0,0,0.9987661838531494,4.71502062282525e-05,0.0011866914574056864
gue_splice_reconstructed_lora__InstaDeepAI_nucleotide-transformer-v2-500m-multi-species__20260520T222248Z,1,1,3.357922469149344e-05,0.9991785883903503,0.0007877502357587218
gue_splice_reconstructed_lora__InstaDeepAI_nucleotide-transformer-v2-500m-multi-species__20260520T222248Z,1,1,0.00010035993909696117,0.9963841438293457,0.0035154244396835566
gue_splice_reconstructed_lora__InstaDeepAI_nucleotide-transformer-v2-500m-multi-species__20260520T222248Z,0,0,0.9983548521995544,4.4275278924033046e-05,0.0016008935635909438
gue_splice_reconstructed_lora__InstaDeepAI_nucleotide-transformer-v2-500m-multi-species__20260520T222248Z,2,2,0.012606845237314701,0.001433919882401824,0.9859592318534851
gue_splice_reconstructed_lora__InstaDeepAI_nucleotide-transformer-v2-500m-multi-species__20260520T222248Z,0,0,0.9977338314056396,0.00013629262684844434,0.002129894681274891
gue_splice_reconstructed_lora__InstaDeepAI_nucleotide-transformer-v2-500m-multi-species__20260520T222248Z,2,2,0.00312677095644176,0.06675340980291367,0.9301197528839111
gue_splice_reconstructed_lora__InstaDeepAI_nucleotide-transformer-v2-500m-multi-species__20260520T222248Z,2,2,0.0006655056495219469,0.017260266467928886,0.9820742011070251
gue_splice_reconstructed_lora__InstaDeepAI_nucleotide-transformer-v2-500m-multi-species__20260520T222248Z,2,2,0.004654564894735813,0.0009785123402252793,0.9943669438362122
gue_splice_reconstructed_lora__InstaDeepAI_nucleotide-transformer-v2-500m-multi-species__20260520T222248Z,2,2,0.00541835417971015,0.002551961923018098,0.9920296669006348
gue_splice_reconstructed_lora__InstaDeepAI_nucleotide-transformer-v2-500m-multi-species__20260520T222248Z,2,2,0.002340729348361492,0.0012346828589215875,0.9964246153831482
gue_splice_reconstructed_lora__InstaDeepAI_nucleotide-transformer-v2-500m-multi-species__20260520T222248Z,2,2,0.008671770803630352,0.0035832987632602453,0.9877449870109558
gue_splice_reconstructed_lora__InstaDeepAI_nucleotide-transformer-v2-500m-multi-species__20260520T222248Z,0,0,0.9995108842849731,7.466923852916807e-05,0.0004144429985899478
gue_splice_reconstructed_lora__InstaDeepAI_nucleotide-transformer-v2-500m-multi-species__20260520T222248Z,1,1,4.9376001697964966e-05,0.9980183839797974,0.0019322814187034965
gue_splice_reconstructed_lora__InstaDeepAI_nucleotide-transformer-v2-500m-multi-species__20260520T222248Z,2,2,0.005324276629835367,0.000644018582534045,0.9940317273139954
gue_splice_reconstructed_lora__InstaDeepAI_nucleotide-transformer-v2-500m-multi-species__20260520T222248Z,1,1,5.863929254701361e-05,0.9980838298797607,0.0018574714194983244
gue_splice_reconstructed_lora__InstaDeepAI_nucleotide-transformer-v2-500m-multi-species__20260520T222248Z,1,1,6.450013461289927e-05,0.9764387607574463,0.023496728390455246
gue_splice_reconstructed_lora__InstaDeepAI_nucleotide-transformer-v2-500m-multi-species__20260520T222248Z,2,2,0.006836088839918375,0.004034458659589291,0.9891294240951538
gue_splice_reconstructed_lora__InstaDeepAI_nucleotide-transformer-v2-500m-multi-species__20260520T222248Z,2,2,0.008015939965844154,0.0008845560369081795,0.9910995364189148
gue_splice_reconstructed_lora__InstaDeepAI_nucleotide-transformer-v2-500m-multi-species__20260520T222248Z,0,0,0.9988821148872375,7.162350084399804e-05,0.0010463506914675236
gue_splice_reconstructed_lora__InstaDeepAI_nucleotide-transformer-v2-500m-multi-species__20260520T222248Z,2,2,0.03275056555867195,0.006626122631132603,0.9606232643127441
gue_splice_reconstructed_lora__InstaDeepAI_nucleotide-transformer-v2-500m-multi-species__20260520T222248Z,2,2,0.004494241438806057,0.00587879354134202,0.9896270036697388
gue_splice_reconstructed_lora__InstaDeepAI_nucleotide-transformer-v2-500m-multi-species__20260520T222248Z,0,0,0.9977020621299744,9.626609971746802e-05,0.002201730851083994
gue_splice_reconstructed_lora__InstaDeepAI_nucleotide-transformer-v2-500m-multi-species__20260520T222248Z,2,2,0.0017064824933186173,0.0005184187320992351,0.997775137424469
gue_splice_reconstructed_lora__InstaDeepAI_nucleotide-transformer-v2-500m-multi-species__20260520T222248Z,2,2,0.006458923686295748,0.002589332638308406,0.9909517765045166
gue_splice_reconstructed_lora__InstaDeepAI_nucleotide-transformer-v2-500m-multi-species__20260520T222248Z,2,2,0.0038027602713555098,0.002774019492790103,0.9934232234954834
gue_splice_reconstructed_lora__InstaDeepAI_nucleotide-transformer-v2-500m-multi-species__20260520T222248Z,2,1,0.0008916552760638297,0.6920243501663208,0.30708396434783936
gue_splice_reconstructed_lora__InstaDeepAI_nucleotide-transformer-v2-500m-multi-species__20260520T222248Z,2,2,0.002567417686805129,0.000368789624189958,0.9970638155937195
gue_splice_reconstructed_lora__InstaDeepAI_nucleotide-transformer-v2-500m-multi-species__20260520T222248Z,0,0,0.998638927936554,6.294577178778127e-05,0.0012980790343135595
gue_splice_reconstructed_lora__InstaDeepAI_nucleotide-transformer-v2-500m-multi-species__20260520T222248Z,2,2,0.17657716572284698,0.0029418286867439747,0.8204810619354248
gue_splice_reconstructed_lora__InstaDeepAI_nucleotide-transformer-v2-500m-multi-species__20260520T222248Z,1,1,0.00010768682841444388,0.9984834790229797,0.0014088319148868322
gue_splice_reconstructed_lora__InstaDeepAI_nucleotide-transformer-v2-500m-multi-species__20260520T222248Z,1,1,5.199684528633952e-05,0.9989542961120605,0.0009936433052644134
gue_splice_reconstructed_lora__InstaDeepAI_nucleotide-transformer-v2-500m-multi-species__20260520T222248Z,2,2,0.0010818878654390574,0.08746910095214844,0.9114489555358887
gue_splice_reconstructed_lora__InstaDeepAI_nucleotide-transformer-v2-500m-multi-species__20260520T222248Z,1,1,0.00029693538090214133,0.6107364296913147,0.3889666795730591
gue_splice_reconstructed_lora__InstaDeepAI_nucleotide-transformer-v2-500m-multi-species__20260520T222248Z,2,2,0.0008647486683912575,0.0014229476219043136,0.997712254524231
gue_splice_reconstructed_lora__InstaDeepAI_nucleotide-transformer-v2-500m-multi-species__20260520T222248Z,2,2,0.019360247999429703,0.0016102755907922983,0.9790294170379639
gue_splice_reconstructed_lora__InstaDeepAI_nucleotide-transformer-v2-500m-multi-species__20260520T222248Z,0,0,0.9991542100906372,8.007980795809999e-05,0.000765735050663352
gue_splice_reconstructed_lora__InstaDeepAI_nucleotide-transformer-v2-500m-multi-species__20260520T222248Z,0,0,0.9994068145751953,6.986450898693874e-05,0.0005233392002992332
gue_splice_reconstructed_lora__InstaDeepAI_nucleotide-transformer-v2-500m-multi-species__20260520T222248Z,2,2,0.0022499128244817257,0.0008589890203438699,0.9968910813331604
gue_splice_reconstructed_lora__InstaDeepAI_nucleotide-transformer-v2-500m-multi-species__20260520T222248Z,2,2,0.0023631579242646694,0.004355010110884905,0.9932818412780762
gue_splice_reconstructed_lora__InstaDeepAI_nucleotide-transformer-v2-500m-multi-species__20260520T222248Z,2,2,0.008216545917093754,0.0013505147071555257,0.990432858467102
gue_splice_reconstructed_lora__InstaDeepAI_nucleotide-transformer-v2-500m-multi-species__20260520T222248Z,0,2,0.09731154888868332,0.0019098210614174604,0.900778591632843
gue_splice_reconstructed_lora__InstaDeepAI_nucleotide-transformer-v2-500m-multi-species__20260520T222248Z,1,1,3.922832547686994e-05,0.9984210729598999,0.0015396663220599294
gue_splice_reconstructed_lora__InstaDeepAI_nucleotide-transformer-v2-500m-multi-species__20260520T222248Z,2,2,0.010654262267053127,0.008494318462908268,0.980851411819458
gue_splice_reconstructed_lora__InstaDeepAI_nucleotide-transformer-v2-500m-multi-species__20260520T222248Z,2,2,0.0009467888157814741,0.0005490306066349149,0.9985041618347168
gue_splice_reconstructed_lora__InstaDeepAI_nucleotide-transformer-v2-500m-multi-species__20260520T222248Z,2,2,0.0007687972392886877,0.001942216302268207,0.9972890615463257
gue_splice_reconstructed_lora__InstaDeepAI_nucleotide-transformer-v2-500m-multi-species__20260520T222248Z,2,2,0.01521589607000351,0.001118500716984272,0.9836656451225281
gue_splice_reconstructed_lora__InstaDeepAI_nucleotide-transformer-v2-500m-multi-species__20260520T222248Z,2,1,0.00028095298330299556,0.7080135941505432,0.291705459356308
gue_splice_reconstructed_lora__InstaDeepAI_nucleotide-transformer-v2-500m-multi-species__20260520T222248Z,0,0,0.9974256157875061,7.524469401687384e-05,0.002499072812497616
gue_splice_reconstructed_lora__InstaDeepAI_nucleotide-transformer-v2-500m-multi-species__20260520T222248Z,2,2,0.004098950419574976,0.0007263393490575254,0.9951747059822083
gue_splice_reconstructed_lora__InstaDeepAI_nucleotide-transformer-v2-500m-multi-species__20260520T222248Z,2,2,0.0013069957494735718,0.0019929304253309965,0.9967001080513
gue_splice_reconstructed_lora__InstaDeepAI_nucleotide-transformer-v2-500m-multi-species__20260520T222248Z,2,2,0.0016532624140381813,0.0029501384124159813,0.9953965544700623
gue_splice_reconstructed_lora__InstaDeepAI_nucleotide-transformer-v2-500m-multi-species__20260520T222248Z,0,0,0.9995304346084595,3.0110819352557883e-05,0.0004394608549773693
gue_splice_reconstructed_lora__InstaDeepAI_nucleotide-transformer-v2-500m-multi-species__20260520T222248Z,1,2,0.005379237700253725,0.2584279775619507,0.7361927628517151
gue_splice_reconstructed_lora__InstaDeepAI_nucleotide-transformer-v2-500m-multi-species__20260520T222248Z,2,2,0.001026695710606873,0.0014735490549355745,0.9974997639656067
gue_splice_reconstructed_lora__InstaDeepAI_nucleotide-transformer-v2-500m-multi-species__20260520T222248Z,1,1,3.760476101888344e-05,0.9991205334663391,0.0008417887729592621
gue_splice_reconstructed_lora__InstaDeepAI_nucleotide-transformer-v2-500m-multi-species__20260520T222248Z,2,2,0.0008962679421529174,0.0594022311270237,0.939701497554779
gue_splice_reconstructed_lora__InstaDeepAI_nucleotide-transformer-v2-500m-multi-species__20260520T222248Z,2,2,0.0005446098512038589,0.29021865129470825,0.709236741065979
gue_splice_reconstructed_lora__InstaDeepAI_nucleotide-transformer-v2-500m-multi-species__20260520T222248Z,2,2,0.19147290289402008,0.0055387988686561584,0.8029882907867432
gue_splice_reconstructed_lora__InstaDeepAI_nucleotide-transformer-v2-500m-multi-species__20260520T222248Z,2,2,0.011763921007514,0.0006999543984420598,0.9875361323356628
gue_splice_reconstructed_lora__InstaDeepAI_nucleotide-transformer-v2-500m-multi-species__20260520T222248Z,2,2,0.0011495311046019197,0.0035685759503394365,0.9952818751335144
gue_splice_reconstructed_lora__InstaDeepAI_nucleotide-transformer-v2-500m-multi-species__20260520T222248Z,2,2,0.02734122797846794,0.01072791125625372,0.9619309306144714
gue_splice_reconstructed_lora__InstaDeepAI_nucleotide-transformer-v2-500m-multi-species__20260520T222248Z,2,0,0.6851803064346313,0.00142739899456501,0.3133922219276428
gue_splice_reconstructed_lora__InstaDeepAI_nucleotide-transformer-v2-500m-multi-species__20260520T222248Z,2,2,0.0008310437551699579,0.007973771542310715,0.9911952018737793
gue_splice_reconstructed_lora__InstaDeepAI_nucleotide-transformer-v2-500m-multi-species__20260520T222248Z,1,1,0.00010102632222697139,0.9971402883529663,0.0027586861979216337
gue_splice_reconstructed_lora__InstaDeepAI_nucleotide-transformer-v2-500m-multi-species__20260520T222248Z,2,2,0.0014971793862059712,0.0026664056349545717,0.9958363771438599
gue_splice_reconstructed_lora__InstaDeepAI_nucleotide-transformer-v2-500m-multi-species__20260520T222248Z,2,2,0.0006111245020292699,0.0011597104603424668,0.9982292056083679
gue_splice_reconstructed_lora__InstaDeepAI_nucleotide-transformer-v2-500m-multi-species__20260520T222248Z,2,2,0.0012849444756284356,0.02074301429092884,0.9779720306396484
gue_splice_reconstructed_lora__InstaDeepAI_nucleotide-transformer-v2-500m-multi-species__20260520T222248Z,2,2,0.0013687621103599668,0.0026280719321221113,0.9960032105445862
gue_splice_reconstructed_lora__InstaDeepAI_nucleotide-transformer-v2-500m-multi-species__20260520T222248Z,0,0,0.9810560345649719,0.00026860981597565114,0.018675338476896286
gue_splice_reconstructed_lora__InstaDeepAI_nucleotide-transformer-v2-500m-multi-species__20260520T222248Z,2,2,0.0026414666790515184,0.0011550987837836146,0.9962034821510315
gue_splice_reconstructed_lora__InstaDeepAI_nucleotide-transformer-v2-500m-multi-species__20260520T222248Z,1,1,6.683673564111814e-05,0.9922412633895874,0.007691893260926008
gue_splice_reconstructed_lora__InstaDeepAI_nucleotide-transformer-v2-500m-multi-species__20260520T222248Z,2,2,0.004511338658630848,0.0011262557236477733,0.9943623542785645
gue_splice_reconstructed_lora__InstaDeepAI_nucleotide-transformer-v2-500m-multi-species__20260520T222248Z,2,2,0.0013995791086927056,0.005705582443624735,0.9928948283195496
gue_splice_reconstructed_lora__InstaDeepAI_nucleotide-transformer-v2-500m-multi-species__20260520T222248Z,1,2,0.002892938908189535,0.1791546642780304,0.8179523944854736
gue_splice_reconstructed_lora__InstaDeepAI_nucleotide-transformer-v2-500m-multi-species__20260520T222248Z,2,2,0.0005932087078690529,0.007463448215276003,0.991943359375
gue_splice_reconstructed_lora__InstaDeepAI_nucleotide-transformer-v2-500m-multi-species__20260520T222248Z,2,2,0.011195742525160313,0.0019351065857335925,0.9868691563606262
gue_splice_reconstructed_lora__InstaDeepAI_nucleotide-transformer-v2-500m-multi-species__20260520T222248Z,0,2,0.05029803514480591,0.0013135492336004972,0.948388397693634
gue_splice_reconstructed_lora__InstaDeepAI_nucleotide-transformer-v2-500m-multi-species__20260520T222248Z,2,2,0.1234530434012413,0.002711498411372304,0.8738354444503784
gue_splice_reconstructed_lora__InstaDeepAI_nucleotide-transformer-v2-500m-multi-species__20260520T222248Z,0,0,0.9929350018501282,0.0002060155529761687,0.006859040353447199
gue_splice_reconstructed_lora__InstaDeepAI_nucleotide-transformer-v2-500m-multi-species__20260520T222248Z,1,1,6.406800093827769e-05,0.9967834949493408,0.003152468940243125
gue_splice_reconstructed_lora__InstaDeepAI_nucleotide-transformer-v2-500m-multi-species__20260520T222248Z,2,2,0.0032899612560868263,0.0006909614894539118,0.9960190653800964
gue_splice_reconstructed_lora__InstaDeepAI_nucleotide-transformer-v2-500m-multi-species__20260520T222248Z,2,2,0.0018288028659299016,0.0014781197533011436,0.9966930150985718
gue_splice_reconstructed_lora__InstaDeepAI_nucleotide-transformer-v2-500m-multi-species__20260520T222248Z,2,2,0.010332819074392319,0.004370920360088348,0.9852961897850037
gue_splice_reconstructed_lora__InstaDeepAI_nucleotide-transformer-v2-500m-multi-species__20260520T222248Z,2,2,0.0017083040438592434,0.0004264781018719077,0.9978652596473694
gue_splice_reconstructed_lora__InstaDeepAI_nucleotide-transformer-v2-500m-multi-species__20260520T222248Z,1,2,0.0006131705013103783,0.015267577953636646,0.9841192364692688
gue_splice_reconstructed_lora__InstaDeepAI_nucleotide-transformer-v2-500m-multi-species__20260520T222248Z,1,1,8.147359767463058e-05,0.9988316893577576,0.0010869157267734408
gue_splice_reconstructed_lora__InstaDeepAI_nucleotide-transformer-v2-500m-multi-species__20260520T222248Z,2,2,0.003415046725422144,0.000360646954504773,0.9962242841720581
gue_splice_reconstructed_lora__InstaDeepAI_nucleotide-transformer-v2-500m-multi-species__20260520T222248Z,1,1,7.271788490470499e-05,0.9984217882156372,0.0015054704854264855
gue_splice_reconstructed_lora__InstaDeepAI_nucleotide-transformer-v2-500m-multi-species__20260520T222248Z,0,0,0.9991527795791626,0.0001264761231141165,0.0007207468152046204
gue_splice_reconstructed_lora__InstaDeepAI_nucleotide-transformer-v2-500m-multi-species__20260520T222248Z,1,1,5.298370524542406e-05,0.9982255101203918,0.001721483189612627
gue_splice_reconstructed_lora__InstaDeepAI_nucleotide-transformer-v2-500m-multi-species__20260520T222248Z,2,2,0.0019779205322265625,0.03174327686429024,0.9662787914276123
gue_splice_reconstructed_lora__InstaDeepAI_nucleotide-transformer-v2-500m-multi-species__20260520T222248Z,0,0,0.9949303269386292,0.0002197431167587638,0.0048498231917619705
gue_splice_reconstructed_lora__InstaDeepAI_nucleotide-transformer-v2-500m-multi-species__20260520T222248Z,0,0,0.9936977028846741,0.00019558305211830884,0.0061067333444952965
gue_splice_reconstructed_lora__InstaDeepAI_nucleotide-transformer-v2-500m-multi-species__20260520T222248Z,2,2,0.007416429463773966,0.011690492741763592,0.9808930158615112
gue_splice_reconstructed_lora__InstaDeepAI_nucleotide-transformer-v2-500m-multi-species__20260520T222248Z,2,2,0.0011906881118193269,0.003506468841806054,0.9953027963638306
gue_splice_reconstructed_lora__InstaDeepAI_nucleotide-transformer-v2-500m-multi-species__20260520T222248Z,2,2,0.005526857916265726,0.002149603795260191,0.9923235177993774
gue_splice_reconstructed_lora__InstaDeepAI_nucleotide-transformer-v2-500m-multi-species__20260520T222248Z,2,2,0.002087340224534273,0.0008278575842268765,0.9970847964286804
gue_splice_reconstructed_lora__InstaDeepAI_nucleotide-transformer-v2-500m-multi-species__20260520T222248Z,1,1,5.201067324378528e-05,0.9992200136184692,0.0007278688717633486
gue_splice_reconstructed_lora__InstaDeepAI_nucleotide-transformer-v2-500m-multi-species__20260520T222248Z,1,1,0.00010865693184314296,0.9860641956329346,0.01382711622864008
gue_splice_reconstructed_lora__InstaDeepAI_nucleotide-transformer-v2-500m-multi-species__20260520T222248Z,2,2,0.2711682915687561,0.0031477403827011585,0.7256839871406555
gue_splice_reconstructed_lora__InstaDeepAI_nucleotide-transformer-v2-500m-multi-species__20260520T222248Z,1,1,4.2011699406430125e-05,0.996661901473999,0.003296105656772852
gue_splice_reconstructed_lora__InstaDeepAI_nucleotide-transformer-v2-500m-multi-species__20260520T222248Z,2,2,0.00044178194366395473,0.001594028202816844,0.9979642629623413
gue_splice_reconstructed_lora__InstaDeepAI_nucleotide-transformer-v2-500m-multi-species__20260520T222248Z,0,0,0.9994978904724121,5.5705924751237035e-05,0.00044636684469878674
gue_splice_reconstructed_lora__InstaDeepAI_nucleotide-transformer-v2-500m-multi-species__20260520T222248Z,2,2,0.0054578110575675964,0.002095970092341304,0.99244624376297
gue_splice_reconstructed_lora__InstaDeepAI_nucleotide-transformer-v2-500m-multi-species__20260520T222248Z,0,0,0.99859219789505,6.726453284500167e-05,0.0013405302306637168
gue_splice_reconstructed_lora__InstaDeepAI_nucleotide-transformer-v2-500m-multi-species__20260520T222248Z,2,2,0.007596749812364578,0.0003360674309078604,0.9920672178268433
gue_splice_reconstructed_lora__InstaDeepAI_nucleotide-transformer-v2-500m-multi-species__20260520T222248Z,1,2,0.0022334717214107513,0.021597987040877342,0.9761685729026794
gue_splice_reconstructed_lora__InstaDeepAI_nucleotide-transformer-v2-500m-multi-species__20260520T222248Z,2,2,0.006716830190271139,0.0022410850506275892,0.9910420179367065
gue_splice_reconstructed_lora__InstaDeepAI_nucleotide-transformer-v2-500m-multi-species__20260520T222248Z,1,2,0.0008929800824262202,0.021746134385466576,0.9773608446121216
gue_splice_reconstructed_lora__InstaDeepAI_nucleotide-transformer-v2-500m-multi-species__20260520T222248Z,2,2,0.000871354597620666,0.03983243182301521,0.9592962265014648
gue_splice_reconstructed_lora__InstaDeepAI_nucleotide-transformer-v2-500m-multi-species__20260520T222248Z,0,0,0.9991655349731445,7.76168963056989e-05,0.0007568225846625865
gue_splice_reconstructed_lora__InstaDeepAI_nucleotide-transformer-v2-500m-multi-species__20260520T222248Z,1,1,0.0003629960701800883,0.8136094808578491,0.18602749705314636
gue_splice_reconstructed_lora__InstaDeepAI_nucleotide-transformer-v2-500m-multi-species__20260520T222248Z,2,2,0.0026565862353891134,0.002263439819216728,0.9950799942016602
gue_splice_reconstructed_lora__InstaDeepAI_nucleotide-transformer-v2-500m-multi-species__20260520T222248Z,2,2,0.0031425750348716974,0.0017456936184316874,0.9951117634773254
gue_splice_reconstructed_lora__InstaDeepAI_nucleotide-transformer-v2-500m-multi-species__20260520T222248Z,1,2,0.0018548347288742661,0.06687856465578079,0.9312665462493896
gue_splice_reconstructed_lora__InstaDeepAI_nucleotide-transformer-v2-500m-multi-species__20260520T222248Z,1,1,0.00011067381274187937,0.9926661849021912,0.007223204709589481
gue_splice_reconstructed_lora__InstaDeepAI_nucleotide-transformer-v2-500m-multi-species__20260520T222248Z,1,1,6.788689643144608e-05,0.9960901141166687,0.0038419358897954226
gue_splice_reconstructed_lora__InstaDeepAI_nucleotide-transformer-v2-500m-multi-species__20260520T222248Z,1,1,7.017616735538468e-05,0.9902337789535522,0.009696067310869694
gue_splice_reconstructed_lora__InstaDeepAI_nucleotide-transformer-v2-500m-multi-species__20260520T222248Z,0,0,0.99815434217453,5.4024865676183254e-05,0.0017916803481057286
gue_splice_reconstructed_lora__InstaDeepAI_nucleotide-transformer-v2-500m-multi-species__20260520T222248Z,1,1,3.502186154946685e-05,0.998275876045227,0.0016890964470803738
gue_splice_reconstructed_lora__InstaDeepAI_nucleotide-transformer-v2-500m-multi-species__20260520T222248Z,1,1,6.101434337324463e-05,0.9987242817878723,0.0012147820089012384
gue_splice_reconstructed_lora__InstaDeepAI_nucleotide-transformer-v2-500m-multi-species__20260520T222248Z,1,1,5.338608752936125e-05,0.9979792237281799,0.0019674310460686684
gue_splice_reconstructed_lora__InstaDeepAI_nucleotide-transformer-v2-500m-multi-species__20260520T222248Z,1,1,2.4472414224874228e-05,0.9992238283157349,0.0007517105550505221
gue_splice_reconstructed_lora__InstaDeepAI_nucleotide-transformer-v2-500m-multi-species__20260520T222248Z,2,2,0.001638161949813366,0.0004306917544454336,0.9979311227798462
gue_splice_reconstructed_lora__InstaDeepAI_nucleotide-transformer-v2-500m-multi-species__20260520T222248Z,2,2,0.0029226646292954683,0.002245265757665038,0.9948320388793945
gue_splice_reconstructed_lora__InstaDeepAI_nucleotide-transformer-v2-500m-multi-species__20260520T222248Z,1,1,8.064532448770478e-05,0.9983797073364258,0.0015396025264635682
gue_splice_reconstructed_lora__InstaDeepAI_nucleotide-transformer-v2-500m-multi-species__20260520T222248Z,2,2,0.0017550180200487375,0.03614372760057449,0.9621012806892395
gue_splice_reconstructed_lora__InstaDeepAI_nucleotide-transformer-v2-500m-multi-species__20260520T222248Z,0,0,0.9985184073448181,5.8894434914691374e-05,0.001422707224264741
gue_splice_reconstructed_lora__InstaDeepAI_nucleotide-transformer-v2-500m-multi-species__20260520T222248Z,2,2,0.0006566800875589252,0.0014827447012066841,0.9978606104850769
gue_splice_reconstructed_lora__InstaDeepAI_nucleotide-transformer-v2-500m-multi-species__20260520T222248Z,2,2,0.0031402362510561943,0.001517036696895957,0.9953427314758301
gue_splice_reconstructed_lora__InstaDeepAI_nucleotide-transformer-v2-500m-multi-species__20260520T222248Z,2,2,0.0024234564043581486,0.004487994126975536,0.9930885434150696
gue_splice_reconstructed_lora__InstaDeepAI_nucleotide-transformer-v2-500m-multi-species__20260520T222248Z,2,2,0.007881645113229752,0.0008262693881988525,0.9912920594215393
gue_splice_reconstructed_lora__InstaDeepAI_nucleotide-transformer-v2-500m-multi-species__20260520T222248Z,2,0,0.7450109124183655,0.001264267135411501,0.2537248432636261
gue_splice_reconstructed_lora__InstaDeepAI_nucleotide-transformer-v2-500m-multi-species__20260520T222248Z,2,2,0.0022705120500177145,0.0034318219404667616,0.9942976832389832
gue_splice_reconstructed_lora__InstaDeepAI_nucleotide-transformer-v2-500m-multi-species__20260520T222248Z,2,2,0.000520888774190098,0.006692610215395689,0.9927864670753479
gue_splice_reconstructed_lora__InstaDeepAI_nucleotide-transformer-v2-500m-multi-species__20260520T222248Z,2,2,0.0008978531113825738,0.027856484055519104,0.9712456464767456
gue_splice_reconstructed_lora__InstaDeepAI_nucleotide-transformer-v2-500m-multi-species__20260520T222248Z,0,0,0.9987008571624756,6.648810813203454e-05,0.0012326788855716586
gue_splice_reconstructed_lora__InstaDeepAI_nucleotide-transformer-v2-500m-multi-species__20260520T222248Z,2,2,0.09813357144594193,0.0025260618422180414,0.8993403315544128
gue_splice_reconstructed_lora__InstaDeepAI_nucleotide-transformer-v2-500m-multi-species__20260520T222248Z,2,2,0.005473996978253126,0.0030171300750225782,0.9915088415145874
gue_splice_reconstructed_lora__InstaDeepAI_nucleotide-transformer-v2-500m-multi-species__20260520T222248Z,1,1,5.020428943680599e-05,0.9990279674530029,0.0009217340848408639
gue_splice_reconstructed_lora__InstaDeepAI_nucleotide-transformer-v2-500m-multi-species__20260520T222248Z,0,0,0.9888131022453308,0.00010853505227714777,0.011078311130404472
gue_splice_reconstructed_lora__InstaDeepAI_nucleotide-transformer-v2-500m-multi-species__20260520T222248Z,1,1,6.104722706368193e-05,0.9992625117301941,0.0006764924619346857
gue_splice_reconstructed_lora__InstaDeepAI_nucleotide-transformer-v2-500m-multi-species__20260520T222248Z,2,2,0.000906599045265466,0.0009957043221220374,0.9980977177619934
gue_splice_reconstructed_lora__InstaDeepAI_nucleotide-transformer-v2-500m-multi-species__20260520T222248Z,2,2,0.0005081471754238009,0.008022845722734928,0.9914690256118774
gue_splice_reconstructed_lora__InstaDeepAI_nucleotide-transformer-v2-500m-multi-species__20260520T222248Z,2,2,0.0012859855778515339,0.002592693082988262,0.996121346950531
gue_splice_reconstructed_lora__InstaDeepAI_nucleotide-transformer-v2-500m-multi-species__20260520T222248Z,1,2,0.002523912349715829,0.004784869030117989,0.9926912188529968
gue_splice_reconstructed_lora__InstaDeepAI_nucleotide-transformer-v2-500m-multi-species__20260520T222248Z,1,2,0.0015147641533985734,0.025758272036910057,0.9727270007133484
gue_splice_reconstructed_lora__InstaDeepAI_nucleotide-transformer-v2-500m-multi-species__20260520T222248Z,2,2,0.003956084605306387,0.004097639583051205,0.991946280002594
gue_splice_reconstructed_lora__InstaDeepAI_nucleotide-transformer-v2-500m-multi-species__20260520T222248Z,1,1,3.6011690099257976e-05,0.9988025426864624,0.001161510357633233
gue_splice_reconstructed_lora__InstaDeepAI_nucleotide-transformer-v2-500m-multi-species__20260520T222248Z,1,1,6.344464054564014e-05,0.9909483790397644,0.008988119661808014
gue_splice_reconstructed_lora__InstaDeepAI_nucleotide-transformer-v2-500m-multi-species__20260520T222248Z,2,2,0.001471729134209454,0.031024519354104996,0.9675037860870361
gue_splice_reconstructed_lora__InstaDeepAI_nucleotide-transformer-v2-500m-multi-species__20260520T222248Z,2,2,0.003943704999983311,0.00817935075610876,0.9878768920898438
gue_splice_reconstructed_lora__InstaDeepAI_nucleotide-transformer-v2-500m-multi-species__20260520T222248Z,0,0,0.9963777661323547,0.00027602058253251016,0.0033462403807789087
gue_splice_reconstructed_lora__InstaDeepAI_nucleotide-transformer-v2-500m-multi-species__20260520T222248Z,0,0,0.9992367029190063,3.0456807508016936e-05,0.0007328737992793322
gue_splice_reconstructed_lora__InstaDeepAI_nucleotide-transformer-v2-500m-multi-species__20260520T222248Z,2,2,0.011330259032547474,0.0006144216749817133,0.9880552887916565
gue_splice_reconstructed_lora__InstaDeepAI_nucleotide-transformer-v2-500m-multi-species__20260520T222248Z,2,2,0.001026917016133666,0.0012582051567733288,0.9977148771286011
gue_splice_reconstructed_lora__InstaDeepAI_nucleotide-transformer-v2-500m-multi-species__20260520T222248Z,0,0,0.999040424823761,3.774891956709325e-05,0.0009217456681653857
gue_splice_reconstructed_lora__InstaDeepAI_nucleotide-transformer-v2-500m-multi-species__20260520T222248Z,2,2,0.0013771367957815528,0.008200427517294884,0.9904224872589111
gue_splice_reconstructed_lora__InstaDeepAI_nucleotide-transformer-v2-500m-multi-species__20260520T222248Z,2,2,0.3902967870235443,0.001053237239830196,0.6086500287055969
gue_splice_reconstructed_lora__InstaDeepAI_nucleotide-transformer-v2-500m-multi-species__20260520T222248Z,1,1,0.0002811792364809662,0.9973134398460388,0.0024054122623056173
gue_splice_reconstructed_lora__InstaDeepAI_nucleotide-transformer-v2-500m-multi-species__20260520T222248Z,2,2,0.011272644624114037,0.0004022711655125022,0.9883251190185547
gue_splice_reconstructed_lora__InstaDeepAI_nucleotide-transformer-v2-500m-multi-species__20260520T222248Z,1,1,7.654758519493043e-05,0.9989650249481201,0.0009583913488313556
gue_splice_reconstructed_lora__InstaDeepAI_nucleotide-transformer-v2-500m-multi-species__20260520T222248Z,2,2,0.0013448345707729459,0.04459737241268158,0.9540577530860901
gue_splice_reconstructed_lora__InstaDeepAI_nucleotide-transformer-v2-500m-multi-species__20260520T222248Z,2,2,0.0038405878003686666,0.004543030168861151,0.991616427898407
gue_splice_reconstructed_lora__InstaDeepAI_nucleotide-transformer-v2-500m-multi-species__20260520T222248Z,1,1,0.0004134667105972767,0.6873456835746765,0.3122408390045166
gue_splice_reconstructed_lora__InstaDeepAI_nucleotide-transformer-v2-500m-multi-species__20260520T222248Z,1,1,0.00019528504344634712,0.9980142116546631,0.0017905544955283403
gue_splice_reconstructed_lora__InstaDeepAI_nucleotide-transformer-v2-500m-multi-species__20260520T222248Z,2,2,0.012235292233526707,0.018638383597135544,0.969126284122467
gue_splice_reconstructed_lora__InstaDeepAI_nucleotide-transformer-v2-500m-multi-species__20260520T222248Z,0,2,0.022046566009521484,0.0007832953706383705,0.9771701693534851
gue_splice_reconstructed_lora__InstaDeepAI_nucleotide-transformer-v2-500m-multi-species__20260520T222248Z,0,0,0.999002993106842,0.00020485972345340997,0.000792240141890943
gue_splice_reconstructed_lora__InstaDeepAI_nucleotide-transformer-v2-500m-multi-species__20260520T222248Z,1,1,0.00010571221355348825,0.9975565671920776,0.0023376743774861097
gue_splice_reconstructed_lora__InstaDeepAI_nucleotide-transformer-v2-500m-multi-species__20260520T222248Z,2,2,0.003381853923201561,0.0013677275273948908,0.9952503442764282
gue_splice_reconstructed_lora__InstaDeepAI_nucleotide-transformer-v2-500m-multi-species__20260520T222248Z,2,2,0.00591390673071146,0.0024294336326420307,0.9916566610336304
gue_splice_reconstructed_lora__InstaDeepAI_nucleotide-transformer-v2-500m-multi-species__20260520T222248Z,0,0,0.9952941536903381,0.000137025723233819,0.004568794276565313
gue_splice_reconstructed_lora__InstaDeepAI_nucleotide-transformer-v2-500m-multi-species__20260520T222248Z,1,1,7.103556708898395e-05,0.9984525442123413,0.0014763976214453578
gue_splice_reconstructed_lora__InstaDeepAI_nucleotide-transformer-v2-500m-multi-species__20260520T222248Z,1,1,3.90689710911829e-05,0.9982569813728333,0.0017039751401171088
gue_splice_reconstructed_lora__InstaDeepAI_nucleotide-transformer-v2-500m-multi-species__20260520T222248Z,0,0,0.9993343949317932,6.498911534436047e-05,0.0006005539325997233
gue_splice_reconstructed_lora__InstaDeepAI_nucleotide-transformer-v2-500m-multi-species__20260520T222248Z,1,1,7.405932410620153e-05,0.9971725344657898,0.002753392793238163
gue_splice_reconstructed_lora__InstaDeepAI_nucleotide-transformer-v2-500m-multi-species__20260520T222248Z,0,0,0.9978861212730408,6.721696991007775e-05,0.00204661232419312
gue_splice_reconstructed_lora__InstaDeepAI_nucleotide-transformer-v2-500m-multi-species__20260520T222248Z,2,2,0.020670831203460693,0.0007073168526403606,0.9786219000816345
gue_splice_reconstructed_lora__InstaDeepAI_nucleotide-transformer-v2-500m-multi-species__20260520T222248Z,0,0,0.998046875,8.014745253603905e-05,0.0018728849245235324
gue_splice_reconstructed_lora__InstaDeepAI_nucleotide-transformer-v2-500m-multi-species__20260520T222248Z,2,2,0.0027355917263776064,0.0012032890226691961,0.9960611462593079
gue_splice_reconstructed_lora__InstaDeepAI_nucleotide-transformer-v2-500m-multi-species__20260520T222248Z,1,1,4.809131132788025e-05,0.9951030015945435,0.004848888609558344
gue_splice_reconstructed_lora__InstaDeepAI_nucleotide-transformer-v2-500m-multi-species__20260520T222248Z,0,2,0.0032025023829191923,0.0013520579086616635,0.9954454898834229
gue_splice_reconstructed_lora__InstaDeepAI_nucleotide-transformer-v2-500m-multi-species__20260520T222248Z,2,2,0.001850709319114685,0.003213390940800309,0.9949358701705933
gue_splice_reconstructed_lora__InstaDeepAI_nucleotide-transformer-v2-500m-multi-species__20260520T222248Z,2,2,0.0020263611804693937,0.0002658007724676281,0.9977078437805176
gue_splice_reconstructed_lora__InstaDeepAI_nucleotide-transformer-v2-500m-multi-species__20260520T222248Z,1,1,4.480183633859269e-05,0.9984585046768188,0.001496730255894363
gue_splice_reconstructed_lora__InstaDeepAI_nucleotide-transformer-v2-500m-multi-species__20260520T222248Z,0,0,0.9830366969108582,0.0005776387406513095,0.01638568751513958
gue_splice_reconstructed_lora__InstaDeepAI_nucleotide-transformer-v2-500m-multi-species__20260520T222248Z,2,2,0.0010648089228197932,0.09660282731056213,0.9023323655128479
gue_splice_reconstructed_lora__InstaDeepAI_nucleotide-transformer-v2-500m-multi-species__20260520T222248Z,2,2,0.004839729983359575,0.0008451355388388038,0.9943150877952576
gue_splice_reconstructed_lora__InstaDeepAI_nucleotide-transformer-v2-500m-multi-species__20260520T222248Z,1,1,8.772756700636819e-05,0.9869367480278015,0.012975499965250492
gue_splice_reconstructed_lora__InstaDeepAI_nucleotide-transformer-v2-500m-multi-species__20260520T222248Z,2,2,0.002149436855688691,0.0017203878378495574,0.996130108833313
gue_splice_reconstructed_lora__InstaDeepAI_nucleotide-transformer-v2-500m-multi-species__20260520T222248Z,2,2,0.0008681084727868438,0.0014481402467936277,0.9976837635040283
gue_splice_reconstructed_lora__InstaDeepAI_nucleotide-transformer-v2-500m-multi-species__20260520T222248Z,2,2,0.00627816841006279,0.0004114698967896402,0.9933103322982788
gue_splice_reconstructed_lora__InstaDeepAI_nucleotide-transformer-v2-500m-multi-species__20260520T222248Z,0,0,0.9334677457809448,0.0003493368567433208,0.06618288904428482
gue_splice_reconstructed_lora__InstaDeepAI_nucleotide-transformer-v2-500m-multi-species__20260520T222248Z,1,2,0.001112698926590383,0.01841086335480213,0.9804763793945312
gue_splice_reconstructed_lora__InstaDeepAI_nucleotide-transformer-v2-500m-multi-species__20260520T222248Z,2,2,0.0013510891003534198,0.19779656827449799,0.800852358341217
gue_splice_reconstructed_lora__InstaDeepAI_nucleotide-transformer-v2-500m-multi-species__20260520T222248Z,2,2,0.007562215905636549,0.003915570676326752,0.9885221719741821
gue_splice_reconstructed_lora__InstaDeepAI_nucleotide-transformer-v2-500m-multi-species__20260520T222248Z,2,2,0.22326605021953583,0.0004970533773303032,0.7762369513511658
gue_splice_reconstructed_lora__InstaDeepAI_nucleotide-transformer-v2-500m-multi-species__20260520T222248Z,1,2,0.0004473527369555086,0.1715390384197235,0.8280136585235596
gue_splice_reconstructed_lora__InstaDeepAI_nucleotide-transformer-v2-500m-multi-species__20260520T222248Z,2,2,0.0005079703405499458,0.00836808793246746,0.9911239147186279
gue_splice_reconstructed_lora__InstaDeepAI_nucleotide-transformer-v2-500m-multi-species__20260520T222248Z,2,2,0.0025839917361736298,0.012363703921437263,0.9850522875785828
gue_splice_reconstructed_lora__InstaDeepAI_nucleotide-transformer-v2-500m-multi-species__20260520T222248Z,0,0,0.9965937733650208,7.72660641814582e-05,0.0033290369901806116
gue_splice_reconstructed_lora__InstaDeepAI_nucleotide-transformer-v2-500m-multi-species__20260520T222248Z,1,1,6.752389890607446e-05,0.9985345602035522,0.0013979398645460606
gue_splice_reconstructed_lora__InstaDeepAI_nucleotide-transformer-v2-500m-multi-species__20260520T222248Z,1,1,6.19370475760661e-05,0.9864814281463623,0.013456559740006924
gue_splice_reconstructed_lora__InstaDeepAI_nucleotide-transformer-v2-500m-multi-species__20260520T222248Z,0,0,0.9978746175765991,0.00018962027388624847,0.001935780281201005
gue_splice_reconstructed_lora__InstaDeepAI_nucleotide-transformer-v2-500m-multi-species__20260520T222248Z,1,1,5.986808901070617e-05,0.9992895126342773,0.0006505940109491348
gue_splice_reconstructed_lora__InstaDeepAI_nucleotide-transformer-v2-500m-multi-species__20260520T222248Z,2,2,0.0022792392410337925,0.013154598884284496,0.9845661520957947
gue_splice_reconstructed_lora__InstaDeepAI_nucleotide-transformer-v2-500m-multi-species__20260520T222248Z,1,2,0.0015502636088058352,0.13013869524002075,0.8683110475540161
gue_splice_reconstructed_lora__InstaDeepAI_nucleotide-transformer-v2-500m-multi-species__20260520T222248Z,1,1,3.2762189221102744e-05,0.9979853630065918,0.001981905661523342
gue_splice_reconstructed_lora__InstaDeepAI_nucleotide-transformer-v2-500m-multi-species__20260520T222248Z,1,1,3.623270458774641e-05,0.9971120357513428,0.002851740689948201
gue_splice_reconstructed_lora__InstaDeepAI_nucleotide-transformer-v2-500m-multi-species__20260520T222248Z,2,2,0.004867575131356716,0.0009390260674990714,0.9941933751106262
gue_splice_reconstructed_lora__InstaDeepAI_nucleotide-transformer-v2-500m-multi-species__20260520T222248Z,2,2,0.007019408512860537,0.0047218212857842445,0.9882587194442749
gue_splice_reconstructed_lora__InstaDeepAI_nucleotide-transformer-v2-500m-multi-species__20260520T222248Z,0,0,0.9975737929344177,4.1236817196477205e-05,0.002384986262768507
gue_splice_reconstructed_lora__InstaDeepAI_nucleotide-transformer-v2-500m-multi-species__20260520T222248Z,2,2,0.001001235912553966,0.0031664224807173014,0.9958323836326599
gue_splice_reconstructed_lora__InstaDeepAI_nucleotide-transformer-v2-500m-multi-species__20260520T222248Z,2,2,0.004584547132253647,0.0025244206190109253,0.9928910732269287
gue_splice_reconstructed_lora__InstaDeepAI_nucleotide-transformer-v2-500m-multi-species__20260520T222248Z,1,1,0.0001009315819828771,0.9903850555419922,0.009514044970273972
gue_splice_reconstructed_lora__InstaDeepAI_nucleotide-transformer-v2-500m-multi-species__20260520T222248Z,1,1,3.572939749574289e-05,0.998745322227478,0.001218966906890273
gue_splice_reconstructed_lora__InstaDeepAI_nucleotide-transformer-v2-500m-multi-species__20260520T222248Z,2,2,0.0016115163452923298,0.04130140691995621,0.9570870995521545
gue_splice_reconstructed_lora__InstaDeepAI_nucleotide-transformer-v2-500m-multi-species__20260520T222248Z,2,2,0.0009047726634889841,0.487354040145874,0.5117412209510803
gue_splice_reconstructed_lora__InstaDeepAI_nucleotide-transformer-v2-500m-multi-species__20260520T222248Z,0,0,0.998694121837616,0.00016584916738793254,0.0011400338262319565
gue_splice_reconstructed_lora__InstaDeepAI_nucleotide-transformer-v2-500m-multi-species__20260520T222248Z,2,2,0.0028687238227576017,0.030149314552545547,0.9669819474220276
gue_splice_reconstructed_lora__InstaDeepAI_nucleotide-transformer-v2-500m-multi-species__20260520T222248Z,2,2,0.006244218442589045,0.0004963020328432322,0.9932594895362854
gue_splice_reconstructed_lora__InstaDeepAI_nucleotide-transformer-v2-500m-multi-species__20260520T222248Z,1,1,4.874635487794876e-05,0.9969058632850647,0.0030454255174845457
gue_splice_reconstructed_lora__InstaDeepAI_nucleotide-transformer-v2-500m-multi-species__20260520T222248Z,2,2,0.003809506306424737,0.002946634544059634,0.9932438731193542
gue_splice_reconstructed_lora__InstaDeepAI_nucleotide-transformer-v2-500m-multi-species__20260520T222248Z,1,1,0.00011932905908906832,0.9937378168106079,0.00614286819472909
gue_splice_reconstructed_lora__InstaDeepAI_nucleotide-transformer-v2-500m-multi-species__20260520T222248Z,2,2,0.04714248701930046,0.0014276258880272508,0.9514299035072327
gue_splice_reconstructed_lora__InstaDeepAI_nucleotide-transformer-v2-500m-multi-species__20260520T222248Z,2,2,0.005831874441355467,0.009558961726725101,0.9846091270446777
gue_splice_reconstructed_lora__InstaDeepAI_nucleotide-transformer-v2-500m-multi-species__20260520T222248Z,2,2,0.0018323523690924048,0.0034333288203924894,0.9947342872619629
gue_splice_reconstructed_lora__InstaDeepAI_nucleotide-transformer-v2-500m-multi-species__20260520T222248Z,2,2,0.3227180242538452,0.006974818650633097,0.6703070998191833
gue_splice_reconstructed_lora__InstaDeepAI_nucleotide-transformer-v2-500m-multi-species__20260520T222248Z,2,2,0.027764717116951942,0.0018228065455332398,0.9704124331474304
gue_splice_reconstructed_lora__InstaDeepAI_nucleotide-transformer-v2-500m-multi-species__20260520T222248Z,2,2,0.0017723939381539822,0.0035594170913100243,0.994668185710907
gue_splice_reconstructed_lora__InstaDeepAI_nucleotide-transformer-v2-500m-multi-species__20260520T222248Z,1,1,0.00012504209007602185,0.9630582332611084,0.036816779524087906
gue_splice_reconstructed_lora__InstaDeepAI_nucleotide-transformer-v2-500m-multi-species__20260520T222248Z,1,1,4.6158875193214044e-05,0.9970517158508301,0.002902136417105794
gue_splice_reconstructed_lora__InstaDeepAI_nucleotide-transformer-v2-500m-multi-species__20260520T222248Z,1,1,0.0008083351422101259,0.5293217897415161,0.4698699116706848
gue_splice_reconstructed_lora__InstaDeepAI_nucleotide-transformer-v2-500m-multi-species__20260520T222248Z,0,0,0.9921410083770752,0.00018524570623412728,0.007673745043575764
gue_splice_reconstructed_lora__InstaDeepAI_nucleotide-transformer-v2-500m-multi-species__20260520T222248Z,1,1,8.05120580480434e-05,0.9986783862113953,0.0012411061907187104
gue_splice_reconstructed_lora__InstaDeepAI_nucleotide-transformer-v2-500m-multi-species__20260520T222248Z,0,0,0.9990058541297913,8.506555604981259e-05,0.0009091979009099305
gue_splice_reconstructed_lora__InstaDeepAI_nucleotide-transformer-v2-500m-multi-species__20260520T222248Z,2,2,0.01917155645787716,0.06785301119089127,0.9129754304885864
gue_splice_reconstructed_lora__InstaDeepAI_nucleotide-transformer-v2-500m-multi-species__20260520T222248Z,1,1,8.183727914001793e-05,0.9954825639724731,0.004435557872056961
gue_splice_reconstructed_lora__InstaDeepAI_nucleotide-transformer-v2-500m-multi-species__20260520T222248Z,1,1,5.621391755994409e-05,0.9949167966842651,0.005026969593018293
gue_splice_reconstructed_lora__InstaDeepAI_nucleotide-transformer-v2-500m-multi-species__20260520T222248Z,1,1,5.4406202252721414e-05,0.9973773956298828,0.0025682251434773207
gue_splice_reconstructed_lora__InstaDeepAI_nucleotide-transformer-v2-500m-multi-species__20260520T222248Z,1,1,9.099165617953986e-05,0.9979937076568604,0.0019153255270794034
gue_splice_reconstructed_lora__InstaDeepAI_nucleotide-transformer-v2-500m-multi-species__20260520T222248Z,2,2,0.001247549313120544,0.00367392017506063,0.9950785636901855
gue_splice_reconstructed_lora__InstaDeepAI_nucleotide-transformer-v2-500m-multi-species__20260520T222248Z,2,2,0.0030789272859692574,0.0007907339604571462,0.9961303472518921
gue_splice_reconstructed_lora__InstaDeepAI_nucleotide-transformer-v2-500m-multi-species__20260520T222248Z,0,0,0.9983171224594116,0.00011917859228560701,0.0015637495089322329
gue_splice_reconstructed_lora__InstaDeepAI_nucleotide-transformer-v2-500m-multi-species__20260520T222248Z,0,0,0.9976153373718262,4.802476178156212e-05,0.0023366704117506742
gue_splice_reconstructed_lora__InstaDeepAI_nucleotide-transformer-v2-500m-multi-species__20260520T222248Z,2,2,0.001466953894123435,0.0016111336881294847,0.9969218373298645
gue_splice_reconstructed_lora__InstaDeepAI_nucleotide-transformer-v2-500m-multi-species__20260520T222248Z,1,1,4.31813023169525e-05,0.996777355670929,0.0031795024406164885
gue_splice_reconstructed_lora__InstaDeepAI_nucleotide-transformer-v2-500m-multi-species__20260520T222248Z,1,1,4.045219247927889e-05,0.9978938698768616,0.00206570397131145
gue_splice_reconstructed_lora__InstaDeepAI_nucleotide-transformer-v2-500m-multi-species__20260520T222248Z,1,1,0.00010379154264228418,0.9948559999465942,0.005040179472416639
gue_splice_reconstructed_lora__InstaDeepAI_nucleotide-transformer-v2-500m-multi-species__20260520T222248Z,1,1,4.2291201680200174e-05,0.9993811845779419,0.0005764472298324108
gue_splice_reconstructed_lora__InstaDeepAI_nucleotide-transformer-v2-500m-multi-species__20260520T222248Z,0,0,0.9990235567092896,8.39119529700838e-05,0.0008924994035623968
gue_splice_reconstructed_lora__InstaDeepAI_nucleotide-transformer-v2-500m-multi-species__20260520T222248Z,0,0,0.8830609321594238,0.00042599631706252694,0.11651308834552765
gue_splice_reconstructed_lora__InstaDeepAI_nucleotide-transformer-v2-500m-multi-species__20260520T222248Z,2,2,0.00544061278924346,0.0033063499722629786,0.9912530779838562
gue_splice_reconstructed_lora__InstaDeepAI_nucleotide-transformer-v2-500m-multi-species__20260520T222248Z,0,0,0.9993441700935364,3.617224137997255e-05,0.0006196236936375499
gue_splice_reconstructed_lora__InstaDeepAI_nucleotide-transformer-v2-500m-multi-species__20260520T222248Z,2,2,0.003095158375799656,0.0013734681997448206,0.9955313801765442
gue_splice_reconstructed_lora__InstaDeepAI_nucleotide-transformer-v2-500m-multi-species__20260520T222248Z,1,2,0.0018993441481143236,0.004560741595923901,0.9935399889945984
gue_splice_reconstructed_lora__InstaDeepAI_nucleotide-transformer-v2-500m-multi-species__20260520T222248Z,2,2,0.001822375226765871,0.003045949386432767,0.9951317310333252
gue_splice_reconstructed_lora__InstaDeepAI_nucleotide-transformer-v2-500m-multi-species__20260520T222248Z,2,2,0.0005103127332404256,0.04753413051366806,0.9519556164741516
gue_splice_reconstructed_lora__InstaDeepAI_nucleotide-transformer-v2-500m-multi-species__20260520T222248Z,1,1,7.432587881339714e-05,0.998808741569519,0.0011170204961672425
gue_splice_reconstructed_lora__InstaDeepAI_nucleotide-transformer-v2-500m-multi-species__20260520T222248Z,1,1,5.2319886890472844e-05,0.9992881417274475,0.0006595490267500281
gue_splice_reconstructed_lora__InstaDeepAI_nucleotide-transformer-v2-500m-multi-species__20260520T222248Z,0,0,0.9934667944908142,6.823914736742154e-05,0.006465048994868994
gue_splice_reconstructed_lora__InstaDeepAI_nucleotide-transformer-v2-500m-multi-species__20260520T222248Z,0,0,0.9987366795539856,5.0980022933799773e-05,0.0012124268105253577
gue_splice_reconstructed_lora__InstaDeepAI_nucleotide-transformer-v2-500m-multi-species__20260520T222248Z,2,2,0.0216746237128973,0.018109826371073723,0.9602155089378357
gue_splice_reconstructed_lora__InstaDeepAI_nucleotide-transformer-v2-500m-multi-species__20260520T222248Z,0,0,0.9795650243759155,0.00024324828700628132,0.020191723480820656
gue_splice_reconstructed_lora__InstaDeepAI_nucleotide-transformer-v2-500m-multi-species__20260520T222248Z,2,2,0.004271253012120724,0.013909488916397095,0.9818192720413208
gue_splice_reconstructed_lora__InstaDeepAI_nucleotide-transformer-v2-500m-multi-species__20260520T222248Z,0,0,0.9966963529586792,0.00015307859575841576,0.0031506544910371304
gue_splice_reconstructed_lora__InstaDeepAI_nucleotide-transformer-v2-500m-multi-species__20260520T222248Z,2,2,0.10268499702215195,0.003731180215254426,0.8935838937759399
gue_splice_reconstructed_lora__InstaDeepAI_nucleotide-transformer-v2-500m-multi-species__20260520T222248Z,1,1,5.1487673772498965e-05,0.9969304203987122,0.0030181140173226595
gue_splice_reconstructed_lora__InstaDeepAI_nucleotide-transformer-v2-500m-multi-species__20260520T222248Z,0,0,0.9980208873748779,0.00011170630750712007,0.001867357175797224
gue_splice_reconstructed_lora__InstaDeepAI_nucleotide-transformer-v2-500m-multi-species__20260520T222248Z,0,2,0.00481261545792222,0.037798743695020676,0.957388699054718
gue_splice_reconstructed_lora__InstaDeepAI_nucleotide-transformer-v2-500m-multi-species__20260520T222248Z,2,2,0.001242247992195189,0.004029653966426849,0.994728147983551
gue_splice_reconstructed_lora__InstaDeepAI_nucleotide-transformer-v2-500m-multi-species__20260520T222248Z,2,2,0.0010987132554873824,0.003910522907972336,0.9949907660484314
gue_splice_reconstructed_lora__InstaDeepAI_nucleotide-transformer-v2-500m-multi-species__20260520T222248Z,2,2,0.06136023625731468,0.00435203593224287,0.9342877268791199
gue_splice_reconstructed_lora__InstaDeepAI_nucleotide-transformer-v2-500m-multi-species__20260520T222248Z,2,2,0.001214906689710915,0.0009333224152214825,0.9978518486022949
gue_splice_reconstructed_lora__InstaDeepAI_nucleotide-transformer-v2-500m-multi-species__20260520T222248Z,0,0,0.9985209107398987,9.748078446136788e-05,0.0013816345017403364
gue_splice_reconstructed_lora__InstaDeepAI_nucleotide-transformer-v2-500m-multi-species__20260520T222248Z,2,2,0.004536239895969629,0.0014541230630129576,0.9940096139907837
gue_splice_reconstructed_lora__InstaDeepAI_nucleotide-transformer-v2-500m-multi-species__20260520T222248Z,0,0,0.9782108664512634,0.0006603033398278058,0.021128907799720764
gue_splice_reconstructed_lora__InstaDeepAI_nucleotide-transformer-v2-500m-multi-species__20260520T222248Z,2,2,0.0012024929746985435,0.02073977142572403,0.9780578017234802
gue_splice_reconstructed_lora__InstaDeepAI_nucleotide-transformer-v2-500m-multi-species__20260520T222248Z,2,2,0.00130328512750566,0.016405275091528893,0.9822914600372314
gue_splice_reconstructed_lora__InstaDeepAI_nucleotide-transformer-v2-500m-multi-species__20260520T222248Z,2,2,0.005199844017624855,0.0009779763640835881,0.9938222169876099
gue_splice_reconstructed_lora__InstaDeepAI_nucleotide-transformer-v2-500m-multi-species__20260520T222248Z,2,2,0.007651529274880886,0.0018714291509240866,0.9904770851135254
gue_splice_reconstructed_lora__InstaDeepAI_nucleotide-transformer-v2-500m-multi-species__20260520T222248Z,2,2,0.04779670760035515,0.0005814543110318482,0.9516217708587646
gue_splice_reconstructed_lora__InstaDeepAI_nucleotide-transformer-v2-500m-multi-species__20260520T222248Z,0,0,0.9993492960929871,7.931706932140514e-05,0.0005713847349397838
gue_splice_reconstructed_lora__InstaDeepAI_nucleotide-transformer-v2-500m-multi-species__20260520T222248Z,2,2,0.04519158974289894,0.0005257411394268274,0.9542826414108276
gue_splice_reconstructed_lora__InstaDeepAI_nucleotide-transformer-v2-500m-multi-species__20260520T222248Z,2,1,0.0011870722519233823,0.5300929546356201,0.4687199890613556
gue_splice_reconstructed_lora__InstaDeepAI_nucleotide-transformer-v2-500m-multi-species__20260520T222248Z,0,0,0.999133288860321,5.2414052333915606e-05,0.0008143080049194396
gue_splice_reconstructed_lora__InstaDeepAI_nucleotide-transformer-v2-500m-multi-species__20260520T222248Z,0,0,0.9982234835624695,2.622878491820302e-05,0.0017502973787486553
gue_splice_reconstructed_lora__InstaDeepAI_nucleotide-transformer-v2-500m-multi-species__20260520T222248Z,2,2,0.0011790291173383594,0.001646539312787354,0.9971743822097778
gue_splice_reconstructed_lora__InstaDeepAI_nucleotide-transformer-v2-500m-multi-species__20260520T222248Z,2,2,0.0008479310781694949,0.2692893147468567,0.7298628091812134
gue_splice_reconstructed_lora__InstaDeepAI_nucleotide-transformer-v2-500m-multi-species__20260520T222248Z,2,2,0.00665828725323081,0.003232339397072792,0.9901094436645508
gue_splice_reconstructed_lora__InstaDeepAI_nucleotide-transformer-v2-500m-multi-species__20260520T222248Z,2,2,0.0010722102597355843,0.001021113945171237,0.9979066848754883
gue_splice_reconstructed_lora__InstaDeepAI_nucleotide-transformer-v2-500m-multi-species__20260520T222248Z,0,0,0.9971170425415039,6.716516509186476e-05,0.0028157797642052174
gue_splice_reconstructed_lora__InstaDeepAI_nucleotide-transformer-v2-500m-multi-species__20260520T222248Z,1,1,0.00010158817167393863,0.9968277812004089,0.0030705700628459454
gue_splice_reconstructed_lora__InstaDeepAI_nucleotide-transformer-v2-500m-multi-species__20260520T222248Z,2,2,0.009177714586257935,0.0010822941549122334,0.9897400140762329
gue_splice_reconstructed_lora__InstaDeepAI_nucleotide-transformer-v2-500m-multi-species__20260520T222248Z,1,1,6.75166302244179e-05,0.9984270334243774,0.0015054784016683698
gue_splice_reconstructed_lora__InstaDeepAI_nucleotide-transformer-v2-500m-multi-species__20260520T222248Z,2,2,0.006577064748853445,0.0009596217423677444,0.9924633502960205
gue_splice_reconstructed_lora__InstaDeepAI_nucleotide-transformer-v2-500m-multi-species__20260520T222248Z,0,0,0.9993923902511597,9.183384827338159e-05,0.0005157214473001659
gue_splice_reconstructed_lora__InstaDeepAI_nucleotide-transformer-v2-500m-multi-species__20260520T222248Z,1,1,6.074961129343137e-05,0.9982829093933105,0.0016564379911869764
gue_splice_reconstructed_lora__InstaDeepAI_nucleotide-transformer-v2-500m-multi-species__20260520T222248Z,1,1,0.00010393956472398713,0.9808289408683777,0.019067175686359406
gue_splice_reconstructed_lora__InstaDeepAI_nucleotide-transformer-v2-500m-multi-species__20260520T222248Z,0,0,0.99874347448349,8.020338282221928e-05,0.0011762805515900254
gue_splice_reconstructed_lora__InstaDeepAI_nucleotide-transformer-v2-500m-multi-species__20260520T222248Z,1,1,4.347219510236755e-05,0.9995798468589783,0.00037664425326511264
gue_splice_reconstructed_lora__InstaDeepAI_nucleotide-transformer-v2-500m-multi-species__20260520T222248Z,2,2,0.005980158224701881,0.001968198921531439,0.9920516014099121
gue_splice_reconstructed_lora__InstaDeepAI_nucleotide-transformer-v2-500m-multi-species__20260520T222248Z,2,2,0.006031465250998735,0.003129082964733243,0.990839421749115
gue_splice_reconstructed_lora__InstaDeepAI_nucleotide-transformer-v2-500m-multi-species__20260520T222248Z,1,1,3.936365101253614e-05,0.9979593753814697,0.0020013030152767897
gue_splice_reconstructed_lora__InstaDeepAI_nucleotide-transformer-v2-500m-multi-species__20260520T222248Z,2,2,0.0017899606609717011,0.02268591709434986,0.9755241274833679
gue_splice_reconstructed_lora__InstaDeepAI_nucleotide-transformer-v2-500m-multi-species__20260520T222248Z,2,2,0.002292725257575512,0.220339834690094,0.7773674726486206
gue_splice_reconstructed_lora__InstaDeepAI_nucleotide-transformer-v2-500m-multi-species__20260520T222248Z,2,2,0.0004286544572096318,0.00441895704716444,0.9951523542404175
gue_splice_reconstructed_lora__InstaDeepAI_nucleotide-transformer-v2-500m-multi-species__20260520T222248Z,0,0,0.9680041670799255,0.00030445962329395115,0.031691450625658035
gue_splice_reconstructed_lora__InstaDeepAI_nucleotide-transformer-v2-500m-multi-species__20260520T222248Z,2,2,0.013892699964344501,0.001635118154808879,0.9844722151756287
gue_splice_reconstructed_lora__InstaDeepAI_nucleotide-transformer-v2-500m-multi-species__20260520T222248Z,2,2,0.002580135827884078,0.0012710383161902428,0.9961488246917725
gue_splice_reconstructed_lora__InstaDeepAI_nucleotide-transformer-v2-500m-multi-species__20260520T222248Z,0,0,0.9937102794647217,7.467214891221374e-05,0.006215106230229139
gue_splice_reconstructed_lora__InstaDeepAI_nucleotide-transformer-v2-500m-multi-species__20260520T222248Z,2,2,0.01431872695684433,0.00031480102916248143,0.9853664636611938
gue_splice_reconstructed_lora__InstaDeepAI_nucleotide-transformer-v2-500m-multi-species__20260520T222248Z,1,1,6.664232932962477e-05,0.9971147775650024,0.002818524371832609
gue_splice_reconstructed_lora__InstaDeepAI_nucleotide-transformer-v2-500m-multi-species__20260520T222248Z,1,1,8.718074968783185e-05,0.9962301850318909,0.003682664828374982
gue_splice_reconstructed_lora__InstaDeepAI_nucleotide-transformer-v2-500m-multi-species__20260520T222248Z,1,1,4.75079650641419e-05,0.9985130429267883,0.001439470099285245
gue_splice_reconstructed_lora__InstaDeepAI_nucleotide-transformer-v2-500m-multi-species__20260520T222248Z,2,2,0.0007128719007596374,0.42172732949256897,0.5775598287582397
gue_splice_reconstructed_lora__InstaDeepAI_nucleotide-transformer-v2-500m-multi-species__20260520T222248Z,2,2,0.0005644973134621978,0.0004942904342897236,0.9989412426948547
gue_splice_reconstructed_lora__InstaDeepAI_nucleotide-transformer-v2-500m-multi-species__20260520T222248Z,1,2,0.000993469962850213,0.0356711745262146,0.963335394859314
gue_splice_reconstructed_lora__InstaDeepAI_nucleotide-transformer-v2-500m-multi-species__20260520T222248Z,2,2,0.011528334580361843,0.004031049087643623,0.9844406843185425
gue_splice_reconstructed_lora__InstaDeepAI_nucleotide-transformer-v2-500m-multi-species__20260520T222248Z,2,2,0.0020380974747240543,0.0013120450312271714,0.9966499209403992
gue_splice_reconstructed_lora__InstaDeepAI_nucleotide-transformer-v2-500m-multi-species__20260520T222248Z,0,0,0.9995347261428833,4.925822577206418e-05,0.0004160749667789787
gue_splice_reconstructed_lora__InstaDeepAI_nucleotide-transformer-v2-500m-multi-species__20260520T222248Z,2,2,0.011174026876688004,0.0004986838321201503,0.9883273243904114
gue_splice_reconstructed_lora__InstaDeepAI_nucleotide-transformer-v2-500m-multi-species__20260520T222248Z,2,2,0.0026980277616530657,0.0023670904338359833,0.9949348568916321
gue_splice_reconstructed_lora__InstaDeepAI_nucleotide-transformer-v2-500m-multi-species__20260520T222248Z,2,2,0.0004846095107495785,0.008594105020165443,0.9909212589263916
gue_splice_reconstructed_lora__InstaDeepAI_nucleotide-transformer-v2-500m-multi-species__20260520T222248Z,2,2,0.0012868279591202736,0.0019393182592466474,0.996773898601532
gue_splice_reconstructed_lora__InstaDeepAI_nucleotide-transformer-v2-500m-multi-species__20260520T222248Z,1,1,5.227036672295071e-05,0.9963943362236023,0.0035534275230020285
gue_splice_reconstructed_lora__InstaDeepAI_nucleotide-transformer-v2-500m-multi-species__20260520T222248Z,2,2,0.0005020434036850929,0.2870235741138458,0.7124744057655334
gue_splice_reconstructed_lora__InstaDeepAI_nucleotide-transformer-v2-500m-multi-species__20260520T222248Z,2,2,0.0026524504646658897,0.007690124679356813,0.989657461643219
gue_splice_reconstructed_lora__InstaDeepAI_nucleotide-transformer-v2-500m-multi-species__20260520T222248Z,1,2,0.0007712128572165966,0.05758127197623253,0.941647469997406
gue_splice_reconstructed_lora__InstaDeepAI_nucleotide-transformer-v2-500m-multi-species__20260520T222248Z,0,0,0.9936448335647583,0.0002203181356890127,0.0061347996816039085
gue_splice_reconstructed_lora__InstaDeepAI_nucleotide-transformer-v2-500m-multi-species__20260520T222248Z,2,2,0.014186674728989601,0.0028375135734677315,0.9829757809638977
gue_splice_reconstructed_lora__InstaDeepAI_nucleotide-transformer-v2-500m-multi-species__20260520T222248Z,0,0,0.9975332021713257,6.436714465962723e-05,0.0024024206213653088
gue_splice_reconstructed_lora__InstaDeepAI_nucleotide-transformer-v2-500m-multi-species__20260520T222248Z,0,0,0.9907134771347046,0.00011757991160266101,0.009168816730380058
gue_splice_reconstructed_lora__InstaDeepAI_nucleotide-transformer-v2-500m-multi-species__20260520T222248Z,1,1,0.0006591905257664621,0.8822506070137024,0.11709024012088776
gue_splice_reconstructed_lora__InstaDeepAI_nucleotide-transformer-v2-500m-multi-species__20260520T222248Z,2,2,0.00045254192082211375,0.0009580311016179621,0.9985894560813904
gue_splice_reconstructed_lora__InstaDeepAI_nucleotide-transformer-v2-500m-multi-species__20260520T222248Z,2,2,0.002410365268588066,0.002118846867233515,0.9954707622528076
gue_splice_reconstructed_lora__InstaDeepAI_nucleotide-transformer-v2-500m-multi-species__20260520T222248Z,2,2,0.22373580932617188,0.0006696116179227829,0.7755945920944214
gue_splice_reconstructed_lora__InstaDeepAI_nucleotide-transformer-v2-500m-multi-species__20260520T222248Z,2,2,0.004013200756162405,0.004352036397904158,0.991634726524353
gue_splice_reconstructed_lora__InstaDeepAI_nucleotide-transformer-v2-500m-multi-species__20260520T222248Z,2,2,0.003862001933157444,0.013492880389094353,0.9826451539993286
gue_splice_reconstructed_lora__InstaDeepAI_nucleotide-transformer-v2-500m-multi-species__20260520T222248Z,1,1,0.00012181073543615639,0.8778938055038452,0.12198437005281448
gue_splice_reconstructed_lora__InstaDeepAI_nucleotide-transformer-v2-500m-multi-species__20260520T222248Z,2,2,0.011865650303661823,0.0012567517114803195,0.9868776202201843
gue_splice_reconstructed_lora__InstaDeepAI_nucleotide-transformer-v2-500m-multi-species__20260520T222248Z,2,2,0.000556836137548089,0.06467653810977936,0.9347666501998901
gue_splice_reconstructed_lora__InstaDeepAI_nucleotide-transformer-v2-500m-multi-species__20260520T222248Z,2,2,0.08432294428348541,0.0013401859905570745,0.9143368601799011
gue_splice_reconstructed_lora__InstaDeepAI_nucleotide-transformer-v2-500m-multi-species__20260520T222248Z,2,2,0.007295651827007532,0.0010367665672674775,0.9916675686836243
gue_splice_reconstructed_lora__InstaDeepAI_nucleotide-transformer-v2-500m-multi-species__20260520T222248Z,0,0,0.9992995262145996,4.536812411970459e-05,0.0006550632533617318
gue_splice_reconstructed_lora__InstaDeepAI_nucleotide-transformer-v2-500m-multi-species__20260520T222248Z,2,2,0.013936460018157959,0.0023404161911457777,0.9837230443954468
gue_splice_reconstructed_lora__InstaDeepAI_nucleotide-transformer-v2-500m-multi-species__20260520T222248Z,2,2,0.005840166937559843,0.0033243787474930286,0.990835428237915
gue_splice_reconstructed_lora__InstaDeepAI_nucleotide-transformer-v2-500m-multi-species__20260520T222248Z,0,0,0.9944832921028137,0.0001613242202438414,0.0053553832694888115
gue_splice_reconstructed_lora__InstaDeepAI_nucleotide-transformer-v2-500m-multi-species__20260520T222248Z,2,2,0.0026687132194638252,0.0016060599591583014,0.9957252740859985
gue_splice_reconstructed_lora__InstaDeepAI_nucleotide-transformer-v2-500m-multi-species__20260520T222248Z,0,0,0.9990472197532654,5.059902832726948e-05,0.0009021598380059004
gue_splice_reconstructed_lora__InstaDeepAI_nucleotide-transformer-v2-500m-multi-species__20260520T222248Z,0,0,0.997359573841095,7.732543599558994e-05,0.0025631687603890896
gue_splice_reconstructed_lora__InstaDeepAI_nucleotide-transformer-v2-500m-multi-species__20260520T222248Z,2,2,0.46043720841407776,0.009602843783795834,0.5299599766731262
gue_splice_reconstructed_lora__InstaDeepAI_nucleotide-transformer-v2-500m-multi-species__20260520T222248Z,2,2,0.00101185473613441,0.04615361616015434,0.9528344869613647
gue_splice_reconstructed_lora__InstaDeepAI_nucleotide-transformer-v2-500m-multi-species__20260520T222248Z,0,0,0.9983378648757935,3.434660902712494e-05,0.001627664896659553
gue_splice_reconstructed_lora__InstaDeepAI_nucleotide-transformer-v2-500m-multi-species__20260520T222248Z,2,2,0.014350010082125664,0.002460998250171542,0.9831889867782593
gue_splice_reconstructed_lora__InstaDeepAI_nucleotide-transformer-v2-500m-multi-species__20260520T222248Z,2,2,0.0012745450949296355,0.011465776711702347,0.9872596263885498
gue_splice_reconstructed_lora__InstaDeepAI_nucleotide-transformer-v2-500m-multi-species__20260520T222248Z,2,2,0.0025835945270955563,0.018269559368491173,0.9791468977928162
gue_splice_reconstructed_lora__InstaDeepAI_nucleotide-transformer-v2-500m-multi-species__20260520T222248Z,0,0,0.998883068561554,9.982867777580395e-05,0.001017134403809905
gue_splice_reconstructed_lora__InstaDeepAI_nucleotide-transformer-v2-500m-multi-species__20260520T222248Z,1,1,9.479105210630223e-05,0.9862598180770874,0.013645396567881107
gue_splice_reconstructed_lora__InstaDeepAI_nucleotide-transformer-v2-500m-multi-species__20260520T222248Z,0,0,0.998971700668335,7.836338045308366e-05,0.0009500113665126264
gue_splice_reconstructed_lora__InstaDeepAI_nucleotide-transformer-v2-500m-multi-species__20260520T222248Z,2,2,0.0030666457023471594,0.0018654719460755587,0.995067834854126
gue_splice_reconstructed_lora__InstaDeepAI_nucleotide-transformer-v2-500m-multi-species__20260520T222248Z,1,1,0.0001123396068578586,0.9958682060241699,0.004019525367766619
gue_splice_reconstructed_lora__InstaDeepAI_nucleotide-transformer-v2-500m-multi-species__20260520T222248Z,2,2,0.021221935749053955,0.0021198056638240814,0.976658284664154
gue_splice_reconstructed_lora__InstaDeepAI_nucleotide-transformer-v2-500m-multi-species__20260520T222248Z,2,2,0.002505920361727476,0.0022071520797908306,0.9952869415283203
gue_splice_reconstructed_lora__InstaDeepAI_nucleotide-transformer-v2-500m-multi-species__20260520T222248Z,2,2,0.004870892036706209,0.0012291513849049807,0.993899941444397
gue_splice_reconstructed_lora__InstaDeepAI_nucleotide-transformer-v2-500m-multi-species__20260520T222248Z,2,2,0.001339342095889151,0.0009534528944641352,0.9977071285247803
gue_splice_reconstructed_lora__InstaDeepAI_nucleotide-transformer-v2-500m-multi-species__20260520T222248Z,2,2,0.0038341982290148735,0.00038149525062181056,0.9957842230796814
gue_splice_reconstructed_lora__InstaDeepAI_nucleotide-transformer-v2-500m-multi-species__20260520T222248Z,2,2,0.00043224196997471154,0.013571981340646744,0.9859958291053772
gue_splice_reconstructed_lora__InstaDeepAI_nucleotide-transformer-v2-500m-multi-species__20260520T222248Z,2,2,0.005047657527029514,0.0015349449822679162,0.9934173822402954
gue_splice_reconstructed_lora__InstaDeepAI_nucleotide-transformer-v2-500m-multi-species__20260520T222248Z,0,0,0.9982129335403442,0.00021119551092851907,0.0015758498338982463
gue_splice_reconstructed_lora__InstaDeepAI_nucleotide-transformer-v2-500m-multi-species__20260520T222248Z,2,2,0.007075718138366938,0.0025576548650860786,0.9903665781021118
gue_splice_reconstructed_lora__InstaDeepAI_nucleotide-transformer-v2-500m-multi-species__20260520T222248Z,2,2,0.0018375565996393561,0.029404329136013985,0.9687581062316895
gue_splice_reconstructed_lora__InstaDeepAI_nucleotide-transformer-v2-500m-multi-species__20260520T222248Z,1,1,0.0002101044519804418,0.9911182522773743,0.008671696297824383
gue_splice_reconstructed_lora__InstaDeepAI_nucleotide-transformer-v2-500m-multi-species__20260520T222248Z,2,2,0.006610996089875698,0.004534801468253136,0.988854169845581
gue_splice_reconstructed_lora__InstaDeepAI_nucleotide-transformer-v2-500m-multi-species__20260520T222248Z,2,2,0.009328299202024937,0.0007720959256403148,0.9898995757102966
gue_splice_reconstructed_lora__InstaDeepAI_nucleotide-transformer-v2-500m-multi-species__20260520T222248Z,0,0,0.9905200004577637,9.899287397274747e-05,0.009380979463458061
gue_splice_reconstructed_lora__InstaDeepAI_nucleotide-transformer-v2-500m-multi-species__20260520T222248Z,2,2,0.003293550806120038,0.0005740124615840614,0.996132493019104
gue_splice_reconstructed_lora__InstaDeepAI_nucleotide-transformer-v2-500m-multi-species__20260520T222248Z,2,2,0.0032034956384450197,0.019347872585058212,0.9774486422538757
gue_splice_reconstructed_lora__InstaDeepAI_nucleotide-transformer-v2-500m-multi-species__20260520T222248Z,2,2,0.0031865134369581938,0.0034320098347961903,0.9933815002441406
gue_splice_reconstructed_lora__InstaDeepAI_nucleotide-transformer-v2-500m-multi-species__20260520T222248Z,2,2,0.00311748287640512,0.0019738671835511923,0.9949086308479309
gue_splice_reconstructed_lora__InstaDeepAI_nucleotide-transformer-v2-500m-multi-species__20260520T222248Z,2,2,0.0038317993748933077,0.005854219198226929,0.9903139472007751
gue_splice_reconstructed_lora__InstaDeepAI_nucleotide-transformer-v2-500m-multi-species__20260520T222248Z,0,0,0.9992050528526306,4.698702832683921e-05,0.0007480349158868194
gue_splice_reconstructed_lora__InstaDeepAI_nucleotide-transformer-v2-500m-multi-species__20260520T222248Z,2,2,0.0014916524523869157,0.040622737258672714,0.9578855633735657
gue_splice_reconstructed_lora__InstaDeepAI_nucleotide-transformer-v2-500m-multi-species__20260520T222248Z,2,2,0.009132283739745617,0.003137594321742654,0.987730085849762
gue_splice_reconstructed_lora__InstaDeepAI_nucleotide-transformer-v2-500m-multi-species__20260520T222248Z,2,2,0.004173277411609888,0.00026111805345863104,0.9955655932426453
gue_splice_reconstructed_lora__InstaDeepAI_nucleotide-transformer-v2-500m-multi-species__20260520T222248Z,2,2,0.0016154658515006304,0.0007324264734052122,0.9976521134376526
gue_splice_reconstructed_lora__InstaDeepAI_nucleotide-transformer-v2-500m-multi-species__20260520T222248Z,0,0,0.9974108338356018,5.4408028518082574e-05,0.0025346740148961544
gue_splice_reconstructed_lora__InstaDeepAI_nucleotide-transformer-v2-500m-multi-species__20260520T222248Z,2,2,0.0024453592486679554,0.0013451905688270926,0.9962095022201538
gue_splice_reconstructed_lora__InstaDeepAI_nucleotide-transformer-v2-500m-multi-species__20260520T222248Z,2,2,0.0015736011555418372,0.011324850842356682,0.9871015548706055
gue_splice_reconstructed_lora__InstaDeepAI_nucleotide-transformer-v2-500m-multi-species__20260520T222248Z,0,0,0.998354434967041,2.9725004424108192e-05,0.0016158140497282147
gue_splice_reconstructed_lora__InstaDeepAI_nucleotide-transformer-v2-500m-multi-species__20260520T222248Z,0,0,0.9976171851158142,0.00018338033987674862,0.002199394628405571
gue_splice_reconstructed_lora__InstaDeepAI_nucleotide-transformer-v2-500m-multi-species__20260520T222248Z,0,0,0.9943147301673889,0.00011617778363870457,0.005569132976233959
gue_splice_reconstructed_lora__InstaDeepAI_nucleotide-transformer-v2-500m-multi-species__20260520T222248Z,2,2,0.0003875618567690253,0.013355324044823647,0.9862571358680725
gue_splice_reconstructed_lora__InstaDeepAI_nucleotide-transformer-v2-500m-multi-species__20260520T222248Z,0,0,0.9701787829399109,0.0004527381097432226,0.02936847135424614
gue_splice_reconstructed_lora__InstaDeepAI_nucleotide-transformer-v2-500m-multi-species__20260520T222248Z,1,1,0.00010537117486819625,0.9789226055145264,0.020972056314349174
gue_splice_reconstructed_lora__InstaDeepAI_nucleotide-transformer-v2-500m-multi-species__20260520T222248Z,2,2,0.0048626987263560295,0.0019399229204282165,0.9931974411010742
gue_splice_reconstructed_lora__InstaDeepAI_nucleotide-transformer-v2-500m-multi-species__20260520T222248Z,2,2,0.0010677332757040858,0.0013031138805672526,0.9976292252540588
gue_splice_reconstructed_lora__InstaDeepAI_nucleotide-transformer-v2-500m-multi-species__20260520T222248Z,2,2,0.00023624012828804553,0.2717670202255249,0.7279967665672302
gue_splice_reconstructed_lora__InstaDeepAI_nucleotide-transformer-v2-500m-multi-species__20260520T222248Z,2,2,0.001840384560637176,0.001014373847283423,0.9971452355384827
gue_splice_reconstructed_lora__InstaDeepAI_nucleotide-transformer-v2-500m-multi-species__20260520T222248Z,2,2,0.002604326233267784,0.002650510286912322,0.994745135307312
gue_splice_reconstructed_lora__InstaDeepAI_nucleotide-transformer-v2-500m-multi-species__20260520T222248Z,2,2,0.00094663689378649,0.002657502656802535,0.9963958859443665
gue_splice_reconstructed_lora__InstaDeepAI_nucleotide-transformer-v2-500m-multi-species__20260520T222248Z,2,2,0.0013628241140395403,0.0069548687897622585,0.9916822910308838
gue_splice_reconstructed_lora__InstaDeepAI_nucleotide-transformer-v2-500m-multi-species__20260520T222248Z,1,1,9.505822526989505e-05,0.9967967867851257,0.0031081854831427336
gue_splice_reconstructed_lora__InstaDeepAI_nucleotide-transformer-v2-500m-multi-species__20260520T222248Z,1,1,0.00013532979937735945,0.9906854033470154,0.009179196320474148
gue_splice_reconstructed_lora__InstaDeepAI_nucleotide-transformer-v2-500m-multi-species__20260520T222248Z,1,1,4.767486825585365e-05,0.9903470873832703,0.009605282917618752
gue_splice_reconstructed_lora__InstaDeepAI_nucleotide-transformer-v2-500m-multi-species__20260520T222248Z,2,2,0.0007349788793362677,0.0020392751321196556,0.9972257018089294
gue_splice_reconstructed_lora__InstaDeepAI_nucleotide-transformer-v2-500m-multi-species__20260520T222248Z,2,0,0.670293927192688,0.003349758218973875,0.32635632157325745
gue_splice_reconstructed_lora__InstaDeepAI_nucleotide-transformer-v2-500m-multi-species__20260520T222248Z,2,2,0.006361447274684906,0.12387216091156006,0.869766354560852
gue_splice_reconstructed_lora__InstaDeepAI_nucleotide-transformer-v2-500m-multi-species__20260520T222248Z,2,2,0.0032010215800255537,0.000841585744637996,0.9959573149681091
gue_splice_reconstructed_lora__InstaDeepAI_nucleotide-transformer-v2-500m-multi-species__20260520T222248Z,2,2,0.004483056720346212,0.0015814037760719657,0.9939355254173279
gue_splice_reconstructed_lora__InstaDeepAI_nucleotide-transformer-v2-500m-multi-species__20260520T222248Z,0,0,0.999381422996521,5.929173858021386e-05,0.0005592578090727329
gue_splice_reconstructed_lora__InstaDeepAI_nucleotide-transformer-v2-500m-multi-species__20260520T222248Z,2,2,0.016954390332102776,0.001507729641161859,0.9815378189086914
gue_splice_reconstructed_lora__InstaDeepAI_nucleotide-transformer-v2-500m-multi-species__20260520T222248Z,2,2,0.00039102835580706596,0.0025849256198853254,0.9970239996910095
gue_splice_reconstructed_lora__InstaDeepAI_nucleotide-transformer-v2-500m-multi-species__20260520T222248Z,2,2,0.0005939836846664548,0.004224963951855898,0.9951810240745544
gue_splice_reconstructed_lora__InstaDeepAI_nucleotide-transformer-v2-500m-multi-species__20260520T222248Z,2,2,0.0027770220767706633,0.0007802412728779018,0.9964427351951599
gue_splice_reconstructed_lora__InstaDeepAI_nucleotide-transformer-v2-500m-multi-species__20260520T222248Z,2,2,0.0004806381184607744,0.0012418202823027968,0.9982775449752808
gue_splice_reconstructed_lora__InstaDeepAI_nucleotide-transformer-v2-500m-multi-species__20260520T222248Z,1,1,0.00011053513298975304,0.995302677154541,0.004586714785546064
gue_splice_reconstructed_lora__InstaDeepAI_nucleotide-transformer-v2-500m-multi-species__20260520T222248Z,2,2,0.007611334789544344,0.0022920421324670315,0.9900966882705688
gue_splice_reconstructed_lora__InstaDeepAI_nucleotide-transformer-v2-500m-multi-species__20260520T222248Z,2,2,0.005612440872937441,0.0013514223974198103,0.9930360913276672
gue_splice_reconstructed_lora__InstaDeepAI_nucleotide-transformer-v2-500m-multi-species__20260520T222248Z,2,2,0.0018700084183365107,0.0064698560163378716,0.9916601777076721
gue_splice_reconstructed_lora__InstaDeepAI_nucleotide-transformer-v2-500m-multi-species__20260520T222248Z,0,0,0.9946251511573792,8.875701314536855e-05,0.0052859969437122345
gue_splice_reconstructed_lora__InstaDeepAI_nucleotide-transformer-v2-500m-multi-species__20260520T222248Z,2,2,0.0009774930076673627,0.0056913914158940315,0.9933311343193054
gue_splice_reconstructed_lora__InstaDeepAI_nucleotide-transformer-v2-500m-multi-species__20260520T222248Z,2,2,0.0049355728551745415,0.000671226647682488,0.9943932294845581
gue_splice_reconstructed_lora__InstaDeepAI_nucleotide-transformer-v2-500m-multi-species__20260520T222248Z,2,2,0.015766441822052002,0.004980548284947872,0.9792529940605164
gue_splice_reconstructed_lora__InstaDeepAI_nucleotide-transformer-v2-500m-multi-species__20260520T222248Z,1,1,9.580882033333182e-05,0.9987980127334595,0.00110615324229002
gue_splice_reconstructed_lora__InstaDeepAI_nucleotide-transformer-v2-500m-multi-species__20260520T222248Z,1,1,0.0005569618660956621,0.8630257844924927,0.1364172399044037
gue_splice_reconstructed_lora__InstaDeepAI_nucleotide-transformer-v2-500m-multi-species__20260520T222248Z,2,2,0.01246867049485445,0.006647979374974966,0.9808834195137024
gue_splice_reconstructed_lora__InstaDeepAI_nucleotide-transformer-v2-500m-multi-species__20260520T222248Z,0,0,0.9982044696807861,8.335332677233964e-05,0.0017122257268056273
gue_splice_reconstructed_lora__InstaDeepAI_nucleotide-transformer-v2-500m-multi-species__20260520T222248Z,0,0,0.8415948748588562,0.0028016839642077684,0.15560340881347656
gue_splice_reconstructed_lora__InstaDeepAI_nucleotide-transformer-v2-500m-multi-species__20260520T222248Z,2,2,0.012834864668548107,0.005667694378644228,0.9814974069595337
gue_splice_reconstructed_lora__InstaDeepAI_nucleotide-transformer-v2-500m-multi-species__20260520T222248Z,2,2,0.007173744961619377,0.0014057132648304105,0.9914205074310303
gue_splice_reconstructed_lora__InstaDeepAI_nucleotide-transformer-v2-500m-multi-species__20260520T222248Z,2,2,0.001185173518024385,0.0003517077711876482,0.9984631538391113
gue_splice_reconstructed_lora__InstaDeepAI_nucleotide-transformer-v2-500m-multi-species__20260520T222248Z,2,2,0.008961448445916176,0.0002528549521230161,0.9907857179641724
gue_splice_reconstructed_lora__InstaDeepAI_nucleotide-transformer-v2-500m-multi-species__20260520T222248Z,1,1,7.383501360891387e-05,0.9980431795120239,0.001882964395917952
gue_splice_reconstructed_lora__InstaDeepAI_nucleotide-transformer-v2-500m-multi-species__20260520T222248Z,2,2,0.0015965650090947747,0.002747862134128809,0.9956555366516113
gue_splice_reconstructed_lora__InstaDeepAI_nucleotide-transformer-v2-500m-multi-species__20260520T222248Z,2,2,0.04412039741873741,0.0004915714380331337,0.955388069152832
gue_splice_reconstructed_lora__InstaDeepAI_nucleotide-transformer-v2-500m-multi-species__20260520T222248Z,0,0,0.9924960136413574,0.0003049316583201289,0.0071990820579230785
gue_splice_reconstructed_lora__InstaDeepAI_nucleotide-transformer-v2-500m-multi-species__20260520T222248Z,0,0,0.9988718628883362,7.564872794318944e-05,0.0010524889221414924
gue_splice_reconstructed_lora__InstaDeepAI_nucleotide-transformer-v2-500m-multi-species__20260520T222248Z,2,2,0.022955382242798805,0.013740791007876396,0.9633038640022278
gue_splice_reconstructed_lora__InstaDeepAI_nucleotide-transformer-v2-500m-multi-species__20260520T222248Z,0,0,0.9837659597396851,0.00015528111543972045,0.01607871614396572
gue_splice_reconstructed_lora__InstaDeepAI_nucleotide-transformer-v2-500m-multi-species__20260520T222248Z,0,0,0.9953559637069702,0.00024144386406987906,0.004402629099786282
gue_splice_reconstructed_lora__InstaDeepAI_nucleotide-transformer-v2-500m-multi-species__20260520T222248Z,2,2,0.0345098115503788,0.0008559059351682663,0.9646342396736145
gue_splice_reconstructed_lora__InstaDeepAI_nucleotide-transformer-v2-500m-multi-species__20260520T222248Z,0,0,0.9885683059692383,0.00010893286525970325,0.011322862468659878
gue_splice_reconstructed_lora__InstaDeepAI_nucleotide-transformer-v2-500m-multi-species__20260520T222248Z,2,2,0.015519855543971062,0.0015306829009205103,0.9829494953155518
gue_splice_reconstructed_lora__InstaDeepAI_nucleotide-transformer-v2-500m-multi-species__20260520T222248Z,2,2,0.0018331978935748339,0.01456783339381218,0.9835989475250244
gue_splice_reconstructed_lora__InstaDeepAI_nucleotide-transformer-v2-500m-multi-species__20260520T222248Z,2,2,0.022643674165010452,0.0017452401807531714,0.97561115026474
gue_splice_reconstructed_lora__InstaDeepAI_nucleotide-transformer-v2-500m-multi-species__20260520T222248Z,0,0,0.9737682342529297,9.106602374231443e-05,0.026140807196497917
gue_splice_reconstructed_lora__InstaDeepAI_nucleotide-transformer-v2-500m-multi-species__20260520T222248Z,2,2,0.0011972938664257526,0.0018799324752762914,0.9969227910041809
gue_splice_reconstructed_lora__InstaDeepAI_nucleotide-transformer-v2-500m-multi-species__20260520T222248Z,2,1,0.00039322604425251484,0.8360920548439026,0.16351468861103058
gue_splice_reconstructed_lora__InstaDeepAI_nucleotide-transformer-v2-500m-multi-species__20260520T222248Z,1,1,9.200714703183621e-05,0.9915478825569153,0.008360147476196289
gue_splice_reconstructed_lora__InstaDeepAI_nucleotide-transformer-v2-500m-multi-species__20260520T222248Z,2,2,0.0005284928483888507,0.0019809233490377665,0.997490644454956
gue_splice_reconstructed_lora__InstaDeepAI_nucleotide-transformer-v2-500m-multi-species__20260520T222248Z,2,2,0.004936779849231243,0.00042676195153035223,0.9946364760398865
gue_splice_reconstructed_lora__InstaDeepAI_nucleotide-transformer-v2-500m-multi-species__20260520T222248Z,2,2,0.0021698835771530867,0.0010239799739792943,0.9968061447143555
gue_splice_reconstructed_lora__InstaDeepAI_nucleotide-transformer-v2-500m-multi-species__20260520T222248Z,1,1,8.769414125708863e-05,0.9981899857521057,0.0017222625901922584
gue_splice_reconstructed_lora__InstaDeepAI_nucleotide-transformer-v2-500m-multi-species__20260520T222248Z,2,1,0.00029984189313836396,0.7780791521072388,0.22162102162837982
gue_splice_reconstructed_lora__InstaDeepAI_nucleotide-transformer-v2-500m-multi-species__20260520T222248Z,2,2,0.0012101277243345976,0.002920004539191723,0.9958698153495789
gue_splice_reconstructed_lora__InstaDeepAI_nucleotide-transformer-v2-500m-multi-species__20260520T222248Z,1,1,0.0001699659915175289,0.9939343333244324,0.005895738024264574
gue_splice_reconstructed_lora__InstaDeepAI_nucleotide-transformer-v2-500m-multi-species__20260520T222248Z,2,2,0.0013527669943869114,0.0007326191989704967,0.9979146122932434
gue_splice_reconstructed_lora__InstaDeepAI_nucleotide-transformer-v2-500m-multi-species__20260520T222248Z,2,2,0.0033489717170596123,0.0014056350337341428,0.9952453970909119
gue_splice_reconstructed_lora__InstaDeepAI_nucleotide-transformer-v2-500m-multi-species__20260520T222248Z,1,1,4.638709287974052e-05,0.9980751276016235,0.0018784329295158386
gue_splice_reconstructed_lora__InstaDeepAI_nucleotide-transformer-v2-500m-multi-species__20260520T222248Z,2,2,0.03549448400735855,0.0021093490067869425,0.9623962044715881
gue_splice_reconstructed_lora__InstaDeepAI_nucleotide-transformer-v2-500m-multi-species__20260520T222248Z,0,0,0.9929552674293518,0.0003477241552900523,0.006697016302496195
gue_splice_reconstructed_lora__InstaDeepAI_nucleotide-transformer-v2-500m-multi-species__20260520T222248Z,1,1,7.993344479473308e-05,0.9953818917274475,0.004538068547844887
gue_splice_reconstructed_lora__InstaDeepAI_nucleotide-transformer-v2-500m-multi-species__20260520T222248Z,1,1,0.00014660472515970469,0.9126138687133789,0.08723945170640945
gue_splice_reconstructed_lora__InstaDeepAI_nucleotide-transformer-v2-500m-multi-species__20260520T222248Z,2,2,0.004971384536474943,0.006055482663214207,0.9889732003211975
gue_splice_reconstructed_lora__InstaDeepAI_nucleotide-transformer-v2-500m-multi-species__20260520T222248Z,0,0,0.9992578625679016,4.626100781024434e-05,0.0006959214806556702
gue_splice_reconstructed_lora__InstaDeepAI_nucleotide-transformer-v2-500m-multi-species__20260520T222248Z,2,2,0.0018088670913130045,0.0007423575152643025,0.997448742389679
gue_splice_reconstructed_lora__InstaDeepAI_nucleotide-transformer-v2-500m-multi-species__20260520T222248Z,0,2,0.012025105766952038,0.00045191857498139143,0.9875230193138123
gue_splice_reconstructed_lora__InstaDeepAI_nucleotide-transformer-v2-500m-multi-species__20260520T222248Z,2,2,0.001379024120979011,0.001012864406220615,0.9976080656051636
gue_splice_reconstructed_lora__InstaDeepAI_nucleotide-transformer-v2-500m-multi-species__20260520T222248Z,2,1,9.33463015826419e-05,0.9942597150802612,0.005646862089633942
gue_splice_reconstructed_lora__InstaDeepAI_nucleotide-transformer-v2-500m-multi-species__20260520T222248Z,2,2,0.0009139042813330889,0.0007756204577162862,0.9983104467391968
gue_splice_reconstructed_lora__InstaDeepAI_nucleotide-transformer-v2-500m-multi-species__20260520T222248Z,0,0,0.9953558444976807,6.626541289733723e-05,0.0045780097134411335
gue_splice_reconstructed_lora__InstaDeepAI_nucleotide-transformer-v2-500m-multi-species__20260520T222248Z,2,2,0.0047770473174750805,0.004154426045715809,0.9910684823989868
gue_splice_reconstructed_lora__InstaDeepAI_nucleotide-transformer-v2-500m-multi-species__20260520T222248Z,1,1,2.4927276172093116e-05,0.9981101751327515,0.0018647908000275493
gue_splice_reconstructed_lora__InstaDeepAI_nucleotide-transformer-v2-500m-multi-species__20260520T222248Z,2,2,0.003777013625949621,0.004695981740951538,0.9915270209312439
gue_splice_reconstructed_lora__InstaDeepAI_nucleotide-transformer-v2-500m-multi-species__20260520T222248Z,1,1,8.96168130566366e-05,0.9983931183815002,0.001517234486527741
gue_splice_reconstructed_lora__InstaDeepAI_nucleotide-transformer-v2-500m-multi-species__20260520T222248Z,2,2,0.013261585496366024,0.003810655325651169,0.9829277396202087
gue_splice_reconstructed_lora__InstaDeepAI_nucleotide-transformer-v2-500m-multi-species__20260520T222248Z,0,0,0.9958296418190002,9.459577267989516e-05,0.0040756938979029655
gue_splice_reconstructed_lora__InstaDeepAI_nucleotide-transformer-v2-500m-multi-species__20260520T222248Z,0,0,0.9977744221687317,0.00022471773263532668,0.002000932116061449
gue_splice_reconstructed_lora__InstaDeepAI_nucleotide-transformer-v2-500m-multi-species__20260520T222248Z,2,2,0.0017183363670483232,0.0013942717341706157,0.9968873858451843
gue_splice_reconstructed_lora__InstaDeepAI_nucleotide-transformer-v2-500m-multi-species__20260520T222248Z,2,2,0.006287561729550362,0.0032779108732938766,0.9904345273971558
gue_splice_reconstructed_lora__InstaDeepAI_nucleotide-transformer-v2-500m-multi-species__20260520T222248Z,1,1,7.455209561157972e-05,0.9959956407546997,0.003929792903363705
gue_splice_reconstructed_lora__InstaDeepAI_nucleotide-transformer-v2-500m-multi-species__20260520T222248Z,0,0,0.9992256164550781,5.779622370027937e-05,0.0007165882852859795
gue_splice_reconstructed_lora__InstaDeepAI_nucleotide-transformer-v2-500m-multi-species__20260520T222248Z,2,2,0.0012460919097065926,0.010644377209246159,0.9881095290184021
gue_splice_reconstructed_lora__InstaDeepAI_nucleotide-transformer-v2-500m-multi-species__20260520T222248Z,0,0,0.9976442456245422,7.644638390047476e-05,0.0022792667150497437
gue_splice_reconstructed_lora__InstaDeepAI_nucleotide-transformer-v2-500m-multi-species__20260520T222248Z,2,2,0.0014924949500709772,0.0019014879362657666,0.9966059923171997
gue_splice_reconstructed_lora__InstaDeepAI_nucleotide-transformer-v2-500m-multi-species__20260520T222248Z,2,2,0.011060087941586971,0.0030177603475749493,0.98592209815979
gue_splice_reconstructed_lora__InstaDeepAI_nucleotide-transformer-v2-500m-multi-species__20260520T222248Z,2,2,0.005788888782262802,0.0004984718398191035,0.9937126040458679
gue_splice_reconstructed_lora__InstaDeepAI_nucleotide-transformer-v2-500m-multi-species__20260520T222248Z,0,0,0.9958932399749756,0.00022124838142190129,0.0038855066522955894
gue_splice_reconstructed_lora__InstaDeepAI_nucleotide-transformer-v2-500m-multi-species__20260520T222248Z,2,2,0.002164648612961173,0.002462468110024929,0.9953728318214417
gue_splice_reconstructed_lora__InstaDeepAI_nucleotide-transformer-v2-500m-multi-species__20260520T222248Z,2,2,0.001498959376476705,0.0005065208533778787,0.9979945421218872
gue_splice_reconstructed_lora__InstaDeepAI_nucleotide-transformer-v2-500m-multi-species__20260520T222248Z,1,1,4.880579945165664e-05,0.9981215596199036,0.0018296363996341825
gue_splice_reconstructed_lora__InstaDeepAI_nucleotide-transformer-v2-500m-multi-species__20260520T222248Z,0,0,0.9984527826309204,0.0001506763364886865,0.0013964611571282148
gue_splice_reconstructed_lora__InstaDeepAI_nucleotide-transformer-v2-500m-multi-species__20260520T222248Z,2,2,0.0017682388424873352,0.002011519158259034,0.9962202906608582
gue_splice_reconstructed_lora__InstaDeepAI_nucleotide-transformer-v2-500m-multi-species__20260520T222248Z,1,2,0.00038406619569286704,0.4492200016975403,0.5503959059715271
gue_splice_reconstructed_lora__InstaDeepAI_nucleotide-transformer-v2-500m-multi-species__20260520T222248Z,2,2,0.0007905309903435409,0.003334766486659646,0.9958747029304504
gue_splice_reconstructed_lora__InstaDeepAI_nucleotide-transformer-v2-500m-multi-species__20260520T222248Z,0,0,0.9927492141723633,2.5983250452554785e-05,0.007224691100418568
gue_splice_reconstructed_lora__InstaDeepAI_nucleotide-transformer-v2-500m-multi-species__20260520T222248Z,0,0,0.9964738488197327,6.480308366008103e-05,0.0034612338058650494
gue_splice_reconstructed_lora__InstaDeepAI_nucleotide-transformer-v2-500m-multi-species__20260520T222248Z,2,2,0.001540935947559774,0.10797520726919174,0.8904838562011719
gue_splice_reconstructed_lora__InstaDeepAI_nucleotide-transformer-v2-500m-multi-species__20260520T222248Z,1,1,0.00014464346168097109,0.9947127103805542,0.005142613314092159
gue_splice_reconstructed_lora__InstaDeepAI_nucleotide-transformer-v2-500m-multi-species__20260520T222248Z,2,2,0.017870794981718063,0.0011621336452662945,0.9809670448303223
gue_splice_reconstructed_lora__InstaDeepAI_nucleotide-transformer-v2-500m-multi-species__20260520T222248Z,2,2,0.14439421892166138,0.004553991835564375,0.8510517477989197
gue_splice_reconstructed_lora__InstaDeepAI_nucleotide-transformer-v2-500m-multi-species__20260520T222248Z,2,2,0.007603411562740803,0.001396907726302743,0.9909996390342712
gue_splice_reconstructed_lora__InstaDeepAI_nucleotide-transformer-v2-500m-multi-species__20260520T222248Z,2,2,0.014520990662276745,0.001685858704149723,0.9837930798530579
gue_splice_reconstructed_lora__InstaDeepAI_nucleotide-transformer-v2-500m-multi-species__20260520T222248Z,2,2,0.0006095957360230386,0.09806271642446518,0.9013276696205139
gue_splice_reconstructed_lora__InstaDeepAI_nucleotide-transformer-v2-500m-multi-species__20260520T222248Z,1,1,5.017106013838202e-05,0.9983667731285095,0.001583034172654152
gue_splice_reconstructed_lora__InstaDeepAI_nucleotide-transformer-v2-500m-multi-species__20260520T222248Z,1,1,0.00016170836170203984,0.9813966751098633,0.018441645428538322
gue_splice_reconstructed_lora__InstaDeepAI_nucleotide-transformer-v2-500m-multi-species__20260520T222248Z,2,2,0.01117559615522623,0.0013230551267042756,0.9875013828277588
gue_splice_reconstructed_lora__InstaDeepAI_nucleotide-transformer-v2-500m-multi-species__20260520T222248Z,2,2,0.0018210670677945018,0.0018175137229263783,0.9963614344596863
gue_splice_reconstructed_lora__InstaDeepAI_nucleotide-transformer-v2-500m-multi-species__20260520T222248Z,0,0,0.9893815517425537,0.0005963172880001366,0.010022123344242573
gue_splice_reconstructed_lora__InstaDeepAI_nucleotide-transformer-v2-500m-multi-species__20260520T222248Z,2,2,0.002038915641605854,0.003827841253951192,0.9941332936286926
gue_splice_reconstructed_lora__InstaDeepAI_nucleotide-transformer-v2-500m-multi-species__20260520T222248Z,1,1,4.9938156735152006e-05,0.9976213574409485,0.0023287117946892977
gue_splice_reconstructed_lora__InstaDeepAI_nucleotide-transformer-v2-500m-multi-species__20260520T222248Z,0,0,0.9782629609107971,0.00024009478511288762,0.02149687334895134
gue_splice_reconstructed_lora__InstaDeepAI_nucleotide-transformer-v2-500m-multi-species__20260520T222248Z,2,2,0.00278280396014452,0.006470214109867811,0.9907469749450684
gue_splice_reconstructed_lora__InstaDeepAI_nucleotide-transformer-v2-500m-multi-species__20260520T222248Z,1,1,7.82163260737434e-05,0.9990465044975281,0.0008752570138312876
gue_splice_reconstructed_lora__InstaDeepAI_nucleotide-transformer-v2-500m-multi-species__20260520T222248Z,2,0,0.8476670384407043,0.0005029825842939317,0.15182997286319733
gue_splice_reconstructed_lora__InstaDeepAI_nucleotide-transformer-v2-500m-multi-species__20260520T222248Z,2,2,0.002259597647935152,0.001434885780327022,0.9963055849075317
gue_splice_reconstructed_lora__InstaDeepAI_nucleotide-transformer-v2-500m-multi-species__20260520T222248Z,2,2,0.09504204988479614,0.0010198458330705762,0.9039381146430969
gue_splice_reconstructed_lora__InstaDeepAI_nucleotide-transformer-v2-500m-multi-species__20260520T222248Z,2,2,0.002450867323204875,0.001043860916979611,0.9965052604675293
gue_splice_reconstructed_lora__InstaDeepAI_nucleotide-transformer-v2-500m-multi-species__20260520T222248Z,2,2,0.005624503828585148,0.010799247771501541,0.983576238155365
gue_splice_reconstructed_lora__InstaDeepAI_nucleotide-transformer-v2-500m-multi-species__20260520T222248Z,1,1,4.1581475670682266e-05,0.9941923022270203,0.005766110494732857
gue_splice_reconstructed_lora__InstaDeepAI_nucleotide-transformer-v2-500m-multi-species__20260520T222248Z,1,1,0.00019893556600436568,0.9853907823562622,0.014410261996090412
gue_splice_reconstructed_lora__InstaDeepAI_nucleotide-transformer-v2-500m-multi-species__20260520T222248Z,2,2,0.00893433764576912,0.001829356886446476,0.9892362952232361
gue_splice_reconstructed_lora__InstaDeepAI_nucleotide-transformer-v2-500m-multi-species__20260520T222248Z,2,2,0.08554831147193909,0.0027688087429851294,0.9116829037666321
gue_splice_reconstructed_lora__InstaDeepAI_nucleotide-transformer-v2-500m-multi-species__20260520T222248Z,2,2,0.0016004156786948442,0.0003427505725994706,0.9980568289756775
gue_splice_reconstructed_lora__InstaDeepAI_nucleotide-transformer-v2-500m-multi-species__20260520T222248Z,0,0,0.6929522156715393,0.0004515918844845146,0.30659615993499756
gue_splice_reconstructed_lora__InstaDeepAI_nucleotide-transformer-v2-500m-multi-species__20260520T222248Z,2,2,0.000664038467220962,0.009810526855289936,0.9895254373550415
gue_splice_reconstructed_lora__InstaDeepAI_nucleotide-transformer-v2-500m-multi-species__20260520T222248Z,2,1,4.621262996806763e-05,0.9982129335403442,0.0017409032443538308
gue_splice_reconstructed_lora__InstaDeepAI_nucleotide-transformer-v2-500m-multi-species__20260520T222248Z,1,1,5.0977432692889124e-05,0.998685896396637,0.001263124868273735
gue_splice_reconstructed_lora__InstaDeepAI_nucleotide-transformer-v2-500m-multi-species__20260520T222248Z,1,1,3.214739263057709e-05,0.9985718727111816,0.0013959459029138088
gue_splice_reconstructed_lora__InstaDeepAI_nucleotide-transformer-v2-500m-multi-species__20260520T222248Z,2,2,0.004241755697876215,0.0005171021330170333,0.9952411651611328
gue_splice_reconstructed_lora__InstaDeepAI_nucleotide-transformer-v2-500m-multi-species__20260520T222248Z,0,0,0.9795817136764526,0.0006795585504733026,0.01973877102136612
gue_splice_reconstructed_lora__InstaDeepAI_nucleotide-transformer-v2-500m-multi-species__20260520T222248Z,1,1,0.002832061145454645,0.7094160914421082,0.28775185346603394
gue_splice_reconstructed_lora__InstaDeepAI_nucleotide-transformer-v2-500m-multi-species__20260520T222248Z,0,0,0.9983041286468506,7.299389108084142e-05,0.001622848561964929
gue_splice_reconstructed_lora__InstaDeepAI_nucleotide-transformer-v2-500m-multi-species__20260520T222248Z,0,0,0.998149037361145,5.8414498198544607e-05,0.0017925460124388337
gue_splice_reconstructed_lora__InstaDeepAI_nucleotide-transformer-v2-500m-multi-species__20260520T222248Z,0,0,0.9957008957862854,0.00028907062369398773,0.004010029137134552
gue_splice_reconstructed_lora__InstaDeepAI_nucleotide-transformer-v2-500m-multi-species__20260520T222248Z,1,1,3.224165993742645e-05,0.997595489025116,0.0023722623009234667
gue_splice_reconstructed_lora__InstaDeepAI_nucleotide-transformer-v2-500m-multi-species__20260520T222248Z,2,2,0.0036358933430165052,0.0009494061232544482,0.9954147338867188
gue_splice_reconstructed_lora__InstaDeepAI_nucleotide-transformer-v2-500m-multi-species__20260520T222248Z,2,2,0.0009591119014658034,0.00322252931073308,0.9958184361457825
gue_splice_reconstructed_lora__InstaDeepAI_nucleotide-transformer-v2-500m-multi-species__20260520T222248Z,2,2,0.021133247762918472,0.0003206613764632493,0.9785460829734802
gue_splice_reconstructed_lora__InstaDeepAI_nucleotide-transformer-v2-500m-multi-species__20260520T222248Z,1,1,0.00013805401977151632,0.9949595928192139,0.004902345594018698
gue_splice_reconstructed_lora__InstaDeepAI_nucleotide-transformer-v2-500m-multi-species__20260520T222248Z,2,2,0.0005091509083285928,0.0021752368193119764,0.9973155856132507
gue_splice_reconstructed_lora__InstaDeepAI_nucleotide-transformer-v2-500m-multi-species__20260520T222248Z,2,2,0.0004607713199220598,0.004401663783937693,0.995137631893158
gue_splice_reconstructed_lora__InstaDeepAI_nucleotide-transformer-v2-500m-multi-species__20260520T222248Z,2,2,0.002813150407746434,0.003429955570027232,0.993756890296936
gue_splice_reconstructed_lora__InstaDeepAI_nucleotide-transformer-v2-500m-multi-species__20260520T222248Z,1,1,0.000122587924124673,0.9972280859947205,0.0026493531186133623
gue_splice_reconstructed_lora__InstaDeepAI_nucleotide-transformer-v2-500m-multi-species__20260520T222248Z,2,2,0.003721088171005249,0.0001667178003117442,0.9961121678352356
gue_splice_reconstructed_lora__InstaDeepAI_nucleotide-transformer-v2-500m-multi-species__20260520T222248Z,0,0,0.9968385696411133,5.6102922826539725e-05,0.0031052816193550825
gue_splice_reconstructed_lora__InstaDeepAI_nucleotide-transformer-v2-500m-multi-species__20260520T222248Z,2,2,0.0010040287161245942,0.0023344364017248154,0.9966615438461304
gue_splice_reconstructed_lora__InstaDeepAI_nucleotide-transformer-v2-500m-multi-species__20260520T222248Z,0,0,0.9965927004814148,0.000216697808355093,0.00319057609885931
gue_splice_reconstructed_lora__InstaDeepAI_nucleotide-transformer-v2-500m-multi-species__20260520T222248Z,2,2,0.014880414120852947,0.004168619867414236,0.9809509515762329
gue_splice_reconstructed_lora__InstaDeepAI_nucleotide-transformer-v2-500m-multi-species__20260520T222248Z,2,2,0.023286759853363037,0.0014101354172453284,0.975303053855896
gue_splice_reconstructed_lora__InstaDeepAI_nucleotide-transformer-v2-500m-multi-species__20260520T222248Z,1,1,7.516222103731707e-05,0.9963323473930359,0.003592458087950945
gue_splice_reconstructed_lora__InstaDeepAI_nucleotide-transformer-v2-500m-multi-species__20260520T222248Z,1,1,5.792022420791909e-05,0.9994156360626221,0.0005264192586764693
gue_splice_reconstructed_lora__InstaDeepAI_nucleotide-transformer-v2-500m-multi-species__20260520T222248Z,2,2,0.000980206299573183,0.0009840427665039897,0.998035728931427
gue_splice_reconstructed_lora__InstaDeepAI_nucleotide-transformer-v2-500m-multi-species__20260520T222248Z,0,0,0.9772311449050903,8.754614100325853e-05,0.022681275382637978
gue_splice_reconstructed_lora__InstaDeepAI_nucleotide-transformer-v2-500m-multi-species__20260520T222248Z,1,1,9.934538684319705e-05,0.9940472841262817,0.0058533791452646255
gue_splice_reconstructed_lora__InstaDeepAI_nucleotide-transformer-v2-500m-multi-species__20260520T222248Z,2,2,0.007416616193950176,0.0020395051687955856,0.9905439019203186
gue_splice_reconstructed_lora__InstaDeepAI_nucleotide-transformer-v2-500m-multi-species__20260520T222248Z,1,1,6.90522720105946e-05,0.9974812865257263,0.002449676627293229
gue_splice_reconstructed_lora__InstaDeepAI_nucleotide-transformer-v2-500m-multi-species__20260520T222248Z,0,0,0.9860084652900696,4.9938647862290964e-05,0.01394158136099577
gue_splice_reconstructed_lora__InstaDeepAI_nucleotide-transformer-v2-500m-multi-species__20260520T222248Z,2,2,0.0007785834604874253,0.008772273547947407,0.9904491305351257
gue_splice_reconstructed_lora__InstaDeepAI_nucleotide-transformer-v2-500m-multi-species__20260520T222248Z,2,2,0.05215541645884514,0.0030603669583797455,0.9447842240333557
gue_splice_reconstructed_lora__InstaDeepAI_nucleotide-transformer-v2-500m-multi-species__20260520T222248Z,0,0,0.9994239807128906,5.47312265553046e-05,0.0005213077529333532
gue_splice_reconstructed_lora__InstaDeepAI_nucleotide-transformer-v2-500m-multi-species__20260520T222248Z,2,2,0.00044879858614876866,0.0014544099103659391,0.998096764087677
gue_splice_reconstructed_lora__InstaDeepAI_nucleotide-transformer-v2-500m-multi-species__20260520T222248Z,1,1,3.629320417530835e-05,0.9987769722938538,0.0011867043795064092
gue_splice_reconstructed_lora__InstaDeepAI_nucleotide-transformer-v2-500m-multi-species__20260520T222248Z,2,2,0.003321119351312518,0.004879620857536793,0.9917992353439331
gue_splice_reconstructed_lora__InstaDeepAI_nucleotide-transformer-v2-500m-multi-species__20260520T222248Z,2,2,0.0006906638736836612,0.011466942727565765,0.987842321395874
gue_splice_reconstructed_lora__InstaDeepAI_nucleotide-transformer-v2-500m-multi-species__20260520T222248Z,2,2,0.0047078561037778854,0.002228181343525648,0.9930639863014221
gue_splice_reconstructed_lora__InstaDeepAI_nucleotide-transformer-v2-500m-multi-species__20260520T222248Z,0,2,0.010742471553385258,0.00989642832428217,0.9793611168861389
gue_splice_reconstructed_lora__InstaDeepAI_nucleotide-transformer-v2-500m-multi-species__20260520T222248Z,0,0,0.996491014957428,0.0001867861283244565,0.0033221987541764975
gue_splice_reconstructed_lora__InstaDeepAI_nucleotide-transformer-v2-500m-multi-species__20260520T222248Z,1,1,8.030323078855872e-05,0.9960881471633911,0.0038316247519105673
gue_splice_reconstructed_lora__InstaDeepAI_nucleotide-transformer-v2-500m-multi-species__20260520T222248Z,2,2,0.000909241905901581,0.019359933212399483,0.9797307848930359
gue_splice_reconstructed_lora__InstaDeepAI_nucleotide-transformer-v2-500m-multi-species__20260520T222248Z,1,1,0.0002842984104063362,0.6009544730186462,0.3987612724304199
gue_splice_reconstructed_lora__InstaDeepAI_nucleotide-transformer-v2-500m-multi-species__20260520T222248Z,2,2,0.005027219653129578,0.0017054217169061303,0.9932674169540405
gue_splice_reconstructed_lora__InstaDeepAI_nucleotide-transformer-v2-500m-multi-species__20260520T222248Z,1,1,0.0018713612807914615,0.6727890968322754,0.32533955574035645
gue_splice_reconstructed_lora__InstaDeepAI_nucleotide-transformer-v2-500m-multi-species__20260520T222248Z,2,2,0.002437128219753504,0.020099274814128876,0.9774635434150696
gue_splice_reconstructed_lora__InstaDeepAI_nucleotide-transformer-v2-500m-multi-species__20260520T222248Z,2,2,0.001204669359140098,0.003537264419719577,0.9952580332756042
gue_splice_reconstructed_lora__InstaDeepAI_nucleotide-transformer-v2-500m-multi-species__20260520T222248Z,0,0,0.9969488978385925,0.00020403960661496967,0.002847100142389536
gue_splice_reconstructed_lora__InstaDeepAI_nucleotide-transformer-v2-500m-multi-species__20260520T222248Z,2,2,0.00250265933573246,0.0005892320768907666,0.9969081282615662
gue_splice_reconstructed_lora__InstaDeepAI_nucleotide-transformer-v2-500m-multi-species__20260520T222248Z,0,0,0.9892550706863403,0.00032991927582770586,0.010414940305054188
gue_splice_reconstructed_lora__InstaDeepAI_nucleotide-transformer-v2-500m-multi-species__20260520T222248Z,1,1,5.4675907449563965e-05,0.990644097328186,0.009301191195845604
gue_splice_reconstructed_lora__InstaDeepAI_nucleotide-transformer-v2-500m-multi-species__20260520T222248Z,1,2,0.002178314607590437,0.2875405550003052,0.7102810740470886
gue_splice_reconstructed_lora__InstaDeepAI_nucleotide-transformer-v2-500m-multi-species__20260520T222248Z,0,0,0.9991531372070312,6.447167106671259e-05,0.0007823635824024677
gue_splice_reconstructed_lora__InstaDeepAI_nucleotide-transformer-v2-500m-multi-species__20260520T222248Z,1,1,5.756807513535023e-05,0.9991766810417175,0.0007657522801309824
gue_splice_reconstructed_lora__InstaDeepAI_nucleotide-transformer-v2-500m-multi-species__20260520T222248Z,1,1,8.89362272573635e-05,0.9966334700584412,0.003277555573731661
gue_splice_reconstructed_lora__InstaDeepAI_nucleotide-transformer-v2-500m-multi-species__20260520T222248Z,1,1,0.0004880937049165368,0.9248458743095398,0.07466605305671692
gue_splice_reconstructed_lora__InstaDeepAI_nucleotide-transformer-v2-500m-multi-species__20260520T222248Z,0,0,0.9935374855995178,9.327849693363532e-05,0.006369156762957573
gue_splice_reconstructed_lora__InstaDeepAI_nucleotide-transformer-v2-500m-multi-species__20260520T222248Z,0,0,0.9961830973625183,0.00027976554702036083,0.0035370963159948587
gue_splice_reconstructed_lora__InstaDeepAI_nucleotide-transformer-v2-500m-multi-species__20260520T222248Z,0,0,0.999165415763855,0.00014757893222849816,0.0006870788638480008
gue_splice_reconstructed_lora__InstaDeepAI_nucleotide-transformer-v2-500m-multi-species__20260520T222248Z,0,0,0.9990537762641907,0.0001094451145036146,0.0008368149283342063
gue_splice_reconstructed_lora__InstaDeepAI_nucleotide-transformer-v2-500m-multi-species__20260520T222248Z,1,1,0.00017344040679745376,0.9965794682502747,0.0032471134327352047
gue_splice_reconstructed_lora__InstaDeepAI_nucleotide-transformer-v2-500m-multi-species__20260520T222248Z,1,1,0.00034664018312469125,0.9783275723457336,0.02132578380405903
gue_splice_reconstructed_lora__InstaDeepAI_nucleotide-transformer-v2-500m-multi-species__20260520T222248Z,2,2,0.020236704498529434,0.002320936182513833,0.9774423837661743
gue_splice_reconstructed_lora__InstaDeepAI_nucleotide-transformer-v2-500m-multi-species__20260520T222248Z,0,0,0.9802843928337097,0.00026423740200698376,0.019451435655355453
gue_splice_reconstructed_lora__InstaDeepAI_nucleotide-transformer-v2-500m-multi-species__20260520T222248Z,2,1,0.00010638171079335734,0.9960620999336243,0.003831524634733796
gue_splice_reconstructed_lora__InstaDeepAI_nucleotide-transformer-v2-500m-multi-species__20260520T222248Z,0,0,0.9978601336479187,8.332457218784839e-05,0.002056576544418931
gue_splice_reconstructed_lora__InstaDeepAI_nucleotide-transformer-v2-500m-multi-species__20260520T222248Z,2,2,0.05683467164635658,0.000702805002219975,0.9424625039100647
gue_splice_reconstructed_lora__InstaDeepAI_nucleotide-transformer-v2-500m-multi-species__20260520T222248Z,2,2,0.0034314757212996483,0.00042740756180137396,0.9961411356925964
gue_splice_reconstructed_lora__InstaDeepAI_nucleotide-transformer-v2-500m-multi-species__20260520T222248Z,2,1,0.0002979548880830407,0.8508349657058716,0.14886711537837982
gue_splice_reconstructed_lora__InstaDeepAI_nucleotide-transformer-v2-500m-multi-species__20260520T222248Z,2,2,0.0006812454084865749,0.0018409981857985258,0.9974777102470398
gue_splice_reconstructed_lora__InstaDeepAI_nucleotide-transformer-v2-500m-multi-species__20260520T222248Z,2,2,0.0041631367057561874,0.006562337279319763,0.9892745614051819
gue_splice_reconstructed_lora__InstaDeepAI_nucleotide-transformer-v2-500m-multi-species__20260520T222248Z,0,0,0.981158971786499,0.0001249282795470208,0.018716096878051758
gue_splice_reconstructed_lora__InstaDeepAI_nucleotide-transformer-v2-500m-multi-species__20260520T222248Z,2,2,0.0014756438322365284,0.0015555494464933872,0.9969688057899475
gue_splice_reconstructed_lora__InstaDeepAI_nucleotide-transformer-v2-500m-multi-species__20260520T222248Z,2,2,0.002938496181741357,0.0007400717586278915,0.996321439743042
gue_splice_reconstructed_lora__InstaDeepAI_nucleotide-transformer-v2-500m-multi-species__20260520T222248Z,2,2,0.15025964379310608,0.0017803640803322196,0.8479599952697754
gue_splice_reconstructed_lora__InstaDeepAI_nucleotide-transformer-v2-500m-multi-species__20260520T222248Z,2,2,0.002506803721189499,0.0008825527038425207,0.9966105818748474
gue_splice_reconstructed_lora__InstaDeepAI_nucleotide-transformer-v2-500m-multi-species__20260520T222248Z,2,2,0.001824562787078321,0.19447149336338043,0.8037039637565613
gue_splice_reconstructed_lora__InstaDeepAI_nucleotide-transformer-v2-500m-multi-species__20260520T222248Z,0,0,0.9588862061500549,0.00037902043550275266,0.040734730660915375
gue_splice_reconstructed_lora__InstaDeepAI_nucleotide-transformer-v2-500m-multi-species__20260520T222248Z,0,0,0.9986600875854492,4.6961402404122055e-05,0.0012930457014590502
gue_splice_reconstructed_lora__InstaDeepAI_nucleotide-transformer-v2-500m-multi-species__20260520T222248Z,2,2,0.0022480108309537172,0.0007305353647097945,0.997021496295929
gue_splice_reconstructed_lora__InstaDeepAI_nucleotide-transformer-v2-500m-multi-species__20260520T222248Z,2,2,0.002103393664583564,0.0231047123670578,0.974791944026947
gue_splice_reconstructed_lora__InstaDeepAI_nucleotide-transformer-v2-500m-multi-species__20260520T222248Z,1,1,8.201565651688725e-05,0.9783559441566467,0.021561995148658752
gue_splice_reconstructed_lora__InstaDeepAI_nucleotide-transformer-v2-500m-multi-species__20260520T222248Z,0,2,0.011973592452704906,0.0018488052301108837,0.9861775636672974
gue_splice_reconstructed_lora__InstaDeepAI_nucleotide-transformer-v2-500m-multi-species__20260520T222248Z,2,2,0.001524209976196289,0.021592697128653526,0.976883053779602
gue_splice_reconstructed_lora__InstaDeepAI_nucleotide-transformer-v2-500m-multi-species__20260520T222248Z,1,1,5.596841583610512e-05,0.9983408451080322,0.0016032177954912186
gue_splice_reconstructed_lora__InstaDeepAI_nucleotide-transformer-v2-500m-multi-species__20260520T222248Z,2,2,0.036409951746463776,0.0051088533364236355,0.9584811925888062
gue_splice_reconstructed_lora__InstaDeepAI_nucleotide-transformer-v2-500m-multi-species__20260520T222248Z,2,2,0.01237243227660656,0.0013983526732772589,0.9862291812896729
gue_splice_reconstructed_lora__InstaDeepAI_nucleotide-transformer-v2-500m-multi-species__20260520T222248Z,2,2,0.0012175791198387742,0.0006870136712677777,0.9980954527854919
gue_splice_reconstructed_lora__InstaDeepAI_nucleotide-transformer-v2-500m-multi-species__20260520T222248Z,2,2,0.0035571071784943342,0.000476723798783496,0.9959661960601807
gue_splice_reconstructed_lora__InstaDeepAI_nucleotide-transformer-v2-500m-multi-species__20260520T222248Z,2,2,0.0014057820662856102,0.007125221658498049,0.9914690256118774
gue_splice_reconstructed_lora__InstaDeepAI_nucleotide-transformer-v2-500m-multi-species__20260520T222248Z,2,2,0.3902417719364166,0.0005994460661895573,0.6091587543487549
gue_splice_reconstructed_lora__InstaDeepAI_nucleotide-transformer-v2-500m-multi-species__20260520T222248Z,2,2,0.004494678694754839,0.0009375467780046165,0.9945677518844604
gue_splice_reconstructed_lora__InstaDeepAI_nucleotide-transformer-v2-500m-multi-species__20260520T222248Z,1,1,0.00011233428085688502,0.9958209991455078,0.0040667131543159485
gue_splice_reconstructed_lora__InstaDeepAI_nucleotide-transformer-v2-500m-multi-species__20260520T222248Z,2,2,0.003959813620895147,0.00024583371123299,0.9957942962646484
gue_splice_reconstructed_lora__InstaDeepAI_nucleotide-transformer-v2-500m-multi-species__20260520T222248Z,1,1,5.3430812840815634e-05,0.9988152980804443,0.0011312991846352816
gue_splice_reconstructed_lora__InstaDeepAI_nucleotide-transformer-v2-500m-multi-species__20260520T222248Z,2,2,0.002080921782180667,0.0029288441874086857,0.9949901700019836
gue_splice_reconstructed_lora__InstaDeepAI_nucleotide-transformer-v2-500m-multi-species__20260520T222248Z,1,1,5.1087125029880553e-05,0.993046224117279,0.006902648601680994
gue_splice_reconstructed_lora__InstaDeepAI_nucleotide-transformer-v2-500m-multi-species__20260520T222248Z,1,2,0.000679106917232275,0.22492292523384094,0.7743979692459106
gue_splice_reconstructed_lora__InstaDeepAI_nucleotide-transformer-v2-500m-multi-species__20260520T222248Z,1,1,0.00039298931369557977,0.819426953792572,0.18018007278442383
gue_splice_reconstructed_lora__InstaDeepAI_nucleotide-transformer-v2-500m-multi-species__20260520T222248Z,2,2,0.0022610779851675034,0.0007806448847986758,0.9969582557678223
gue_splice_reconstructed_lora__InstaDeepAI_nucleotide-transformer-v2-500m-multi-species__20260520T222248Z,1,2,0.0013615578645840287,0.03271683305501938,0.9659215807914734
gue_splice_reconstructed_lora__InstaDeepAI_nucleotide-transformer-v2-500m-multi-species__20260520T222248Z,0,2,0.3361338973045349,0.0005862241960130632,0.6632798910140991
gue_splice_reconstructed_lora__InstaDeepAI_nucleotide-transformer-v2-500m-multi-species__20260520T222248Z,2,2,0.0010448702378198504,0.003432695521041751,0.9955224990844727
gue_splice_reconstructed_lora__InstaDeepAI_nucleotide-transformer-v2-500m-multi-species__20260520T222248Z,2,2,0.0025371951051056385,0.0014944560825824738,0.9959683418273926
gue_splice_reconstructed_lora__InstaDeepAI_nucleotide-transformer-v2-500m-multi-species__20260520T222248Z,2,2,0.0008986488683149219,0.009756197221577168,0.989345133304596
gue_splice_reconstructed_lora__InstaDeepAI_nucleotide-transformer-v2-500m-multi-species__20260520T222248Z,2,2,0.0105994688346982,0.003054644912481308,0.9863458275794983
gue_splice_reconstructed_lora__InstaDeepAI_nucleotide-transformer-v2-500m-multi-species__20260520T222248Z,2,2,0.012420025654137135,0.0038213327061384916,0.9837586283683777
gue_splice_reconstructed_lora__InstaDeepAI_nucleotide-transformer-v2-500m-multi-species__20260520T222248Z,2,2,0.0011289198882877827,0.004101285245269537,0.9947697520256042
gue_splice_reconstructed_lora__InstaDeepAI_nucleotide-transformer-v2-500m-multi-species__20260520T222248Z,2,2,0.005905027035623789,0.0019915036391466856,0.9921034574508667
gue_splice_reconstructed_lora__InstaDeepAI_nucleotide-transformer-v2-500m-multi-species__20260520T222248Z,2,2,0.0007848957902751863,0.0007359026931226254,0.9984791874885559
gue_splice_reconstructed_lora__InstaDeepAI_nucleotide-transformer-v2-500m-multi-species__20260520T222248Z,2,2,0.0026813240256160498,0.006610467564314604,0.9907082319259644
gue_splice_reconstructed_lora__InstaDeepAI_nucleotide-transformer-v2-500m-multi-species__20260520T222248Z,2,2,0.002511662896722555,0.007683760952204466,0.9898046255111694
gue_splice_reconstructed_lora__InstaDeepAI_nucleotide-transformer-v2-500m-multi-species__20260520T222248Z,2,2,0.011502856388688087,0.0023876982741057873,0.9861094355583191
gue_splice_reconstructed_lora__InstaDeepAI_nucleotide-transformer-v2-500m-multi-species__20260520T222248Z,1,1,0.00010082827793667093,0.9971311092376709,0.0027681062929332256
gue_splice_reconstructed_lora__InstaDeepAI_nucleotide-transformer-v2-500m-multi-species__20260520T222248Z,2,2,0.00230452255345881,0.0022075974848121405,0.9954878687858582
gue_splice_reconstructed_lora__InstaDeepAI_nucleotide-transformer-v2-500m-multi-species__20260520T222248Z,1,1,5.437919753603637e-05,0.9968823194503784,0.0030632498674094677
gue_splice_reconstructed_lora__InstaDeepAI_nucleotide-transformer-v2-500m-multi-species__20260520T222248Z,2,2,0.0018637679750099778,0.015559486113488674,0.9825766682624817
gue_splice_reconstructed_lora__InstaDeepAI_nucleotide-transformer-v2-500m-multi-species__20260520T222248Z,1,1,5.864684499101713e-05,0.9982123374938965,0.00172904203645885
gue_splice_reconstructed_lora__InstaDeepAI_nucleotide-transformer-v2-500m-multi-species__20260520T222248Z,2,2,0.0024792414624243975,0.005106983706355095,0.9924138188362122
gue_splice_reconstructed_lora__InstaDeepAI_nucleotide-transformer-v2-500m-multi-species__20260520T222248Z,1,1,5.9570393204921857e-05,0.9982122182846069,0.001728197792544961
gue_splice_reconstructed_lora__InstaDeepAI_nucleotide-transformer-v2-500m-multi-species__20260520T222248Z,2,2,0.001013085013255477,0.006991120055317879,0.9919958114624023
gue_splice_reconstructed_lora__InstaDeepAI_nucleotide-transformer-v2-500m-multi-species__20260520T222248Z,1,1,7.669569458812475e-05,0.9969958066940308,0.002927591558545828
gue_splice_reconstructed_lora__InstaDeepAI_nucleotide-transformer-v2-500m-multi-species__20260520T222248Z,2,2,0.004609943833202124,0.0008910640026442707,0.9944990277290344
gue_splice_reconstructed_lora__InstaDeepAI_nucleotide-transformer-v2-500m-multi-species__20260520T222248Z,2,1,0.0019591334275901318,0.8545947670936584,0.14344611763954163
gue_splice_reconstructed_lora__InstaDeepAI_nucleotide-transformer-v2-500m-multi-species__20260520T222248Z,2,2,0.02417999505996704,0.0007130840676836669,0.975106954574585
gue_splice_reconstructed_lora__InstaDeepAI_nucleotide-transformer-v2-500m-multi-species__20260520T222248Z,1,1,0.00010379859304521233,0.9871810078620911,0.012715257704257965
gue_splice_reconstructed_lora__InstaDeepAI_nucleotide-transformer-v2-500m-multi-species__20260520T222248Z,2,2,0.003348651807755232,0.006348421797156334,0.9903029799461365
gue_splice_reconstructed_lora__InstaDeepAI_nucleotide-transformer-v2-500m-multi-species__20260520T222248Z,2,2,0.0022966342512518167,0.0007670256891287863,0.9969363212585449
gue_splice_reconstructed_lora__InstaDeepAI_nucleotide-transformer-v2-500m-multi-species__20260520T222248Z,0,2,0.14971090853214264,0.006868317257612944,0.8434207439422607
gue_splice_reconstructed_lora__InstaDeepAI_nucleotide-transformer-v2-500m-multi-species__20260520T222248Z,2,2,0.00678240554407239,0.008976456709206104,0.9842410683631897
gue_splice_reconstructed_lora__InstaDeepAI_nucleotide-transformer-v2-500m-multi-species__20260520T222248Z,2,1,0.00014095775259193033,0.9962378740310669,0.003621174953877926
gue_splice_reconstructed_lora__InstaDeepAI_nucleotide-transformer-v2-500m-multi-species__20260520T222248Z,0,0,0.9727498888969421,0.0002220975438831374,0.027028046548366547
gue_splice_reconstructed_lora__InstaDeepAI_nucleotide-transformer-v2-500m-multi-species__20260520T222248Z,2,2,0.0022556399926543236,0.002212011953815818,0.9955322742462158
gue_splice_reconstructed_lora__InstaDeepAI_nucleotide-transformer-v2-500m-multi-species__20260520T222248Z,1,1,0.00010267072502756491,0.9957132339477539,0.004184098448604345
gue_splice_reconstructed_lora__InstaDeepAI_nucleotide-transformer-v2-500m-multi-species__20260520T222248Z,1,1,4.017889659735374e-05,0.9989256262779236,0.001034205430187285
gue_splice_reconstructed_lora__InstaDeepAI_nucleotide-transformer-v2-500m-multi-species__20260520T222248Z,2,2,0.009199769236147404,0.007363402750343084,0.9834368228912354
gue_splice_reconstructed_lora__InstaDeepAI_nucleotide-transformer-v2-500m-multi-species__20260520T222248Z,2,2,0.006531866267323494,0.0010642173001542687,0.9924039244651794
gue_splice_reconstructed_lora__InstaDeepAI_nucleotide-transformer-v2-500m-multi-species__20260520T222248Z,2,2,0.002669721841812134,0.00025545593234710395,0.9970748424530029
gue_splice_reconstructed_lora__InstaDeepAI_nucleotide-transformer-v2-500m-multi-species__20260520T222248Z,0,0,0.7963517308235168,0.0017083187121897936,0.20193998515605927
gue_splice_reconstructed_lora__InstaDeepAI_nucleotide-transformer-v2-500m-multi-species__20260520T222248Z,2,2,0.005414765793830156,0.0022440229076892138,0.9923412799835205
gue_splice_reconstructed_lora__InstaDeepAI_nucleotide-transformer-v2-500m-multi-species__20260520T222248Z,0,0,0.998883068561554,9.982867777580395e-05,0.001017134403809905
gue_splice_reconstructed_lora__InstaDeepAI_nucleotide-transformer-v2-500m-multi-species__20260520T222248Z,0,0,0.9355481266975403,0.0006002374575473368,0.06385163962841034
gue_splice_reconstructed_lora__InstaDeepAI_nucleotide-transformer-v2-500m-multi-species__20260520T222248Z,2,2,0.01582467555999756,0.004180855117738247,0.979994535446167
gue_splice_reconstructed_lora__InstaDeepAI_nucleotide-transformer-v2-500m-multi-species__20260520T222248Z,1,1,0.0003483337932266295,0.9908181428909302,0.008833578787744045
gue_splice_reconstructed_lora__InstaDeepAI_nucleotide-transformer-v2-500m-multi-species__20260520T222248Z,0,0,0.9987347722053528,3.8632279029116035e-05,0.0012267162092030048
gue_splice_reconstructed_lora__InstaDeepAI_nucleotide-transformer-v2-500m-multi-species__20260520T222248Z,2,2,0.0875338539481163,0.001232852111570537,0.9112333059310913
gue_splice_reconstructed_lora__InstaDeepAI_nucleotide-transformer-v2-500m-multi-species__20260520T222248Z,2,2,0.005820855498313904,0.0008167517953552306,0.9933624267578125
gue_splice_reconstructed_lora__InstaDeepAI_nucleotide-transformer-v2-500m-multi-species__20260520T222248Z,0,0,0.9922777414321899,2.9544078643084504e-05,0.007692623417824507
gue_splice_reconstructed_lora__InstaDeepAI_nucleotide-transformer-v2-500m-multi-species__20260520T222248Z,2,2,0.005956468638032675,0.0020544836297631264,0.9919890761375427
gue_splice_reconstructed_lora__InstaDeepAI_nucleotide-transformer-v2-500m-multi-species__20260520T222248Z,2,2,0.006602354813367128,0.001970804762095213,0.9914268255233765
gue_splice_reconstructed_lora__InstaDeepAI_nucleotide-transformer-v2-500m-multi-species__20260520T222248Z,2,2,0.0018288051942363381,0.00923317950218916,0.9889379739761353
gue_splice_reconstructed_lora__InstaDeepAI_nucleotide-transformer-v2-500m-multi-species__20260520T222248Z,2,2,0.0007471285061910748,0.001258557545952499,0.9979943037033081
gue_splice_reconstructed_lora__InstaDeepAI_nucleotide-transformer-v2-500m-multi-species__20260520T222248Z,2,2,0.004965007770806551,0.001526118372566998,0.9935089349746704
gue_splice_reconstructed_lora__InstaDeepAI_nucleotide-transformer-v2-500m-multi-species__20260520T222248Z,2,2,0.018373409286141396,0.0002739904448390007,0.9813526272773743
gue_splice_reconstructed_lora__InstaDeepAI_nucleotide-transformer-v2-500m-multi-species__20260520T222248Z,1,1,7.058275514282286e-05,0.9959709048271179,0.003958582412451506
gue_splice_reconstructed_lora__InstaDeepAI_nucleotide-transformer-v2-500m-multi-species__20260520T222248Z,2,2,0.0007365424535237253,0.0018661904614418745,0.9973973035812378
gue_splice_reconstructed_lora__InstaDeepAI_nucleotide-transformer-v2-500m-multi-species__20260520T222248Z,2,2,0.08906523883342743,0.0008043971611186862,0.9101303815841675
gue_splice_reconstructed_lora__InstaDeepAI_nucleotide-transformer-v2-500m-multi-species__20260520T222248Z,0,0,0.936342179775238,0.0007274752715602517,0.06293042749166489
gue_splice_reconstructed_lora__InstaDeepAI_nucleotide-transformer-v2-500m-multi-species__20260520T222248Z,0,2,0.005208797752857208,0.0012003048323094845,0.9935909509658813
gue_splice_reconstructed_lora__InstaDeepAI_nucleotide-transformer-v2-500m-multi-species__20260520T222248Z,2,2,0.005124938674271107,0.0009152686689049006,0.9939597845077515
gue_splice_reconstructed_lora__InstaDeepAI_nucleotide-transformer-v2-500m-multi-species__20260520T222248Z,2,2,0.00040760295814834535,0.002072000876069069,0.997520387172699
gue_splice_reconstructed_lora__InstaDeepAI_nucleotide-transformer-v2-500m-multi-species__20260520T222248Z,1,1,8.57047489262186e-05,0.994786262512207,0.005127948708832264
gue_splice_reconstructed_lora__InstaDeepAI_nucleotide-transformer-v2-500m-multi-species__20260520T222248Z,2,2,0.001756979851052165,0.002548911841586232,0.9956940412521362
gue_splice_reconstructed_lora__InstaDeepAI_nucleotide-transformer-v2-500m-multi-species__20260520T222248Z,1,1,3.3824217098299414e-05,0.9986360669136047,0.0013301565777510405
gue_splice_reconstructed_lora__InstaDeepAI_nucleotide-transformer-v2-500m-multi-species__20260520T222248Z,2,2,0.0014484943822026253,0.006453775800764561,0.9920977354049683
gue_splice_reconstructed_lora__InstaDeepAI_nucleotide-transformer-v2-500m-multi-species__20260520T222248Z,2,2,0.0008374940371140838,0.00027402699925005436,0.9988885521888733
gue_splice_reconstructed_lora__InstaDeepAI_nucleotide-transformer-v2-500m-multi-species__20260520T222248Z,1,1,0.0001372807746520266,0.9971467852592468,0.0027159349992871284
gue_splice_reconstructed_lora__InstaDeepAI_nucleotide-transformer-v2-500m-multi-species__20260520T222248Z,2,2,0.0014807101106271148,0.00202784757129848,0.9964913725852966
gue_splice_reconstructed_lora__InstaDeepAI_nucleotide-transformer-v2-500m-multi-species__20260520T222248Z,2,0,0.9985917210578918,0.00026396592147648335,0.0011443784460425377
gue_splice_reconstructed_lora__InstaDeepAI_nucleotide-transformer-v2-500m-multi-species__20260520T222248Z,2,2,0.00392520846799016,0.005119437351822853,0.9909554123878479
gue_splice_reconstructed_lora__InstaDeepAI_nucleotide-transformer-v2-500m-multi-species__20260520T222248Z,0,0,0.9393492937088013,0.0001290712389163673,0.06052157282829285
gue_splice_reconstructed_lora__InstaDeepAI_nucleotide-transformer-v2-500m-multi-species__20260520T222248Z,1,1,5.8191166317556053e-05,0.9982245564460754,0.001717283739708364
gue_splice_reconstructed_lora__InstaDeepAI_nucleotide-transformer-v2-500m-multi-species__20260520T222248Z,2,2,0.0054461099207401276,0.003267938271164894,0.9912859797477722
gue_splice_reconstructed_lora__InstaDeepAI_nucleotide-transformer-v2-500m-multi-species__20260520T222248Z,0,0,0.9973611235618591,0.00014963226567488164,0.0024891686625778675
gue_splice_reconstructed_lora__InstaDeepAI_nucleotide-transformer-v2-500m-multi-species__20260520T222248Z,2,2,0.005810478702187538,0.0035657761618494987,0.9906237721443176
gue_splice_reconstructed_lora__InstaDeepAI_nucleotide-transformer-v2-500m-multi-species__20260520T222248Z,2,2,0.0004781353927683085,0.004501119256019592,0.9950207471847534
gue_splice_reconstructed_lora__InstaDeepAI_nucleotide-transformer-v2-500m-multi-species__20260520T222248Z,1,1,0.00019212621555197984,0.9259924292564392,0.07381553202867508
gue_splice_reconstructed_lora__InstaDeepAI_nucleotide-transformer-v2-500m-multi-species__20260520T222248Z,2,2,0.0028375163674354553,0.002598770661279559,0.9945637583732605
gue_splice_reconstructed_lora__InstaDeepAI_nucleotide-transformer-v2-500m-multi-species__20260520T222248Z,2,2,0.0009063381585292518,0.001283144112676382,0.9978105425834656
gue_splice_reconstructed_lora__InstaDeepAI_nucleotide-transformer-v2-500m-multi-species__20260520T222248Z,2,2,0.011163565330207348,0.001916400040499866,0.9869199991226196
gue_splice_reconstructed_lora__InstaDeepAI_nucleotide-transformer-v2-500m-multi-species__20260520T222248Z,2,2,0.000697355018928647,0.0018900622380897403,0.9974126219749451
gue_splice_reconstructed_lora__InstaDeepAI_nucleotide-transformer-v2-500m-multi-species__20260520T222248Z,1,2,0.0004992312169633806,0.14323601126670837,0.8562647104263306
gue_splice_reconstructed_lora__InstaDeepAI_nucleotide-transformer-v2-500m-multi-species__20260520T222248Z,0,0,0.966393768787384,0.00036807244759984314,0.03323815017938614
gue_splice_reconstructed_lora__InstaDeepAI_nucleotide-transformer-v2-500m-multi-species__20260520T222248Z,2,2,0.0006489075603894889,0.007506559137254953,0.9918444752693176
gue_splice_reconstructed_lora__InstaDeepAI_nucleotide-transformer-v2-500m-multi-species__20260520T222248Z,2,2,0.0028574957977980375,0.003370242426171899,0.9937723278999329
gue_splice_reconstructed_lora__InstaDeepAI_nucleotide-transformer-v2-500m-multi-species__20260520T222248Z,2,2,0.0010398955782875419,0.0023549115285277367,0.9966051578521729
gue_splice_reconstructed_lora__InstaDeepAI_nucleotide-transformer-v2-500m-multi-species__20260520T222248Z,2,2,0.013254772871732712,0.000958767079282552,0.9857864379882812
gue_splice_reconstructed_lora__InstaDeepAI_nucleotide-transformer-v2-500m-multi-species__20260520T222248Z,2,2,0.006850112229585648,0.0005383793031796813,0.9926114678382874
gue_splice_reconstructed_lora__InstaDeepAI_nucleotide-transformer-v2-500m-multi-species__20260520T222248Z,2,2,0.0032358383759856224,0.0007312377565540373,0.9960328936576843
gue_splice_reconstructed_lora__InstaDeepAI_nucleotide-transformer-v2-500m-multi-species__20260520T222248Z,2,2,0.00038153486093506217,0.3578796982765198,0.641738772392273
gue_splice_reconstructed_lora__InstaDeepAI_nucleotide-transformer-v2-500m-multi-species__20260520T222248Z,2,2,0.0026435446925461292,0.0013423024211078882,0.9960141181945801
gue_splice_reconstructed_lora__InstaDeepAI_nucleotide-transformer-v2-500m-multi-species__20260520T222248Z,1,1,8.593971142545342e-05,0.9936245679855347,0.006289360579103231
gue_splice_reconstructed_lora__InstaDeepAI_nucleotide-transformer-v2-500m-multi-species__20260520T222248Z,2,2,0.0018643131479620934,0.003685968229547143,0.9944497346878052
gue_splice_reconstructed_lora__InstaDeepAI_nucleotide-transformer-v2-500m-multi-species__20260520T222248Z,2,2,0.001734744175337255,0.0035838796757161617,0.9946814179420471
gue_splice_reconstructed_lora__InstaDeepAI_nucleotide-transformer-v2-500m-multi-species__20260520T222248Z,1,1,5.354006862035021e-05,0.9930689334869385,0.006877573672682047
gue_splice_reconstructed_lora__InstaDeepAI_nucleotide-transformer-v2-500m-multi-species__20260520T222248Z,0,0,0.9984105825424194,0.00010155092604691163,0.0014879147056490183
gue_splice_reconstructed_lora__InstaDeepAI_nucleotide-transformer-v2-500m-multi-species__20260520T222248Z,2,2,0.0031699491664767265,0.0008615528931841254,0.9959684610366821
gue_splice_reconstructed_lora__InstaDeepAI_nucleotide-transformer-v2-500m-multi-species__20260520T222248Z,2,2,0.037001464515924454,0.0014683668268844485,0.9615301489830017
gue_splice_reconstructed_lora__InstaDeepAI_nucleotide-transformer-v2-500m-multi-species__20260520T222248Z,2,2,0.012695216573774815,0.0011982638388872147,0.9861065149307251
gue_splice_reconstructed_lora__InstaDeepAI_nucleotide-transformer-v2-500m-multi-species__20260520T222248Z,0,0,0.9991207718849182,5.282447818899527e-05,0.0008263139170594513
gue_splice_reconstructed_lora__InstaDeepAI_nucleotide-transformer-v2-500m-multi-species__20260520T222248Z,2,2,0.0004853558784816414,0.031948935240507126,0.9675657153129578
gue_splice_reconstructed_lora__InstaDeepAI_nucleotide-transformer-v2-500m-multi-species__20260520T222248Z,2,2,0.0011370739666745067,0.000814218888990581,0.9980486631393433
gue_splice_reconstructed_lora__InstaDeepAI_nucleotide-transformer-v2-500m-multi-species__20260520T222248Z,0,0,0.9991320967674255,3.267196370870806e-05,0.0008352476288564503
gue_splice_reconstructed_lora__InstaDeepAI_nucleotide-transformer-v2-500m-multi-species__20260520T222248Z,0,0,0.9993577599525452,8.796837937552482e-05,0.0005543508450500667
gue_splice_reconstructed_lora__InstaDeepAI_nucleotide-transformer-v2-500m-multi-species__20260520T222248Z,2,2,0.055714935064315796,0.0011327160755172372,0.9431523084640503
gue_splice_reconstructed_lora__InstaDeepAI_nucleotide-transformer-v2-500m-multi-species__20260520T222248Z,1,1,9.451097866985947e-05,0.9833457469940186,0.016559772193431854
gue_splice_reconstructed_lora__InstaDeepAI_nucleotide-transformer-v2-500m-multi-species__20260520T222248Z,2,2,0.00039173438563011587,0.025825602933764458,0.9737826585769653
gue_splice_reconstructed_lora__InstaDeepAI_nucleotide-transformer-v2-500m-multi-species__20260520T222248Z,0,0,0.9991992115974426,0.00010567966819508001,0.0006952013936825097
gue_splice_reconstructed_lora__InstaDeepAI_nucleotide-transformer-v2-500m-multi-species__20260520T222248Z,1,1,8.234129927586764e-05,0.9446115493774414,0.055306099355220795
gue_splice_reconstructed_lora__InstaDeepAI_nucleotide-transformer-v2-500m-multi-species__20260520T222248Z,2,2,0.009348968975245953,0.0004937865887768567,0.9901572465896606
gue_splice_reconstructed_lora__InstaDeepAI_nucleotide-transformer-v2-500m-multi-species__20260520T222248Z,1,1,6.147762906039134e-05,0.9984764456748962,0.0014620847068727016
gue_splice_reconstructed_lora__InstaDeepAI_nucleotide-transformer-v2-500m-multi-species__20260520T222248Z,2,2,0.0027755137998610735,0.0003497792349662632,0.9968746900558472
gue_splice_reconstructed_lora__InstaDeepAI_nucleotide-transformer-v2-500m-multi-species__20260520T222248Z,2,2,0.0007751176599413157,0.0073901088908314705,0.9918347597122192
gue_splice_reconstructed_lora__InstaDeepAI_nucleotide-transformer-v2-500m-multi-species__20260520T222248Z,2,2,0.15708854794502258,0.0015407941536977887,0.841370701789856
gue_splice_reconstructed_lora__InstaDeepAI_nucleotide-transformer-v2-500m-multi-species__20260520T222248Z,0,0,0.999152421951294,0.00010322676826035604,0.0007443521171808243
gue_splice_reconstructed_lora__InstaDeepAI_nucleotide-transformer-v2-500m-multi-species__20260520T222248Z,2,2,0.0006196707836352289,0.0009357025846838951,0.9984446167945862
gue_splice_reconstructed_lora__InstaDeepAI_nucleotide-transformer-v2-500m-multi-species__20260520T222248Z,1,1,4.6181190555216745e-05,0.9975337982177734,0.002420082688331604
gue_splice_reconstructed_lora__InstaDeepAI_nucleotide-transformer-v2-500m-multi-species__20260520T222248Z,1,1,0.0001322950847679749,0.9953166246414185,0.004551084712147713
gue_splice_reconstructed_lora__InstaDeepAI_nucleotide-transformer-v2-500m-multi-species__20260520T222248Z,2,2,0.0014690096722915769,0.019521228969097137,0.979009747505188
gue_splice_reconstructed_lora__InstaDeepAI_nucleotide-transformer-v2-500m-multi-species__20260520T222248Z,1,1,5.981392314424738e-05,0.9983854293823242,0.001554720220156014
gue_splice_reconstructed_lora__InstaDeepAI_nucleotide-transformer-v2-500m-multi-species__20260520T222248Z,2,2,0.04485425725579262,0.0035825499799102545,0.9515631794929504
gue_splice_reconstructed_lora__InstaDeepAI_nucleotide-transformer-v2-500m-multi-species__20260520T222248Z,0,0,0.9986041188240051,4.209356848150492e-05,0.0013537016930058599
gue_splice_reconstructed_lora__InstaDeepAI_nucleotide-transformer-v2-500m-multi-species__20260520T222248Z,2,2,0.0008814503671601415,0.09812240302562714,0.9009960889816284
gue_splice_reconstructed_lora__InstaDeepAI_nucleotide-transformer-v2-500m-multi-species__20260520T222248Z,1,2,0.0008813358726911247,0.22402764856815338,0.7750909924507141
gue_splice_reconstructed_lora__InstaDeepAI_nucleotide-transformer-v2-500m-multi-species__20260520T222248Z,1,1,4.771651583723724e-05,0.9989863038063049,0.0009659288334660232
gue_splice_reconstructed_lora__InstaDeepAI_nucleotide-transformer-v2-500m-multi-species__20260520T222248Z,2,2,0.0007404415518976748,0.03122030198574066,0.9680392742156982
gue_splice_reconstructed_lora__InstaDeepAI_nucleotide-transformer-v2-500m-multi-species__20260520T222248Z,0,0,0.9988842606544495,3.833738446701318e-05,0.00107746128924191
gue_splice_reconstructed_lora__InstaDeepAI_nucleotide-transformer-v2-500m-multi-species__20260520T222248Z,1,1,4.308731513447128e-05,0.9985004663467407,0.0014564198208972812
gue_splice_reconstructed_lora__InstaDeepAI_nucleotide-transformer-v2-500m-multi-species__20260520T222248Z,1,1,6.939958984730765e-05,0.9985900521278381,0.001340527436695993
gue_splice_reconstructed_lora__InstaDeepAI_nucleotide-transformer-v2-500m-multi-species__20260520T222248Z,2,2,0.0008275225409306586,0.04441019892692566,0.9547622799873352
gue_splice_reconstructed_lora__InstaDeepAI_nucleotide-transformer-v2-500m-multi-species__20260520T222248Z,2,2,0.0014145494205877185,0.025945307686924934,0.9726401567459106
gue_splice_reconstructed_lora__InstaDeepAI_nucleotide-transformer-v2-500m-multi-species__20260520T222248Z,0,0,0.9953641891479492,0.00015287399583030492,0.00448292912915349
gue_splice_reconstructed_lora__InstaDeepAI_nucleotide-transformer-v2-500m-multi-species__20260520T222248Z,2,2,0.0016866941004991531,0.0024302760139107704,0.9958831071853638
gue_splice_reconstructed_lora__InstaDeepAI_nucleotide-transformer-v2-500m-multi-species__20260520T222248Z,0,0,0.9933265447616577,0.0002052933123195544,0.006468082312494516
gue_splice_reconstructed_lora__InstaDeepAI_nucleotide-transformer-v2-500m-multi-species__20260520T222248Z,2,2,0.0010577291250228882,0.0029090980533510447,0.9960331320762634
gue_splice_reconstructed_lora__InstaDeepAI_nucleotide-transformer-v2-500m-multi-species__20260520T222248Z,1,1,4.645457011065446e-05,0.995630145072937,0.004323411267250776
gue_splice_reconstructed_lora__InstaDeepAI_nucleotide-transformer-v2-500m-multi-species__20260520T222248Z,2,1,5.4175961849978194e-05,0.9970436692237854,0.0029021131340414286
gue_splice_reconstructed_lora__InstaDeepAI_nucleotide-transformer-v2-500m-multi-species__20260520T222248Z,0,0,0.9992161989212036,0.0001708692143438384,0.0006129246903583407
gue_splice_reconstructed_lora__InstaDeepAI_nucleotide-transformer-v2-500m-multi-species__20260520T222248Z,2,2,0.0019485566299408674,0.0043230620212852955,0.9937283992767334
gue_splice_reconstructed_lora__InstaDeepAI_nucleotide-transformer-v2-500m-multi-species__20260520T222248Z,2,2,0.01737482100725174,0.007694985251873732,0.9749301671981812
gue_splice_reconstructed_lora__InstaDeepAI_nucleotide-transformer-v2-500m-multi-species__20260520T222248Z,1,1,0.00013382818724494427,0.9990153312683105,0.0008507905877195299
gue_splice_reconstructed_lora__InstaDeepAI_nucleotide-transformer-v2-500m-multi-species__20260520T222248Z,2,2,0.0022274190559983253,0.0031076017767190933,0.9946650266647339
gue_splice_reconstructed_lora__InstaDeepAI_nucleotide-transformer-v2-500m-multi-species__20260520T222248Z,1,1,8.369587158085778e-05,0.9983990788459778,0.0015172435669228435
gue_splice_reconstructed_lora__InstaDeepAI_nucleotide-transformer-v2-500m-multi-species__20260520T222248Z,1,1,8.353670273208991e-05,0.9984486103057861,0.0014677663566544652
gue_splice_reconstructed_lora__InstaDeepAI_nucleotide-transformer-v2-500m-multi-species__20260520T222248Z,1,1,6.644469249295071e-05,0.9980487823486328,0.0018848147010430694
gue_splice_reconstructed_lora__InstaDeepAI_nucleotide-transformer-v2-500m-multi-species__20260520T222248Z,2,2,0.0003950237878598273,0.0021818543318659067,0.9974231719970703
gue_splice_reconstructed_lora__InstaDeepAI_nucleotide-transformer-v2-500m-multi-species__20260520T222248Z,1,1,5.772095755673945e-05,0.9979243278503418,0.0020179138518869877
gue_splice_reconstructed_lora__InstaDeepAI_nucleotide-transformer-v2-500m-multi-species__20260520T222248Z,1,2,0.0052206991240382195,0.015314546413719654,0.9794647097587585
gue_splice_reconstructed_lora__InstaDeepAI_nucleotide-transformer-v2-500m-multi-species__20260520T222248Z,2,2,0.0017517802771180868,0.018981125205755234,0.9792671203613281
gue_splice_reconstructed_lora__InstaDeepAI_nucleotide-transformer-v2-500m-multi-species__20260520T222248Z,2,2,0.002749994397163391,0.002766154706478119,0.9944838881492615
gue_splice_reconstructed_lora__InstaDeepAI_nucleotide-transformer-v2-500m-multi-species__20260520T222248Z,0,0,0.9979062080383301,9.553649579174817e-05,0.001998267136514187
gue_splice_reconstructed_lora__InstaDeepAI_nucleotide-transformer-v2-500m-multi-species__20260520T222248Z,0,0,0.9991900324821472,6.9170564529486e-05,0.0007407543016597629
gue_splice_reconstructed_lora__InstaDeepAI_nucleotide-transformer-v2-500m-multi-species__20260520T222248Z,1,1,6.408481567632407e-05,0.99704509973526,0.002890802687034011
gue_splice_reconstructed_lora__InstaDeepAI_nucleotide-transformer-v2-500m-multi-species__20260520T222248Z,1,1,8.35619866847992e-05,0.9851889610290527,0.01472738292068243
gue_splice_reconstructed_lora__InstaDeepAI_nucleotide-transformer-v2-500m-multi-species__20260520T222248Z,2,2,0.0005921586416661739,0.001454201410524547,0.9979536533355713
gue_splice_reconstructed_lora__InstaDeepAI_nucleotide-transformer-v2-500m-multi-species__20260520T222248Z,1,1,0.0001013339715427719,0.9943335056304932,0.00556515995413065
gue_splice_reconstructed_lora__InstaDeepAI_nucleotide-transformer-v2-500m-multi-species__20260520T222248Z,1,1,5.1970622735098004e-05,0.998450517654419,0.001497449236921966
gue_splice_reconstructed_lora__InstaDeepAI_nucleotide-transformer-v2-500m-multi-species__20260520T222248Z,1,1,6.09247108513955e-05,0.9972571730613708,0.0026819698978215456
gue_splice_reconstructed_lora__InstaDeepAI_nucleotide-transformer-v2-500m-multi-species__20260520T222248Z,2,2,0.002000171458348632,0.0006046798662282526,0.9973951578140259
gue_splice_reconstructed_lora__InstaDeepAI_nucleotide-transformer-v2-500m-multi-species__20260520T222248Z,2,2,0.0013866787776350975,0.0013283569132909179,0.997285008430481
gue_splice_reconstructed_lora__InstaDeepAI_nucleotide-transformer-v2-500m-multi-species__20260520T222248Z,2,2,0.0013883401406928897,0.00208007893525064,0.9965316653251648
gue_splice_reconstructed_lora__InstaDeepAI_nucleotide-transformer-v2-500m-multi-species__20260520T222248Z,0,0,0.9869780540466309,4.2756786569952965e-05,0.01297921221703291
gue_splice_reconstructed_lora__InstaDeepAI_nucleotide-transformer-v2-500m-multi-species__20260520T222248Z,0,0,0.9993284940719604,0.00013893128198105842,0.0005325780948624015
gue_splice_reconstructed_lora__InstaDeepAI_nucleotide-transformer-v2-500m-multi-species__20260520T222248Z,2,2,0.0017638399731367826,0.0025513784494251013,0.9956847429275513
gue_splice_reconstructed_lora__InstaDeepAI_nucleotide-transformer-v2-500m-multi-species__20260520T222248Z,2,2,0.004908247850835323,0.0003924091870430857,0.9946993589401245
gue_splice_reconstructed_lora__InstaDeepAI_nucleotide-transformer-v2-500m-multi-species__20260520T222248Z,2,2,0.0021722118835896254,0.008684051223099232,0.9891437888145447
gue_splice_reconstructed_lora__InstaDeepAI_nucleotide-transformer-v2-500m-multi-species__20260520T222248Z,2,2,0.004170185420662165,0.004880203865468502,0.9909495711326599
gue_splice_reconstructed_lora__InstaDeepAI_nucleotide-transformer-v2-500m-multi-species__20260520T222248Z,2,2,0.004712607245892286,0.0002500030386727303,0.9950373768806458
gue_splice_reconstructed_lora__InstaDeepAI_nucleotide-transformer-v2-500m-multi-species__20260520T222248Z,2,2,0.001487456145696342,0.0013837562873959541,0.9971287846565247
gue_splice_reconstructed_lora__InstaDeepAI_nucleotide-transformer-v2-500m-multi-species__20260520T222248Z,2,2,0.005031568463891745,0.004717499017715454,0.9902509450912476
gue_splice_reconstructed_lora__InstaDeepAI_nucleotide-transformer-v2-500m-multi-species__20260520T222248Z,1,1,5.730945849791169e-05,0.9985811710357666,0.0013616253854706883
gue_splice_reconstructed_lora__InstaDeepAI_nucleotide-transformer-v2-500m-multi-species__20260520T222248Z,2,2,0.031653549522161484,0.0017359070479869843,0.9666105508804321
gue_splice_reconstructed_lora__InstaDeepAI_nucleotide-transformer-v2-500m-multi-species__20260520T222248Z,1,2,0.000758674053940922,0.11532368510961533,0.8839176297187805
gue_splice_reconstructed_lora__InstaDeepAI_nucleotide-transformer-v2-500m-multi-species__20260520T222248Z,1,1,0.0001277966221095994,0.9881256818771362,0.011746542528271675
gue_splice_reconstructed_lora__InstaDeepAI_nucleotide-transformer-v2-500m-multi-species__20260520T222248Z,2,2,0.0006607460090890527,0.42389315366744995,0.5754460692405701
gue_splice_reconstructed_lora__InstaDeepAI_nucleotide-transformer-v2-500m-multi-species__20260520T222248Z,2,1,0.003468101844191551,0.5092124342918396,0.4873194992542267
gue_splice_reconstructed_lora__InstaDeepAI_nucleotide-transformer-v2-500m-multi-species__20260520T222248Z,2,2,0.04134557768702507,0.00024411530466750264,0.9584103226661682
gue_splice_reconstructed_lora__InstaDeepAI_nucleotide-transformer-v2-500m-multi-species__20260520T222248Z,1,1,0.00040552817517891526,0.8775400519371033,0.1220543384552002
gue_splice_reconstructed_lora__InstaDeepAI_nucleotide-transformer-v2-500m-multi-species__20260520T222248Z,2,2,0.021486986428499222,0.0016544729005545378,0.9768585562705994
gue_splice_reconstructed_lora__InstaDeepAI_nucleotide-transformer-v2-500m-multi-species__20260520T222248Z,1,1,0.0002644199994392693,0.9323909878730774,0.06734458357095718
gue_splice_reconstructed_lora__InstaDeepAI_nucleotide-transformer-v2-500m-multi-species__20260520T222248Z,2,2,0.1360410898923874,0.01437718328088522,0.8495816588401794
gue_splice_reconstructed_lora__InstaDeepAI_nucleotide-transformer-v2-500m-multi-species__20260520T222248Z,1,1,7.244571315823123e-05,0.9985778331756592,0.001349705969914794
gue_splice_reconstructed_lora__InstaDeepAI_nucleotide-transformer-v2-500m-multi-species__20260520T222248Z,1,1,6.884826143505052e-05,0.9906569719314575,0.009274101816117764
gue_splice_reconstructed_lora__InstaDeepAI_nucleotide-transformer-v2-500m-multi-species__20260520T222248Z,2,2,0.003339925082400441,0.0021627445239573717,0.9944973587989807
gue_splice_reconstructed_lora__InstaDeepAI_nucleotide-transformer-v2-500m-multi-species__20260520T222248Z,1,1,0.00017815032333601266,0.9960314631462097,0.0037904689088463783
gue_splice_reconstructed_lora__InstaDeepAI_nucleotide-transformer-v2-500m-multi-species__20260520T222248Z,2,2,0.001379626919515431,0.0005762384971603751,0.9980441331863403
gue_splice_reconstructed_lora__InstaDeepAI_nucleotide-transformer-v2-500m-multi-species__20260520T222248Z,0,0,0.9972008466720581,0.00010818052396643907,0.0026910006999969482
gue_splice_reconstructed_lora__InstaDeepAI_nucleotide-transformer-v2-500m-multi-species__20260520T222248Z,2,2,0.003993593156337738,0.016895953565835953,0.9791104197502136
gue_splice_reconstructed_lora__InstaDeepAI_nucleotide-transformer-v2-500m-multi-species__20260520T222248Z,2,2,0.002026009140536189,0.017821120098233223,0.9801529049873352
gue_splice_reconstructed_lora__InstaDeepAI_nucleotide-transformer-v2-500m-multi-species__20260520T222248Z,2,2,0.0020820030476897955,0.0004645576700568199,0.9974533915519714
gue_splice_reconstructed_lora__InstaDeepAI_nucleotide-transformer-v2-500m-multi-species__20260520T222248Z,0,2,0.2098757028579712,0.0011496806982904673,0.7889746427536011
gue_splice_reconstructed_lora__InstaDeepAI_nucleotide-transformer-v2-500m-multi-species__20260520T222248Z,2,2,0.4040817618370056,0.003949889447540045,0.5919683575630188
gue_splice_reconstructed_lora__InstaDeepAI_nucleotide-transformer-v2-500m-multi-species__20260520T222248Z,2,1,0.0006150935078039765,0.8444017767906189,0.1549830585718155
gue_splice_reconstructed_lora__InstaDeepAI_nucleotide-transformer-v2-500m-multi-species__20260520T222248Z,1,1,3.832958827842958e-05,0.9986811280250549,0.0012805067235603929
gue_splice_reconstructed_lora__InstaDeepAI_nucleotide-transformer-v2-500m-multi-species__20260520T222248Z,2,2,0.008796781301498413,0.00040882761823013425,0.9907943606376648
gue_splice_reconstructed_lora__InstaDeepAI_nucleotide-transformer-v2-500m-multi-species__20260520T222248Z,2,2,0.006980333477258682,0.001586692058481276,0.9914330244064331
gue_splice_reconstructed_lora__InstaDeepAI_nucleotide-transformer-v2-500m-multi-species__20260520T222248Z,2,2,0.0029356693848967552,0.0055818138644099236,0.9914824962615967
gue_splice_reconstructed_lora__InstaDeepAI_nucleotide-transformer-v2-500m-multi-species__20260520T222248Z,2,2,0.001008595572784543,0.011391588486731052,0.9875998497009277
gue_splice_reconstructed_lora__InstaDeepAI_nucleotide-transformer-v2-500m-multi-species__20260520T222248Z,1,1,4.8967358452500775e-05,0.9975214600563049,0.0024295244365930557
gue_splice_reconstructed_lora__InstaDeepAI_nucleotide-transformer-v2-500m-multi-species__20260520T222248Z,2,2,0.0023915020283311605,0.002181744435802102,0.9954267740249634
gue_splice_reconstructed_lora__InstaDeepAI_nucleotide-transformer-v2-500m-multi-species__20260520T222248Z,2,2,0.0025538885965943336,0.002726576291024685,0.9947195053100586
gue_splice_reconstructed_lora__InstaDeepAI_nucleotide-transformer-v2-500m-multi-species__20260520T222248Z,2,2,0.0004503060772549361,0.011698918417096138,0.9878507256507874
gue_splice_reconstructed_lora__InstaDeepAI_nucleotide-transformer-v2-500m-multi-species__20260520T222248Z,2,2,0.037862494587898254,0.0013178344815969467,0.960819661617279
gue_splice_reconstructed_lora__InstaDeepAI_nucleotide-transformer-v2-500m-multi-species__20260520T222248Z,1,1,8.377136691706255e-05,0.9992996454238892,0.0006165780941955745
gue_splice_reconstructed_lora__InstaDeepAI_nucleotide-transformer-v2-500m-multi-species__20260520T222248Z,1,1,0.00014155929966364056,0.996588945388794,0.003269417444244027
gue_splice_reconstructed_lora__InstaDeepAI_nucleotide-transformer-v2-500m-multi-species__20260520T222248Z,1,1,7.728309719823301e-05,0.9987623691558838,0.001160329906269908
gue_splice_reconstructed_lora__InstaDeepAI_nucleotide-transformer-v2-500m-multi-species__20260520T222248Z,1,1,0.0002097538235830143,0.8155022859573364,0.18428796529769897
gue_splice_reconstructed_lora__InstaDeepAI_nucleotide-transformer-v2-500m-multi-species__20260520T222248Z,2,2,0.0008433775510638952,0.00107869622297585,0.9980778694152832
gue_splice_reconstructed_lora__InstaDeepAI_nucleotide-transformer-v2-500m-multi-species__20260520T222248Z,1,1,9.702082752482966e-05,0.9976990818977356,0.0022038754541426897
gue_splice_reconstructed_lora__InstaDeepAI_nucleotide-transformer-v2-500m-multi-species__20260520T222248Z,2,0,0.5832455158233643,0.005185944493860006,0.41156846284866333
gue_splice_reconstructed_lora__InstaDeepAI_nucleotide-transformer-v2-500m-multi-species__20260520T222248Z,2,2,0.0025413059629499912,0.0008503999561071396,0.9966082572937012
gue_splice_reconstructed_lora__InstaDeepAI_nucleotide-transformer-v2-500m-multi-species__20260520T222248Z,2,2,0.0002739049668889493,0.4837597608566284,0.5159663558006287
gue_splice_reconstructed_lora__InstaDeepAI_nucleotide-transformer-v2-500m-multi-species__20260520T222248Z,2,2,0.0003731539472937584,0.0005678815650753677,0.9990590214729309
gue_splice_reconstructed_lora__InstaDeepAI_nucleotide-transformer-v2-500m-multi-species__20260520T222248Z,1,1,9.182442590827122e-05,0.9973401427268982,0.0025681292172521353
gue_splice_reconstructed_lora__InstaDeepAI_nucleotide-transformer-v2-500m-multi-species__20260520T222248Z,0,0,0.9991379976272583,0.00014472052862402052,0.0007172255427576602
gue_splice_reconstructed_lora__InstaDeepAI_nucleotide-transformer-v2-500m-multi-species__20260520T222248Z,0,0,0.996206521987915,5.287654494168237e-05,0.003740569343790412
gue_splice_reconstructed_lora__InstaDeepAI_nucleotide-transformer-v2-500m-multi-species__20260520T222248Z,2,2,0.0028890296816825867,0.0011638589203357697,0.9959471821784973
gue_splice_reconstructed_lora__InstaDeepAI_nucleotide-transformer-v2-500m-multi-species__20260520T222248Z,1,1,0.00011429869482526556,0.9975263476371765,0.0023593909572809935
gue_splice_reconstructed_lora__InstaDeepAI_nucleotide-transformer-v2-500m-multi-species__20260520T222248Z,2,2,0.0019219520036131144,0.002482337411493063,0.9955957531929016
gue_splice_reconstructed_lora__InstaDeepAI_nucleotide-transformer-v2-500m-multi-species__20260520T222248Z,2,2,0.16978596150875092,0.001001727650873363,0.8292122483253479
gue_splice_reconstructed_lora__InstaDeepAI_nucleotide-transformer-v2-500m-multi-species__20260520T222248Z,2,2,0.017901873216032982,0.00038427248364314437,0.9817138314247131
gue_splice_reconstructed_lora__InstaDeepAI_nucleotide-transformer-v2-500m-multi-species__20260520T222248Z,0,0,0.6089550852775574,0.002833825070410967,0.38821107149124146
gue_splice_reconstructed_lora__InstaDeepAI_nucleotide-transformer-v2-500m-multi-species__20260520T222248Z,2,2,0.0030556570272892714,0.0005889053572900593,0.996355414390564
gue_splice_reconstructed_lora__InstaDeepAI_nucleotide-transformer-v2-500m-multi-species__20260520T222248Z,1,1,4.512087980401702e-05,0.9977433681488037,0.0022115190513432026
gue_splice_reconstructed_lora__InstaDeepAI_nucleotide-transformer-v2-500m-multi-species__20260520T222248Z,2,2,0.004556441213935614,0.000899848819244653,0.9945436716079712
gue_splice_reconstructed_lora__InstaDeepAI_nucleotide-transformer-v2-500m-multi-species__20260520T222248Z,1,1,4.244678348186426e-05,0.9991471767425537,0.0008103529689833522
gue_splice_reconstructed_lora__InstaDeepAI_nucleotide-transformer-v2-500m-multi-species__20260520T222248Z,0,2,0.02111477218568325,0.009054782800376415,0.9698305130004883
gue_splice_reconstructed_lora__InstaDeepAI_nucleotide-transformer-v2-500m-multi-species__20260520T222248Z,1,1,5.207272624829784e-05,0.9965118765830994,0.0034361069556325674
gue_splice_reconstructed_lora__InstaDeepAI_nucleotide-transformer-v2-500m-multi-species__20260520T222248Z,0,0,0.9980137348175049,5.215120836510323e-05,0.001934160478413105
gue_splice_reconstructed_lora__InstaDeepAI_nucleotide-transformer-v2-500m-multi-species__20260520T222248Z,2,2,0.0032212103251367807,0.010078276507556438,0.9867004752159119
gue_splice_reconstructed_lora__InstaDeepAI_nucleotide-transformer-v2-500m-multi-species__20260520T222248Z,1,1,6.309067975962535e-05,0.9989849925041199,0.0009518813458271325
gue_splice_reconstructed_lora__InstaDeepAI_nucleotide-transformer-v2-500m-multi-species__20260520T222248Z,1,1,0.00011792236182373017,0.9935989379882812,0.00628305971622467
gue_splice_reconstructed_lora__InstaDeepAI_nucleotide-transformer-v2-500m-multi-species__20260520T222248Z,1,1,0.00016792758833616972,0.9839339852333069,0.01589798927307129
gue_splice_reconstructed_lora__InstaDeepAI_nucleotide-transformer-v2-500m-multi-species__20260520T222248Z,2,2,0.009242084808647633,0.0018323577241972089,0.9889256358146667
gue_splice_reconstructed_lora__InstaDeepAI_nucleotide-transformer-v2-500m-multi-species__20260520T222248Z,0,0,0.9987165927886963,3.985788134741597e-05,0.0012435802491381764
gue_splice_reconstructed_lora__InstaDeepAI_nucleotide-transformer-v2-500m-multi-species__20260520T222248Z,1,1,3.129666220047511e-05,0.99909508228302,0.0008735915762372315
gue_splice_reconstructed_lora__InstaDeepAI_nucleotide-transformer-v2-500m-multi-species__20260520T222248Z,1,1,0.00023895282356534153,0.9455001950263977,0.05426090210676193
gue_splice_reconstructed_lora__InstaDeepAI_nucleotide-transformer-v2-500m-multi-species__20260520T222248Z,1,1,7.615960203111172e-05,0.9977917671203613,0.0021320993546396494
gue_splice_reconstructed_lora__InstaDeepAI_nucleotide-transformer-v2-500m-multi-species__20260520T222248Z,2,2,0.002359305042773485,0.001124295056797564,0.9965163469314575
gue_splice_reconstructed_lora__InstaDeepAI_nucleotide-transformer-v2-500m-multi-species__20260520T222248Z,2,2,0.006495090667158365,0.0008893764461390674,0.9926155805587769
gue_splice_reconstructed_lora__InstaDeepAI_nucleotide-transformer-v2-500m-multi-species__20260520T222248Z,2,2,0.0008605535258539021,0.0004327134811319411,0.9987066984176636
gue_splice_reconstructed_lora__InstaDeepAI_nucleotide-transformer-v2-500m-multi-species__20260520T222248Z,1,1,0.00012295522901695222,0.9885631799697876,0.011313963681459427
gue_splice_reconstructed_lora__InstaDeepAI_nucleotide-transformer-v2-500m-multi-species__20260520T222248Z,0,0,0.9968951940536499,6.382538413163275e-05,0.003040935378521681
gue_splice_reconstructed_lora__InstaDeepAI_nucleotide-transformer-v2-500m-multi-species__20260520T222248Z,2,2,0.0028537269681692123,0.0008002280374057591,0.9963460564613342
gue_splice_reconstructed_lora__InstaDeepAI_nucleotide-transformer-v2-500m-multi-species__20260520T222248Z,2,2,0.007590732537209988,0.0006438064738176763,0.9917654395103455
gue_splice_reconstructed_lora__InstaDeepAI_nucleotide-transformer-v2-500m-multi-species__20260520T222248Z,2,2,0.004943229258060455,0.003971996251493692,0.9910847544670105
gue_splice_reconstructed_lora__InstaDeepAI_nucleotide-transformer-v2-500m-multi-species__20260520T222248Z,2,2,0.006471169646829367,0.0006982306949794292,0.9928305745124817
gue_splice_reconstructed_lora__InstaDeepAI_nucleotide-transformer-v2-500m-multi-species__20260520T222248Z,1,2,0.013387111946940422,0.0030638829339295626,0.9835489988327026
gue_splice_reconstructed_lora__InstaDeepAI_nucleotide-transformer-v2-500m-multi-species__20260520T222248Z,0,0,0.9967606663703918,5.127821350470185e-05,0.0031879988964647055
gue_splice_reconstructed_lora__InstaDeepAI_nucleotide-transformer-v2-500m-multi-species__20260520T222248Z,1,1,4.3600681237876415e-05,0.998625636100769,0.0013307922054082155
gue_splice_reconstructed_lora__InstaDeepAI_nucleotide-transformer-v2-500m-multi-species__20260520T222248Z,0,0,0.9859629273414612,0.00015261776570696384,0.0138844670727849
gue_splice_reconstructed_lora__InstaDeepAI_nucleotide-transformer-v2-500m-multi-species__20260520T222248Z,2,2,0.03491406515240669,0.0017572569195181131,0.9633286595344543
gue_splice_reconstructed_lora__InstaDeepAI_nucleotide-transformer-v2-500m-multi-species__20260520T222248Z,2,2,0.001982480986043811,0.008477996103465557,0.9895395636558533
gue_splice_reconstructed_lora__InstaDeepAI_nucleotide-transformer-v2-500m-multi-species__20260520T222248Z,2,2,0.1621016263961792,0.0008975687087513506,0.8370007872581482
gue_splice_reconstructed_lora__InstaDeepAI_nucleotide-transformer-v2-500m-multi-species__20260520T222248Z,0,0,0.6326276063919067,0.0008779231575317681,0.3664945065975189
gue_splice_reconstructed_lora__InstaDeepAI_nucleotide-transformer-v2-500m-multi-species__20260520T222248Z,2,2,0.10950967669487,0.00048461667029187083,0.8900057077407837
gue_splice_reconstructed_lora__InstaDeepAI_nucleotide-transformer-v2-500m-multi-species__20260520T222248Z,2,2,0.007046680897474289,0.0008548594196327031,0.9920984506607056
gue_splice_reconstructed_lora__InstaDeepAI_nucleotide-transformer-v2-500m-multi-species__20260520T222248Z,0,0,0.9984567165374756,6.831452628830448e-05,0.001474962686188519
gue_splice_reconstructed_lora__InstaDeepAI_nucleotide-transformer-v2-500m-multi-species__20260520T222248Z,0,0,0.9990321397781372,7.276233372977003e-05,0.0008951256168074906
gue_splice_reconstructed_lora__InstaDeepAI_nucleotide-transformer-v2-500m-multi-species__20260520T222248Z,0,0,0.9988638162612915,0.00012207163672428578,0.0010141393868252635
gue_splice_reconstructed_lora__InstaDeepAI_nucleotide-transformer-v2-500m-multi-species__20260520T222248Z,1,1,6.611728167627007e-05,0.9970177412033081,0.0029162419959902763
gue_splice_reconstructed_lora__InstaDeepAI_nucleotide-transformer-v2-500m-multi-species__20260520T222248Z,1,1,8.07053002063185e-05,0.9971725940704346,0.0027466791216284037
gue_splice_reconstructed_lora__InstaDeepAI_nucleotide-transformer-v2-500m-multi-species__20260520T222248Z,0,0,0.9859144687652588,0.0009257663041353226,0.013159756548702717
gue_splice_reconstructed_lora__InstaDeepAI_nucleotide-transformer-v2-500m-multi-species__20260520T222248Z,0,0,0.9864707589149475,0.00045497764949686825,0.013074284419417381
gue_splice_reconstructed_lora__InstaDeepAI_nucleotide-transformer-v2-500m-multi-species__20260520T222248Z,2,2,0.0028282764833420515,0.0019667576998472214,0.9952050447463989
gue_splice_reconstructed_lora__InstaDeepAI_nucleotide-transformer-v2-500m-multi-species__20260520T222248Z,2,2,0.002689150394871831,0.0007956880726851523,0.996515154838562
gue_splice_reconstructed_lora__InstaDeepAI_nucleotide-transformer-v2-500m-multi-species__20260520T222248Z,2,2,0.0015744299162179232,0.001112085417844355,0.9973134398460388
gue_splice_reconstructed_lora__InstaDeepAI_nucleotide-transformer-v2-500m-multi-species__20260520T222248Z,1,1,9.623637015465647e-05,0.9973938465118408,0.0025099993217736483
gue_splice_reconstructed_lora__InstaDeepAI_nucleotide-transformer-v2-500m-multi-species__20260520T222248Z,2,2,0.020245680585503578,0.0014007992576807737,0.9783535599708557
gue_splice_reconstructed_lora__InstaDeepAI_nucleotide-transformer-v2-500m-multi-species__20260520T222248Z,2,2,0.0008596378029324114,0.009260046295821667,0.9898803234100342
gue_splice_reconstructed_lora__InstaDeepAI_nucleotide-transformer-v2-500m-multi-species__20260520T222248Z,0,0,0.9988576173782349,3.409706550883129e-05,0.0011083820136263967
gue_splice_reconstructed_lora__InstaDeepAI_nucleotide-transformer-v2-500m-multi-species__20260520T222248Z,0,0,0.9344372749328613,0.0002744824450928718,0.06528822332620621
gue_splice_reconstructed_lora__InstaDeepAI_nucleotide-transformer-v2-500m-multi-species__20260520T222248Z,2,2,0.0024158090818673372,0.0008389678550884128,0.996745228767395
gue_splice_reconstructed_lora__InstaDeepAI_nucleotide-transformer-v2-500m-multi-species__20260520T222248Z,0,0,0.9994819760322571,4.3808857299154624e-05,0.00047422031639143825
gue_splice_reconstructed_lora__InstaDeepAI_nucleotide-transformer-v2-500m-multi-species__20260520T222248Z,0,0,0.9995538592338562,4.485098907025531e-05,0.00040131708374246955
gue_splice_reconstructed_lora__InstaDeepAI_nucleotide-transformer-v2-500m-multi-species__20260520T222248Z,2,2,0.0025262469425797462,0.0019218673696741462,0.9955518841743469
gue_splice_reconstructed_lora__InstaDeepAI_nucleotide-transformer-v2-500m-multi-species__20260520T222248Z,2,2,0.0032675121910870075,0.003638060763478279,0.9930944442749023
gue_splice_reconstructed_lora__InstaDeepAI_nucleotide-transformer-v2-500m-multi-species__20260520T222248Z,2,2,0.00035439207567833364,0.03587642312049866,0.9637691378593445
gue_splice_reconstructed_lora__InstaDeepAI_nucleotide-transformer-v2-500m-multi-species__20260520T222248Z,2,2,0.0019350986694917083,0.0034598074853420258,0.9946051239967346
gue_splice_reconstructed_lora__InstaDeepAI_nucleotide-transformer-v2-500m-multi-species__20260520T222248Z,1,1,0.00015459184942301363,0.9948225021362305,0.0050228131003677845
gue_splice_reconstructed_lora__InstaDeepAI_nucleotide-transformer-v2-500m-multi-species__20260520T222248Z,2,2,0.007611902896314859,0.0007659230614081025,0.9916222095489502
gue_splice_reconstructed_lora__InstaDeepAI_nucleotide-transformer-v2-500m-multi-species__20260520T222248Z,1,2,0.0009732695179991424,0.4612954258918762,0.5377312898635864
gue_splice_reconstructed_lora__InstaDeepAI_nucleotide-transformer-v2-500m-multi-species__20260520T222248Z,1,1,0.00014178331184666604,0.998166024684906,0.0016922124195843935
gue_splice_reconstructed_lora__InstaDeepAI_nucleotide-transformer-v2-500m-multi-species__20260520T222248Z,2,2,0.008313321508467197,0.003195694414898753,0.9884909391403198
gue_splice_reconstructed_lora__InstaDeepAI_nucleotide-transformer-v2-500m-multi-species__20260520T222248Z,1,1,0.000136018410557881,0.997672975063324,0.002190942643210292
gue_splice_reconstructed_lora__InstaDeepAI_nucleotide-transformer-v2-500m-multi-species__20260520T222248Z,1,2,0.0007928793784230947,0.2895437479019165,0.7096633911132812
gue_splice_reconstructed_lora__InstaDeepAI_nucleotide-transformer-v2-500m-multi-species__20260520T222248Z,1,1,2.6862669983529486e-05,0.998665452003479,0.0013076560571789742
gue_splice_reconstructed_lora__InstaDeepAI_nucleotide-transformer-v2-500m-multi-species__20260520T222248Z,2,2,0.00198665470816195,0.04064660519361496,0.9573667049407959
gue_splice_reconstructed_lora__InstaDeepAI_nucleotide-transformer-v2-500m-multi-species__20260520T222248Z,2,2,0.02116917073726654,0.0031727433670312166,0.975658118724823
gue_splice_reconstructed_lora__InstaDeepAI_nucleotide-transformer-v2-500m-multi-species__20260520T222248Z,2,2,0.0025755439419299364,0.001104486989788711,0.9963200092315674
gue_splice_reconstructed_lora__InstaDeepAI_nucleotide-transformer-v2-500m-multi-species__20260520T222248Z,2,2,0.0020305290818214417,0.00210729637183249,0.9958621263504028
gue_splice_reconstructed_lora__InstaDeepAI_nucleotide-transformer-v2-500m-multi-species__20260520T222248Z,2,2,0.01067512109875679,0.004631843417882919,0.9846930503845215
gue_splice_reconstructed_lora__InstaDeepAI_nucleotide-transformer-v2-500m-multi-species__20260520T222248Z,1,1,0.000700872391462326,0.5001375079154968,0.49916163086891174
gue_splice_reconstructed_lora__InstaDeepAI_nucleotide-transformer-v2-500m-multi-species__20260520T222248Z,0,0,0.9931589961051941,0.00020445846894290298,0.006636534817516804
gue_splice_reconstructed_lora__InstaDeepAI_nucleotide-transformer-v2-500m-multi-species__20260520T222248Z,2,2,0.004566102754324675,0.000725998601410538,0.9947078227996826
gue_splice_reconstructed_lora__InstaDeepAI_nucleotide-transformer-v2-500m-multi-species__20260520T222248Z,2,2,0.00734754791483283,0.007492465432733297,0.9851599931716919
gue_splice_reconstructed_lora__InstaDeepAI_nucleotide-transformer-v2-500m-multi-species__20260520T222248Z,2,2,0.0014945878647267818,0.012129014357924461,0.9863763451576233
gue_splice_reconstructed_lora__InstaDeepAI_nucleotide-transformer-v2-500m-multi-species__20260520T222248Z,2,2,0.0009023313177749515,0.013429070822894573,0.9856686592102051
gue_splice_reconstructed_lora__InstaDeepAI_nucleotide-transformer-v2-500m-multi-species__20260520T222248Z,0,0,0.9886791110038757,9.651997970649973e-05,0.011224322021007538
gue_splice_reconstructed_lora__InstaDeepAI_nucleotide-transformer-v2-500m-multi-species__20260520T222248Z,2,2,0.009984079748392105,0.00029072276083752513,0.9897252321243286
gue_splice_reconstructed_lora__InstaDeepAI_nucleotide-transformer-v2-500m-multi-species__20260520T222248Z,1,1,4.8126592446351424e-05,0.9919506311416626,0.008001307025551796
gue_splice_reconstructed_lora__InstaDeepAI_nucleotide-transformer-v2-500m-multi-species__20260520T222248Z,2,2,0.01961791142821312,0.046150680631399155,0.9342314600944519
gue_splice_reconstructed_lora__InstaDeepAI_nucleotide-transformer-v2-500m-multi-species__20260520T222248Z,1,1,4.5186861825641245e-05,0.9992024302482605,0.0007524287793785334
gue_splice_reconstructed_lora__InstaDeepAI_nucleotide-transformer-v2-500m-multi-species__20260520T222248Z,0,0,0.8266133069992065,0.00989997573196888,0.16348667442798615
gue_splice_reconstructed_lora__InstaDeepAI_nucleotide-transformer-v2-500m-multi-species__20260520T222248Z,0,0,0.9987717270851135,0.00010359130828874186,0.0011246409267187119
gue_splice_reconstructed_lora__InstaDeepAI_nucleotide-transformer-v2-500m-multi-species__20260520T222248Z,2,2,0.0010147927096113563,0.0014282945776358247,0.9975569248199463
gue_splice_reconstructed_lora__InstaDeepAI_nucleotide-transformer-v2-500m-multi-species__20260520T222248Z,2,2,0.000635812000837177,0.000596124620642513,0.9987680315971375
gue_splice_reconstructed_lora__InstaDeepAI_nucleotide-transformer-v2-500m-multi-species__20260520T222248Z,2,2,0.0005668437806889415,0.011891044676303864,0.9875420928001404
gue_splice_reconstructed_lora__InstaDeepAI_nucleotide-transformer-v2-500m-multi-species__20260520T222248Z,1,1,6.719355587847531e-05,0.9975385665893555,0.0023942359257489443
gue_splice_reconstructed_lora__InstaDeepAI_nucleotide-transformer-v2-500m-multi-species__20260520T222248Z,1,1,4.96172797284089e-05,0.9989853501319885,0.0009649849962443113
gue_splice_reconstructed_lora__InstaDeepAI_nucleotide-transformer-v2-500m-multi-species__20260520T222248Z,2,2,0.00048738898476585746,0.002907925983890891,0.9966046810150146
gue_splice_reconstructed_lora__InstaDeepAI_nucleotide-transformer-v2-500m-multi-species__20260520T222248Z,2,2,0.003666253760457039,0.0033316484186798334,0.9930021166801453
gue_splice_reconstructed_lora__InstaDeepAI_nucleotide-transformer-v2-500m-multi-species__20260520T222248Z,1,1,6.421239959308878e-05,0.9990301132202148,0.0009056752896867692
gue_splice_reconstructed_lora__InstaDeepAI_nucleotide-transformer-v2-500m-multi-species__20260520T222248Z,2,2,0.0016155000776052475,0.0007112949970178306,0.9976732134819031
gue_splice_reconstructed_lora__InstaDeepAI_nucleotide-transformer-v2-500m-multi-species__20260520T222248Z,2,2,0.060988299548625946,0.00047263799933716655,0.9385390877723694
gue_splice_reconstructed_lora__InstaDeepAI_nucleotide-transformer-v2-500m-multi-species__20260520T222248Z,2,2,0.002041758270934224,0.0014663210604339838,0.9964918494224548
gue_splice_reconstructed_lora__InstaDeepAI_nucleotide-transformer-v2-500m-multi-species__20260520T222248Z,2,2,0.0032045876141637564,0.0007018950418569148,0.9960935711860657
gue_splice_reconstructed_lora__InstaDeepAI_nucleotide-transformer-v2-500m-multi-species__20260520T222248Z,2,2,0.0023996501695364714,0.0065548536367714405,0.9910454154014587
gue_splice_reconstructed_lora__InstaDeepAI_nucleotide-transformer-v2-500m-multi-species__20260520T222248Z,2,2,0.012568342499434948,0.0020809851121157408,0.9853507280349731
gue_splice_reconstructed_lora__InstaDeepAI_nucleotide-transformer-v2-500m-multi-species__20260520T222248Z,2,2,0.0007895008311606944,0.002689167158678174,0.9965213537216187
gue_splice_reconstructed_lora__InstaDeepAI_nucleotide-transformer-v2-500m-multi-species__20260520T222248Z,0,0,0.9984471201896667,4.159662057645619e-05,0.0015114009147509933
gue_splice_reconstructed_lora__InstaDeepAI_nucleotide-transformer-v2-500m-multi-species__20260520T222248Z,2,2,0.001043573603965342,0.0027253914158791304,0.9962310194969177
gue_splice_reconstructed_lora__InstaDeepAI_nucleotide-transformer-v2-500m-multi-species__20260520T222248Z,2,2,0.0013601778773590922,0.024227740243077278,0.9744120240211487
gue_splice_reconstructed_lora__InstaDeepAI_nucleotide-transformer-v2-500m-multi-species__20260520T222248Z,2,2,0.006342906039208174,0.001311491709202528,0.9923456311225891
gue_splice_reconstructed_lora__InstaDeepAI_nucleotide-transformer-v2-500m-multi-species__20260520T222248Z,1,1,4.466341488296166e-05,0.9992695450782776,0.0006858096458017826
gue_splice_reconstructed_lora__InstaDeepAI_nucleotide-transformer-v2-500m-multi-species__20260520T222248Z,2,2,0.07621117681264877,0.0033587198704481125,0.9204301238059998
gue_splice_reconstructed_lora__InstaDeepAI_nucleotide-transformer-v2-500m-multi-species__20260520T222248Z,2,2,0.16231076419353485,0.002468171762302518,0.8352210521697998
gue_splice_reconstructed_lora__InstaDeepAI_nucleotide-transformer-v2-500m-multi-species__20260520T222248Z,2,2,0.0022633697371929884,0.000742019503377378,0.9969946146011353
gue_splice_reconstructed_lora__InstaDeepAI_nucleotide-transformer-v2-500m-multi-species__20260520T222248Z,2,2,0.000793970306403935,0.0009502581087872386,0.9982557892799377
gue_splice_reconstructed_lora__InstaDeepAI_nucleotide-transformer-v2-500m-multi-species__20260520T222248Z,2,2,0.0007697129622101784,0.0007533524767495692,0.9984769225120544
gue_splice_reconstructed_lora__InstaDeepAI_nucleotide-transformer-v2-500m-multi-species__20260520T222248Z,1,1,0.00010475653107278049,0.9962915182113647,0.003603730583563447
gue_splice_reconstructed_lora__InstaDeepAI_nucleotide-transformer-v2-500m-multi-species__20260520T222248Z,1,1,0.00011845170229207724,0.998059093952179,0.0018223891966044903
gue_splice_reconstructed_lora__InstaDeepAI_nucleotide-transformer-v2-500m-multi-species__20260520T222248Z,0,0,0.9978506565093994,5.5289197916863486e-05,0.002094049472361803
gue_splice_reconstructed_lora__InstaDeepAI_nucleotide-transformer-v2-500m-multi-species__20260520T222248Z,2,2,0.017380163073539734,0.0026163358706980944,0.9800034165382385
gue_splice_reconstructed_lora__InstaDeepAI_nucleotide-transformer-v2-500m-multi-species__20260520T222248Z,1,1,0.0003361690032761544,0.9413911700248718,0.05827261507511139
gue_splice_reconstructed_lora__InstaDeepAI_nucleotide-transformer-v2-500m-multi-species__20260520T222248Z,2,2,0.014774187467992306,0.0007589128217659891,0.9844669103622437
gue_splice_reconstructed_lora__InstaDeepAI_nucleotide-transformer-v2-500m-multi-species__20260520T222248Z,2,2,0.0005535455420613289,0.0005655667628161609,0.998880922794342
gue_splice_reconstructed_lora__InstaDeepAI_nucleotide-transformer-v2-500m-multi-species__20260520T222248Z,2,2,0.0024994516279548407,0.0018701754743233323,0.9956303834915161
gue_splice_reconstructed_lora__InstaDeepAI_nucleotide-transformer-v2-500m-multi-species__20260520T222248Z,1,1,0.00012800567492377013,0.9975046515464783,0.0023674177937209606
gue_splice_reconstructed_lora__InstaDeepAI_nucleotide-transformer-v2-500m-multi-species__20260520T222248Z,0,0,0.9944735169410706,0.0001291210064664483,0.005397332366555929
gue_splice_reconstructed_lora__InstaDeepAI_nucleotide-transformer-v2-500m-multi-species__20260520T222248Z,2,2,0.0025375154800713062,0.009120113216340542,0.9883423447608948
gue_splice_reconstructed_lora__InstaDeepAI_nucleotide-transformer-v2-500m-multi-species__20260520T222248Z,0,0,0.9953444600105286,3.8351041439455e-05,0.0046172430738806725
gue_splice_reconstructed_lora__InstaDeepAI_nucleotide-transformer-v2-500m-multi-species__20260520T222248Z,2,2,0.005448854528367519,0.0008266806253232062,0.993724524974823
gue_splice_reconstructed_lora__InstaDeepAI_nucleotide-transformer-v2-500m-multi-species__20260520T222248Z,1,1,0.00022527595865540206,0.9018900990486145,0.0978846326470375
gue_splice_reconstructed_lora__InstaDeepAI_nucleotide-transformer-v2-500m-multi-species__20260520T222248Z,2,2,0.001337463385425508,0.0004071073781233281,0.9982554316520691
gue_splice_reconstructed_lora__InstaDeepAI_nucleotide-transformer-v2-500m-multi-species__20260520T222248Z,2,2,0.00046748830936849117,0.011348347179591656,0.9881840944290161
gue_splice_reconstructed_lora__InstaDeepAI_nucleotide-transformer-v2-500m-multi-species__20260520T222248Z,0,0,0.9271519780158997,0.00044033207814209163,0.07240771502256393
gue_splice_reconstructed_lora__InstaDeepAI_nucleotide-transformer-v2-500m-multi-species__20260520T222248Z,2,1,0.001652968698181212,0.5368807911872864,0.4614662528038025
gue_splice_reconstructed_lora__InstaDeepAI_nucleotide-transformer-v2-500m-multi-species__20260520T222248Z,2,2,0.0014221258461475372,0.0014417024794965982,0.997136116027832
gue_splice_reconstructed_lora__InstaDeepAI_nucleotide-transformer-v2-500m-multi-species__20260520T222248Z,2,2,0.0035943619441241026,0.0007615561480633914,0.9956440925598145
gue_splice_reconstructed_lora__InstaDeepAI_nucleotide-transformer-v2-500m-multi-species__20260520T222248Z,2,2,0.001356607535853982,0.05484835058450699,0.9437950253486633
gue_splice_reconstructed_lora__InstaDeepAI_nucleotide-transformer-v2-500m-multi-species__20260520T222248Z,0,0,0.9992836117744446,4.066707697347738e-05,0.0006758463568985462
gue_splice_reconstructed_lora__InstaDeepAI_nucleotide-transformer-v2-500m-multi-species__20260520T222248Z,2,2,0.08272314816713333,0.0005835634656250477,0.9166932702064514
gue_splice_reconstructed_lora__InstaDeepAI_nucleotide-transformer-v2-500m-multi-species__20260520T222248Z,2,2,0.002019123639911413,0.0018930898513644934,0.9960877895355225
gue_splice_reconstructed_lora__InstaDeepAI_nucleotide-transformer-v2-500m-multi-species__20260520T222248Z,2,2,0.0032742545008659363,0.0006098307785578072,0.9961159229278564
gue_splice_reconstructed_lora__InstaDeepAI_nucleotide-transformer-v2-500m-multi-species__20260520T222248Z,2,2,0.00020624960598070174,0.0018400788540020585,0.9979536533355713
gue_splice_reconstructed_lora__InstaDeepAI_nucleotide-transformer-v2-500m-multi-species__20260520T222248Z,2,2,0.001401823479682207,0.002166950376704335,0.9964312314987183
gue_splice_reconstructed_lora__InstaDeepAI_nucleotide-transformer-v2-500m-multi-species__20260520T222248Z,2,2,0.0018796623917296529,0.001340713119134307,0.9967796206474304
gue_splice_reconstructed_lora__InstaDeepAI_nucleotide-transformer-v2-500m-multi-species__20260520T222248Z,1,1,3.392684448044747e-05,0.9977610111236572,0.00220508873462677
gue_splice_reconstructed_lora__InstaDeepAI_nucleotide-transformer-v2-500m-multi-species__20260520T222248Z,1,2,0.0007764511392451823,0.07494860142469406,0.9242749810218811
gue_splice_reconstructed_lora__InstaDeepAI_nucleotide-transformer-v2-500m-multi-species__20260520T222248Z,1,1,3.558662865543738e-05,0.9986478686332703,0.0013166024582460523
gue_splice_reconstructed_lora__InstaDeepAI_nucleotide-transformer-v2-500m-multi-species__20260520T222248Z,2,2,0.04323402792215347,0.0009405852761119604,0.9558253288269043
gue_splice_reconstructed_lora__InstaDeepAI_nucleotide-transformer-v2-500m-multi-species__20260520T222248Z,0,0,0.9984785914421082,0.00012083871843060479,0.0014005943667143583
gue_splice_reconstructed_lora__InstaDeepAI_nucleotide-transformer-v2-500m-multi-species__20260520T222248Z,2,2,0.010268782265484333,0.0009321089019067585,0.9887991547584534
gue_splice_reconstructed_lora__InstaDeepAI_nucleotide-transformer-v2-500m-multi-species__20260520T222248Z,2,2,0.0005221214960329235,0.021681588143110275,0.9777962565422058
gue_splice_reconstructed_lora__InstaDeepAI_nucleotide-transformer-v2-500m-multi-species__20260520T222248Z,2,2,0.0012146590743213892,0.003083619521930814,0.9957017302513123
gue_splice_reconstructed_lora__InstaDeepAI_nucleotide-transformer-v2-500m-multi-species__20260520T222248Z,2,2,0.010216455906629562,0.031622935086488724,0.9581606388092041
gue_splice_reconstructed_lora__InstaDeepAI_nucleotide-transformer-v2-500m-multi-species__20260520T222248Z,2,2,0.013922887854278088,0.0013907219981774688,0.9846863746643066
gue_splice_reconstructed_lora__InstaDeepAI_nucleotide-transformer-v2-500m-multi-species__20260520T222248Z,2,2,0.020653003826737404,0.003000148106366396,0.9763468503952026
gue_splice_reconstructed_lora__InstaDeepAI_nucleotide-transformer-v2-500m-multi-species__20260520T222248Z,0,0,0.9992558360099792,2.9635852115461603e-05,0.0007145136478357017
gue_splice_reconstructed_lora__InstaDeepAI_nucleotide-transformer-v2-500m-multi-species__20260520T222248Z,2,2,0.05938725546002388,0.005724321585148573,0.9348884224891663
gue_splice_reconstructed_lora__InstaDeepAI_nucleotide-transformer-v2-500m-multi-species__20260520T222248Z,0,0,0.9958744645118713,0.0002891209733206779,0.003836417803540826
gue_splice_reconstructed_lora__InstaDeepAI_nucleotide-transformer-v2-500m-multi-species__20260520T222248Z,1,1,4.332562457420863e-05,0.9962096214294434,0.0037469789385795593
gue_splice_reconstructed_lora__InstaDeepAI_nucleotide-transformer-v2-500m-multi-species__20260520T222248Z,2,2,0.0007959372014738619,0.01974591799080372,0.9794580936431885
gue_splice_reconstructed_lora__InstaDeepAI_nucleotide-transformer-v2-500m-multi-species__20260520T222248Z,0,0,0.9985350370407104,9.940483141690493e-05,0.001365557429380715
gue_splice_reconstructed_lora__InstaDeepAI_nucleotide-transformer-v2-500m-multi-species__20260520T222248Z,2,2,0.08742979913949966,0.01543604489415884,0.8971341252326965
gue_splice_reconstructed_lora__InstaDeepAI_nucleotide-transformer-v2-500m-multi-species__20260520T222248Z,2,2,0.0026160371489822865,0.0020613877568393946,0.9953226447105408
gue_splice_reconstructed_lora__InstaDeepAI_nucleotide-transformer-v2-500m-multi-species__20260520T222248Z,2,2,0.0009556279401294887,0.008779212832450867,0.9902651309967041
gue_splice_reconstructed_lora__InstaDeepAI_nucleotide-transformer-v2-500m-multi-species__20260520T222248Z,2,2,0.011956208385527134,0.002335995202884078,0.9857078194618225
gue_splice_reconstructed_lora__InstaDeepAI_nucleotide-transformer-v2-500m-multi-species__20260520T222248Z,2,2,0.05712825059890747,0.005319596268236637,0.9375521540641785
gue_splice_reconstructed_lora__InstaDeepAI_nucleotide-transformer-v2-500m-multi-species__20260520T222248Z,2,1,0.0002887528680730611,0.5344581604003906,0.465253084897995
gue_splice_reconstructed_lora__InstaDeepAI_nucleotide-transformer-v2-500m-multi-species__20260520T222248Z,2,2,0.0019940845668315887,0.012347174808382988,0.9856587052345276
gue_splice_reconstructed_lora__InstaDeepAI_nucleotide-transformer-v2-500m-multi-species__20260520T222248Z,1,1,4.2610932723619044e-05,0.9991006851196289,0.0008566995966248214
gue_splice_reconstructed_lora__InstaDeepAI_nucleotide-transformer-v2-500m-multi-species__20260520T222248Z,2,2,0.0006952726980671287,0.008747565560042858,0.9905571937561035
gue_splice_reconstructed_lora__InstaDeepAI_nucleotide-transformer-v2-500m-multi-species__20260520T222248Z,2,2,0.332158625125885,0.00208407174795866,0.6657572388648987
gue_splice_reconstructed_lora__InstaDeepAI_nucleotide-transformer-v2-500m-multi-species__20260520T222248Z,1,1,7.412964623654261e-05,0.9981192946434021,0.0018065512413159013
gue_splice_reconstructed_lora__InstaDeepAI_nucleotide-transformer-v2-500m-multi-species__20260520T222248Z,2,2,0.001033575157634914,0.014205500483512878,0.9847608804702759
gue_splice_reconstructed_lora__InstaDeepAI_nucleotide-transformer-v2-500m-multi-species__20260520T222248Z,2,0,0.9782953858375549,0.0003576319431886077,0.021346895024180412
gue_splice_reconstructed_lora__InstaDeepAI_nucleotide-transformer-v2-500m-multi-species__20260520T222248Z,2,2,0.0006635393365286291,0.008621731773018837,0.9907146692276001
gue_splice_reconstructed_lora__InstaDeepAI_nucleotide-transformer-v2-500m-multi-species__20260520T222248Z,1,1,8.754445298109204e-05,0.9397758841514587,0.06013656035065651
gue_splice_reconstructed_lora__InstaDeepAI_nucleotide-transformer-v2-500m-multi-species__20260520T222248Z,1,2,0.012159804813563824,0.009525717236101627,0.9783144593238831
gue_splice_reconstructed_lora__InstaDeepAI_nucleotide-transformer-v2-500m-multi-species__20260520T222248Z,2,2,0.0011851057643070817,0.0004087624547537416,0.9984061121940613
gue_splice_reconstructed_lora__InstaDeepAI_nucleotide-transformer-v2-500m-multi-species__20260520T222248Z,1,1,7.908450061222538e-05,0.9964190721511841,0.0035018413327634335
gue_splice_reconstructed_lora__InstaDeepAI_nucleotide-transformer-v2-500m-multi-species__20260520T222248Z,2,2,0.004164795856922865,0.00035065857809968293,0.9954845905303955
gue_splice_reconstructed_lora__InstaDeepAI_nucleotide-transformer-v2-500m-multi-species__20260520T222248Z,2,2,0.013233115896582603,0.0006669298163615167,0.986099898815155
gue_splice_reconstructed_lora__InstaDeepAI_nucleotide-transformer-v2-500m-multi-species__20260520T222248Z,2,2,0.012280491180717945,0.009296998381614685,0.9784225225448608
gue_splice_reconstructed_lora__InstaDeepAI_nucleotide-transformer-v2-500m-multi-species__20260520T222248Z,1,1,7.757679850328714e-05,0.9986494183540344,0.0012729851296171546
gue_splice_reconstructed_lora__InstaDeepAI_nucleotide-transformer-v2-500m-multi-species__20260520T222248Z,1,1,0.00014092476340010762,0.903337299823761,0.09652170538902283
gue_splice_reconstructed_lora__InstaDeepAI_nucleotide-transformer-v2-500m-multi-species__20260520T222248Z,2,2,0.007057583425194025,0.008965290151536465,0.9839771389961243
gue_splice_reconstructed_lora__InstaDeepAI_nucleotide-transformer-v2-500m-multi-species__20260520T222248Z,2,2,0.010754290036857128,0.02022947557270527,0.9690162539482117
gue_splice_reconstructed_lora__InstaDeepAI_nucleotide-transformer-v2-500m-multi-species__20260520T222248Z,2,2,0.0012624742230400443,0.02082795649766922,0.9779095649719238
gue_splice_reconstructed_lora__InstaDeepAI_nucleotide-transformer-v2-500m-multi-species__20260520T222248Z,0,2,0.2563539445400238,0.002585397567600012,0.7410606741905212
gue_splice_reconstructed_lora__InstaDeepAI_nucleotide-transformer-v2-500m-multi-species__20260520T222248Z,2,2,0.008897174149751663,0.002125683007761836,0.9889771342277527
gue_splice_reconstructed_lora__InstaDeepAI_nucleotide-transformer-v2-500m-multi-species__20260520T222248Z,2,2,0.3779132068157196,0.0014423952670767903,0.6206443309783936
gue_splice_reconstructed_lora__InstaDeepAI_nucleotide-transformer-v2-500m-multi-species__20260520T222248Z,1,2,0.0018390491604804993,0.22517231106758118,0.7729886174201965
gue_splice_reconstructed_lora__InstaDeepAI_nucleotide-transformer-v2-500m-multi-species__20260520T222248Z,2,2,0.004763268865644932,0.00991781335324049,0.9853188991546631
gue_splice_reconstructed_lora__InstaDeepAI_nucleotide-transformer-v2-500m-multi-species__20260520T222248Z,2,2,0.005211175885051489,0.0036522257141768932,0.9911366701126099
gue_splice_reconstructed_lora__InstaDeepAI_nucleotide-transformer-v2-500m-multi-species__20260520T222248Z,0,0,0.5175725221633911,0.0018776273354887962,0.4805498421192169
gue_splice_reconstructed_lora__InstaDeepAI_nucleotide-transformer-v2-500m-multi-species__20260520T222248Z,1,2,0.006669561844319105,0.09029904007911682,0.9030314087867737
gue_splice_reconstructed_lora__InstaDeepAI_nucleotide-transformer-v2-500m-multi-species__20260520T222248Z,0,0,0.9707692265510559,0.000293059361865744,0.028937820345163345
gue_splice_reconstructed_lora__InstaDeepAI_nucleotide-transformer-v2-500m-multi-species__20260520T222248Z,0,0,0.9685978889465332,0.001378728891722858,0.03002326563000679
gue_splice_reconstructed_lora__InstaDeepAI_nucleotide-transformer-v2-500m-multi-species__20260520T222248Z,2,2,0.013989139348268509,0.0024191071279346943,0.9835917949676514
gue_splice_reconstructed_lora__InstaDeepAI_nucleotide-transformer-v2-500m-multi-species__20260520T222248Z,2,2,0.0017123090801760554,0.012627660296857357,0.9856600761413574
gue_splice_reconstructed_lora__InstaDeepAI_nucleotide-transformer-v2-500m-multi-species__20260520T222248Z,2,2,0.0014112667413428426,0.007132095284759998,0.9914566874504089
gue_splice_reconstructed_lora__InstaDeepAI_nucleotide-transformer-v2-500m-multi-species__20260520T222248Z,0,0,0.9990398287773132,5.80116429773625e-05,0.0009021532023325562
gue_splice_reconstructed_lora__InstaDeepAI_nucleotide-transformer-v2-500m-multi-species__20260520T222248Z,2,2,0.0018138954183086753,0.0018641783390194178,0.9963219165802002
gue_splice_reconstructed_lora__InstaDeepAI_nucleotide-transformer-v2-500m-multi-species__20260520T222248Z,2,2,0.0013440760085359216,0.001325824880041182,0.9973300695419312
gue_splice_reconstructed_lora__InstaDeepAI_nucleotide-transformer-v2-500m-multi-species__20260520T222248Z,2,2,0.012747692875564098,0.013372520916163921,0.9738798141479492
gue_splice_reconstructed_lora__InstaDeepAI_nucleotide-transformer-v2-500m-multi-species__20260520T222248Z,2,2,0.005913735367357731,0.0014893971383571625,0.9925968647003174
gue_splice_reconstructed_lora__InstaDeepAI_nucleotide-transformer-v2-500m-multi-species__20260520T222248Z,0,0,0.9993118047714233,3.255044066463597e-05,0.0006557112792506814
gue_splice_reconstructed_lora__InstaDeepAI_nucleotide-transformer-v2-500m-multi-species__20260520T222248Z,2,2,0.0015370318433269858,0.01911751925945282,0.979345440864563
gue_splice_reconstructed_lora__InstaDeepAI_nucleotide-transformer-v2-500m-multi-species__20260520T222248Z,1,1,6.936094723641872e-05,0.9902673363685608,0.009663309901952744
gue_splice_reconstructed_lora__InstaDeepAI_nucleotide-transformer-v2-500m-multi-species__20260520T222248Z,2,2,0.0077195423655211926,0.00029138775425963104,0.9919890761375427
gue_splice_reconstructed_lora__InstaDeepAI_nucleotide-transformer-v2-500m-multi-species__20260520T222248Z,2,2,0.001958179287612438,0.005240359343588352,0.9928014278411865
gue_splice_reconstructed_lora__InstaDeepAI_nucleotide-transformer-v2-500m-multi-species__20260520T222248Z,2,2,0.09998997300863266,0.0009417934925295413,0.8990682363510132
gue_splice_reconstructed_lora__InstaDeepAI_nucleotide-transformer-v2-500m-multi-species__20260520T222248Z,2,2,0.006302053574472666,0.0009807123569771647,0.9927172660827637
gue_splice_reconstructed_lora__InstaDeepAI_nucleotide-transformer-v2-500m-multi-species__20260520T222248Z,2,2,0.013154317624866962,0.003261603182181716,0.9835841059684753
gue_splice_reconstructed_lora__InstaDeepAI_nucleotide-transformer-v2-500m-multi-species__20260520T222248Z,0,2,0.0021029578056186438,0.007959765382111073,0.9899373054504395
gue_splice_reconstructed_lora__InstaDeepAI_nucleotide-transformer-v2-500m-multi-species__20260520T222248Z,2,2,0.02527480386197567,0.0028552054427564144,0.971869945526123
gue_splice_reconstructed_lora__InstaDeepAI_nucleotide-transformer-v2-500m-multi-species__20260520T222248Z,1,1,9.765067079570144e-05,0.9983092546463013,0.0015930228400975466
gue_splice_reconstructed_lora__InstaDeepAI_nucleotide-transformer-v2-500m-multi-species__20260520T222248Z,1,2,0.0014196955598890781,0.13373397290706635,0.8648462891578674
gue_splice_reconstructed_lora__InstaDeepAI_nucleotide-transformer-v2-500m-multi-species__20260520T222248Z,2,2,0.0025339347776025534,0.0027775524649769068,0.9946885108947754
gue_splice_reconstructed_lora__InstaDeepAI_nucleotide-transformer-v2-500m-multi-species__20260520T222248Z,2,2,0.015842974185943604,0.0015910373767837882,0.9825659990310669
gue_splice_reconstructed_lora__InstaDeepAI_nucleotide-transformer-v2-500m-multi-species__20260520T222248Z,0,0,0.9994723200798035,5.625114863505587e-05,0.0004714452661573887
gue_splice_reconstructed_lora__InstaDeepAI_nucleotide-transformer-v2-500m-multi-species__20260520T222248Z,2,1,0.0008883418049663305,0.7454761862754822,0.2536354959011078
gue_splice_reconstructed_lora__InstaDeepAI_nucleotide-transformer-v2-500m-multi-species__20260520T222248Z,2,2,0.010493619367480278,0.0010174211347475648,0.9884889721870422
gue_splice_reconstructed_lora__InstaDeepAI_nucleotide-transformer-v2-500m-multi-species__20260520T222248Z,2,2,0.0005119408015161753,0.28423163294792175,0.7152564525604248
gue_splice_reconstructed_lora__InstaDeepAI_nucleotide-transformer-v2-500m-multi-species__20260520T222248Z,0,0,0.9971377849578857,8.863432594807819e-05,0.002773536602035165
gue_splice_reconstructed_lora__InstaDeepAI_nucleotide-transformer-v2-500m-multi-species__20260520T222248Z,2,2,0.0011065017897635698,0.0007560438825748861,0.9981374740600586
gue_splice_reconstructed_lora__InstaDeepAI_nucleotide-transformer-v2-500m-multi-species__20260520T222248Z,1,2,0.002043497283011675,0.29280489683151245,0.7051515579223633
gue_splice_reconstructed_lora__InstaDeepAI_nucleotide-transformer-v2-500m-multi-species__20260520T222248Z,0,0,0.9980219602584839,4.5844222768209875e-05,0.0019322882872074842
gue_splice_reconstructed_lora__InstaDeepAI_nucleotide-transformer-v2-500m-multi-species__20260520T222248Z,2,2,0.0018908457132056355,0.0012571171391755342,0.9968520998954773
gue_splice_reconstructed_lora__InstaDeepAI_nucleotide-transformer-v2-500m-multi-species__20260520T222248Z,2,2,0.0008520979317836463,0.004442926961928606,0.9947050213813782
gue_splice_reconstructed_lora__InstaDeepAI_nucleotide-transformer-v2-500m-multi-species__20260520T222248Z,2,2,0.027205409482121468,0.0029397313483059406,0.9698548316955566
gue_splice_reconstructed_lora__InstaDeepAI_nucleotide-transformer-v2-500m-multi-species__20260520T222248Z,2,2,0.003077109344303608,0.002352399518713355,0.9945704340934753
gue_splice_reconstructed_lora__InstaDeepAI_nucleotide-transformer-v2-500m-multi-species__20260520T222248Z,2,2,0.02830018661916256,0.06690140813589096,0.9047984480857849
gue_splice_reconstructed_lora__InstaDeepAI_nucleotide-transformer-v2-500m-multi-species__20260520T222248Z,1,1,9.916691487887874e-05,0.9980925917625427,0.001808268134482205
gue_splice_reconstructed_lora__InstaDeepAI_nucleotide-transformer-v2-500m-multi-species__20260520T222248Z,2,2,0.0009464338654652238,0.012552334927022457,0.9865012764930725
gue_splice_reconstructed_lora__InstaDeepAI_nucleotide-transformer-v2-500m-multi-species__20260520T222248Z,2,2,0.004556071944534779,0.009682953357696533,0.9857609868049622
gue_splice_reconstructed_lora__InstaDeepAI_nucleotide-transformer-v2-500m-multi-species__20260520T222248Z,2,2,0.0021662162616848946,0.015265855938196182,0.9825679659843445
gue_splice_reconstructed_lora__InstaDeepAI_nucleotide-transformer-v2-500m-multi-species__20260520T222248Z,0,0,0.9992266893386841,4.195560177322477e-05,0.0007314364775083959
gue_splice_reconstructed_lora__InstaDeepAI_nucleotide-transformer-v2-500m-multi-species__20260520T222248Z,2,2,0.0009980106260627508,0.029371587559580803,0.9696304202079773
gue_splice_reconstructed_lora__InstaDeepAI_nucleotide-transformer-v2-500m-multi-species__20260520T222248Z,1,1,6.5922002249863e-05,0.9979637861251831,0.0019702843856066465
gue_splice_reconstructed_lora__InstaDeepAI_nucleotide-transformer-v2-500m-multi-species__20260520T222248Z,0,0,0.969906210899353,0.0010100621730089188,0.029083771631121635
gue_splice_reconstructed_lora__InstaDeepAI_nucleotide-transformer-v2-500m-multi-species__20260520T222248Z,2,2,0.020897090435028076,0.0036795614287257195,0.9754233956336975
gue_splice_reconstructed_lora__InstaDeepAI_nucleotide-transformer-v2-500m-multi-species__20260520T222248Z,0,0,0.9991680383682251,0.00011404044198570773,0.0007179478998295963
gue_splice_reconstructed_lora__InstaDeepAI_nucleotide-transformer-v2-500m-multi-species__20260520T222248Z,2,2,0.0007515156758017838,0.0012585519580170512,0.9979898929595947
gue_splice_reconstructed_lora__InstaDeepAI_nucleotide-transformer-v2-500m-multi-species__20260520T222248Z,2,2,0.0007777702412568033,0.005935210268944502,0.9932870268821716
gue_splice_reconstructed_lora__InstaDeepAI_nucleotide-transformer-v2-500m-multi-species__20260520T222248Z,2,2,0.0009409391786903143,0.0008926049340516329,0.9981665015220642
gue_splice_reconstructed_lora__InstaDeepAI_nucleotide-transformer-v2-500m-multi-species__20260520T222248Z,2,2,0.004061706364154816,0.011730004101991653,0.9842082858085632
gue_splice_reconstructed_lora__InstaDeepAI_nucleotide-transformer-v2-500m-multi-species__20260520T222248Z,2,2,0.05708179250359535,0.0020027265418320894,0.9409155249595642
gue_splice_reconstructed_lora__InstaDeepAI_nucleotide-transformer-v2-500m-multi-species__20260520T222248Z,2,2,0.011475764214992523,0.004737320821732283,0.9837868809700012
gue_splice_reconstructed_lora__InstaDeepAI_nucleotide-transformer-v2-500m-multi-species__20260520T222248Z,2,2,0.0005601429147645831,0.0023791082203388214,0.9970607161521912
gue_splice_reconstructed_lora__InstaDeepAI_nucleotide-transformer-v2-500m-multi-species__20260520T222248Z,1,1,0.00023008427524473518,0.9672338366508484,0.0325361043214798
gue_splice_reconstructed_lora__InstaDeepAI_nucleotide-transformer-v2-500m-multi-species__20260520T222248Z,1,1,6.852724618511274e-05,0.9976611137390137,0.0022704191505908966
gue_splice_reconstructed_lora__InstaDeepAI_nucleotide-transformer-v2-500m-multi-species__20260520T222248Z,0,0,0.9983618855476379,4.191929110675119e-05,0.0015962214674800634
gue_splice_reconstructed_lora__InstaDeepAI_nucleotide-transformer-v2-500m-multi-species__20260520T222248Z,2,1,0.0007368221413344145,0.5186513662338257,0.4806118607521057
gue_splice_reconstructed_lora__InstaDeepAI_nucleotide-transformer-v2-500m-multi-species__20260520T222248Z,2,2,0.0017721388721838593,0.0017583481967449188,0.9964694976806641
gue_splice_reconstructed_lora__InstaDeepAI_nucleotide-transformer-v2-500m-multi-species__20260520T222248Z,0,0,0.6689095497131348,0.0031742227729409933,0.3279162645339966
gue_splice_reconstructed_lora__InstaDeepAI_nucleotide-transformer-v2-500m-multi-species__20260520T222248Z,2,2,0.0035340958274900913,0.005008268635720015,0.9914576411247253
gue_splice_reconstructed_lora__InstaDeepAI_nucleotide-transformer-v2-500m-multi-species__20260520T222248Z,2,2,0.0013278925325721502,0.03805350512266159,0.9606186151504517
gue_splice_reconstructed_lora__InstaDeepAI_nucleotide-transformer-v2-500m-multi-species__20260520T222248Z,2,2,0.010534342378377914,0.002456127665936947,0.9870095252990723
gue_splice_reconstructed_lora__InstaDeepAI_nucleotide-transformer-v2-500m-multi-species__20260520T222248Z,2,2,0.002382399747148156,0.002098358003422618,0.9955192804336548
gue_splice_reconstructed_lora__InstaDeepAI_nucleotide-transformer-v2-500m-multi-species__20260520T222248Z,1,1,7.496578473364934e-05,0.9976179003715515,0.002307199640199542
gue_splice_reconstructed_lora__InstaDeepAI_nucleotide-transformer-v2-500m-multi-species__20260520T222248Z,1,1,5.555758252739906e-05,0.9987851977348328,0.0011592238442972302
gue_splice_reconstructed_lora__InstaDeepAI_nucleotide-transformer-v2-500m-multi-species__20260520T222248Z,1,1,0.00010071704309666529,0.9979783892631531,0.0019209153251722455
gue_splice_reconstructed_lora__InstaDeepAI_nucleotide-transformer-v2-500m-multi-species__20260520T222248Z,2,2,0.00928759016096592,0.007536024786531925,0.9831763505935669
gue_splice_reconstructed_lora__InstaDeepAI_nucleotide-transformer-v2-500m-multi-species__20260520T222248Z,1,1,6.366428715409711e-05,0.9982709884643555,0.001665338990278542
gue_splice_reconstructed_lora__InstaDeepAI_nucleotide-transformer-v2-500m-multi-species__20260520T222248Z,2,2,0.08639958500862122,0.0024611612316221,0.9111393094062805
gue_splice_reconstructed_lora__InstaDeepAI_nucleotide-transformer-v2-500m-multi-species__20260520T222248Z,1,1,5.256935764919035e-05,0.9981868863105774,0.0017605186440050602
gue_splice_reconstructed_lora__InstaDeepAI_nucleotide-transformer-v2-500m-multi-species__20260520T222248Z,1,1,0.00018956536951009184,0.9537639021873474,0.04604662209749222
gue_splice_reconstructed_lora__InstaDeepAI_nucleotide-transformer-v2-500m-multi-species__20260520T222248Z,2,2,0.005975436884909868,0.006620668340474367,0.9874038696289062
gue_splice_reconstructed_lora__InstaDeepAI_nucleotide-transformer-v2-500m-multi-species__20260520T222248Z,0,0,0.9971902966499329,0.0003063739277422428,0.002503367606550455
gue_splice_reconstructed_lora__InstaDeepAI_nucleotide-transformer-v2-500m-multi-species__20260520T222248Z,0,0,0.9971216320991516,7.492849545087665e-05,0.0028034457936882973
gue_splice_reconstructed_lora__InstaDeepAI_nucleotide-transformer-v2-500m-multi-species__20260520T222248Z,0,0,0.9965876340866089,9.466777555644512e-05,0.0033176576253026724
gue_splice_reconstructed_lora__InstaDeepAI_nucleotide-transformer-v2-500m-multi-species__20260520T222248Z,2,2,0.0026606025639921427,0.018119879066944122,0.9792194962501526
gue_splice_reconstructed_lora__InstaDeepAI_nucleotide-transformer-v2-500m-multi-species__20260520T222248Z,1,1,7.490046846214682e-05,0.9928626418113708,0.00706244632601738
gue_splice_reconstructed_lora__InstaDeepAI_nucleotide-transformer-v2-500m-multi-species__20260520T222248Z,2,2,0.0008618526044301689,0.010576696135103703,0.9885614514350891
gue_splice_reconstructed_lora__InstaDeepAI_nucleotide-transformer-v2-500m-multi-species__20260520T222248Z,2,2,0.0033030714839696884,0.0006074371049180627,0.9960894584655762
gue_splice_reconstructed_lora__InstaDeepAI_nucleotide-transformer-v2-500m-multi-species__20260520T222248Z,2,2,0.0008609953802078962,0.009630013257265091,0.9895089864730835
gue_splice_reconstructed_lora__InstaDeepAI_nucleotide-transformer-v2-500m-multi-species__20260520T222248Z,2,2,0.0008082317071966827,0.09714026749134064,0.9020515084266663
gue_splice_reconstructed_lora__InstaDeepAI_nucleotide-transformer-v2-500m-multi-species__20260520T222248Z,2,2,0.00368253025226295,0.0018247656989842653,0.994492769241333
gue_splice_reconstructed_lora__InstaDeepAI_nucleotide-transformer-v2-500m-multi-species__20260520T222248Z,2,2,0.0026957127265632153,0.0032231963705271482,0.9940810799598694
gue_splice_reconstructed_lora__InstaDeepAI_nucleotide-transformer-v2-500m-multi-species__20260520T222248Z,0,0,0.9973371624946594,0.0004380685568321496,0.0022246958687901497
gue_splice_reconstructed_lora__InstaDeepAI_nucleotide-transformer-v2-500m-multi-species__20260520T222248Z,1,1,0.00019095958850812167,0.9971024394035339,0.002706547500565648
gue_splice_reconstructed_lora__InstaDeepAI_nucleotide-transformer-v2-500m-multi-species__20260520T222248Z,2,2,0.010344368405640125,0.0032581801060587168,0.9863974452018738
gue_splice_reconstructed_lora__InstaDeepAI_nucleotide-transformer-v2-500m-multi-species__20260520T222248Z,2,2,0.012819834984838963,0.012559604831039906,0.9746205806732178
gue_splice_reconstructed_lora__InstaDeepAI_nucleotide-transformer-v2-500m-multi-species__20260520T222248Z,1,1,7.389191159745678e-05,0.9988123178482056,0.0011137567926198244
gue_splice_reconstructed_lora__InstaDeepAI_nucleotide-transformer-v2-500m-multi-species__20260520T222248Z,2,2,0.008049012161791325,0.001609903876669705,0.990341067314148
gue_splice_reconstructed_lora__InstaDeepAI_nucleotide-transformer-v2-500m-multi-species__20260520T222248Z,2,2,0.003032910404726863,0.02145731821656227,0.9755098223686218
gue_splice_reconstructed_lora__InstaDeepAI_nucleotide-transformer-v2-500m-multi-species__20260520T222248Z,0,0,0.9898986220359802,0.00032060235389508307,0.009780739434063435
gue_splice_reconstructed_lora__InstaDeepAI_nucleotide-transformer-v2-500m-multi-species__20260520T222248Z,1,1,7.863062637625262e-05,0.9984706044197083,0.001450698240660131
gue_splice_reconstructed_lora__InstaDeepAI_nucleotide-transformer-v2-500m-multi-species__20260520T222248Z,2,2,0.10481420904397964,0.0033316207118332386,0.8918541669845581
gue_splice_reconstructed_lora__InstaDeepAI_nucleotide-transformer-v2-500m-multi-species__20260520T222248Z,2,2,0.0007245864835567772,0.008439507335424423,0.9908359050750732
gue_splice_reconstructed_lora__InstaDeepAI_nucleotide-transformer-v2-500m-multi-species__20260520T222248Z,1,1,0.00014814479800406843,0.9951910972595215,0.004660697653889656
gue_splice_reconstructed_lora__InstaDeepAI_nucleotide-transformer-v2-500m-multi-species__20260520T222248Z,0,0,0.8394848108291626,0.0025495407171547413,0.1579657346010208
gue_splice_reconstructed_lora__InstaDeepAI_nucleotide-transformer-v2-500m-multi-species__20260520T222248Z,0,0,0.9992530941963196,4.4142347178421915e-05,0.0007027474930509925
gue_splice_reconstructed_lora__InstaDeepAI_nucleotide-transformer-v2-500m-multi-species__20260520T222248Z,1,1,9.222282824339345e-05,0.9977622032165527,0.00214561284519732
gue_splice_reconstructed_lora__InstaDeepAI_nucleotide-transformer-v2-500m-multi-species__20260520T222248Z,0,0,0.998199462890625,5.706421143258922e-05,0.0017434317851439118
gue_splice_reconstructed_lora__InstaDeepAI_nucleotide-transformer-v2-500m-multi-species__20260520T222248Z,2,2,0.0014154445379972458,0.004192851949483156,0.9943917393684387
gue_splice_reconstructed_lora__InstaDeepAI_nucleotide-transformer-v2-500m-multi-species__20260520T222248Z,2,2,0.001450132578611374,0.0004684960003942251,0.9980813264846802
gue_splice_reconstructed_lora__InstaDeepAI_nucleotide-transformer-v2-500m-multi-species__20260520T222248Z,2,2,0.02107703872025013,0.01554123219102621,0.9633817672729492
gue_splice_reconstructed_lora__InstaDeepAI_nucleotide-transformer-v2-500m-multi-species__20260520T222248Z,2,2,0.0006390692433342338,0.012968345545232296,0.9863925576210022
gue_splice_reconstructed_lora__InstaDeepAI_nucleotide-transformer-v2-500m-multi-species__20260520T222248Z,2,2,0.0019364985637366772,0.0389978289604187,0.9590656757354736
gue_splice_reconstructed_lora__InstaDeepAI_nucleotide-transformer-v2-500m-multi-species__20260520T222248Z,1,1,9.162476635538042e-05,0.9990666508674622,0.0008417433709837496
gue_splice_reconstructed_lora__InstaDeepAI_nucleotide-transformer-v2-500m-multi-species__20260520T222248Z,2,2,0.029909290373325348,0.0023386767134070396,0.9677520394325256
gue_splice_reconstructed_lora__InstaDeepAI_nucleotide-transformer-v2-500m-multi-species__20260520T222248Z,1,1,4.839540270040743e-05,0.9974911212921143,0.002460489748045802
gue_splice_reconstructed_lora__InstaDeepAI_nucleotide-transformer-v2-500m-multi-species__20260520T222248Z,2,2,0.007674419786781073,0.005653238855302334,0.9866722822189331
gue_splice_reconstructed_lora__InstaDeepAI_nucleotide-transformer-v2-500m-multi-species__20260520T222248Z,2,2,0.0008259793394245207,0.0024064448662102222,0.9967676401138306
gue_splice_reconstructed_lora__InstaDeepAI_nucleotide-transformer-v2-500m-multi-species__20260520T222248Z,1,1,8.223065378842875e-05,0.9963679313659668,0.003549864748492837
gue_splice_reconstructed_lora__InstaDeepAI_nucleotide-transformer-v2-500m-multi-species__20260520T222248Z,2,2,0.0039433641359210014,0.0014894416090101004,0.9945671558380127
gue_splice_reconstructed_lora__InstaDeepAI_nucleotide-transformer-v2-500m-multi-species__20260520T222248Z,2,2,0.0043958937749266624,0.0017709060339257121,0.9938331842422485
gue_splice_reconstructed_lora__InstaDeepAI_nucleotide-transformer-v2-500m-multi-species__20260520T222248Z,2,2,0.0015603783540427685,0.002274775877594948,0.9961649179458618
gue_splice_reconstructed_lora__InstaDeepAI_nucleotide-transformer-v2-500m-multi-species__20260520T222248Z,0,0,0.9994004964828491,4.2457544623175636e-05,0.0005570881185121834
gue_splice_reconstructed_lora__InstaDeepAI_nucleotide-transformer-v2-500m-multi-species__20260520T222248Z,2,2,0.0050832596607506275,0.0013080413918942213,0.9936087131500244
gue_splice_reconstructed_lora__InstaDeepAI_nucleotide-transformer-v2-500m-multi-species__20260520T222248Z,0,1,0.0005234252312220633,0.8400809168815613,0.15939556062221527
gue_splice_reconstructed_lora__InstaDeepAI_nucleotide-transformer-v2-500m-multi-species__20260520T222248Z,0,0,0.9989429116249084,0.00010061766806757078,0.0009565002401359379
gue_splice_reconstructed_lora__InstaDeepAI_nucleotide-transformer-v2-500m-multi-species__20260520T222248Z,0,0,0.9968584775924683,4.072716910741292e-05,0.0031007982324808836
gue_splice_reconstructed_lora__InstaDeepAI_nucleotide-transformer-v2-500m-multi-species__20260520T222248Z,1,1,4.944485044688918e-05,0.9955137372016907,0.004436779767274857
gue_splice_reconstructed_lora__InstaDeepAI_nucleotide-transformer-v2-500m-multi-species__20260520T222248Z,2,2,0.002905647736042738,0.009984474629163742,0.987109899520874
gue_splice_reconstructed_lora__InstaDeepAI_nucleotide-transformer-v2-500m-multi-species__20260520T222248Z,1,1,5.2328578021842986e-05,0.997503936290741,0.0024437587708234787
gue_splice_reconstructed_lora__InstaDeepAI_nucleotide-transformer-v2-500m-multi-species__20260520T222248Z,0,0,0.9993906021118164,9.661754302214831e-05,0.0005127076292410493
gue_splice_reconstructed_lora__InstaDeepAI_nucleotide-transformer-v2-500m-multi-species__20260520T222248Z,2,2,0.009014194831252098,0.028327133506536484,0.962658703327179
gue_splice_reconstructed_lora__InstaDeepAI_nucleotide-transformer-v2-500m-multi-species__20260520T222248Z,2,2,0.0008997683180496097,0.00075325439684093,0.9983469247817993
gue_splice_reconstructed_lora__InstaDeepAI_nucleotide-transformer-v2-500m-multi-species__20260520T222248Z,0,0,0.9993605017662048,3.242511593271047e-05,0.0006070559029467404
gue_splice_reconstructed_lora__InstaDeepAI_nucleotide-transformer-v2-500m-multi-species__20260520T222248Z,2,2,0.0027175003197044134,0.0010214231442660093,0.9962610602378845
gue_splice_reconstructed_lora__InstaDeepAI_nucleotide-transformer-v2-500m-multi-species__20260520T222248Z,0,0,0.9967001080513,0.00026398099726065993,0.0030358899384737015
gue_splice_reconstructed_lora__InstaDeepAI_nucleotide-transformer-v2-500m-multi-species__20260520T222248Z,2,2,0.20428721606731415,0.001432008226402104,0.7942808270454407
gue_splice_reconstructed_lora__InstaDeepAI_nucleotide-transformer-v2-500m-multi-species__20260520T222248Z,1,1,0.00012368893658276647,0.9905850291252136,0.009291275404393673
gue_splice_reconstructed_lora__InstaDeepAI_nucleotide-transformer-v2-500m-multi-species__20260520T222248Z,2,2,0.0025738051626831293,0.0027505247853696346,0.9946756362915039
gue_splice_reconstructed_lora__InstaDeepAI_nucleotide-transformer-v2-500m-multi-species__20260520T222248Z,1,1,5.179956497158855e-05,0.9990591406822205,0.0008890514727681875
gue_splice_reconstructed_lora__InstaDeepAI_nucleotide-transformer-v2-500m-multi-species__20260520T222248Z,2,2,0.0025348130147904158,0.0014598913257941604,0.9960053563117981
gue_splice_reconstructed_lora__InstaDeepAI_nucleotide-transformer-v2-500m-multi-species__20260520T222248Z,2,2,0.0005270675756037235,0.0007789553492330015,0.9986940026283264
gue_splice_reconstructed_lora__InstaDeepAI_nucleotide-transformer-v2-500m-multi-species__20260520T222248Z,2,2,0.0010451242560520768,0.0012435422977432609,0.9977113008499146
gue_splice_reconstructed_lora__InstaDeepAI_nucleotide-transformer-v2-500m-multi-species__20260520T222248Z,1,1,9.100238821702078e-05,0.9884116053581238,0.01149738673120737
gue_splice_reconstructed_lora__InstaDeepAI_nucleotide-transformer-v2-500m-multi-species__20260520T222248Z,2,2,0.023096809163689613,0.0014924764400348067,0.9754106998443604
gue_splice_reconstructed_lora__InstaDeepAI_nucleotide-transformer-v2-500m-multi-species__20260520T222248Z,0,0,0.9983274340629578,0.000341506878612563,0.0013310447102412581
gue_splice_reconstructed_lora__InstaDeepAI_nucleotide-transformer-v2-500m-multi-species__20260520T222248Z,1,1,6.268891593208537e-05,0.9984564781188965,0.0014807350235059857
gue_splice_reconstructed_lora__InstaDeepAI_nucleotide-transformer-v2-500m-multi-species__20260520T222248Z,0,0,0.9937219023704529,0.00016373922699131072,0.00611434131860733
gue_splice_reconstructed_lora__InstaDeepAI_nucleotide-transformer-v2-500m-multi-species__20260520T222248Z,2,2,0.0015213910955935717,0.002226619515568018,0.9962520003318787
gue_splice_reconstructed_lora__InstaDeepAI_nucleotide-transformer-v2-500m-multi-species__20260520T222248Z,0,0,0.9936754107475281,7.32252883608453e-05,0.006251410581171513
gue_splice_reconstructed_lora__InstaDeepAI_nucleotide-transformer-v2-500m-multi-species__20260520T222248Z,2,2,0.0006515843560919166,0.0014655027771368623,0.9978829026222229
gue_splice_reconstructed_lora__InstaDeepAI_nucleotide-transformer-v2-500m-multi-species__20260520T222248Z,1,1,5.8448651543585584e-05,0.9987326264381409,0.0012088750954717398
gue_splice_reconstructed_lora__InstaDeepAI_nucleotide-transformer-v2-500m-multi-species__20260520T222248Z,2,2,0.0025172263849526644,0.0016031746054068208,0.9958796501159668
gue_splice_reconstructed_lora__InstaDeepAI_nucleotide-transformer-v2-500m-multi-species__20260520T222248Z,2,2,0.0025508699472993612,0.0009901938028633595,0.9964589476585388
gue_splice_reconstructed_lora__InstaDeepAI_nucleotide-transformer-v2-500m-multi-species__20260520T222248Z,2,2,0.0015165648655965924,0.04343676194548607,0.9550467133522034
gue_splice_reconstructed_lora__InstaDeepAI_nucleotide-transformer-v2-500m-multi-species__20260520T222248Z,2,2,0.0006582529749721289,0.002990694949403405,0.9963510036468506
gue_splice_reconstructed_lora__InstaDeepAI_nucleotide-transformer-v2-500m-multi-species__20260520T222248Z,2,2,0.0017299853498116136,0.0024349100422114134,0.9958350658416748
gue_splice_reconstructed_lora__InstaDeepAI_nucleotide-transformer-v2-500m-multi-species__20260520T222248Z,2,2,0.011936190538108349,0.0020823171362280846,0.9859814643859863
gue_splice_reconstructed_lora__InstaDeepAI_nucleotide-transformer-v2-500m-multi-species__20260520T222248Z,2,2,0.002098407596349716,0.0004123947292100638,0.9974892139434814
gue_splice_reconstructed_lora__InstaDeepAI_nucleotide-transformer-v2-500m-multi-species__20260520T222248Z,2,2,0.002785836346447468,0.0015057839918881655,0.9957083463668823
gue_splice_reconstructed_lora__InstaDeepAI_nucleotide-transformer-v2-500m-multi-species__20260520T222248Z,0,0,0.9981858134269714,5.277504897094332e-05,0.0017613768577575684
gue_splice_reconstructed_lora__InstaDeepAI_nucleotide-transformer-v2-500m-multi-species__20260520T222248Z,1,1,0.0002767154073808342,0.9292472004890442,0.07047607004642487
gue_splice_reconstructed_lora__InstaDeepAI_nucleotide-transformer-v2-500m-multi-species__20260520T222248Z,2,2,0.004979862365871668,0.0033926561009138823,0.9916274547576904
gue_splice_reconstructed_lora__InstaDeepAI_nucleotide-transformer-v2-500m-multi-species__20260520T222248Z,0,0,0.9981042146682739,8.046576840570197e-05,0.0018153665587306023
gue_splice_reconstructed_lora__InstaDeepAI_nucleotide-transformer-v2-500m-multi-species__20260520T222248Z,1,1,4.3730324250645936e-05,0.9976902008056641,0.0022660549730062485
gue_splice_reconstructed_lora__InstaDeepAI_nucleotide-transformer-v2-500m-multi-species__20260520T222248Z,2,2,0.001967289950698614,0.002558323787525296,0.9954743981361389
gue_splice_reconstructed_lora__InstaDeepAI_nucleotide-transformer-v2-500m-multi-species__20260520T222248Z,2,2,0.0020982788410037756,0.000473708234494552,0.9974279999732971
gue_splice_reconstructed_lora__InstaDeepAI_nucleotide-transformer-v2-500m-multi-species__20260520T222248Z,1,1,4.4823351345257834e-05,0.9989380240440369,0.0010171903995797038
gue_splice_reconstructed_lora__InstaDeepAI_nucleotide-transformer-v2-500m-multi-species__20260520T222248Z,2,2,0.03255501016974449,0.0003577020252123475,0.9670872688293457
gue_splice_reconstructed_lora__InstaDeepAI_nucleotide-transformer-v2-500m-multi-species__20260520T222248Z,1,1,8.35866158013232e-05,0.9739981889724731,0.025918178260326385
gue_splice_reconstructed_lora__InstaDeepAI_nucleotide-transformer-v2-500m-multi-species__20260520T222248Z,0,0,0.9985573887825012,7.833088602637872e-05,0.001364255091175437
gue_splice_reconstructed_lora__InstaDeepAI_nucleotide-transformer-v2-500m-multi-species__20260520T222248Z,2,2,0.001318110153079033,0.0013284480664879084,0.9973534345626831
gue_splice_reconstructed_lora__InstaDeepAI_nucleotide-transformer-v2-500m-multi-species__20260520T222248Z,0,0,0.9991084933280945,7.715903484495357e-05,0.0008142878650687635
gue_splice_reconstructed_lora__InstaDeepAI_nucleotide-transformer-v2-500m-multi-species__20260520T222248Z,2,2,0.0031740714330226183,0.0015081362798810005,0.995317816734314
gue_splice_reconstructed_lora__InstaDeepAI_nucleotide-transformer-v2-500m-multi-species__20260520T222248Z,2,2,0.002506962278857827,0.0008194742840714753,0.996673583984375
gue_splice_reconstructed_lora__InstaDeepAI_nucleotide-transformer-v2-500m-multi-species__20260520T222248Z,2,2,0.017934979870915413,0.0009339567623101175,0.9811310768127441
gue_splice_reconstructed_lora__InstaDeepAI_nucleotide-transformer-v2-500m-multi-species__20260520T222248Z,2,2,0.0029198843985795975,0.003194363322108984,0.9938856959342957
gue_splice_reconstructed_lora__InstaDeepAI_nucleotide-transformer-v2-500m-multi-species__20260520T222248Z,2,2,0.0023477724753320217,0.0011531871277838945,0.9964990615844727
gue_splice_reconstructed_lora__InstaDeepAI_nucleotide-transformer-v2-500m-multi-species__20260520T222248Z,2,2,0.006122014485299587,0.0066518764942884445,0.9872260689735413
gue_splice_reconstructed_lora__InstaDeepAI_nucleotide-transformer-v2-500m-multi-species__20260520T222248Z,2,2,0.21762225031852722,0.004028938710689545,0.7783488631248474
gue_splice_reconstructed_lora__InstaDeepAI_nucleotide-transformer-v2-500m-multi-species__20260520T222248Z,1,1,5.581908408203162e-05,0.9956771731376648,0.004266988951712847
gue_splice_reconstructed_lora__InstaDeepAI_nucleotide-transformer-v2-500m-multi-species__20260520T222248Z,1,1,7.067505794111639e-05,0.9972733855247498,0.0026559499092400074
gue_splice_reconstructed_lora__InstaDeepAI_nucleotide-transformer-v2-500m-multi-species__20260520T222248Z,0,0,0.9981149435043335,7.500313222408295e-05,0.0018100752495229244
gue_splice_reconstructed_lora__InstaDeepAI_nucleotide-transformer-v2-500m-multi-species__20260520T222248Z,2,2,0.0016867149388417602,0.20895497500896454,0.7893583178520203
gue_splice_reconstructed_lora__InstaDeepAI_nucleotide-transformer-v2-500m-multi-species__20260520T222248Z,1,1,7.945395918795839e-05,0.9971712231636047,0.0027493590023368597
gue_splice_reconstructed_lora__InstaDeepAI_nucleotide-transformer-v2-500m-multi-species__20260520T222248Z,1,1,9.207903349306434e-05,0.9962064027786255,0.0037015057168900967
gue_splice_reconstructed_lora__InstaDeepAI_nucleotide-transformer-v2-500m-multi-species__20260520T222248Z,0,0,0.9989282488822937,0.0003894863766618073,0.0006822361028753221
gue_splice_reconstructed_lora__InstaDeepAI_nucleotide-transformer-v2-500m-multi-species__20260520T222248Z,2,2,0.003195839701220393,0.0014876554487273097,0.9953165054321289
gue_splice_reconstructed_lora__InstaDeepAI_nucleotide-transformer-v2-500m-multi-species__20260520T222248Z,2,2,0.03657710552215576,0.01962617225944996,0.9437967538833618
gue_splice_reconstructed_lora__InstaDeepAI_nucleotide-transformer-v2-500m-multi-species__20260520T222248Z,2,2,0.0004483142402023077,0.05559267848730087,0.9439589977264404
gue_splice_reconstructed_lora__InstaDeepAI_nucleotide-transformer-v2-500m-multi-species__20260520T222248Z,2,0,0.9833629131317139,0.00017726392252370715,0.016459796577692032
gue_splice_reconstructed_lora__InstaDeepAI_nucleotide-transformer-v2-500m-multi-species__20260520T222248Z,2,2,0.002244421746581793,0.0003798726247623563,0.9973757266998291
gue_splice_reconstructed_lora__InstaDeepAI_nucleotide-transformer-v2-500m-multi-species__20260520T222248Z,2,2,0.0014395876787602901,0.0009404239826835692,0.9976199269294739
gue_splice_reconstructed_lora__InstaDeepAI_nucleotide-transformer-v2-500m-multi-species__20260520T222248Z,2,2,0.0034356461837887764,0.0011586911277845502,0.9954056739807129
gue_splice_reconstructed_lora__InstaDeepAI_nucleotide-transformer-v2-500m-multi-species__20260520T222248Z,2,2,0.0020327686797827482,0.0029518897645175457,0.9950153231620789
gue_splice_reconstructed_lora__InstaDeepAI_nucleotide-transformer-v2-500m-multi-species__20260520T222248Z,0,0,0.9986795783042908,6.101161488913931e-05,0.001259421813301742
gue_splice_reconstructed_lora__InstaDeepAI_nucleotide-transformer-v2-500m-multi-species__20260520T222248Z,2,2,0.0037783277221024036,0.005317899398505688,0.9909037947654724
gue_splice_reconstructed_lora__InstaDeepAI_nucleotide-transformer-v2-500m-multi-species__20260520T222248Z,0,0,0.9977037310600281,0.0001643953291932121,0.002131911227479577
gue_splice_reconstructed_lora__InstaDeepAI_nucleotide-transformer-v2-500m-multi-species__20260520T222248Z,2,2,0.015181087888777256,0.0010047294199466705,0.9838142395019531
gue_splice_reconstructed_lora__InstaDeepAI_nucleotide-transformer-v2-500m-multi-species__20260520T222248Z,0,2,0.32619592547416687,0.0025297568645328283,0.6712743639945984
gue_splice_reconstructed_lora__InstaDeepAI_nucleotide-transformer-v2-500m-multi-species__20260520T222248Z,0,0,0.9978189468383789,8.397462079301476e-05,0.0020970525220036507
gue_splice_reconstructed_lora__InstaDeepAI_nucleotide-transformer-v2-500m-multi-species__20260520T222248Z,0,0,0.9990648627281189,0.000154344059410505,0.0007807679940015078
gue_splice_reconstructed_lora__InstaDeepAI_nucleotide-transformer-v2-500m-multi-species__20260520T222248Z,1,1,0.00013318503624759614,0.9961581826210022,0.003708562348037958
gue_splice_reconstructed_lora__InstaDeepAI_nucleotide-transformer-v2-500m-multi-species__20260520T222248Z,1,1,9.635948663344607e-05,0.9986698627471924,0.0012338447850197554
gue_splice_reconstructed_lora__InstaDeepAI_nucleotide-transformer-v2-500m-multi-species__20260520T222248Z,2,2,0.06515464186668396,0.0014088575262576342,0.9334365129470825
gue_splice_reconstructed_lora__InstaDeepAI_nucleotide-transformer-v2-500m-multi-species__20260520T222248Z,2,2,0.001131822937168181,0.00348626053892076,0.9953818917274475
gue_splice_reconstructed_lora__InstaDeepAI_nucleotide-transformer-v2-500m-multi-species__20260520T222248Z,2,2,0.0026369590777903795,0.10502482205629349,0.8923381567001343
gue_splice_reconstructed_lora__InstaDeepAI_nucleotide-transformer-v2-500m-multi-species__20260520T222248Z,2,2,0.0009169554687105119,0.0013446261873468757,0.9977383613586426
gue_splice_reconstructed_lora__InstaDeepAI_nucleotide-transformer-v2-500m-multi-species__20260520T222248Z,1,1,4.391536640468985e-05,0.9980058073997498,0.0019502666546031833
gue_splice_reconstructed_lora__InstaDeepAI_nucleotide-transformer-v2-500m-multi-species__20260520T222248Z,2,2,0.0009059749427251518,0.4285622537136078,0.5705317854881287
gue_splice_reconstructed_lora__InstaDeepAI_nucleotide-transformer-v2-500m-multi-species__20260520T222248Z,0,0,0.99764084815979,6.879405555082485e-05,0.0022904151119291782
gue_splice_reconstructed_lora__InstaDeepAI_nucleotide-transformer-v2-500m-multi-species__20260520T222248Z,1,1,6.671343726338819e-05,0.9981787204742432,0.0017544971778988838
gue_splice_reconstructed_lora__InstaDeepAI_nucleotide-transformer-v2-500m-multi-species__20260520T222248Z,0,0,0.9989782571792603,0.0001931963488459587,0.0008286201045848429
gue_splice_reconstructed_lora__InstaDeepAI_nucleotide-transformer-v2-500m-multi-species__20260520T222248Z,2,2,0.0015082196332514286,0.0031189373694360256,0.9953728318214417
gue_splice_reconstructed_lora__InstaDeepAI_nucleotide-transformer-v2-500m-multi-species__20260520T222248Z,0,0,0.999101996421814,0.00011030882160412148,0.0007876898162066936
gue_splice_reconstructed_lora__InstaDeepAI_nucleotide-transformer-v2-500m-multi-species__20260520T222248Z,1,2,0.0049215042963624,0.04429535195231438,0.9507831931114197
gue_splice_reconstructed_lora__InstaDeepAI_nucleotide-transformer-v2-500m-multi-species__20260520T222248Z,2,2,0.004951843526214361,0.002236334141343832,0.9928118586540222
gue_splice_reconstructed_lora__InstaDeepAI_nucleotide-transformer-v2-500m-multi-species__20260520T222248Z,0,0,0.9786710143089294,0.00015148904640227556,0.021177591755986214
gue_splice_reconstructed_lora__InstaDeepAI_nucleotide-transformer-v2-500m-multi-species__20260520T222248Z,1,1,0.00010847681551240385,0.9960337281227112,0.003857696196064353
gue_splice_reconstructed_lora__InstaDeepAI_nucleotide-transformer-v2-500m-multi-species__20260520T222248Z,1,1,4.74942680739332e-05,0.9982251524925232,0.0017273767152801156
gue_splice_reconstructed_lora__InstaDeepAI_nucleotide-transformer-v2-500m-multi-species__20260520T222248Z,0,0,0.9885559678077698,0.00011778303451137617,0.011326318606734276
gue_splice_reconstructed_lora__InstaDeepAI_nucleotide-transformer-v2-500m-multi-species__20260520T222248Z,2,2,0.0009456354309804738,0.001766679692082107,0.9972877502441406
gue_splice_reconstructed_lora__InstaDeepAI_nucleotide-transformer-v2-500m-multi-species__20260520T222248Z,2,2,0.00913460087031126,0.003848993219435215,0.9870163798332214
gue_splice_reconstructed_lora__InstaDeepAI_nucleotide-transformer-v2-500m-multi-species__20260520T222248Z,2,2,0.0022235193755477667,0.3046041429042816,0.6931723356246948
gue_splice_reconstructed_lora__InstaDeepAI_nucleotide-transformer-v2-500m-multi-species__20260520T222248Z,2,2,0.029641015455126762,0.004472939297556877,0.9658859968185425
gue_splice_reconstructed_lora__InstaDeepAI_nucleotide-transformer-v2-500m-multi-species__20260520T222248Z,2,2,0.003481058171018958,0.0064971246756613255,0.9900217652320862
gue_splice_reconstructed_lora__InstaDeepAI_nucleotide-transformer-v2-500m-multi-species__20260520T222248Z,0,0,0.9984391331672668,0.00016710726777091622,0.0013937171315774322
gue_splice_reconstructed_lora__InstaDeepAI_nucleotide-transformer-v2-500m-multi-species__20260520T222248Z,0,0,0.9987924098968506,5.5125630751717836e-05,0.001152459648437798
gue_splice_reconstructed_lora__InstaDeepAI_nucleotide-transformer-v2-500m-multi-species__20260520T222248Z,1,2,0.0019735272508114576,0.005230107344686985,0.9927963614463806
gue_splice_reconstructed_lora__InstaDeepAI_nucleotide-transformer-v2-500m-multi-species__20260520T222248Z,2,2,0.019809575751423836,0.0011666473001241684,0.979023814201355
gue_splice_reconstructed_lora__InstaDeepAI_nucleotide-transformer-v2-500m-multi-species__20260520T222248Z,1,1,0.00010752172966022044,0.9911280870437622,0.008764367550611496
gue_splice_reconstructed_lora__InstaDeepAI_nucleotide-transformer-v2-500m-multi-species__20260520T222248Z,2,2,0.01388564519584179,0.001180587220005691,0.9849337935447693
gue_splice_reconstructed_lora__InstaDeepAI_nucleotide-transformer-v2-500m-multi-species__20260520T222248Z,2,2,0.0018203153740614653,0.00028244499117136,0.9978972673416138
gue_splice_reconstructed_lora__InstaDeepAI_nucleotide-transformer-v2-500m-multi-species__20260520T222248Z,2,2,0.0023188472259789705,0.0008844431722536683,0.9967966675758362
gue_splice_reconstructed_lora__InstaDeepAI_nucleotide-transformer-v2-500m-multi-species__20260520T222248Z,1,1,8.13659280538559e-05,0.997511625289917,0.00240706535987556
gue_splice_reconstructed_lora__InstaDeepAI_nucleotide-transformer-v2-500m-multi-species__20260520T222248Z,2,2,0.002309999894350767,0.0008100947015918791,0.9968799352645874
gue_splice_reconstructed_lora__InstaDeepAI_nucleotide-transformer-v2-500m-multi-species__20260520T222248Z,2,2,0.028195330873131752,0.0007906180690042675,0.9710140824317932
gue_splice_reconstructed_lora__InstaDeepAI_nucleotide-transformer-v2-500m-multi-species__20260520T222248Z,0,0,0.9972167015075684,7.234696386149153e-05,0.0027108255308121443
gue_splice_reconstructed_lora__InstaDeepAI_nucleotide-transformer-v2-500m-multi-species__20260520T222248Z,0,0,0.9286320209503174,0.0004900918575003743,0.07087790220975876
gue_splice_reconstructed_lora__InstaDeepAI_nucleotide-transformer-v2-500m-multi-species__20260520T222248Z,2,2,0.0006463844911195338,0.0016700574196875095,0.9976835250854492
gue_splice_reconstructed_lora__InstaDeepAI_nucleotide-transformer-v2-500m-multi-species__20260520T222248Z,2,2,0.0011820669751614332,0.0010249937186017632,0.9977929592132568
gue_splice_reconstructed_lora__InstaDeepAI_nucleotide-transformer-v2-500m-multi-species__20260520T222248Z,2,1,8.268648525699973e-05,0.9940943121910095,0.005823010113090277
gue_splice_reconstructed_lora__InstaDeepAI_nucleotide-transformer-v2-500m-multi-species__20260520T222248Z,2,2,0.0007596843061037362,0.11587263643741608,0.8833677172660828
gue_splice_reconstructed_lora__InstaDeepAI_nucleotide-transformer-v2-500m-multi-species__20260520T222248Z,2,2,0.0027256356552243233,0.00095398910343647,0.996320366859436
gue_splice_reconstructed_lora__InstaDeepAI_nucleotide-transformer-v2-500m-multi-species__20260520T222248Z,0,0,0.9993951320648193,8.610181976109743e-05,0.0005187536007724702
gue_splice_reconstructed_lora__InstaDeepAI_nucleotide-transformer-v2-500m-multi-species__20260520T222248Z,2,2,0.0053968653082847595,0.07089477777481079,0.9237083792686462
gue_splice_reconstructed_lora__InstaDeepAI_nucleotide-transformer-v2-500m-multi-species__20260520T222248Z,0,0,0.9994044303894043,3.411573197809048e-05,0.0005614595720544457
gue_splice_reconstructed_lora__InstaDeepAI_nucleotide-transformer-v2-500m-multi-species__20260520T222248Z,1,1,6.155428127385676e-05,0.9958237409591675,0.004114661831408739
gue_splice_reconstructed_lora__InstaDeepAI_nucleotide-transformer-v2-500m-multi-species__20260520T222248Z,2,2,0.009919324889779091,0.0017203567549586296,0.9883602857589722
gue_splice_reconstructed_lora__InstaDeepAI_nucleotide-transformer-v2-500m-multi-species__20260520T222248Z,2,2,0.0004730435030069202,0.007381602190434933,0.9921453595161438
gue_splice_reconstructed_lora__InstaDeepAI_nucleotide-transformer-v2-500m-multi-species__20260520T222248Z,0,0,0.9985328912734985,7.863553037168458e-05,0.001388413948006928
gue_splice_reconstructed_lora__InstaDeepAI_nucleotide-transformer-v2-500m-multi-species__20260520T222248Z,1,1,0.00018369963800068945,0.9954581260681152,0.004358163569122553
gue_splice_reconstructed_lora__InstaDeepAI_nucleotide-transformer-v2-500m-multi-species__20260520T222248Z,0,0,0.9976373910903931,4.7466302930843085e-05,0.002315143821761012
gue_splice_reconstructed_lora__InstaDeepAI_nucleotide-transformer-v2-500m-multi-species__20260520T222248Z,2,2,0.07512783259153366,0.0006461855955421925,0.9242259860038757
gue_splice_reconstructed_lora__InstaDeepAI_nucleotide-transformer-v2-500m-multi-species__20260520T222248Z,0,0,0.9625733494758606,0.0004121989186387509,0.03701448813080788
gue_splice_reconstructed_lora__InstaDeepAI_nucleotide-transformer-v2-500m-multi-species__20260520T222248Z,2,2,0.0012591390404850245,0.0022337245754897594,0.9965071082115173
gue_splice_reconstructed_lora__InstaDeepAI_nucleotide-transformer-v2-500m-multi-species__20260520T222248Z,0,0,0.9895225167274475,0.0006141334306448698,0.009863333776593208
gue_splice_reconstructed_lora__InstaDeepAI_nucleotide-transformer-v2-500m-multi-species__20260520T222248Z,1,1,4.969221481587738e-05,0.9965935349464417,0.003356784814968705
gue_splice_reconstructed_lora__InstaDeepAI_nucleotide-transformer-v2-500m-multi-species__20260520T222248Z,2,2,0.010438520461320877,0.0009671482257544994,0.9885942935943604
gue_splice_reconstructed_lora__InstaDeepAI_nucleotide-transformer-v2-500m-multi-species__20260520T222248Z,2,2,0.0003541300247889012,0.02333224192261696,0.9763136506080627
gue_splice_reconstructed_lora__InstaDeepAI_nucleotide-transformer-v2-500m-multi-species__20260520T222248Z,1,1,5.7803274103207514e-05,0.9993475079536438,0.0005947255413047969
gue_splice_reconstructed_lora__InstaDeepAI_nucleotide-transformer-v2-500m-multi-species__20260520T222248Z,2,2,0.002147117629647255,0.0008523978758603334,0.997000515460968
gue_splice_reconstructed_lora__InstaDeepAI_nucleotide-transformer-v2-500m-multi-species__20260520T222248Z,0,0,0.9978784322738647,6.69543951516971e-05,0.0020546067971736193
gue_splice_reconstructed_lora__InstaDeepAI_nucleotide-transformer-v2-500m-multi-species__20260520T222248Z,2,2,0.002142162760719657,0.005098791792988777,0.9927589893341064
gue_splice_reconstructed_lora__InstaDeepAI_nucleotide-transformer-v2-500m-multi-species__20260520T222248Z,2,2,0.00648767314851284,0.00493074394762516,0.9885815978050232
gue_splice_reconstructed_lora__InstaDeepAI_nucleotide-transformer-v2-500m-multi-species__20260520T222248Z,2,2,0.0034476551227271557,0.0015615862794220448,0.9949907660484314
gue_splice_reconstructed_lora__InstaDeepAI_nucleotide-transformer-v2-500m-multi-species__20260520T222248Z,1,1,6.378100079018623e-05,0.9962020516395569,0.003734165569767356
gue_splice_reconstructed_lora__InstaDeepAI_nucleotide-transformer-v2-500m-multi-species__20260520T222248Z,1,2,0.008645810186862946,0.005604002624750137,0.9857501983642578
gue_splice_reconstructed_lora__InstaDeepAI_nucleotide-transformer-v2-500m-multi-species__20260520T222248Z,2,2,0.001689292024821043,0.0008936785161495209,0.9974169731140137
gue_splice_reconstructed_lora__InstaDeepAI_nucleotide-transformer-v2-500m-multi-species__20260520T222248Z,1,1,0.00011083060235250741,0.9901970624923706,0.009692121297121048
gue_splice_reconstructed_lora__InstaDeepAI_nucleotide-transformer-v2-500m-multi-species__20260520T222248Z,1,0,0.9985277652740479,0.00021291908342391253,0.0012592303100973368
gue_splice_reconstructed_lora__InstaDeepAI_nucleotide-transformer-v2-500m-multi-species__20260520T222248Z,2,2,0.00936341192573309,0.00906647089868784,0.9815701246261597
gue_splice_reconstructed_lora__InstaDeepAI_nucleotide-transformer-v2-500m-multi-species__20260520T222248Z,1,1,6.30087306490168e-05,0.995740532875061,0.004196489695459604
gue_splice_reconstructed_lora__InstaDeepAI_nucleotide-transformer-v2-500m-multi-species__20260520T222248Z,2,2,0.01699683628976345,0.001886616344563663,0.981116533279419
gue_splice_reconstructed_lora__InstaDeepAI_nucleotide-transformer-v2-500m-multi-species__20260520T222248Z,2,2,0.050771504640579224,0.0014473706251010299,0.9477811455726624
gue_splice_reconstructed_lora__InstaDeepAI_nucleotide-transformer-v2-500m-multi-species__20260520T222248Z,1,1,0.00029987917514517903,0.9933601021766663,0.0063400971703231335
gue_splice_reconstructed_lora__InstaDeepAI_nucleotide-transformer-v2-500m-multi-species__20260520T222248Z,1,1,4.7823712520767e-05,0.9973270893096924,0.002625148044899106
gue_splice_reconstructed_lora__InstaDeepAI_nucleotide-transformer-v2-500m-multi-species__20260520T222248Z,2,2,0.0017721144249662757,0.0017721144249662757,0.996455729007721
gue_splice_reconstructed_lora__InstaDeepAI_nucleotide-transformer-v2-500m-multi-species__20260520T222248Z,2,2,0.005731542594730854,0.0017142120050266385,0.992554247379303
gue_splice_reconstructed_lora__InstaDeepAI_nucleotide-transformer-v2-500m-multi-species__20260520T222248Z,2,2,0.0029163924045860767,0.004386582877486944,0.9926970601081848
gue_splice_reconstructed_lora__InstaDeepAI_nucleotide-transformer-v2-500m-multi-species__20260520T222248Z,2,2,0.03240421786904335,0.0003944429336115718,0.9672013521194458
gue_splice_reconstructed_lora__InstaDeepAI_nucleotide-transformer-v2-500m-multi-species__20260520T222248Z,2,2,0.07518178969621658,0.001056558103300631,0.9237616062164307
gue_splice_reconstructed_lora__InstaDeepAI_nucleotide-transformer-v2-500m-multi-species__20260520T222248Z,2,2,0.005888390354812145,0.001900512259453535,0.992211103439331
gue_splice_reconstructed_lora__InstaDeepAI_nucleotide-transformer-v2-500m-multi-species__20260520T222248Z,2,2,0.002979699755087495,0.0014199356082826853,0.9956003427505493
gue_splice_reconstructed_lora__InstaDeepAI_nucleotide-transformer-v2-500m-multi-species__20260520T222248Z,2,2,0.0509423203766346,0.027374181896448135,0.9216834306716919
gue_splice_reconstructed_lora__InstaDeepAI_nucleotide-transformer-v2-500m-multi-species__20260520T222248Z,0,0,0.9988502264022827,4.145118145970628e-05,0.0011083738645538688
gue_splice_reconstructed_lora__InstaDeepAI_nucleotide-transformer-v2-500m-multi-species__20260520T222248Z,2,2,0.0016426213551312685,0.001610850333236158,0.9967465400695801
gue_splice_reconstructed_lora__InstaDeepAI_nucleotide-transformer-v2-500m-multi-species__20260520T222248Z,2,2,0.0056009902618825436,0.002420747186988592,0.9919782876968384
gue_splice_reconstructed_lora__InstaDeepAI_nucleotide-transformer-v2-500m-multi-species__20260520T222248Z,2,2,0.022191569209098816,0.0018657034961506724,0.9759426712989807
gue_splice_reconstructed_lora__InstaDeepAI_nucleotide-transformer-v2-500m-multi-species__20260520T222248Z,1,1,7.319089490920305e-05,0.9970959424972534,0.0028308844193816185
gue_splice_reconstructed_lora__InstaDeepAI_nucleotide-transformer-v2-500m-multi-species__20260520T222248Z,2,2,0.0008697116863913834,0.0035007758997380733,0.9956295490264893
gue_splice_reconstructed_lora__InstaDeepAI_nucleotide-transformer-v2-500m-multi-species__20260520T222248Z,2,2,0.0006357470410875976,0.0006982313934713602,0.9986660480499268
gue_splice_reconstructed_lora__InstaDeepAI_nucleotide-transformer-v2-500m-multi-species__20260520T222248Z,0,0,0.998831570148468,3.7155903555685654e-05,0.001131317694671452
gue_splice_reconstructed_lora__InstaDeepAI_nucleotide-transformer-v2-500m-multi-species__20260520T222248Z,2,2,0.008843488059937954,0.009106406942009926,0.9820500612258911
gue_splice_reconstructed_lora__InstaDeepAI_nucleotide-transformer-v2-500m-multi-species__20260520T222248Z,1,1,7.047379040159285e-05,0.9944334626197815,0.005496178288012743
gue_splice_reconstructed_lora__InstaDeepAI_nucleotide-transformer-v2-500m-multi-species__20260520T222248Z,1,1,8.512120257364586e-05,0.9957621693611145,0.004152755253016949
gue_splice_reconstructed_lora__InstaDeepAI_nucleotide-transformer-v2-500m-multi-species__20260520T222248Z,2,2,0.0018630882259458303,0.03679601848125458,0.9613409042358398
gue_splice_reconstructed_lora__InstaDeepAI_nucleotide-transformer-v2-500m-multi-species__20260520T222248Z,0,0,0.9995576739311218,7.111419108696282e-05,0.0003711590252351016
gue_splice_reconstructed_lora__InstaDeepAI_nucleotide-transformer-v2-500m-multi-species__20260520T222248Z,2,2,0.0022957620676606894,0.0011465172283351421,0.9965576529502869
gue_splice_reconstructed_lora__InstaDeepAI_nucleotide-transformer-v2-500m-multi-species__20260520T222248Z,2,2,0.0013073151931166649,0.0017489074962213635,0.9969437718391418
gue_splice_reconstructed_lora__InstaDeepAI_nucleotide-transformer-v2-500m-multi-species__20260520T222248Z,1,1,0.00036243387148715556,0.9405031204223633,0.059134431183338165
gue_splice_reconstructed_lora__InstaDeepAI_nucleotide-transformer-v2-500m-multi-species__20260520T222248Z,2,2,0.0007547412533313036,0.022099895402789116,0.9771453142166138
gue_splice_reconstructed_lora__InstaDeepAI_nucleotide-transformer-v2-500m-multi-species__20260520T222248Z,1,1,5.2530776883941144e-05,0.9974543452262878,0.002493050880730152
gue_splice_reconstructed_lora__InstaDeepAI_nucleotide-transformer-v2-500m-multi-species__20260520T222248Z,2,2,0.0017900821985676885,0.0014327636454254389,0.9967771172523499
gue_splice_reconstructed_lora__InstaDeepAI_nucleotide-transformer-v2-500m-multi-species__20260520T222248Z,1,1,0.00010090053547173738,0.9939555525779724,0.005943556781858206
gue_splice_reconstructed_lora__InstaDeepAI_nucleotide-transformer-v2-500m-multi-species__20260520T222248Z,2,2,0.0019372423412278295,0.0004092528542969376,0.9976535439491272
gue_splice_reconstructed_lora__InstaDeepAI_nucleotide-transformer-v2-500m-multi-species__20260520T222248Z,1,1,0.00015861786960158497,0.9951398372650146,0.004701599478721619
gue_splice_reconstructed_lora__InstaDeepAI_nucleotide-transformer-v2-500m-multi-species__20260520T222248Z,0,0,0.6939879655838013,0.0025348893832415342,0.30347713828086853
gue_splice_reconstructed_lora__InstaDeepAI_nucleotide-transformer-v2-500m-multi-species__20260520T222248Z,0,0,0.9987645149230957,3.490239760139957e-05,0.001200677827000618
gue_splice_reconstructed_lora__InstaDeepAI_nucleotide-transformer-v2-500m-multi-species__20260520T222248Z,2,2,0.0017487023724243045,0.0014244642807170749,0.9968268275260925
gue_splice_reconstructed_lora__InstaDeepAI_nucleotide-transformer-v2-500m-multi-species__20260520T222248Z,2,2,0.0014491718029603362,0.0021044183522462845,0.996446430683136
gue_splice_reconstructed_lora__InstaDeepAI_nucleotide-transformer-v2-500m-multi-species__20260520T222248Z,1,1,6.224922981346026e-05,0.9953339695930481,0.004603687673807144
gue_splice_reconstructed_lora__InstaDeepAI_nucleotide-transformer-v2-500m-multi-species__20260520T222248Z,2,2,0.033638324588537216,0.0003171835851389915,0.966044545173645
gue_splice_reconstructed_lora__InstaDeepAI_nucleotide-transformer-v2-500m-multi-species__20260520T222248Z,1,1,7.202478445833549e-05,0.9966615438461304,0.003266463987529278
gue_splice_reconstructed_lora__InstaDeepAI_nucleotide-transformer-v2-500m-multi-species__20260520T222248Z,0,0,0.9985219836235046,0.00012713905016425997,0.0013509491691365838
gue_splice_reconstructed_lora__InstaDeepAI_nucleotide-transformer-v2-500m-multi-species__20260520T222248Z,0,0,0.9989998936653137,0.00011291319242445752,0.0008872642065398395
gue_splice_reconstructed_lora__InstaDeepAI_nucleotide-transformer-v2-500m-multi-species__20260520T222248Z,2,2,0.012903544120490551,0.00898177269846201,0.9781147241592407
gue_splice_reconstructed_lora__InstaDeepAI_nucleotide-transformer-v2-500m-multi-species__20260520T222248Z,2,2,0.0009686787961982191,0.022317804396152496,0.9767135381698608
gue_splice_reconstructed_lora__InstaDeepAI_nucleotide-transformer-v2-500m-multi-species__20260520T222248Z,2,1,0.0013176797656342387,0.6759417057037354,0.3227406144142151
gue_splice_reconstructed_lora__InstaDeepAI_nucleotide-transformer-v2-500m-multi-species__20260520T222248Z,1,1,8.40211141621694e-05,0.9906020164489746,0.009313860908150673
gue_splice_reconstructed_lora__InstaDeepAI_nucleotide-transformer-v2-500m-multi-species__20260520T222248Z,1,1,6.673076131846756e-05,0.9984379410743713,0.0014952385099604726
gue_splice_reconstructed_lora__InstaDeepAI_nucleotide-transformer-v2-500m-multi-species__20260520T222248Z,0,0,0.9903567433357239,0.00036062972503714263,0.009282615967094898
gue_splice_reconstructed_lora__InstaDeepAI_nucleotide-transformer-v2-500m-multi-species__20260520T222248Z,0,0,0.9988369345664978,0.00011267449735896662,0.001050398568622768
gue_splice_reconstructed_lora__InstaDeepAI_nucleotide-transformer-v2-500m-multi-species__20260520T222248Z,1,1,7.057472976157442e-05,0.9842556118965149,0.015673840418457985
gue_splice_reconstructed_lora__InstaDeepAI_nucleotide-transformer-v2-500m-multi-species__20260520T222248Z,2,0,0.9309495091438293,0.0002154796675313264,0.06883503496646881
gue_splice_reconstructed_lora__InstaDeepAI_nucleotide-transformer-v2-500m-multi-species__20260520T222248Z,1,1,6.659671635134146e-05,0.9809839725494385,0.01894952356815338
gue_splice_reconstructed_lora__InstaDeepAI_nucleotide-transformer-v2-500m-multi-species__20260520T222248Z,0,0,0.9662550687789917,0.0004790515231434256,0.0332658514380455
gue_splice_reconstructed_lora__InstaDeepAI_nucleotide-transformer-v2-500m-multi-species__20260520T222248Z,1,2,0.013950374908745289,0.007097375113517046,0.9789522886276245
gue_splice_reconstructed_lora__InstaDeepAI_nucleotide-transformer-v2-500m-multi-species__20260520T222248Z,2,2,0.0019418182782828808,0.0009735511848703027,0.9970846772193909
gue_splice_reconstructed_lora__InstaDeepAI_nucleotide-transformer-v2-500m-multi-species__20260520T222248Z,2,2,0.008630390278995037,0.004490523599088192,0.9868790507316589
gue_splice_reconstructed_lora__InstaDeepAI_nucleotide-transformer-v2-500m-multi-species__20260520T222248Z,2,2,0.004084812942892313,0.002233925275504589,0.9936813116073608
gue_splice_reconstructed_lora__InstaDeepAI_nucleotide-transformer-v2-500m-multi-species__20260520T222248Z,2,2,0.0012109464732930064,0.02722994051873684,0.9715591669082642
gue_splice_reconstructed_lora__InstaDeepAI_nucleotide-transformer-v2-500m-multi-species__20260520T222248Z,0,0,0.9987404942512512,1.7756474335328676e-05,0.0012417895486578345
gue_splice_reconstructed_lora__InstaDeepAI_nucleotide-transformer-v2-500m-multi-species__20260520T222248Z,2,2,0.012261345982551575,0.026925478130578995,0.9608131647109985
gue_splice_reconstructed_lora__InstaDeepAI_nucleotide-transformer-v2-500m-multi-species__20260520T222248Z,1,1,0.00011496738443383947,0.9955540299415588,0.004331003874540329
gue_splice_reconstructed_lora__InstaDeepAI_nucleotide-transformer-v2-500m-multi-species__20260520T222248Z,2,2,0.023250682279467583,0.0012916929554194212,0.9754576683044434
gue_splice_reconstructed_lora__InstaDeepAI_nucleotide-transformer-v2-500m-multi-species__20260520T222248Z,2,2,0.0004607515293173492,0.008324029855430126,0.9912152290344238
gue_splice_reconstructed_lora__InstaDeepAI_nucleotide-transformer-v2-500m-multi-species__20260520T222248Z,2,2,0.00313205667771399,0.0012051592348143458,0.9956627488136292
gue_splice_reconstructed_lora__InstaDeepAI_nucleotide-transformer-v2-500m-multi-species__20260520T222248Z,1,1,7.01641765772365e-05,0.9978296160697937,0.002100149402394891
gue_splice_reconstructed_lora__InstaDeepAI_nucleotide-transformer-v2-500m-multi-species__20260520T222248Z,2,2,0.0047072190791368484,0.00042188941733911633,0.9948709011077881
gue_splice_reconstructed_lora__InstaDeepAI_nucleotide-transformer-v2-500m-multi-species__20260520T222248Z,0,0,0.9951944947242737,9.5649782451801e-05,0.004709900356829166
gue_splice_reconstructed_lora__InstaDeepAI_nucleotide-transformer-v2-500m-multi-species__20260520T222248Z,0,0,0.9986409544944763,3.671601734822616e-05,0.0013223920250311494
gue_splice_reconstructed_lora__InstaDeepAI_nucleotide-transformer-v2-500m-multi-species__20260520T222248Z,1,1,6.831383507233113e-05,0.9984466433525085,0.001485064858570695
gue_splice_reconstructed_lora__InstaDeepAI_nucleotide-transformer-v2-500m-multi-species__20260520T222248Z,1,1,6.486084748758003e-05,0.9993119239807129,0.0006232448504306376
gue_splice_reconstructed_lora__InstaDeepAI_nucleotide-transformer-v2-500m-multi-species__20260520T222248Z,2,2,0.002117498777806759,0.0049862340092659,0.9928962588310242
gue_splice_reconstructed_lora__InstaDeepAI_nucleotide-transformer-v2-500m-multi-species__20260520T222248Z,0,0,0.9861522912979126,0.0002586491173133254,0.013589058071374893
gue_splice_reconstructed_lora__InstaDeepAI_nucleotide-transformer-v2-500m-multi-species__20260520T222248Z,2,2,0.011441845446825027,0.0038400308694690466,0.9847181439399719
gue_splice_reconstructed_lora__InstaDeepAI_nucleotide-transformer-v2-500m-multi-species__20260520T222248Z,2,2,0.020009558647871017,0.0026042573153972626,0.9773862361907959
gue_splice_reconstructed_lora__InstaDeepAI_nucleotide-transformer-v2-500m-multi-species__20260520T222248Z,1,1,5.698536187992431e-05,0.9968202114105225,0.003122710157185793
gue_splice_reconstructed_lora__InstaDeepAI_nucleotide-transformer-v2-500m-multi-species__20260520T222248Z,1,1,3.6546352930599824e-05,0.9979167580604553,0.0020466751884669065
gue_splice_reconstructed_lora__InstaDeepAI_nucleotide-transformer-v2-500m-multi-species__20260520T222248Z,2,2,0.028411729261279106,0.005111382808536291,0.9664769172668457
gue_splice_reconstructed_lora__InstaDeepAI_nucleotide-transformer-v2-500m-multi-species__20260520T222248Z,0,0,0.9978798627853394,0.00016539060743525624,0.001954787177965045
gue_splice_reconstructed_lora__InstaDeepAI_nucleotide-transformer-v2-500m-multi-species__20260520T222248Z,1,1,0.00012053987302351743,0.9882583022117615,0.011621174402534962
gue_splice_reconstructed_lora__InstaDeepAI_nucleotide-transformer-v2-500m-multi-species__20260520T222248Z,2,2,0.006454213988035917,0.002349003218114376,0.9911967515945435
gue_splice_reconstructed_lora__InstaDeepAI_nucleotide-transformer-v2-500m-multi-species__20260520T222248Z,1,1,0.00011091127817053348,0.994796097278595,0.005093064159154892
gue_splice_reconstructed_lora__InstaDeepAI_nucleotide-transformer-v2-500m-multi-species__20260520T222248Z,1,1,8.438398072030395e-05,0.994880199432373,0.005035382695496082
gue_splice_reconstructed_lora__InstaDeepAI_nucleotide-transformer-v2-500m-multi-species__20260520T222248Z,2,2,0.0012410839553922415,0.006901959422975779,0.9918569326400757
gue_splice_reconstructed_lora__InstaDeepAI_nucleotide-transformer-v2-500m-multi-species__20260520T222248Z,2,2,0.0022959306370466948,0.0020460353698581457,0.9956580400466919
gue_splice_reconstructed_lora__InstaDeepAI_nucleotide-transformer-v2-500m-multi-species__20260520T222248Z,2,2,0.00969759002327919,0.0059396070428192616,0.9843628406524658
gue_splice_reconstructed_lora__InstaDeepAI_nucleotide-transformer-v2-500m-multi-species__20260520T222248Z,2,2,0.007005452178418636,0.00042009426397271454,0.9925744533538818
gue_splice_reconstructed_lora__InstaDeepAI_nucleotide-transformer-v2-500m-multi-species__20260520T222248Z,1,1,5.3440257033798844e-05,0.9989917874336243,0.0009546805522404611
gue_splice_reconstructed_lora__InstaDeepAI_nucleotide-transformer-v2-500m-multi-species__20260520T222248Z,2,2,0.0016571052838116884,0.0006326623260974884,0.9977102279663086
gue_splice_reconstructed_lora__InstaDeepAI_nucleotide-transformer-v2-500m-multi-species__20260520T222248Z,2,2,0.0009931667009368539,0.005395288113504648,0.9936115145683289
gue_splice_reconstructed_lora__InstaDeepAI_nucleotide-transformer-v2-500m-multi-species__20260520T222248Z,2,2,0.0007040925556793809,0.002033384284004569,0.9972624778747559
gue_splice_reconstructed_lora__InstaDeepAI_nucleotide-transformer-v2-500m-multi-species__20260520T222248Z,0,0,0.9968987703323364,0.0001610855688340962,0.0029401991050690413
gue_splice_reconstructed_lora__InstaDeepAI_nucleotide-transformer-v2-500m-multi-species__20260520T222248Z,2,2,0.0018647401593625546,0.0015130650717765093,0.9966222047805786
gue_splice_reconstructed_lora__InstaDeepAI_nucleotide-transformer-v2-500m-multi-species__20260520T222248Z,2,2,0.005522183608263731,0.0029935757629573345,0.9914842247962952
gue_splice_reconstructed_lora__InstaDeepAI_nucleotide-transformer-v2-500m-multi-species__20260520T222248Z,2,2,0.00155860825907439,0.0014613199746236205,0.9969800114631653
gue_splice_reconstructed_lora__InstaDeepAI_nucleotide-transformer-v2-500m-multi-species__20260520T222248Z,2,2,0.013559912331402302,0.00023829071142245084,0.986201822757721
gue_splice_reconstructed_lora__InstaDeepAI_nucleotide-transformer-v2-500m-multi-species__20260520T222248Z,1,1,0.00012398319086059928,0.9968279004096985,0.003048163140192628
gue_splice_reconstructed_lora__InstaDeepAI_nucleotide-transformer-v2-500m-multi-species__20260520T222248Z,2,2,0.1510506421327591,0.0019191693281754851,0.8470301628112793
gue_splice_reconstructed_lora__InstaDeepAI_nucleotide-transformer-v2-500m-multi-species__20260520T222248Z,1,1,5.195630365051329e-05,0.9942838549613953,0.005664259195327759
gue_splice_reconstructed_lora__InstaDeepAI_nucleotide-transformer-v2-500m-multi-species__20260520T222248Z,0,0,0.9921923279762268,8.093203359749168e-05,0.007726781535893679
gue_splice_reconstructed_lora__InstaDeepAI_nucleotide-transformer-v2-500m-multi-species__20260520T222248Z,2,2,0.0005577970878221095,0.004615966696292162,0.9948262572288513
gue_splice_reconstructed_lora__InstaDeepAI_nucleotide-transformer-v2-500m-multi-species__20260520T222248Z,0,0,0.5315123200416565,0.0012583835050463676,0.46722930669784546
gue_splice_reconstructed_lora__InstaDeepAI_nucleotide-transformer-v2-500m-multi-species__20260520T222248Z,1,1,7.102885138010606e-05,0.9983581900596619,0.001570701482705772
gue_splice_reconstructed_lora__InstaDeepAI_nucleotide-transformer-v2-500m-multi-species__20260520T222248Z,0,0,0.9963531494140625,0.00010394773562438786,0.003542885882779956
gue_splice_reconstructed_lora__InstaDeepAI_nucleotide-transformer-v2-500m-multi-species__20260520T222248Z,1,2,0.0008467023726552725,0.16357403993606567,0.8355792164802551
gue_splice_reconstructed_lora__InstaDeepAI_nucleotide-transformer-v2-500m-multi-species__20260520T222248Z,2,2,0.003216902259737253,0.0036738174967467785,0.9931092262268066
gue_splice_reconstructed_lora__InstaDeepAI_nucleotide-transformer-v2-500m-multi-species__20260520T222248Z,2,2,0.043253157287836075,0.002597553888335824,0.9541493058204651
gue_splice_reconstructed_lora__InstaDeepAI_nucleotide-transformer-v2-500m-multi-species__20260520T222248Z,2,2,0.0019240856636315584,0.0071978820487856865,0.9908780455589294
gue_splice_reconstructed_lora__InstaDeepAI_nucleotide-transformer-v2-500m-multi-species__20260520T222248Z,0,0,0.9948657155036926,0.00015042851737234741,0.004983941558748484
gue_splice_reconstructed_lora__InstaDeepAI_nucleotide-transformer-v2-500m-multi-species__20260520T222248Z,2,2,0.005288389511406422,0.0025473281275480986,0.9921642541885376
gue_splice_reconstructed_lora__InstaDeepAI_nucleotide-transformer-v2-500m-multi-species__20260520T222248Z,1,2,0.0005078002577647567,0.2816576361656189,0.7178345918655396
gue_splice_reconstructed_lora__InstaDeepAI_nucleotide-transformer-v2-500m-multi-species__20260520T222248Z,1,1,4.47620841441676e-05,0.9975726008415222,0.002382655395194888
gue_splice_reconstructed_lora__InstaDeepAI_nucleotide-transformer-v2-500m-multi-species__20260520T222248Z,2,2,0.004745563492178917,0.0029959133826196194,0.9922584891319275
gue_splice_reconstructed_lora__InstaDeepAI_nucleotide-transformer-v2-500m-multi-species__20260520T222248Z,1,1,5.198408689466305e-05,0.9987092018127441,0.0012387227034196258
gue_splice_reconstructed_lora__InstaDeepAI_nucleotide-transformer-v2-500m-multi-species__20260520T222248Z,1,1,0.00030316688935272396,0.759530246257782,0.24016661942005157
gue_splice_reconstructed_lora__InstaDeepAI_nucleotide-transformer-v2-500m-multi-species__20260520T222248Z,1,1,7.119068322936073e-05,0.9986804127693176,0.00124840228818357
gue_splice_reconstructed_lora__InstaDeepAI_nucleotide-transformer-v2-500m-multi-species__20260520T222248Z,0,0,0.5250352025032043,0.0038664331659674644,0.4710983633995056
gue_splice_reconstructed_lora__InstaDeepAI_nucleotide-transformer-v2-500m-multi-species__20260520T222248Z,0,0,0.9906448125839233,0.0005511300987564027,0.008804047480225563
gue_splice_reconstructed_lora__InstaDeepAI_nucleotide-transformer-v2-500m-multi-species__20260520T222248Z,0,0,0.9892411828041077,0.0001372605620417744,0.010621502995491028
gue_splice_reconstructed_lora__InstaDeepAI_nucleotide-transformer-v2-500m-multi-species__20260520T222248Z,2,2,0.003916061948984861,0.0006563597125932574,0.9954276084899902
gue_splice_reconstructed_lora__InstaDeepAI_nucleotide-transformer-v2-500m-multi-species__20260520T222248Z,1,1,0.00011710845865309238,0.9944802522659302,0.005402642302215099
gue_splice_reconstructed_lora__InstaDeepAI_nucleotide-transformer-v2-500m-multi-species__20260520T222248Z,2,2,0.025196271017193794,0.0031108595430850983,0.9716928601264954
gue_splice_reconstructed_lora__InstaDeepAI_nucleotide-transformer-v2-500m-multi-species__20260520T222248Z,0,0,0.9978516101837158,7.676152745261788e-05,0.0020716770086437464
gue_splice_reconstructed_lora__InstaDeepAI_nucleotide-transformer-v2-500m-multi-species__20260520T222248Z,2,0,0.88140869140625,0.0009828421752899885,0.11760849505662918
gue_splice_reconstructed_lora__InstaDeepAI_nucleotide-transformer-v2-500m-multi-species__20260520T222248Z,2,2,0.0007536537596024573,0.0003701822424773127,0.99887615442276
gue_splice_reconstructed_lora__InstaDeepAI_nucleotide-transformer-v2-500m-multi-species__20260520T222248Z,2,2,0.004042941145598888,0.0037794916424900293,0.9921775460243225
gue_splice_reconstructed_lora__InstaDeepAI_nucleotide-transformer-v2-500m-multi-species__20260520T222248Z,2,2,0.0007614443893544376,0.003740647342056036,0.9954979419708252
gue_splice_reconstructed_lora__InstaDeepAI_nucleotide-transformer-v2-500m-multi-species__20260520T222248Z,2,2,0.008406220003962517,0.0085136191919446,0.9830801486968994
gue_splice_reconstructed_lora__InstaDeepAI_nucleotide-transformer-v2-500m-multi-species__20260520T222248Z,2,2,0.0012856507673859596,0.002852340694516897,0.9958620071411133
gue_splice_reconstructed_lora__InstaDeepAI_nucleotide-transformer-v2-500m-multi-species__20260520T222248Z,1,1,0.00010802492033690214,0.9957665205001831,0.004125489387661219
gue_splice_reconstructed_lora__InstaDeepAI_nucleotide-transformer-v2-500m-multi-species__20260520T222248Z,1,1,4.882154462393373e-05,0.9984435439109802,0.001507710199803114
gue_splice_reconstructed_lora__InstaDeepAI_nucleotide-transformer-v2-500m-multi-species__20260520T222248Z,1,1,5.6006367231020704e-05,0.9990178346633911,0.0009262363892048597
gue_splice_reconstructed_lora__InstaDeepAI_nucleotide-transformer-v2-500m-multi-species__20260520T222248Z,1,1,8.97279242053628e-05,0.9976804256439209,0.0022298120893538
gue_splice_reconstructed_lora__InstaDeepAI_nucleotide-transformer-v2-500m-multi-species__20260520T222248Z,2,2,0.0008191619417630136,0.0009391738567501307,0.998241662979126
gue_splice_reconstructed_lora__InstaDeepAI_nucleotide-transformer-v2-500m-multi-species__20260520T222248Z,2,2,0.0009449602221138775,0.0005311109125614166,0.998524010181427
gue_splice_reconstructed_lora__InstaDeepAI_nucleotide-transformer-v2-500m-multi-species__20260520T222248Z,1,1,0.0001371295511489734,0.9921650886535645,0.0076978555880486965
gue_splice_reconstructed_lora__InstaDeepAI_nucleotide-transformer-v2-500m-multi-species__20260520T222248Z,2,2,0.0013920948840677738,0.001330943196080625,0.9972769618034363
gue_splice_reconstructed_lora__InstaDeepAI_nucleotide-transformer-v2-500m-multi-species__20260520T222248Z,1,1,3.477343125268817e-05,0.9989687204360962,0.0009965732460841537
gue_splice_reconstructed_lora__InstaDeepAI_nucleotide-transformer-v2-500m-multi-species__20260520T222248Z,2,0,0.6575597524642944,0.0006358004175126553,0.3418044149875641
gue_splice_reconstructed_lora__InstaDeepAI_nucleotide-transformer-v2-500m-multi-species__20260520T222248Z,2,2,0.0018877044785767794,0.00485822930932045,0.9932541251182556
gue_splice_reconstructed_lora__InstaDeepAI_nucleotide-transformer-v2-500m-multi-species__20260520T222248Z,2,2,0.0006156564923003316,0.001578287105076015,0.9978060126304626
gue_splice_reconstructed_lora__InstaDeepAI_nucleotide-transformer-v2-500m-multi-species__20260520T222248Z,2,2,0.0022074668668210506,0.0023636450059711933,0.9954289197921753
gue_splice_reconstructed_lora__InstaDeepAI_nucleotide-transformer-v2-500m-multi-species__20260520T222248Z,2,2,0.0007556288037449121,0.022858908399939537,0.9763854742050171
gue_splice_reconstructed_lora__InstaDeepAI_nucleotide-transformer-v2-500m-multi-species__20260520T222248Z,2,2,0.003963776398450136,0.022336028516292572,0.9737001657485962
gue_splice_reconstructed_lora__InstaDeepAI_nucleotide-transformer-v2-500m-multi-species__20260520T222248Z,1,1,0.0001254396775038913,0.9890312552452087,0.010843329131603241
gue_splice_reconstructed_lora__InstaDeepAI_nucleotide-transformer-v2-500m-multi-species__20260520T222248Z,1,1,7.176604412961751e-05,0.9930811524391174,0.006847134325653315
gue_splice_reconstructed_lora__InstaDeepAI_nucleotide-transformer-v2-500m-multi-species__20260520T222248Z,0,0,0.8728616237640381,0.00015673119924031198,0.12698166072368622
gue_splice_reconstructed_lora__InstaDeepAI_nucleotide-transformer-v2-500m-multi-species__20260520T222248Z,2,2,0.0374784916639328,0.002288995310664177,0.9602325558662415
gue_splice_reconstructed_lora__InstaDeepAI_nucleotide-transformer-v2-500m-multi-species__20260520T222248Z,2,2,0.01702737808227539,0.0005727722309529781,0.9823998212814331
gue_splice_reconstructed_lora__InstaDeepAI_nucleotide-transformer-v2-500m-multi-species__20260520T222248Z,0,0,0.9905804991722107,0.0006417825352400541,0.008777722716331482
gue_splice_reconstructed_lora__InstaDeepAI_nucleotide-transformer-v2-500m-multi-species__20260520T222248Z,2,2,0.004044657573103905,0.010118738748133183,0.9858366250991821
gue_splice_reconstructed_lora__InstaDeepAI_nucleotide-transformer-v2-500m-multi-species__20260520T222248Z,0,0,0.9980440139770508,0.0001723435998428613,0.001783626968972385
gue_splice_reconstructed_lora__InstaDeepAI_nucleotide-transformer-v2-500m-multi-species__20260520T222248Z,2,2,0.0026244749315083027,0.044568803161382675,0.9528067708015442
gue_splice_reconstructed_lora__InstaDeepAI_nucleotide-transformer-v2-500m-multi-species__20260520T222248Z,2,2,0.004387333989143372,0.0027455235831439495,0.992867112159729
gue_splice_reconstructed_lora__InstaDeepAI_nucleotide-transformer-v2-500m-multi-species__20260520T222248Z,1,1,2.8875878342660144e-05,0.9928343296051025,0.007136775646358728
gue_splice_reconstructed_lora__InstaDeepAI_nucleotide-transformer-v2-500m-multi-species__20260520T222248Z,2,2,0.007320608478039503,0.001498936559073627,0.9911804795265198
gue_splice_reconstructed_lora__InstaDeepAI_nucleotide-transformer-v2-500m-multi-species__20260520T222248Z,2,2,0.0003851408255286515,0.004084428772330284,0.9955304265022278
gue_splice_reconstructed_lora__InstaDeepAI_nucleotide-transformer-v2-500m-multi-species__20260520T222248Z,2,2,0.0030739973299205303,0.000446324615040794,0.9964796900749207
gue_splice_reconstructed_lora__InstaDeepAI_nucleotide-transformer-v2-500m-multi-species__20260520T222248Z,2,2,0.002970341593027115,0.0035864165984094143,0.9934432506561279
gue_splice_reconstructed_lora__InstaDeepAI_nucleotide-transformer-v2-500m-multi-species__20260520T222248Z,2,2,0.0021677769254893064,0.0029658942949026823,0.9948662519454956
gue_splice_reconstructed_lora__InstaDeepAI_nucleotide-transformer-v2-500m-multi-species__20260520T222248Z,2,2,0.02139659970998764,0.0039521800354123116,0.9746512770652771
gue_splice_reconstructed_lora__InstaDeepAI_nucleotide-transformer-v2-500m-multi-species__20260520T222248Z,1,1,5.154345853952691e-05,0.9980105757713318,0.0019379355944693089
gue_splice_reconstructed_lora__InstaDeepAI_nucleotide-transformer-v2-500m-multi-species__20260520T222248Z,0,0,0.9980180263519287,7.412212289636955e-05,0.0019079047488048673
gue_splice_reconstructed_lora__InstaDeepAI_nucleotide-transformer-v2-500m-multi-species__20260520T222248Z,2,2,0.0029379762709140778,0.008668988943099976,0.9883930087089539
gue_splice_reconstructed_lora__InstaDeepAI_nucleotide-transformer-v2-500m-multi-species__20260520T222248Z,2,2,0.0022264360450208187,0.0016036417800933123,0.9961698651313782
gue_splice_reconstructed_lora__InstaDeepAI_nucleotide-transformer-v2-500m-multi-species__20260520T222248Z,1,2,0.0014794993912801147,0.2869425117969513,0.7115780115127563
gue_splice_reconstructed_lora__InstaDeepAI_nucleotide-transformer-v2-500m-multi-species__20260520T222248Z,1,1,3.1039904570207e-05,0.998670220375061,0.0012987536611035466
gue_splice_reconstructed_lora__InstaDeepAI_nucleotide-transformer-v2-500m-multi-species__20260520T222248Z,0,0,0.9939785003662109,0.00037343802978284657,0.005648022051900625
gue_splice_reconstructed_lora__InstaDeepAI_nucleotide-transformer-v2-500m-multi-species__20260520T222248Z,2,2,0.0020110735204070807,0.0010161809623241425,0.9969726800918579
gue_splice_reconstructed_lora__InstaDeepAI_nucleotide-transformer-v2-500m-multi-species__20260520T222248Z,0,0,0.9992356300354004,6.224959361134097e-05,0.0007020494085736573
gue_splice_reconstructed_lora__InstaDeepAI_nucleotide-transformer-v2-500m-multi-species__20260520T222248Z,0,0,0.998860239982605,0.00022805904154665768,0.0009117325535044074
gue_splice_reconstructed_lora__InstaDeepAI_nucleotide-transformer-v2-500m-multi-species__20260520T222248Z,0,0,0.8226345777511597,0.0011870799353346229,0.17617829144001007
gue_splice_reconstructed_lora__InstaDeepAI_nucleotide-transformer-v2-500m-multi-species__20260520T222248Z,2,2,0.007582517806440592,0.0022087946999818087,0.990208625793457
gue_splice_reconstructed_lora__InstaDeepAI_nucleotide-transformer-v2-500m-multi-species__20260520T222248Z,2,2,0.0002810496371239424,0.0009161425405181944,0.9988027811050415
gue_splice_reconstructed_lora__InstaDeepAI_nucleotide-transformer-v2-500m-multi-species__20260520T222248Z,0,0,0.9993878602981567,7.524561806349084e-05,0.0005367870326153934
gue_splice_reconstructed_lora__InstaDeepAI_nucleotide-transformer-v2-500m-multi-species__20260520T222248Z,2,2,0.0009068296058103442,0.0007415797444991767,0.9983515739440918
gue_splice_reconstructed_lora__InstaDeepAI_nucleotide-transformer-v2-500m-multi-species__20260520T222248Z,2,2,0.0013669703621417284,0.0019889301620423794,0.996644139289856
gue_splice_reconstructed_lora__InstaDeepAI_nucleotide-transformer-v2-500m-multi-species__20260520T222248Z,0,0,0.9992780089378357,7.081712101353332e-05,0.000651222129818052
gue_splice_reconstructed_lora__InstaDeepAI_nucleotide-transformer-v2-500m-multi-species__20260520T222248Z,0,0,0.9647724628448486,0.000350627931766212,0.03487687557935715
gue_splice_reconstructed_lora__InstaDeepAI_nucleotide-transformer-v2-500m-multi-species__20260520T222248Z,2,2,0.09077552706003189,0.0015554102137684822,0.9076691269874573
gue_splice_reconstructed_lora__InstaDeepAI_nucleotide-transformer-v2-500m-multi-species__20260520T222248Z,1,1,6.053373363101855e-05,0.9986287355422974,0.0013108041603118181
gue_splice_reconstructed_lora__InstaDeepAI_nucleotide-transformer-v2-500m-multi-species__20260520T222248Z,1,1,0.00022702795104123652,0.9599941968917847,0.039778780192136765
gue_splice_reconstructed_lora__InstaDeepAI_nucleotide-transformer-v2-500m-multi-species__20260520T222248Z,0,0,0.9986955523490906,0.00014866646961309016,0.0011557289399206638
gue_splice_reconstructed_lora__InstaDeepAI_nucleotide-transformer-v2-500m-multi-species__20260520T222248Z,2,2,0.006141944322735071,0.00727950781583786,0.9865785241127014
gue_splice_reconstructed_lora__InstaDeepAI_nucleotide-transformer-v2-500m-multi-species__20260520T222248Z,1,1,8.724444342078641e-05,0.9969580173492432,0.0029547661542892456
gue_splice_reconstructed_lora__InstaDeepAI_nucleotide-transformer-v2-500m-multi-species__20260520T222248Z,1,1,3.5176050005247816e-05,0.9987618923187256,0.001203022082336247
gue_splice_reconstructed_lora__InstaDeepAI_nucleotide-transformer-v2-500m-multi-species__20260520T222248Z,2,2,0.0025057021994143724,0.0013217022642493248,0.9961726069450378
gue_splice_reconstructed_lora__InstaDeepAI_nucleotide-transformer-v2-500m-multi-species__20260520T222248Z,1,1,5.021053584641777e-05,0.9952568411827087,0.004692977759987116
gue_splice_reconstructed_lora__InstaDeepAI_nucleotide-transformer-v2-500m-multi-species__20260520T222248Z,1,1,8.67077469592914e-05,0.9985961318016052,0.0013171774335205555
gue_splice_reconstructed_lora__InstaDeepAI_nucleotide-transformer-v2-500m-multi-species__20260520T222248Z,2,2,0.002020709216594696,0.0030542516615241766,0.9949250221252441
gue_splice_reconstructed_lora__InstaDeepAI_nucleotide-transformer-v2-500m-multi-species__20260520T222248Z,2,2,0.0007808329537510872,0.030811838805675507,0.968407392501831
gue_splice_reconstructed_lora__InstaDeepAI_nucleotide-transformer-v2-500m-multi-species__20260520T222248Z,2,2,0.004965086933225393,0.0005394011386670172,0.9944954514503479
gue_splice_reconstructed_lora__InstaDeepAI_nucleotide-transformer-v2-500m-multi-species__20260520T222248Z,0,0,0.9939168095588684,0.00032127564190886915,0.0057618748396635056
gue_splice_reconstructed_lora__InstaDeepAI_nucleotide-transformer-v2-500m-multi-species__20260520T222248Z,1,2,0.0005442117690108716,0.1361890584230423,0.8632667064666748
gue_splice_reconstructed_lora__InstaDeepAI_nucleotide-transformer-v2-500m-multi-species__20260520T222248Z,2,2,0.0029175695963203907,0.005922500044107437,0.991159975528717
gue_splice_reconstructed_lora__InstaDeepAI_nucleotide-transformer-v2-500m-multi-species__20260520T222248Z,0,0,0.9689539074897766,0.0008187677594833076,0.030227400362491608
gue_splice_reconstructed_lora__InstaDeepAI_nucleotide-transformer-v2-500m-multi-species__20260520T222248Z,0,0,0.9988752007484436,9.866486652754247e-05,0.0010261054849252105
gue_splice_reconstructed_lora__InstaDeepAI_nucleotide-transformer-v2-500m-multi-species__20260520T222248Z,1,1,0.00019514492305461317,0.9934099316596985,0.006394825875759125
gue_splice_reconstructed_lora__InstaDeepAI_nucleotide-transformer-v2-500m-multi-species__20260520T222248Z,0,0,0.9987321496009827,8.705896470928565e-05,0.0011808709241449833
gue_splice_reconstructed_lora__InstaDeepAI_nucleotide-transformer-v2-500m-multi-species__20260520T222248Z,2,2,0.0027974750846624374,0.03187502920627594,0.9653275012969971
gue_splice_reconstructed_lora__InstaDeepAI_nucleotide-transformer-v2-500m-multi-species__20260520T222248Z,2,2,0.05012097582221031,0.0017670582747086883,0.9481119513511658
gue_splice_reconstructed_lora__InstaDeepAI_nucleotide-transformer-v2-500m-multi-species__20260520T222248Z,2,2,0.0011042115511372685,0.0008769220439717174,0.9980188608169556
gue_splice_reconstructed_lora__InstaDeepAI_nucleotide-transformer-v2-500m-multi-species__20260520T222248Z,1,1,0.00010847444355022162,0.9691463112831116,0.030745146796107292
gue_splice_reconstructed_lora__InstaDeepAI_nucleotide-transformer-v2-500m-multi-species__20260520T222248Z,1,1,5.577158663072623e-05,0.998723566532135,0.0012207271065562963
gue_splice_reconstructed_lora__InstaDeepAI_nucleotide-transformer-v2-500m-multi-species__20260520T222248Z,1,1,6.741936522303149e-05,0.9989380240440369,0.000994598027318716
gue_splice_reconstructed_lora__InstaDeepAI_nucleotide-transformer-v2-500m-multi-species__20260520T222248Z,1,1,3.253184331697412e-05,0.9987408518791199,0.0012267236597836018
gue_splice_reconstructed_lora__InstaDeepAI_nucleotide-transformer-v2-500m-multi-species__20260520T222248Z,0,0,0.9992314577102661,3.5746787034440786e-05,0.0007328699575737119
gue_splice_reconstructed_lora__InstaDeepAI_nucleotide-transformer-v2-500m-multi-species__20260520T222248Z,2,2,0.01455584354698658,0.0026547019369900227,0.9827894568443298
gue_splice_reconstructed_lora__InstaDeepAI_nucleotide-transformer-v2-500m-multi-species__20260520T222248Z,1,1,9.934538684319705e-05,0.9940472841262817,0.0058533791452646255
gue_splice_reconstructed_lora__InstaDeepAI_nucleotide-transformer-v2-500m-multi-species__20260520T222248Z,1,1,4.31690932600759e-05,0.9964955449104309,0.003461309242993593
gue_splice_reconstructed_lora__InstaDeepAI_nucleotide-transformer-v2-500m-multi-species__20260520T222248Z,2,2,0.003879382275044918,0.005189781542867422,0.9909308552742004
gue_splice_reconstructed_lora__InstaDeepAI_nucleotide-transformer-v2-500m-multi-species__20260520T222248Z,0,0,0.8446159958839417,0.0015680292854085565,0.15381598472595215
gue_splice_reconstructed_lora__InstaDeepAI_nucleotide-transformer-v2-500m-multi-species__20260520T222248Z,1,1,0.00015547857037745416,0.985016942024231,0.014827622100710869
gue_splice_reconstructed_lora__InstaDeepAI_nucleotide-transformer-v2-500m-multi-species__20260520T222248Z,1,1,0.00018171609553974122,0.9963167905807495,0.0035014820750802755
gue_splice_reconstructed_lora__InstaDeepAI_nucleotide-transformer-v2-500m-multi-species__20260520T222248Z,2,2,0.0011655214475467801,0.0014647492207586765,0.9973697662353516
gue_splice_reconstructed_lora__InstaDeepAI_nucleotide-transformer-v2-500m-multi-species__20260520T222248Z,0,0,0.9961101412773132,0.00045852703624404967,0.003431369084864855
gue_splice_reconstructed_lora__InstaDeepAI_nucleotide-transformer-v2-500m-multi-species__20260520T222248Z,2,2,0.11752612888813019,0.00039124657632783055,0.8820827007293701
gue_splice_reconstructed_lora__InstaDeepAI_nucleotide-transformer-v2-500m-multi-species__20260520T222248Z,2,2,0.003301431657746434,0.001103683258406818,0.9955949187278748
gue_splice_reconstructed_lora__InstaDeepAI_nucleotide-transformer-v2-500m-multi-species__20260520T222248Z,1,1,4.624806751962751e-05,0.9989783763885498,0.000975400151219219
gue_splice_reconstructed_lora__InstaDeepAI_nucleotide-transformer-v2-500m-multi-species__20260520T222248Z,1,2,0.0014746495289728045,0.3412981629371643,0.6572272181510925
gue_splice_reconstructed_lora__InstaDeepAI_nucleotide-transformer-v2-500m-multi-species__20260520T222248Z,1,1,6.269088771659881e-05,0.9984879493713379,0.0014493075432255864
gue_splice_reconstructed_lora__InstaDeepAI_nucleotide-transformer-v2-500m-multi-species__20260520T222248Z,2,2,0.001025195699185133,0.012612005695700645,0.9863627552986145
gue_splice_reconstructed_lora__InstaDeepAI_nucleotide-transformer-v2-500m-multi-species__20260520T222248Z,2,2,0.04056704044342041,0.0018093552207574248,0.9576236605644226
gue_splice_reconstructed_lora__InstaDeepAI_nucleotide-transformer-v2-500m-multi-species__20260520T222248Z,0,0,0.9972038269042969,0.00016755374963395298,0.00262867147102952
gue_splice_reconstructed_lora__InstaDeepAI_nucleotide-transformer-v2-500m-multi-species__20260520T222248Z,2,2,0.004637234378606081,0.0008209219668060541,0.9945418238639832
gue_splice_reconstructed_lora__InstaDeepAI_nucleotide-transformer-v2-500m-multi-species__20260520T222248Z,2,2,0.0013265201123431325,0.0027674066368490458,0.9959059953689575
gue_splice_reconstructed_lora__InstaDeepAI_nucleotide-transformer-v2-500m-multi-species__20260520T222248Z,2,2,0.0018365103751420975,0.001171925920061767,0.9969915151596069
gue_splice_reconstructed_lora__InstaDeepAI_nucleotide-transformer-v2-500m-multi-species__20260520T222248Z,2,2,0.005381245166063309,0.06272696703672409,0.9318918585777283
gue_splice_reconstructed_lora__InstaDeepAI_nucleotide-transformer-v2-500m-multi-species__20260520T222248Z,0,0,0.9992668032646179,6.323186244117096e-05,0.0006699210498481989
gue_splice_reconstructed_lora__InstaDeepAI_nucleotide-transformer-v2-500m-multi-species__20260520T222248Z,2,2,0.001594302710145712,0.015744253993034363,0.9826614260673523
gue_splice_reconstructed_lora__InstaDeepAI_nucleotide-transformer-v2-500m-multi-species__20260520T222248Z,2,2,0.0002896911755669862,0.00576205737888813,0.993948221206665
gue_splice_reconstructed_lora__InstaDeepAI_nucleotide-transformer-v2-500m-multi-species__20260520T222248Z,2,2,0.0018883758457377553,0.0006154653383418918,0.9974961876869202
gue_splice_reconstructed_lora__InstaDeepAI_nucleotide-transformer-v2-500m-multi-species__20260520T222248Z,0,0,0.9985328912734985,2.8368869607220404e-05,0.0014387959381565452
gue_splice_reconstructed_lora__InstaDeepAI_nucleotide-transformer-v2-500m-multi-species__20260520T222248Z,2,2,0.006994141731411219,0.0015499722212553024,0.9914558529853821
gue_splice_reconstructed_lora__InstaDeepAI_nucleotide-transformer-v2-500m-multi-species__20260520T222248Z,0,0,0.9976521134376526,0.00011386741971364245,0.002234108280390501
gue_splice_reconstructed_lora__InstaDeepAI_nucleotide-transformer-v2-500m-multi-species__20260520T222248Z,0,0,0.9984266757965088,6.493007822427899e-05,0.001508421148173511
gue_splice_reconstructed_lora__InstaDeepAI_nucleotide-transformer-v2-500m-multi-species__20260520T222248Z,1,2,0.0010770471999421716,0.11774946749210358,0.8811734914779663
gue_splice_reconstructed_lora__InstaDeepAI_nucleotide-transformer-v2-500m-multi-species__20260520T222248Z,0,0,0.9989253878593445,2.159038012905512e-05,0.0010530593572184443
gue_splice_reconstructed_lora__InstaDeepAI_nucleotide-transformer-v2-500m-multi-species__20260520T222248Z,2,2,0.0022059485781937838,0.0049906386993825436,0.9928033947944641
gue_splice_reconstructed_lora__InstaDeepAI_nucleotide-transformer-v2-500m-multi-species__20260520T222248Z,2,2,0.0005343637312762439,0.0006955817225389183,0.9987700581550598
gue_splice_reconstructed_lora__InstaDeepAI_nucleotide-transformer-v2-500m-multi-species__20260520T222248Z,2,2,0.0012490018270909786,0.0005662775365635753,0.9981847405433655
gue_splice_reconstructed_lora__InstaDeepAI_nucleotide-transformer-v2-500m-multi-species__20260520T222248Z,2,2,0.005340886767953634,0.0014138126280158758,0.9932453036308289
gue_splice_reconstructed_lora__InstaDeepAI_nucleotide-transformer-v2-500m-multi-species__20260520T222248Z,0,0,0.9949523210525513,0.00033311807783320546,0.004714504815638065
gue_splice_reconstructed_lora__InstaDeepAI_nucleotide-transformer-v2-500m-multi-species__20260520T222248Z,1,1,4.124587940168567e-05,0.9977930784225464,0.002165677957236767
gue_splice_reconstructed_lora__InstaDeepAI_nucleotide-transformer-v2-500m-multi-species__20260520T222248Z,1,1,7.567293505417183e-05,0.9991915822029114,0.0007328407373279333
gue_splice_reconstructed_lora__InstaDeepAI_nucleotide-transformer-v2-500m-multi-species__20260520T222248Z,2,2,0.0021599680185317993,0.000732027052436024,0.9971080422401428
gue_splice_reconstructed_lora__InstaDeepAI_nucleotide-transformer-v2-500m-multi-species__20260520T222248Z,0,0,0.9991543292999268,4.0820967114996165e-05,0.0008048380841501057
gue_splice_reconstructed_lora__InstaDeepAI_nucleotide-transformer-v2-500m-multi-species__20260520T222248Z,2,2,0.035590123385190964,0.04563172534108162,0.918778121471405
gue_splice_reconstructed_lora__InstaDeepAI_nucleotide-transformer-v2-500m-multi-species__20260520T222248Z,2,2,0.019069604575634003,0.0006947798538021743,0.9802355766296387
gue_splice_reconstructed_lora__InstaDeepAI_nucleotide-transformer-v2-500m-multi-species__20260520T222248Z,2,2,0.006033873185515404,0.0003082845651078969,0.9936578869819641
gue_splice_reconstructed_lora__InstaDeepAI_nucleotide-transformer-v2-500m-multi-species__20260520T222248Z,0,0,0.9990881681442261,5.846946078236215e-05,0.0008533490472473204
gue_splice_reconstructed_lora__InstaDeepAI_nucleotide-transformer-v2-500m-multi-species__20260520T222248Z,2,2,0.0007826871587894857,0.0016012716805562377,0.9976160526275635
gue_splice_reconstructed_lora__InstaDeepAI_nucleotide-transformer-v2-500m-multi-species__20260520T222248Z,0,0,0.9990565180778503,0.00014025651034899056,0.0008031890611164272
gue_splice_reconstructed_lora__InstaDeepAI_nucleotide-transformer-v2-500m-multi-species__20260520T222248Z,2,2,0.004169161897152662,0.007057439535856247,0.9887734055519104
gue_splice_reconstructed_lora__InstaDeepAI_nucleotide-transformer-v2-500m-multi-species__20260520T222248Z,0,0,0.9955167174339294,0.0007933396846055984,0.0036899230908602476
gue_splice_reconstructed_lora__InstaDeepAI_nucleotide-transformer-v2-500m-multi-species__20260520T222248Z,0,0,0.9901448488235474,7.01698663760908e-05,0.009785111993551254
gue_splice_reconstructed_lora__InstaDeepAI_nucleotide-transformer-v2-500m-multi-species__20260520T222248Z,1,1,4.147254367126152e-05,0.9993650317192078,0.0005935754743404686
gue_splice_reconstructed_lora__InstaDeepAI_nucleotide-transformer-v2-500m-multi-species__20260520T222248Z,2,2,0.0030970191583037376,0.01429950911551714,0.9826034903526306
gue_splice_reconstructed_lora__InstaDeepAI_nucleotide-transformer-v2-500m-multi-species__20260520T222248Z,0,0,0.9945059418678284,0.00041116136708296835,0.005082884803414345
gue_splice_reconstructed_lora__InstaDeepAI_nucleotide-transformer-v2-500m-multi-species__20260520T222248Z,2,1,0.0020626606419682503,0.605247437953949,0.39268988370895386
gue_splice_reconstructed_lora__InstaDeepAI_nucleotide-transformer-v2-500m-multi-species__20260520T222248Z,2,2,0.001537169679068029,0.003605577629059553,0.9948571920394897
gue_splice_reconstructed_lora__InstaDeepAI_nucleotide-transformer-v2-500m-multi-species__20260520T222248Z,0,0,0.9978969097137451,2.9250752049847506e-05,0.002073795534670353
gue_splice_reconstructed_lora__InstaDeepAI_nucleotide-transformer-v2-500m-multi-species__20260520T222248Z,2,2,0.002139887074008584,0.006155794486403465,0.9917043447494507
gue_splice_reconstructed_lora__InstaDeepAI_nucleotide-transformer-v2-500m-multi-species__20260520T222248Z,2,2,0.0016300989082083106,0.0014640679582953453,0.9969058632850647
gue_splice_reconstructed_lora__InstaDeepAI_nucleotide-transformer-v2-500m-multi-species__20260520T222248Z,2,2,0.03495676442980766,0.002065761014819145,0.962977409362793
gue_splice_reconstructed_lora__InstaDeepAI_nucleotide-transformer-v2-500m-multi-species__20260520T222248Z,2,2,0.0009301526006311178,0.002662728074938059,0.9964070916175842
gue_splice_reconstructed_lora__InstaDeepAI_nucleotide-transformer-v2-500m-multi-species__20260520T222248Z,1,1,9.876648982753977e-05,0.9960058331489563,0.003895444329828024
gue_splice_reconstructed_lora__InstaDeepAI_nucleotide-transformer-v2-500m-multi-species__20260520T222248Z,1,1,4.7865989472484216e-05,0.99820876121521,0.0017434479668736458
gue_splice_reconstructed_lora__InstaDeepAI_nucleotide-transformer-v2-500m-multi-species__20260520T222248Z,2,2,0.0029494797345250845,0.0028475888539105654,0.9942029118537903
gue_splice_reconstructed_lora__InstaDeepAI_nucleotide-transformer-v2-500m-multi-species__20260520T222248Z,1,1,7.697028195252642e-05,0.9966644644737244,0.003258508862927556
gue_splice_reconstructed_lora__InstaDeepAI_nucleotide-transformer-v2-500m-multi-species__20260520T222248Z,2,2,0.0014058296801522374,0.0012651098659262061,0.9973291158676147
gue_splice_reconstructed_lora__InstaDeepAI_nucleotide-transformer-v2-500m-multi-species__20260520T222248Z,2,2,0.004587090574204922,0.0019709572661668062,0.9934419393539429
gue_splice_reconstructed_lora__InstaDeepAI_nucleotide-transformer-v2-500m-multi-species__20260520T222248Z,0,0,0.9933392405509949,0.0001894972228910774,0.0064713251776993275
gue_splice_reconstructed_lora__InstaDeepAI_nucleotide-transformer-v2-500m-multi-species__20260520T222248Z,0,0,0.9993414282798767,3.645584365585819e-05,0.0006220471695996821
gue_splice_reconstructed_lora__InstaDeepAI_nucleotide-transformer-v2-500m-multi-species__20260520T222248Z,2,2,0.003440819215029478,0.0006278448272496462,0.9959313273429871
gue_splice_reconstructed_lora__InstaDeepAI_nucleotide-transformer-v2-500m-multi-species__20260520T222248Z,1,1,0.0001015800007735379,0.996747612953186,0.0031508165411651134
gue_splice_reconstructed_lora__InstaDeepAI_nucleotide-transformer-v2-500m-multi-species__20260520T222248Z,2,2,0.004068590234965086,0.0023227452766150236,0.9936087131500244
gue_splice_reconstructed_lora__InstaDeepAI_nucleotide-transformer-v2-500m-multi-species__20260520T222248Z,1,1,4.1623370634624735e-05,0.9990891218185425,0.0008693312993273139
gue_splice_reconstructed_lora__InstaDeepAI_nucleotide-transformer-v2-500m-multi-species__20260520T222248Z,2,2,0.0017787906108424067,0.003855000715702772,0.9943662881851196
gue_splice_reconstructed_lora__InstaDeepAI_nucleotide-transformer-v2-500m-multi-species__20260520T222248Z,0,0,0.9993639588356018,9.718272485770285e-05,0.0005388750578276813
gue_splice_reconstructed_lora__InstaDeepAI_nucleotide-transformer-v2-500m-multi-species__20260520T222248Z,2,2,0.00489042280241847,0.002084939507767558,0.9930245876312256
gue_splice_reconstructed_lora__InstaDeepAI_nucleotide-transformer-v2-500m-multi-species__20260520T222248Z,2,2,0.001313024666160345,0.020584339275956154,0.9781026244163513
gue_splice_reconstructed_lora__InstaDeepAI_nucleotide-transformer-v2-500m-multi-species__20260520T222248Z,2,2,0.0013225933071225882,0.011520696803927422,0.9871566891670227
gue_splice_reconstructed_lora__InstaDeepAI_nucleotide-transformer-v2-500m-multi-species__20260520T222248Z,2,2,0.08185733109712601,0.003817784832790494,0.9143248796463013
gue_splice_reconstructed_lora__InstaDeepAI_nucleotide-transformer-v2-500m-multi-species__20260520T222248Z,0,0,0.9986973404884338,7.35953581170179e-05,0.001229068380780518
gue_splice_reconstructed_lora__InstaDeepAI_nucleotide-transformer-v2-500m-multi-species__20260520T222248Z,2,0,0.5542564988136292,0.007290505804121494,0.43845298886299133
gue_splice_reconstructed_lora__InstaDeepAI_nucleotide-transformer-v2-500m-multi-species__20260520T222248Z,1,1,9.369360486743972e-05,0.9979588985443115,0.0019473204156383872
gue_splice_reconstructed_lora__InstaDeepAI_nucleotide-transformer-v2-500m-multi-species__20260520T222248Z,1,1,4.648600224754773e-05,0.9963037967681885,0.003649817779660225
gue_splice_reconstructed_lora__InstaDeepAI_nucleotide-transformer-v2-500m-multi-species__20260520T222248Z,0,0,0.9984947443008423,5.597704148385674e-05,0.0014493173221126199
gue_splice_reconstructed_lora__InstaDeepAI_nucleotide-transformer-v2-500m-multi-species__20260520T222248Z,0,0,0.9978506565093994,5.5289197916863486e-05,0.002094049472361803
gue_splice_reconstructed_lora__InstaDeepAI_nucleotide-transformer-v2-500m-multi-species__20260520T222248Z,2,2,0.008476982824504375,0.001134976977482438,0.9903879761695862
gue_splice_reconstructed_lora__InstaDeepAI_nucleotide-transformer-v2-500m-multi-species__20260520T222248Z,1,1,5.7705652579898015e-05,0.9937703013420105,0.006172007415443659
gue_splice_reconstructed_lora__InstaDeepAI_nucleotide-transformer-v2-500m-multi-species__20260520T222248Z,2,2,0.001394816441461444,0.001328346086665988,0.9972768425941467
gue_splice_reconstructed_lora__InstaDeepAI_nucleotide-transformer-v2-500m-multi-species__20260520T222248Z,1,1,5.50548211322166e-05,0.9975094795227051,0.0024354339111596346
gue_splice_reconstructed_lora__InstaDeepAI_nucleotide-transformer-v2-500m-multi-species__20260520T222248Z,2,2,0.007202250882983208,0.00034958901233039796,0.9924482107162476
gue_splice_reconstructed_lora__InstaDeepAI_nucleotide-transformer-v2-500m-multi-species__20260520T222248Z,1,2,0.008105750195682049,0.005228356923907995,0.9866659045219421
gue_splice_reconstructed_lora__InstaDeepAI_nucleotide-transformer-v2-500m-multi-species__20260520T222248Z,2,2,0.002183385193347931,0.0006678486242890358,0.9971488118171692
gue_splice_reconstructed_lora__InstaDeepAI_nucleotide-transformer-v2-500m-multi-species__20260520T222248Z,2,2,0.009421269409358501,0.0010125795379281044,0.9895662069320679
gue_splice_reconstructed_lora__InstaDeepAI_nucleotide-transformer-v2-500m-multi-species__20260520T222248Z,2,2,0.0029753942508250475,0.0009190377895720303,0.9961054921150208
gue_splice_reconstructed_lora__InstaDeepAI_nucleotide-transformer-v2-500m-multi-species__20260520T222248Z,2,2,0.0025083196815103292,0.00027841870905831456,0.9972133040428162
gue_splice_reconstructed_lora__InstaDeepAI_nucleotide-transformer-v2-500m-multi-species__20260520T222248Z,2,2,0.0019498053006827831,0.0017409803112968802,0.996309220790863
gue_splice_reconstructed_lora__InstaDeepAI_nucleotide-transformer-v2-500m-multi-species__20260520T222248Z,2,2,0.18086235225200653,0.00380535121075809,0.815332293510437
gue_splice_reconstructed_lora__InstaDeepAI_nucleotide-transformer-v2-500m-multi-species__20260520T222248Z,2,2,0.0039001901168376207,0.0027683512307703495,0.9933314919471741
gue_splice_reconstructed_lora__InstaDeepAI_nucleotide-transformer-v2-500m-multi-species__20260520T222248Z,2,0,0.5076285600662231,0.00371278147213161,0.488658607006073
gue_splice_reconstructed_lora__InstaDeepAI_nucleotide-transformer-v2-500m-multi-species__20260520T222248Z,2,2,0.007306508254259825,0.0005195516278035939,0.9921739101409912
gue_splice_reconstructed_lora__InstaDeepAI_nucleotide-transformer-v2-500m-multi-species__20260520T222248Z,0,0,0.8510234355926514,0.0013072480214759707,0.1476692408323288
gue_splice_reconstructed_lora__InstaDeepAI_nucleotide-transformer-v2-500m-multi-species__20260520T222248Z,2,2,0.002630941104143858,0.0022241452243179083,0.9951449036598206
gue_splice_reconstructed_lora__InstaDeepAI_nucleotide-transformer-v2-500m-multi-species__20260520T222248Z,2,2,0.0021268678829073906,0.0005837290082126856,0.9972894191741943
gue_splice_reconstructed_lora__InstaDeepAI_nucleotide-transformer-v2-500m-multi-species__20260520T222248Z,2,2,0.0022234113421291113,0.002959959674626589,0.9948166012763977
gue_splice_reconstructed_lora__InstaDeepAI_nucleotide-transformer-v2-500m-multi-species__20260520T222248Z,2,2,0.010751765221357346,0.002316167112439871,0.986932098865509
gue_splice_reconstructed_lora__InstaDeepAI_nucleotide-transformer-v2-500m-multi-species__20260520T222248Z,2,2,0.06676816195249557,0.0038429719861596823,0.9293888211250305
gue_splice_reconstructed_lora__InstaDeepAI_nucleotide-transformer-v2-500m-multi-species__20260520T222248Z,2,2,0.003970200661569834,0.0015157735906541348,0.994513988494873
gue_splice_reconstructed_lora__InstaDeepAI_nucleotide-transformer-v2-500m-multi-species__20260520T222248Z,2,2,0.004422912839800119,0.0005060245166532695,0.9950710535049438
gue_splice_reconstructed_lora__InstaDeepAI_nucleotide-transformer-v2-500m-multi-species__20260520T222248Z,1,1,9.090475941775367e-05,0.9950951337814331,0.004814053885638714
gue_splice_reconstructed_lora__InstaDeepAI_nucleotide-transformer-v2-500m-multi-species__20260520T222248Z,2,2,0.004027341026812792,0.05011631175875664,0.9458563327789307
gue_splice_reconstructed_lora__InstaDeepAI_nucleotide-transformer-v2-500m-multi-species__20260520T222248Z,2,2,0.0008630172233097255,0.05087336152791977,0.9482635855674744
gue_splice_reconstructed_lora__InstaDeepAI_nucleotide-transformer-v2-500m-multi-species__20260520T222248Z,0,0,0.9980399012565613,0.00013422076881397516,0.00182591681368649
gue_splice_reconstructed_lora__InstaDeepAI_nucleotide-transformer-v2-500m-multi-species__20260520T222248Z,2,2,0.0023551478516310453,0.007729777600616217,0.989915132522583
gue_splice_reconstructed_lora__InstaDeepAI_nucleotide-transformer-v2-500m-multi-species__20260520T222248Z,1,1,0.0010355300037190318,0.6767724752426147,0.3221920132637024
gue_splice_reconstructed_lora__InstaDeepAI_nucleotide-transformer-v2-500m-multi-species__20260520T222248Z,0,2,0.04420432820916176,0.0005746047827415168,0.9552210569381714
gue_splice_reconstructed_lora__InstaDeepAI_nucleotide-transformer-v2-500m-multi-species__20260520T222248Z,0,0,0.9942406415939331,0.00015389907639473677,0.00560554675757885
gue_splice_reconstructed_lora__InstaDeepAI_nucleotide-transformer-v2-500m-multi-species__20260520T222248Z,2,2,0.0021075524855405092,0.000936134485527873,0.9969563484191895
gue_splice_reconstructed_lora__InstaDeepAI_nucleotide-transformer-v2-500m-multi-species__20260520T222248Z,0,0,0.9989460110664368,9.752228652359918e-05,0.0009565032087266445
gue_splice_reconstructed_lora__InstaDeepAI_nucleotide-transformer-v2-500m-multi-species__20260520T222248Z,2,2,0.0012701579835265875,0.0003503072075545788,0.9983794689178467
gue_splice_reconstructed_lora__InstaDeepAI_nucleotide-transformer-v2-500m-multi-species__20260520T222248Z,2,2,0.020981701090931892,0.0077413832768797874,0.9712769389152527
gue_splice_reconstructed_lora__InstaDeepAI_nucleotide-transformer-v2-500m-multi-species__20260520T222248Z,2,2,0.0011932305060327053,0.001378775225020945,0.9974279999732971
gue_splice_reconstructed_lora__InstaDeepAI_nucleotide-transformer-v2-500m-multi-species__20260520T222248Z,0,0,0.9976717829704285,7.980498048709705e-05,0.0022483791690319777
gue_splice_reconstructed_lora__InstaDeepAI_nucleotide-transformer-v2-500m-multi-species__20260520T222248Z,2,2,0.0014195963740348816,0.0032179097179323435,0.9953625202178955
gue_splice_reconstructed_lora__InstaDeepAI_nucleotide-transformer-v2-500m-multi-species__20260520T222248Z,1,1,8.372588490601629e-05,0.9987571239471436,0.0011591912480071187
gue_splice_reconstructed_lora__InstaDeepAI_nucleotide-transformer-v2-500m-multi-species__20260520T222248Z,2,2,0.0031460910104215145,0.0025727844331413507,0.9942811727523804
gue_splice_reconstructed_lora__InstaDeepAI_nucleotide-transformer-v2-500m-multi-species__20260520T222248Z,2,2,0.002447886625304818,0.004200754687190056,0.993351399898529
gue_splice_reconstructed_lora__InstaDeepAI_nucleotide-transformer-v2-500m-multi-species__20260520T222248Z,0,0,0.9993584752082825,9.737219079397619e-05,0.0005441603134386241
gue_splice_reconstructed_lora__InstaDeepAI_nucleotide-transformer-v2-500m-multi-species__20260520T222248Z,1,2,0.0013288992922753096,0.03732413053512573,0.9613469839096069
gue_splice_reconstructed_lora__InstaDeepAI_nucleotide-transformer-v2-500m-multi-species__20260520T222248Z,2,2,0.0011072942288592458,0.005875931587070227,0.9930167198181152
gue_splice_reconstructed_lora__InstaDeepAI_nucleotide-transformer-v2-500m-multi-species__20260520T222248Z,2,2,0.0002460505347698927,0.029964931309223175,0.9697890281677246
gue_splice_reconstructed_lora__InstaDeepAI_nucleotide-transformer-v2-500m-multi-species__20260520T222248Z,2,2,0.0027165801730006933,0.0071782334707677364,0.9901052117347717
gue_splice_reconstructed_lora__InstaDeepAI_nucleotide-transformer-v2-500m-multi-species__20260520T222248Z,0,0,0.9981765747070312,0.00011962820281041786,0.0017038378864526749
gue_splice_reconstructed_lora__InstaDeepAI_nucleotide-transformer-v2-500m-multi-species__20260520T222248Z,2,2,0.0033741816878318787,0.0007198092644102871,0.9959059953689575
gue_splice_reconstructed_lora__InstaDeepAI_nucleotide-transformer-v2-500m-multi-species__20260520T222248Z,2,2,0.004820141009986401,0.0010133206378668547,0.9941664934158325
gue_splice_reconstructed_lora__InstaDeepAI_nucleotide-transformer-v2-500m-multi-species__20260520T222248Z,2,2,0.0007012092974036932,0.0022327955812215805,0.9970659613609314
gue_splice_reconstructed_lora__InstaDeepAI_nucleotide-transformer-v2-500m-multi-species__20260520T222248Z,2,2,0.0013792336685582995,0.05580400303006172,0.9428167343139648
gue_splice_reconstructed_lora__InstaDeepAI_nucleotide-transformer-v2-500m-multi-species__20260520T222248Z,2,2,0.024911141023039818,0.0014050472527742386,0.973683774471283
gue_splice_reconstructed_lora__InstaDeepAI_nucleotide-transformer-v2-500m-multi-species__20260520T222248Z,2,2,0.0024880480486899614,0.005455666687339544,0.9920563101768494
gue_splice_reconstructed_lora__InstaDeepAI_nucleotide-transformer-v2-500m-multi-species__20260520T222248Z,0,2,0.11050708591938019,0.00227787671610713,0.8872150778770447
gue_splice_reconstructed_lora__InstaDeepAI_nucleotide-transformer-v2-500m-multi-species__20260520T222248Z,2,2,0.06022512540221214,0.001024533063173294,0.9387503266334534
gue_splice_reconstructed_lora__InstaDeepAI_nucleotide-transformer-v2-500m-multi-species__20260520T222248Z,2,1,0.00047189093311317265,0.8205132484436035,0.1790149062871933
gue_splice_reconstructed_lora__InstaDeepAI_nucleotide-transformer-v2-500m-multi-species__20260520T222248Z,2,2,0.004618421196937561,0.0009978286689147353,0.994383692741394
gue_splice_reconstructed_lora__InstaDeepAI_nucleotide-transformer-v2-500m-multi-species__20260520T222248Z,2,2,0.002634699223563075,0.0007988433353602886,0.9965664148330688
gue_splice_reconstructed_lora__InstaDeepAI_nucleotide-transformer-v2-500m-multi-species__20260520T222248Z,2,2,0.19434793293476105,0.0008886557188816369,0.8047634363174438
gue_splice_reconstructed_lora__InstaDeepAI_nucleotide-transformer-v2-500m-multi-species__20260520T222248Z,2,2,0.0019084602827206254,0.0017308982787653804,0.9963605999946594
gue_splice_reconstructed_lora__InstaDeepAI_nucleotide-transformer-v2-500m-multi-species__20260520T222248Z,2,2,0.0021259477362036705,0.0010160640813410282,0.9968580007553101
gue_splice_reconstructed_lora__InstaDeepAI_nucleotide-transformer-v2-500m-multi-species__20260520T222248Z,1,1,7.640788680873811e-05,0.9971418976783752,0.0027816856745630503
gue_splice_reconstructed_lora__InstaDeepAI_nucleotide-transformer-v2-500m-multi-species__20260520T222248Z,1,1,0.00020211284572724253,0.916894793510437,0.08290310204029083
gue_splice_reconstructed_lora__InstaDeepAI_nucleotide-transformer-v2-500m-multi-species__20260520T222248Z,0,0,0.9936118721961975,8.97117643035017e-05,0.006298499647527933
gue_splice_reconstructed_lora__InstaDeepAI_nucleotide-transformer-v2-500m-multi-species__20260520T222248Z,2,2,0.0014274109853431582,0.0035780128091573715,0.9949945211410522
gue_splice_reconstructed_lora__InstaDeepAI_nucleotide-transformer-v2-500m-multi-species__20260520T222248Z,2,2,0.0020966604351997375,0.001244658837094903,0.9966586828231812
gue_splice_reconstructed_lora__InstaDeepAI_nucleotide-transformer-v2-500m-multi-species__20260520T222248Z,0,0,0.9969255328178406,0.00021634719450958073,0.0028581765946000814
gue_splice_reconstructed_lora__InstaDeepAI_nucleotide-transformer-v2-500m-multi-species__20260520T222248Z,0,0,0.9991850256919861,6.54890391160734e-05,0.0007494822493754327
gue_splice_reconstructed_lora__InstaDeepAI_nucleotide-transformer-v2-500m-multi-species__20260520T222248Z,1,1,3.9975519030122086e-05,0.997759222984314,0.0022007820662111044
gue_splice_reconstructed_lora__InstaDeepAI_nucleotide-transformer-v2-500m-multi-species__20260520T222248Z,2,2,0.03512335196137428,0.001787973684258759,0.9630886316299438
gue_splice_reconstructed_lora__InstaDeepAI_nucleotide-transformer-v2-500m-multi-species__20260520T222248Z,1,1,4.9214824684895575e-05,0.9986540079116821,0.001296831527724862
gue_splice_reconstructed_lora__InstaDeepAI_nucleotide-transformer-v2-500m-multi-species__20260520T222248Z,0,0,0.5931870341300964,0.0011077231029048562,0.4057052731513977
gue_splice_reconstructed_lora__InstaDeepAI_nucleotide-transformer-v2-500m-multi-species__20260520T222248Z,2,2,0.010421033017337322,0.001676448853686452,0.9879024624824524
gue_splice_reconstructed_lora__InstaDeepAI_nucleotide-transformer-v2-500m-multi-species__20260520T222248Z,2,2,0.00812601763755083,0.0017746202647686005,0.9900993704795837
gue_splice_reconstructed_lora__InstaDeepAI_nucleotide-transformer-v2-500m-multi-species__20260520T222248Z,2,2,0.0013945780228823423,0.0014990887138992548,0.9971063733100891
gue_splice_reconstructed_lora__InstaDeepAI_nucleotide-transformer-v2-500m-multi-species__20260520T222248Z,2,2,0.0005747392424382269,0.0039778100326657295,0.9954474568367004
gue_splice_reconstructed_lora__InstaDeepAI_nucleotide-transformer-v2-500m-multi-species__20260520T222248Z,1,1,7.041409844532609e-05,0.9974799752235413,0.002449673367664218
gue_splice_reconstructed_lora__InstaDeepAI_nucleotide-transformer-v2-500m-multi-species__20260520T222248Z,2,2,0.10667509585618973,0.0014526668237522244,0.8918722867965698
gue_splice_reconstructed_lora__InstaDeepAI_nucleotide-transformer-v2-500m-multi-species__20260520T222248Z,2,2,0.001263666432350874,0.0025452086701989174,0.996191143989563
gue_splice_reconstructed_lora__InstaDeepAI_nucleotide-transformer-v2-500m-multi-species__20260520T222248Z,1,1,6.333207420539111e-05,0.9969485402107239,0.0029881082009524107
gue_splice_reconstructed_lora__InstaDeepAI_nucleotide-transformer-v2-500m-multi-species__20260520T222248Z,1,1,4.981632446288131e-05,0.9990825653076172,0.0008676293073222041
gue_splice_reconstructed_lora__InstaDeepAI_nucleotide-transformer-v2-500m-multi-species__20260520T222248Z,1,1,7.656547677470371e-05,0.9953030347824097,0.004620434250682592
gue_splice_reconstructed_lora__InstaDeepAI_nucleotide-transformer-v2-500m-multi-species__20260520T222248Z,1,1,6.323982233880088e-05,0.9877492785453796,0.012187481857836246
gue_splice_reconstructed_lora__InstaDeepAI_nucleotide-transformer-v2-500m-multi-species__20260520T222248Z,1,1,7.61251721996814e-05,0.997340738773346,0.0025832229293882847
gue_splice_reconstructed_lora__InstaDeepAI_nucleotide-transformer-v2-500m-multi-species__20260520T222248Z,2,2,0.005198759026825428,0.0011863495456054807,0.993614912033081
gue_splice_reconstructed_lora__InstaDeepAI_nucleotide-transformer-v2-500m-multi-species__20260520T222248Z,2,2,0.0022358351852744818,0.00128895731177181,0.9964751601219177
gue_splice_reconstructed_lora__InstaDeepAI_nucleotide-transformer-v2-500m-multi-species__20260520T222248Z,0,0,0.9983012676239014,9.632392175262794e-05,0.0016023715725168586
gue_splice_reconstructed_lora__InstaDeepAI_nucleotide-transformer-v2-500m-multi-species__20260520T222248Z,2,2,0.002469364320859313,0.0032618059776723385,0.9942687749862671
gue_splice_reconstructed_lora__InstaDeepAI_nucleotide-transformer-v2-500m-multi-species__20260520T222248Z,1,1,8.099943079287186e-05,0.9988541603088379,0.0010648764437064528
gue_splice_reconstructed_lora__InstaDeepAI_nucleotide-transformer-v2-500m-multi-species__20260520T222248Z,0,0,0.9893848299980164,8.76022968441248e-05,0.010527516715228558
gue_splice_reconstructed_lora__InstaDeepAI_nucleotide-transformer-v2-500m-multi-species__20260520T222248Z,1,1,6.413907249225304e-05,0.9978892207145691,0.0020466188434511423
gue_splice_reconstructed_lora__InstaDeepAI_nucleotide-transformer-v2-500m-multi-species__20260520T222248Z,1,1,0.00011351515422575176,0.9984582662582397,0.0014281895710155368
gue_splice_reconstructed_lora__InstaDeepAI_nucleotide-transformer-v2-500m-multi-species__20260520T222248Z,2,2,0.0010211504995822906,0.010734565556049347,0.9882442951202393
gue_splice_reconstructed_lora__InstaDeepAI_nucleotide-transformer-v2-500m-multi-species__20260520T222248Z,0,0,0.9984777569770813,0.00014072388876229525,0.0013815747806802392
gue_splice_reconstructed_lora__InstaDeepAI_nucleotide-transformer-v2-500m-multi-species__20260520T222248Z,2,2,0.0012168334797024727,0.007126570213586092,0.9916566610336304
gue_splice_reconstructed_lora__InstaDeepAI_nucleotide-transformer-v2-500m-multi-species__20260520T222248Z,2,2,0.023137737065553665,0.003057321300730109,0.9738049507141113
gue_splice_reconstructed_lora__InstaDeepAI_nucleotide-transformer-v2-500m-multi-species__20260520T222248Z,1,1,9.578820754541084e-05,0.998583197593689,0.001321024727076292
gue_splice_reconstructed_lora__InstaDeepAI_nucleotide-transformer-v2-500m-multi-species__20260520T222248Z,1,1,6.26455876044929e-05,0.997766375541687,0.0021709133870899677
gue_splice_reconstructed_lora__InstaDeepAI_nucleotide-transformer-v2-500m-multi-species__20260520T222248Z,1,1,0.00011225210619159043,0.995092511177063,0.004795272834599018
gue_splice_reconstructed_lora__InstaDeepAI_nucleotide-transformer-v2-500m-multi-species__20260520T222248Z,0,0,0.9953418970108032,0.00011140645074192435,0.004546757787466049
gue_splice_reconstructed_lora__InstaDeepAI_nucleotide-transformer-v2-500m-multi-species__20260520T222248Z,0,0,0.9988136291503906,5.2808238251600415e-05,0.0011335090966895223
gue_splice_reconstructed_lora__InstaDeepAI_nucleotide-transformer-v2-500m-multi-species__20260520T222248Z,0,0,0.9983307719230652,7.770366937620565e-05,0.001591502339579165
gue_splice_reconstructed_lora__InstaDeepAI_nucleotide-transformer-v2-500m-multi-species__20260520T222248Z,2,2,0.0009254282922483981,0.001902567921206355,0.9971720576286316
gue_splice_reconstructed_lora__InstaDeepAI_nucleotide-transformer-v2-500m-multi-species__20260520T222248Z,2,2,0.003982175141572952,0.0033631660044193268,0.9926546812057495
gue_splice_reconstructed_lora__InstaDeepAI_nucleotide-transformer-v2-500m-multi-species__20260520T222248Z,2,2,0.00806612242013216,0.004321702290326357,0.9876121878623962
gue_splice_reconstructed_lora__InstaDeepAI_nucleotide-transformer-v2-500m-multi-species__20260520T222248Z,2,2,0.0014375068712979555,0.17912888526916504,0.8194335699081421
gue_splice_reconstructed_lora__InstaDeepAI_nucleotide-transformer-v2-500m-multi-species__20260520T222248Z,2,2,0.005852117668837309,0.006120999809354544,0.9880268573760986
gue_splice_reconstructed_lora__InstaDeepAI_nucleotide-transformer-v2-500m-multi-species__20260520T222248Z,2,2,0.002334537450224161,0.004846625030040741,0.9928187727928162
gue_splice_reconstructed_lora__InstaDeepAI_nucleotide-transformer-v2-500m-multi-species__20260520T222248Z,2,2,0.016530105844140053,0.005712651647627354,0.9777572751045227
gue_splice_reconstructed_lora__InstaDeepAI_nucleotide-transformer-v2-500m-multi-species__20260520T222248Z,2,2,0.005906039848923683,0.0008508457103744149,0.9932431578636169
gue_splice_reconstructed_lora__InstaDeepAI_nucleotide-transformer-v2-500m-multi-species__20260520T222248Z,2,2,0.004354959819465876,0.001404216280207038,0.9942408800125122
gue_splice_reconstructed_lora__InstaDeepAI_nucleotide-transformer-v2-500m-multi-species__20260520T222248Z,1,1,0.00021954438125248998,0.9448126554489136,0.05496785044670105
gue_splice_reconstructed_lora__InstaDeepAI_nucleotide-transformer-v2-500m-multi-species__20260520T222248Z,2,2,0.018316039815545082,0.012429613620042801,0.9692543745040894
gue_splice_reconstructed_lora__InstaDeepAI_nucleotide-transformer-v2-500m-multi-species__20260520T222248Z,2,2,0.0059023513458669186,0.0024437038227915764,0.9916539192199707
gue_splice_reconstructed_lora__InstaDeepAI_nucleotide-transformer-v2-500m-multi-species__20260520T222248Z,2,2,0.009894037619233131,0.0008897995576262474,0.9892160892486572
gue_splice_reconstructed_lora__InstaDeepAI_nucleotide-transformer-v2-500m-multi-species__20260520T222248Z,1,2,0.0015441784635186195,0.001012696884572506,0.9974430799484253
gue_splice_reconstructed_lora__InstaDeepAI_nucleotide-transformer-v2-500m-multi-species__20260520T222248Z,2,2,0.0024886142928153276,0.000372436799807474,0.9971389770507812
gue_splice_reconstructed_lora__InstaDeepAI_nucleotide-transformer-v2-500m-multi-species__20260520T222248Z,2,2,0.001297708018682897,0.0013233029749244452,0.9973790645599365
gue_splice_reconstructed_lora__InstaDeepAI_nucleotide-transformer-v2-500m-multi-species__20260520T222248Z,0,0,0.9995777010917664,2.987791049235966e-05,0.00039241297054104507
gue_splice_reconstructed_lora__InstaDeepAI_nucleotide-transformer-v2-500m-multi-species__20260520T222248Z,2,2,0.0005341543001122773,0.004979608580470085,0.9944862723350525
gue_splice_reconstructed_lora__InstaDeepAI_nucleotide-transformer-v2-500m-multi-species__20260520T222248Z,1,1,7.137961802072823e-05,0.9993769526481628,0.0005516612436622381
gue_splice_reconstructed_lora__InstaDeepAI_nucleotide-transformer-v2-500m-multi-species__20260520T222248Z,2,2,0.00255211372859776,0.0005030320025980473,0.9969448447227478
gue_splice_reconstructed_lora__InstaDeepAI_nucleotide-transformer-v2-500m-multi-species__20260520T222248Z,2,2,0.0034509743563830853,0.0006002754089422524,0.9959486722946167
gue_splice_reconstructed_lora__InstaDeepAI_nucleotide-transformer-v2-500m-multi-species__20260520T222248Z,1,1,0.00010625659342622384,0.9910119771957397,0.008881806395947933
gue_splice_reconstructed_lora__InstaDeepAI_nucleotide-transformer-v2-500m-multi-species__20260520T222248Z,1,1,0.00010422594641568139,0.9970704317092896,0.0028252883348613977
gue_splice_reconstructed_lora__InstaDeepAI_nucleotide-transformer-v2-500m-multi-species__20260520T222248Z,2,2,0.0029730990063399076,0.0007172935293056071,0.9963095784187317
gue_splice_reconstructed_lora__InstaDeepAI_nucleotide-transformer-v2-500m-multi-species__20260520T222248Z,2,2,0.004724861588329077,0.0005687301745638251,0.9947064518928528
gue_splice_reconstructed_lora__InstaDeepAI_nucleotide-transformer-v2-500m-multi-species__20260520T222248Z,2,2,0.002052560681477189,0.008820652961730957,0.9891267418861389
gue_splice_reconstructed_lora__InstaDeepAI_nucleotide-transformer-v2-500m-multi-species__20260520T222248Z,2,2,0.0013178171357139945,0.06379121541976929,0.9348909258842468
gue_splice_reconstructed_lora__InstaDeepAI_nucleotide-transformer-v2-500m-multi-species__20260520T222248Z,0,0,0.9991999268531799,3.8051060982979834e-05,0.000762040086556226
gue_splice_reconstructed_lora__InstaDeepAI_nucleotide-transformer-v2-500m-multi-species__20260520T222248Z,0,0,0.9949219822883606,0.00031972164288163185,0.00475830165669322
gue_splice_reconstructed_lora__InstaDeepAI_nucleotide-transformer-v2-500m-multi-species__20260520T222248Z,2,2,0.00791849009692669,0.01207425445318222,0.9800072312355042
gue_splice_reconstructed_lora__InstaDeepAI_nucleotide-transformer-v2-500m-multi-species__20260520T222248Z,2,2,0.00298411026597023,0.002858602674677968,0.9941573143005371
gue_splice_reconstructed_lora__InstaDeepAI_nucleotide-transformer-v2-500m-multi-species__20260520T222248Z,2,2,0.0021325440611690283,0.011494697071611881,0.9863727688789368
gue_splice_reconstructed_lora__InstaDeepAI_nucleotide-transformer-v2-500m-multi-species__20260520T222248Z,1,1,0.0001672278594924137,0.983669102191925,0.016163716092705727
gue_splice_reconstructed_lora__InstaDeepAI_nucleotide-transformer-v2-500m-multi-species__20260520T222248Z,2,2,0.022094741463661194,0.007643198128789663,0.9702620506286621
gue_splice_reconstructed_lora__InstaDeepAI_nucleotide-transformer-v2-500m-multi-species__20260520T222248Z,1,1,6.51238951832056e-05,0.9975029826164246,0.0024318532086908817
gue_splice_reconstructed_lora__InstaDeepAI_nucleotide-transformer-v2-500m-multi-species__20260520T222248Z,2,2,0.006010129582136869,0.0003682349342852831,0.9936216473579407
gue_splice_reconstructed_lora__InstaDeepAI_nucleotide-transformer-v2-500m-multi-species__20260520T222248Z,0,0,0.998528242111206,9.411397331859916e-05,0.0013776029227301478
gue_splice_reconstructed_lora__InstaDeepAI_nucleotide-transformer-v2-500m-multi-species__20260520T222248Z,2,2,0.0019816195126622915,0.0030962866730988026,0.9949221014976501
gue_splice_reconstructed_lora__InstaDeepAI_nucleotide-transformer-v2-500m-multi-species__20260520T222248Z,1,1,5.7856785133481026e-05,0.9886192083358765,0.011322894133627415
gue_splice_reconstructed_lora__InstaDeepAI_nucleotide-transformer-v2-500m-multi-species__20260520T222248Z,0,0,0.9994930028915405,4.645299122785218e-05,0.00046053380356170237
gue_splice_reconstructed_lora__InstaDeepAI_nucleotide-transformer-v2-500m-multi-species__20260520T222248Z,1,1,3.470146475592628e-05,0.996901273727417,0.0030640563927590847
gue_splice_reconstructed_lora__InstaDeepAI_nucleotide-transformer-v2-500m-multi-species__20260520T222248Z,2,2,0.032739732414484024,0.0008359960047528148,0.966424286365509
gue_splice_reconstructed_lora__InstaDeepAI_nucleotide-transformer-v2-500m-multi-species__20260520T222248Z,0,2,0.4820478856563568,0.002303185872733593,0.5156489610671997
gue_splice_reconstructed_lora__InstaDeepAI_nucleotide-transformer-v2-500m-multi-species__20260520T222248Z,0,0,0.9935221076011658,6.511787069030106e-05,0.0064127459190785885
gue_splice_reconstructed_lora__InstaDeepAI_nucleotide-transformer-v2-500m-multi-species__20260520T222248Z,0,0,0.998375654220581,7.862314669182524e-05,0.0015456222463399172
gue_splice_reconstructed_lora__InstaDeepAI_nucleotide-transformer-v2-500m-multi-species__20260520T222248Z,2,2,0.0018832872156053782,0.003308500861749053,0.9948082566261292
gue_splice_reconstructed_lora__InstaDeepAI_nucleotide-transformer-v2-500m-multi-species__20260520T222248Z,2,2,0.002075600903481245,0.00934772938489914,0.9885767102241516
gue_splice_reconstructed_lora__InstaDeepAI_nucleotide-transformer-v2-500m-multi-species__20260520T222248Z,0,0,0.9973857998847961,0.00012749145389534533,0.002486800542101264
gue_splice_reconstructed_lora__InstaDeepAI_nucleotide-transformer-v2-500m-multi-species__20260520T222248Z,2,2,0.004779675509780645,0.006507571320980787,0.9887127876281738
gue_splice_reconstructed_lora__InstaDeepAI_nucleotide-transformer-v2-500m-multi-species__20260520T222248Z,2,0,0.8613120913505554,0.001138316816650331,0.13754957914352417
gue_splice_reconstructed_lora__InstaDeepAI_nucleotide-transformer-v2-500m-multi-species__20260520T222248Z,0,0,0.9968595504760742,7.728666241746396e-05,0.0030631800182163715
gue_splice_reconstructed_lora__InstaDeepAI_nucleotide-transformer-v2-500m-multi-species__20260520T222248Z,1,1,3.3842654374893755e-05,0.9952850937843323,0.004681095480918884
gue_splice_reconstructed_lora__InstaDeepAI_nucleotide-transformer-v2-500m-multi-species__20260520T222248Z,1,1,7.344441837631166e-05,0.9966489672660828,0.003277606563642621
gue_splice_reconstructed_lora__InstaDeepAI_nucleotide-transformer-v2-500m-multi-species__20260520T222248Z,2,2,0.07642710208892822,0.010731705464422703,0.9128412008285522
gue_splice_reconstructed_lora__InstaDeepAI_nucleotide-transformer-v2-500m-multi-species__20260520T222248Z,2,2,0.0036452950444072485,0.002256793901324272,0.9940979480743408
gue_splice_reconstructed_lora__InstaDeepAI_nucleotide-transformer-v2-500m-multi-species__20260520T222248Z,2,2,0.006503731943666935,0.0005302218487486243,0.9929660558700562
gue_splice_reconstructed_lora__InstaDeepAI_nucleotide-transformer-v2-500m-multi-species__20260520T222248Z,1,1,7.479947817046195e-05,0.9954047203063965,0.004520480055361986
gue_splice_reconstructed_lora__InstaDeepAI_nucleotide-transformer-v2-500m-multi-species__20260520T222248Z,0,0,0.9992727637290955,0.00011011241440428421,0.0006171639543026686
gue_splice_reconstructed_lora__InstaDeepAI_nucleotide-transformer-v2-500m-multi-species__20260520T222248Z,2,2,0.06758902221918106,0.0057297516614198685,0.9266812801361084
gue_splice_reconstructed_lora__InstaDeepAI_nucleotide-transformer-v2-500m-multi-species__20260520T222248Z,1,1,0.0001071862134267576,0.9977315068244934,0.0021613186690956354
gue_splice_reconstructed_lora__InstaDeepAI_nucleotide-transformer-v2-500m-multi-species__20260520T222248Z,0,0,0.99720299243927,9.289404260925949e-05,0.00270417844876647
gue_splice_reconstructed_lora__InstaDeepAI_nucleotide-transformer-v2-500m-multi-species__20260520T222248Z,2,2,0.0052494085393846035,0.00023473303008358926,0.9945158362388611
gue_splice_reconstructed_lora__InstaDeepAI_nucleotide-transformer-v2-500m-multi-species__20260520T222248Z,0,0,0.9971808195114136,6.849425699329004e-05,0.002750728279352188
gue_splice_reconstructed_lora__InstaDeepAI_nucleotide-transformer-v2-500m-multi-species__20260520T222248Z,1,1,4.5359796786215156e-05,0.9991161227226257,0.0008385032415390015
gue_splice_reconstructed_lora__InstaDeepAI_nucleotide-transformer-v2-500m-multi-species__20260520T222248Z,2,2,0.00048583728494122624,0.011886272579431534,0.9876278638839722
gue_splice_reconstructed_lora__InstaDeepAI_nucleotide-transformer-v2-500m-multi-species__20260520T222248Z,0,0,0.9993292093276978,3.3322929084533826e-05,0.0006374128861352801
gue_splice_reconstructed_lora__InstaDeepAI_nucleotide-transformer-v2-500m-multi-species__20260520T222248Z,2,2,0.0026895503979176283,0.0006469860090874135,0.9966633915901184
gue_splice_reconstructed_lora__InstaDeepAI_nucleotide-transformer-v2-500m-multi-species__20260520T222248Z,2,2,0.0072673712857067585,0.0010428824461996555,0.9916896820068359
gue_splice_reconstructed_lora__InstaDeepAI_nucleotide-transformer-v2-500m-multi-species__20260520T222248Z,0,0,0.9931514263153076,0.00011247162183281034,0.006736058741807938
gue_splice_reconstructed_lora__InstaDeepAI_nucleotide-transformer-v2-500m-multi-species__20260520T222248Z,2,0,0.9991676807403564,8.574661478633061e-05,0.0007465473609045148
gue_splice_reconstructed_lora__InstaDeepAI_nucleotide-transformer-v2-500m-multi-species__20260520T222248Z,1,1,2.6435523977852426e-05,0.9982621073722839,0.0017114885849878192
gue_splice_reconstructed_lora__InstaDeepAI_nucleotide-transformer-v2-500m-multi-species__20260520T222248Z,2,2,0.0008468377054668963,0.0008874783525243402,0.9982656836509705
gue_splice_reconstructed_lora__InstaDeepAI_nucleotide-transformer-v2-500m-multi-species__20260520T222248Z,0,0,0.9975045323371887,0.00013840712199453264,0.0023570365738123655
gue_splice_reconstructed_lora__InstaDeepAI_nucleotide-transformer-v2-500m-multi-species__20260520T222248Z,1,1,4.900583007838577e-05,0.9944131970405579,0.005537905264645815
gue_splice_reconstructed_lora__InstaDeepAI_nucleotide-transformer-v2-500m-multi-species__20260520T222248Z,2,2,0.0018628014950081706,0.002551125595346093,0.9955860376358032
gue_splice_reconstructed_lora__InstaDeepAI_nucleotide-transformer-v2-500m-multi-species__20260520T222248Z,0,0,0.9977443218231201,0.00023920353851281106,0.002016564831137657
gue_splice_reconstructed_lora__InstaDeepAI_nucleotide-transformer-v2-500m-multi-species__20260520T222248Z,2,2,0.0012958793668076396,0.012409554794430733,0.9862945675849915
gue_splice_reconstructed_lora__InstaDeepAI_nucleotide-transformer-v2-500m-multi-species__20260520T222248Z,0,0,0.9967105388641357,0.00013722071889787912,0.003152238205075264
gue_splice_reconstructed_lora__InstaDeepAI_nucleotide-transformer-v2-500m-multi-species__20260520T222248Z,0,0,0.9991133809089661,7.39141833037138e-05,0.0008127030450850725
gue_splice_reconstructed_lora__InstaDeepAI_nucleotide-transformer-v2-500m-multi-species__20260520T222248Z,2,2,0.018406864255666733,0.0018083432223647833,0.9797848463058472
gue_splice_reconstructed_lora__InstaDeepAI_nucleotide-transformer-v2-500m-multi-species__20260520T222248Z,1,1,7.245762390084565e-05,0.9987420439720154,0.001185504486784339
gue_splice_reconstructed_lora__InstaDeepAI_nucleotide-transformer-v2-500m-multi-species__20260520T222248Z,2,2,0.0012453522067517042,0.0015408110339194536,0.9972139000892639
gue_splice_reconstructed_lora__InstaDeepAI_nucleotide-transformer-v2-500m-multi-species__20260520T222248Z,2,2,0.0012009505880996585,0.010481557808816433,0.9883175492286682
gue_splice_reconstructed_lora__InstaDeepAI_nucleotide-transformer-v2-500m-multi-species__20260520T222248Z,2,0,0.7026950716972351,0.0009250666480511427,0.29637983441352844
gue_splice_reconstructed_lora__InstaDeepAI_nucleotide-transformer-v2-500m-multi-species__20260520T222248Z,0,0,0.9893345236778259,0.00028778385603800416,0.010377702303230762
gue_splice_reconstructed_lora__InstaDeepAI_nucleotide-transformer-v2-500m-multi-species__20260520T222248Z,0,0,0.9991088509559631,6.079987724660896e-05,0.0008303485228680074
gue_splice_reconstructed_lora__InstaDeepAI_nucleotide-transformer-v2-500m-multi-species__20260520T222248Z,2,2,0.004439950454980135,0.0005503243883140385,0.9950097799301147
gue_splice_reconstructed_lora__InstaDeepAI_nucleotide-transformer-v2-500m-multi-species__20260520T222248Z,2,2,0.0045733326114714146,0.004964305553585291,0.9904623627662659
gue_splice_reconstructed_lora__InstaDeepAI_nucleotide-transformer-v2-500m-multi-species__20260520T222248Z,2,2,0.004241439048200846,0.0005916595691815019,0.9951668977737427
gue_splice_reconstructed_lora__InstaDeepAI_nucleotide-transformer-v2-500m-multi-species__20260520T222248Z,2,2,0.023985605686903,0.041020628064870834,0.9349938035011292
gue_splice_reconstructed_lora__InstaDeepAI_nucleotide-transformer-v2-500m-multi-species__20260520T222248Z,1,2,0.0014794993912801147,0.2869425117969513,0.7115780115127563
gue_splice_reconstructed_lora__InstaDeepAI_nucleotide-transformer-v2-500m-multi-species__20260520T222248Z,2,2,0.008147136308252811,0.0030503144953399897,0.9888024926185608
gue_splice_reconstructed_lora__InstaDeepAI_nucleotide-transformer-v2-500m-multi-species__20260520T222248Z,0,0,0.9980489015579224,0.000286936410702765,0.001664155744947493
gue_splice_reconstructed_lora__InstaDeepAI_nucleotide-transformer-v2-500m-multi-species__20260520T222248Z,2,2,0.0027261546347290277,0.0007637086673639715,0.9965100884437561
gue_splice_reconstructed_lora__InstaDeepAI_nucleotide-transformer-v2-500m-multi-species__20260520T222248Z,2,2,0.0020001879893243313,0.0005964739248156548,0.9974033236503601
gue_splice_reconstructed_lora__InstaDeepAI_nucleotide-transformer-v2-500m-multi-species__20260520T222248Z,2,2,0.00487850746139884,0.0006392963114194572,0.994482159614563
gue_splice_reconstructed_lora__InstaDeepAI_nucleotide-transformer-v2-500m-multi-species__20260520T222248Z,1,1,7.669824844924733e-05,0.9931419491767883,0.006781370844691992
gue_splice_reconstructed_lora__InstaDeepAI_nucleotide-transformer-v2-500m-multi-species__20260520T222248Z,2,2,0.011723835952579975,0.0026623313315212727,0.9856138825416565
gue_splice_reconstructed_lora__InstaDeepAI_nucleotide-transformer-v2-500m-multi-species__20260520T222248Z,2,2,0.002455935114994645,0.0028712789062410593,0.9946728348731995
gue_splice_reconstructed_lora__InstaDeepAI_nucleotide-transformer-v2-500m-multi-species__20260520T222248Z,2,2,0.00471905805170536,0.0027660755440592766,0.9925149083137512
gue_splice_reconstructed_lora__InstaDeepAI_nucleotide-transformer-v2-500m-multi-species__20260520T222248Z,2,2,0.004105053376406431,0.004093043971806765,0.991801917552948
gue_splice_reconstructed_lora__InstaDeepAI_nucleotide-transformer-v2-500m-multi-species__20260520T222248Z,2,2,0.0007381271570920944,0.0036154924891889095,0.9956462979316711
gue_splice_reconstructed_lora__InstaDeepAI_nucleotide-transformer-v2-500m-multi-species__20260520T222248Z,2,2,0.003070986596867442,0.001425354741513729,0.9955037236213684
gue_splice_reconstructed_lora__InstaDeepAI_nucleotide-transformer-v2-500m-multi-species__20260520T222248Z,0,0,0.9938749670982361,0.0007440446643158793,0.005380931310355663
gue_splice_reconstructed_lora__InstaDeepAI_nucleotide-transformer-v2-500m-multi-species__20260520T222248Z,2,2,0.0028734495863318443,0.23390787839889526,0.7632186412811279
gue_splice_reconstructed_lora__InstaDeepAI_nucleotide-transformer-v2-500m-multi-species__20260520T222248Z,1,1,8.547542529413477e-05,0.9960075616836548,0.003906880971044302
gue_splice_reconstructed_lora__InstaDeepAI_nucleotide-transformer-v2-500m-multi-species__20260520T222248Z,2,2,0.009513556025922298,0.0038325791247189045,0.9866538643836975
gue_splice_reconstructed_lora__InstaDeepAI_nucleotide-transformer-v2-500m-multi-species__20260520T222248Z,1,1,3.612908403738402e-05,0.9981518387794495,0.0018119107699021697
gue_splice_reconstructed_lora__InstaDeepAI_nucleotide-transformer-v2-500m-multi-species__20260520T222248Z,2,2,0.38728493452072144,0.009351417422294617,0.6033636331558228
gue_splice_reconstructed_lora__InstaDeepAI_nucleotide-transformer-v2-500m-multi-species__20260520T222248Z,2,2,0.0010308085475116968,0.05446883663535118,0.9445003271102905
gue_splice_reconstructed_lora__InstaDeepAI_nucleotide-transformer-v2-500m-multi-species__20260520T222248Z,2,2,0.003535004099830985,0.0018429126357659698,0.9946221113204956
gue_splice_reconstructed_lora__InstaDeepAI_nucleotide-transformer-v2-500m-multi-species__20260520T222248Z,2,2,0.0010644759749993682,0.00045693214633502066,0.9984785914421082
gue_splice_reconstructed_lora__InstaDeepAI_nucleotide-transformer-v2-500m-multi-species__20260520T222248Z,1,1,5.845816485816613e-05,0.9988952279090881,0.0010463644284754992
gue_splice_reconstructed_lora__InstaDeepAI_nucleotide-transformer-v2-500m-multi-species__20260520T222248Z,1,1,5.554872041102499e-05,0.9986258745193481,0.0013185034040361643
gue_splice_reconstructed_lora__InstaDeepAI_nucleotide-transformer-v2-500m-multi-species__20260520T222248Z,0,0,0.9789930582046509,0.0006040487205609679,0.020402856171131134
gue_splice_reconstructed_lora__InstaDeepAI_nucleotide-transformer-v2-500m-multi-species__20260520T222248Z,2,2,0.0008725923835299909,0.058887410908937454,0.9402400255203247
gue_splice_reconstructed_lora__InstaDeepAI_nucleotide-transformer-v2-500m-multi-species__20260520T222248Z,2,2,0.0006423586164601147,0.0020614450331777334,0.997296154499054
gue_splice_reconstructed_lora__InstaDeepAI_nucleotide-transformer-v2-500m-multi-species__20260520T222248Z,2,2,0.0025056712329387665,0.01390064787119627,0.9835936427116394
gue_splice_reconstructed_lora__InstaDeepAI_nucleotide-transformer-v2-500m-multi-species__20260520T222248Z,2,2,0.0011737759923562407,0.03663788363337517,0.9621883034706116
gue_splice_reconstructed_lora__InstaDeepAI_nucleotide-transformer-v2-500m-multi-species__20260520T222248Z,2,2,0.0006799375987611711,0.0018107442883774638,0.997509241104126
gue_splice_reconstructed_lora__InstaDeepAI_nucleotide-transformer-v2-500m-multi-species__20260520T222248Z,2,2,0.004846220836043358,0.002417868934571743,0.9927359819412231
gue_splice_reconstructed_lora__InstaDeepAI_nucleotide-transformer-v2-500m-multi-species__20260520T222248Z,2,2,0.00236951420083642,0.001676958636380732,0.9959535598754883
gue_splice_reconstructed_lora__InstaDeepAI_nucleotide-transformer-v2-500m-multi-species__20260520T222248Z,2,2,0.0012089039664715528,0.0019834372214972973,0.9968076944351196
gue_splice_reconstructed_lora__InstaDeepAI_nucleotide-transformer-v2-500m-multi-species__20260520T222248Z,2,2,0.001952506136149168,0.006186899729073048,0.991860568523407
gue_splice_reconstructed_lora__InstaDeepAI_nucleotide-transformer-v2-500m-multi-species__20260520T222248Z,1,2,0.0004975554766133428,0.2667018473148346,0.7328006029129028
gue_splice_reconstructed_lora__InstaDeepAI_nucleotide-transformer-v2-500m-multi-species__20260520T222248Z,2,2,0.38962626457214355,0.0015814655926078558,0.608792245388031
gue_splice_reconstructed_lora__InstaDeepAI_nucleotide-transformer-v2-500m-multi-species__20260520T222248Z,2,2,0.0054912748746573925,0.0027801261749118567,0.9917286038398743
gue_splice_reconstructed_lora__InstaDeepAI_nucleotide-transformer-v2-500m-multi-species__20260520T222248Z,0,0,0.9974650144577026,0.00011977662506978959,0.0024151939433068037
gue_splice_reconstructed_lora__InstaDeepAI_nucleotide-transformer-v2-500m-multi-species__20260520T222248Z,1,1,5.2185099775670096e-05,0.9986623525619507,0.0012854943051934242
gue_splice_reconstructed_lora__InstaDeepAI_nucleotide-transformer-v2-500m-multi-species__20260520T222248Z,0,0,0.9747440218925476,0.00019563650130294263,0.02506033144891262
gue_splice_reconstructed_lora__InstaDeepAI_nucleotide-transformer-v2-500m-multi-species__20260520T222248Z,2,2,0.002563627902418375,0.0047568585723638535,0.9926794767379761
gue_splice_reconstructed_lora__InstaDeepAI_nucleotide-transformer-v2-500m-multi-species__20260520T222248Z,2,2,0.002891723532229662,0.0012054498074576259,0.9959028363227844
gue_splice_reconstructed_lora__InstaDeepAI_nucleotide-transformer-v2-500m-multi-species__20260520T222248Z,2,2,0.0011834589531645179,0.005684694740921259,0.9931318163871765
gue_splice_reconstructed_lora__InstaDeepAI_nucleotide-transformer-v2-500m-multi-species__20260520T222248Z,1,1,0.0002758656919468194,0.8239517211914062,0.17577239871025085
gue_splice_reconstructed_lora__InstaDeepAI_nucleotide-transformer-v2-500m-multi-species__20260520T222248Z,2,2,0.0019384202314540744,0.007569885812699795,0.9904916882514954
gue_splice_reconstructed_lora__InstaDeepAI_nucleotide-transformer-v2-500m-multi-species__20260520T222248Z,2,2,0.007403133437037468,0.00046843846212141216,0.9921284914016724
gue_splice_reconstructed_lora__InstaDeepAI_nucleotide-transformer-v2-500m-multi-species__20260520T222248Z,1,1,6.805465091019869e-05,0.9985515475273132,0.0013803283218294382
gue_splice_reconstructed_lora__InstaDeepAI_nucleotide-transformer-v2-500m-multi-species__20260520T222248Z,2,2,0.0008877687505446374,0.000519857625477016,0.9985923171043396
gue_splice_reconstructed_lora__InstaDeepAI_nucleotide-transformer-v2-500m-multi-species__20260520T222248Z,0,0,0.9967194199562073,0.00010358054714743048,0.0031769899651408195
gue_splice_reconstructed_lora__InstaDeepAI_nucleotide-transformer-v2-500m-multi-species__20260520T222248Z,0,0,0.965888261795044,0.0004911841824650764,0.03362056985497475
gue_splice_reconstructed_lora__InstaDeepAI_nucleotide-transformer-v2-500m-multi-species__20260520T222248Z,2,2,0.007714423350989819,0.0004701234574895352,0.9918153882026672
gue_splice_reconstructed_lora__InstaDeepAI_nucleotide-transformer-v2-500m-multi-species__20260520T222248Z,2,2,0.01003153808414936,0.00110697653144598,0.9888615012168884
gue_splice_reconstructed_lora__InstaDeepAI_nucleotide-transformer-v2-500m-multi-species__20260520T222248Z,2,2,0.01452400628477335,0.001958903856575489,0.9835171103477478
gue_splice_reconstructed_lora__InstaDeepAI_nucleotide-transformer-v2-500m-multi-species__20260520T222248Z,0,0,0.9990791082382202,2.8384387405822054e-05,0.000892548996489495
gue_splice_reconstructed_lora__InstaDeepAI_nucleotide-transformer-v2-500m-multi-species__20260520T222248Z,2,2,0.00612366059795022,0.005419967696070671,0.9884563684463501
gue_splice_reconstructed_lora__InstaDeepAI_nucleotide-transformer-v2-500m-multi-species__20260520T222248Z,1,1,4.4590946345124394e-05,0.9976481795310974,0.002307269489392638
gue_splice_reconstructed_lora__InstaDeepAI_nucleotide-transformer-v2-500m-multi-species__20260520T222248Z,2,2,0.025011375546455383,0.01042629312723875,0.9645623564720154
gue_splice_reconstructed_lora__InstaDeepAI_nucleotide-transformer-v2-500m-multi-species__20260520T222248Z,1,1,8.266362419817597e-05,0.9977091550827026,0.0022082063369452953
gue_splice_reconstructed_lora__InstaDeepAI_nucleotide-transformer-v2-500m-multi-species__20260520T222248Z,1,1,0.00015873888332862407,0.9978461265563965,0.001995221944525838
gue_splice_reconstructed_lora__InstaDeepAI_nucleotide-transformer-v2-500m-multi-species__20260520T222248Z,0,0,0.998711347579956,0.0001066646509571001,0.0011820000363513827
gue_splice_reconstructed_lora__InstaDeepAI_nucleotide-transformer-v2-500m-multi-species__20260520T222248Z,1,1,0.00028146160184405744,0.7912761569023132,0.20844238996505737
gue_splice_reconstructed_lora__InstaDeepAI_nucleotide-transformer-v2-500m-multi-species__20260520T222248Z,1,1,8.943164721131325e-05,0.9982781410217285,0.0016323428135365248
gue_splice_reconstructed_lora__InstaDeepAI_nucleotide-transformer-v2-500m-multi-species__20260520T222248Z,2,2,0.0010029246332123876,0.0014851242303848267,0.9975119829177856
gue_splice_reconstructed_lora__InstaDeepAI_nucleotide-transformer-v2-500m-multi-species__20260520T222248Z,2,2,0.036236319690942764,0.0030756278429180384,0.960688054561615
gue_splice_reconstructed_lora__InstaDeepAI_nucleotide-transformer-v2-500m-multi-species__20260520T222248Z,0,0,0.9973286390304565,6.021924127708189e-05,0.0026110901962965727
gue_splice_reconstructed_lora__InstaDeepAI_nucleotide-transformer-v2-500m-multi-species__20260520T222248Z,2,1,0.0007219743565656245,0.6499975919723511,0.34928035736083984
gue_splice_reconstructed_lora__InstaDeepAI_nucleotide-transformer-v2-500m-multi-species__20260520T222248Z,2,2,0.002241776091977954,0.000584802299272269,0.9971734285354614
gue_splice_reconstructed_lora__InstaDeepAI_nucleotide-transformer-v2-500m-multi-species__20260520T222248Z,2,2,0.01846807263791561,0.02032286673784256,0.9612090587615967
gue_splice_reconstructed_lora__InstaDeepAI_nucleotide-transformer-v2-500m-multi-species__20260520T222248Z,1,1,0.00010041119821835309,0.9930064678192139,0.006893109530210495
gue_splice_reconstructed_lora__InstaDeepAI_nucleotide-transformer-v2-500m-multi-species__20260520T222248Z,2,2,0.0055967955850064754,0.023288868367671967,0.9711143374443054
gue_splice_reconstructed_lora__InstaDeepAI_nucleotide-transformer-v2-500m-multi-species__20260520T222248Z,0,0,0.9990866184234619,6.248392310226336e-05,0.0008508512401022017
gue_splice_reconstructed_lora__InstaDeepAI_nucleotide-transformer-v2-500m-multi-species__20260520T222248Z,2,2,0.0013625811552628875,0.0013052728027105331,0.9973322153091431
gue_splice_reconstructed_lora__InstaDeepAI_nucleotide-transformer-v2-500m-multi-species__20260520T222248Z,1,1,4.599483509082347e-05,0.9973969459533691,0.002557014115154743
gue_splice_reconstructed_lora__InstaDeepAI_nucleotide-transformer-v2-500m-multi-species__20260520T222248Z,2,2,0.0011809486895799637,0.0019700066186487675,0.996849000453949
gue_splice_reconstructed_lora__InstaDeepAI_nucleotide-transformer-v2-500m-multi-species__20260520T222248Z,2,1,0.00021779640519525856,0.8805027008056641,0.11927951127290726
gue_splice_reconstructed_lora__InstaDeepAI_nucleotide-transformer-v2-500m-multi-species__20260520T222248Z,2,2,0.0011592644732445478,0.0009954525157809258,0.9978452920913696
gue_splice_reconstructed_lora__InstaDeepAI_nucleotide-transformer-v2-500m-multi-species__20260520T222248Z,0,0,0.9956663846969604,6.500399467768148e-05,0.004268505610525608
gue_splice_reconstructed_lora__InstaDeepAI_nucleotide-transformer-v2-500m-multi-species__20260520T222248Z,2,2,0.03282695263624191,0.0011157772969454527,0.966057300567627
gue_splice_reconstructed_lora__InstaDeepAI_nucleotide-transformer-v2-500m-multi-species__20260520T222248Z,2,0,0.9628820419311523,0.000181901894393377,0.03693607822060585
gue_splice_reconstructed_lora__InstaDeepAI_nucleotide-transformer-v2-500m-multi-species__20260520T222248Z,0,0,0.9991855025291443,3.74605915567372e-05,0.0007770588272251189
gue_splice_reconstructed_lora__InstaDeepAI_nucleotide-transformer-v2-500m-multi-species__20260520T222248Z,1,1,7.725476461928338e-05,0.9964480400085449,0.0034746911842375994
gue_splice_reconstructed_lora__InstaDeepAI_nucleotide-transformer-v2-500m-multi-species__20260520T222248Z,2,2,0.0008992545772343874,0.0013238309184089303,0.9977769255638123
gue_splice_reconstructed_lora__InstaDeepAI_nucleotide-transformer-v2-500m-multi-species__20260520T222248Z,2,2,0.0123635558411479,0.0006701284437440336,0.9869663715362549
gue_splice_reconstructed_lora__InstaDeepAI_nucleotide-transformer-v2-500m-multi-species__20260520T222248Z,2,2,0.012263196520507336,0.00782547052949667,0.9799112677574158
gue_splice_reconstructed_lora__InstaDeepAI_nucleotide-transformer-v2-500m-multi-species__20260520T222248Z,0,0,0.991936445236206,0.0004530525184236467,0.007610599044710398
gue_splice_reconstructed_lora__InstaDeepAI_nucleotide-transformer-v2-500m-multi-species__20260520T222248Z,2,2,0.032423023134469986,0.0022920682094991207,0.9652849435806274
gue_splice_reconstructed_lora__InstaDeepAI_nucleotide-transformer-v2-500m-multi-species__20260520T222248Z,2,2,0.0029123362619429827,0.0009190959390252829,0.9961685538291931
gue_splice_reconstructed_lora__InstaDeepAI_nucleotide-transformer-v2-500m-multi-species__20260520T222248Z,2,2,0.02119644172489643,0.0037947490345686674,0.9750087857246399
gue_splice_reconstructed_lora__InstaDeepAI_nucleotide-transformer-v2-500m-multi-species__20260520T222248Z,0,0,0.9995294809341431,5.243483610684052e-05,0.0004181093827355653
gue_splice_reconstructed_lora__InstaDeepAI_nucleotide-transformer-v2-500m-multi-species__20260520T222248Z,2,2,0.012536666356027126,0.0021934895776212215,0.9852698445320129
gue_splice_reconstructed_lora__InstaDeepAI_nucleotide-transformer-v2-500m-multi-species__20260520T222248Z,2,2,0.0012806989252567291,0.0008631857926957309,0.997856080532074
gue_splice_reconstructed_lora__InstaDeepAI_nucleotide-transformer-v2-500m-multi-species__20260520T222248Z,0,2,0.004877421539276838,0.0008617571438662708,0.9942607879638672
gue_splice_reconstructed_lora__InstaDeepAI_nucleotide-transformer-v2-500m-multi-species__20260520T222248Z,2,2,0.0036414512433111668,0.0013673711800947785,0.9949911236763
gue_splice_reconstructed_lora__InstaDeepAI_nucleotide-transformer-v2-500m-multi-species__20260520T222248Z,2,2,0.0008223950280807912,0.000903224281501025,0.9982743263244629
gue_splice_reconstructed_lora__InstaDeepAI_nucleotide-transformer-v2-500m-multi-species__20260520T222248Z,1,1,7.233383075799793e-05,0.9989851117134094,0.0009426309843547642
gue_splice_reconstructed_lora__InstaDeepAI_nucleotide-transformer-v2-500m-multi-species__20260520T222248Z,2,2,0.005183065310120583,0.004201475530862808,0.9906154870986938
gue_splice_reconstructed_lora__InstaDeepAI_nucleotide-transformer-v2-500m-multi-species__20260520T222248Z,2,2,0.0012844365555793047,0.013462788425385952,0.9852527976036072
gue_splice_reconstructed_lora__InstaDeepAI_nucleotide-transformer-v2-500m-multi-species__20260520T222248Z,1,1,3.393387305550277e-05,0.9979676604270935,0.0019983903039246798
gue_splice_reconstructed_lora__InstaDeepAI_nucleotide-transformer-v2-500m-multi-species__20260520T222248Z,2,2,0.008745977655053139,0.0028090649284422398,0.9884449243545532
gue_splice_reconstructed_lora__InstaDeepAI_nucleotide-transformer-v2-500m-multi-species__20260520T222248Z,2,2,0.029124436900019646,0.0019223724957555532,0.9689532518386841
gue_splice_reconstructed_lora__InstaDeepAI_nucleotide-transformer-v2-500m-multi-species__20260520T222248Z,0,0,0.9986563920974731,8.1778118328657e-05,0.0012618547771126032
gue_splice_reconstructed_lora__InstaDeepAI_nucleotide-transformer-v2-500m-multi-species__20260520T222248Z,1,1,4.2823296098504215e-05,0.9885132908821106,0.01144395675510168
gue_splice_reconstructed_lora__InstaDeepAI_nucleotide-transformer-v2-500m-multi-species__20260520T222248Z,2,2,0.009011193178594112,0.0019737055990844965,0.9890151619911194
gue_splice_reconstructed_lora__InstaDeepAI_nucleotide-transformer-v2-500m-multi-species__20260520T222248Z,2,2,0.0005269753164611757,0.002902153180912137,0.9965708255767822
gue_splice_reconstructed_lora__InstaDeepAI_nucleotide-transformer-v2-500m-multi-species__20260520T222248Z,1,1,5.747946124756709e-05,0.9976387023925781,0.0023038701619952917
gue_splice_reconstructed_lora__InstaDeepAI_nucleotide-transformer-v2-500m-multi-species__20260520T222248Z,2,2,0.0020823555532842875,0.0012691945303231478,0.9966484904289246
gue_splice_reconstructed_lora__InstaDeepAI_nucleotide-transformer-v2-500m-multi-species__20260520T222248Z,1,2,0.000695963331963867,0.29482144117355347,0.7044825553894043
gue_splice_reconstructed_lora__InstaDeepAI_nucleotide-transformer-v2-500m-multi-species__20260520T222248Z,1,1,8.078223618213087e-05,0.9981232285499573,0.0017960041295737028
gue_splice_reconstructed_lora__InstaDeepAI_nucleotide-transformer-v2-500m-multi-species__20260520T222248Z,2,2,0.0007117846398614347,0.002876299200579524,0.9964119791984558
gue_splice_reconstructed_lora__InstaDeepAI_nucleotide-transformer-v2-500m-multi-species__20260520T222248Z,2,2,0.0007828365196473897,0.0033575899433344603,0.9958595633506775
gue_splice_reconstructed_lora__InstaDeepAI_nucleotide-transformer-v2-500m-multi-species__20260520T222248Z,2,2,0.0021944046020507812,0.004394029267132282,0.9934116005897522
gue_splice_reconstructed_lora__InstaDeepAI_nucleotide-transformer-v2-500m-multi-species__20260520T222248Z,0,0,0.9983265995979309,4.567943688016385e-05,0.0016276465030387044
gue_splice_reconstructed_lora__InstaDeepAI_nucleotide-transformer-v2-500m-multi-species__20260520T222248Z,1,1,0.00011689592065522447,0.9965606331825256,0.0033224308863282204
gue_splice_reconstructed_lora__InstaDeepAI_nucleotide-transformer-v2-500m-multi-species__20260520T222248Z,2,2,0.0011630695080384612,0.028517715632915497,0.9703192710876465
gue_splice_reconstructed_lora__InstaDeepAI_nucleotide-transformer-v2-500m-multi-species__20260520T222248Z,2,2,0.009734018705785275,0.0012399611296132207,0.9890260100364685
gue_splice_reconstructed_lora__InstaDeepAI_nucleotide-transformer-v2-500m-multi-species__20260520T222248Z,0,0,0.9967622756958008,7.911174179753289e-05,0.0031585651449859142
gue_splice_reconstructed_lora__InstaDeepAI_nucleotide-transformer-v2-500m-multi-species__20260520T222248Z,2,2,0.0033604642376303673,0.0018722073873504996,0.9947673082351685
gue_splice_reconstructed_lora__InstaDeepAI_nucleotide-transformer-v2-500m-multi-species__20260520T222248Z,1,1,4.256017928128131e-05,0.9979106783866882,0.002046662848442793
gue_splice_reconstructed_lora__InstaDeepAI_nucleotide-transformer-v2-500m-multi-species__20260520T222248Z,1,1,5.912747292313725e-05,0.9907902479171753,0.009150519035756588
gue_splice_reconstructed_lora__InstaDeepAI_nucleotide-transformer-v2-500m-multi-species__20260520T222248Z,0,2,0.471657395362854,0.00524475984275341,0.523097813129425
gue_splice_reconstructed_lora__InstaDeepAI_nucleotide-transformer-v2-500m-multi-species__20260520T222248Z,0,0,0.994604766368866,0.00026188703486695886,0.00513327494263649
gue_splice_reconstructed_lora__InstaDeepAI_nucleotide-transformer-v2-500m-multi-species__20260520T222248Z,2,2,0.0030524996109306812,0.002593154087662697,0.9943543672561646
gue_splice_reconstructed_lora__InstaDeepAI_nucleotide-transformer-v2-500m-multi-species__20260520T222248Z,2,2,0.09311483800411224,0.003368600970134139,0.9035165309906006
gue_splice_reconstructed_lora__InstaDeepAI_nucleotide-transformer-v2-500m-multi-species__20260520T222248Z,2,2,0.001401275279931724,0.0006097853183746338,0.9979889392852783
gue_splice_reconstructed_lora__InstaDeepAI_nucleotide-transformer-v2-500m-multi-species__20260520T222248Z,2,2,0.020606819540262222,0.0018944022012874484,0.9774987697601318
gue_splice_reconstructed_lora__InstaDeepAI_nucleotide-transformer-v2-500m-multi-species__20260520T222248Z,2,2,0.0022983390372246504,0.06685646623373032,0.9308451414108276
gue_splice_reconstructed_lora__InstaDeepAI_nucleotide-transformer-v2-500m-multi-species__20260520T222248Z,0,0,0.8399827480316162,0.0017261292086914182,0.15829116106033325
gue_splice_reconstructed_lora__InstaDeepAI_nucleotide-transformer-v2-500m-multi-species__20260520T222248Z,2,2,0.000774043845012784,0.014551748521625996,0.9846742153167725
gue_splice_reconstructed_lora__InstaDeepAI_nucleotide-transformer-v2-500m-multi-species__20260520T222248Z,2,2,0.002618439495563507,0.00017152824148070067,0.9972100853919983
gue_splice_reconstructed_lora__InstaDeepAI_nucleotide-transformer-v2-500m-multi-species__20260520T222248Z,2,2,0.0012046396732330322,0.01899152621626854,0.9798038005828857
gue_splice_reconstructed_lora__InstaDeepAI_nucleotide-transformer-v2-500m-multi-species__20260520T222248Z,2,2,0.014167478308081627,0.0008258551242761314,0.9850066304206848
gue_splice_reconstructed_lora__InstaDeepAI_nucleotide-transformer-v2-500m-multi-species__20260520T222248Z,0,0,0.9749649167060852,0.0002187245263485238,0.024816356599330902
gue_splice_reconstructed_lora__InstaDeepAI_nucleotide-transformer-v2-500m-multi-species__20260520T222248Z,2,2,0.002472459804266691,0.003954839427024126,0.9935727119445801
gue_splice_reconstructed_lora__InstaDeepAI_nucleotide-transformer-v2-500m-multi-species__20260520T222248Z,1,1,0.00015740316302981228,0.9933221936225891,0.0065203760750591755
gue_splice_reconstructed_lora__InstaDeepAI_nucleotide-transformer-v2-500m-multi-species__20260520T222248Z,2,2,0.010277710855007172,0.0019943718798458576,0.9877278804779053
gue_splice_reconstructed_lora__InstaDeepAI_nucleotide-transformer-v2-500m-multi-species__20260520T222248Z,2,2,0.1267540603876114,0.0015232739970088005,0.8717226386070251
gue_splice_reconstructed_lora__InstaDeepAI_nucleotide-transformer-v2-500m-multi-species__20260520T222248Z,2,2,0.036004528403282166,0.003608715021982789,0.9603868126869202
gue_splice_reconstructed_lora__InstaDeepAI_nucleotide-transformer-v2-500m-multi-species__20260520T222248Z,0,0,0.9957732558250427,0.00012531192624010146,0.004101415630429983
gue_splice_reconstructed_lora__InstaDeepAI_nucleotide-transformer-v2-500m-multi-species__20260520T222248Z,0,0,0.9808123111724854,0.0006442013545893133,0.01854350045323372
gue_splice_reconstructed_lora__InstaDeepAI_nucleotide-transformer-v2-500m-multi-species__20260520T222248Z,0,0,0.9992218017578125,0.00015618797624483705,0.0006219726637937129
gue_splice_reconstructed_lora__InstaDeepAI_nucleotide-transformer-v2-500m-multi-species__20260520T222248Z,0,0,0.9993975162506104,5.346196121536195e-05,0.000548985437490046
gue_splice_reconstructed_lora__InstaDeepAI_nucleotide-transformer-v2-500m-multi-species__20260520T222248Z,2,2,0.00247295293956995,0.0008405584958381951,0.9966865181922913
gue_splice_reconstructed_lora__InstaDeepAI_nucleotide-transformer-v2-500m-multi-species__20260520T222248Z,1,1,5.5963184422580525e-05,0.9982476234436035,0.001696487539447844
gue_splice_reconstructed_lora__InstaDeepAI_nucleotide-transformer-v2-500m-multi-species__20260520T222248Z,2,2,0.004380217287689447,0.004363141022622585,0.991256594657898
gue_splice_reconstructed_lora__InstaDeepAI_nucleotide-transformer-v2-500m-multi-species__20260520T222248Z,2,2,0.0027956629637628794,0.01731047034263611,0.9798938632011414
gue_splice_reconstructed_lora__InstaDeepAI_nucleotide-transformer-v2-500m-multi-species__20260520T222248Z,1,1,2.7718766432371922e-05,0.9987873435020447,0.0011849794536828995
gue_splice_reconstructed_lora__InstaDeepAI_nucleotide-transformer-v2-500m-multi-species__20260520T222248Z,2,2,0.002679315395653248,0.01697518862783909,0.9803455471992493
gue_splice_reconstructed_lora__InstaDeepAI_nucleotide-transformer-v2-500m-multi-species__20260520T222248Z,1,1,4.377302320790477e-05,0.998664379119873,0.0012917891144752502
gue_splice_reconstructed_lora__InstaDeepAI_nucleotide-transformer-v2-500m-multi-species__20260520T222248Z,2,2,0.0011092725908383727,0.002154948888346553,0.9967357516288757
gue_splice_reconstructed_lora__InstaDeepAI_nucleotide-transformer-v2-500m-multi-species__20260520T222248Z,0,0,0.9986435770988464,4.428808460943401e-05,0.001312104519456625
gue_splice_reconstructed_lora__InstaDeepAI_nucleotide-transformer-v2-500m-multi-species__20260520T222248Z,0,0,0.9991617202758789,3.5052937164437026e-05,0.0008032736368477345
gue_splice_reconstructed_lora__InstaDeepAI_nucleotide-transformer-v2-500m-multi-species__20260520T222248Z,1,1,3.518000085023232e-05,0.9988741278648376,0.0010906835086643696
gue_splice_reconstructed_lora__InstaDeepAI_nucleotide-transformer-v2-500m-multi-species__20260520T222248Z,2,2,0.0020827925764024258,0.003975672647356987,0.9939415454864502
gue_splice_reconstructed_lora__InstaDeepAI_nucleotide-transformer-v2-500m-multi-species__20260520T222248Z,2,2,0.002632101997733116,0.0037263864651322365,0.9936415553092957
gue_splice_reconstructed_lora__InstaDeepAI_nucleotide-transformer-v2-500m-multi-species__20260520T222248Z,2,2,0.039640579372644424,0.0006592962890863419,0.9597001075744629
gue_splice_reconstructed_lora__InstaDeepAI_nucleotide-transformer-v2-500m-multi-species__20260520T222248Z,2,2,0.03055005520582199,0.00551220215857029,0.9639376997947693
gue_splice_reconstructed_lora__InstaDeepAI_nucleotide-transformer-v2-500m-multi-species__20260520T222248Z,2,2,0.008460554294288158,0.004035701975226402,0.987503707408905
gue_splice_reconstructed_lora__InstaDeepAI_nucleotide-transformer-v2-500m-multi-species__20260520T222248Z,0,0,0.9966874718666077,0.0001495311880717054,0.0031629574950784445
gue_splice_reconstructed_lora__InstaDeepAI_nucleotide-transformer-v2-500m-multi-species__20260520T222248Z,2,2,0.002696310868486762,0.1077563688158989,0.8895472884178162
gue_splice_reconstructed_lora__InstaDeepAI_nucleotide-transformer-v2-500m-multi-species__20260520T222248Z,1,1,8.960550621850416e-05,0.984711766242981,0.015198647044599056
gue_splice_reconstructed_lora__InstaDeepAI_nucleotide-transformer-v2-500m-multi-species__20260520T222248Z,2,2,0.0032853803131729364,0.0030533524695783854,0.9936612844467163
gue_splice_reconstructed_lora__InstaDeepAI_nucleotide-transformer-v2-500m-multi-species__20260520T222248Z,2,2,0.0004599698295351118,0.006133329123258591,0.9934066534042358
gue_splice_reconstructed_lora__InstaDeepAI_nucleotide-transformer-v2-500m-multi-species__20260520T222248Z,2,2,0.003400821005925536,0.00839248951524496,0.988206684589386
gue_splice_reconstructed_lora__InstaDeepAI_nucleotide-transformer-v2-500m-multi-species__20260520T222248Z,0,0,0.9983267188072205,0.00013373592810239643,0.0015395208029076457
gue_splice_reconstructed_lora__InstaDeepAI_nucleotide-transformer-v2-500m-multi-species__20260520T222248Z,2,2,0.002576170489192009,0.005715484265238047,0.9917083382606506
gue_splice_reconstructed_lora__InstaDeepAI_nucleotide-transformer-v2-500m-multi-species__20260520T222248Z,0,0,0.999159574508667,5.579593198490329e-05,0.0007846641237847507
gue_splice_reconstructed_lora__InstaDeepAI_nucleotide-transformer-v2-500m-multi-species__20260520T222248Z,0,0,0.9977787137031555,0.00012028324999846518,0.002101067453622818
gue_splice_reconstructed_lora__InstaDeepAI_nucleotide-transformer-v2-500m-multi-species__20260520T222248Z,2,2,0.004369706381112337,0.0009413309162482619,0.9946889877319336
gue_splice_reconstructed_lora__InstaDeepAI_nucleotide-transformer-v2-500m-multi-species__20260520T222248Z,2,2,0.0019417466828599572,0.0010103204986080527,0.9970479607582092
gue_splice_reconstructed_lora__InstaDeepAI_nucleotide-transformer-v2-500m-multi-species__20260520T222248Z,0,0,0.9977884292602539,9.817327372729778e-05,0.002113435184583068
gue_splice_reconstructed_lora__InstaDeepAI_nucleotide-transformer-v2-500m-multi-species__20260520T222248Z,2,2,0.0006530983955599368,0.004988701082766056,0.994358241558075
gue_splice_reconstructed_lora__InstaDeepAI_nucleotide-transformer-v2-500m-multi-species__20260520T222248Z,2,2,0.0015049182111397386,0.0014137396356090903,0.9970813393592834
gue_splice_reconstructed_lora__InstaDeepAI_nucleotide-transformer-v2-500m-multi-species__20260520T222248Z,2,2,0.0013151480816304684,0.0016271660570055246,0.9970576763153076
gue_splice_reconstructed_lora__InstaDeepAI_nucleotide-transformer-v2-500m-multi-species__20260520T222248Z,1,1,0.00012853433145210147,0.989954948425293,0.009916548617184162
gue_splice_reconstructed_lora__InstaDeepAI_nucleotide-transformer-v2-500m-multi-species__20260520T222248Z,0,0,0.994729220867157,6.62236925563775e-05,0.005204589106142521
gue_splice_reconstructed_lora__InstaDeepAI_nucleotide-transformer-v2-500m-multi-species__20260520T222248Z,2,2,0.016477610915899277,0.0021847353782504797,0.9813376665115356
gue_splice_reconstructed_lora__InstaDeepAI_nucleotide-transformer-v2-500m-multi-species__20260520T222248Z,2,2,0.0007928148261271417,0.0024041812866926193,0.9968030452728271
gue_splice_reconstructed_lora__InstaDeepAI_nucleotide-transformer-v2-500m-multi-species__20260520T222248Z,2,2,0.007159415166825056,0.007257969118654728,0.9855825901031494
gue_splice_reconstructed_lora__InstaDeepAI_nucleotide-transformer-v2-500m-multi-species__20260520T222248Z,2,2,0.001879243878647685,0.005448403302580118,0.9926723837852478
gue_splice_reconstructed_lora__InstaDeepAI_nucleotide-transformer-v2-500m-multi-species__20260520T222248Z,2,2,0.0026855047326534986,0.0050614746287465096,0.9922530055046082
gue_splice_reconstructed_lora__InstaDeepAI_nucleotide-transformer-v2-500m-multi-species__20260520T222248Z,2,2,0.03848359361290932,0.0021275440230965614,0.959388792514801
gue_splice_reconstructed_lora__InstaDeepAI_nucleotide-transformer-v2-500m-multi-species__20260520T222248Z,2,2,0.0012285298435017467,0.0034320640843361616,0.9953393936157227
gue_splice_reconstructed_lora__InstaDeepAI_nucleotide-transformer-v2-500m-multi-species__20260520T222248Z,0,0,0.9774408936500549,0.0003470031078904867,0.02221207693219185
gue_splice_reconstructed_lora__InstaDeepAI_nucleotide-transformer-v2-500m-multi-species__20260520T222248Z,0,2,0.0028898490127176046,0.0008804938988760114,0.9962295889854431
gue_splice_reconstructed_lora__InstaDeepAI_nucleotide-transformer-v2-500m-multi-species__20260520T222248Z,2,2,0.3639107644557953,0.012810037471354008,0.6232792139053345
gue_splice_reconstructed_lora__InstaDeepAI_nucleotide-transformer-v2-500m-multi-species__20260520T222248Z,2,2,0.0071579511277377605,0.0007018455653451383,0.9921402335166931
gue_splice_reconstructed_lora__InstaDeepAI_nucleotide-transformer-v2-500m-multi-species__20260520T222248Z,1,1,0.0005376756889745593,0.6191381812095642,0.3803240954875946
gue_splice_reconstructed_lora__InstaDeepAI_nucleotide-transformer-v2-500m-multi-species__20260520T222248Z,2,2,0.0013139519141986966,0.0005876356735825539,0.9980984330177307
gue_splice_reconstructed_lora__InstaDeepAI_nucleotide-transformer-v2-500m-multi-species__20260520T222248Z,2,2,0.0011448123259469867,0.0037794429808855057,0.9950757622718811
gue_splice_reconstructed_lora__InstaDeepAI_nucleotide-transformer-v2-500m-multi-species__20260520T222248Z,1,1,9.466888150200248e-05,0.9985477328300476,0.0013575967168435454
gue_splice_reconstructed_lora__InstaDeepAI_nucleotide-transformer-v2-500m-multi-species__20260520T222248Z,2,2,0.0006922243628650904,0.0014683040790259838,0.9978394508361816
gue_splice_reconstructed_lora__InstaDeepAI_nucleotide-transformer-v2-500m-multi-species__20260520T222248Z,2,2,0.0007736454717814922,0.00734014343470335,0.9918862581253052
gue_splice_reconstructed_lora__InstaDeepAI_nucleotide-transformer-v2-500m-multi-species__20260520T222248Z,2,2,0.0015546804061159492,0.003977776505053043,0.9944674968719482
gue_splice_reconstructed_lora__InstaDeepAI_nucleotide-transformer-v2-500m-multi-species__20260520T222248Z,1,1,4.011151395388879e-05,0.9972503781318665,0.0027095938567072153
gue_splice_reconstructed_lora__InstaDeepAI_nucleotide-transformer-v2-500m-multi-species__20260520T222248Z,2,2,0.006001506466418505,0.0022868304513394833,0.9917116165161133
gue_splice_reconstructed_lora__InstaDeepAI_nucleotide-transformer-v2-500m-multi-species__20260520T222248Z,2,0,0.5001336932182312,0.0011957130627706647,0.4986706078052521
gue_splice_reconstructed_lora__InstaDeepAI_nucleotide-transformer-v2-500m-multi-species__20260520T222248Z,2,2,0.004166274331510067,0.0009675979381427169,0.994866132736206
gue_splice_reconstructed_lora__InstaDeepAI_nucleotide-transformer-v2-500m-multi-species__20260520T222248Z,0,0,0.9921287298202515,8.252299448940903e-05,0.0077887848019599915
gue_splice_reconstructed_lora__InstaDeepAI_nucleotide-transformer-v2-500m-multi-species__20260520T222248Z,1,1,3.954570274800062e-05,0.9986661672592163,0.0012943168403580785
gue_splice_reconstructed_lora__InstaDeepAI_nucleotide-transformer-v2-500m-multi-species__20260520T222248Z,2,2,0.004470722284168005,0.0023906694259494543,0.9931386113166809
gue_splice_reconstructed_lora__InstaDeepAI_nucleotide-transformer-v2-500m-multi-species__20260520T222248Z,0,0,0.9984384179115295,0.00010096046753460541,0.001460601924918592
gue_splice_reconstructed_lora__InstaDeepAI_nucleotide-transformer-v2-500m-multi-species__20260520T222248Z,2,2,0.0018434402300044894,0.0013046442763879895,0.9968519806861877
gue_splice_reconstructed_lora__InstaDeepAI_nucleotide-transformer-v2-500m-multi-species__20260520T222248Z,1,1,7.070016727084294e-05,0.9976277947425842,0.0023015961050987244
gue_splice_reconstructed_lora__InstaDeepAI_nucleotide-transformer-v2-500m-multi-species__20260520T222248Z,2,2,0.010363190434873104,0.0024091540835797787,0.9872276782989502
gue_splice_reconstructed_lora__InstaDeepAI_nucleotide-transformer-v2-500m-multi-species__20260520T222248Z,2,2,0.43951019644737244,0.004896842408925295,0.555592954158783
gue_splice_reconstructed_lora__InstaDeepAI_nucleotide-transformer-v2-500m-multi-species__20260520T222248Z,2,2,0.007071264088153839,0.002218562876805663,0.9907101988792419
gue_splice_reconstructed_lora__InstaDeepAI_nucleotide-transformer-v2-500m-multi-species__20260520T222248Z,2,2,0.04610271379351616,0.001241940539330244,0.9526553750038147
gue_splice_reconstructed_lora__InstaDeepAI_nucleotide-transformer-v2-500m-multi-species__20260520T222248Z,1,1,0.00017995193775277585,0.998274564743042,0.0015454657841473818
gue_splice_reconstructed_lora__InstaDeepAI_nucleotide-transformer-v2-500m-multi-species__20260520T222248Z,1,2,0.0012642701622098684,0.20567388832569122,0.7930618524551392
gue_splice_reconstructed_lora__InstaDeepAI_nucleotide-transformer-v2-500m-multi-species__20260520T222248Z,1,1,9.695567132439464e-05,0.9970291256904602,0.0028738677501678467
gue_splice_reconstructed_lora__InstaDeepAI_nucleotide-transformer-v2-500m-multi-species__20260520T222248Z,2,2,0.002403341932222247,0.0030859517864882946,0.9945106506347656
gue_splice_reconstructed_lora__InstaDeepAI_nucleotide-transformer-v2-500m-multi-species__20260520T222248Z,2,2,0.0013112088199704885,0.000726952392142266,0.9979618787765503
gue_splice_reconstructed_lora__InstaDeepAI_nucleotide-transformer-v2-500m-multi-species__20260520T222248Z,0,0,0.9995606541633606,1.9980536308139563e-05,0.0004193491768091917
gue_splice_reconstructed_lora__InstaDeepAI_nucleotide-transformer-v2-500m-multi-species__20260520T222248Z,0,0,0.9888448119163513,0.0001399117027176544,0.011015285737812519
gue_splice_reconstructed_lora__InstaDeepAI_nucleotide-transformer-v2-500m-multi-species__20260520T222248Z,0,0,0.9991070628166199,0.00012044338654959574,0.0007724584429524839
gue_splice_reconstructed_lora__InstaDeepAI_nucleotide-transformer-v2-500m-multi-species__20260520T222248Z,0,0,0.9895023107528687,0.0003561207849998027,0.010141498409211636
gue_splice_reconstructed_lora__InstaDeepAI_nucleotide-transformer-v2-500m-multi-species__20260520T222248Z,1,1,0.00024886050960049033,0.9377771615982056,0.06197403371334076
gue_splice_reconstructed_lora__InstaDeepAI_nucleotide-transformer-v2-500m-multi-species__20260520T222248Z,0,0,0.9990953207015991,7.02531760907732e-05,0.000834401638712734
gue_splice_reconstructed_lora__InstaDeepAI_nucleotide-transformer-v2-500m-multi-species__20260520T222248Z,0,0,0.9986666440963745,5.913372297072783e-05,0.0012742509134113789
gue_splice_reconstructed_lora__InstaDeepAI_nucleotide-transformer-v2-500m-multi-species__20260520T222248Z,2,2,0.0008177122217603028,0.008529082871973515,0.9906532764434814
gue_splice_reconstructed_lora__InstaDeepAI_nucleotide-transformer-v2-500m-multi-species__20260520T222248Z,0,0,0.9987912774085999,4.048857226734981e-05,0.0011683229822665453
gue_splice_reconstructed_lora__InstaDeepAI_nucleotide-transformer-v2-500m-multi-species__20260520T222248Z,2,2,0.004583102650940418,0.0008980705752037466,0.9945188164710999
gue_splice_reconstructed_lora__InstaDeepAI_nucleotide-transformer-v2-500m-multi-species__20260520T222248Z,2,0,0.6560589075088501,0.0005775815225206316,0.343363493680954
gue_splice_reconstructed_lora__InstaDeepAI_nucleotide-transformer-v2-500m-multi-species__20260520T222248Z,2,2,0.002976794494315982,0.00044899008935317397,0.9965742826461792
gue_splice_reconstructed_lora__InstaDeepAI_nucleotide-transformer-v2-500m-multi-species__20260520T222248Z,2,0,0.8497879505157471,0.0005081959534436464,0.14970381557941437
gue_splice_reconstructed_lora__InstaDeepAI_nucleotide-transformer-v2-500m-multi-species__20260520T222248Z,2,2,0.0012676274636760354,0.02065923996269703,0.9780731797218323
gue_splice_reconstructed_lora__InstaDeepAI_nucleotide-transformer-v2-500m-multi-species__20260520T222248Z,2,2,0.005202026572078466,0.0005585579201579094,0.9942394495010376
gue_splice_reconstructed_lora__InstaDeepAI_nucleotide-transformer-v2-500m-multi-species__20260520T222248Z,2,2,0.0012681365478783846,0.002914154902100563,0.9958177208900452
gue_splice_reconstructed_lora__InstaDeepAI_nucleotide-transformer-v2-500m-multi-species__20260520T222248Z,2,2,0.006951163988560438,0.0018947831122204661,0.991154134273529
gue_splice_reconstructed_lora__InstaDeepAI_nucleotide-transformer-v2-500m-multi-species__20260520T222248Z,1,1,8.07865581009537e-05,0.9981766939163208,0.0017425409751012921
gue_splice_reconstructed_lora__InstaDeepAI_nucleotide-transformer-v2-500m-multi-species__20260520T222248Z,1,1,0.0004931034636683762,0.6970589756965637,0.30244794487953186
gue_splice_reconstructed_lora__InstaDeepAI_nucleotide-transformer-v2-500m-multi-species__20260520T222248Z,0,0,0.9933825731277466,0.0006758035160601139,0.005941580981016159
gue_splice_reconstructed_lora__InstaDeepAI_nucleotide-transformer-v2-500m-multi-species__20260520T222248Z,2,2,0.0016652665799483657,0.0005943492869846523,0.9977403879165649
gue_splice_reconstructed_lora__InstaDeepAI_nucleotide-transformer-v2-500m-multi-species__20260520T222248Z,1,1,4.539453220786527e-05,0.9959830045700073,0.003971699625253677
gue_splice_reconstructed_lora__InstaDeepAI_nucleotide-transformer-v2-500m-multi-species__20260520T222248Z,2,2,0.0006287963478825986,0.011623678728938103,0.9877475500106812
gue_splice_reconstructed_lora__InstaDeepAI_nucleotide-transformer-v2-500m-multi-species__20260520T222248Z,2,2,0.0017327690729871392,0.0008297694730572402,0.9974374771118164
gue_splice_reconstructed_lora__InstaDeepAI_nucleotide-transformer-v2-500m-multi-species__20260520T222248Z,2,2,0.0010713598458096385,0.3462804853916168,0.6526481509208679
gue_splice_reconstructed_lora__InstaDeepAI_nucleotide-transformer-v2-500m-multi-species__20260520T222248Z,1,1,6.199284689500928e-05,0.9990090131759644,0.0009289457811973989
gue_splice_reconstructed_lora__InstaDeepAI_nucleotide-transformer-v2-500m-multi-species__20260520T222248Z,0,0,0.8266133069992065,0.00989997573196888,0.16348667442798615
gue_splice_reconstructed_lora__InstaDeepAI_nucleotide-transformer-v2-500m-multi-species__20260520T222248Z,0,0,0.9981076717376709,3.845750688924454e-05,0.0018538916483521461
gue_splice_reconstructed_lora__InstaDeepAI_nucleotide-transformer-v2-500m-multi-species__20260520T222248Z,2,2,0.000950229587033391,0.0008239628514274955,0.9982258677482605
gue_splice_reconstructed_lora__InstaDeepAI_nucleotide-transformer-v2-500m-multi-species__20260520T222248Z,2,2,0.020594650879502296,0.002483817981556058,0.9769214987754822
gue_splice_reconstructed_lora__InstaDeepAI_nucleotide-transformer-v2-500m-multi-species__20260520T222248Z,2,1,0.00013624198618344963,0.9629086852073669,0.03695513680577278
gue_splice_reconstructed_lora__InstaDeepAI_nucleotide-transformer-v2-500m-multi-species__20260520T222248Z,2,2,0.0005851374007761478,0.009434420615434647,0.9899803996086121
gue_splice_reconstructed_lora__InstaDeepAI_nucleotide-transformer-v2-500m-multi-species__20260520T222248Z,2,2,0.0005929343751631677,0.0020959852263331413,0.9973111152648926
gue_splice_reconstructed_lora__InstaDeepAI_nucleotide-transformer-v2-500m-multi-species__20260520T222248Z,2,2,0.0014788595726713538,0.00035505357664078474,0.9981661438941956
gue_splice_reconstructed_lora__InstaDeepAI_nucleotide-transformer-v2-500m-multi-species__20260520T222248Z,1,1,0.00022592888853978366,0.9953456521034241,0.004428456071764231
gue_splice_reconstructed_lora__InstaDeepAI_nucleotide-transformer-v2-500m-multi-species__20260520T222248Z,2,2,0.013420717790722847,0.0010425024665892124,0.9855367541313171
gue_splice_reconstructed_lora__InstaDeepAI_nucleotide-transformer-v2-500m-multi-species__20260520T222248Z,1,1,0.00011741019989131019,0.9777581095695496,0.022124553099274635
gue_splice_reconstructed_lora__InstaDeepAI_nucleotide-transformer-v2-500m-multi-species__20260520T222248Z,2,2,0.0011519985273480415,0.0033760068472474813,0.9954720735549927
gue_splice_reconstructed_lora__InstaDeepAI_nucleotide-transformer-v2-500m-multi-species__20260520T222248Z,0,0,0.9987404942512512,1.7756474335328676e-05,0.0012417895486578345
gue_splice_reconstructed_lora__InstaDeepAI_nucleotide-transformer-v2-500m-multi-species__20260520T222248Z,1,1,6.87767897034064e-05,0.9973904490470886,0.0025408179499208927
gue_splice_reconstructed_lora__InstaDeepAI_nucleotide-transformer-v2-500m-multi-species__20260520T222248Z,2,2,0.00795553345233202,0.00937390886247158,0.9826704859733582
gue_splice_reconstructed_lora__InstaDeepAI_nucleotide-transformer-v2-500m-multi-species__20260520T222248Z,0,0,0.9990496039390564,9.453165694139898e-05,0.0008558196714147925
gue_splice_reconstructed_lora__InstaDeepAI_nucleotide-transformer-v2-500m-multi-species__20260520T222248Z,1,1,7.331890083150938e-05,0.998839795589447,0.0010869245743378997
gue_splice_reconstructed_lora__InstaDeepAI_nucleotide-transformer-v2-500m-multi-species__20260520T222248Z,2,2,0.014934544451534748,0.0010267832549288869,0.9840387105941772
gue_splice_reconstructed_lora__InstaDeepAI_nucleotide-transformer-v2-500m-multi-species__20260520T222248Z,1,1,0.00042487282189540565,0.9729793071746826,0.02659580484032631
gue_splice_reconstructed_lora__InstaDeepAI_nucleotide-transformer-v2-500m-multi-species__20260520T222248Z,0,0,0.9994695782661438,8.152562804752961e-05,0.00044897725456394255
gue_splice_reconstructed_lora__InstaDeepAI_nucleotide-transformer-v2-500m-multi-species__20260520T222248Z,2,2,0.005330727435648441,0.0004046886751893908,0.994264543056488
gue_splice_reconstructed_lora__InstaDeepAI_nucleotide-transformer-v2-500m-multi-species__20260520T222248Z,2,2,0.0014927220763638616,0.00369452266022563,0.9948127269744873
gue_splice_reconstructed_lora__InstaDeepAI_nucleotide-transformer-v2-500m-multi-species__20260520T222248Z,1,1,4.328228533267975e-05,0.9991083741188049,0.0008483806741423905
gue_splice_reconstructed_lora__InstaDeepAI_nucleotide-transformer-v2-500m-multi-species__20260520T222248Z,2,2,0.029971914365887642,0.001905776560306549,0.9681222438812256
gue_splice_reconstructed_lora__InstaDeepAI_nucleotide-transformer-v2-500m-multi-species__20260520T222248Z,2,2,0.0032974560745060444,0.0023064957931637764,0.9943960905075073
gue_splice_reconstructed_lora__InstaDeepAI_nucleotide-transformer-v2-500m-multi-species__20260520T222248Z,0,0,0.9973387122154236,2.9694763725274242e-05,0.0026315958239138126
gue_splice_reconstructed_lora__InstaDeepAI_nucleotide-transformer-v2-500m-multi-species__20260520T222248Z,2,2,0.0057457140646874905,0.014672192744910717,0.9795820713043213
gue_splice_reconstructed_lora__InstaDeepAI_nucleotide-transformer-v2-500m-multi-species__20260520T222248Z,2,2,0.0018917795969173312,0.0027098492719233036,0.9953983426094055
gue_splice_reconstructed_lora__InstaDeepAI_nucleotide-transformer-v2-500m-multi-species__20260520T222248Z,2,2,0.001522977720014751,0.001186096342280507,0.9972909092903137
gue_splice_reconstructed_lora__InstaDeepAI_nucleotide-transformer-v2-500m-multi-species__20260520T222248Z,2,2,0.012618359178304672,0.004369313828647137,0.9830122590065002
gue_splice_reconstructed_lora__InstaDeepAI_nucleotide-transformer-v2-500m-multi-species__20260520T222248Z,2,0,0.9620606303215027,0.00019651505863294005,0.03774285316467285
gue_splice_reconstructed_lora__InstaDeepAI_nucleotide-transformer-v2-500m-multi-species__20260520T222248Z,2,2,0.001227725064381957,0.004084957297891378,0.9946873188018799
gue_splice_reconstructed_lora__InstaDeepAI_nucleotide-transformer-v2-500m-multi-species__20260520T222248Z,0,2,0.028734751045703888,0.01877124048769474,0.9524940252304077
gue_splice_reconstructed_lora__InstaDeepAI_nucleotide-transformer-v2-500m-multi-species__20260520T222248Z,2,2,0.000402035191655159,0.01377986092120409,0.985818088054657
gue_splice_reconstructed_lora__InstaDeepAI_nucleotide-transformer-v2-500m-multi-species__20260520T222248Z,1,1,5.074081855127588e-05,0.9979410767555237,0.0020081184338778257
gue_splice_reconstructed_lora__InstaDeepAI_nucleotide-transformer-v2-500m-multi-species__20260520T222248Z,2,2,0.000984254409559071,0.012395483441650867,0.986620306968689
gue_splice_reconstructed_lora__InstaDeepAI_nucleotide-transformer-v2-500m-multi-species__20260520T222248Z,2,2,0.0009738141670823097,0.0036181584000587463,0.9954079985618591
gue_splice_reconstructed_lora__InstaDeepAI_nucleotide-transformer-v2-500m-multi-species__20260520T222248Z,2,2,0.0008896263898350298,0.00038113180198706686,0.9987292885780334
gue_splice_reconstructed_lora__InstaDeepAI_nucleotide-transformer-v2-500m-multi-species__20260520T222248Z,2,2,0.011675174348056316,0.0005516831879504025,0.9877731204032898
gue_splice_reconstructed_lora__InstaDeepAI_nucleotide-transformer-v2-500m-multi-species__20260520T222248Z,0,0,0.9991360306739807,9.14523407118395e-05,0.0007724807946942747
gue_splice_reconstructed_lora__InstaDeepAI_nucleotide-transformer-v2-500m-multi-species__20260520T222248Z,0,0,0.9744657874107361,0.0004538513603620231,0.02508033625781536
gue_splice_reconstructed_lora__InstaDeepAI_nucleotide-transformer-v2-500m-multi-species__20260520T222248Z,2,2,0.004870844539254904,0.007045631762593985,0.98808354139328
gue_splice_reconstructed_lora__InstaDeepAI_nucleotide-transformer-v2-500m-multi-species__20260520T222248Z,1,1,9.079721348825842e-05,0.9939178228378296,0.005991407670080662
gue_splice_reconstructed_lora__InstaDeepAI_nucleotide-transformer-v2-500m-multi-species__20260520T222248Z,1,1,3.8153084460645914e-05,0.9979731440544128,0.0019886670634150505
gue_splice_reconstructed_lora__InstaDeepAI_nucleotide-transformer-v2-500m-multi-species__20260520T222248Z,2,2,0.0020360334310680628,0.0032951408065855503,0.9946687817573547
gue_splice_reconstructed_lora__InstaDeepAI_nucleotide-transformer-v2-500m-multi-species__20260520T222248Z,2,2,0.003084910335019231,0.01047696266323328,0.9864381551742554
gue_splice_reconstructed_lora__InstaDeepAI_nucleotide-transformer-v2-500m-multi-species__20260520T222248Z,1,1,4.3400686990935355e-05,0.9979356527328491,0.002020894782617688
gue_splice_reconstructed_lora__InstaDeepAI_nucleotide-transformer-v2-500m-multi-species__20260520T222248Z,2,2,0.046230148524045944,0.00040349995833821595,0.9533663988113403
gue_splice_reconstructed_lora__InstaDeepAI_nucleotide-transformer-v2-500m-multi-species__20260520T222248Z,2,0,0.6314997673034668,0.0005091822240501642,0.36799103021621704
gue_splice_reconstructed_lora__InstaDeepAI_nucleotide-transformer-v2-500m-multi-species__20260520T222248Z,1,1,7.806039502611384e-05,0.9990039467811584,0.0009181185741908848
gue_splice_reconstructed_lora__InstaDeepAI_nucleotide-transformer-v2-500m-multi-species__20260520T222248Z,1,1,4.325052577769384e-05,0.9983752965927124,0.001581502496264875
gue_splice_reconstructed_lora__InstaDeepAI_nucleotide-transformer-v2-500m-multi-species__20260520T222248Z,2,2,0.07141028344631195,0.019995206966996193,0.90859454870224
gue_splice_reconstructed_lora__InstaDeepAI_nucleotide-transformer-v2-500m-multi-species__20260520T222248Z,2,2,0.0010249355109408498,0.001238725264556706,0.9977363348007202
gue_splice_reconstructed_lora__InstaDeepAI_nucleotide-transformer-v2-500m-multi-species__20260520T222248Z,2,2,0.0043549067340791225,0.000444881763542071,0.9952001571655273
gue_splice_reconstructed_lora__InstaDeepAI_nucleotide-transformer-v2-500m-multi-species__20260520T222248Z,2,2,0.006513436324894428,0.0019480636110529304,0.9915384650230408
gue_splice_reconstructed_lora__InstaDeepAI_nucleotide-transformer-v2-500m-multi-species__20260520T222248Z,2,2,0.018919531255960464,0.0006921789608895779,0.9803882837295532
gue_splice_reconstructed_lora__InstaDeepAI_nucleotide-transformer-v2-500m-multi-species__20260520T222248Z,2,2,0.01708661951124668,0.00033941640867851675,0.982573926448822
gue_splice_reconstructed_lora__InstaDeepAI_nucleotide-transformer-v2-500m-multi-species__20260520T222248Z,0,0,0.996258020401001,5.4771375289419666e-05,0.003687265794724226
gue_splice_reconstructed_lora__InstaDeepAI_nucleotide-transformer-v2-500m-multi-species__20260520T222248Z,2,2,0.0013652738416567445,0.0032274960540235043,0.995407223701477
gue_splice_reconstructed_lora__InstaDeepAI_nucleotide-transformer-v2-500m-multi-species__20260520T222248Z,2,2,0.0031386776827275753,0.002012677025049925,0.9948487281799316
gue_splice_reconstructed_lora__InstaDeepAI_nucleotide-transformer-v2-500m-multi-species__20260520T222248Z,2,2,0.005298248492181301,0.003595492569729686,0.9911062121391296
gue_splice_reconstructed_lora__InstaDeepAI_nucleotide-transformer-v2-500m-multi-species__20260520T222248Z,2,2,0.0023734804708510637,0.0019523717928677797,0.9956740736961365
gue_splice_reconstructed_lora__InstaDeepAI_nucleotide-transformer-v2-500m-multi-species__20260520T222248Z,2,2,0.0014008621219545603,0.000904464686755091,0.9976946711540222
gue_splice_reconstructed_lora__InstaDeepAI_nucleotide-transformer-v2-500m-multi-species__20260520T222248Z,2,2,0.007634473964571953,0.0007125479751266539,0.9916530251502991
gue_splice_reconstructed_lora__InstaDeepAI_nucleotide-transformer-v2-500m-multi-species__20260520T222248Z,1,2,0.01215367391705513,0.004278858657926321,0.983567476272583
gue_splice_reconstructed_lora__InstaDeepAI_nucleotide-transformer-v2-500m-multi-species__20260520T222248Z,2,2,0.0019061571219936013,0.024087917059659958,0.9740059971809387
gue_splice_reconstructed_lora__InstaDeepAI_nucleotide-transformer-v2-500m-multi-species__20260520T222248Z,0,0,0.9944114089012146,0.00022048811661079526,0.005368085578083992
gue_splice_reconstructed_lora__InstaDeepAI_nucleotide-transformer-v2-500m-multi-species__20260520T222248Z,2,2,0.030805999413132668,0.00026066810823976994,0.9689333438873291
gue_splice_reconstructed_lora__InstaDeepAI_nucleotide-transformer-v2-500m-multi-species__20260520T222248Z,0,0,0.9990295171737671,8.915003854781389e-05,0.0008812457090243697
gue_splice_reconstructed_lora__InstaDeepAI_nucleotide-transformer-v2-500m-multi-species__20260520T222248Z,2,2,0.017300110310316086,0.000998663017526269,0.9817012548446655
gue_splice_reconstructed_lora__InstaDeepAI_nucleotide-transformer-v2-500m-multi-species__20260520T222248Z,2,2,0.02216237783432007,0.007452521473169327,0.9703851342201233
gue_splice_reconstructed_lora__InstaDeepAI_nucleotide-transformer-v2-500m-multi-species__20260520T222248Z,1,1,0.00032239966094493866,0.9028322696685791,0.09684530645608902
gue_splice_reconstructed_lora__InstaDeepAI_nucleotide-transformer-v2-500m-multi-species__20260520T222248Z,0,0,0.9881330132484436,0.00023875733313616365,0.011628215201199055
gue_splice_reconstructed_lora__InstaDeepAI_nucleotide-transformer-v2-500m-multi-species__20260520T222248Z,2,2,0.0012833229266107082,0.004657669924199581,0.9940589666366577
gue_splice_reconstructed_lora__InstaDeepAI_nucleotide-transformer-v2-500m-multi-species__20260520T222248Z,2,2,0.0006043986650183797,0.004409597720950842,0.9949860572814941
gue_splice_reconstructed_lora__InstaDeepAI_nucleotide-transformer-v2-500m-multi-species__20260520T222248Z,0,0,0.9992341995239258,8.134739618981257e-05,0.000684447237290442
gue_splice_reconstructed_lora__InstaDeepAI_nucleotide-transformer-v2-500m-multi-species__20260520T222248Z,0,0,0.995501697063446,0.0001844266807893291,0.0043138922192156315
gue_splice_reconstructed_lora__InstaDeepAI_nucleotide-transformer-v2-500m-multi-species__20260520T222248Z,0,0,0.9982534050941467,0.00017070457397494465,0.0015759137459099293
gue_splice_reconstructed_lora__InstaDeepAI_nucleotide-transformer-v2-500m-multi-species__20260520T222248Z,1,1,6.440983997890726e-05,0.9943033456802368,0.005632308311760426
gue_splice_reconstructed_lora__InstaDeepAI_nucleotide-transformer-v2-500m-multi-species__20260520T222248Z,1,1,0.00011569514754228294,0.9979502558708191,0.001934037427417934
gue_splice_reconstructed_lora__InstaDeepAI_nucleotide-transformer-v2-500m-multi-species__20260520T222248Z,2,2,0.004948090296238661,0.016463572159409523,0.978588342666626
gue_splice_reconstructed_lora__InstaDeepAI_nucleotide-transformer-v2-500m-multi-species__20260520T222248Z,2,2,0.0015020674327388406,0.0013596579665318131,0.997138261795044
gue_splice_reconstructed_lora__InstaDeepAI_nucleotide-transformer-v2-500m-multi-species__20260520T222248Z,2,2,0.00380320125259459,0.00022963006631471217,0.9959671497344971
gue_splice_reconstructed_lora__InstaDeepAI_nucleotide-transformer-v2-500m-multi-species__20260520T222248Z,0,0,0.9939291477203369,8.235043787863106e-05,0.005988550838083029
gue_splice_reconstructed_lora__InstaDeepAI_nucleotide-transformer-v2-500m-multi-species__20260520T222248Z,2,2,0.006578126456588507,0.006597426719963551,0.9868244528770447
gue_splice_reconstructed_lora__InstaDeepAI_nucleotide-transformer-v2-500m-multi-species__20260520T222248Z,0,0,0.9858689308166504,0.00022641565010417253,0.013904557563364506
gue_splice_reconstructed_lora__InstaDeepAI_nucleotide-transformer-v2-500m-multi-species__20260520T222248Z,2,2,0.0013925764942541718,0.004874831065535545,0.9937326312065125
gue_splice_reconstructed_lora__InstaDeepAI_nucleotide-transformer-v2-500m-multi-species__20260520T222248Z,2,2,0.000819473119918257,0.014119911938905716,0.9850606322288513
gue_splice_reconstructed_lora__InstaDeepAI_nucleotide-transformer-v2-500m-multi-species__20260520T222248Z,2,2,0.0033520678989589214,0.0024262217339128256,0.9942216277122498
gue_splice_reconstructed_lora__InstaDeepAI_nucleotide-transformer-v2-500m-multi-species__20260520T222248Z,1,1,5.406795025919564e-05,0.9989504218101501,0.0009955819696187973
gue_splice_reconstructed_lora__InstaDeepAI_nucleotide-transformer-v2-500m-multi-species__20260520T222248Z,0,0,0.9975104331970215,0.0002709896070882678,0.002218573121353984
gue_splice_reconstructed_lora__InstaDeepAI_nucleotide-transformer-v2-500m-multi-species__20260520T222248Z,1,1,5.007485015084967e-05,0.9964522123336792,0.003497685771435499
gue_splice_reconstructed_lora__InstaDeepAI_nucleotide-transformer-v2-500m-multi-species__20260520T222248Z,1,1,8.792299195192754e-05,0.993006706237793,0.006905323825776577
gue_splice_reconstructed_lora__InstaDeepAI_nucleotide-transformer-v2-500m-multi-species__20260520T222248Z,2,2,0.00313575123436749,0.028807681053876877,0.9680565595626831
gue_splice_reconstructed_lora__InstaDeepAI_nucleotide-transformer-v2-500m-multi-species__20260520T222248Z,2,2,0.08530402183532715,0.0027267388068139553,0.9119692444801331
gue_splice_reconstructed_lora__InstaDeepAI_nucleotide-transformer-v2-500m-multi-species__20260520T222248Z,1,1,0.00013512691657524556,0.981502115726471,0.018362754955887794
gue_splice_reconstructed_lora__InstaDeepAI_nucleotide-transformer-v2-500m-multi-species__20260520T222248Z,2,2,0.011441489681601524,0.0019459724426269531,0.9866125583648682
gue_splice_reconstructed_lora__InstaDeepAI_nucleotide-transformer-v2-500m-multi-species__20260520T222248Z,2,2,0.005971320439130068,0.0005367560661397874,0.9934919476509094
gue_splice_reconstructed_lora__InstaDeepAI_nucleotide-transformer-v2-500m-multi-species__20260520T222248Z,1,1,7.55672444938682e-05,0.9939059615135193,0.006018457468599081
gue_splice_reconstructed_lora__InstaDeepAI_nucleotide-transformer-v2-500m-multi-species__20260520T222248Z,0,0,0.9974156618118286,0.00033329121652059257,0.0022510967683047056
gue_splice_reconstructed_lora__InstaDeepAI_nucleotide-transformer-v2-500m-multi-species__20260520T222248Z,1,1,3.141403794870712e-05,0.9989323019981384,0.0010362343164160848
gue_splice_reconstructed_lora__InstaDeepAI_nucleotide-transformer-v2-500m-multi-species__20260520T222248Z,1,1,6.424248567782342e-05,0.9956014156341553,0.004334383178502321
gue_splice_reconstructed_lora__InstaDeepAI_nucleotide-transformer-v2-500m-multi-species__20260520T222248Z,2,2,0.002755791647359729,0.1381383240222931,0.8591058850288391
gue_splice_reconstructed_lora__InstaDeepAI_nucleotide-transformer-v2-500m-multi-species__20260520T222248Z,2,2,0.0055039324797689915,0.002420983277261257,0.9920750856399536
gue_splice_reconstructed_lora__InstaDeepAI_nucleotide-transformer-v2-500m-multi-species__20260520T222248Z,2,2,0.026684267446398735,0.0007872249116189778,0.9725285172462463
gue_splice_reconstructed_lora__InstaDeepAI_nucleotide-transformer-v2-500m-multi-species__20260520T222248Z,2,2,0.008546500466763973,0.0002303287183167413,0.9912232160568237
gue_splice_reconstructed_lora__InstaDeepAI_nucleotide-transformer-v2-500m-multi-species__20260520T222248Z,2,2,0.0015657874755561352,0.0027133759576827288,0.9957209229469299
gue_splice_reconstructed_lora__InstaDeepAI_nucleotide-transformer-v2-500m-multi-species__20260520T222248Z,0,2,0.3969484269618988,0.0013137279311195016,0.6017378568649292
gue_splice_reconstructed_lora__InstaDeepAI_nucleotide-transformer-v2-500m-multi-species__20260520T222248Z,2,2,0.000702824501786381,0.0018845332087948918,0.9974126219749451
gue_splice_reconstructed_lora__InstaDeepAI_nucleotide-transformer-v2-500m-multi-species__20260520T222248Z,2,2,0.0018843072466552258,0.0027685556560754776,0.9953470826148987
gue_splice_reconstructed_lora__InstaDeepAI_nucleotide-transformer-v2-500m-multi-species__20260520T222248Z,1,1,9.65784493018873e-05,0.9989861845970154,0.0009172060526907444
gue_splice_reconstructed_lora__InstaDeepAI_nucleotide-transformer-v2-500m-multi-species__20260520T222248Z,2,2,0.001983102411031723,0.002350397175177932,0.99566650390625
gue_splice_reconstructed_lora__InstaDeepAI_nucleotide-transformer-v2-500m-multi-species__20260520T222248Z,2,2,0.013025710359215736,0.0015256094047799706,0.9854486584663391
gue_splice_reconstructed_lora__InstaDeepAI_nucleotide-transformer-v2-500m-multi-species__20260520T222248Z,1,1,0.00011878514487762004,0.9969666600227356,0.002914669457823038
gue_splice_reconstructed_lora__InstaDeepAI_nucleotide-transformer-v2-500m-multi-species__20260520T222248Z,2,2,0.0013514863094314933,0.0016786698251962662,0.9969698786735535
gue_splice_reconstructed_lora__InstaDeepAI_nucleotide-transformer-v2-500m-multi-species__20260520T222248Z,1,1,8.044081187108532e-05,0.9977947473526001,0.0021248306147754192
gue_splice_reconstructed_lora__InstaDeepAI_nucleotide-transformer-v2-500m-multi-species__20260520T222248Z,2,2,0.0006070431554690003,0.030799880623817444,0.9685931205749512
gue_splice_reconstructed_lora__InstaDeepAI_nucleotide-transformer-v2-500m-multi-species__20260520T222248Z,2,2,0.0015767740551382303,0.001573697431012988,0.9968494772911072
gue_splice_reconstructed_lora__InstaDeepAI_nucleotide-transformer-v2-500m-multi-species__20260520T222248Z,1,1,5.120676360093057e-05,0.9992676377296448,0.0006811362109147012
gue_splice_reconstructed_lora__InstaDeepAI_nucleotide-transformer-v2-500m-multi-species__20260520T222248Z,2,2,0.0038012859877198935,0.00316062243655324,0.9930381178855896
gue_splice_reconstructed_lora__InstaDeepAI_nucleotide-transformer-v2-500m-multi-species__20260520T222248Z,0,0,0.9993467926979065,6.423275772249326e-05,0.0005889455787837505
gue_splice_reconstructed_lora__InstaDeepAI_nucleotide-transformer-v2-500m-multi-species__20260520T222248Z,1,1,0.00015691584849264473,0.9825407862663269,0.017302226275205612
gue_splice_reconstructed_lora__InstaDeepAI_nucleotide-transformer-v2-500m-multi-species__20260520T222248Z,0,0,0.9403855800628662,0.0007178860250860453,0.05889653041958809
gue_splice_reconstructed_lora__InstaDeepAI_nucleotide-transformer-v2-500m-multi-species__20260520T222248Z,0,0,0.9841445684432983,0.0001267855113837868,0.015728607773780823
gue_splice_reconstructed_lora__InstaDeepAI_nucleotide-transformer-v2-500m-multi-species__20260520T222248Z,1,1,4.7506106056971475e-05,0.9984739422798157,0.0014785934472456574
gue_splice_reconstructed_lora__InstaDeepAI_nucleotide-transformer-v2-500m-multi-species__20260520T222248Z,2,2,0.005549712106585503,0.0009383824071846902,0.9935118556022644
gue_splice_reconstructed_lora__InstaDeepAI_nucleotide-transformer-v2-500m-multi-species__20260520T222248Z,0,0,0.9984682202339172,7.680896669626236e-05,0.0014549512416124344
gue_splice_reconstructed_lora__InstaDeepAI_nucleotide-transformer-v2-500m-multi-species__20260520T222248Z,2,2,0.0011051330948248506,0.003937214612960815,0.9949576258659363
gue_splice_reconstructed_lora__InstaDeepAI_nucleotide-transformer-v2-500m-multi-species__20260520T222248Z,1,1,5.617966235149652e-05,0.9982020854949951,0.0017417347989976406
gue_splice_reconstructed_lora__InstaDeepAI_nucleotide-transformer-v2-500m-multi-species__20260520T222248Z,0,0,0.9982221722602844,3.9528124034404755e-05,0.0017383709782734513
gue_splice_reconstructed_lora__InstaDeepAI_nucleotide-transformer-v2-500m-multi-species__20260520T222248Z,0,0,0.9990918636322021,0.00012353877536952496,0.0007846109801903367
gue_splice_reconstructed_lora__InstaDeepAI_nucleotide-transformer-v2-500m-multi-species__20260520T222248Z,2,2,0.002933821175247431,0.0023299269378185272,0.9947362542152405
gue_splice_reconstructed_lora__InstaDeepAI_nucleotide-transformer-v2-500m-multi-species__20260520T222248Z,1,1,6.148780812509358e-05,0.9986417889595032,0.0012968156952410936
gue_splice_reconstructed_lora__InstaDeepAI_nucleotide-transformer-v2-500m-multi-species__20260520T222248Z,0,0,0.9973905682563782,0.0001659565168665722,0.0024434810038655996
gue_splice_reconstructed_lora__InstaDeepAI_nucleotide-transformer-v2-500m-multi-species__20260520T222248Z,0,0,0.9321511387825012,0.0006856768159195781,0.06716310232877731
gue_splice_reconstructed_lora__InstaDeepAI_nucleotide-transformer-v2-500m-multi-species__20260520T222248Z,2,2,0.010904325172305107,0.004639781545847654,0.984455943107605
gue_splice_reconstructed_lora__InstaDeepAI_nucleotide-transformer-v2-500m-multi-species__20260520T222248Z,1,1,0.00010279924754286185,0.9969596862792969,0.002937508746981621
gue_splice_reconstructed_lora__InstaDeepAI_nucleotide-transformer-v2-500m-multi-species__20260520T222248Z,2,2,0.0028084239456802607,0.0021936199627816677,0.9949979782104492
gue_splice_reconstructed_lora__InstaDeepAI_nucleotide-transformer-v2-500m-multi-species__20260520T222248Z,2,2,0.0014277745503932238,0.0013784513575956225,0.9971936941146851
gue_splice_reconstructed_lora__InstaDeepAI_nucleotide-transformer-v2-500m-multi-species__20260520T222248Z,1,1,0.0001898485643323511,0.966448187828064,0.033361975103616714
gue_splice_reconstructed_lora__InstaDeepAI_nucleotide-transformer-v2-500m-multi-species__20260520T222248Z,2,2,0.007158228196203709,0.0006632231525145471,0.9921785593032837
gue_splice_reconstructed_lora__InstaDeepAI_nucleotide-transformer-v2-500m-multi-species__20260520T222248Z,2,2,0.004392086993902922,0.00069425068795681,0.9949136972427368
gue_splice_reconstructed_lora__InstaDeepAI_nucleotide-transformer-v2-500m-multi-species__20260520T222248Z,2,2,0.0040623899549245834,0.0009324792772531509,0.995005190372467
gue_splice_reconstructed_lora__InstaDeepAI_nucleotide-transformer-v2-500m-multi-species__20260520T222248Z,2,2,0.005739196669310331,0.0013512501027435064,0.9929094910621643
gue_splice_reconstructed_lora__InstaDeepAI_nucleotide-transformer-v2-500m-multi-species__20260520T222248Z,2,2,0.0017092179041355848,0.0028125247918069363,0.9954783320426941
gue_splice_reconstructed_lora__InstaDeepAI_nucleotide-transformer-v2-500m-multi-species__20260520T222248Z,2,2,0.009164090268313885,0.028282567858695984,0.9625533223152161
gue_splice_reconstructed_lora__InstaDeepAI_nucleotide-transformer-v2-500m-multi-species__20260520T222248Z,0,0,0.9261592030525208,0.00044331036042422056,0.07339750230312347
gue_splice_reconstructed_lora__InstaDeepAI_nucleotide-transformer-v2-500m-multi-species__20260520T222248Z,2,2,0.0007582676480524242,0.01944647543132305,0.9797952175140381
gue_splice_reconstructed_lora__InstaDeepAI_nucleotide-transformer-v2-500m-multi-species__20260520T222248Z,0,2,0.09731142222881317,0.0026804839726537466,0.9000080823898315
gue_splice_reconstructed_lora__InstaDeepAI_nucleotide-transformer-v2-500m-multi-species__20260520T222248Z,2,2,0.000542959722224623,0.00035400132765062153,0.9991030693054199
gue_splice_reconstructed_lora__InstaDeepAI_nucleotide-transformer-v2-500m-multi-species__20260520T222248Z,0,0,0.9994704127311707,3.547708911355585e-05,0.0004940694780088961
gue_splice_reconstructed_lora__InstaDeepAI_nucleotide-transformer-v2-500m-multi-species__20260520T222248Z,0,0,0.9992081522941589,0.00011674953566398472,0.0006751356413587928
gue_splice_reconstructed_lora__InstaDeepAI_nucleotide-transformer-v2-500m-multi-species__20260520T222248Z,0,0,0.9994189739227295,3.791101698880084e-05,0.0005431313766166568
gue_splice_reconstructed_lora__InstaDeepAI_nucleotide-transformer-v2-500m-multi-species__20260520T222248Z,2,2,0.006732256151735783,0.0018878262490034103,0.9913799166679382
gue_splice_reconstructed_lora__InstaDeepAI_nucleotide-transformer-v2-500m-multi-species__20260520T222248Z,1,1,4.9968130042543635e-05,0.9982201457023621,0.0017299001337960362
gue_splice_reconstructed_lora__InstaDeepAI_nucleotide-transformer-v2-500m-multi-species__20260520T222248Z,2,2,0.0014150608330965042,0.000571736425627023,0.9980131387710571
gue_splice_reconstructed_lora__InstaDeepAI_nucleotide-transformer-v2-500m-multi-species__20260520T222248Z,2,2,0.0035761541221290827,0.00194622075650841,0.9944776296615601
gue_splice_reconstructed_lora__InstaDeepAI_nucleotide-transformer-v2-500m-multi-species__20260520T222248Z,2,2,0.0016933559672906995,0.0023880149237811565,0.9959186911582947
gue_splice_reconstructed_lora__InstaDeepAI_nucleotide-transformer-v2-500m-multi-species__20260520T222248Z,1,1,4.5820175728295e-05,0.9974984526634216,0.0024557069409638643
gue_splice_reconstructed_lora__InstaDeepAI_nucleotide-transformer-v2-500m-multi-species__20260520T222248Z,2,2,0.0009199852356687188,0.0019476087763905525,0.997132420539856
gue_splice_reconstructed_lora__InstaDeepAI_nucleotide-transformer-v2-500m-multi-species__20260520T222248Z,0,0,0.998525083065033,9.338126255897805e-05,0.001381640206091106
gue_splice_reconstructed_lora__InstaDeepAI_nucleotide-transformer-v2-500m-multi-species__20260520T222248Z,0,0,0.9991494417190552,0.00011927796003874391,0.0007313799578696489
gue_splice_reconstructed_lora__InstaDeepAI_nucleotide-transformer-v2-500m-multi-species__20260520T222248Z,2,2,0.0005743142100982368,0.002769491169601679,0.9966561794281006
gue_splice_reconstructed_lora__InstaDeepAI_nucleotide-transformer-v2-500m-multi-species__20260520T222248Z,1,1,3.9961298170965165e-05,0.9974042773246765,0.0025557847693562508
gue_splice_reconstructed_lora__InstaDeepAI_nucleotide-transformer-v2-500m-multi-species__20260520T222248Z,2,2,0.023051591590046883,0.003922537434846163,0.973025918006897
gue_splice_reconstructed_lora__InstaDeepAI_nucleotide-transformer-v2-500m-multi-species__20260520T222248Z,2,2,0.021598704159259796,0.0017234242986887693,0.9766778349876404
gue_splice_reconstructed_lora__InstaDeepAI_nucleotide-transformer-v2-500m-multi-species__20260520T222248Z,1,1,9.666243568062782e-05,0.9979040622711182,0.0019992387387901545
gue_splice_reconstructed_lora__InstaDeepAI_nucleotide-transformer-v2-500m-multi-species__20260520T222248Z,1,1,5.2575007430277765e-05,0.9982941746711731,0.0016532245790585876
gue_splice_reconstructed_lora__InstaDeepAI_nucleotide-transformer-v2-500m-multi-species__20260520T222248Z,2,2,0.006074983160942793,0.0007976428605616093,0.9931273460388184
gue_splice_reconstructed_lora__InstaDeepAI_nucleotide-transformer-v2-500m-multi-species__20260520T222248Z,0,0,0.9989218711853027,3.986607043771073e-05,0.0010382492328062654
gue_splice_reconstructed_lora__InstaDeepAI_nucleotide-transformer-v2-500m-multi-species__20260520T222248Z,2,2,0.0009704671101644635,0.01859973557293415,0.9804297685623169
gue_splice_reconstructed_lora__InstaDeepAI_nucleotide-transformer-v2-500m-multi-species__20260520T222248Z,2,2,0.002440348733216524,0.00047447116230614483,0.9970851540565491
gue_splice_reconstructed_lora__InstaDeepAI_nucleotide-transformer-v2-500m-multi-species__20260520T222248Z,1,1,9.347473678644747e-05,0.9840282797813416,0.01587817817926407
gue_splice_reconstructed_lora__InstaDeepAI_nucleotide-transformer-v2-500m-multi-species__20260520T222248Z,2,2,0.0005368685233406723,0.001873855129815638,0.9975893497467041
gue_splice_reconstructed_lora__InstaDeepAI_nucleotide-transformer-v2-500m-multi-species__20260520T222248Z,2,2,0.003567428095266223,0.0004986112471669912,0.9959339499473572
gue_splice_reconstructed_lora__InstaDeepAI_nucleotide-transformer-v2-500m-multi-species__20260520T222248Z,2,2,0.003860540222376585,0.002287294715642929,0.9938521385192871
gue_splice_reconstructed_lora__InstaDeepAI_nucleotide-transformer-v2-500m-multi-species__20260520T222248Z,2,2,0.004431607201695442,0.002428320236504078,0.9931400418281555
gue_splice_reconstructed_lora__InstaDeepAI_nucleotide-transformer-v2-500m-multi-species__20260520T222248Z,2,2,0.3101186156272888,0.0038658794946968555,0.6860154867172241
gue_splice_reconstructed_lora__InstaDeepAI_nucleotide-transformer-v2-500m-multi-species__20260520T222248Z,1,1,0.00011366591934347525,0.992003858089447,0.007882490754127502
gue_splice_reconstructed_lora__InstaDeepAI_nucleotide-transformer-v2-500m-multi-species__20260520T222248Z,1,1,9.277881326852366e-05,0.9920830726623535,0.00782416108995676
gue_splice_reconstructed_lora__InstaDeepAI_nucleotide-transformer-v2-500m-multi-species__20260520T222248Z,0,0,0.9976536631584167,0.00012312023318372667,0.0022232295013964176
gue_splice_reconstructed_lora__InstaDeepAI_nucleotide-transformer-v2-500m-multi-species__20260520T222248Z,2,2,0.0021138780284672976,0.0047497618943452835,0.9931364059448242
gue_splice_reconstructed_lora__InstaDeepAI_nucleotide-transformer-v2-500m-multi-species__20260520T222248Z,2,0,0.769046425819397,0.0004943764652125537,0.2304590791463852
gue_splice_reconstructed_lora__InstaDeepAI_nucleotide-transformer-v2-500m-multi-species__20260520T222248Z,2,2,0.0005089579499326646,0.05191512405872345,0.9475759267807007
gue_splice_reconstructed_lora__InstaDeepAI_nucleotide-transformer-v2-500m-multi-species__20260520T222248Z,2,2,0.008985896594822407,0.0009152815910056233,0.990098774433136
gue_splice_reconstructed_lora__InstaDeepAI_nucleotide-transformer-v2-500m-multi-species__20260520T222248Z,2,2,0.0005692363483831286,0.4909322261810303,0.5084985494613647
gue_splice_reconstructed_lora__InstaDeepAI_nucleotide-transformer-v2-500m-multi-species__20260520T222248Z,2,2,0.006226623896509409,0.0042794919572770596,0.9894939064979553
gue_splice_reconstructed_lora__InstaDeepAI_nucleotide-transformer-v2-500m-multi-species__20260520T222248Z,1,1,5.261565820546821e-05,0.9990660548210144,0.0008812778978608549
gue_splice_reconstructed_lora__InstaDeepAI_nucleotide-transformer-v2-500m-multi-species__20260520T222248Z,2,2,0.0005525726010091603,0.012012300081551075,0.9874351024627686
gue_splice_reconstructed_lora__InstaDeepAI_nucleotide-transformer-v2-500m-multi-species__20260520T222248Z,2,2,0.009129391051828861,0.002488535363227129,0.9883820414543152
gue_splice_reconstructed_lora__InstaDeepAI_nucleotide-transformer-v2-500m-multi-species__20260520T222248Z,1,1,0.000904268934391439,0.529757022857666,0.46933871507644653
gue_splice_reconstructed_lora__InstaDeepAI_nucleotide-transformer-v2-500m-multi-species__20260520T222248Z,0,2,0.016836736351251602,0.00055202521616593,0.9826112389564514
gue_splice_reconstructed_lora__InstaDeepAI_nucleotide-transformer-v2-500m-multi-species__20260520T222248Z,0,0,0.9986966252326965,0.0001711142249405384,0.0011322699720039964
gue_splice_reconstructed_lora__InstaDeepAI_nucleotide-transformer-v2-500m-multi-species__20260520T222248Z,0,0,0.9974484443664551,8.394343603868037e-05,0.0024676029570400715
gue_splice_reconstructed_lora__InstaDeepAI_nucleotide-transformer-v2-500m-multi-species__20260520T222248Z,2,2,0.02336670272052288,0.002273303223773837,0.9743599891662598
gue_splice_reconstructed_lora__InstaDeepAI_nucleotide-transformer-v2-500m-multi-species__20260520T222248Z,2,2,0.003343247575685382,0.002141765085980296,0.994515061378479
gue_splice_reconstructed_lora__InstaDeepAI_nucleotide-transformer-v2-500m-multi-species__20260520T222248Z,2,2,0.0014218376018106937,0.005530889146029949,0.993047297000885
gue_splice_reconstructed_lora__InstaDeepAI_nucleotide-transformer-v2-500m-multi-species__20260520T222248Z,1,1,4.168366649537347e-05,0.9966356158256531,0.003322680713608861
gue_splice_reconstructed_lora__InstaDeepAI_nucleotide-transformer-v2-500m-multi-species__20260520T222248Z,2,2,0.0005306823295541108,0.003698082407936454,0.9957712292671204
gue_splice_reconstructed_lora__InstaDeepAI_nucleotide-transformer-v2-500m-multi-species__20260520T222248Z,1,1,8.052019256865606e-05,0.9987793564796448,0.0011401311494410038
gue_splice_reconstructed_lora__InstaDeepAI_nucleotide-transformer-v2-500m-multi-species__20260520T222248Z,0,0,0.9994019269943237,6.692578608635813e-05,0.0005310590495355427
gue_splice_reconstructed_lora__InstaDeepAI_nucleotide-transformer-v2-500m-multi-species__20260520T222248Z,2,2,0.001687919837422669,0.024791691452264786,0.9735203981399536
gue_splice_reconstructed_lora__InstaDeepAI_nucleotide-transformer-v2-500m-multi-species__20260520T222248Z,2,2,0.0018181328196078539,0.00148102140519768,0.9967008233070374
gue_splice_reconstructed_lora__InstaDeepAI_nucleotide-transformer-v2-500m-multi-species__20260520T222248Z,1,1,4.37043490819633e-05,0.9970976114273071,0.002858669962733984
gue_splice_reconstructed_lora__InstaDeepAI_nucleotide-transformer-v2-500m-multi-species__20260520T222248Z,2,2,0.09027300029993057,0.01279406063258648,0.8969328999519348
gue_splice_reconstructed_lora__InstaDeepAI_nucleotide-transformer-v2-500m-multi-species__20260520T222248Z,2,2,0.01007119007408619,0.0005461443797685206,0.9893827438354492
gue_splice_reconstructed_lora__InstaDeepAI_nucleotide-transformer-v2-500m-multi-species__20260520T222248Z,2,2,0.0004920492065139115,0.05063345655798912,0.9488745331764221
gue_splice_reconstructed_lora__InstaDeepAI_nucleotide-transformer-v2-500m-multi-species__20260520T222248Z,1,1,0.00011859886581078172,0.9973492622375488,0.0025320439599454403
gue_splice_reconstructed_lora__InstaDeepAI_nucleotide-transformer-v2-500m-multi-species__20260520T222248Z,0,0,0.9253510236740112,0.00026969818281941116,0.07437925785779953
gue_splice_reconstructed_lora__InstaDeepAI_nucleotide-transformer-v2-500m-multi-species__20260520T222248Z,2,2,0.0008595436229370534,0.001605838886462152,0.9975346326828003
gue_splice_reconstructed_lora__InstaDeepAI_nucleotide-transformer-v2-500m-multi-species__20260520T222248Z,2,2,0.001648308360017836,0.011735755018889904,0.9866158962249756
gue_splice_reconstructed_lora__InstaDeepAI_nucleotide-transformer-v2-500m-multi-species__20260520T222248Z,2,2,0.002907394664362073,0.0006699742516502738,0.9964225888252258
gue_splice_reconstructed_lora__InstaDeepAI_nucleotide-transformer-v2-500m-multi-species__20260520T222248Z,2,2,0.001252162386663258,0.0038833878934383392,0.9948644042015076
gue_splice_reconstructed_lora__InstaDeepAI_nucleotide-transformer-v2-500m-multi-species__20260520T222248Z,0,0,0.9995699524879456,3.372385253896937e-05,0.0003962608170695603
gue_splice_reconstructed_lora__InstaDeepAI_nucleotide-transformer-v2-500m-multi-species__20260520T222248Z,2,2,0.0018969970988109708,0.013512984849512577,0.9845899343490601
gue_splice_reconstructed_lora__InstaDeepAI_nucleotide-transformer-v2-500m-multi-species__20260520T222248Z,0,0,0.9987671375274658,0.0001234986266354099,0.0011093644425272942
gue_splice_reconstructed_lora__InstaDeepAI_nucleotide-transformer-v2-500m-multi-species__20260520T222248Z,2,2,0.0006357311503961682,0.0007231971248984337,0.9986410737037659
gue_splice_reconstructed_lora__InstaDeepAI_nucleotide-transformer-v2-500m-multi-species__20260520T222248Z,2,2,0.0004883783403784037,0.0028324658051133156,0.9966791868209839
gue_splice_reconstructed_lora__InstaDeepAI_nucleotide-transformer-v2-500m-multi-species__20260520T222248Z,2,2,0.0024688388220965862,0.005413545295596123,0.9921175837516785
gue_splice_reconstructed_lora__InstaDeepAI_nucleotide-transformer-v2-500m-multi-species__20260520T222248Z,2,2,0.0023102068807929754,0.0007205777219496667,0.9969692826271057
gue_splice_reconstructed_lora__InstaDeepAI_nucleotide-transformer-v2-500m-multi-species__20260520T222248Z,2,2,0.0069325165823102,0.0007033764268271625,0.9923641681671143
gue_splice_reconstructed_lora__InstaDeepAI_nucleotide-transformer-v2-500m-multi-species__20260520T222248Z,0,2,0.02198503538966179,0.0004743453464470804,0.9775405526161194
gue_splice_reconstructed_lora__InstaDeepAI_nucleotide-transformer-v2-500m-multi-species__20260520T222248Z,0,0,0.9946199655532837,0.00015822566638235003,0.005221835803240538
gue_splice_reconstructed_lora__InstaDeepAI_nucleotide-transformer-v2-500m-multi-species__20260520T222248Z,1,1,0.002302569570019841,0.5119989514350891,0.48569855093955994
gue_splice_reconstructed_lora__InstaDeepAI_nucleotide-transformer-v2-500m-multi-species__20260520T222248Z,1,1,7.21226169844158e-05,0.998015284538269,0.0019125633407384157
gue_splice_reconstructed_lora__InstaDeepAI_nucleotide-transformer-v2-500m-multi-species__20260520T222248Z,2,2,0.0050680567510426044,0.012004267424345016,0.9829277396202087
gue_splice_reconstructed_lora__InstaDeepAI_nucleotide-transformer-v2-500m-multi-species__20260520T222248Z,2,2,0.00043736910447478294,0.01733892224729061,0.9822236895561218
gue_splice_reconstructed_lora__InstaDeepAI_nucleotide-transformer-v2-500m-multi-species__20260520T222248Z,2,2,0.0005365624092519283,0.048099759966135025,0.9513636231422424
gue_splice_reconstructed_lora__InstaDeepAI_nucleotide-transformer-v2-500m-multi-species__20260520T222248Z,2,2,0.0009327848674729466,0.01725151017308235,0.9818156957626343
gue_splice_reconstructed_lora__InstaDeepAI_nucleotide-transformer-v2-500m-multi-species__20260520T222248Z,2,2,0.0012425169115886092,0.0018688852433115244,0.9968885779380798
gue_splice_reconstructed_lora__InstaDeepAI_nucleotide-transformer-v2-500m-multi-species__20260520T222248Z,2,2,0.0013318972196429968,0.0006762922275811434,0.9979918003082275
gue_splice_reconstructed_lora__InstaDeepAI_nucleotide-transformer-v2-500m-multi-species__20260520T222248Z,2,2,0.00551922433078289,0.0006204504752531648,0.9938603639602661
gue_splice_reconstructed_lora__InstaDeepAI_nucleotide-transformer-v2-500m-multi-species__20260520T222248Z,2,2,0.003897246206179261,0.004490085411816835,0.9916126728057861
gue_splice_reconstructed_lora__InstaDeepAI_nucleotide-transformer-v2-500m-multi-species__20260520T222248Z,2,2,0.03683037683367729,0.004448439925909042,0.9587211608886719
gue_splice_reconstructed_lora__InstaDeepAI_nucleotide-transformer-v2-500m-multi-species__20260520T222248Z,2,2,0.0012002469738945365,0.0013680505799129605,0.9974316954612732
gue_splice_reconstructed_lora__InstaDeepAI_nucleotide-transformer-v2-500m-multi-species__20260520T222248Z,2,1,0.00019678585522342473,0.9282909631729126,0.07151224464178085
gue_splice_reconstructed_lora__InstaDeepAI_nucleotide-transformer-v2-500m-multi-species__20260520T222248Z,2,2,0.011796584352850914,0.0013042936334386468,0.9868991374969482
gue_splice_reconstructed_lora__InstaDeepAI_nucleotide-transformer-v2-500m-multi-species__20260520T222248Z,0,0,0.9882567524909973,0.00030780889210291207,0.011435401625931263
gue_splice_reconstructed_lora__InstaDeepAI_nucleotide-transformer-v2-500m-multi-species__20260520T222248Z,2,2,0.002808172022923827,0.0013110325671732426,0.9958808422088623
gue_splice_reconstructed_lora__InstaDeepAI_nucleotide-transformer-v2-500m-multi-species__20260520T222248Z,2,2,0.06036502122879028,0.0019610505551099777,0.9376739263534546
gue_splice_reconstructed_lora__InstaDeepAI_nucleotide-transformer-v2-500m-multi-species__20260520T222248Z,2,2,0.00046840409049764276,0.0016461052000522614,0.997885525226593
gue_splice_reconstructed_lora__InstaDeepAI_nucleotide-transformer-v2-500m-multi-species__20260520T222248Z,1,1,7.670785271329805e-05,0.9971537590026855,0.002769521437585354
gue_splice_reconstructed_lora__InstaDeepAI_nucleotide-transformer-v2-500m-multi-species__20260520T222248Z,2,1,0.0007728782948106527,0.5569327473640442,0.4422944188117981
gue_splice_reconstructed_lora__InstaDeepAI_nucleotide-transformer-v2-500m-multi-species__20260520T222248Z,0,0,0.8198481202125549,0.0029338239692151546,0.1772180199623108
gue_splice_reconstructed_lora__InstaDeepAI_nucleotide-transformer-v2-500m-multi-species__20260520T222248Z,2,1,0.003535256488248706,0.5026112794876099,0.49385347962379456
gue_splice_reconstructed_lora__InstaDeepAI_nucleotide-transformer-v2-500m-multi-species__20260520T222248Z,1,1,0.000134583271574229,0.9929474592208862,0.006917988415807486
gue_splice_reconstructed_lora__InstaDeepAI_nucleotide-transformer-v2-500m-multi-species__20260520T222248Z,2,2,0.001269334927201271,0.005857892334461212,0.9928727149963379
gue_splice_reconstructed_lora__InstaDeepAI_nucleotide-transformer-v2-500m-multi-species__20260520T222248Z,2,2,0.016210081055760384,0.005095749627798796,0.9786942005157471
gue_splice_reconstructed_lora__InstaDeepAI_nucleotide-transformer-v2-500m-multi-species__20260520T222248Z,0,0,0.9965028762817383,0.0004677550750784576,0.0030293664894998074
gue_splice_reconstructed_lora__InstaDeepAI_nucleotide-transformer-v2-500m-multi-species__20260520T222248Z,1,1,2.938276702479925e-05,0.9984927177429199,0.001477899495512247
gue_splice_reconstructed_lora__InstaDeepAI_nucleotide-transformer-v2-500m-multi-species__20260520T222248Z,1,1,0.00013380518066696823,0.9949495792388916,0.004916680045425892
gue_splice_reconstructed_lora__InstaDeepAI_nucleotide-transformer-v2-500m-multi-species__20260520T222248Z,1,2,0.005667859222739935,0.035543207079172134,0.9587888717651367
gue_splice_reconstructed_lora__InstaDeepAI_nucleotide-transformer-v2-500m-multi-species__20260520T222248Z,2,2,0.01317629124969244,0.0006339655956253409,0.9861897826194763
gue_splice_reconstructed_lora__InstaDeepAI_nucleotide-transformer-v2-500m-multi-species__20260520T222248Z,0,0,0.9972419738769531,6.823141302447766e-05,0.002689798129722476
gue_splice_reconstructed_lora__InstaDeepAI_nucleotide-transformer-v2-500m-multi-species__20260520T222248Z,2,2,0.001424669404514134,0.0016049306141212583,0.9969704151153564
gue_splice_reconstructed_lora__InstaDeepAI_nucleotide-transformer-v2-500m-multi-species__20260520T222248Z,1,1,4.607069422490895e-05,0.9990419745445251,0.0009118984453380108
gue_splice_reconstructed_lora__InstaDeepAI_nucleotide-transformer-v2-500m-multi-species__20260520T222248Z,1,1,7.004132203292102e-05,0.9960824251174927,0.0038475380279123783
gue_splice_reconstructed_lora__InstaDeepAI_nucleotide-transformer-v2-500m-multi-species__20260520T222248Z,2,2,0.0006806794553995132,0.0007217546226456761,0.9985975623130798
gue_splice_reconstructed_lora__InstaDeepAI_nucleotide-transformer-v2-500m-multi-species__20260520T222248Z,1,1,6.049537842045538e-05,0.9979959726333618,0.0019435929134488106
gue_splice_reconstructed_lora__InstaDeepAI_nucleotide-transformer-v2-500m-multi-species__20260520T222248Z,2,2,0.0039788661524653435,0.0032221837900578976,0.992798924446106
gue_splice_reconstructed_lora__InstaDeepAI_nucleotide-transformer-v2-500m-multi-species__20260520T222248Z,2,2,0.0018378287786617875,0.0024016667157411575,0.9957605004310608
gue_splice_reconstructed_lora__InstaDeepAI_nucleotide-transformer-v2-500m-multi-species__20260520T222248Z,0,0,0.999485969543457,4.449893094715662e-05,0.000469613733002916
gue_splice_reconstructed_lora__InstaDeepAI_nucleotide-transformer-v2-500m-multi-species__20260520T222248Z,2,2,0.0010353929828852415,0.0008434142218902707,0.9981212019920349
gue_splice_reconstructed_lora__InstaDeepAI_nucleotide-transformer-v2-500m-multi-species__20260520T222248Z,2,2,0.0067800600081682205,0.007395708933472633,0.9858242273330688
gue_splice_reconstructed_lora__InstaDeepAI_nucleotide-transformer-v2-500m-multi-species__20260520T222248Z,2,2,0.0142910061404109,0.0022501517087221146,0.9834588766098022
gue_splice_reconstructed_lora__InstaDeepAI_nucleotide-transformer-v2-500m-multi-species__20260520T222248Z,2,2,0.3689318597316742,0.0028808140195906162,0.628187358379364
gue_splice_reconstructed_lora__InstaDeepAI_nucleotide-transformer-v2-500m-multi-species__20260520T222248Z,2,2,0.27010592818260193,0.003514922223985195,0.7263790965080261
gue_splice_reconstructed_lora__InstaDeepAI_nucleotide-transformer-v2-500m-multi-species__20260520T222248Z,0,0,0.9942218661308289,9.555630094837397e-05,0.005682603921741247
gue_splice_reconstructed_lora__InstaDeepAI_nucleotide-transformer-v2-500m-multi-species__20260520T222248Z,2,2,0.002109008841216564,0.0002458101080264896,0.9976451992988586
gue_splice_reconstructed_lora__InstaDeepAI_nucleotide-transformer-v2-500m-multi-species__20260520T222248Z,2,2,0.014318229630589485,0.002272119978442788,0.9834096431732178
gue_splice_reconstructed_lora__InstaDeepAI_nucleotide-transformer-v2-500m-multi-species__20260520T222248Z,2,2,0.0005324243102222681,0.0023768574465066195,0.9970906972885132
gue_splice_reconstructed_lora__InstaDeepAI_nucleotide-transformer-v2-500m-multi-species__20260520T222248Z,2,2,0.0013801453169435263,0.01567966677248478,0.9829401969909668
gue_splice_reconstructed_lora__InstaDeepAI_nucleotide-transformer-v2-500m-multi-species__20260520T222248Z,2,2,0.004552674479782581,0.0007549073197878897,0.9946923851966858
gue_splice_reconstructed_lora__InstaDeepAI_nucleotide-transformer-v2-500m-multi-species__20260520T222248Z,0,0,0.7746841311454773,0.00030982011230662465,0.22500602900981903
gue_splice_reconstructed_lora__InstaDeepAI_nucleotide-transformer-v2-500m-multi-species__20260520T222248Z,0,0,0.9983956217765808,0.0001251521025551483,0.0014791996218264103
gue_splice_reconstructed_lora__InstaDeepAI_nucleotide-transformer-v2-500m-multi-species__20260520T222248Z,1,1,7.910793647170067e-05,0.9967143535614014,0.0032065846025943756
gue_splice_reconstructed_lora__InstaDeepAI_nucleotide-transformer-v2-500m-multi-species__20260520T222248Z,2,0,0.5259479284286499,0.0007501124637201428,0.4733019173145294
gue_splice_reconstructed_lora__InstaDeepAI_nucleotide-transformer-v2-500m-multi-species__20260520T222248Z,1,1,8.188936772057787e-05,0.9961161613464355,0.0038019134663045406
gue_splice_reconstructed_lora__InstaDeepAI_nucleotide-transformer-v2-500m-multi-species__20260520T222248Z,2,2,0.0026072452310472727,0.0015327204018831253,0.9958600401878357
gue_splice_reconstructed_lora__InstaDeepAI_nucleotide-transformer-v2-500m-multi-species__20260520T222248Z,2,2,0.01432716939598322,0.0011686042416840792,0.984504222869873
gue_splice_reconstructed_lora__InstaDeepAI_nucleotide-transformer-v2-500m-multi-species__20260520T222248Z,0,2,0.18527621030807495,0.002816019346937537,0.8119078278541565
gue_splice_reconstructed_lora__InstaDeepAI_nucleotide-transformer-v2-500m-multi-species__20260520T222248Z,1,1,7.288295455509797e-05,0.9967869520187378,0.0031401892192661762
gue_splice_reconstructed_lora__InstaDeepAI_nucleotide-transformer-v2-500m-multi-species__20260520T222248Z,0,0,0.9744657874107361,0.0004538513603620231,0.02508033625781536
gue_splice_reconstructed_lora__InstaDeepAI_nucleotide-transformer-v2-500m-multi-species__20260520T222248Z,1,1,0.00010925615788437426,0.9973288774490356,0.002561838598921895
gue_splice_reconstructed_lora__InstaDeepAI_nucleotide-transformer-v2-500m-multi-species__20260520T222248Z,0,0,0.9981561303138733,6.16984543739818e-05,0.0017820862121880054
gue_splice_reconstructed_lora__InstaDeepAI_nucleotide-transformer-v2-500m-multi-species__20260520T222248Z,1,1,5.282771962811239e-05,0.9991820454597473,0.0007650089683011174
gue_splice_reconstructed_lora__InstaDeepAI_nucleotide-transformer-v2-500m-multi-species__20260520T222248Z,0,0,0.9829052686691284,0.0006912504904903471,0.016403507441282272
gue_splice_reconstructed_lora__InstaDeepAI_nucleotide-transformer-v2-500m-multi-species__20260520T222248Z,1,1,0.0003435082035139203,0.8341202735900879,0.16553622484207153
gue_splice_reconstructed_lora__InstaDeepAI_nucleotide-transformer-v2-500m-multi-species__20260520T222248Z,2,2,0.018007807433605194,0.0054974365048110485,0.9764947891235352
gue_splice_reconstructed_lora__InstaDeepAI_nucleotide-transformer-v2-500m-multi-species__20260520T222248Z,2,2,0.0013108948478475213,0.027878032997250557,0.970811128616333
gue_splice_reconstructed_lora__InstaDeepAI_nucleotide-transformer-v2-500m-multi-species__20260520T222248Z,2,2,0.0008240272873081267,0.0008720478508621454,0.9983038902282715
gue_splice_reconstructed_lora__InstaDeepAI_nucleotide-transformer-v2-500m-multi-species__20260520T222248Z,2,2,0.0030921674333512783,0.006215924862772226,0.9906918406486511
gue_splice_reconstructed_lora__InstaDeepAI_nucleotide-transformer-v2-500m-multi-species__20260520T222248Z,1,1,7.856770389480516e-05,0.993782103061676,0.006139393430203199
gue_splice_reconstructed_lora__InstaDeepAI_nucleotide-transformer-v2-500m-multi-species__20260520T222248Z,0,0,0.9981662631034851,0.00014486242434941232,0.0016889109974727035
gue_splice_reconstructed_lora__InstaDeepAI_nucleotide-transformer-v2-500m-multi-species__20260520T222248Z,2,2,0.0020721883047372103,0.0071135652251541615,0.9908142685890198
gue_splice_reconstructed_lora__InstaDeepAI_nucleotide-transformer-v2-500m-multi-species__20260520T222248Z,0,0,0.988676905632019,0.0001560562668601051,0.011167068034410477
gue_splice_reconstructed_lora__InstaDeepAI_nucleotide-transformer-v2-500m-multi-species__20260520T222248Z,2,2,0.003311785636469722,0.002835487714037299,0.9938527345657349
gue_splice_reconstructed_lora__InstaDeepAI_nucleotide-transformer-v2-500m-multi-species__20260520T222248Z,1,1,3.671512968139723e-05,0.9986168146133423,0.0013464674120768905
gue_splice_reconstructed_lora__InstaDeepAI_nucleotide-transformer-v2-500m-multi-species__20260520T222248Z,1,1,0.00015999111928977072,0.939264714717865,0.06057525798678398
gue_splice_reconstructed_lora__InstaDeepAI_nucleotide-transformer-v2-500m-multi-species__20260520T222248Z,2,2,0.005412212572991848,0.0007751480443403125,0.9938126802444458
gue_splice_reconstructed_lora__InstaDeepAI_nucleotide-transformer-v2-500m-multi-species__20260520T222248Z,2,2,0.0015257449122145772,0.01293811947107315,0.9855361580848694
gue_splice_reconstructed_lora__InstaDeepAI_nucleotide-transformer-v2-500m-multi-species__20260520T222248Z,2,2,0.010810687206685543,0.0016823364421725273,0.9875069856643677
gue_splice_reconstructed_lora__InstaDeepAI_nucleotide-transformer-v2-500m-multi-species__20260520T222248Z,1,1,3.341211413498968e-05,0.9980972409248352,0.001869324827566743
gue_splice_reconstructed_lora__InstaDeepAI_nucleotide-transformer-v2-500m-multi-species__20260520T222248Z,0,0,0.9340713620185852,0.0003145724185742438,0.06561413407325745
gue_splice_reconstructed_lora__InstaDeepAI_nucleotide-transformer-v2-500m-multi-species__20260520T222248Z,2,2,0.0050239600241184235,0.009115003049373627,0.98586106300354
gue_splice_reconstructed_lora__InstaDeepAI_nucleotide-transformer-v2-500m-multi-species__20260520T222248Z,1,1,5.749723277403973e-05,0.9979471564292908,0.001995423808693886
gue_splice_reconstructed_lora__InstaDeepAI_nucleotide-transformer-v2-500m-multi-species__20260520T222248Z,0,0,0.997352123260498,7.095727778505534e-05,0.0025769532658159733
gue_splice_reconstructed_lora__InstaDeepAI_nucleotide-transformer-v2-500m-multi-species__20260520T222248Z,1,1,6.0296504670986906e-05,0.9986082911491394,0.0013314191019162536
gue_splice_reconstructed_lora__InstaDeepAI_nucleotide-transformer-v2-500m-multi-species__20260520T222248Z,1,1,4.715811155620031e-05,0.9989336133003235,0.0010191744659096003
gue_splice_reconstructed_lora__InstaDeepAI_nucleotide-transformer-v2-500m-multi-species__20260520T222248Z,2,2,0.0013938280753791332,0.0020359454210847616,0.9965702295303345
gue_splice_reconstructed_lora__InstaDeepAI_nucleotide-transformer-v2-500m-multi-species__20260520T222248Z,2,2,0.022360198199748993,0.0016954307211562991,0.9759443998336792
gue_splice_reconstructed_lora__InstaDeepAI_nucleotide-transformer-v2-500m-multi-species__20260520T222248Z,2,2,0.03816433250904083,0.0012449693167582154,0.9605907201766968
gue_splice_reconstructed_lora__InstaDeepAI_nucleotide-transformer-v2-500m-multi-species__20260520T222248Z,1,1,6.075767305446789e-05,0.9984153509140015,0.0015239506028592587
gue_splice_reconstructed_lora__InstaDeepAI_nucleotide-transformer-v2-500m-multi-species__20260520T222248Z,1,1,6.338611274259165e-05,0.9977992177009583,0.0021373271010816097
gue_splice_reconstructed_lora__InstaDeepAI_nucleotide-transformer-v2-500m-multi-species__20260520T222248Z,2,2,0.010131828486919403,0.0017918703379109502,0.9880763292312622
gue_splice_reconstructed_lora__InstaDeepAI_nucleotide-transformer-v2-500m-multi-species__20260520T222248Z,1,1,7.23968114471063e-05,0.9979038238525391,0.0020237925928086042
gue_splice_reconstructed_lora__InstaDeepAI_nucleotide-transformer-v2-500m-multi-species__20260520T222248Z,2,2,0.0037185996770858765,0.0018069988582283258,0.9944743514060974
gue_splice_reconstructed_lora__InstaDeepAI_nucleotide-transformer-v2-500m-multi-species__20260520T222248Z,1,1,7.080544310156256e-05,0.9952179789543152,0.004711161367595196
gue_splice_reconstructed_lora__InstaDeepAI_nucleotide-transformer-v2-500m-multi-species__20260520T222248Z,2,2,0.003386472351849079,0.014496254734694958,0.982117235660553
gue_splice_reconstructed_lora__InstaDeepAI_nucleotide-transformer-v2-500m-multi-species__20260520T222248Z,2,2,0.0071549792774021626,0.0011167097836732864,0.9917282462120056
gue_splice_reconstructed_lora__InstaDeepAI_nucleotide-transformer-v2-500m-multi-species__20260520T222248Z,2,2,0.008062548004090786,0.004762926604598761,0.9871745109558105
gue_splice_reconstructed_lora__InstaDeepAI_nucleotide-transformer-v2-500m-multi-species__20260520T222248Z,2,2,0.006827009376138449,0.0034261373803019524,0.9897468090057373
gue_splice_reconstructed_lora__InstaDeepAI_nucleotide-transformer-v2-500m-multi-species__20260520T222248Z,2,2,0.006584280636161566,0.014311340637505054,0.9791043996810913
gue_splice_reconstructed_lora__InstaDeepAI_nucleotide-transformer-v2-500m-multi-species__20260520T222248Z,2,2,0.006044262088835239,0.002951496746391058,0.991004228591919
gue_splice_reconstructed_lora__InstaDeepAI_nucleotide-transformer-v2-500m-multi-species__20260520T222248Z,2,2,0.0015286474954336882,0.001370270736515522,0.9971010088920593
gue_splice_reconstructed_lora__InstaDeepAI_nucleotide-transformer-v2-500m-multi-species__20260520T222248Z,2,2,0.0018573845736682415,0.003510955022647977,0.9946316480636597
gue_splice_reconstructed_lora__InstaDeepAI_nucleotide-transformer-v2-500m-multi-species__20260520T222248Z,1,1,6.145658699097112e-05,0.9981346130371094,0.001803934806957841
gue_splice_reconstructed_lora__InstaDeepAI_nucleotide-transformer-v2-500m-multi-species__20260520T222248Z,2,2,0.0014188893837854266,0.0017692887922748923,0.9968118071556091
gue_splice_reconstructed_lora__InstaDeepAI_nucleotide-transformer-v2-500m-multi-species__20260520T222248Z,1,1,8.197211718652397e-05,0.9740244150161743,0.025893578305840492
gue_splice_reconstructed_lora__InstaDeepAI_nucleotide-transformer-v2-500m-multi-species__20260520T222248Z,1,1,0.00016343264724127948,0.9957432150840759,0.0040932889096438885
gue_splice_reconstructed_lora__InstaDeepAI_nucleotide-transformer-v2-500m-multi-species__20260520T222248Z,2,2,0.0024352644104510546,0.0015846567694097757,0.9959800243377686
gue_splice_reconstructed_lora__InstaDeepAI_nucleotide-transformer-v2-500m-multi-species__20260520T222248Z,0,0,0.9987072944641113,0.00010257798567181453,0.0011901030084118247
gue_splice_reconstructed_lora__InstaDeepAI_nucleotide-transformer-v2-500m-multi-species__20260520T222248Z,2,2,0.0010576705681160092,0.0010171517496928573,0.9979251623153687
gue_splice_reconstructed_lora__InstaDeepAI_nucleotide-transformer-v2-500m-multi-species__20260520T222248Z,2,2,0.01730467565357685,0.005040867254137993,0.9776545166969299
gue_splice_reconstructed_lora__InstaDeepAI_nucleotide-transformer-v2-500m-multi-species__20260520T222248Z,0,0,0.9961913824081421,8.717735909158364e-05,0.0037213843315839767
gue_splice_reconstructed_lora__InstaDeepAI_nucleotide-transformer-v2-500m-multi-species__20260520T222248Z,2,2,0.0016759851714596152,0.0010027328971773386,0.9973213076591492
gue_splice_reconstructed_lora__InstaDeepAI_nucleotide-transformer-v2-500m-multi-species__20260520T222248Z,0,0,0.9991660118103027,7.05331185599789e-05,0.0007635040092281997
gue_splice_reconstructed_lora__InstaDeepAI_nucleotide-transformer-v2-500m-multi-species__20260520T222248Z,0,0,0.9960132837295532,0.00010270166239934042,0.003884077537804842
gue_splice_reconstructed_lora__InstaDeepAI_nucleotide-transformer-v2-500m-multi-species__20260520T222248Z,2,2,0.0028649605810642242,0.0007665887242183089,0.996368408203125
gue_splice_reconstructed_lora__InstaDeepAI_nucleotide-transformer-v2-500m-multi-species__20260520T222248Z,1,1,5.179229628993198e-05,0.9989190101623535,0.001029161037877202
gue_splice_reconstructed_lora__InstaDeepAI_nucleotide-transformer-v2-500m-multi-species__20260520T222248Z,2,2,0.03437647223472595,0.0005432364414446056,0.9650802612304688
gue_splice_reconstructed_lora__InstaDeepAI_nucleotide-transformer-v2-500m-multi-species__20260520T222248Z,1,1,7.588400330860168e-05,0.9941810965538025,0.005743040237575769
gue_splice_reconstructed_lora__InstaDeepAI_nucleotide-transformer-v2-500m-multi-species__20260520T222248Z,0,0,0.9990577101707458,0.0001943471288541332,0.0007479246123693883
gue_splice_reconstructed_lora__InstaDeepAI_nucleotide-transformer-v2-500m-multi-species__20260520T222248Z,2,2,0.0007830858812667429,0.0030402278061956167,0.9961767196655273
gue_splice_reconstructed_lora__InstaDeepAI_nucleotide-transformer-v2-500m-multi-species__20260520T222248Z,1,1,6.100553582655266e-05,0.9985800981521606,0.0013589671580120921
gue_splice_reconstructed_lora__InstaDeepAI_nucleotide-transformer-v2-500m-multi-species__20260520T222248Z,1,1,5.510520713869482e-05,0.998422384262085,0.001522473874501884
gue_splice_reconstructed_lora__InstaDeepAI_nucleotide-transformer-v2-500m-multi-species__20260520T222248Z,2,2,0.006459240335971117,0.004474184941500425,0.9890666007995605
gue_splice_reconstructed_lora__InstaDeepAI_nucleotide-transformer-v2-500m-multi-species__20260520T222248Z,2,2,0.0030720792710781097,0.0010700089624151587,0.9958578944206238
gue_splice_reconstructed_lora__InstaDeepAI_nucleotide-transformer-v2-500m-multi-species__20260520T222248Z,1,1,0.0001152539043687284,0.9523317813873291,0.047552917152643204
gue_splice_reconstructed_lora__InstaDeepAI_nucleotide-transformer-v2-500m-multi-species__20260520T222248Z,0,0,0.9992257356643677,7.915252353996038e-05,0.0006952198455110192
gue_splice_reconstructed_lora__InstaDeepAI_nucleotide-transformer-v2-500m-multi-species__20260520T222248Z,2,2,0.0024467252660542727,0.0027321858797222376,0.9948210716247559
gue_splice_reconstructed_lora__InstaDeepAI_nucleotide-transformer-v2-500m-multi-species__20260520T222248Z,1,2,0.00145677977707237,0.240959033370018,0.7575842142105103
gue_splice_reconstructed_lora__InstaDeepAI_nucleotide-transformer-v2-500m-multi-species__20260520T222248Z,2,2,0.0004407633387017995,0.058723658323287964,0.9408355951309204
gue_splice_reconstructed_lora__InstaDeepAI_nucleotide-transformer-v2-500m-multi-species__20260520T222248Z,1,1,2.257562846352812e-05,0.9966784715652466,0.0032989780884236097
gue_splice_reconstructed_lora__InstaDeepAI_nucleotide-transformer-v2-500m-multi-species__20260520T222248Z,2,2,0.0031004897318780422,0.0006268345168791711,0.9962726831436157
gue_splice_reconstructed_lora__InstaDeepAI_nucleotide-transformer-v2-500m-multi-species__20260520T222248Z,2,2,0.0013335817493498325,0.00038771561230532825,0.9982787370681763
gue_splice_reconstructed_lora__InstaDeepAI_nucleotide-transformer-v2-500m-multi-species__20260520T222248Z,2,2,0.006850625388324261,0.0009481912129558623,0.9922012090682983
gue_splice_reconstructed_lora__InstaDeepAI_nucleotide-transformer-v2-500m-multi-species__20260520T222248Z,1,1,9.393491200171411e-05,0.99662846326828,0.003277539275586605
gue_splice_reconstructed_lora__InstaDeepAI_nucleotide-transformer-v2-500m-multi-species__20260520T222248Z,1,1,7.744695903966203e-05,0.9989270567893982,0.0009955588029697537
gue_splice_reconstructed_lora__InstaDeepAI_nucleotide-transformer-v2-500m-multi-species__20260520T222248Z,2,2,0.001404444221407175,0.10547661036252975,0.8931189179420471
gue_splice_reconstructed_lora__InstaDeepAI_nucleotide-transformer-v2-500m-multi-species__20260520T222248Z,2,2,0.07643266767263412,0.0027693151496350765,0.9207980036735535
gue_splice_reconstructed_lora__InstaDeepAI_nucleotide-transformer-v2-500m-multi-species__20260520T222248Z,2,2,0.00343950092792511,0.006826918106526136,0.9897336363792419
gue_splice_reconstructed_lora__InstaDeepAI_nucleotide-transformer-v2-500m-multi-species__20260520T222248Z,2,2,0.0068019055761396885,0.0012956334976479411,0.9919024109840393
gue_splice_reconstructed_lora__InstaDeepAI_nucleotide-transformer-v2-500m-multi-species__20260520T222248Z,1,1,0.0004769230436068028,0.6728706359863281,0.3266524374485016
gue_splice_reconstructed_lora__InstaDeepAI_nucleotide-transformer-v2-500m-multi-species__20260520T222248Z,1,1,4.060379433212802e-05,0.9938387274742126,0.006120661273598671
gue_splice_reconstructed_lora__InstaDeepAI_nucleotide-transformer-v2-500m-multi-species__20260520T222248Z,1,1,0.000743820215575397,0.7018035054206848,0.2974526286125183
gue_splice_reconstructed_lora__InstaDeepAI_nucleotide-transformer-v2-500m-multi-species__20260520T222248Z,2,2,0.002787622855976224,0.002809486584737897,0.9944029450416565
gue_splice_reconstructed_lora__InstaDeepAI_nucleotide-transformer-v2-500m-multi-species__20260520T222248Z,0,0,0.9988477230072021,8.84401670191437e-05,0.0010638302192091942
gue_splice_reconstructed_lora__InstaDeepAI_nucleotide-transformer-v2-500m-multi-species__20260520T222248Z,0,0,0.9976193308830261,0.00014226027997210622,0.0022384023759514093
gue_splice_reconstructed_lora__InstaDeepAI_nucleotide-transformer-v2-500m-multi-species__20260520T222248Z,2,2,0.0009352841298095882,0.11142687499523163,0.8876378536224365
gue_splice_reconstructed_lora__InstaDeepAI_nucleotide-transformer-v2-500m-multi-species__20260520T222248Z,2,1,0.00022471796546597034,0.9938855767250061,0.005889694206416607
gue_splice_reconstructed_lora__InstaDeepAI_nucleotide-transformer-v2-500m-multi-species__20260520T222248Z,1,1,6.300648237811401e-05,0.9879564642906189,0.011980557814240456
gue_splice_reconstructed_lora__InstaDeepAI_nucleotide-transformer-v2-500m-multi-species__20260520T222248Z,0,0,0.7617068886756897,0.0011723370989784598,0.23712077736854553
gue_splice_reconstructed_lora__InstaDeepAI_nucleotide-transformer-v2-500m-multi-species__20260520T222248Z,2,2,0.004994688089936972,0.0023662454914301634,0.9926390647888184
gue_splice_reconstructed_lora__InstaDeepAI_nucleotide-transformer-v2-500m-multi-species__20260520T222248Z,0,0,0.9985338449478149,0.00018826893938239664,0.0012778196251019835
gue_splice_reconstructed_lora__InstaDeepAI_nucleotide-transformer-v2-500m-multi-species__20260520T222248Z,1,1,0.00010064720117952675,0.9837443232536316,0.01615508832037449
gue_splice_reconstructed_lora__InstaDeepAI_nucleotide-transformer-v2-500m-multi-species__20260520T222248Z,2,2,0.0015592296840623021,0.0010633021593093872,0.9973775148391724
gue_splice_reconstructed_lora__InstaDeepAI_nucleotide-transformer-v2-500m-multi-species__20260520T222248Z,0,0,0.9988800883293152,8.878919470589608e-05,0.0010311329970136285
gue_splice_reconstructed_lora__InstaDeepAI_nucleotide-transformer-v2-500m-multi-species__20260520T222248Z,2,2,0.009389313869178295,0.0034373109228909016,0.987173318862915
gue_splice_reconstructed_lora__InstaDeepAI_nucleotide-transformer-v2-500m-multi-species__20260520T222248Z,1,2,0.0008208603248931468,0.04467543959617615,0.9545037150382996
gue_splice_reconstructed_lora__InstaDeepAI_nucleotide-transformer-v2-500m-multi-species__20260520T222248Z,2,2,0.0062156603671610355,0.0031346003524959087,0.9906497597694397
gue_splice_reconstructed_lora__InstaDeepAI_nucleotide-transformer-v2-500m-multi-species__20260520T222248Z,2,2,0.0008206248166970909,0.0011064301943406463,0.9980728626251221
gue_splice_reconstructed_lora__InstaDeepAI_nucleotide-transformer-v2-500m-multi-species__20260520T222248Z,2,2,0.0027568035293370485,0.0002968751359730959,0.9969462752342224
gue_splice_reconstructed_lora__InstaDeepAI_nucleotide-transformer-v2-500m-multi-species__20260520T222248Z,2,2,0.000653702998533845,0.0040674773044884205,0.9952788352966309
gue_splice_reconstructed_lora__InstaDeepAI_nucleotide-transformer-v2-500m-multi-species__20260520T222248Z,2,2,0.2357855886220932,0.001601171214133501,0.7626131772994995
gue_splice_reconstructed_lora__InstaDeepAI_nucleotide-transformer-v2-500m-multi-species__20260520T222248Z,2,2,0.016393788158893585,0.00104342435952276,0.982562780380249
gue_splice_reconstructed_lora__InstaDeepAI_nucleotide-transformer-v2-500m-multi-species__20260520T222248Z,2,2,0.0009076370624825358,0.0018015297828242183,0.9972907900810242
gue_splice_reconstructed_lora__InstaDeepAI_nucleotide-transformer-v2-500m-multi-species__20260520T222248Z,2,2,0.0005525543820112944,0.0004058395861648023,0.9990416169166565
gue_splice_reconstructed_lora__InstaDeepAI_nucleotide-transformer-v2-500m-multi-species__20260520T222248Z,1,1,2.6978106689057313e-05,0.9990467429161072,0.0009262632229365408
gue_splice_reconstructed_lora__InstaDeepAI_nucleotide-transformer-v2-500m-multi-species__20260520T222248Z,2,2,0.008291288278996944,0.004874196834862232,0.9868344664573669
gue_splice_reconstructed_lora__InstaDeepAI_nucleotide-transformer-v2-500m-multi-species__20260520T222248Z,2,2,0.004587113857269287,0.0039044548757374287,0.9915084838867188
gue_splice_reconstructed_lora__InstaDeepAI_nucleotide-transformer-v2-500m-multi-species__20260520T222248Z,0,0,0.9422512054443359,0.001086158212274313,0.05666261538863182
gue_splice_reconstructed_lora__InstaDeepAI_nucleotide-transformer-v2-500m-multi-species__20260520T222248Z,2,2,0.0017373313894495368,0.005981541704386473,0.9922811388969421
gue_splice_reconstructed_lora__InstaDeepAI_nucleotide-transformer-v2-500m-multi-species__20260520T222248Z,2,2,0.0071619669906795025,0.001110185170546174,0.9917278289794922
gue_splice_reconstructed_lora__InstaDeepAI_nucleotide-transformer-v2-500m-multi-species__20260520T222248Z,0,0,0.9935343265533447,0.00015081517631188035,0.006314944941550493
gue_splice_reconstructed_lora__InstaDeepAI_nucleotide-transformer-v2-500m-multi-species__20260520T222248Z,1,1,9.496747225057334e-05,0.953961193561554,0.045943841338157654
gue_splice_reconstructed_lora__InstaDeepAI_nucleotide-transformer-v2-500m-multi-species__20260520T222248Z,2,2,0.0021199726033955812,0.003823808627203107,0.994056224822998
gue_splice_reconstructed_lora__InstaDeepAI_nucleotide-transformer-v2-500m-multi-species__20260520T222248Z,2,2,0.00182811776176095,0.005736456252634525,0.9924353957176208
gue_splice_reconstructed_lora__InstaDeepAI_nucleotide-transformer-v2-500m-multi-species__20260520T222248Z,0,0,0.9993334412574768,9.291086462326348e-05,0.0005736119928769767
gue_splice_reconstructed_lora__InstaDeepAI_nucleotide-transformer-v2-500m-multi-species__20260520T222248Z,2,2,0.032122738659381866,0.01153227873146534,0.9563450217247009
gue_splice_reconstructed_lora__InstaDeepAI_nucleotide-transformer-v2-500m-multi-species__20260520T222248Z,2,2,0.011429039761424065,0.0006228121346794069,0.9879481196403503
gue_splice_reconstructed_lora__InstaDeepAI_nucleotide-transformer-v2-500m-multi-species__20260520T222248Z,2,2,0.0047735851258039474,0.001970588229596615,0.9932558536529541
gue_splice_reconstructed_lora__InstaDeepAI_nucleotide-transformer-v2-500m-multi-species__20260520T222248Z,1,1,6.006250623613596e-05,0.9679017663002014,0.03203815221786499
gue_splice_reconstructed_lora__InstaDeepAI_nucleotide-transformer-v2-500m-multi-species__20260520T222248Z,1,1,4.7697743866592646e-05,0.998593270778656,0.0013589850859716535
gue_splice_reconstructed_lora__InstaDeepAI_nucleotide-transformer-v2-500m-multi-species__20260520T222248Z,1,1,0.0007815815624780953,0.7758466005325317,0.22337178885936737
gue_splice_reconstructed_lora__InstaDeepAI_nucleotide-transformer-v2-500m-multi-species__20260520T222248Z,1,1,3.560673212632537e-05,0.9992119073867798,0.0007524359389208257
gue_splice_reconstructed_lora__InstaDeepAI_nucleotide-transformer-v2-500m-multi-species__20260520T222248Z,2,2,0.0023740348406136036,0.003662641393020749,0.9939633011817932
gue_splice_reconstructed_lora__InstaDeepAI_nucleotide-transformer-v2-500m-multi-species__20260520T222248Z,2,2,0.0016638919478282332,0.010142927058041096,0.9881932139396667
gue_splice_reconstructed_lora__InstaDeepAI_nucleotide-transformer-v2-500m-multi-species__20260520T222248Z,1,1,0.00015377317322418094,0.9856964349746704,0.014149737544357777
gue_splice_reconstructed_lora__InstaDeepAI_nucleotide-transformer-v2-500m-multi-species__20260520T222248Z,2,2,0.00812789611518383,0.0025105387903749943,0.989361584186554
gue_splice_reconstructed_lora__InstaDeepAI_nucleotide-transformer-v2-500m-multi-species__20260520T222248Z,1,1,0.00017200980801135302,0.5038195252418518,0.4960085153579712
gue_splice_reconstructed_lora__InstaDeepAI_nucleotide-transformer-v2-500m-multi-species__20260520T222248Z,1,1,0.0001874873851193115,0.9982806444168091,0.0015319512458518147
gue_splice_reconstructed_lora__InstaDeepAI_nucleotide-transformer-v2-500m-multi-species__20260520T222248Z,2,2,0.0013748216442763805,0.002112794667482376,0.9965123534202576
gue_splice_reconstructed_lora__InstaDeepAI_nucleotide-transformer-v2-500m-multi-species__20260520T222248Z,1,1,0.00013597802899312228,0.9954308271408081,0.004433162044733763
gue_splice_reconstructed_lora__InstaDeepAI_nucleotide-transformer-v2-500m-multi-species__20260520T222248Z,1,1,4.362097388366237e-05,0.9990904331207275,0.0008659431478008628
gue_splice_reconstructed_lora__InstaDeepAI_nucleotide-transformer-v2-500m-multi-species__20260520T222248Z,1,1,6.57873461022973e-05,0.9959253072738647,0.0040089744143188
gue_splice_reconstructed_lora__InstaDeepAI_nucleotide-transformer-v2-500m-multi-species__20260520T222248Z,2,2,0.0009655387257225811,0.00045165582560002804,0.9985828399658203
gue_splice_reconstructed_lora__InstaDeepAI_nucleotide-transformer-v2-500m-multi-species__20260520T222248Z,2,2,0.006673148367553949,0.0005229366943240166,0.9928038716316223
gue_splice_reconstructed_lora__InstaDeepAI_nucleotide-transformer-v2-500m-multi-species__20260520T222248Z,2,2,0.007616784423589706,0.0006095487042330205,0.9917736649513245
gue_splice_reconstructed_lora__InstaDeepAI_nucleotide-transformer-v2-500m-multi-species__20260520T222248Z,2,2,0.006449578329920769,0.002097965218126774,0.9914524555206299
gue_splice_reconstructed_lora__InstaDeepAI_nucleotide-transformer-v2-500m-multi-species__20260520T222248Z,0,2,0.02661612257361412,0.0034573469310998917,0.9699264764785767
gue_splice_reconstructed_lora__InstaDeepAI_nucleotide-transformer-v2-500m-multi-species__20260520T222248Z,2,2,0.0006483278702944517,0.06478885561227798,0.9345628619194031
gue_splice_reconstructed_lora__InstaDeepAI_nucleotide-transformer-v2-500m-multi-species__20260520T222248Z,1,1,0.00011885233834618703,0.989767849445343,0.0101133082062006
gue_splice_reconstructed_lora__InstaDeepAI_nucleotide-transformer-v2-500m-multi-species__20260520T222248Z,0,0,0.9927006959915161,0.0002655019052326679,0.007033764850348234
gue_splice_reconstructed_lora__InstaDeepAI_nucleotide-transformer-v2-500m-multi-species__20260520T222248Z,1,1,8.77264465088956e-05,0.9946646690368652,0.00524763111025095
gue_splice_reconstructed_lora__InstaDeepAI_nucleotide-transformer-v2-500m-multi-species__20260520T222248Z,1,1,9.355472138850018e-05,0.9964796900749207,0.0034267809242010117
gue_splice_reconstructed_lora__InstaDeepAI_nucleotide-transformer-v2-500m-multi-species__20260520T222248Z,2,2,0.0019480042392387986,0.008478288538753986,0.9895736575126648
gue_splice_reconstructed_lora__InstaDeepAI_nucleotide-transformer-v2-500m-multi-species__20260520T222248Z,2,2,0.012563223950564861,0.00584814976900816,0.98158860206604
gue_splice_reconstructed_lora__InstaDeepAI_nucleotide-transformer-v2-500m-multi-species__20260520T222248Z,1,1,2.6984323994838633e-05,0.9992770552635193,0.0006959348102100194
gue_splice_reconstructed_lora__InstaDeepAI_nucleotide-transformer-v2-500m-multi-species__20260520T222248Z,1,1,0.00015867727051954716,0.9955125451087952,0.004328709561377764
gue_splice_reconstructed_lora__InstaDeepAI_nucleotide-transformer-v2-500m-multi-species__20260520T222248Z,2,2,0.0005189622170291841,0.0006598848267458379,0.9988210797309875
gue_splice_reconstructed_lora__InstaDeepAI_nucleotide-transformer-v2-500m-multi-species__20260520T222248Z,2,2,0.0004220281552989036,0.00048480360419489443,0.9990931749343872
gue_splice_reconstructed_lora__InstaDeepAI_nucleotide-transformer-v2-500m-multi-species__20260520T222248Z,1,1,8.603609603596851e-05,0.9986322522163391,0.0012816950911656022
gue_splice_reconstructed_lora__InstaDeepAI_nucleotide-transformer-v2-500m-multi-species__20260520T222248Z,2,2,0.0006603609072044492,0.0017483351984992623,0.9975913763046265
gue_splice_reconstructed_lora__InstaDeepAI_nucleotide-transformer-v2-500m-multi-species__20260520T222248Z,1,1,0.00024436338571831584,0.9898384809494019,0.00991719588637352
gue_splice_reconstructed_lora__InstaDeepAI_nucleotide-transformer-v2-500m-multi-species__20260520T222248Z,2,2,0.0011720306938514113,0.009506726637482643,0.989321231842041
gue_splice_reconstructed_lora__InstaDeepAI_nucleotide-transformer-v2-500m-multi-species__20260520T222248Z,1,1,6.509910599561408e-05,0.9971231818199158,0.0028116751927882433
gue_splice_reconstructed_lora__InstaDeepAI_nucleotide-transformer-v2-500m-multi-species__20260520T222248Z,1,1,5.334281377145089e-05,0.9971702694892883,0.00277633685618639
gue_splice_reconstructed_lora__InstaDeepAI_nucleotide-transformer-v2-500m-multi-species__20260520T222248Z,0,0,0.9992250204086304,8.642410102766007e-05,0.0006884632166475058
gue_splice_reconstructed_lora__InstaDeepAI_nucleotide-transformer-v2-500m-multi-species__20260520T222248Z,0,0,0.9761241674423218,0.0003371884231455624,0.02353867143392563
gue_splice_reconstructed_lora__InstaDeepAI_nucleotide-transformer-v2-500m-multi-species__20260520T222248Z,1,1,0.00032679166179150343,0.5286039710044861,0.47106924653053284
gue_splice_reconstructed_lora__InstaDeepAI_nucleotide-transformer-v2-500m-multi-species__20260520T222248Z,2,2,0.0014067554147914052,0.0006074060802347958,0.99798583984375
gue_splice_reconstructed_lora__InstaDeepAI_nucleotide-transformer-v2-500m-multi-species__20260520T222248Z,0,0,0.9962922930717468,0.0009120567701756954,0.002795648295432329
gue_splice_reconstructed_lora__InstaDeepAI_nucleotide-transformer-v2-500m-multi-species__20260520T222248Z,0,2,0.1105269119143486,0.003830342786386609,0.8856427669525146
gue_splice_reconstructed_lora__InstaDeepAI_nucleotide-transformer-v2-500m-multi-species__20260520T222248Z,2,2,0.003017603186890483,0.007253005634993315,0.9897294044494629
gue_splice_reconstructed_lora__InstaDeepAI_nucleotide-transformer-v2-500m-multi-species__20260520T222248Z,2,2,0.0012752774637192488,0.0031501834746450186,0.9955745935440063
gue_splice_reconstructed_lora__InstaDeepAI_nucleotide-transformer-v2-500m-multi-species__20260520T222248Z,1,1,0.00018823287973646075,0.9983426332473755,0.0014690444804728031
gue_splice_reconstructed_lora__InstaDeepAI_nucleotide-transformer-v2-500m-multi-species__20260520T222248Z,2,2,0.009447109885513783,0.0006920751184225082,0.9898607730865479
gue_splice_reconstructed_lora__InstaDeepAI_nucleotide-transformer-v2-500m-multi-species__20260520T222248Z,2,2,0.004870038013905287,0.0004335085686761886,0.9946963787078857
gue_splice_reconstructed_lora__InstaDeepAI_nucleotide-transformer-v2-500m-multi-species__20260520T222248Z,2,2,0.006795378867536783,0.002254046965390444,0.9909505844116211
gue_splice_reconstructed_lora__InstaDeepAI_nucleotide-transformer-v2-500m-multi-species__20260520T222248Z,0,0,0.9994913339614868,4.213096690364182e-05,0.0004664169391617179
gue_splice_reconstructed_lora__InstaDeepAI_nucleotide-transformer-v2-500m-multi-species__20260520T222248Z,2,2,0.0005419920780695975,0.006023684982210398,0.9934343099594116
gue_splice_reconstructed_lora__InstaDeepAI_nucleotide-transformer-v2-500m-multi-species__20260520T222248Z,1,1,0.00010374657722422853,0.9983171224594116,0.0015790954930707812
gue_splice_reconstructed_lora__InstaDeepAI_nucleotide-transformer-v2-500m-multi-species__20260520T222248Z,0,0,0.9995172023773193,5.3468364058062434e-05,0.00042927509639412165
gue_splice_reconstructed_lora__InstaDeepAI_nucleotide-transformer-v2-500m-multi-species__20260520T222248Z,2,2,0.018694521859288216,0.0025925568770617247,0.9787129163742065
gue_splice_reconstructed_lora__InstaDeepAI_nucleotide-transformer-v2-500m-multi-species__20260520T222248Z,2,2,0.008438494056463242,0.007593823596835136,0.9839677214622498
gue_splice_reconstructed_lora__InstaDeepAI_nucleotide-transformer-v2-500m-multi-species__20260520T222248Z,2,2,0.022189131006598473,0.005779907573014498,0.9720309972763062
gue_splice_reconstructed_lora__InstaDeepAI_nucleotide-transformer-v2-500m-multi-species__20260520T222248Z,2,2,0.013835887424647808,0.0038010352291166782,0.9823631048202515
gue_splice_reconstructed_lora__InstaDeepAI_nucleotide-transformer-v2-500m-multi-species__20260520T222248Z,0,0,0.9974077343940735,9.437629341846332e-05,0.002497808076441288
gue_splice_reconstructed_lora__InstaDeepAI_nucleotide-transformer-v2-500m-multi-species__20260520T222248Z,2,2,0.004377355333417654,0.0050137643702328205,0.9906089305877686
gue_splice_reconstructed_lora__InstaDeepAI_nucleotide-transformer-v2-500m-multi-species__20260520T222248Z,2,2,0.005070053972303867,0.003902560332790017,0.9910274147987366
gue_splice_reconstructed_lora__InstaDeepAI_nucleotide-transformer-v2-500m-multi-species__20260520T222248Z,2,2,0.03371238335967064,0.0006244182004593313,0.9656631946563721
gue_splice_reconstructed_lora__InstaDeepAI_nucleotide-transformer-v2-500m-multi-species__20260520T222248Z,2,2,0.05242358520627022,0.006244312040507793,0.9413321614265442
gue_splice_reconstructed_lora__InstaDeepAI_nucleotide-transformer-v2-500m-multi-species__20260520T222248Z,1,1,7.666739838896319e-05,0.998576283454895,0.0013470703270286322
gue_splice_reconstructed_lora__InstaDeepAI_nucleotide-transformer-v2-500m-multi-species__20260520T222248Z,2,2,0.0010785899357870221,0.002889276249334216,0.996032178401947
gue_splice_reconstructed_lora__InstaDeepAI_nucleotide-transformer-v2-500m-multi-species__20260520T222248Z,2,2,0.0019000277388840914,0.044143129140138626,0.9539568424224854
gue_splice_reconstructed_lora__InstaDeepAI_nucleotide-transformer-v2-500m-multi-species__20260520T222248Z,0,0,0.9986960291862488,0.00011510517651913688,0.0011889279121533036
gue_splice_reconstructed_lora__InstaDeepAI_nucleotide-transformer-v2-500m-multi-species__20260520T222248Z,1,1,0.00010121661762241274,0.9970692992210388,0.002829426433891058
gue_splice_reconstructed_lora__InstaDeepAI_nucleotide-transformer-v2-500m-multi-species__20260520T222248Z,0,2,0.14360864460468292,0.0020807257387787104,0.8543106913566589
gue_splice_reconstructed_lora__InstaDeepAI_nucleotide-transformer-v2-500m-multi-species__20260520T222248Z,1,1,0.00012342930131126195,0.9962588548660278,0.003617716720327735
gue_splice_reconstructed_lora__InstaDeepAI_nucleotide-transformer-v2-500m-multi-species__20260520T222248Z,2,2,0.005709732882678509,0.00936790369451046,0.9849222898483276
gue_splice_reconstructed_lora__InstaDeepAI_nucleotide-transformer-v2-500m-multi-species__20260520T222248Z,2,2,0.011439329944550991,0.022157814353704453,0.9664028882980347
gue_splice_reconstructed_lora__InstaDeepAI_nucleotide-transformer-v2-500m-multi-species__20260520T222248Z,1,1,4.1497867641737685e-05,0.9960766434669495,0.0038819548208266497
gue_splice_reconstructed_lora__InstaDeepAI_nucleotide-transformer-v2-500m-multi-species__20260520T222248Z,1,1,9.315277566201985e-05,0.9960818886756897,0.00382505776360631
gue_splice_reconstructed_lora__InstaDeepAI_nucleotide-transformer-v2-500m-multi-species__20260520T222248Z,2,2,0.000522846938110888,0.0049028415232896805,0.9945743680000305
gue_splice_reconstructed_lora__InstaDeepAI_nucleotide-transformer-v2-500m-multi-species__20260520T222248Z,2,2,0.0031558212358504534,0.0004613478959072381,0.9963828325271606
gue_splice_reconstructed_lora__InstaDeepAI_nucleotide-transformer-v2-500m-multi-species__20260520T222248Z,2,2,0.0011202495079487562,0.1445901244878769,0.8542895913124084
gue_splice_reconstructed_lora__InstaDeepAI_nucleotide-transformer-v2-500m-multi-species__20260520T222248Z,0,0,0.9995872378349304,3.942786133848131e-05,0.0003733512421604246
gue_splice_reconstructed_lora__InstaDeepAI_nucleotide-transformer-v2-500m-multi-species__20260520T222248Z,2,2,0.0019157289061695337,0.001828001462854445,0.9962562322616577
gue_splice_reconstructed_lora__InstaDeepAI_nucleotide-transformer-v2-500m-multi-species__20260520T222248Z,2,2,0.005678148008882999,0.0013645761646330357,0.9929572343826294
gue_splice_reconstructed_lora__InstaDeepAI_nucleotide-transformer-v2-500m-multi-species__20260520T222248Z,2,2,0.01442547608166933,0.0025092209689319134,0.9830652475357056
gue_splice_reconstructed_lora__InstaDeepAI_nucleotide-transformer-v2-500m-multi-species__20260520T222248Z,2,2,0.003567194100469351,0.0025073846336454153,0.9939253926277161
gue_splice_reconstructed_lora__InstaDeepAI_nucleotide-transformer-v2-500m-multi-species__20260520T222248Z,2,1,0.0004276628897059709,0.8830594420433044,0.11651289463043213
gue_splice_reconstructed_lora__InstaDeepAI_nucleotide-transformer-v2-500m-multi-species__20260520T222248Z,2,2,0.0042830887250602245,0.0005440021050162613,0.995172917842865
gue_splice_reconstructed_lora__InstaDeepAI_nucleotide-transformer-v2-500m-multi-species__20260520T222248Z,1,1,0.00011685704521369189,0.9923452734947205,0.007537903264164925
gue_splice_reconstructed_lora__InstaDeepAI_nucleotide-transformer-v2-500m-multi-species__20260520T222248Z,1,1,2.9289440135471523e-05,0.9992167949676514,0.0007539107464253902
gue_splice_reconstructed_lora__InstaDeepAI_nucleotide-transformer-v2-500m-multi-species__20260520T222248Z,2,2,0.014960275031626225,0.0026691644452512264,0.9823706150054932
gue_splice_reconstructed_lora__InstaDeepAI_nucleotide-transformer-v2-500m-multi-species__20260520T222248Z,2,2,0.0006018358981236815,0.0008604079484939575,0.9985377788543701
gue_splice_reconstructed_lora__InstaDeepAI_nucleotide-transformer-v2-500m-multi-species__20260520T222248Z,1,1,3.144522270304151e-05,0.9960256814956665,0.003942884970456362
gue_splice_reconstructed_lora__InstaDeepAI_nucleotide-transformer-v2-500m-multi-species__20260520T222248Z,2,2,0.0011509445030242205,0.013953076675534248,0.9848959445953369
gue_splice_reconstructed_lora__InstaDeepAI_nucleotide-transformer-v2-500m-multi-species__20260520T222248Z,0,0,0.9987108707427979,0.00012543637421913445,0.0011636742856353521
gue_splice_reconstructed_lora__InstaDeepAI_nucleotide-transformer-v2-500m-multi-species__20260520T222248Z,0,0,0.9801540374755859,0.0008058917592279613,0.019040105864405632
gue_splice_reconstructed_lora__InstaDeepAI_nucleotide-transformer-v2-500m-multi-species__20260520T222248Z,0,0,0.9992284774780273,5.558224074775353e-05,0.0007158908993005753
gue_splice_reconstructed_lora__InstaDeepAI_nucleotide-transformer-v2-500m-multi-species__20260520T222248Z,0,0,0.9976209998130798,4.9163914809469134e-05,0.002329848473891616
gue_splice_reconstructed_lora__InstaDeepAI_nucleotide-transformer-v2-500m-multi-species__20260520T222248Z,2,1,0.00014177059347275645,0.9711551666259766,0.028703005984425545
gue_splice_reconstructed_lora__InstaDeepAI_nucleotide-transformer-v2-500m-multi-species__20260520T222248Z,0,0,0.9971484541893005,0.0002485837903805077,0.0026029811706393957
gue_splice_reconstructed_lora__InstaDeepAI_nucleotide-transformer-v2-500m-multi-species__20260520T222248Z,0,0,0.9990599751472473,5.099652480566874e-05,0.0008890522294677794
gue_splice_reconstructed_lora__InstaDeepAI_nucleotide-transformer-v2-500m-multi-species__20260520T222248Z,2,2,0.003569109598174691,0.003912251442670822,0.9925186634063721
gue_splice_reconstructed_lora__InstaDeepAI_nucleotide-transformer-v2-500m-multi-species__20260520T222248Z,1,1,6.501470488728955e-05,0.9919480681419373,0.007986892946064472
gue_splice_reconstructed_lora__InstaDeepAI_nucleotide-transformer-v2-500m-multi-species__20260520T222248Z,2,2,0.013088714331388474,0.0020003702957183123,0.9849108457565308
gue_splice_reconstructed_lora__InstaDeepAI_nucleotide-transformer-v2-500m-multi-species__20260520T222248Z,2,2,0.001404422684572637,0.036683302372694016,0.9619122743606567
gue_splice_reconstructed_lora__InstaDeepAI_nucleotide-transformer-v2-500m-multi-species__20260520T222248Z,2,2,0.00185768969822675,0.0014022578252479434,0.9967400431632996
gue_splice_reconstructed_lora__InstaDeepAI_nucleotide-transformer-v2-500m-multi-species__20260520T222248Z,0,0,0.9961639642715454,7.99962435849011e-05,0.003755965968593955
gue_splice_reconstructed_lora__InstaDeepAI_nucleotide-transformer-v2-500m-multi-species__20260520T222248Z,2,2,0.003743247827515006,0.12566573917865753,0.8705910444259644
gue_splice_reconstructed_lora__InstaDeepAI_nucleotide-transformer-v2-500m-multi-species__20260520T222248Z,1,1,0.00010646944429026917,0.9968835711479187,0.0030098778661340475
gue_splice_reconstructed_lora__InstaDeepAI_nucleotide-transformer-v2-500m-multi-species__20260520T222248Z,1,1,9.560793114360422e-05,0.9947590231895447,0.005145364440977573
gue_splice_reconstructed_lora__InstaDeepAI_nucleotide-transformer-v2-500m-multi-species__20260520T222248Z,2,2,0.026786722242832184,0.001824640203267336,0.9713886380195618
gue_splice_reconstructed_lora__InstaDeepAI_nucleotide-transformer-v2-500m-multi-species__20260520T222248Z,1,1,4.7035766328917816e-05,0.9963420033454895,0.0036109588108956814
gue_splice_reconstructed_lora__InstaDeepAI_nucleotide-transformer-v2-500m-multi-species__20260520T222248Z,2,2,0.010546515695750713,0.026077397167682648,0.9633761048316956
gue_splice_reconstructed_lora__InstaDeepAI_nucleotide-transformer-v2-500m-multi-species__20260520T222248Z,0,0,0.9985353946685791,0.0001043790762196295,0.0013602341059595346
gue_splice_reconstructed_lora__InstaDeepAI_nucleotide-transformer-v2-500m-multi-species__20260520T222248Z,2,2,0.00027752944151870906,0.023014869540929794,0.9767076373100281
gue_splice_reconstructed_lora__InstaDeepAI_nucleotide-transformer-v2-500m-multi-species__20260520T222248Z,0,0,0.9912868142127991,0.0008392766467295587,0.007873909547924995
gue_splice_reconstructed_lora__InstaDeepAI_nucleotide-transformer-v2-500m-multi-species__20260520T222248Z,2,2,0.006677734665572643,0.0032259896397590637,0.9900963306427002
gue_splice_reconstructed_lora__InstaDeepAI_nucleotide-transformer-v2-500m-multi-species__20260520T222248Z,2,2,0.009547224268317223,0.002239057794213295,0.9882136583328247
gue_splice_reconstructed_lora__InstaDeepAI_nucleotide-transformer-v2-500m-multi-species__20260520T222248Z,2,2,0.0014849611325189471,0.0030588677618652582,0.9954562187194824
gue_splice_reconstructed_lora__InstaDeepAI_nucleotide-transformer-v2-500m-multi-species__20260520T222248Z,1,1,3.6110912333242595e-05,0.9976498484611511,0.002314042765647173
gue_splice_reconstructed_lora__InstaDeepAI_nucleotide-transformer-v2-500m-multi-species__20260520T222248Z,2,2,0.00887305848300457,0.0014534463407471776,0.9896734952926636
gue_splice_reconstructed_lora__InstaDeepAI_nucleotide-transformer-v2-500m-multi-species__20260520T222248Z,2,2,0.00037120631895959377,0.0018943685572594404,0.9977344274520874
gue_splice_reconstructed_lora__InstaDeepAI_nucleotide-transformer-v2-500m-multi-species__20260520T222248Z,2,2,0.029418200254440308,0.0005344263627193868,0.9700474143028259
gue_splice_reconstructed_lora__InstaDeepAI_nucleotide-transformer-v2-500m-multi-species__20260520T222248Z,2,2,0.001317989663220942,0.0033656044397503138,0.9953163862228394
gue_splice_reconstructed_lora__InstaDeepAI_nucleotide-transformer-v2-500m-multi-species__20260520T222248Z,2,2,0.003088451223447919,0.003537470940500498,0.9933740496635437
gue_splice_reconstructed_lora__InstaDeepAI_nucleotide-transformer-v2-500m-multi-species__20260520T222248Z,2,2,0.005693039391189814,0.0026269061490893364,0.9916800856590271
gue_splice_reconstructed_lora__InstaDeepAI_nucleotide-transformer-v2-500m-multi-species__20260520T222248Z,2,2,0.005377774126827717,0.0003599367046263069,0.9942623376846313
gue_splice_reconstructed_lora__InstaDeepAI_nucleotide-transformer-v2-500m-multi-species__20260520T222248Z,0,0,0.9980756044387817,0.00014770615962333977,0.0017767295939847827
gue_splice_reconstructed_lora__InstaDeepAI_nucleotide-transformer-v2-500m-multi-species__20260520T222248Z,2,2,0.001215749653056264,0.002188576851040125,0.9965956807136536
gue_splice_reconstructed_lora__InstaDeepAI_nucleotide-transformer-v2-500m-multi-species__20260520T222248Z,2,2,0.0005210735253058374,0.0005040563410148025,0.9989749193191528
gue_splice_reconstructed_lora__InstaDeepAI_nucleotide-transformer-v2-500m-multi-species__20260520T222248Z,2,2,0.000998583622276783,0.019293425604701042,0.9797080159187317
gue_splice_reconstructed_lora__InstaDeepAI_nucleotide-transformer-v2-500m-multi-species__20260520T222248Z,2,2,0.0034236025530844927,0.0036909678019583225,0.992885410785675
gue_splice_reconstructed_lora__InstaDeepAI_nucleotide-transformer-v2-500m-multi-species__20260520T222248Z,0,0,0.9984720349311829,4.8632591642672196e-05,0.001479312777519226
gue_splice_reconstructed_lora__InstaDeepAI_nucleotide-transformer-v2-500m-multi-species__20260520T222248Z,2,2,0.0007828944362699986,0.0013369607040658593,0.997880220413208
gue_splice_reconstructed_lora__InstaDeepAI_nucleotide-transformer-v2-500m-multi-species__20260520T222248Z,2,2,0.09195075929164886,0.00044909355347044766,0.9076001644134521
gue_splice_reconstructed_lora__InstaDeepAI_nucleotide-transformer-v2-500m-multi-species__20260520T222248Z,0,0,0.9990360736846924,9.639481868362054e-05,0.0008675888529978693
gue_splice_reconstructed_lora__InstaDeepAI_nucleotide-transformer-v2-500m-multi-species__20260520T222248Z,2,2,0.0003918502479791641,0.000488618912640959,0.9991195797920227
gue_splice_reconstructed_lora__InstaDeepAI_nucleotide-transformer-v2-500m-multi-species__20260520T222248Z,2,2,0.015776410698890686,0.001956414431333542,0.9822672009468079
gue_splice_reconstructed_lora__InstaDeepAI_nucleotide-transformer-v2-500m-multi-species__20260520T222248Z,2,2,0.0009232665179297328,0.006175273563712835,0.9929013848304749
gue_splice_reconstructed_lora__InstaDeepAI_nucleotide-transformer-v2-500m-multi-species__20260520T222248Z,2,2,0.0007702680304646492,0.03455040976405144,0.9646793007850647
gue_splice_reconstructed_lora__InstaDeepAI_nucleotide-transformer-v2-500m-multi-species__20260520T222248Z,2,2,0.005018400959670544,0.012132938019931316,0.982848584651947
gue_splice_reconstructed_lora__InstaDeepAI_nucleotide-transformer-v2-500m-multi-species__20260520T222248Z,2,2,0.06978803873062134,0.0005527130560949445,0.9296592473983765
gue_splice_reconstructed_lora__InstaDeepAI_nucleotide-transformer-v2-500m-multi-species__20260520T222248Z,2,2,0.0004615324141923338,0.0008084340370260179,0.9987300038337708
gue_splice_reconstructed_lora__InstaDeepAI_nucleotide-transformer-v2-500m-multi-species__20260520T222248Z,2,2,0.0012314511695876718,0.004952016286551952,0.9938165545463562
gue_splice_reconstructed_lora__InstaDeepAI_nucleotide-transformer-v2-500m-multi-species__20260520T222248Z,2,0,0.6617315411567688,0.0006189384730532765,0.33764952421188354
gue_splice_reconstructed_lora__InstaDeepAI_nucleotide-transformer-v2-500m-multi-species__20260520T222248Z,0,0,0.7391547560691833,0.0013776110718026757,0.2594677209854126
gue_splice_reconstructed_lora__InstaDeepAI_nucleotide-transformer-v2-500m-multi-species__20260520T222248Z,1,1,3.140126500511542e-05,0.9985262155532837,0.0014423031825572252
gue_splice_reconstructed_lora__InstaDeepAI_nucleotide-transformer-v2-500m-multi-species__20260520T222248Z,2,2,0.006965821608901024,0.0065565770491957664,0.9864776134490967
gue_splice_reconstructed_lora__InstaDeepAI_nucleotide-transformer-v2-500m-multi-species__20260520T222248Z,1,1,0.00010773950634757057,0.9970226883888245,0.0028696428053081036
gue_splice_reconstructed_lora__InstaDeepAI_nucleotide-transformer-v2-500m-multi-species__20260520T222248Z,0,0,0.9770578145980835,0.0005017401417717338,0.02244042605161667
gue_splice_reconstructed_lora__InstaDeepAI_nucleotide-transformer-v2-500m-multi-species__20260520T222248Z,2,2,0.009954405017197132,0.0030211342964321375,0.9870244264602661
gue_splice_reconstructed_lora__InstaDeepAI_nucleotide-transformer-v2-500m-multi-species__20260520T222248Z,2,2,0.0009556451695971191,0.03735261410474777,0.9616917371749878
gue_splice_reconstructed_lora__InstaDeepAI_nucleotide-transformer-v2-500m-multi-species__20260520T222248Z,2,2,0.007550989277660847,0.0015310831367969513,0.990917980670929
gue_splice_reconstructed_lora__InstaDeepAI_nucleotide-transformer-v2-500m-multi-species__20260520T222248Z,0,0,0.9992939233779907,8.215061097871512e-05,0.0006238425266928971
gue_splice_reconstructed_lora__InstaDeepAI_nucleotide-transformer-v2-500m-multi-species__20260520T222248Z,1,1,3.5583921999204904e-05,0.9985718727111816,0.0013925419189035892
gue_splice_reconstructed_lora__InstaDeepAI_nucleotide-transformer-v2-500m-multi-species__20260520T222248Z,2,1,0.00012830336345359683,0.9881761074066162,0.011695632711052895
gue_splice_reconstructed_lora__InstaDeepAI_nucleotide-transformer-v2-500m-multi-species__20260520T222248Z,0,0,0.9988459348678589,7.134168845368549e-05,0.0010826936922967434
gue_splice_reconstructed_lora__InstaDeepAI_nucleotide-transformer-v2-500m-multi-species__20260520T222248Z,2,2,0.0109889330342412,0.0017489196034148335,0.9872621893882751
gue_splice_reconstructed_lora__InstaDeepAI_nucleotide-transformer-v2-500m-multi-species__20260520T222248Z,1,1,0.0001347178331343457,0.990065336227417,0.009800015017390251
gue_splice_reconstructed_lora__InstaDeepAI_nucleotide-transformer-v2-500m-multi-species__20260520T222248Z,0,0,0.999291181564331,9.345291618956253e-05,0.0006153698195703328
gue_splice_reconstructed_lora__InstaDeepAI_nucleotide-transformer-v2-500m-multi-species__20260520T222248Z,2,2,0.004041390027850866,0.008992522954940796,0.9869661331176758
gue_splice_reconstructed_lora__InstaDeepAI_nucleotide-transformer-v2-500m-multi-species__20260520T222248Z,1,1,0.00010042215581052005,0.9970018267631531,0.002897743135690689
gue_splice_reconstructed_lora__InstaDeepAI_nucleotide-transformer-v2-500m-multi-species__20260520T222248Z,2,2,0.002813630737364292,0.0003436734841670841,0.9968427419662476
gue_splice_reconstructed_lora__InstaDeepAI_nucleotide-transformer-v2-500m-multi-species__20260520T222248Z,2,2,0.030892400071024895,0.003369248704984784,0.9657383561134338
gue_splice_reconstructed_lora__InstaDeepAI_nucleotide-transformer-v2-500m-multi-species__20260520T222248Z,1,1,5.2158833568682894e-05,0.9981597065925598,0.0017881941748782992
gue_splice_reconstructed_lora__InstaDeepAI_nucleotide-transformer-v2-500m-multi-species__20260520T222248Z,2,2,0.05305936932563782,0.005521867889910936,0.9414187669754028
gue_splice_reconstructed_lora__InstaDeepAI_nucleotide-transformer-v2-500m-multi-species__20260520T222248Z,2,1,4.753841130877845e-05,0.9875124096870422,0.01244005560874939
gue_splice_reconstructed_lora__InstaDeepAI_nucleotide-transformer-v2-500m-multi-species__20260520T222248Z,2,2,0.0011984410230070353,0.041024260222911835,0.9577772617340088
gue_splice_reconstructed_lora__InstaDeepAI_nucleotide-transformer-v2-500m-multi-species__20260520T222248Z,0,0,0.9918044805526733,0.00016215152572840452,0.00803340133279562
gue_splice_reconstructed_lora__InstaDeepAI_nucleotide-transformer-v2-500m-multi-species__20260520T222248Z,2,2,0.03395400196313858,0.001825381419621408,0.9642206430435181
gue_splice_reconstructed_lora__InstaDeepAI_nucleotide-transformer-v2-500m-multi-species__20260520T222248Z,1,1,6.426969775930047e-05,0.9960230588912964,0.00391266867518425
gue_splice_reconstructed_lora__InstaDeepAI_nucleotide-transformer-v2-500m-multi-species__20260520T222248Z,2,2,0.0030773135367780924,0.01674991101026535,0.9801728129386902
gue_splice_reconstructed_lora__InstaDeepAI_nucleotide-transformer-v2-500m-multi-species__20260520T222248Z,2,2,0.001835024100728333,0.021248290315270424,0.9769167304039001
gue_splice_reconstructed_lora__InstaDeepAI_nucleotide-transformer-v2-500m-multi-species__20260520T222248Z,2,2,0.0005991963553242385,0.005242399405688047,0.9941583871841431
gue_splice_reconstructed_lora__InstaDeepAI_nucleotide-transformer-v2-500m-multi-species__20260520T222248Z,2,2,0.003705179551616311,0.0025021580513566732,0.9937926530838013
gue_splice_reconstructed_lora__InstaDeepAI_nucleotide-transformer-v2-500m-multi-species__20260520T222248Z,1,1,5.915329893468879e-05,0.9989972710609436,0.0009435634128749371
gue_splice_reconstructed_lora__InstaDeepAI_nucleotide-transformer-v2-500m-multi-species__20260520T222248Z,1,1,0.00028330294298939407,0.9384506940841675,0.06126607954502106
gue_splice_reconstructed_lora__InstaDeepAI_nucleotide-transformer-v2-500m-multi-species__20260520T222248Z,1,1,4.95437161589507e-05,0.9994544386863708,0.0004959952784702182
gue_splice_reconstructed_lora__InstaDeepAI_nucleotide-transformer-v2-500m-multi-species__20260520T222248Z,0,0,0.9992302656173706,6.422526348615065e-05,0.0007054819143377244
gue_splice_reconstructed_lora__InstaDeepAI_nucleotide-transformer-v2-500m-multi-species__20260520T222248Z,2,2,0.013343298807740211,0.001528095337562263,0.9851285219192505
gue_splice_reconstructed_lora__InstaDeepAI_nucleotide-transformer-v2-500m-multi-species__20260520T222248Z,2,2,0.007800120860338211,0.0005658671725541353,0.9916340112686157
gue_splice_reconstructed_lora__InstaDeepAI_nucleotide-transformer-v2-500m-multi-species__20260520T222248Z,1,1,0.0002161156153306365,0.9785061478614807,0.021277666091918945
gue_splice_reconstructed_lora__InstaDeepAI_nucleotide-transformer-v2-500m-multi-species__20260520T222248Z,2,2,0.0024134614504873753,0.012449581176042557,0.9851369857788086
gue_splice_reconstructed_lora__InstaDeepAI_nucleotide-transformer-v2-500m-multi-species__20260520T222248Z,0,0,0.986057698726654,0.00027963952743448317,0.01366259902715683
gue_splice_reconstructed_lora__InstaDeepAI_nucleotide-transformer-v2-500m-multi-species__20260520T222248Z,0,0,0.9992245435714722,4.114401963306591e-05,0.0007342976750805974
gue_splice_reconstructed_lora__InstaDeepAI_nucleotide-transformer-v2-500m-multi-species__20260520T222248Z,2,2,0.0005533737712539732,0.0008756950264796615,0.9985709190368652
gue_splice_reconstructed_lora__InstaDeepAI_nucleotide-transformer-v2-500m-multi-species__20260520T222248Z,1,1,0.0002859879459720105,0.8118911385536194,0.18782280385494232
gue_splice_reconstructed_lora__InstaDeepAI_nucleotide-transformer-v2-500m-multi-species__20260520T222248Z,2,2,0.0014099649852141738,0.0022268681786954403,0.9963632225990295
gue_splice_reconstructed_lora__InstaDeepAI_nucleotide-transformer-v2-500m-multi-species__20260520T222248Z,2,2,0.0015401917044073343,0.01710093952715397,0.9813588261604309
gue_splice_reconstructed_lora__InstaDeepAI_nucleotide-transformer-v2-500m-multi-species__20260520T222248Z,2,2,0.013010500930249691,0.007485908921808004,0.9795036315917969
gue_splice_reconstructed_lora__InstaDeepAI_nucleotide-transformer-v2-500m-multi-species__20260520T222248Z,0,2,0.030217161402106285,0.001570859458297491,0.9682120084762573
gue_splice_reconstructed_lora__InstaDeepAI_nucleotide-transformer-v2-500m-multi-species__20260520T222248Z,1,1,7.244571315823123e-05,0.9985778331756592,0.001349705969914794
gue_splice_reconstructed_lora__InstaDeepAI_nucleotide-transformer-v2-500m-multi-species__20260520T222248Z,2,2,0.00104589166585356,0.276987224817276,0.7219668626785278
gue_splice_reconstructed_lora__InstaDeepAI_nucleotide-transformer-v2-500m-multi-species__20260520T222248Z,2,2,0.009121518582105637,0.0009350120672024786,0.9899435043334961
gue_splice_reconstructed_lora__InstaDeepAI_nucleotide-transformer-v2-500m-multi-species__20260520T222248Z,2,2,0.0184641070663929,0.00444598076865077,0.9770898818969727
gue_splice_reconstructed_lora__InstaDeepAI_nucleotide-transformer-v2-500m-multi-species__20260520T222248Z,2,2,0.0033093609381467104,0.0016239170217886567,0.99506676197052
gue_splice_reconstructed_lora__InstaDeepAI_nucleotide-transformer-v2-500m-multi-species__20260520T222248Z,1,1,0.00016577371570747346,0.9982397556304932,0.0015944683691486716
gue_splice_reconstructed_lora__InstaDeepAI_nucleotide-transformer-v2-500m-multi-species__20260520T222248Z,0,0,0.8884776830673218,0.00020766719535458833,0.11131466925144196
gue_splice_reconstructed_lora__InstaDeepAI_nucleotide-transformer-v2-500m-multi-species__20260520T222248Z,2,2,0.001695134793408215,0.007164716254919767,0.9911401867866516
gue_splice_reconstructed_lora__InstaDeepAI_nucleotide-transformer-v2-500m-multi-species__20260520T222248Z,2,2,0.008492628112435341,0.0002599854487925768,0.9912473559379578
gue_splice_reconstructed_lora__InstaDeepAI_nucleotide-transformer-v2-500m-multi-species__20260520T222248Z,2,2,0.0005622196476906538,0.002581966808065772,0.9968557357788086
gue_splice_reconstructed_lora__InstaDeepAI_nucleotide-transformer-v2-500m-multi-species__20260520T222248Z,2,2,0.011774569749832153,0.0012422429863363504,0.9869831800460815
gue_splice_reconstructed_lora__InstaDeepAI_nucleotide-transformer-v2-500m-multi-species__20260520T222248Z,1,1,7.76586530264467e-05,0.9977524876594543,0.002169823506847024
gue_splice_reconstructed_lora__InstaDeepAI_nucleotide-transformer-v2-500m-multi-species__20260520T222248Z,1,1,8.316968160215765e-05,0.9960052371025085,0.0039116437546908855
gue_splice_reconstructed_lora__InstaDeepAI_nucleotide-transformer-v2-500m-multi-species__20260520T222248Z,1,1,0.001052169594913721,0.8557909727096558,0.1431567668914795
gue_splice_reconstructed_lora__InstaDeepAI_nucleotide-transformer-v2-500m-multi-species__20260520T222248Z,2,0,0.9949264526367188,0.0001353792758891359,0.004938219208270311
gue_splice_reconstructed_lora__InstaDeepAI_nucleotide-transformer-v2-500m-multi-species__20260520T222248Z,2,2,0.0016699854750186205,0.0006893881363794208,0.9976406097412109
gue_splice_reconstructed_lora__InstaDeepAI_nucleotide-transformer-v2-500m-multi-species__20260520T222248Z,2,2,0.006421687547117472,0.0015814051730558276,0.9919969439506531
gue_splice_reconstructed_lora__InstaDeepAI_nucleotide-transformer-v2-500m-multi-species__20260520T222248Z,0,0,0.9988667964935303,6.521293835248798e-05,0.001068014302290976
gue_splice_reconstructed_lora__InstaDeepAI_nucleotide-transformer-v2-500m-multi-species__20260520T222248Z,2,2,0.02784843184053898,0.0021343736443668604,0.9700171947479248
gue_splice_reconstructed_lora__InstaDeepAI_nucleotide-transformer-v2-500m-multi-species__20260520T222248Z,2,2,0.009574607945978642,0.0003446918854024261,0.9900806546211243
gue_splice_reconstructed_lora__InstaDeepAI_nucleotide-transformer-v2-500m-multi-species__20260520T222248Z,1,1,4.7194833314279094e-05,0.9958139061927795,0.004138801246881485
gue_splice_reconstructed_lora__InstaDeepAI_nucleotide-transformer-v2-500m-multi-species__20260520T222248Z,2,2,0.023023677989840508,0.001325172488577664,0.975651204586029
gue_splice_reconstructed_lora__InstaDeepAI_nucleotide-transformer-v2-500m-multi-species__20260520T222248Z,1,1,7.69979233155027e-05,0.9970223307609558,0.002900634193792939
gue_splice_reconstructed_lora__InstaDeepAI_nucleotide-transformer-v2-500m-multi-species__20260520T222248Z,2,2,0.0038913232274353504,0.0001845049555413425,0.9959242343902588
gue_splice_reconstructed_lora__InstaDeepAI_nucleotide-transformer-v2-500m-multi-species__20260520T222248Z,1,1,7.14214620529674e-05,0.980621874332428,0.019306708127260208
gue_splice_reconstructed_lora__InstaDeepAI_nucleotide-transformer-v2-500m-multi-species__20260520T222248Z,2,2,0.0015531181124970317,0.16186277568340302,0.8365840911865234
gue_splice_reconstructed_lora__InstaDeepAI_nucleotide-transformer-v2-500m-multi-species__20260520T222248Z,2,2,0.006358732003718615,0.001729913055896759,0.9919113516807556
gue_splice_reconstructed_lora__InstaDeepAI_nucleotide-transformer-v2-500m-multi-species__20260520T222248Z,1,1,4.825156429433264e-05,0.998418927192688,0.0015329117886722088
gue_splice_reconstructed_lora__InstaDeepAI_nucleotide-transformer-v2-500m-multi-species__20260520T222248Z,2,1,0.0002984119055327028,0.9487759470939636,0.050925709307193756
gue_splice_reconstructed_lora__InstaDeepAI_nucleotide-transformer-v2-500m-multi-species__20260520T222248Z,2,2,0.0006153782014735043,0.0020296049769967794,0.9973549842834473
gue_splice_reconstructed_lora__InstaDeepAI_nucleotide-transformer-v2-500m-multi-species__20260520T222248Z,1,1,0.0006404402083717287,0.766849935054779,0.23250962793827057
gue_splice_reconstructed_lora__InstaDeepAI_nucleotide-transformer-v2-500m-multi-species__20260520T222248Z,2,2,0.0020419021602720022,0.0023686480708420277,0.9955894947052002
gue_splice_reconstructed_lora__InstaDeepAI_nucleotide-transformer-v2-500m-multi-species__20260520T222248Z,2,2,0.005532508250325918,0.001129498821683228,0.9933379888534546
gue_splice_reconstructed_lora__InstaDeepAI_nucleotide-transformer-v2-500m-multi-species__20260520T222248Z,2,2,0.004707437939941883,0.0023167363833636045,0.9929758310317993
gue_splice_reconstructed_lora__InstaDeepAI_nucleotide-transformer-v2-500m-multi-species__20260520T222248Z,0,0,0.998450756072998,5.685604992322624e-05,0.0014923402341082692
gue_splice_reconstructed_lora__InstaDeepAI_nucleotide-transformer-v2-500m-multi-species__20260520T222248Z,2,2,0.0013839888852089643,0.007146133109927177,0.9914699196815491
gue_splice_reconstructed_lora__InstaDeepAI_nucleotide-transformer-v2-500m-multi-species__20260520T222248Z,0,0,0.9973686933517456,7.43638229323551e-05,0.002556941704824567
gue_splice_reconstructed_lora__InstaDeepAI_nucleotide-transformer-v2-500m-multi-species__20260520T222248Z,0,0,0.9882033467292786,0.00014825833204668015,0.011648382991552353
gue_splice_reconstructed_lora__InstaDeepAI_nucleotide-transformer-v2-500m-multi-species__20260520T222248Z,1,2,0.00040162596269510686,0.026257237419486046,0.9733411073684692
gue_splice_reconstructed_lora__InstaDeepAI_nucleotide-transformer-v2-500m-multi-species__20260520T222248Z,0,0,0.9987242817878723,0.00019314723613206297,0.0010825617937371135
gue_splice_reconstructed_lora__InstaDeepAI_nucleotide-transformer-v2-500m-multi-species__20260520T222248Z,0,2,0.37615731358528137,0.004269478842616081,0.6195732355117798
gue_splice_reconstructed_lora__InstaDeepAI_nucleotide-transformer-v2-500m-multi-species__20260520T222248Z,0,0,0.9850366711616516,0.0005405686097219586,0.014422678388655186
gue_splice_reconstructed_lora__InstaDeepAI_nucleotide-transformer-v2-500m-multi-species__20260520T222248Z,0,0,0.9982953667640686,5.38218482688535e-05,0.0016508065164089203
gue_splice_reconstructed_lora__InstaDeepAI_nucleotide-transformer-v2-500m-multi-species__20260520T222248Z,2,2,0.012699014507234097,0.0008994817035272717,0.9864014983177185
gue_splice_reconstructed_lora__InstaDeepAI_nucleotide-transformer-v2-500m-multi-species__20260520T222248Z,2,2,0.009394541382789612,0.019145023077726364,0.9714605212211609
gue_splice_reconstructed_lora__InstaDeepAI_nucleotide-transformer-v2-500m-multi-species__20260520T222248Z,1,1,6.148780812509358e-05,0.9986417889595032,0.0012968156952410936
gue_splice_reconstructed_lora__InstaDeepAI_nucleotide-transformer-v2-500m-multi-species__20260520T222248Z,2,2,0.001305463258177042,0.0012168255634605885,0.9974777102470398
gue_splice_reconstructed_lora__InstaDeepAI_nucleotide-transformer-v2-500m-multi-species__20260520T222248Z,2,2,0.008490237407386303,0.0034404308535158634,0.9880693554878235
gue_splice_reconstructed_lora__InstaDeepAI_nucleotide-transformer-v2-500m-multi-species__20260520T222248Z,2,2,0.01902340166270733,0.010014844126999378,0.9709618091583252
gue_splice_reconstructed_lora__InstaDeepAI_nucleotide-transformer-v2-500m-multi-species__20260520T222248Z,0,0,0.9976077079772949,8.39568383526057e-05,0.0023083025589585304
gue_splice_reconstructed_lora__InstaDeepAI_nucleotide-transformer-v2-500m-multi-species__20260520T222248Z,2,2,0.0006798861431889236,0.0018864142475649714,0.9974337220191956
gue_splice_reconstructed_lora__InstaDeepAI_nucleotide-transformer-v2-500m-multi-species__20260520T222248Z,1,2,0.00644838809967041,0.06051952391862869,0.9330320954322815
gue_splice_reconstructed_lora__InstaDeepAI_nucleotide-transformer-v2-500m-multi-species__20260520T222248Z,2,2,0.004842989146709442,0.002113679889589548,0.9930433034896851
gue_splice_reconstructed_lora__InstaDeepAI_nucleotide-transformer-v2-500m-multi-species__20260520T222248Z,1,1,7.885398372309282e-05,0.9704998731613159,0.029421260580420494
gue_splice_reconstructed_lora__InstaDeepAI_nucleotide-transformer-v2-500m-multi-species__20260520T222248Z,1,1,7.290797657333314e-05,0.9971291422843933,0.0027979963924735785
gue_splice_reconstructed_lora__InstaDeepAI_nucleotide-transformer-v2-500m-multi-species__20260520T222248Z,1,1,8.431855530943722e-05,0.9941089153289795,0.005806770175695419
gue_splice_reconstructed_lora__InstaDeepAI_nucleotide-transformer-v2-500m-multi-species__20260520T222248Z,1,1,8.787677506916225e-05,0.9963691234588623,0.0035429426934570074
gue_splice_reconstructed_lora__InstaDeepAI_nucleotide-transformer-v2-500m-multi-species__20260520T222248Z,0,0,0.8505355715751648,0.001374557614326477,0.14808988571166992
gue_splice_reconstructed_lora__InstaDeepAI_nucleotide-transformer-v2-500m-multi-species__20260520T222248Z,2,2,0.010160882957279682,0.0003798131656367332,0.9894592761993408
gue_splice_reconstructed_lora__InstaDeepAI_nucleotide-transformer-v2-500m-multi-species__20260520T222248Z,1,2,0.000751132785808295,0.19931407272815704,0.7999348640441895
gue_splice_reconstructed_lora__InstaDeepAI_nucleotide-transformer-v2-500m-multi-species__20260520T222248Z,2,2,0.003303197445347905,0.0025129399728029966,0.9941838383674622
gue_splice_reconstructed_lora__InstaDeepAI_nucleotide-transformer-v2-500m-multi-species__20260520T222248Z,2,2,0.0003697012725751847,0.002051984192803502,0.9975783228874207
gue_splice_reconstructed_lora__InstaDeepAI_nucleotide-transformer-v2-500m-multi-species__20260520T222248Z,2,2,0.18052256107330322,0.0016936913598328829,0.8177837133407593
gue_splice_reconstructed_lora__InstaDeepAI_nucleotide-transformer-v2-500m-multi-species__20260520T222248Z,1,1,0.000253443606197834,0.9853639006614685,0.014382630586624146
gue_splice_reconstructed_lora__InstaDeepAI_nucleotide-transformer-v2-500m-multi-species__20260520T222248Z,1,1,6.033847967046313e-05,0.9993034601211548,0.0006361528066918254
gue_splice_reconstructed_lora__InstaDeepAI_nucleotide-transformer-v2-500m-multi-species__20260520T222248Z,2,2,0.0026263559702783823,0.005901270546019077,0.9914724230766296
gue_splice_reconstructed_lora__InstaDeepAI_nucleotide-transformer-v2-500m-multi-species__20260520T222248Z,2,2,0.004475373774766922,0.006195263937115669,0.9893293976783752
gue_splice_reconstructed_lora__InstaDeepAI_nucleotide-transformer-v2-500m-multi-species__20260520T222248Z,0,2,0.04186471551656723,0.002736446214839816,0.9553987979888916
gue_splice_reconstructed_lora__InstaDeepAI_nucleotide-transformer-v2-500m-multi-species__20260520T222248Z,2,2,0.002983031328767538,0.003219133010134101,0.9937978386878967
gue_splice_reconstructed_lora__InstaDeepAI_nucleotide-transformer-v2-500m-multi-species__20260520T222248Z,1,1,4.158413867116906e-05,0.9981474876403809,0.0018110184464603662
gue_splice_reconstructed_lora__InstaDeepAI_nucleotide-transformer-v2-500m-multi-species__20260520T222248Z,2,2,0.035599227994680405,0.0006951766554266214,0.9637055993080139
gue_splice_reconstructed_lora__InstaDeepAI_nucleotide-transformer-v2-500m-multi-species__20260520T222248Z,1,1,5.2608393161790445e-05,0.9989281296730042,0.0010191688779741526
gue_splice_reconstructed_lora__InstaDeepAI_nucleotide-transformer-v2-500m-multi-species__20260520T222248Z,2,2,0.013345696032047272,0.00134878174867481,0.9853054881095886
gue_splice_reconstructed_lora__InstaDeepAI_nucleotide-transformer-v2-500m-multi-species__20260520T222248Z,2,2,0.003235576441511512,0.0638909786939621,0.9328734278678894
gue_splice_reconstructed_lora__InstaDeepAI_nucleotide-transformer-v2-500m-multi-species__20260520T222248Z,2,2,0.0360727459192276,0.0007512522279284894,0.9631760120391846
gue_splice_reconstructed_lora__InstaDeepAI_nucleotide-transformer-v2-500m-multi-species__20260520T222248Z,2,2,0.003126368159428239,0.010753417387604713,0.9861202239990234
gue_splice_reconstructed_lora__InstaDeepAI_nucleotide-transformer-v2-500m-multi-species__20260520T222248Z,2,2,0.0010458020260557532,0.0005958800320513546,0.9983583092689514
gue_splice_reconstructed_lora__InstaDeepAI_nucleotide-transformer-v2-500m-multi-species__20260520T222248Z,0,0,0.9985635876655579,0.00015730927407275885,0.0012791062472388148
gue_splice_reconstructed_lora__InstaDeepAI_nucleotide-transformer-v2-500m-multi-species__20260520T222248Z,2,2,0.009603775106370449,0.0006879258435219526,0.9897083044052124
gue_splice_reconstructed_lora__InstaDeepAI_nucleotide-transformer-v2-500m-multi-species__20260520T222248Z,0,0,0.7680459022521973,0.0008940354455262423,0.23106004297733307
gue_splice_reconstructed_lora__InstaDeepAI_nucleotide-transformer-v2-500m-multi-species__20260520T222248Z,1,2,0.0022372438106685877,0.38705432415008545,0.6107084155082703
gue_splice_reconstructed_lora__InstaDeepAI_nucleotide-transformer-v2-500m-multi-species__20260520T222248Z,2,2,0.03930211439728737,0.0021973345428705215,0.9585005640983582
gue_splice_reconstructed_lora__InstaDeepAI_nucleotide-transformer-v2-500m-multi-species__20260520T222248Z,0,0,0.9983128309249878,7.531162555096671e-05,0.0016118066851049662
gue_splice_reconstructed_lora__InstaDeepAI_nucleotide-transformer-v2-500m-multi-species__20260520T222248Z,0,0,0.9984972476959229,8.840913505991921e-05,0.0014143656007945538
gue_splice_reconstructed_lora__InstaDeepAI_nucleotide-transformer-v2-500m-multi-species__20260520T222248Z,2,2,0.00104937341529876,0.08147074282169342,0.917479932308197
gue_splice_reconstructed_lora__InstaDeepAI_nucleotide-transformer-v2-500m-multi-species__20260520T222248Z,1,1,4.778377842740156e-05,0.9964943528175354,0.0034579269122332335
gue_splice_reconstructed_lora__InstaDeepAI_nucleotide-transformer-v2-500m-multi-species__20260520T222248Z,0,0,0.9967392086982727,0.00011922285193577409,0.0031415726989507675
gue_splice_reconstructed_lora__InstaDeepAI_nucleotide-transformer-v2-500m-multi-species__20260520T222248Z,0,0,0.9993330836296082,5.141055225976743e-05,0.0006153956637717783
gue_splice_reconstructed_lora__InstaDeepAI_nucleotide-transformer-v2-500m-multi-species__20260520T222248Z,1,1,7.641129923285916e-05,0.9894263744354248,0.010497160255908966
gue_splice_reconstructed_lora__InstaDeepAI_nucleotide-transformer-v2-500m-multi-species__20260520T222248Z,2,2,0.0027790782041847706,0.005866098217666149,0.9913548827171326
gue_splice_reconstructed_lora__InstaDeepAI_nucleotide-transformer-v2-500m-multi-species__20260520T222248Z,0,0,0.9994527697563171,6.745410792063922e-05,0.0004797962901648134
gue_splice_reconstructed_lora__InstaDeepAI_nucleotide-transformer-v2-500m-multi-species__20260520T222248Z,2,2,0.3295641541481018,0.005347758065909147,0.6650881171226501
gue_splice_reconstructed_lora__InstaDeepAI_nucleotide-transformer-v2-500m-multi-species__20260520T222248Z,1,1,3.97107723983936e-05,0.9950305223464966,0.004929700400680304
gue_splice_reconstructed_lora__InstaDeepAI_nucleotide-transformer-v2-500m-multi-species__20260520T222248Z,1,1,9.699672955321148e-05,0.9858306050300598,0.014072421006858349
gue_splice_reconstructed_lora__InstaDeepAI_nucleotide-transformer-v2-500m-multi-species__20260520T222248Z,2,2,0.0030425465665757656,0.0029374402947723866,0.9940199851989746
gue_splice_reconstructed_lora__InstaDeepAI_nucleotide-transformer-v2-500m-multi-species__20260520T222248Z,2,2,0.008877264335751534,0.007245411165058613,0.9838773608207703
gue_splice_reconstructed_lora__InstaDeepAI_nucleotide-transformer-v2-500m-multi-species__20260520T222248Z,2,2,0.0019694806542247534,0.00047376935253851116,0.9975566864013672
gue_splice_reconstructed_lora__InstaDeepAI_nucleotide-transformer-v2-500m-multi-species__20260520T222248Z,2,1,0.00010296687833033502,0.9380840063095093,0.061812955886125565
gue_splice_reconstructed_lora__InstaDeepAI_nucleotide-transformer-v2-500m-multi-species__20260520T222248Z,2,2,0.0006767101003788412,0.0026634035166352987,0.9966598749160767
gue_splice_reconstructed_lora__InstaDeepAI_nucleotide-transformer-v2-500m-multi-species__20260520T222248Z,1,1,4.807371078641154e-05,0.9986321330070496,0.0013198001543059945
gue_splice_reconstructed_lora__InstaDeepAI_nucleotide-transformer-v2-500m-multi-species__20260520T222248Z,2,2,0.003955674357712269,0.005169257987290621,0.9908751249313354
gue_splice_reconstructed_lora__InstaDeepAI_nucleotide-transformer-v2-500m-multi-species__20260520T222248Z,0,0,0.9983168840408325,0.0001102221358451061,0.001572938752360642
gue_splice_reconstructed_lora__InstaDeepAI_nucleotide-transformer-v2-500m-multi-species__20260520T222248Z,2,2,0.00037480256287381053,0.07156436890363693,0.9280608296394348
gue_splice_reconstructed_lora__InstaDeepAI_nucleotide-transformer-v2-500m-multi-species__20260520T222248Z,2,2,0.005256569944322109,0.000814031925983727,0.993929386138916
gue_splice_reconstructed_lora__InstaDeepAI_nucleotide-transformer-v2-500m-multi-species__20260520T222248Z,1,1,0.00034557044273242354,0.9108647704124451,0.08878958970308304
gue_splice_reconstructed_lora__InstaDeepAI_nucleotide-transformer-v2-500m-multi-species__20260520T222248Z,2,2,0.0006954653654247522,0.010406102985143661,0.9888984560966492
gue_splice_reconstructed_lora__InstaDeepAI_nucleotide-transformer-v2-500m-multi-species__20260520T222248Z,2,2,0.0014957429375499487,0.003623312572017312,0.9948809146881104
gue_splice_reconstructed_lora__InstaDeepAI_nucleotide-transformer-v2-500m-multi-species__20260520T222248Z,2,2,0.010264204815030098,0.0071515878662467,0.9825841784477234
gue_splice_reconstructed_lora__InstaDeepAI_nucleotide-transformer-v2-500m-multi-species__20260520T222248Z,2,2,0.00594670232385397,0.0017544119618833065,0.9922989010810852
gue_splice_reconstructed_lora__InstaDeepAI_nucleotide-transformer-v2-500m-multi-species__20260520T222248Z,2,2,0.004073041491210461,0.003172087948769331,0.9927548766136169
gue_splice_reconstructed_lora__InstaDeepAI_nucleotide-transformer-v2-500m-multi-species__20260520T222248Z,2,2,0.41028690338134766,0.001430003670975566,0.5882830619812012
gue_splice_reconstructed_lora__InstaDeepAI_nucleotide-transformer-v2-500m-multi-species__20260520T222248Z,0,0,0.9992503523826599,4.963044193573296e-05,0.0007000058540143073
gue_splice_reconstructed_lora__InstaDeepAI_nucleotide-transformer-v2-500m-multi-species__20260520T222248Z,2,2,0.018714340403676033,0.0008172474917955697,0.9804683923721313
gue_splice_reconstructed_lora__InstaDeepAI_nucleotide-transformer-v2-500m-multi-species__20260520T222248Z,2,2,0.003943366929888725,0.017863813787698746,0.9781928062438965
gue_splice_reconstructed_lora__InstaDeepAI_nucleotide-transformer-v2-500m-multi-species__20260520T222248Z,2,2,0.16279666125774384,0.0007082216907292604,0.8364951014518738
gue_splice_reconstructed_lora__InstaDeepAI_nucleotide-transformer-v2-500m-multi-species__20260520T222248Z,2,2,0.004241162445396185,0.0035679307766258717,0.9921908974647522
gue_splice_reconstructed_lora__InstaDeepAI_nucleotide-transformer-v2-500m-multi-species__20260520T222248Z,1,1,5.019447780796327e-05,0.9988327622413635,0.0011170473881065845
gue_splice_reconstructed_lora__InstaDeepAI_nucleotide-transformer-v2-500m-multi-species__20260520T222248Z,2,2,0.0037196942139416933,0.0015132010448724031,0.9947670698165894
gue_splice_reconstructed_lora__InstaDeepAI_nucleotide-transformer-v2-500m-multi-species__20260520T222248Z,1,1,0.00024193103308789432,0.9498347640037537,0.04992327094078064
gue_splice_reconstructed_lora__InstaDeepAI_nucleotide-transformer-v2-500m-multi-species__20260520T222248Z,0,0,0.9993646740913391,2.8839614969911054e-05,0.0006064658518880606
gue_splice_reconstructed_lora__InstaDeepAI_nucleotide-transformer-v2-500m-multi-species__20260520T222248Z,1,1,7.446987001458183e-05,0.9987910389900208,0.0011345908278599381
gue_splice_reconstructed_lora__InstaDeepAI_nucleotide-transformer-v2-500m-multi-species__20260520T222248Z,2,2,0.0023286151699721813,0.0600741021335125,0.9375972747802734
gue_splice_reconstructed_lora__InstaDeepAI_nucleotide-transformer-v2-500m-multi-species__20260520T222248Z,2,2,0.0006891575758345425,0.002003904664888978,0.9973069429397583
gue_splice_reconstructed_lora__InstaDeepAI_nucleotide-transformer-v2-500m-multi-species__20260520T222248Z,2,2,0.0005899391835555434,0.005196813028305769,0.9942132830619812
gue_splice_reconstructed_lora__InstaDeepAI_nucleotide-transformer-v2-500m-multi-species__20260520T222248Z,2,2,0.009355909191071987,0.0012023167219012976,0.9894417524337769
gue_splice_reconstructed_lora__InstaDeepAI_nucleotide-transformer-v2-500m-multi-species__20260520T222248Z,2,2,0.0020958497188985348,0.0006575591396540403,0.9972466230392456
gue_splice_reconstructed_lora__InstaDeepAI_nucleotide-transformer-v2-500m-multi-species__20260520T222248Z,0,0,0.9994959831237793,0.0001233476068591699,0.00038068016874603927
gue_splice_reconstructed_lora__InstaDeepAI_nucleotide-transformer-v2-500m-multi-species__20260520T222248Z,2,2,0.0014534383080899715,0.0011165684554725885,0.9974300265312195
gue_splice_reconstructed_lora__InstaDeepAI_nucleotide-transformer-v2-500m-multi-species__20260520T222248Z,2,2,0.0007313673850148916,0.00500287301838398,0.9942657351493835
gue_splice_reconstructed_lora__InstaDeepAI_nucleotide-transformer-v2-500m-multi-species__20260520T222248Z,2,2,0.0007354688714258373,0.0013740366557613015,0.9978905320167542
gue_splice_reconstructed_lora__InstaDeepAI_nucleotide-transformer-v2-500m-multi-species__20260520T222248Z,2,2,0.22995001077651978,0.007185330614447594,0.7628646492958069
gue_splice_reconstructed_lora__InstaDeepAI_nucleotide-transformer-v2-500m-multi-species__20260520T222248Z,2,2,0.01238273549824953,0.003934638109058142,0.9836825728416443
gue_splice_reconstructed_lora__InstaDeepAI_nucleotide-transformer-v2-500m-multi-species__20260520T222248Z,1,1,0.0001454760495107621,0.9984863996505737,0.0013681603595614433
gue_splice_reconstructed_lora__InstaDeepAI_nucleotide-transformer-v2-500m-multi-species__20260520T222248Z,0,0,0.9967656135559082,0.00018940953304991126,0.0030449971091002226
gue_splice_reconstructed_lora__InstaDeepAI_nucleotide-transformer-v2-500m-multi-species__20260520T222248Z,2,2,0.0010722838342189789,0.00871890690177679,0.9902087450027466
gue_splice_reconstructed_lora__InstaDeepAI_nucleotide-transformer-v2-500m-multi-species__20260520T222248Z,2,2,0.0003190829302184284,0.07777263224124908,0.9219083189964294
gue_splice_reconstructed_lora__InstaDeepAI_nucleotide-transformer-v2-500m-multi-species__20260520T222248Z,2,2,0.0017122584395110607,0.001038537360727787,0.997249186038971
gue_splice_reconstructed_lora__InstaDeepAI_nucleotide-transformer-v2-500m-multi-species__20260520T222248Z,1,1,3.35773584083654e-05,0.9991230368614197,0.0008434366318397224
gue_splice_reconstructed_lora__InstaDeepAI_nucleotide-transformer-v2-500m-multi-species__20260520T222248Z,2,2,0.005315107759088278,0.0004249372286722064,0.9942599534988403
gue_splice_reconstructed_lora__InstaDeepAI_nucleotide-transformer-v2-500m-multi-species__20260520T222248Z,1,1,7.095611363183707e-05,0.9973357319831848,0.0025933203287422657
gue_splice_reconstructed_lora__InstaDeepAI_nucleotide-transformer-v2-500m-multi-species__20260520T222248Z,2,2,0.014772267080843449,0.0008888778975233436,0.9843388795852661
gue_splice_reconstructed_lora__InstaDeepAI_nucleotide-transformer-v2-500m-multi-species__20260520T222248Z,2,2,0.0017779333284124732,0.0004451633431017399,0.9977769255638123
gue_splice_reconstructed_lora__InstaDeepAI_nucleotide-transformer-v2-500m-multi-species__20260520T222248Z,2,2,0.0037384219467639923,0.0003837731492239982,0.995877742767334
gue_splice_reconstructed_lora__InstaDeepAI_nucleotide-transformer-v2-500m-multi-species__20260520T222248Z,0,0,0.9978556036949158,0.00027002650313079357,0.0018743553664535284
gue_splice_reconstructed_lora__InstaDeepAI_nucleotide-transformer-v2-500m-multi-species__20260520T222248Z,2,2,0.0013054664013907313,0.0012144541833549738,0.9974800944328308
gue_splice_reconstructed_lora__InstaDeepAI_nucleotide-transformer-v2-500m-multi-species__20260520T222248Z,1,2,0.00856615137308836,0.0013213816564530134,0.9901124835014343
gue_splice_reconstructed_lora__InstaDeepAI_nucleotide-transformer-v2-500m-multi-species__20260520T222248Z,1,1,6.315598147921264e-05,0.9980675578117371,0.0018692692974582314
gue_splice_reconstructed_lora__InstaDeepAI_nucleotide-transformer-v2-500m-multi-species__20260520T222248Z,2,2,0.0031895055435597897,0.0005520922131836414,0.9962583780288696
gue_splice_reconstructed_lora__InstaDeepAI_nucleotide-transformer-v2-500m-multi-species__20260520T222248Z,2,2,0.00045654622954316437,0.005797568708658218,0.9937459230422974
gue_splice_reconstructed_lora__InstaDeepAI_nucleotide-transformer-v2-500m-multi-species__20260520T222248Z,1,1,4.010475822724402e-05,0.9970824122428894,0.0028775320388376713
gue_splice_reconstructed_lora__InstaDeepAI_nucleotide-transformer-v2-500m-multi-species__20260520T222248Z,0,0,0.9959824085235596,0.00022740197891835123,0.003790282178670168
gue_splice_reconstructed_lora__InstaDeepAI_nucleotide-transformer-v2-500m-multi-species__20260520T222248Z,2,2,0.0034230516757816076,0.013498825952410698,0.9830781817436218
gue_splice_reconstructed_lora__InstaDeepAI_nucleotide-transformer-v2-500m-multi-species__20260520T222248Z,2,2,0.0017126996535807848,0.0007810739334672689,0.9975062012672424
gue_splice_reconstructed_lora__InstaDeepAI_nucleotide-transformer-v2-500m-multi-species__20260520T222248Z,0,0,0.8183582425117493,0.003532435977831483,0.17810937762260437
gue_splice_reconstructed_lora__InstaDeepAI_nucleotide-transformer-v2-500m-multi-species__20260520T222248Z,1,1,3.411704892641865e-05,0.9955465793609619,0.004419291391968727
gue_splice_reconstructed_lora__InstaDeepAI_nucleotide-transformer-v2-500m-multi-species__20260520T222248Z,0,2,0.01067313551902771,0.0028923393692821264,0.9864345788955688
gue_splice_reconstructed_lora__InstaDeepAI_nucleotide-transformer-v2-500m-multi-species__20260520T222248Z,2,2,0.017133180052042007,0.0034910293761640787,0.9793757796287537
gue_splice_reconstructed_lora__InstaDeepAI_nucleotide-transformer-v2-500m-multi-species__20260520T222248Z,1,1,5.3985146223567426e-05,0.9935319423675537,0.0064139836467802525
gue_splice_reconstructed_lora__InstaDeepAI_nucleotide-transformer-v2-500m-multi-species__20260520T222248Z,1,2,0.013336366042494774,0.008754747919738293,0.9779089093208313
gue_splice_reconstructed_lora__InstaDeepAI_nucleotide-transformer-v2-500m-multi-species__20260520T222248Z,2,2,0.006068925838917494,0.0027623239438980818,0.991168737411499
gue_splice_reconstructed_lora__InstaDeepAI_nucleotide-transformer-v2-500m-multi-species__20260520T222248Z,1,1,3.702879257616587e-05,0.9993104934692383,0.0006525164935737848
gue_splice_reconstructed_lora__InstaDeepAI_nucleotide-transformer-v2-500m-multi-species__20260520T222248Z,0,0,0.9978345036506653,0.00012099685409339145,0.0020445091649889946
gue_splice_reconstructed_lora__InstaDeepAI_nucleotide-transformer-v2-500m-multi-species__20260520T222248Z,0,0,0.9976237416267395,0.00024246706743724644,0.002133822999894619
gue_splice_reconstructed_lora__InstaDeepAI_nucleotide-transformer-v2-500m-multi-species__20260520T222248Z,2,2,0.0005469131283462048,0.0009070063242688775,0.9985461235046387
gue_splice_reconstructed_lora__InstaDeepAI_nucleotide-transformer-v2-500m-multi-species__20260520T222248Z,2,2,0.00069527915911749,0.000969077693298459,0.9983356595039368
gue_splice_reconstructed_lora__InstaDeepAI_nucleotide-transformer-v2-500m-multi-species__20260520T222248Z,2,2,0.003736065700650215,0.007794236298650503,0.9884697198867798
gue_splice_reconstructed_lora__InstaDeepAI_nucleotide-transformer-v2-500m-multi-species__20260520T222248Z,2,2,0.002748823259025812,0.018602246418595314,0.9786489605903625
gue_splice_reconstructed_lora__InstaDeepAI_nucleotide-transformer-v2-500m-multi-species__20260520T222248Z,1,1,0.00013800861779600382,0.9946324825286865,0.005229556001722813
gue_splice_reconstructed_lora__InstaDeepAI_nucleotide-transformer-v2-500m-multi-species__20260520T222248Z,2,2,0.20227940380573273,0.0008090986520983279,0.7969115376472473
gue_splice_reconstructed_lora__InstaDeepAI_nucleotide-transformer-v2-500m-multi-species__20260520T222248Z,2,2,0.0005485536530613899,0.3702498972415924,0.6292015314102173
gue_splice_reconstructed_lora__InstaDeepAI_nucleotide-transformer-v2-500m-multi-species__20260520T222248Z,2,2,0.005605798680335283,0.001564293634146452,0.9928299784660339
gue_splice_reconstructed_lora__InstaDeepAI_nucleotide-transformer-v2-500m-multi-species__20260520T222248Z,1,1,6.900056905578822e-05,0.9967344403266907,0.0031964879017323256
gue_splice_reconstructed_lora__InstaDeepAI_nucleotide-transformer-v2-500m-multi-species__20260520T222248Z,2,2,0.0018921139417216182,0.0005872955080121756,0.9975206255912781
gue_splice_reconstructed_lora__InstaDeepAI_nucleotide-transformer-v2-500m-multi-species__20260520T222248Z,1,1,7.269735942827538e-05,0.9981399774551392,0.0017872859025374055
gue_splice_reconstructed_lora__InstaDeepAI_nucleotide-transformer-v2-500m-multi-species__20260520T222248Z,2,2,0.038094036281108856,0.0013860514154657722,0.9605198502540588
gue_splice_reconstructed_lora__InstaDeepAI_nucleotide-transformer-v2-500m-multi-species__20260520T222248Z,0,0,0.9927801489830017,0.0001597946393303573,0.007060135714709759
gue_splice_reconstructed_lora__InstaDeepAI_nucleotide-transformer-v2-500m-multi-species__20260520T222248Z,0,0,0.9988920092582703,5.343491648091003e-05,0.0010545678669586778
gue_splice_reconstructed_lora__InstaDeepAI_nucleotide-transformer-v2-500m-multi-species__20260520T222248Z,1,1,5.0418064347468317e-05,0.9993703961372375,0.0005792625015601516
gue_splice_reconstructed_lora__InstaDeepAI_nucleotide-transformer-v2-500m-multi-species__20260520T222248Z,0,0,0.9986891150474548,6.369095353875309e-05,0.0012471945956349373
gue_splice_reconstructed_lora__InstaDeepAI_nucleotide-transformer-v2-500m-multi-species__20260520T222248Z,2,2,0.005619960371404886,0.001953619997948408,0.9924263954162598
gue_splice_reconstructed_lora__InstaDeepAI_nucleotide-transformer-v2-500m-multi-species__20260520T222248Z,2,2,0.0016700318083167076,0.000661703001242131,0.9976682066917419
gue_splice_reconstructed_lora__InstaDeepAI_nucleotide-transformer-v2-500m-multi-species__20260520T222248Z,2,2,0.002642836654558778,0.0006369916372932494,0.9967201352119446
gue_splice_reconstructed_lora__InstaDeepAI_nucleotide-transformer-v2-500m-multi-species__20260520T222248Z,2,2,0.019594352692365646,0.013908051885664463,0.9664976596832275
gue_splice_reconstructed_lora__InstaDeepAI_nucleotide-transformer-v2-500m-multi-species__20260520T222248Z,2,2,0.022815626114606857,0.003242270089685917,0.9739421010017395
gue_splice_reconstructed_lora__InstaDeepAI_nucleotide-transformer-v2-500m-multi-species__20260520T222248Z,2,2,0.00759821617975831,0.002079266356304288,0.9903225302696228
gue_splice_reconstructed_lora__InstaDeepAI_nucleotide-transformer-v2-500m-multi-species__20260520T222248Z,2,2,0.0008684725617058575,0.0010293243685737252,0.9981022477149963
gue_splice_reconstructed_lora__InstaDeepAI_nucleotide-transformer-v2-500m-multi-species__20260520T222248Z,2,2,0.0020430597942322493,0.0018029939383268356,0.9961538910865784
gue_splice_reconstructed_lora__InstaDeepAI_nucleotide-transformer-v2-500m-multi-species__20260520T222248Z,0,0,0.9908490180969238,5.57658240722958e-05,0.009095238521695137
gue_splice_reconstructed_lora__InstaDeepAI_nucleotide-transformer-v2-500m-multi-species__20260520T222248Z,1,1,8.618201536592096e-05,0.9983742237091064,0.0015395940281450748
gue_splice_reconstructed_lora__InstaDeepAI_nucleotide-transformer-v2-500m-multi-species__20260520T222248Z,2,2,0.0006470984662882984,0.04257497191429138,0.9567779302597046
gue_splice_reconstructed_lora__InstaDeepAI_nucleotide-transformer-v2-500m-multi-species__20260520T222248Z,0,0,0.9989843964576721,3.43688516295515e-05,0.0009811380878090858
gue_splice_reconstructed_lora__InstaDeepAI_nucleotide-transformer-v2-500m-multi-species__20260520T222248Z,1,1,6.958425365155563e-05,0.9934554696083069,0.006474848370999098
gue_splice_reconstructed_lora__InstaDeepAI_nucleotide-transformer-v2-500m-multi-species__20260520T222248Z,2,2,0.18979957699775696,0.006614598911255598,0.8035857677459717
gue_splice_reconstructed_lora__InstaDeepAI_nucleotide-transformer-v2-500m-multi-species__20260520T222248Z,1,1,6.256084452616051e-05,0.9964166879653931,0.0035206926986575127
gue_splice_reconstructed_lora__InstaDeepAI_nucleotide-transformer-v2-500m-multi-species__20260520T222248Z,1,1,5.421496098279022e-05,0.9746481776237488,0.02529759332537651
gue_splice_reconstructed_lora__InstaDeepAI_nucleotide-transformer-v2-500m-multi-species__20260520T222248Z,2,2,0.0005811916780658066,0.2643945515155792,0.7350242137908936
gue_splice_reconstructed_lora__InstaDeepAI_nucleotide-transformer-v2-500m-multi-species__20260520T222248Z,1,1,4.846675437875092e-05,0.9989618062973022,0.000989777036011219
gue_splice_reconstructed_lora__InstaDeepAI_nucleotide-transformer-v2-500m-multi-species__20260520T222248Z,1,1,7.19244999345392e-05,0.9952738881111145,0.00465426268056035
gue_splice_reconstructed_lora__InstaDeepAI_nucleotide-transformer-v2-500m-multi-species__20260520T222248Z,0,0,0.9991235136985779,0.00020210233924444765,0.0006744196289218962
gue_splice_reconstructed_lora__InstaDeepAI_nucleotide-transformer-v2-500m-multi-species__20260520T222248Z,2,2,0.0012934498954564333,0.0026565799489617348,0.9960499405860901
gue_splice_reconstructed_lora__InstaDeepAI_nucleotide-transformer-v2-500m-multi-species__20260520T222248Z,1,1,4.587820149026811e-05,0.9987616539001465,0.0011924945283681154
gue_splice_reconstructed_lora__InstaDeepAI_nucleotide-transformer-v2-500m-multi-species__20260520T222248Z,1,1,0.00013428213424049318,0.9907258152961731,0.009139875881373882
gue_splice_reconstructed_lora__InstaDeepAI_nucleotide-transformer-v2-500m-multi-species__20260520T222248Z,2,2,0.003975406754761934,0.0011785757960751653,0.994845986366272
gue_splice_reconstructed_lora__InstaDeepAI_nucleotide-transformer-v2-500m-multi-species__20260520T222248Z,0,0,0.994836688041687,0.0005019683158025146,0.004661313723772764
gue_splice_reconstructed_lora__InstaDeepAI_nucleotide-transformer-v2-500m-multi-species__20260520T222248Z,0,0,0.9994459748268127,3.7764242733828723e-05,0.0005162530578672886
gue_splice_reconstructed_lora__InstaDeepAI_nucleotide-transformer-v2-500m-multi-species__20260520T222248Z,1,1,5.726577728637494e-05,0.9978200197219849,0.0021228105761110783
gue_splice_reconstructed_lora__InstaDeepAI_nucleotide-transformer-v2-500m-multi-species__20260520T222248Z,2,2,0.10942716151475906,0.000803479750175029,0.8897693753242493
gue_splice_reconstructed_lora__InstaDeepAI_nucleotide-transformer-v2-500m-multi-species__20260520T222248Z,0,0,0.9988232254981995,0.00011400109360693023,0.0010627657175064087
gue_splice_reconstructed_lora__InstaDeepAI_nucleotide-transformer-v2-500m-multi-species__20260520T222248Z,0,0,0.9907006025314331,0.00033429605537094176,0.008965056389570236
gue_splice_reconstructed_lora__InstaDeepAI_nucleotide-transformer-v2-500m-multi-species__20260520T222248Z,2,2,0.00486209150403738,0.008829940110445023,0.9863079190254211
gue_splice_reconstructed_lora__InstaDeepAI_nucleotide-transformer-v2-500m-multi-species__20260520T222248Z,2,1,0.0006005552713759243,0.6321228742599487,0.36727651953697205
gue_splice_reconstructed_lora__InstaDeepAI_nucleotide-transformer-v2-500m-multi-species__20260520T222248Z,2,2,0.0009134627762250602,0.0012583481147885323,0.9978281855583191
gue_splice_reconstructed_lora__InstaDeepAI_nucleotide-transformer-v2-500m-multi-species__20260520T222248Z,2,2,0.002430595923215151,0.003498709760606289,0.9940707087516785
gue_splice_reconstructed_lora__InstaDeepAI_nucleotide-transformer-v2-500m-multi-species__20260520T222248Z,1,1,9.136890002992004e-05,0.9962766766548157,0.003631940810009837
gue_splice_reconstructed_lora__InstaDeepAI_nucleotide-transformer-v2-500m-multi-species__20260520T222248Z,2,2,0.2201601266860962,0.0027271080762147903,0.7771128416061401
gue_splice_reconstructed_lora__InstaDeepAI_nucleotide-transformer-v2-500m-multi-species__20260520T222248Z,2,2,0.2856748700141907,0.00033449087641201913,0.7139906883239746
gue_splice_reconstructed_lora__InstaDeepAI_nucleotide-transformer-v2-500m-multi-species__20260520T222248Z,0,0,0.9931540489196777,5.9733389207394794e-05,0.006786214653402567
gue_splice_reconstructed_lora__InstaDeepAI_nucleotide-transformer-v2-500m-multi-species__20260520T222248Z,2,2,0.015353993512690067,0.002178722992539406,0.9824672341346741
gue_splice_reconstructed_lora__InstaDeepAI_nucleotide-transformer-v2-500m-multi-species__20260520T222248Z,2,2,0.0012100865133106709,0.0010071232682093978,0.9977827668190002
gue_splice_reconstructed_lora__InstaDeepAI_nucleotide-transformer-v2-500m-multi-species__20260520T222248Z,2,2,0.002499279100447893,0.03914305195212364,0.9583576321601868
gue_splice_reconstructed_lora__InstaDeepAI_nucleotide-transformer-v2-500m-multi-species__20260520T222248Z,1,1,2.3617478291271254e-05,0.994926929473877,0.005049468483775854
gue_splice_reconstructed_lora__InstaDeepAI_nucleotide-transformer-v2-500m-multi-species__20260520T222248Z,2,2,0.018255550414323807,0.000717413320671767,0.9810270071029663
gue_splice_reconstructed_lora__InstaDeepAI_nucleotide-transformer-v2-500m-multi-species__20260520T222248Z,2,2,0.02464929223060608,0.0010206319857388735,0.9743301272392273
gue_splice_reconstructed_lora__InstaDeepAI_nucleotide-transformer-v2-500m-multi-species__20260520T222248Z,1,1,6.878357089590281e-05,0.9974887371063232,0.0024425287265330553
gue_splice_reconstructed_lora__InstaDeepAI_nucleotide-transformer-v2-500m-multi-species__20260520T222248Z,2,2,0.006432627327740192,0.0008503948920406401,0.992716908454895
gue_splice_reconstructed_lora__InstaDeepAI_nucleotide-transformer-v2-500m-multi-species__20260520T222248Z,0,0,0.9447713494300842,0.0004239916743244976,0.05480464920401573
gue_splice_reconstructed_lora__InstaDeepAI_nucleotide-transformer-v2-500m-multi-species__20260520T222248Z,2,2,0.001327825360931456,0.015322821214795113,0.9833493232727051
gue_splice_reconstructed_lora__InstaDeepAI_nucleotide-transformer-v2-500m-multi-species__20260520T222248Z,2,2,0.002671109279617667,0.044488828629255295,0.9528400897979736
gue_splice_reconstructed_lora__InstaDeepAI_nucleotide-transformer-v2-500m-multi-species__20260520T222248Z,2,2,0.0021254438906908035,0.05059906095266342,0.9472755193710327
gue_splice_reconstructed_lora__InstaDeepAI_nucleotide-transformer-v2-500m-multi-species__20260520T222248Z,2,2,0.0008128342451527715,0.09199882298707962,0.9071882963180542
gue_splice_reconstructed_lora__InstaDeepAI_nucleotide-transformer-v2-500m-multi-species__20260520T222248Z,2,2,0.0013376924907788634,0.002184048993512988,0.996478259563446
gue_splice_reconstructed_lora__InstaDeepAI_nucleotide-transformer-v2-500m-multi-species__20260520T222248Z,0,0,0.9994181394577026,6.117610610090196e-05,0.0005207959329709411
gue_splice_reconstructed_lora__InstaDeepAI_nucleotide-transformer-v2-500m-multi-species__20260520T222248Z,2,2,0.0026870877481997013,0.0005891231703571975,0.9967238306999207
gue_splice_reconstructed_lora__InstaDeepAI_nucleotide-transformer-v2-500m-multi-species__20260520T222248Z,1,1,7.302037556655705e-05,0.9986664056777954,0.0012606355594471097
gue_splice_reconstructed_lora__InstaDeepAI_nucleotide-transformer-v2-500m-multi-species__20260520T222248Z,0,0,0.9956874251365662,0.0003493626427371055,0.003963257186114788
gue_splice_reconstructed_lora__InstaDeepAI_nucleotide-transformer-v2-500m-multi-species__20260520T222248Z,2,2,0.009550565853714943,0.0018898231210187078,0.9885595440864563
gue_splice_reconstructed_lora__InstaDeepAI_nucleotide-transformer-v2-500m-multi-species__20260520T222248Z,0,0,0.7653611302375793,0.0007605489809066057,0.23387831449508667
gue_splice_reconstructed_lora__InstaDeepAI_nucleotide-transformer-v2-500m-multi-species__20260520T222248Z,0,0,0.9990032315254211,5.60055450478103e-05,0.0009408087353222072
gue_splice_reconstructed_lora__InstaDeepAI_nucleotide-transformer-v2-500m-multi-species__20260520T222248Z,1,1,4.860620902036317e-05,0.9979304075241089,0.00202088407240808
gue_splice_reconstructed_lora__InstaDeepAI_nucleotide-transformer-v2-500m-multi-species__20260520T222248Z,2,2,0.0016796763520687819,0.000752666441258043,0.9975676536560059
gue_splice_reconstructed_lora__InstaDeepAI_nucleotide-transformer-v2-500m-multi-species__20260520T222248Z,2,2,0.001008524326607585,0.00565815344452858,0.9933333992958069
gue_splice_reconstructed_lora__InstaDeepAI_nucleotide-transformer-v2-500m-multi-species__20260520T222248Z,2,2,0.0033285445533692837,0.0007114617619663477,0.9959599375724792
gue_splice_reconstructed_lora__InstaDeepAI_nucleotide-transformer-v2-500m-multi-species__20260520T222248Z,2,2,0.000571642944123596,0.0015783567214384675,0.9978500604629517
gue_splice_reconstructed_lora__InstaDeepAI_nucleotide-transformer-v2-500m-multi-species__20260520T222248Z,1,1,0.00024024139565881342,0.9580544829368591,0.041705261915922165
gue_splice_reconstructed_lora__InstaDeepAI_nucleotide-transformer-v2-500m-multi-species__20260520T222248Z,0,0,0.99909508228302,6.079903687350452e-05,0.0008442371035926044
gue_splice_reconstructed_lora__InstaDeepAI_nucleotide-transformer-v2-500m-multi-species__20260520T222248Z,2,2,0.03918880224227905,0.002504033036530018,0.9583072066307068
gue_splice_reconstructed_lora__InstaDeepAI_nucleotide-transformer-v2-500m-multi-species__20260520T222248Z,1,1,9.038257121574134e-05,0.9971388578414917,0.002770832506939769
gue_splice_reconstructed_lora__InstaDeepAI_nucleotide-transformer-v2-500m-multi-species__20260520T222248Z,0,0,0.9281514883041382,0.005671982187777758,0.06617652624845505
gue_splice_reconstructed_lora__InstaDeepAI_nucleotide-transformer-v2-500m-multi-species__20260520T222248Z,1,1,5.3440257033798844e-05,0.9989917874336243,0.0009546805522404611
gue_splice_reconstructed_lora__InstaDeepAI_nucleotide-transformer-v2-500m-multi-species__20260520T222248Z,1,2,0.0010070799617096782,0.18783625960350037,0.811156690120697
gue_splice_reconstructed_lora__InstaDeepAI_nucleotide-transformer-v2-500m-multi-species__20260520T222248Z,2,2,0.015097166411578655,0.001738262246362865,0.9831646084785461
gue_splice_reconstructed_lora__InstaDeepAI_nucleotide-transformer-v2-500m-multi-species__20260520T222248Z,1,1,8.922362030716613e-05,0.9959560036659241,0.003954659681767225
gue_splice_reconstructed_lora__InstaDeepAI_nucleotide-transformer-v2-500m-multi-species__20260520T222248Z,2,2,0.002553083933889866,0.0030407574959099293,0.9944061040878296
gue_splice_reconstructed_lora__InstaDeepAI_nucleotide-transformer-v2-500m-multi-species__20260520T222248Z,0,0,0.9845957159996033,0.0006317059160210192,0.014772512018680573
gue_splice_reconstructed_lora__InstaDeepAI_nucleotide-transformer-v2-500m-multi-species__20260520T222248Z,2,2,0.004291630815714598,0.0024381442926824093,0.993270218372345
gue_splice_reconstructed_lora__InstaDeepAI_nucleotide-transformer-v2-500m-multi-species__20260520T222248Z,1,1,0.00010040579945780337,0.9968394041061401,0.0030601283069700003
gue_splice_reconstructed_lora__InstaDeepAI_nucleotide-transformer-v2-500m-multi-species__20260520T222248Z,2,2,0.002345217391848564,0.0002941122220363468,0.9973606467247009
gue_splice_reconstructed_lora__InstaDeepAI_nucleotide-transformer-v2-500m-multi-species__20260520T222248Z,0,0,0.9988860487937927,3.970921898144297e-05,0.0010743113234639168
gue_splice_reconstructed_lora__InstaDeepAI_nucleotide-transformer-v2-500m-multi-species__20260520T222248Z,1,1,6.225787365110591e-05,0.991591215133667,0.00834652315825224
gue_splice_reconstructed_lora__InstaDeepAI_nucleotide-transformer-v2-500m-multi-species__20260520T222248Z,0,0,0.9980175495147705,0.00018131663091480732,0.0018010827479884028
gue_splice_reconstructed_lora__InstaDeepAI_nucleotide-transformer-v2-500m-multi-species__20260520T222248Z,0,0,0.9934850335121155,8.525893645128235e-05,0.0064297509379684925
gue_splice_reconstructed_lora__InstaDeepAI_nucleotide-transformer-v2-500m-multi-species__20260520T222248Z,2,2,0.0007952236337587237,0.0013239686377346516,0.9978808164596558
gue_splice_reconstructed_lora__InstaDeepAI_nucleotide-transformer-v2-500m-multi-species__20260520T222248Z,2,2,0.003920610528439283,0.00046825013123452663,0.9956111311912537
gue_splice_reconstructed_lora__InstaDeepAI_nucleotide-transformer-v2-500m-multi-species__20260520T222248Z,1,1,2.8366701371851377e-05,0.998456597328186,0.0015151100233197212
gue_splice_reconstructed_lora__InstaDeepAI_nucleotide-transformer-v2-500m-multi-species__20260520T222248Z,2,2,0.0007451086421497166,0.21191078424453735,0.7873440980911255
gue_splice_reconstructed_lora__InstaDeepAI_nucleotide-transformer-v2-500m-multi-species__20260520T222248Z,0,0,0.9988123178482056,9.982160554500297e-05,0.0010879564797505736
gue_splice_reconstructed_lora__InstaDeepAI_nucleotide-transformer-v2-500m-multi-species__20260520T222248Z,0,0,0.9987645149230957,3.490239760139957e-05,0.001200677827000618
gue_splice_reconstructed_lora__InstaDeepAI_nucleotide-transformer-v2-500m-multi-species__20260520T222248Z,2,1,0.0010690729832276702,0.802623450756073,0.19630753993988037
gue_splice_reconstructed_lora__InstaDeepAI_nucleotide-transformer-v2-500m-multi-species__20260520T222248Z,0,0,0.9981908202171326,0.0001512263697804883,0.0016579034272581339
gue_splice_reconstructed_lora__InstaDeepAI_nucleotide-transformer-v2-500m-multi-species__20260520T222248Z,2,2,0.0045274291187524796,0.0014541359851136804,0.9940184354782104
gue_splice_reconstructed_lora__InstaDeepAI_nucleotide-transformer-v2-500m-multi-species__20260520T222248Z,2,2,0.0007534860633313656,0.0005925741279497743,0.9986538887023926
gue_splice_reconstructed_lora__InstaDeepAI_nucleotide-transformer-v2-500m-multi-species__20260520T222248Z,2,2,0.0028474617283791304,0.022222725674510002,0.9749298095703125
gue_splice_reconstructed_lora__InstaDeepAI_nucleotide-transformer-v2-500m-multi-species__20260520T222248Z,0,0,0.9646292328834534,0.0007026717066764832,0.0346679650247097
gue_splice_reconstructed_lora__InstaDeepAI_nucleotide-transformer-v2-500m-multi-species__20260520T222248Z,2,2,0.0021256667096167803,0.003092826809734106,0.9947814345359802
gue_splice_reconstructed_lora__InstaDeepAI_nucleotide-transformer-v2-500m-multi-species__20260520T222248Z,1,1,0.00011773353617172688,0.9264608025550842,0.0734214037656784
gue_splice_reconstructed_lora__InstaDeepAI_nucleotide-transformer-v2-500m-multi-species__20260520T222248Z,1,1,5.709109973395243e-05,0.9986698627471924,0.0012730112066492438
gue_splice_reconstructed_lora__InstaDeepAI_nucleotide-transformer-v2-500m-multi-species__20260520T222248Z,2,2,0.21470952033996582,0.008686468936502934,0.7766040563583374
gue_splice_reconstructed_lora__InstaDeepAI_nucleotide-transformer-v2-500m-multi-species__20260520T222248Z,2,2,0.0005941729177720845,0.0019615814089775085,0.9974442720413208
gue_splice_reconstructed_lora__InstaDeepAI_nucleotide-transformer-v2-500m-multi-species__20260520T222248Z,1,1,0.00013346297782845795,0.9962891340255737,0.0035774237476289272
gue_splice_reconstructed_lora__InstaDeepAI_nucleotide-transformer-v2-500m-multi-species__20260520T222248Z,2,2,0.0022123772650957108,0.005972893908619881,0.9918146729469299
gue_splice_reconstructed_lora__InstaDeepAI_nucleotide-transformer-v2-500m-multi-species__20260520T222248Z,1,1,9.744118142407387e-05,0.98264080286026,0.017261793836951256
gue_splice_reconstructed_lora__InstaDeepAI_nucleotide-transformer-v2-500m-multi-species__20260520T222248Z,2,2,0.4773111641407013,0.0005088604521006346,0.5221799612045288
gue_splice_reconstructed_lora__InstaDeepAI_nucleotide-transformer-v2-500m-multi-species__20260520T222248Z,2,2,0.00534023717045784,0.0005650597740896046,0.9940947890281677
gue_splice_reconstructed_lora__InstaDeepAI_nucleotide-transformer-v2-500m-multi-species__20260520T222248Z,1,1,4.483542943489738e-05,0.9992071986198425,0.000748036487493664
gue_splice_reconstructed_lora__InstaDeepAI_nucleotide-transformer-v2-500m-multi-species__20260520T222248Z,2,2,0.002087228698655963,0.0008812027517706156,0.997031569480896
gue_splice_reconstructed_lora__InstaDeepAI_nucleotide-transformer-v2-500m-multi-species__20260520T222248Z,1,2,0.0010586811695247889,0.2836792767047882,0.7152619957923889
gue_splice_reconstructed_lora__InstaDeepAI_nucleotide-transformer-v2-500m-multi-species__20260520T222248Z,2,2,0.02143680490553379,0.0016037358436733484,0.9769594669342041
gue_splice_reconstructed_lora__InstaDeepAI_nucleotide-transformer-v2-500m-multi-species__20260520T222248Z,2,2,0.00034257376682944596,0.0060044522397220135,0.9936529397964478
gue_splice_reconstructed_lora__InstaDeepAI_nucleotide-transformer-v2-500m-multi-species__20260520T222248Z,1,1,0.0002308358671143651,0.9914673566818237,0.008301790803670883
gue_splice_reconstructed_lora__InstaDeepAI_nucleotide-transformer-v2-500m-multi-species__20260520T222248Z,1,2,0.0006005436880514026,0.016535503789782524,0.9828639030456543
gue_splice_reconstructed_lora__InstaDeepAI_nucleotide-transformer-v2-500m-multi-species__20260520T222248Z,0,0,0.9988940358161926,0.0002325649547856301,0.0008734157891012728
gue_splice_reconstructed_lora__InstaDeepAI_nucleotide-transformer-v2-500m-multi-species__20260520T222248Z,2,2,0.034707099199295044,0.0002818071807269007,0.9650111198425293
gue_splice_reconstructed_lora__InstaDeepAI_nucleotide-transformer-v2-500m-multi-species__20260520T222248Z,1,1,8.372588490601629e-05,0.9987571239471436,0.0011591912480071187
gue_splice_reconstructed_lora__InstaDeepAI_nucleotide-transformer-v2-500m-multi-species__20260520T222248Z,0,0,0.9976707100868225,9.078472794499248e-05,0.002238517627120018
gue_splice_reconstructed_lora__InstaDeepAI_nucleotide-transformer-v2-500m-multi-species__20260520T222248Z,1,1,0.0006606208626180887,0.5415357947349548,0.4578036069869995
gue_splice_reconstructed_lora__InstaDeepAI_nucleotide-transformer-v2-500m-multi-species__20260520T222248Z,1,1,3.2671698136255145e-05,0.9991239905357361,0.0008434374467469752
gue_splice_reconstructed_lora__InstaDeepAI_nucleotide-transformer-v2-500m-multi-species__20260520T222248Z,0,0,0.9976229071617126,6.77262942190282e-05,0.002309465082362294
gue_splice_reconstructed_lora__InstaDeepAI_nucleotide-transformer-v2-500m-multi-species__20260520T222248Z,0,0,0.9950923919677734,0.0001832738344091922,0.0047243875451385975
gue_splice_reconstructed_lora__InstaDeepAI_nucleotide-transformer-v2-500m-multi-species__20260520T222248Z,2,2,0.004125646315515041,0.0010421084007248282,0.9948322772979736
gue_splice_reconstructed_lora__InstaDeepAI_nucleotide-transformer-v2-500m-multi-species__20260520T222248Z,1,1,0.00017136373207904398,0.9731754660606384,0.026653172448277473
gue_splice_reconstructed_lora__InstaDeepAI_nucleotide-transformer-v2-500m-multi-species__20260520T222248Z,2,2,0.0019813154358416796,0.0013044640654698014,0.9967142343521118
gue_splice_reconstructed_lora__InstaDeepAI_nucleotide-transformer-v2-500m-multi-species__20260520T222248Z,2,2,0.005872755777090788,0.007445639465004206,0.9866815805435181
gue_splice_reconstructed_lora__InstaDeepAI_nucleotide-transformer-v2-500m-multi-species__20260520T222248Z,2,2,0.005853837821632624,0.0029291571117937565,0.9912170171737671
gue_splice_reconstructed_lora__InstaDeepAI_nucleotide-transformer-v2-500m-multi-species__20260520T222248Z,1,1,4.108556095161475e-05,0.9978048205375671,0.0021541023161262274
gue_splice_reconstructed_lora__InstaDeepAI_nucleotide-transformer-v2-500m-multi-species__20260520T222248Z,2,2,0.0013224628055468202,0.001931703300215304,0.9967458248138428
gue_splice_reconstructed_lora__InstaDeepAI_nucleotide-transformer-v2-500m-multi-species__20260520T222248Z,2,2,0.001333422027528286,0.001481740502640605,0.9971848130226135
gue_splice_reconstructed_lora__InstaDeepAI_nucleotide-transformer-v2-500m-multi-species__20260520T222248Z,1,1,4.388959860079922e-05,0.9974201917648315,0.0025359359569847584
gue_splice_reconstructed_lora__InstaDeepAI_nucleotide-transformer-v2-500m-multi-species__20260520T222248Z,2,2,0.00307984440587461,0.0004930463619530201,0.9964271187782288
gue_splice_reconstructed_lora__InstaDeepAI_nucleotide-transformer-v2-500m-multi-species__20260520T222248Z,2,2,0.002745406934991479,0.0005437796353362501,0.9967107772827148
gue_splice_reconstructed_lora__InstaDeepAI_nucleotide-transformer-v2-500m-multi-species__20260520T222248Z,2,2,0.003332159947603941,0.005451049655675888,0.991216778755188
gue_splice_reconstructed_lora__InstaDeepAI_nucleotide-transformer-v2-500m-multi-species__20260520T222248Z,1,1,0.0001004371079034172,0.9893904328346252,0.010509120300412178
gue_splice_reconstructed_lora__InstaDeepAI_nucleotide-transformer-v2-500m-multi-species__20260520T222248Z,2,2,0.003209599992260337,0.023200497031211853,0.9735898375511169
gue_splice_reconstructed_lora__InstaDeepAI_nucleotide-transformer-v2-500m-multi-species__20260520T222248Z,2,2,0.009573575109243393,0.0014188220957294106,0.9890075922012329
gue_splice_reconstructed_lora__InstaDeepAI_nucleotide-transformer-v2-500m-multi-species__20260520T222248Z,1,1,6.189190753502771e-05,0.9973823428153992,0.0025557284243404865
gue_splice_reconstructed_lora__InstaDeepAI_nucleotide-transformer-v2-500m-multi-species__20260520T222248Z,2,2,0.001523357699625194,0.06502833962440491,0.933448314666748
gue_splice_reconstructed_lora__InstaDeepAI_nucleotide-transformer-v2-500m-multi-species__20260520T222248Z,0,0,0.9866690635681152,0.00019007189257536083,0.013140921480953693
gue_splice_reconstructed_lora__InstaDeepAI_nucleotide-transformer-v2-500m-multi-species__20260520T222248Z,2,2,0.003022801363840699,0.0026339609175920486,0.9943432807922363
gue_splice_reconstructed_lora__InstaDeepAI_nucleotide-transformer-v2-500m-multi-species__20260520T222248Z,0,0,0.9993176460266113,2.78420266113244e-05,0.0006544356583617628
gue_splice_reconstructed_lora__InstaDeepAI_nucleotide-transformer-v2-500m-multi-species__20260520T222248Z,2,2,0.002539342036470771,0.000649614492431283,0.9968110918998718
gue_splice_reconstructed_lora__InstaDeepAI_nucleotide-transformer-v2-500m-multi-species__20260520T222248Z,1,1,8.561840513721108e-05,0.9976736903190613,0.0022407113574445248
gue_splice_reconstructed_lora__InstaDeepAI_nucleotide-transformer-v2-500m-multi-species__20260520T222248Z,2,2,0.10419142246246338,0.0005534614901989698,0.8952551484107971
gue_splice_reconstructed_lora__InstaDeepAI_nucleotide-transformer-v2-500m-multi-species__20260520T222248Z,1,1,5.994579987600446e-05,0.9927999973297119,0.007140014320611954
gue_splice_reconstructed_lora__InstaDeepAI_nucleotide-transformer-v2-500m-multi-species__20260520T222248Z,2,2,0.0043473620899021626,0.0012060406152158976,0.9944466352462769
gue_splice_reconstructed_lora__InstaDeepAI_nucleotide-transformer-v2-500m-multi-species__20260520T222248Z,1,1,0.0003629735729191452,0.7151642441749573,0.2844727039337158
gue_splice_reconstructed_lora__InstaDeepAI_nucleotide-transformer-v2-500m-multi-species__20260520T222248Z,1,1,0.00017429642321076244,0.9898301959037781,0.009995505213737488
gue_splice_reconstructed_lora__InstaDeepAI_nucleotide-transformer-v2-500m-multi-species__20260520T222248Z,2,2,0.0006383362342603505,0.0005375330219976604,0.9988240599632263
gue_splice_reconstructed_lora__InstaDeepAI_nucleotide-transformer-v2-500m-multi-species__20260520T222248Z,2,2,0.010595421306788921,0.001025287201628089,0.9883792400360107
gue_splice_reconstructed_lora__InstaDeepAI_nucleotide-transformer-v2-500m-multi-species__20260520T222248Z,2,2,0.002416986506432295,0.00035196050885133445,0.9972310662269592
gue_splice_reconstructed_lora__InstaDeepAI_nucleotide-transformer-v2-500m-multi-species__20260520T222248Z,2,2,0.0035592420026659966,0.001821436919271946,0.9946192502975464
gue_splice_reconstructed_lora__InstaDeepAI_nucleotide-transformer-v2-500m-multi-species__20260520T222248Z,1,1,0.000704386446159333,0.8483741879463196,0.15092141926288605
gue_splice_reconstructed_lora__InstaDeepAI_nucleotide-transformer-v2-500m-multi-species__20260520T222248Z,2,2,0.0009085258934646845,0.0008239971939474344,0.998267412185669
gue_splice_reconstructed_lora__InstaDeepAI_nucleotide-transformer-v2-500m-multi-species__20260520T222248Z,1,1,4.237627945258282e-05,0.9974875450134277,0.002470111008733511
gue_splice_reconstructed_lora__InstaDeepAI_nucleotide-transformer-v2-500m-multi-species__20260520T222248Z,2,2,0.013435723260045052,0.0013698673574253917,0.9851943850517273
gue_splice_reconstructed_lora__InstaDeepAI_nucleotide-transformer-v2-500m-multi-species__20260520T222248Z,0,0,0.9973121881484985,0.0001620994007680565,0.002525775460526347
gue_splice_reconstructed_lora__InstaDeepAI_nucleotide-transformer-v2-500m-multi-species__20260520T222248Z,2,2,0.023061266168951988,0.008718944154679775,0.9682198166847229
gue_splice_reconstructed_lora__InstaDeepAI_nucleotide-transformer-v2-500m-multi-species__20260520T222248Z,2,2,0.0008973512449301779,0.0014910857426002622,0.9976115226745605
gue_splice_reconstructed_lora__InstaDeepAI_nucleotide-transformer-v2-500m-multi-species__20260520T222248Z,1,1,5.667240475304425e-05,0.9991210103034973,0.0008222891483455896
gue_splice_reconstructed_lora__InstaDeepAI_nucleotide-transformer-v2-500m-multi-species__20260520T222248Z,2,1,0.00014956723316572607,0.8936402201652527,0.10621022433042526
gue_splice_reconstructed_lora__InstaDeepAI_nucleotide-transformer-v2-500m-multi-species__20260520T222248Z,1,1,0.00015771063044667244,0.9952625036239624,0.0045798160135746
gue_splice_reconstructed_lora__InstaDeepAI_nucleotide-transformer-v2-500m-multi-species__20260520T222248Z,2,2,0.0020089552272111177,0.004981932230293751,0.993009090423584
gue_splice_reconstructed_lora__InstaDeepAI_nucleotide-transformer-v2-500m-multi-species__20260520T222248Z,0,0,0.9960972666740417,0.00021616744925267994,0.0036866706795990467
gue_splice_reconstructed_lora__InstaDeepAI_nucleotide-transformer-v2-500m-multi-species__20260520T222248Z,1,1,0.0003313321794848889,0.516424298286438,0.483244389295578
gue_splice_reconstructed_lora__InstaDeepAI_nucleotide-transformer-v2-500m-multi-species__20260520T222248Z,1,1,0.000154938199557364,0.9970513582229614,0.002793682971969247
gue_splice_reconstructed_lora__InstaDeepAI_nucleotide-transformer-v2-500m-multi-species__20260520T222248Z,2,2,0.008331386372447014,0.0010296403197571635,0.9906389713287354
gue_splice_reconstructed_lora__InstaDeepAI_nucleotide-transformer-v2-500m-multi-species__20260520T222248Z,0,0,0.9369674921035767,0.0004432588175404817,0.06258927285671234
gue_splice_reconstructed_lora__InstaDeepAI_nucleotide-transformer-v2-500m-multi-species__20260520T222248Z,1,1,7.177719817264006e-05,0.9990723133087158,0.0008558391709811985
gue_splice_reconstructed_lora__InstaDeepAI_nucleotide-transformer-v2-500m-multi-species__20260520T222248Z,2,2,0.006627894937992096,0.017360161989927292,0.9760119318962097
gue_splice_reconstructed_lora__InstaDeepAI_nucleotide-transformer-v2-500m-multi-species__20260520T222248Z,2,2,0.004917518701404333,0.0004489918064791709,0.9946335554122925
gue_splice_reconstructed_lora__InstaDeepAI_nucleotide-transformer-v2-500m-multi-species__20260520T222248Z,2,2,0.0034555194433778524,0.008010818623006344,0.9885336756706238
gue_splice_reconstructed_lora__InstaDeepAI_nucleotide-transformer-v2-500m-multi-species__20260520T222248Z,1,1,5.2086506912019104e-05,0.9928895235061646,0.007058328483253717
gue_splice_reconstructed_lora__InstaDeepAI_nucleotide-transformer-v2-500m-multi-species__20260520T222248Z,0,0,0.9993228912353516,0.00017769481928553432,0.0004993316833861172
gue_splice_reconstructed_lora__InstaDeepAI_nucleotide-transformer-v2-500m-multi-species__20260520T222248Z,2,2,0.006011524703353643,0.0006213549640960991,0.9933671355247498
gue_splice_reconstructed_lora__InstaDeepAI_nucleotide-transformer-v2-500m-multi-species__20260520T222248Z,1,1,8.734108996577561e-05,0.9980624318122864,0.0018501903396099806
gue_splice_reconstructed_lora__InstaDeepAI_nucleotide-transformer-v2-500m-multi-species__20260520T222248Z,0,0,0.9988569021224976,7.713960076216608e-05,0.0010659198742359877
gue_splice_reconstructed_lora__InstaDeepAI_nucleotide-transformer-v2-500m-multi-species__20260520T222248Z,0,0,0.8290680050849915,0.0011755172163248062,0.1697564274072647
gue_splice_reconstructed_lora__InstaDeepAI_nucleotide-transformer-v2-500m-multi-species__20260520T222248Z,1,2,0.0015834025107324123,0.46780553460121155,0.5306110382080078
gue_splice_reconstructed_lora__InstaDeepAI_nucleotide-transformer-v2-500m-multi-species__20260520T222248Z,2,2,0.0009100405732169747,0.018498631194233894,0.980591356754303
gue_splice_reconstructed_lora__InstaDeepAI_nucleotide-transformer-v2-500m-multi-species__20260520T222248Z,0,0,0.9989672899246216,9.287682041758671e-05,0.0009398565744049847
gue_splice_reconstructed_lora__InstaDeepAI_nucleotide-transformer-v2-500m-multi-species__20260520T222248Z,1,2,0.0014758663019165397,0.07092049717903137,0.9276036024093628
gue_splice_reconstructed_lora__InstaDeepAI_nucleotide-transformer-v2-500m-multi-species__20260520T222248Z,1,1,4.951958544552326e-05,0.9970184564590454,0.002931949682533741
gue_splice_reconstructed_lora__InstaDeepAI_nucleotide-transformer-v2-500m-multi-species__20260520T222248Z,2,2,0.002039601095020771,0.001548619125969708,0.9964117407798767
gue_splice_reconstructed_lora__InstaDeepAI_nucleotide-transformer-v2-500m-multi-species__20260520T222248Z,0,0,0.9890013933181763,0.0001648823672439903,0.010833656415343285
gue_splice_reconstructed_lora__InstaDeepAI_nucleotide-transformer-v2-500m-multi-species__20260520T222248Z,0,0,0.5065174102783203,0.000627632369287312,0.4928549826145172
gue_splice_reconstructed_lora__InstaDeepAI_nucleotide-transformer-v2-500m-multi-species__20260520T222248Z,1,2,0.0007549409638158977,0.2305721640586853,0.7686728835105896
gue_splice_reconstructed_lora__InstaDeepAI_nucleotide-transformer-v2-500m-multi-species__20260520T222248Z,1,1,4.170546162640676e-05,0.9971567392349243,0.0028014916460961103
gue_splice_reconstructed_lora__InstaDeepAI_nucleotide-transformer-v2-500m-multi-species__20260520T222248Z,2,2,0.013029011897742748,0.0012725295964628458,0.985698401927948
gue_splice_reconstructed_lora__InstaDeepAI_nucleotide-transformer-v2-500m-multi-species__20260520T222248Z,2,2,0.001463119639083743,0.008097119629383087,0.990439772605896
gue_splice_reconstructed_lora__InstaDeepAI_nucleotide-transformer-v2-500m-multi-species__20260520T222248Z,2,2,0.0005175871192477643,0.014913436956703663,0.9845689535140991
gue_splice_reconstructed_lora__InstaDeepAI_nucleotide-transformer-v2-500m-multi-species__20260520T222248Z,0,0,0.9983953833580017,0.00010214615758741274,0.0015024932799860835
gue_splice_reconstructed_lora__InstaDeepAI_nucleotide-transformer-v2-500m-multi-species__20260520T222248Z,1,1,0.0002053717034868896,0.9669023752212524,0.03289228677749634
gue_splice_reconstructed_lora__InstaDeepAI_nucleotide-transformer-v2-500m-multi-species__20260520T222248Z,0,0,0.9993464350700378,6.348440365400165e-05,0.0005900966934859753
gue_splice_reconstructed_lora__InstaDeepAI_nucleotide-transformer-v2-500m-multi-species__20260520T222248Z,2,2,0.010487843304872513,0.0006018823478370905,0.9889101982116699
gue_splice_reconstructed_lora__InstaDeepAI_nucleotide-transformer-v2-500m-multi-species__20260520T222248Z,2,2,0.013403289020061493,0.014281668700277805,0.9723150134086609
gue_splice_reconstructed_lora__InstaDeepAI_nucleotide-transformer-v2-500m-multi-species__20260520T222248Z,1,1,5.64131150895264e-05,0.9945498108863831,0.005393794737756252
gue_splice_reconstructed_lora__InstaDeepAI_nucleotide-transformer-v2-500m-multi-species__20260520T222248Z,0,0,0.9992982149124146,0.00015650528075639158,0.0005451912293210626
gue_splice_reconstructed_lora__InstaDeepAI_nucleotide-transformer-v2-500m-multi-species__20260520T222248Z,2,2,0.0011435974156484008,0.0009462256566621363,0.99791020154953
gue_splice_reconstructed_lora__InstaDeepAI_nucleotide-transformer-v2-500m-multi-species__20260520T222248Z,0,0,0.9988695979118347,3.490607195999473e-05,0.0010954821482300758
gue_splice_reconstructed_lora__InstaDeepAI_nucleotide-transformer-v2-500m-multi-species__20260520T222248Z,0,0,0.8606395125389099,0.0007726344629190862,0.13858778774738312
gue_splice_reconstructed_lora__InstaDeepAI_nucleotide-transformer-v2-500m-multi-species__20260520T222248Z,0,0,0.9879785776138306,0.00013234969810582697,0.011889040470123291
gue_splice_reconstructed_lora__InstaDeepAI_nucleotide-transformer-v2-500m-multi-species__20260520T222248Z,2,2,0.010799991898238659,0.002670015674084425,0.986530065536499
gue_splice_reconstructed_lora__InstaDeepAI_nucleotide-transformer-v2-500m-multi-species__20260520T222248Z,0,0,0.9966892600059509,0.0002660485333763063,0.0030447638127952814
gue_splice_reconstructed_lora__InstaDeepAI_nucleotide-transformer-v2-500m-multi-species__20260520T222248Z,2,2,0.007237494923174381,0.0070767453871667385,0.9856858253479004
gue_splice_reconstructed_lora__InstaDeepAI_nucleotide-transformer-v2-500m-multi-species__20260520T222248Z,1,1,2.9158694815123454e-05,0.9986497759819031,0.0013211127370595932
gue_splice_reconstructed_lora__InstaDeepAI_nucleotide-transformer-v2-500m-multi-species__20260520T222248Z,2,2,0.0020027344580739737,0.00029884499963372946,0.9976983666419983
gue_splice_reconstructed_lora__InstaDeepAI_nucleotide-transformer-v2-500m-multi-species__20260520T222248Z,2,2,0.0286398995667696,0.0005862459074705839,0.9707738161087036
gue_splice_reconstructed_lora__InstaDeepAI_nucleotide-transformer-v2-500m-multi-species__20260520T222248Z,2,2,0.0031013954430818558,0.003250234527513385,0.9936483502388
gue_splice_reconstructed_lora__InstaDeepAI_nucleotide-transformer-v2-500m-multi-species__20260520T222248Z,2,2,0.007135363761335611,0.0009534844430163503,0.9919111132621765
gue_splice_reconstructed_lora__InstaDeepAI_nucleotide-transformer-v2-500m-multi-species__20260520T222248Z,1,1,4.444053047336638e-05,0.9981743097305298,0.0017812487203627825
gue_splice_reconstructed_lora__InstaDeepAI_nucleotide-transformer-v2-500m-multi-species__20260520T222248Z,2,2,0.009802271611988544,0.001022112788632512,0.9891756176948547
gue_splice_reconstructed_lora__InstaDeepAI_nucleotide-transformer-v2-500m-multi-species__20260520T222248Z,2,2,0.013107660226523876,0.014424092136323452,0.9724681973457336
gue_splice_reconstructed_lora__InstaDeepAI_nucleotide-transformer-v2-500m-multi-species__20260520T222248Z,1,1,4.4438696932047606e-05,0.99813312292099,0.0018225242383778095
gue_splice_reconstructed_lora__InstaDeepAI_nucleotide-transformer-v2-500m-multi-species__20260520T222248Z,1,1,9.287535067414865e-05,0.9970023036003113,0.0029048279393464327
gue_splice_reconstructed_lora__InstaDeepAI_nucleotide-transformer-v2-500m-multi-species__20260520T222248Z,1,1,5.7252913393313065e-05,0.9975958466529846,0.0023469161242246628
gue_splice_reconstructed_lora__InstaDeepAI_nucleotide-transformer-v2-500m-multi-species__20260520T222248Z,2,2,0.049520187079906464,0.001503984211012721,0.9489758610725403
gue_splice_reconstructed_lora__InstaDeepAI_nucleotide-transformer-v2-500m-multi-species__20260520T222248Z,1,1,7.323351746890694e-05,0.9937870502471924,0.006139798555523157
gue_splice_reconstructed_lora__InstaDeepAI_nucleotide-transformer-v2-500m-multi-species__20260520T222248Z,2,2,0.004320565145462751,0.0121766347438097,0.9835028052330017
gue_splice_reconstructed_lora__InstaDeepAI_nucleotide-transformer-v2-500m-multi-species__20260520T222248Z,1,1,0.0006606208626180887,0.5415357947349548,0.4578036069869995
gue_splice_reconstructed_lora__InstaDeepAI_nucleotide-transformer-v2-500m-multi-species__20260520T222248Z,0,0,0.999382734298706,5.746759779867716e-05,0.0005598049610853195
gue_splice_reconstructed_lora__InstaDeepAI_nucleotide-transformer-v2-500m-multi-species__20260520T222248Z,0,0,0.9968785047531128,8.35684040794149e-05,0.0030379164963960648
gue_splice_reconstructed_lora__InstaDeepAI_nucleotide-transformer-v2-500m-multi-species__20260520T222248Z,1,1,4.262173024471849e-05,0.99935382604599,0.0006035052356310189
gue_splice_reconstructed_lora__InstaDeepAI_nucleotide-transformer-v2-500m-multi-species__20260520T222248Z,1,1,8.700179751031101e-05,0.998076319694519,0.0018367141019552946
gue_splice_reconstructed_lora__InstaDeepAI_nucleotide-transformer-v2-500m-multi-species__20260520T222248Z,2,2,0.0022348950151354074,0.0036524757742881775,0.9941126704216003
gue_splice_reconstructed_lora__InstaDeepAI_nucleotide-transformer-v2-500m-multi-species__20260520T222248Z,0,0,0.9981841444969177,3.543143247952685e-05,0.001780396793037653
gue_splice_reconstructed_lora__InstaDeepAI_nucleotide-transformer-v2-500m-multi-species__20260520T222248Z,0,0,0.9615104794502258,0.0005465383874252439,0.037942949682474136
gue_splice_reconstructed_lora__InstaDeepAI_nucleotide-transformer-v2-500m-multi-species__20260520T222248Z,2,2,0.002134402049705386,0.0009452870581299067,0.9969203472137451
gue_splice_reconstructed_lora__InstaDeepAI_nucleotide-transformer-v2-500m-multi-species__20260520T222248Z,1,1,3.937174551538192e-05,0.9981645941734314,0.0017960785189643502
gue_splice_reconstructed_lora__InstaDeepAI_nucleotide-transformer-v2-500m-multi-species__20260520T222248Z,1,1,6.19429920334369e-05,0.9982055425643921,0.001732410630211234
gue_splice_reconstructed_lora__InstaDeepAI_nucleotide-transformer-v2-500m-multi-species__20260520T222248Z,1,1,0.00025644333800300956,0.9815690517425537,0.018174447119235992
gue_splice_reconstructed_lora__InstaDeepAI_nucleotide-transformer-v2-500m-multi-species__20260520T222248Z,2,2,0.002432153094559908,0.0028601849917322397,0.9947075843811035
gue_splice_reconstructed_lora__InstaDeepAI_nucleotide-transformer-v2-500m-multi-species__20260520T222248Z,0,0,0.9990461468696594,4.113667455385439e-05,0.0009127932135015726
gue_splice_reconstructed_lora__InstaDeepAI_nucleotide-transformer-v2-500m-multi-species__20260520T222248Z,2,2,0.002424257341772318,0.0002709337277337909,0.9973047971725464
gue_splice_reconstructed_lora__InstaDeepAI_nucleotide-transformer-v2-500m-multi-species__20260520T222248Z,1,1,0.00022441789042204618,0.9342452883720398,0.06553029268980026
gue_splice_reconstructed_lora__InstaDeepAI_nucleotide-transformer-v2-500m-multi-species__20260520T222248Z,2,2,0.004658563528209925,0.004000276327133179,0.9913411736488342
gue_splice_reconstructed_lora__InstaDeepAI_nucleotide-transformer-v2-500m-multi-species__20260520T222248Z,2,2,0.0036971138324588537,0.004673589952290058,0.9916293025016785
gue_splice_reconstructed_lora__InstaDeepAI_nucleotide-transformer-v2-500m-multi-species__20260520T222248Z,1,1,8.691685798112303e-05,0.9990513920783997,0.0008616916020400822
gue_splice_reconstructed_lora__InstaDeepAI_nucleotide-transformer-v2-500m-multi-species__20260520T222248Z,2,2,0.0006846223259344697,0.07222624868154526,0.9270890951156616
gue_splice_reconstructed_lora__InstaDeepAI_nucleotide-transformer-v2-500m-multi-species__20260520T222248Z,0,0,0.9975577592849731,0.0001057123372447677,0.0023365356028079987
gue_splice_reconstructed_lora__InstaDeepAI_nucleotide-transformer-v2-500m-multi-species__20260520T222248Z,1,1,6.937287980690598e-05,0.9982057809829712,0.0017248145304620266
gue_splice_reconstructed_lora__InstaDeepAI_nucleotide-transformer-v2-500m-multi-species__20260520T222248Z,2,2,0.050177041441202164,0.000737376103643328,0.9490855932235718
gue_splice_reconstructed_lora__InstaDeepAI_nucleotide-transformer-v2-500m-multi-species__20260520T222248Z,2,2,0.0033923194278031588,0.026153795421123505,0.9704538583755493
gue_splice_reconstructed_lora__InstaDeepAI_nucleotide-transformer-v2-500m-multi-species__20260520T222248Z,2,2,0.015028314664959908,0.05611027777194977,0.9288614392280579
gue_splice_reconstructed_lora__InstaDeepAI_nucleotide-transformer-v2-500m-multi-species__20260520T222248Z,0,0,0.9683611989021301,0.0002589921932667494,0.03137971833348274
gue_splice_reconstructed_lora__InstaDeepAI_nucleotide-transformer-v2-500m-multi-species__20260520T222248Z,0,0,0.9995080232620239,4.467407416086644e-05,0.00044724406325258315
gue_splice_reconstructed_lora__InstaDeepAI_nucleotide-transformer-v2-500m-multi-species__20260520T222248Z,0,0,0.9978352189064026,7.18284718459472e-05,0.0020929949823766947
gue_splice_reconstructed_lora__InstaDeepAI_nucleotide-transformer-v2-500m-multi-species__20260520T222248Z,2,2,0.0006816660170443356,0.0012247320264577866,0.9980935454368591
gue_splice_reconstructed_lora__InstaDeepAI_nucleotide-transformer-v2-500m-multi-species__20260520T222248Z,0,0,0.9986133575439453,0.00020477983343880624,0.001181884086690843
gue_splice_reconstructed_lora__InstaDeepAI_nucleotide-transformer-v2-500m-multi-species__20260520T222248Z,2,2,0.0018916785484179854,0.00276314839720726,0.9953451752662659
gue_splice_reconstructed_lora__InstaDeepAI_nucleotide-transformer-v2-500m-multi-species__20260520T222248Z,1,1,7.80274931457825e-05,0.9985828399658203,0.0013392091495916247
gue_splice_reconstructed_lora__InstaDeepAI_nucleotide-transformer-v2-500m-multi-species__20260520T222248Z,1,1,4.308639108785428e-05,0.9984790682792664,0.0014778792392462492
gue_splice_reconstructed_lora__InstaDeepAI_nucleotide-transformer-v2-500m-multi-species__20260520T222248Z,0,2,0.0020754586439579725,0.000689108157530427,0.9972354769706726
gue_splice_reconstructed_lora__InstaDeepAI_nucleotide-transformer-v2-500m-multi-species__20260520T222248Z,0,0,0.9852316379547119,0.0005699530593119562,0.014198419637978077
gue_splice_reconstructed_lora__InstaDeepAI_nucleotide-transformer-v2-500m-multi-species__20260520T222248Z,1,1,5.8684356190497056e-05,0.983364999294281,0.01657627709209919
gue_splice_reconstructed_lora__InstaDeepAI_nucleotide-transformer-v2-500m-multi-species__20260520T222248Z,2,2,0.009781834669411182,0.000691841181833297,0.9895262718200684
gue_splice_reconstructed_lora__InstaDeepAI_nucleotide-transformer-v2-500m-multi-species__20260520T222248Z,0,0,0.9991569519042969,4.4484280806500465e-05,0.0007985768024809659
gue_splice_reconstructed_lora__InstaDeepAI_nucleotide-transformer-v2-500m-multi-species__20260520T222248Z,1,1,5.2762516133952886e-05,0.9979488253593445,0.001998352585360408
gue_splice_reconstructed_lora__InstaDeepAI_nucleotide-transformer-v2-500m-multi-species__20260520T222248Z,2,2,0.01300029642879963,0.001069737714715302,0.9859300255775452
gue_splice_reconstructed_lora__InstaDeepAI_nucleotide-transformer-v2-500m-multi-species__20260520T222248Z,0,0,0.9937455654144287,8.13759834272787e-05,0.0061729843728244305
gue_splice_reconstructed_lora__InstaDeepAI_nucleotide-transformer-v2-500m-multi-species__20260520T222248Z,0,0,0.9980925917625427,0.00023012010206002742,0.0016772813396528363
gue_splice_reconstructed_lora__InstaDeepAI_nucleotide-transformer-v2-500m-multi-species__20260520T222248Z,0,0,0.9982037544250488,0.00023104649153538048,0.0015650999266654253
gue_splice_reconstructed_lora__InstaDeepAI_nucleotide-transformer-v2-500m-multi-species__20260520T222248Z,2,2,0.004737283568829298,0.009560235776007175,0.9857024550437927
gue_splice_reconstructed_lora__InstaDeepAI_nucleotide-transformer-v2-500m-multi-species__20260520T222248Z,2,2,0.0012080424930900335,0.0007471662829630077,0.9980447292327881
gue_splice_reconstructed_lora__InstaDeepAI_nucleotide-transformer-v2-500m-multi-species__20260520T222248Z,2,2,0.006315503269433975,0.0007897064206190407,0.9928948283195496
gue_splice_reconstructed_lora__InstaDeepAI_nucleotide-transformer-v2-500m-multi-species__20260520T222248Z,2,2,0.004478095099329948,0.001716373022645712,0.9938055276870728
gue_splice_reconstructed_lora__InstaDeepAI_nucleotide-transformer-v2-500m-multi-species__20260520T222248Z,0,2,0.12250474095344543,0.007297055795788765,0.8701981902122498
gue_splice_reconstructed_lora__InstaDeepAI_nucleotide-transformer-v2-500m-multi-species__20260520T222248Z,2,2,0.0026593476068228483,0.00025297660613432527,0.9970876574516296
gue_splice_reconstructed_lora__InstaDeepAI_nucleotide-transformer-v2-500m-multi-species__20260520T222248Z,0,0,0.9100003242492676,0.0004238269757479429,0.08957583457231522
gue_splice_reconstructed_lora__InstaDeepAI_nucleotide-transformer-v2-500m-multi-species__20260520T222248Z,2,2,0.0023359463084489107,0.006184522993862629,0.9914795160293579
gue_splice_reconstructed_lora__InstaDeepAI_nucleotide-transformer-v2-500m-multi-species__20260520T222248Z,2,0,0.7533161640167236,0.000920768768992275,0.24576306343078613
gue_splice_reconstructed_lora__InstaDeepAI_nucleotide-transformer-v2-500m-multi-species__20260520T222248Z,2,2,0.008843795396387577,0.0004024728259537369,0.9907537698745728
gue_splice_reconstructed_lora__InstaDeepAI_nucleotide-transformer-v2-500m-multi-species__20260520T222248Z,2,2,0.006612398661673069,0.0004526237025856972,0.9929350018501282
gue_splice_reconstructed_lora__InstaDeepAI_nucleotide-transformer-v2-500m-multi-species__20260520T222248Z,2,2,0.0029943312983959913,0.0013897762401029468,0.9956159591674805
gue_splice_reconstructed_lora__InstaDeepAI_nucleotide-transformer-v2-500m-multi-species__20260520T222248Z,1,1,0.0001672278594924137,0.983669102191925,0.016163716092705727
gue_splice_reconstructed_lora__InstaDeepAI_nucleotide-transformer-v2-500m-multi-species__20260520T222248Z,1,1,4.9436283006798476e-05,0.9992368221282959,0.0007138025830499828
gue_splice_reconstructed_lora__InstaDeepAI_nucleotide-transformer-v2-500m-multi-species__20260520T222248Z,2,2,0.16374602913856506,0.009944774210453033,0.8263091444969177
gue_splice_reconstructed_lora__InstaDeepAI_nucleotide-transformer-v2-500m-multi-species__20260520T222248Z,1,1,3.5455239412840456e-05,0.9872178435325623,0.012746812775731087
gue_splice_reconstructed_lora__InstaDeepAI_nucleotide-transformer-v2-500m-multi-species__20260520T222248Z,2,2,0.0010125263361260295,0.09449824690818787,0.904489278793335
gue_splice_reconstructed_lora__InstaDeepAI_nucleotide-transformer-v2-500m-multi-species__20260520T222248Z,2,2,0.037457894533872604,0.001078410423360765,0.9614636898040771
gue_splice_reconstructed_lora__InstaDeepAI_nucleotide-transformer-v2-500m-multi-species__20260520T222248Z,2,2,0.002045267028734088,0.006550823803991079,0.9914039373397827
gue_splice_reconstructed_lora__InstaDeepAI_nucleotide-transformer-v2-500m-multi-species__20260520T222248Z,2,2,0.0006205692188814282,0.12213274836540222,0.8772466778755188
gue_splice_reconstructed_lora__InstaDeepAI_nucleotide-transformer-v2-500m-multi-species__20260520T222248Z,1,1,0.0001294595276704058,0.9893214702606201,0.010549032129347324
gue_splice_reconstructed_lora__InstaDeepAI_nucleotide-transformer-v2-500m-multi-species__20260520T222248Z,2,2,0.0018259923672303557,0.0010671742493286729,0.9971068501472473
gue_splice_reconstructed_lora__InstaDeepAI_nucleotide-transformer-v2-500m-multi-species__20260520T222248Z,0,0,0.7737262845039368,0.00044585284194909036,0.22582782804965973
gue_splice_reconstructed_lora__InstaDeepAI_nucleotide-transformer-v2-500m-multi-species__20260520T222248Z,2,2,0.0010928206611424685,0.0014907941222190857,0.9974163770675659
gue_splice_reconstructed_lora__InstaDeepAI_nucleotide-transformer-v2-500m-multi-species__20260520T222248Z,0,0,0.9976422190666199,9.185224189423025e-05,0.002265946241095662
gue_splice_reconstructed_lora__InstaDeepAI_nucleotide-transformer-v2-500m-multi-species__20260520T222248Z,2,2,0.0011604533065110445,0.02881006710231304,0.9700294137001038
gue_splice_reconstructed_lora__InstaDeepAI_nucleotide-transformer-v2-500m-multi-species__20260520T222248Z,2,2,0.00131816731300205,0.0012851195642724633,0.99739670753479
gue_splice_reconstructed_lora__InstaDeepAI_nucleotide-transformer-v2-500m-multi-species__20260520T222248Z,0,0,0.9991305470466614,0.00013228427269496024,0.000737102294806391
gue_splice_reconstructed_lora__InstaDeepAI_nucleotide-transformer-v2-500m-multi-species__20260520T222248Z,0,0,0.9976879358291626,4.709930362878367e-05,0.0022649436723440886
gue_splice_reconstructed_lora__InstaDeepAI_nucleotide-transformer-v2-500m-multi-species__20260520T222248Z,0,0,0.9989792108535767,8.556315879104659e-05,0.0009352897759526968
gue_splice_reconstructed_lora__InstaDeepAI_nucleotide-transformer-v2-500m-multi-species__20260520T222248Z,2,2,0.0033483521547168493,0.0006181743228808045,0.9960334897041321
gue_splice_reconstructed_lora__InstaDeepAI_nucleotide-transformer-v2-500m-multi-species__20260520T222248Z,1,1,6.319033855106682e-05,0.9986104965209961,0.0013262315187603235
gue_splice_reconstructed_lora__InstaDeepAI_nucleotide-transformer-v2-500m-multi-species__20260520T222248Z,2,2,0.11571752279996872,0.003388510551303625,0.8808940052986145
gue_splice_reconstructed_lora__InstaDeepAI_nucleotide-transformer-v2-500m-multi-species__20260520T222248Z,2,2,0.0016422513872385025,0.0018356455257162452,0.996522068977356
gue_splice_reconstructed_lora__InstaDeepAI_nucleotide-transformer-v2-500m-multi-species__20260520T222248Z,0,0,0.9986262321472168,0.00015917356358841062,0.0012146626831963658
gue_splice_reconstructed_lora__InstaDeepAI_nucleotide-transformer-v2-500m-multi-species__20260520T222248Z,1,2,0.0009563695639371872,0.3258521854877472,0.673191487789154
gue_splice_reconstructed_lora__InstaDeepAI_nucleotide-transformer-v2-500m-multi-species__20260520T222248Z,2,2,0.001692407880909741,0.0010007619857788086,0.9973068237304688
gue_splice_reconstructed_lora__InstaDeepAI_nucleotide-transformer-v2-500m-multi-species__20260520T222248Z,2,2,0.0020867427811026573,0.0020867427811026573,0.9958265423774719
gue_splice_reconstructed_lora__InstaDeepAI_nucleotide-transformer-v2-500m-multi-species__20260520T222248Z,0,0,0.7137008309364319,0.0007403517374768853,0.28555887937545776
gue_splice_reconstructed_lora__InstaDeepAI_nucleotide-transformer-v2-500m-multi-species__20260520T222248Z,1,1,5.037217852077447e-05,0.9984608888626099,0.0014887162251397967
gue_splice_reconstructed_lora__InstaDeepAI_nucleotide-transformer-v2-500m-multi-species__20260520T222248Z,2,2,0.0028101480565965176,0.0015809753676876426,0.9956088662147522
gue_splice_reconstructed_lora__InstaDeepAI_nucleotide-transformer-v2-500m-multi-species__20260520T222248Z,2,2,0.003944262862205505,0.011890949681401253,0.9841647744178772
gue_splice_reconstructed_lora__InstaDeepAI_nucleotide-transformer-v2-500m-multi-species__20260520T222248Z,2,2,0.002442962024360895,0.0003783168504014611,0.9971786737442017
gue_splice_reconstructed_lora__InstaDeepAI_nucleotide-transformer-v2-500m-multi-species__20260520T222248Z,2,2,0.0007572132744826376,0.005401806440204382,0.9938409328460693
gue_splice_reconstructed_lora__InstaDeepAI_nucleotide-transformer-v2-500m-multi-species__20260520T222248Z,2,2,0.0006622814107686281,0.0007973051397129893,0.9985404014587402
gue_splice_reconstructed_lora__InstaDeepAI_nucleotide-transformer-v2-500m-multi-species__20260520T222248Z,1,1,0.00011170771904289722,0.9902666211128235,0.009621702134609222
gue_splice_reconstructed_lora__InstaDeepAI_nucleotide-transformer-v2-500m-multi-species__20260520T222248Z,1,1,6.673951429547742e-05,0.9985688924789429,0.0013642708072438836
gue_splice_reconstructed_lora__InstaDeepAI_nucleotide-transformer-v2-500m-multi-species__20260520T222248Z,2,2,0.002537960885092616,0.0031370255164802074,0.9943249821662903
gue_splice_reconstructed_lora__InstaDeepAI_nucleotide-transformer-v2-500m-multi-species__20260520T222248Z,2,2,0.04364364594221115,0.01221445668488741,0.9441418647766113
gue_splice_reconstructed_lora__InstaDeepAI_nucleotide-transformer-v2-500m-multi-species__20260520T222248Z,2,2,0.0035300140734761953,0.0013100835494697094,0.995159924030304
gue_splice_reconstructed_lora__InstaDeepAI_nucleotide-transformer-v2-500m-multi-species__20260520T222248Z,1,1,6.515792483696714e-05,0.9941331744194031,0.005801598075777292
gue_splice_reconstructed_lora__InstaDeepAI_nucleotide-transformer-v2-500m-multi-species__20260520T222248Z,2,2,0.0007237491081468761,0.0018230624264106154,0.9974531531333923
gue_splice_reconstructed_lora__InstaDeepAI_nucleotide-transformer-v2-500m-multi-species__20260520T222248Z,2,2,0.0005975966923870146,0.33373793959617615,0.6656644940376282
gue_splice_reconstructed_lora__InstaDeepAI_nucleotide-transformer-v2-500m-multi-species__20260520T222248Z,2,2,0.0018832037458196282,0.0004339617444202304,0.9976828098297119
gue_splice_reconstructed_lora__InstaDeepAI_nucleotide-transformer-v2-500m-multi-species__20260520T222248Z,2,2,0.009371385909616947,0.0010008448734879494,0.9896278381347656
gue_splice_reconstructed_lora__InstaDeepAI_nucleotide-transformer-v2-500m-multi-species__20260520T222248Z,1,2,0.0024722327943891287,0.049541085958480835,0.9479866623878479
gue_splice_reconstructed_lora__InstaDeepAI_nucleotide-transformer-v2-500m-multi-species__20260520T222248Z,1,1,8.03674483904615e-05,0.9968846440315247,0.0030349697917699814
gue_splice_reconstructed_lora__InstaDeepAI_nucleotide-transformer-v2-500m-multi-species__20260520T222248Z,2,2,0.003400872927159071,0.0015986337093636394,0.995000422000885
gue_splice_reconstructed_lora__InstaDeepAI_nucleotide-transformer-v2-500m-multi-species__20260520T222248Z,2,2,0.0015793710481375456,0.0038221601862460375,0.9945985078811646
gue_splice_reconstructed_lora__InstaDeepAI_nucleotide-transformer-v2-500m-multi-species__20260520T222248Z,2,2,0.007375556975603104,0.005638491827994585,0.986985981464386
gue_splice_reconstructed_lora__InstaDeepAI_nucleotide-transformer-v2-500m-multi-species__20260520T222248Z,2,0,0.5641017556190491,0.000844786234665662,0.4350534975528717
gue_splice_reconstructed_lora__InstaDeepAI_nucleotide-transformer-v2-500m-multi-species__20260520T222248Z,2,2,0.0009302289108745754,0.004525402560830116,0.9945443868637085
gue_splice_reconstructed_lora__InstaDeepAI_nucleotide-transformer-v2-500m-multi-species__20260520T222248Z,0,0,0.9981566071510315,0.00013795765698887408,0.0017054685158655047
gue_splice_reconstructed_lora__InstaDeepAI_nucleotide-transformer-v2-500m-multi-species__20260520T222248Z,1,1,5.6419299653498456e-05,0.9985517859458923,0.0013918341137468815
gue_splice_reconstructed_lora__InstaDeepAI_nucleotide-transformer-v2-500m-multi-species__20260520T222248Z,1,1,7.984879630384967e-05,0.9982195496559143,0.0017005866393446922
gue_splice_reconstructed_lora__InstaDeepAI_nucleotide-transformer-v2-500m-multi-species__20260520T222248Z,0,0,0.997007429599762,0.0001522317761555314,0.0028403247706592083
gue_splice_reconstructed_lora__InstaDeepAI_nucleotide-transformer-v2-500m-multi-species__20260520T222248Z,0,0,0.9992103576660156,3.344937795191072e-05,0.0007561178063042462
gue_splice_reconstructed_lora__InstaDeepAI_nucleotide-transformer-v2-500m-multi-species__20260520T222248Z,2,2,0.0007168740266934037,0.0035562526900321245,0.9957269430160522
gue_splice_reconstructed_lora__InstaDeepAI_nucleotide-transformer-v2-500m-multi-species__20260520T222248Z,2,2,0.005185781046748161,0.0017421154771000147,0.9930720925331116
gue_splice_reconstructed_lora__InstaDeepAI_nucleotide-transformer-v2-500m-multi-species__20260520T222248Z,0,0,0.9995080232620239,0.0001044807504513301,0.00038743566256016493
gue_splice_reconstructed_lora__InstaDeepAI_nucleotide-transformer-v2-500m-multi-species__20260520T222248Z,2,2,0.0027828007005155087,0.002593855606392026,0.9946234226226807
gue_splice_reconstructed_lora__InstaDeepAI_nucleotide-transformer-v2-500m-multi-species__20260520T222248Z,0,0,0.9921242594718933,7.058533083181828e-05,0.00780516816303134
gue_splice_reconstructed_lora__InstaDeepAI_nucleotide-transformer-v2-500m-multi-species__20260520T222248Z,2,2,0.006109315901994705,0.004856522660702467,0.9890341758728027
gue_splice_reconstructed_lora__InstaDeepAI_nucleotide-transformer-v2-500m-multi-species__20260520T222248Z,2,2,0.07299383729696274,0.0025613163597881794,0.9244447946548462
gue_splice_reconstructed_lora__InstaDeepAI_nucleotide-transformer-v2-500m-multi-species__20260520T222248Z,2,2,0.00235018995590508,0.0010982895037159324,0.996551513671875
gue_splice_reconstructed_lora__InstaDeepAI_nucleotide-transformer-v2-500m-multi-species__20260520T222248Z,1,1,0.00012085214257240295,0.990818440914154,0.009060744196176529
gue_splice_reconstructed_lora__InstaDeepAI_nucleotide-transformer-v2-500m-multi-species__20260520T222248Z,2,0,0.6447838544845581,0.000520909670740366,0.35469523072242737
gue_splice_reconstructed_lora__InstaDeepAI_nucleotide-transformer-v2-500m-multi-species__20260520T222248Z,2,2,0.0024412504862993956,0.006900355685502291,0.9906584024429321
gue_splice_reconstructed_lora__InstaDeepAI_nucleotide-transformer-v2-500m-multi-species__20260520T222248Z,2,2,0.003195690456777811,0.0005618737195618451,0.9962424039840698
gue_splice_reconstructed_lora__InstaDeepAI_nucleotide-transformer-v2-500m-multi-species__20260520T222248Z,2,2,0.002371668117120862,0.2288185954093933,0.7688097953796387
gue_splice_reconstructed_lora__InstaDeepAI_nucleotide-transformer-v2-500m-multi-species__20260520T222248Z,2,2,0.0008293065475299954,0.02728242799639702,0.9718883037567139
gue_splice_reconstructed_lora__InstaDeepAI_nucleotide-transformer-v2-500m-multi-species__20260520T222248Z,0,0,0.9958714842796326,7.842593913665041e-05,0.004050075076520443
gue_splice_reconstructed_lora__InstaDeepAI_nucleotide-transformer-v2-500m-multi-species__20260520T222248Z,2,2,0.005004879552870989,0.002271349774673581,0.9927237629890442
gue_splice_reconstructed_lora__InstaDeepAI_nucleotide-transformer-v2-500m-multi-species__20260520T222248Z,1,0,0.7285853028297424,0.0007528454880230129,0.270661860704422
gue_splice_reconstructed_lora__InstaDeepAI_nucleotide-transformer-v2-500m-multi-species__20260520T222248Z,2,2,0.0008494160720147192,0.05113402381539345,0.9480165839195251
gue_splice_reconstructed_lora__InstaDeepAI_nucleotide-transformer-v2-500m-multi-species__20260520T222248Z,1,1,3.8793270505266264e-05,0.9989866614341736,0.0009744561975821853
gue_splice_reconstructed_lora__InstaDeepAI_nucleotide-transformer-v2-500m-multi-species__20260520T222248Z,1,2,0.009905283339321613,0.00505912397056818,0.9850355386734009
gue_splice_reconstructed_lora__InstaDeepAI_nucleotide-transformer-v2-500m-multi-species__20260520T222248Z,0,0,0.9993731379508972,4.414764771354385e-05,0.0005826682318001986
gue_splice_reconstructed_lora__InstaDeepAI_nucleotide-transformer-v2-500m-multi-species__20260520T222248Z,2,2,0.0008705295622348785,0.0025636309292167425,0.9965658783912659
gue_splice_reconstructed_lora__InstaDeepAI_nucleotide-transformer-v2-500m-multi-species__20260520T222248Z,2,2,0.002829716308042407,0.061785757541656494,0.9353845119476318
gue_splice_reconstructed_lora__InstaDeepAI_nucleotide-transformer-v2-500m-multi-species__20260520T222248Z,0,0,0.9993724226951599,4.262251968611963e-05,0.0005849482258781791
gue_splice_reconstructed_lora__InstaDeepAI_nucleotide-transformer-v2-500m-multi-species__20260520T222248Z,2,2,0.001303789671510458,0.0044409180991351604,0.9942552447319031
gue_splice_reconstructed_lora__InstaDeepAI_nucleotide-transformer-v2-500m-multi-species__20260520T222248Z,0,0,0.994317352771759,5.0556565838633105e-05,0.005632043816149235
gue_splice_reconstructed_lora__InstaDeepAI_nucleotide-transformer-v2-500m-multi-species__20260520T222248Z,1,1,0.00013280511484481394,0.9571306705474854,0.042736493051052094
gue_splice_reconstructed_lora__InstaDeepAI_nucleotide-transformer-v2-500m-multi-species__20260520T222248Z,1,1,6.545577343786135e-05,0.9986775517463684,0.0012569618411362171
gue_splice_reconstructed_lora__InstaDeepAI_nucleotide-transformer-v2-500m-multi-species__20260520T222248Z,1,1,7.601266406709328e-05,0.9919841885566711,0.007939795032143593
gue_splice_reconstructed_lora__InstaDeepAI_nucleotide-transformer-v2-500m-multi-species__20260520T222248Z,2,2,0.017865920439362526,0.0014346519019454718,0.9806994795799255
gue_splice_reconstructed_lora__InstaDeepAI_nucleotide-transformer-v2-500m-multi-species__20260520T222248Z,1,1,5.198106373427436e-05,0.9986512064933777,0.0012968278024345636
gue_splice_reconstructed_lora__InstaDeepAI_nucleotide-transformer-v2-500m-multi-species__20260520T222248Z,2,2,0.006306104827672243,0.005177138838917017,0.9885168075561523
gue_splice_reconstructed_lora__InstaDeepAI_nucleotide-transformer-v2-500m-multi-species__20260520T222248Z,2,2,0.000595982070080936,0.006708355620503426,0.992695689201355
gue_splice_reconstructed_lora__InstaDeepAI_nucleotide-transformer-v2-500m-multi-species__20260520T222248Z,2,2,0.0027521061711013317,0.0039422111585736275,0.9933057427406311
gue_splice_reconstructed_lora__InstaDeepAI_nucleotide-transformer-v2-500m-multi-species__20260520T222248Z,0,0,0.9935972690582275,0.0003011247608810663,0.006101645063608885
gue_splice_reconstructed_lora__InstaDeepAI_nucleotide-transformer-v2-500m-multi-species__20260520T222248Z,2,2,0.014465422369539738,0.0035901949740946293,0.9819443225860596
gue_splice_reconstructed_lora__InstaDeepAI_nucleotide-transformer-v2-500m-multi-species__20260520T222248Z,0,0,0.9952362179756165,0.00036382494727149606,0.0043999506160616875
gue_splice_reconstructed_lora__InstaDeepAI_nucleotide-transformer-v2-500m-multi-species__20260520T222248Z,1,1,0.00011199408618267626,0.9986396431922913,0.0012483512982726097
gue_splice_reconstructed_lora__InstaDeepAI_nucleotide-transformer-v2-500m-multi-species__20260520T222248Z,0,0,0.9100003242492676,0.0004238269757479429,0.08957583457231522
gue_splice_reconstructed_lora__InstaDeepAI_nucleotide-transformer-v2-500m-multi-species__20260520T222248Z,2,2,0.13935598731040955,0.00028974629822187126,0.8603542447090149
gue_splice_reconstructed_lora__InstaDeepAI_nucleotide-transformer-v2-500m-multi-species__20260520T222248Z,0,0,0.9188395142555237,0.00048021128168329597,0.08068028837442398
gue_splice_reconstructed_lora__InstaDeepAI_nucleotide-transformer-v2-500m-multi-species__20260520T222248Z,0,2,0.014442856423556805,0.005144732538610697,0.980412483215332
gue_splice_reconstructed_lora__InstaDeepAI_nucleotide-transformer-v2-500m-multi-species__20260520T222248Z,2,2,0.003398529253900051,0.0013153780018910766,0.9952861666679382
gue_splice_reconstructed_lora__InstaDeepAI_nucleotide-transformer-v2-500m-multi-species__20260520T222248Z,0,0,0.994572103023529,0.000196137887542136,0.005231792572885752
gue_splice_reconstructed_lora__InstaDeepAI_nucleotide-transformer-v2-500m-multi-species__20260520T222248Z,2,0,0.8469648957252502,0.0011084774741902947,0.15192657709121704
gue_splice_reconstructed_lora__InstaDeepAI_nucleotide-transformer-v2-500m-multi-species__20260520T222248Z,2,2,0.001250706845894456,0.00017756126180756837,0.9985717535018921
gue_splice_reconstructed_lora__InstaDeepAI_nucleotide-transformer-v2-500m-multi-species__20260520T222248Z,2,2,0.00141417165286839,0.014743205159902573,0.9838426113128662
gue_splice_reconstructed_lora__InstaDeepAI_nucleotide-transformer-v2-500m-multi-species__20260520T222248Z,2,2,0.0026301296893507242,0.0005868612206541002,0.9967830181121826
gue_splice_reconstructed_lora__InstaDeepAI_nucleotide-transformer-v2-500m-multi-species__20260520T222248Z,2,2,0.0019304807065054774,0.0009811903582885861,0.9970883727073669
gue_splice_reconstructed_lora__InstaDeepAI_nucleotide-transformer-v2-500m-multi-species__20260520T222248Z,1,1,9.242234955308959e-05,0.9979696869850159,0.0019378563156351447
gue_splice_reconstructed_lora__InstaDeepAI_nucleotide-transformer-v2-500m-multi-species__20260520T222248Z,1,1,4.360333696240559e-05,0.9986864924430847,0.001269928296096623
gue_splice_reconstructed_lora__InstaDeepAI_nucleotide-transformer-v2-500m-multi-species__20260520T222248Z,2,2,0.0005062411073595285,0.2287292778491974,0.7707644701004028
gue_splice_reconstructed_lora__InstaDeepAI_nucleotide-transformer-v2-500m-multi-species__20260520T222248Z,2,2,0.006175814662128687,0.0008358056657016277,0.9929884076118469
gue_splice_reconstructed_lora__InstaDeepAI_nucleotide-transformer-v2-500m-multi-species__20260520T222248Z,2,2,0.0009553154231980443,0.003285891143605113,0.9957588315010071
gue_splice_reconstructed_lora__InstaDeepAI_nucleotide-transformer-v2-500m-multi-species__20260520T222248Z,0,0,0.9980767965316772,0.00021449213090818375,0.001708666211925447
gue_splice_reconstructed_lora__InstaDeepAI_nucleotide-transformer-v2-500m-multi-species__20260520T222248Z,2,2,0.006111680064350367,0.013129348866641521,0.9807589650154114
gue_splice_reconstructed_lora__InstaDeepAI_nucleotide-transformer-v2-500m-multi-species__20260520T222248Z,0,0,0.9991299510002136,2.4185030270018615e-05,0.0008459170931018889
gue_splice_reconstructed_lora__InstaDeepAI_nucleotide-transformer-v2-500m-multi-species__20260520T222248Z,2,1,7.746872142888606e-05,0.9953122138977051,0.004610335920006037
gue_splice_reconstructed_lora__InstaDeepAI_nucleotide-transformer-v2-500m-multi-species__20260520T222248Z,2,2,0.00205808924511075,0.0022692156489938498,0.9956727027893066
gue_splice_reconstructed_lora__InstaDeepAI_nucleotide-transformer-v2-500m-multi-species__20260520T222248Z,0,0,0.9983129501342773,0.0001187134621432051,0.0015683312667533755
gue_splice_reconstructed_lora__InstaDeepAI_nucleotide-transformer-v2-500m-multi-species__20260520T222248Z,2,2,0.0010874610161408782,0.3260238468647003,0.6728886961936951
gue_splice_reconstructed_lora__InstaDeepAI_nucleotide-transformer-v2-500m-multi-species__20260520T222248Z,2,2,0.001159880543127656,0.0024126817006617785,0.9964274764060974
gue_splice_reconstructed_lora__InstaDeepAI_nucleotide-transformer-v2-500m-multi-species__20260520T222248Z,2,2,0.018411315977573395,0.003956531640142202,0.9776321649551392
gue_splice_reconstructed_lora__InstaDeepAI_nucleotide-transformer-v2-500m-multi-species__20260520T222248Z,0,0,0.6250074505805969,0.0014188872883096337,0.3735736608505249
gue_splice_reconstructed_lora__InstaDeepAI_nucleotide-transformer-v2-500m-multi-species__20260520T222248Z,0,0,0.9956299066543579,0.00012876716209575534,0.004241340793669224
gue_splice_reconstructed_lora__InstaDeepAI_nucleotide-transformer-v2-500m-multi-species__20260520T222248Z,2,2,0.010267401114106178,0.0010664394358173013,0.9886661767959595
gue_splice_reconstructed_lora__InstaDeepAI_nucleotide-transformer-v2-500m-multi-species__20260520T222248Z,0,2,0.062199272215366364,0.0011997355613857508,0.9366010427474976
gue_splice_reconstructed_lora__InstaDeepAI_nucleotide-transformer-v2-500m-multi-species__20260520T222248Z,1,1,3.922805990441702e-05,0.9984142780303955,0.0015464368043467402
gue_splice_reconstructed_lora__InstaDeepAI_nucleotide-transformer-v2-500m-multi-species__20260520T222248Z,2,2,0.03645205870270729,0.0014952184865251184,0.9620527029037476
gue_splice_reconstructed_lora__InstaDeepAI_nucleotide-transformer-v2-500m-multi-species__20260520T222248Z,2,2,0.0014703212073072791,0.005157044623047113,0.9933726787567139
gue_splice_reconstructed_lora__InstaDeepAI_nucleotide-transformer-v2-500m-multi-species__20260520T222248Z,0,0,0.9988747239112854,6.969107198528945e-05,0.0010555798653513193
gue_splice_reconstructed_lora__InstaDeepAI_nucleotide-transformer-v2-500m-multi-species__20260520T222248Z,2,2,0.007432134356349707,0.0009203013614751399,0.9916476011276245
gue_splice_reconstructed_lora__InstaDeepAI_nucleotide-transformer-v2-500m-multi-species__20260520T222248Z,1,1,0.00012898902059532702,0.9818828105926514,0.01798820309340954
gue_splice_reconstructed_lora__InstaDeepAI_nucleotide-transformer-v2-500m-multi-species__20260520T222248Z,2,2,0.06171921268105507,0.0020480009261518717,0.9362327456474304
gue_splice_reconstructed_lora__InstaDeepAI_nucleotide-transformer-v2-500m-multi-species__20260520T222248Z,2,2,0.002560789929702878,0.003920021466910839,0.993519127368927
gue_splice_reconstructed_lora__InstaDeepAI_nucleotide-transformer-v2-500m-multi-species__20260520T222248Z,2,2,0.00711634149774909,0.0007143127149902284,0.9921693205833435
gue_splice_reconstructed_lora__InstaDeepAI_nucleotide-transformer-v2-500m-multi-species__20260520T222248Z,1,1,7.385342905763537e-05,0.9982921481132507,0.0016339605208486319
gue_splice_reconstructed_lora__InstaDeepAI_nucleotide-transformer-v2-500m-multi-species__20260520T222248Z,2,2,0.000617732759565115,0.002114396309480071,0.9972678422927856
gue_splice_reconstructed_lora__InstaDeepAI_nucleotide-transformer-v2-500m-multi-species__20260520T222248Z,1,1,0.0001809660898288712,0.9980354905128479,0.0017836117185652256
gue_splice_reconstructed_lora__InstaDeepAI_nucleotide-transformer-v2-500m-multi-species__20260520T222248Z,2,2,0.03726840391755104,0.0011414054315537214,0.9615901708602905
gue_splice_reconstructed_lora__InstaDeepAI_nucleotide-transformer-v2-500m-multi-species__20260520T222248Z,2,2,0.0018776657525449991,0.002401571022346616,0.9957208037376404
gue_splice_reconstructed_lora__InstaDeepAI_nucleotide-transformer-v2-500m-multi-species__20260520T222248Z,2,2,0.004350622184574604,0.009165406227111816,0.9864839911460876
gue_splice_reconstructed_lora__InstaDeepAI_nucleotide-transformer-v2-500m-multi-species__20260520T222248Z,2,2,0.004855272825807333,0.0005544067826122046,0.9945902824401855
gue_splice_reconstructed_lora__InstaDeepAI_nucleotide-transformer-v2-500m-multi-species__20260520T222248Z,2,2,0.006392828654497862,0.0012344748247414827,0.9923727512359619
gue_splice_reconstructed_lora__InstaDeepAI_nucleotide-transformer-v2-500m-multi-species__20260520T222248Z,0,0,0.9907006025314331,0.00033429605537094176,0.008965056389570236
gue_splice_reconstructed_lora__InstaDeepAI_nucleotide-transformer-v2-500m-multi-species__20260520T222248Z,2,2,0.004997677635401487,0.002738501410931349,0.9922637939453125
gue_splice_reconstructed_lora__InstaDeepAI_nucleotide-transformer-v2-500m-multi-species__20260520T222248Z,1,1,9.407724428456277e-05,0.9981385469436646,0.0017673235852271318
gue_splice_reconstructed_lora__InstaDeepAI_nucleotide-transformer-v2-500m-multi-species__20260520T222248Z,0,0,0.9975787997245789,5.7028726587304845e-05,0.0023641278967261314
gue_splice_reconstructed_lora__InstaDeepAI_nucleotide-transformer-v2-500m-multi-species__20260520T222248Z,0,0,0.9872763752937317,0.00014300242764875293,0.012580613605678082
gue_splice_reconstructed_lora__InstaDeepAI_nucleotide-transformer-v2-500m-multi-species__20260520T222248Z,2,2,0.42762359976768494,0.0030942093580961227,0.5692821741104126
gue_splice_reconstructed_lora__InstaDeepAI_nucleotide-transformer-v2-500m-multi-species__20260520T222248Z,2,2,0.007184127811342478,0.0009295564377680421,0.9918863773345947
gue_splice_reconstructed_lora__InstaDeepAI_nucleotide-transformer-v2-500m-multi-species__20260520T222248Z,0,0,0.9996116757392883,3.548210224835202e-05,0.0003528007073327899
gue_splice_reconstructed_lora__InstaDeepAI_nucleotide-transformer-v2-500m-multi-species__20260520T222248Z,2,0,0.9255396127700806,0.004679856821894646,0.06978052109479904
gue_splice_reconstructed_lora__InstaDeepAI_nucleotide-transformer-v2-500m-multi-species__20260520T222248Z,2,2,0.0015094844857230783,0.13634468615055084,0.8621457815170288
gue_splice_reconstructed_lora__InstaDeepAI_nucleotide-transformer-v2-500m-multi-species__20260520T222248Z,2,2,0.001535192597657442,0.0029447474516928196,0.9955199956893921
gue_splice_reconstructed_lora__InstaDeepAI_nucleotide-transformer-v2-500m-multi-species__20260520T222248Z,1,1,0.00010549005673965439,0.9877134561538696,0.012181091122329235
gue_splice_reconstructed_lora__InstaDeepAI_nucleotide-transformer-v2-500m-multi-species__20260520T222248Z,2,2,0.0008082514395937324,0.006520874798297882,0.9926708936691284
gue_splice_reconstructed_lora__InstaDeepAI_nucleotide-transformer-v2-500m-multi-species__20260520T222248Z,2,2,0.0024623312056064606,0.0022201905958354473,0.9953174591064453
gue_splice_reconstructed_lora__InstaDeepAI_nucleotide-transformer-v2-500m-multi-species__20260520T222248Z,1,1,4.996512143407017e-05,0.9981600642204285,0.0017899420345202088
gue_splice_reconstructed_lora__InstaDeepAI_nucleotide-transformer-v2-500m-multi-species__20260520T222248Z,0,0,0.9992792010307312,7.83875075285323e-05,0.0006423800368793309
gue_splice_reconstructed_lora__InstaDeepAI_nucleotide-transformer-v2-500m-multi-species__20260520T222248Z,1,2,0.0012881139991804957,0.13352550566196442,0.865186333656311
gue_splice_reconstructed_lora__InstaDeepAI_nucleotide-transformer-v2-500m-multi-species__20260520T222248Z,2,2,0.0024381449911743402,0.0013770567020401359,0.996184766292572
gue_splice_reconstructed_lora__InstaDeepAI_nucleotide-transformer-v2-500m-multi-species__20260520T222248Z,1,1,8.624143083579838e-05,0.9971129894256592,0.0028006848879158497
gue_splice_reconstructed_lora__InstaDeepAI_nucleotide-transformer-v2-500m-multi-species__20260520T222248Z,0,0,0.9944931268692017,0.00035168035537935793,0.005155304446816444
gue_splice_reconstructed_lora__InstaDeepAI_nucleotide-transformer-v2-500m-multi-species__20260520T222248Z,2,2,0.001074446365237236,0.0008890093304216862,0.9980365633964539
gue_splice_reconstructed_lora__InstaDeepAI_nucleotide-transformer-v2-500m-multi-species__20260520T222248Z,2,2,0.0010936296312138438,0.0007516398327425122,0.9981546998023987
gue_splice_reconstructed_lora__InstaDeepAI_nucleotide-transformer-v2-500m-multi-species__20260520T222248Z,2,2,0.01004088670015335,0.015521285124123096,0.9744378328323364
gue_splice_reconstructed_lora__InstaDeepAI_nucleotide-transformer-v2-500m-multi-species__20260520T222248Z,0,0,0.9982194304466248,4.805384378414601e-05,0.0017324347281828523
gue_splice_reconstructed_lora__InstaDeepAI_nucleotide-transformer-v2-500m-multi-species__20260520T222248Z,1,1,4.358340083854273e-05,0.9982299208641052,0.0017265415517613292
gue_splice_reconstructed_lora__InstaDeepAI_nucleotide-transformer-v2-500m-multi-species__20260520T222248Z,2,2,0.006304258015006781,0.0035363680217415094,0.9901593327522278
gue_splice_reconstructed_lora__InstaDeepAI_nucleotide-transformer-v2-500m-multi-species__20260520T222248Z,2,2,0.003568126354366541,0.00030307358247227967,0.9961287975311279
gue_splice_reconstructed_lora__InstaDeepAI_nucleotide-transformer-v2-500m-multi-species__20260520T222248Z,1,1,4.19594143750146e-05,0.9993175268173218,0.000640525424387306
gue_splice_reconstructed_lora__InstaDeepAI_nucleotide-transformer-v2-500m-multi-species__20260520T222248Z,2,2,0.019943105056881905,0.0011484248097985983,0.9789084196090698
gue_splice_reconstructed_lora__InstaDeepAI_nucleotide-transformer-v2-500m-multi-species__20260520T222248Z,2,2,0.0010965873952955008,0.12423606216907501,0.8746673464775085
gue_splice_reconstructed_lora__InstaDeepAI_nucleotide-transformer-v2-500m-multi-species__20260520T222248Z,2,2,0.003043346805498004,0.002675273222848773,0.9942814111709595
gue_splice_reconstructed_lora__InstaDeepAI_nucleotide-transformer-v2-500m-multi-species__20260520T222248Z,2,2,0.0009680258226580918,0.028679290786385536,0.9703527092933655
gue_splice_reconstructed_lora__InstaDeepAI_nucleotide-transformer-v2-500m-multi-species__20260520T222248Z,1,1,6.56264164717868e-05,0.9973773956298828,0.002556963823735714
gue_splice_reconstructed_lora__InstaDeepAI_nucleotide-transformer-v2-500m-multi-species__20260520T222248Z,2,2,0.007737412583082914,0.0013697415124624968,0.9908928871154785
gue_splice_reconstructed_lora__InstaDeepAI_nucleotide-transformer-v2-500m-multi-species__20260520T222248Z,2,2,0.015815403312444687,0.002849424723535776,0.9813351631164551
gue_splice_reconstructed_lora__InstaDeepAI_nucleotide-transformer-v2-500m-multi-species__20260520T222248Z,2,2,0.0029236176051199436,0.003861833130940795,0.9932146072387695
gue_splice_reconstructed_lora__InstaDeepAI_nucleotide-transformer-v2-500m-multi-species__20260520T222248Z,2,2,0.004669411573559046,0.0065209330059587955,0.9888096451759338
gue_splice_reconstructed_lora__InstaDeepAI_nucleotide-transformer-v2-500m-multi-species__20260520T222248Z,2,2,0.004779799375683069,0.0006713316543027759,0.9945488572120667
gue_splice_reconstructed_lora__InstaDeepAI_nucleotide-transformer-v2-500m-multi-species__20260520T222248Z,2,2,0.0006363316788338125,0.003676168154925108,0.9956874251365662
gue_splice_reconstructed_lora__InstaDeepAI_nucleotide-transformer-v2-500m-multi-species__20260520T222248Z,0,0,0.99930739402771,9.793940262170509e-05,0.0005947016761638224
gue_splice_reconstructed_lora__InstaDeepAI_nucleotide-transformer-v2-500m-multi-species__20260520T222248Z,2,2,0.0031311975326389074,0.0005066810990683734,0.9963621497154236
gue_splice_reconstructed_lora__InstaDeepAI_nucleotide-transformer-v2-500m-multi-species__20260520T222248Z,2,2,0.0013682207791134715,0.0010760283330455422,0.9975557327270508
gue_splice_reconstructed_lora__InstaDeepAI_nucleotide-transformer-v2-500m-multi-species__20260520T222248Z,0,0,0.9979825019836426,5.955668893875554e-05,0.0019578542560338974
gue_splice_reconstructed_lora__InstaDeepAI_nucleotide-transformer-v2-500m-multi-species__20260520T222248Z,0,0,0.9991340041160583,9.659273200668395e-05,0.0007694675587117672
gue_splice_reconstructed_lora__InstaDeepAI_nucleotide-transformer-v2-500m-multi-species__20260520T222248Z,2,2,0.015545891597867012,0.0027359856758266687,0.9817181825637817
gue_splice_reconstructed_lora__InstaDeepAI_nucleotide-transformer-v2-500m-multi-species__20260520T222248Z,1,1,0.0007233889191411436,0.8678643107414246,0.1314123570919037
gue_splice_reconstructed_lora__InstaDeepAI_nucleotide-transformer-v2-500m-multi-species__20260520T222248Z,2,2,0.008261430077254772,0.0017131874337792397,0.9900254011154175
gue_splice_reconstructed_lora__InstaDeepAI_nucleotide-transformer-v2-500m-multi-species__20260520T222248Z,0,0,0.9986352324485779,0.000113979636807926,0.0012507863575592637
gue_splice_reconstructed_lora__InstaDeepAI_nucleotide-transformer-v2-500m-multi-species__20260520T222248Z,2,2,0.003749366383999586,0.0013513161102309823,0.994899332523346
gue_splice_reconstructed_lora__InstaDeepAI_nucleotide-transformer-v2-500m-multi-species__20260520T222248Z,0,0,0.9983450174331665,8.04851806606166e-05,0.0015745199052616954
gue_splice_reconstructed_lora__InstaDeepAI_nucleotide-transformer-v2-500m-multi-species__20260520T222248Z,0,0,0.9987309575080872,7.895896123955026e-05,0.0011901311809197068
gue_splice_reconstructed_lora__InstaDeepAI_nucleotide-transformer-v2-500m-multi-species__20260520T222248Z,0,0,0.9976021647453308,9.739109373185784e-05,0.00230041379109025
gue_splice_reconstructed_lora__InstaDeepAI_nucleotide-transformer-v2-500m-multi-species__20260520T222248Z,0,0,0.9983838796615601,5.685224095941521e-05,0.0015592792769894004
gue_splice_reconstructed_lora__InstaDeepAI_nucleotide-transformer-v2-500m-multi-species__20260520T222248Z,0,0,0.9984849095344543,0.00016420304018538445,0.0013508989941328764
gue_splice_reconstructed_lora__InstaDeepAI_nucleotide-transformer-v2-500m-multi-species__20260520T222248Z,2,2,0.001252195448614657,0.01159962173551321,0.9871482253074646
gue_splice_reconstructed_lora__InstaDeepAI_nucleotide-transformer-v2-500m-multi-species__20260520T222248Z,2,2,0.008821504190564156,0.000989745487459004,0.9901887774467468
gue_splice_reconstructed_lora__InstaDeepAI_nucleotide-transformer-v2-500m-multi-species__20260520T222248Z,0,0,0.9873084425926208,0.0006984275532886386,0.011993177235126495
gue_splice_reconstructed_lora__InstaDeepAI_nucleotide-transformer-v2-500m-multi-species__20260520T222248Z,2,2,0.008018607273697853,0.002486475743353367,0.9894948601722717
gue_splice_reconstructed_lora__InstaDeepAI_nucleotide-transformer-v2-500m-multi-species__20260520T222248Z,2,2,0.007881917990744114,0.002242822665721178,0.9898752570152283
gue_splice_reconstructed_lora__InstaDeepAI_nucleotide-transformer-v2-500m-multi-species__20260520T222248Z,2,2,0.00037655135383829474,0.012896944768726826,0.9867265224456787
gue_splice_reconstructed_lora__InstaDeepAI_nucleotide-transformer-v2-500m-multi-species__20260520T222248Z,2,2,0.002184378681704402,0.0002131376531906426,0.9976025223731995
gue_splice_reconstructed_lora__InstaDeepAI_nucleotide-transformer-v2-500m-multi-species__20260520T222248Z,2,2,0.05108056589961052,0.003337813075631857,0.9455816149711609
gue_splice_reconstructed_lora__InstaDeepAI_nucleotide-transformer-v2-500m-multi-species__20260520T222248Z,2,2,0.012398316524922848,0.0026813242584466934,0.98492032289505
gue_splice_reconstructed_lora__InstaDeepAI_nucleotide-transformer-v2-500m-multi-species__20260520T222248Z,2,2,0.011935089714825153,0.000729112362023443,0.987335741519928
gue_splice_reconstructed_lora__InstaDeepAI_nucleotide-transformer-v2-500m-multi-species__20260520T222248Z,0,0,0.9941564798355103,0.00014456258213613182,0.005698902066797018
gue_splice_reconstructed_lora__InstaDeepAI_nucleotide-transformer-v2-500m-multi-species__20260520T222248Z,2,2,0.04012373462319374,0.004239347297698259,0.9556369781494141
gue_splice_reconstructed_lora__InstaDeepAI_nucleotide-transformer-v2-500m-multi-species__20260520T222248Z,2,2,0.008649470284581184,0.004219533875584602,0.9871310591697693
gue_splice_reconstructed_lora__InstaDeepAI_nucleotide-transformer-v2-500m-multi-species__20260520T222248Z,2,2,0.005984785966575146,0.007959585636854172,0.9860556125640869
gue_splice_reconstructed_lora__InstaDeepAI_nucleotide-transformer-v2-500m-multi-species__20260520T222248Z,2,2,0.0023414327297359705,0.005789445247501135,0.9918690919876099
gue_splice_reconstructed_lora__InstaDeepAI_nucleotide-transformer-v2-500m-multi-species__20260520T222248Z,2,2,0.001321958377957344,0.006196819711476564,0.9924812316894531
gue_splice_reconstructed_lora__InstaDeepAI_nucleotide-transformer-v2-500m-multi-species__20260520T222248Z,0,0,0.9992819428443909,3.4920478356070817e-05,0.0006831443752162158
gue_splice_reconstructed_lora__InstaDeepAI_nucleotide-transformer-v2-500m-multi-species__20260520T222248Z,2,0,0.9950213432312012,9.983193740481511e-05,0.004878769628703594
gue_splice_reconstructed_lora__InstaDeepAI_nucleotide-transformer-v2-500m-multi-species__20260520T222248Z,1,1,0.00011392138549126685,0.998124897480011,0.0017612692900002003
gue_splice_reconstructed_lora__InstaDeepAI_nucleotide-transformer-v2-500m-multi-species__20260520T222248Z,2,2,0.016747739166021347,0.0008109339396469295,0.9824413657188416
gue_splice_reconstructed_lora__InstaDeepAI_nucleotide-transformer-v2-500m-multi-species__20260520T222248Z,2,2,0.003348943777382374,0.00432539964094758,0.9923256635665894
gue_splice_reconstructed_lora__InstaDeepAI_nucleotide-transformer-v2-500m-multi-species__20260520T222248Z,2,2,0.0020858754869550467,0.0025013466365635395,0.9954127669334412
gue_splice_reconstructed_lora__InstaDeepAI_nucleotide-transformer-v2-500m-multi-species__20260520T222248Z,2,2,0.0023621181026101112,0.0028520419728010893,0.9947858452796936
gue_splice_reconstructed_lora__InstaDeepAI_nucleotide-transformer-v2-500m-multi-species__20260520T222248Z,2,2,0.002786473138257861,0.005160264205187559,0.9920532703399658
gue_splice_reconstructed_lora__InstaDeepAI_nucleotide-transformer-v2-500m-multi-species__20260520T222248Z,2,2,0.0036174235865473747,0.0011767015093937516,0.995205819606781
gue_splice_reconstructed_lora__InstaDeepAI_nucleotide-transformer-v2-500m-multi-species__20260520T222248Z,2,2,0.014609330333769321,0.0013951855944469571,0.9839954972267151
gue_splice_reconstructed_lora__InstaDeepAI_nucleotide-transformer-v2-500m-multi-species__20260520T222248Z,2,2,0.03849572315812111,0.0025156212504953146,0.958988606929779
gue_splice_reconstructed_lora__InstaDeepAI_nucleotide-transformer-v2-500m-multi-species__20260520T222248Z,0,0,0.9956764578819275,0.000593119824770838,0.0037303732242435217
gue_splice_reconstructed_lora__InstaDeepAI_nucleotide-transformer-v2-500m-multi-species__20260520T222248Z,2,2,0.005053441505879164,0.0003908228827640414,0.9945557117462158
gue_splice_reconstructed_lora__InstaDeepAI_nucleotide-transformer-v2-500m-multi-species__20260520T222248Z,0,0,0.9969555139541626,4.0256600186694413e-05,0.003004221711307764
gue_splice_reconstructed_lora__InstaDeepAI_nucleotide-transformer-v2-500m-multi-species__20260520T222248Z,0,0,0.9979346990585327,0.0002054416254395619,0.0018599162576720119
gue_splice_reconstructed_lora__InstaDeepAI_nucleotide-transformer-v2-500m-multi-species__20260520T222248Z,0,0,0.9993884563446045,7.422390626743436e-05,0.0005373117746785283
gue_splice_reconstructed_lora__InstaDeepAI_nucleotide-transformer-v2-500m-multi-species__20260520T222248Z,1,1,0.0003207569825462997,0.9123772382736206,0.08730203658342361
gue_splice_reconstructed_lora__InstaDeepAI_nucleotide-transformer-v2-500m-multi-species__20260520T222248Z,2,2,0.003171738935634494,0.0012702842941507697,0.995557963848114
gue_splice_reconstructed_lora__InstaDeepAI_nucleotide-transformer-v2-500m-multi-species__20260520T222248Z,2,2,0.004169063176959753,0.005148105788975954,0.99068284034729
gue_splice_reconstructed_lora__InstaDeepAI_nucleotide-transformer-v2-500m-multi-species__20260520T222248Z,2,2,0.006208551116287708,0.0004019702901132405,0.9933894872665405
gue_splice_reconstructed_lora__InstaDeepAI_nucleotide-transformer-v2-500m-multi-species__20260520T222248Z,2,2,0.0004335024277679622,0.004884256981313229,0.994682252407074
gue_splice_reconstructed_lora__InstaDeepAI_nucleotide-transformer-v2-500m-multi-species__20260520T222248Z,0,0,0.9540669322013855,0.0017200864385813475,0.0442129448056221
gue_splice_reconstructed_lora__InstaDeepAI_nucleotide-transformer-v2-500m-multi-species__20260520T222248Z,2,2,0.014965211041271687,0.0006592936115339398,0.984375536441803
gue_splice_reconstructed_lora__InstaDeepAI_nucleotide-transformer-v2-500m-multi-species__20260520T222248Z,1,2,0.013047847896814346,0.012281281873583794,0.9746708273887634
gue_splice_reconstructed_lora__InstaDeepAI_nucleotide-transformer-v2-500m-multi-species__20260520T222248Z,2,2,0.005615871865302324,0.0007409710087813437,0.9936431646347046
gue_splice_reconstructed_lora__InstaDeepAI_nucleotide-transformer-v2-500m-multi-species__20260520T222248Z,2,2,0.03998952358961105,0.005707837175577879,0.9543026089668274
gue_splice_reconstructed_lora__InstaDeepAI_nucleotide-transformer-v2-500m-multi-species__20260520T222248Z,2,2,0.003909451421350241,0.0013723464217036963,0.9947182536125183
gue_splice_reconstructed_lora__InstaDeepAI_nucleotide-transformer-v2-500m-multi-species__20260520T222248Z,1,1,6.369503535097465e-05,0.9987530708312988,0.0011832044692710042
gue_splice_reconstructed_lora__InstaDeepAI_nucleotide-transformer-v2-500m-multi-species__20260520T222248Z,2,2,0.01873892731964588,0.0021376446820795536,0.9791234731674194
gue_splice_reconstructed_lora__InstaDeepAI_nucleotide-transformer-v2-500m-multi-species__20260520T222248Z,1,1,8.435111521976069e-05,0.998384952545166,0.001530615845695138
gue_splice_reconstructed_lora__InstaDeepAI_nucleotide-transformer-v2-500m-multi-species__20260520T222248Z,2,2,0.002606542780995369,0.000829043157864362,0.9965644478797913
gue_splice_reconstructed_lora__InstaDeepAI_nucleotide-transformer-v2-500m-multi-species__20260520T222248Z,2,2,0.0005228746449574828,0.008727925829589367,0.990749180316925
gue_splice_reconstructed_lora__InstaDeepAI_nucleotide-transformer-v2-500m-multi-species__20260520T222248Z,2,2,0.003423734102398157,0.0017115037189796567,0.9948647618293762
gue_splice_reconstructed_lora__InstaDeepAI_nucleotide-transformer-v2-500m-multi-species__20260520T222248Z,1,1,4.324302790337242e-05,0.9982022047042847,0.0017545385053381324
gue_splice_reconstructed_lora__InstaDeepAI_nucleotide-transformer-v2-500m-multi-species__20260520T222248Z,0,0,0.9970230460166931,9.886736370390281e-05,0.0028780633583664894
gue_splice_reconstructed_lora__InstaDeepAI_nucleotide-transformer-v2-500m-multi-species__20260520T222248Z,1,1,0.0004314680118113756,0.7089145183563232,0.29065394401550293
gue_splice_reconstructed_lora__InstaDeepAI_nucleotide-transformer-v2-500m-multi-species__20260520T222248Z,0,0,0.9982495903968811,0.0004853412974625826,0.0012650415301322937
gue_splice_reconstructed_lora__InstaDeepAI_nucleotide-transformer-v2-500m-multi-species__20260520T222248Z,2,2,0.0008836684282869101,0.07623694092035294,0.9228793978691101
gue_splice_reconstructed_lora__InstaDeepAI_nucleotide-transformer-v2-500m-multi-species__20260520T222248Z,0,0,0.9906249642372131,0.00015096209244802594,0.009224125184118748
gue_splice_reconstructed_lora__InstaDeepAI_nucleotide-transformer-v2-500m-multi-species__20260520T222248Z,2,2,0.023132288828492165,0.0001971750898519531,0.9766705632209778
gue_splice_reconstructed_lora__InstaDeepAI_nucleotide-transformer-v2-500m-multi-species__20260520T222248Z,2,2,0.017254896461963654,0.0007365982164628804,0.9820084571838379
gue_splice_reconstructed_lora__InstaDeepAI_nucleotide-transformer-v2-500m-multi-species__20260520T222248Z,2,2,0.016036396846175194,0.0014684919733554125,0.9824950695037842
gue_splice_reconstructed_lora__InstaDeepAI_nucleotide-transformer-v2-500m-multi-species__20260520T222248Z,1,1,7.053777517285198e-05,0.9914557337760925,0.008473699912428856
gue_splice_reconstructed_lora__InstaDeepAI_nucleotide-transformer-v2-500m-multi-species__20260520T222248Z,2,2,0.001562122837640345,0.06523390114307404,0.9332039952278137
gue_splice_reconstructed_lora__InstaDeepAI_nucleotide-transformer-v2-500m-multi-species__20260520T222248Z,2,2,0.0006416435935534537,0.0012247811537235975,0.9981335997581482
gue_splice_reconstructed_lora__InstaDeepAI_nucleotide-transformer-v2-500m-multi-species__20260520T222248Z,1,1,7.957556226756424e-05,0.9986974596977234,0.0012230818392708898
gue_splice_reconstructed_lora__InstaDeepAI_nucleotide-transformer-v2-500m-multi-species__20260520T222248Z,2,2,0.0049502612091600895,0.0006147761014290154,0.9944349527359009
gue_splice_reconstructed_lora__InstaDeepAI_nucleotide-transformer-v2-500m-multi-species__20260520T222248Z,0,2,0.0018965451745316386,0.0021448738407343626,0.9959586262702942
gue_splice_reconstructed_lora__InstaDeepAI_nucleotide-transformer-v2-500m-multi-species__20260520T222248Z,0,0,0.9988235831260681,0.00015132222324609756,0.0010250508785247803
gue_splice_reconstructed_lora__InstaDeepAI_nucleotide-transformer-v2-500m-multi-species__20260520T222248Z,2,2,0.005076211411505938,0.00026758824242278934,0.9946562051773071
gue_splice_reconstructed_lora__InstaDeepAI_nucleotide-transformer-v2-500m-multi-species__20260520T222248Z,2,2,0.008466193452477455,0.0014399330830201507,0.9900938868522644
gue_splice_reconstructed_lora__InstaDeepAI_nucleotide-transformer-v2-500m-multi-species__20260520T222248Z,2,0,0.5603444576263428,0.0006943301996216178,0.4389612376689911
gue_splice_reconstructed_lora__InstaDeepAI_nucleotide-transformer-v2-500m-multi-species__20260520T222248Z,2,2,0.0010437326272949576,0.0006256804917939007,0.9983306527137756
gue_splice_reconstructed_lora__InstaDeepAI_nucleotide-transformer-v2-500m-multi-species__20260520T222248Z,1,1,3.948488301830366e-05,0.9971302151679993,0.002830290235579014
gue_splice_reconstructed_lora__InstaDeepAI_nucleotide-transformer-v2-500m-multi-species__20260520T222248Z,2,2,0.0017611178336665034,0.004090724978595972,0.9941481351852417
gue_splice_reconstructed_lora__InstaDeepAI_nucleotide-transformer-v2-500m-multi-species__20260520T222248Z,0,0,0.9966661334037781,0.00027128958026878536,0.003062585834413767
gue_splice_reconstructed_lora__InstaDeepAI_nucleotide-transformer-v2-500m-multi-species__20260520T222248Z,0,0,0.8057660460472107,0.0009696085471659899,0.19326438009738922
gue_splice_reconstructed_lora__InstaDeepAI_nucleotide-transformer-v2-500m-multi-species__20260520T222248Z,2,2,0.0012311222963035107,0.0003544489445630461,0.9984143972396851
gue_splice_reconstructed_lora__InstaDeepAI_nucleotide-transformer-v2-500m-multi-species__20260520T222248Z,2,2,0.003651402657851577,0.007368836551904678,0.988979697227478
gue_splice_reconstructed_lora__InstaDeepAI_nucleotide-transformer-v2-500m-multi-species__20260520T222248Z,2,2,0.0007342776516452432,0.0010436191223561764,0.9982220530509949
gue_splice_reconstructed_lora__InstaDeepAI_nucleotide-transformer-v2-500m-multi-species__20260520T222248Z,0,0,0.9959815740585327,8.284346404252574e-05,0.003935497719794512
gue_splice_reconstructed_lora__InstaDeepAI_nucleotide-transformer-v2-500m-multi-species__20260520T222248Z,2,1,0.0006247203564271331,0.8677269816398621,0.13164842128753662
gue_splice_reconstructed_lora__InstaDeepAI_nucleotide-transformer-v2-500m-multi-species__20260520T222248Z,2,2,0.0006337816594168544,0.0018410857301205397,0.997525155544281
gue_splice_reconstructed_lora__InstaDeepAI_nucleotide-transformer-v2-500m-multi-species__20260520T222248Z,1,1,0.00011998038098681718,0.945987343788147,0.05389269068837166
gue_splice_reconstructed_lora__InstaDeepAI_nucleotide-transformer-v2-500m-multi-species__20260520T222248Z,2,0,0.7671341300010681,0.0004970149602741003,0.2323688119649887
gue_splice_reconstructed_lora__InstaDeepAI_nucleotide-transformer-v2-500m-multi-species__20260520T222248Z,0,0,0.999215841293335,6.678275531157851e-05,0.0007172814221121371
gue_splice_reconstructed_lora__InstaDeepAI_nucleotide-transformer-v2-500m-multi-species__20260520T222248Z,0,0,0.9963141083717346,0.00011371470463927835,0.0035722770262509584
gue_splice_reconstructed_lora__InstaDeepAI_nucleotide-transformer-v2-500m-multi-species__20260520T222248Z,2,2,0.004050626885145903,0.0009144709329120815,0.99503493309021
gue_splice_reconstructed_lora__InstaDeepAI_nucleotide-transformer-v2-500m-multi-species__20260520T222248Z,1,1,0.0002623471664264798,0.8455931544303894,0.15414442121982574
gue_splice_reconstructed_lora__InstaDeepAI_nucleotide-transformer-v2-500m-multi-species__20260520T222248Z,2,2,0.023580295965075493,0.001757218036800623,0.9746624827384949
gue_splice_reconstructed_lora__InstaDeepAI_nucleotide-transformer-v2-500m-multi-species__20260520T222248Z,0,2,0.23221692442893982,0.001150336698628962,0.7666327357292175
gue_splice_reconstructed_lora__InstaDeepAI_nucleotide-transformer-v2-500m-multi-species__20260520T222248Z,2,2,0.0019646540749818087,0.03823770210146904,0.9597976207733154
gue_splice_reconstructed_lora__InstaDeepAI_nucleotide-transformer-v2-500m-multi-species__20260520T222248Z,0,0,0.9963155388832092,0.00016067721298895776,0.003523774677887559
gue_splice_reconstructed_lora__InstaDeepAI_nucleotide-transformer-v2-500m-multi-species__20260520T222248Z,1,1,5.668863741448149e-05,0.9955108165740967,0.004432435613125563
gue_splice_reconstructed_lora__InstaDeepAI_nucleotide-transformer-v2-500m-multi-species__20260520T222248Z,2,2,0.0029910083394497633,0.0015261665685102344,0.9954828023910522
gue_splice_reconstructed_lora__InstaDeepAI_nucleotide-transformer-v2-500m-multi-species__20260520T222248Z,2,2,0.0017676858697086573,0.0023235792759805918,0.9959087371826172
gue_splice_reconstructed_lora__InstaDeepAI_nucleotide-transformer-v2-500m-multi-species__20260520T222248Z,2,2,0.0011084515135735273,0.0009462588932365179,0.997945249080658
gue_splice_reconstructed_lora__InstaDeepAI_nucleotide-transformer-v2-500m-multi-species__20260520T222248Z,0,0,0.997577965259552,2.8900729375891387e-05,0.002393161877989769
gue_splice_reconstructed_lora__InstaDeepAI_nucleotide-transformer-v2-500m-multi-species__20260520T222248Z,2,2,0.00041540194069966674,0.055697135627269745,0.9438874125480652
gue_splice_reconstructed_lora__InstaDeepAI_nucleotide-transformer-v2-500m-multi-species__20260520T222248Z,2,2,0.0006154354196041822,0.0019368426874279976,0.9974477291107178
gue_splice_reconstructed_lora__InstaDeepAI_nucleotide-transformer-v2-500m-multi-species__20260520T222248Z,2,2,0.0003566978848539293,0.0007640307303518057,0.9988792538642883
gue_splice_reconstructed_lora__InstaDeepAI_nucleotide-transformer-v2-500m-multi-species__20260520T222248Z,2,2,0.0003707649593707174,0.18308700621128082,0.8165422677993774
gue_splice_reconstructed_lora__InstaDeepAI_nucleotide-transformer-v2-500m-multi-species__20260520T222248Z,0,0,0.9405531287193298,0.0005398723878897727,0.05890702083706856
gue_splice_reconstructed_lora__InstaDeepAI_nucleotide-transformer-v2-500m-multi-species__20260520T222248Z,2,2,0.008254756219685078,0.0054136011749506,0.9863317012786865
gue_splice_reconstructed_lora__InstaDeepAI_nucleotide-transformer-v2-500m-multi-species__20260520T222248Z,2,2,0.07680647075176239,0.005372948478907347,0.9178205132484436
gue_splice_reconstructed_lora__InstaDeepAI_nucleotide-transformer-v2-500m-multi-species__20260520T222248Z,2,2,0.0015868771588429809,0.008799181319773197,0.989613950252533
gue_splice_reconstructed_lora__InstaDeepAI_nucleotide-transformer-v2-500m-multi-species__20260520T222248Z,0,0,0.9982544779777527,6.391241186065599e-05,0.0016816540155559778
gue_splice_reconstructed_lora__InstaDeepAI_nucleotide-transformer-v2-500m-multi-species__20260520T222248Z,1,1,0.0003238862263970077,0.9961392283439636,0.0035369405522942543
gue_splice_reconstructed_lora__InstaDeepAI_nucleotide-transformer-v2-500m-multi-species__20260520T222248Z,0,0,0.9981034994125366,0.00010577017383184284,0.0017907146830111742
gue_splice_reconstructed_lora__InstaDeepAI_nucleotide-transformer-v2-500m-multi-species__20260520T222248Z,0,0,0.9947875738143921,0.00040569313568994403,0.00480669504031539
gue_splice_reconstructed_lora__InstaDeepAI_nucleotide-transformer-v2-500m-multi-species__20260520T222248Z,1,1,5.5977507145144045e-05,0.9946101903915405,0.0053338827565312386
gue_splice_reconstructed_lora__InstaDeepAI_nucleotide-transformer-v2-500m-multi-species__20260520T222248Z,1,1,6.466778722824529e-05,0.9982853531837463,0.0016499842749908566
gue_splice_reconstructed_lora__InstaDeepAI_nucleotide-transformer-v2-500m-multi-species__20260520T222248Z,2,2,0.0006920952582731843,0.013277487829327583,0.9860303401947021
gue_splice_reconstructed_lora__InstaDeepAI_nucleotide-transformer-v2-500m-multi-species__20260520T222248Z,2,2,0.0009170541306957603,0.007066769991070032,0.9920161962509155
gue_splice_reconstructed_lora__InstaDeepAI_nucleotide-transformer-v2-500m-multi-species__20260520T222248Z,2,2,0.0024574827402830124,0.008057774975895882,0.9894847273826599
gue_splice_reconstructed_lora__InstaDeepAI_nucleotide-transformer-v2-500m-multi-species__20260520T222248Z,0,0,0.9969991445541382,0.0003235332842450589,0.0026773514691740274
gue_splice_reconstructed_lora__InstaDeepAI_nucleotide-transformer-v2-500m-multi-species__20260520T222248Z,1,1,4.0781178540783e-05,0.9981805086135864,0.0017786524258553982
gue_splice_reconstructed_lora__InstaDeepAI_nucleotide-transformer-v2-500m-multi-species__20260520T222248Z,1,1,3.971250043832697e-05,0.9989686012268066,0.0009917188435792923
gue_splice_reconstructed_lora__InstaDeepAI_nucleotide-transformer-v2-500m-multi-species__20260520T222248Z,2,2,0.0022668433375656605,0.0031014345586299896,0.9946317672729492
gue_splice_reconstructed_lora__InstaDeepAI_nucleotide-transformer-v2-500m-multi-species__20260520T222248Z,2,2,0.0011733549181371927,0.004511126317083836,0.9943155646324158
gue_splice_reconstructed_lora__InstaDeepAI_nucleotide-transformer-v2-500m-multi-species__20260520T222248Z,2,2,0.0009649391868151724,0.1336817592382431,0.8653533458709717
gue_splice_reconstructed_lora__InstaDeepAI_nucleotide-transformer-v2-500m-multi-species__20260520T222248Z,2,2,0.000801467860583216,0.014859084971249104,0.9843394756317139
gue_splice_reconstructed_lora__InstaDeepAI_nucleotide-transformer-v2-500m-multi-species__20260520T222248Z,2,2,0.004224754869937897,0.002585063688457012,0.9931901097297668
gue_splice_reconstructed_lora__InstaDeepAI_nucleotide-transformer-v2-500m-multi-species__20260520T222248Z,2,2,0.029075177386403084,0.0047906311228871346,0.9661341905593872
gue_splice_reconstructed_lora__InstaDeepAI_nucleotide-transformer-v2-500m-multi-species__20260520T222248Z,2,2,0.0014583866577595472,0.001617443049326539,0.996924102306366
gue_splice_reconstructed_lora__InstaDeepAI_nucleotide-transformer-v2-500m-multi-species__20260520T222248Z,2,2,0.0016046861419454217,0.001576725160703063,0.9968185424804688
gue_splice_reconstructed_lora__InstaDeepAI_nucleotide-transformer-v2-500m-multi-species__20260520T222248Z,2,2,0.001685183378867805,0.00913674384355545,0.9891780614852905
gue_splice_reconstructed_lora__InstaDeepAI_nucleotide-transformer-v2-500m-multi-species__20260520T222248Z,0,0,0.9935910701751709,0.000987343955785036,0.005421585403382778
gue_splice_reconstructed_lora__InstaDeepAI_nucleotide-transformer-v2-500m-multi-species__20260520T222248Z,1,1,0.0001563351834192872,0.9943205118179321,0.005523127969354391
gue_splice_reconstructed_lora__InstaDeepAI_nucleotide-transformer-v2-500m-multi-species__20260520T222248Z,1,1,5.976313696010038e-05,0.9975377321243286,0.0024024315644055605
gue_splice_reconstructed_lora__InstaDeepAI_nucleotide-transformer-v2-500m-multi-species__20260520T222248Z,2,2,0.0027505524922162294,0.002563796704635024,0.9946856498718262
gue_splice_reconstructed_lora__InstaDeepAI_nucleotide-transformer-v2-500m-multi-species__20260520T222248Z,2,2,0.0005575515097007155,0.0069943075068295,0.992448091506958
gue_splice_reconstructed_lora__InstaDeepAI_nucleotide-transformer-v2-500m-multi-species__20260520T222248Z,1,2,0.00038939432124607265,0.3145594596862793,0.6850511431694031
gue_splice_reconstructed_lora__InstaDeepAI_nucleotide-transformer-v2-500m-multi-species__20260520T222248Z,0,0,0.9992539286613464,6.22507359366864e-05,0.00068379269214347
gue_splice_reconstructed_lora__InstaDeepAI_nucleotide-transformer-v2-500m-multi-species__20260520T222248Z,0,0,0.9523000121116638,0.0004265364841558039,0.04727352038025856
gue_splice_reconstructed_lora__InstaDeepAI_nucleotide-transformer-v2-500m-multi-species__20260520T222248Z,2,2,0.0009353148052468896,0.00880066305398941,0.9902640581130981
gue_splice_reconstructed_lora__InstaDeepAI_nucleotide-transformer-v2-500m-multi-species__20260520T222248Z,1,1,7.71357590565458e-05,0.9949131011962891,0.005009797867387533
gue_splice_reconstructed_lora__InstaDeepAI_nucleotide-transformer-v2-500m-multi-species__20260520T222248Z,2,2,0.007884622551500797,0.0019003967754542828,0.9902149438858032
gue_splice_reconstructed_lora__InstaDeepAI_nucleotide-transformer-v2-500m-multi-species__20260520T222248Z,0,0,0.9825582504272461,0.0004054291930515319,0.01703636348247528
gue_splice_reconstructed_lora__InstaDeepAI_nucleotide-transformer-v2-500m-multi-species__20260520T222248Z,0,0,0.9992513060569763,0.00014644305338151753,0.0006022659945301712
gue_splice_reconstructed_lora__InstaDeepAI_nucleotide-transformer-v2-500m-multi-species__20260520T222248Z,1,1,0.0004899812629446387,0.6443567276000977,0.35515326261520386
gue_splice_reconstructed_lora__InstaDeepAI_nucleotide-transformer-v2-500m-multi-species__20260520T222248Z,2,2,0.0019016909645870328,0.001385882729664445,0.9967124462127686
gue_splice_reconstructed_lora__InstaDeepAI_nucleotide-transformer-v2-500m-multi-species__20260520T222248Z,1,1,3.947390359826386e-05,0.9968529343605042,0.0031076015438884497
gue_splice_reconstructed_lora__InstaDeepAI_nucleotide-transformer-v2-500m-multi-species__20260520T222248Z,2,2,0.0018778281519189477,0.0003683247196022421,0.9977537989616394
gue_splice_reconstructed_lora__InstaDeepAI_nucleotide-transformer-v2-500m-multi-species__20260520T222248Z,2,1,0.0006494988920167089,0.5656508803367615,0.4336996078491211
gue_splice_reconstructed_lora__InstaDeepAI_nucleotide-transformer-v2-500m-multi-species__20260520T222248Z,2,2,0.0380668081343174,0.0043234326876699924,0.9576097726821899
gue_splice_reconstructed_lora__InstaDeepAI_nucleotide-transformer-v2-500m-multi-species__20260520T222248Z,2,2,0.0014763055369257927,0.0011078634997829795,0.9974157810211182
gue_splice_reconstructed_lora__InstaDeepAI_nucleotide-transformer-v2-500m-multi-species__20260520T222248Z,2,2,0.0009542877087369561,0.0004650827031582594,0.9985806941986084
gue_splice_reconstructed_lora__InstaDeepAI_nucleotide-transformer-v2-500m-multi-species__20260520T222248Z,0,0,0.99930739402771,9.327207953901961e-05,0.0005993659724481404
gue_splice_reconstructed_lora__InstaDeepAI_nucleotide-transformer-v2-500m-multi-species__20260520T222248Z,2,2,0.0012898120330646634,0.0015741497045382857,0.9971359968185425
gue_splice_reconstructed_lora__InstaDeepAI_nucleotide-transformer-v2-500m-multi-species__20260520T222248Z,2,2,0.0008689694805070758,0.0024063410237431526,0.9967246651649475
gue_splice_reconstructed_lora__InstaDeepAI_nucleotide-transformer-v2-500m-multi-species__20260520T222248Z,2,2,0.0038508400321006775,0.0028561176732182503,0.993293046951294
gue_splice_reconstructed_lora__InstaDeepAI_nucleotide-transformer-v2-500m-multi-species__20260520T222248Z,1,1,7.93629078543745e-05,0.9921452403068542,0.00777537701651454
gue_splice_reconstructed_lora__InstaDeepAI_nucleotide-transformer-v2-500m-multi-species__20260520T222248Z,2,2,0.02935967408120632,0.15111631155014038,0.8195239901542664
gue_splice_reconstructed_lora__InstaDeepAI_nucleotide-transformer-v2-500m-multi-species__20260520T222248Z,2,2,0.0018403214635327458,0.0010485837701708078,0.9971110820770264
gue_splice_reconstructed_lora__InstaDeepAI_nucleotide-transformer-v2-500m-multi-species__20260520T222248Z,0,0,0.9992988109588623,5.429849625215866e-05,0.0006467991042882204
gue_splice_reconstructed_lora__InstaDeepAI_nucleotide-transformer-v2-500m-multi-species__20260520T222248Z,2,2,0.010384571738541126,0.002281187567859888,0.9873342514038086
gue_splice_reconstructed_lora__InstaDeepAI_nucleotide-transformer-v2-500m-multi-species__20260520T222248Z,0,0,0.9859574437141418,0.0005306086386553943,0.01351194642484188
gue_splice_reconstructed_lora__InstaDeepAI_nucleotide-transformer-v2-500m-multi-species__20260520T222248Z,0,0,0.9946849346160889,0.0001864475925685838,0.005128677934408188
gue_splice_reconstructed_lora__InstaDeepAI_nucleotide-transformer-v2-500m-multi-species__20260520T222248Z,1,1,0.00010577563080005348,0.9981550574302673,0.0017391033470630646
gue_splice_reconstructed_lora__InstaDeepAI_nucleotide-transformer-v2-500m-multi-species__20260520T222248Z,2,2,0.009768960066139698,0.005379149690270424,0.9848518967628479
gue_splice_reconstructed_lora__InstaDeepAI_nucleotide-transformer-v2-500m-multi-species__20260520T222248Z,2,2,0.002253004116937518,0.02451358363032341,0.9732334017753601
gue_splice_reconstructed_lora__InstaDeepAI_nucleotide-transformer-v2-500m-multi-species__20260520T222248Z,2,2,0.014762851409614086,0.0010451545240357518,0.9841920137405396
gue_splice_reconstructed_lora__InstaDeepAI_nucleotide-transformer-v2-500m-multi-species__20260520T222248Z,2,2,0.005623366683721542,0.001348774298094213,0.9930278658866882
gue_splice_reconstructed_lora__InstaDeepAI_nucleotide-transformer-v2-500m-multi-species__20260520T222248Z,2,2,0.10899890214204788,0.0049302545376122,0.8860708475112915
gue_splice_reconstructed_lora__InstaDeepAI_nucleotide-transformer-v2-500m-multi-species__20260520T222248Z,1,1,3.4025037166429684e-05,0.996747612953186,0.0032184564042836428
gue_splice_reconstructed_lora__InstaDeepAI_nucleotide-transformer-v2-500m-multi-species__20260520T222248Z,2,2,0.004883352667093277,0.0035276671405881643,0.9915890097618103
gue_splice_reconstructed_lora__InstaDeepAI_nucleotide-transformer-v2-500m-multi-species__20260520T222248Z,2,2,0.0008675598655827343,0.002079136436805129,0.9970532655715942
gue_splice_reconstructed_lora__InstaDeepAI_nucleotide-transformer-v2-500m-multi-species__20260520T222248Z,0,0,0.9991928935050964,5.471857366501354e-05,0.0007524215616285801
gue_splice_reconstructed_lora__InstaDeepAI_nucleotide-transformer-v2-500m-multi-species__20260520T222248Z,2,2,0.009431514889001846,0.006674896460026503,0.983893632888794
gue_splice_reconstructed_lora__InstaDeepAI_nucleotide-transformer-v2-500m-multi-species__20260520T222248Z,1,1,5.4916105000302196e-05,0.9988905787467957,0.001054566353559494
gue_splice_reconstructed_lora__InstaDeepAI_nucleotide-transformer-v2-500m-multi-species__20260520T222248Z,0,0,0.9959555864334106,0.00018888631893787533,0.0038555103819817305
gue_splice_reconstructed_lora__InstaDeepAI_nucleotide-transformer-v2-500m-multi-species__20260520T222248Z,2,2,0.002020887564867735,0.10431178659200668,0.8936673402786255
gue_splice_reconstructed_lora__InstaDeepAI_nucleotide-transformer-v2-500m-multi-species__20260520T222248Z,0,0,0.999262273311615,4.114557305001654e-05,0.0006966044893488288
gue_splice_reconstructed_lora__InstaDeepAI_nucleotide-transformer-v2-500m-multi-species__20260520T222248Z,0,0,0.9962504506111145,9.99552576104179e-05,0.0036496222019195557
gue_splice_reconstructed_lora__InstaDeepAI_nucleotide-transformer-v2-500m-multi-species__20260520T222248Z,2,2,0.005137082189321518,0.0004920289502479136,0.9943708777427673
gue_splice_reconstructed_lora__InstaDeepAI_nucleotide-transformer-v2-500m-multi-species__20260520T222248Z,0,0,0.9987782835960388,0.00016202095139306039,0.0010596089996397495
gue_splice_reconstructed_lora__InstaDeepAI_nucleotide-transformer-v2-500m-multi-species__20260520T222248Z,0,0,0.9899721145629883,0.00024873041547834873,0.009779077023267746
gue_splice_reconstructed_lora__InstaDeepAI_nucleotide-transformer-v2-500m-multi-species__20260520T222248Z,0,0,0.9985645413398743,5.383636016631499e-05,0.0013816948048770428
gue_splice_reconstructed_lora__InstaDeepAI_nucleotide-transformer-v2-500m-multi-species__20260520T222248Z,2,2,0.0009134894353337586,0.0012292343890294433,0.9978572726249695
gue_splice_reconstructed_lora__InstaDeepAI_nucleotide-transformer-v2-500m-multi-species__20260520T222248Z,0,0,0.9942162036895752,8.73450335348025e-05,0.005696462467312813
gue_splice_reconstructed_lora__InstaDeepAI_nucleotide-transformer-v2-500m-multi-species__20260520T222248Z,2,2,0.0022545605897903442,0.21976199746131897,0.7779834270477295
gue_splice_reconstructed_lora__InstaDeepAI_nucleotide-transformer-v2-500m-multi-species__20260520T222248Z,1,1,6.86503917677328e-05,0.9994539618492126,0.00047745980555191636
gue_splice_reconstructed_lora__InstaDeepAI_nucleotide-transformer-v2-500m-multi-species__20260520T222248Z,2,2,0.002716808347031474,0.0012758318334817886,0.9960073828697205
gue_splice_reconstructed_lora__InstaDeepAI_nucleotide-transformer-v2-500m-multi-species__20260520T222248Z,2,2,0.0006581688649021089,0.005061917006969452,0.9942798614501953
gue_splice_reconstructed_lora__InstaDeepAI_nucleotide-transformer-v2-500m-multi-species__20260520T222248Z,2,2,0.0031601248774677515,0.007829026319086552,0.9890108704566956
gue_splice_reconstructed_lora__InstaDeepAI_nucleotide-transformer-v2-500m-multi-species__20260520T222248Z,0,0,0.9949204325675964,5.754720768891275e-05,0.005022081080824137
gue_splice_reconstructed_lora__InstaDeepAI_nucleotide-transformer-v2-500m-multi-species__20260520T222248Z,2,2,0.0016185161657631397,0.0027424548752605915,0.9956389665603638
gue_splice_reconstructed_lora__InstaDeepAI_nucleotide-transformer-v2-500m-multi-species__20260520T222248Z,2,2,0.00478172954171896,0.0012388908071443439,0.9939793348312378
gue_splice_reconstructed_lora__InstaDeepAI_nucleotide-transformer-v2-500m-multi-species__20260520T222248Z,2,2,0.0017219468718394637,0.012860977090895176,0.9854170680046082
gue_splice_reconstructed_lora__InstaDeepAI_nucleotide-transformer-v2-500m-multi-species__20260520T222248Z,2,2,0.009844832122325897,0.004415799397975206,0.9857394099235535
gue_splice_reconstructed_lora__InstaDeepAI_nucleotide-transformer-v2-500m-multi-species__20260520T222248Z,2,2,0.00740423146635294,0.013315992429852486,0.9792796969413757
gue_splice_reconstructed_lora__InstaDeepAI_nucleotide-transformer-v2-500m-multi-species__20260520T222248Z,2,2,0.0016893241554498672,0.0008746997336857021,0.997435986995697
gue_splice_reconstructed_lora__InstaDeepAI_nucleotide-transformer-v2-500m-multi-species__20260520T222248Z,1,1,9.559526370139793e-05,0.9985200762748718,0.0013843344058841467
gue_splice_reconstructed_lora__InstaDeepAI_nucleotide-transformer-v2-500m-multi-species__20260520T222248Z,1,1,6.339488754747435e-05,0.9979373216629028,0.0019993053283542395
gue_splice_reconstructed_lora__InstaDeepAI_nucleotide-transformer-v2-500m-multi-species__20260520T222248Z,1,1,9.161569323623553e-05,0.9989676475524902,0.0009407752077095211
gue_splice_reconstructed_lora__InstaDeepAI_nucleotide-transformer-v2-500m-multi-species__20260520T222248Z,0,0,0.9586187601089478,0.0005732796853408217,0.04080796241760254
gue_splice_reconstructed_lora__InstaDeepAI_nucleotide-transformer-v2-500m-multi-species__20260520T222248Z,0,0,0.9985135197639465,5.8208013797411695e-05,0.0014282686170190573
gue_splice_reconstructed_lora__InstaDeepAI_nucleotide-transformer-v2-500m-multi-species__20260520T222248Z,2,2,0.001874494832009077,0.0040862844325602055,0.9940392971038818
gue_splice_reconstructed_lora__InstaDeepAI_nucleotide-transformer-v2-500m-multi-species__20260520T222248Z,2,2,0.0010713475057855248,0.007650244049727917,0.991278350353241
gue_splice_reconstructed_lora__InstaDeepAI_nucleotide-transformer-v2-500m-multi-species__20260520T222248Z,1,1,3.3445103326812387e-05,0.9990826845169067,0.000883878325112164
gue_splice_reconstructed_lora__InstaDeepAI_nucleotide-transformer-v2-500m-multi-species__20260520T222248Z,0,0,0.9880906343460083,0.000173311767866835,0.01173609308898449
gue_splice_reconstructed_lora__InstaDeepAI_nucleotide-transformer-v2-500m-multi-species__20260520T222248Z,1,1,6.999446486588567e-05,0.9954160451889038,0.004513914696872234
gue_splice_reconstructed_lora__InstaDeepAI_nucleotide-transformer-v2-500m-multi-species__20260520T222248Z,2,2,0.000475864828331396,0.1187368705868721,0.8807872533798218
gue_splice_reconstructed_lora__InstaDeepAI_nucleotide-transformer-v2-500m-multi-species__20260520T222248Z,2,2,0.007200450636446476,0.0015678880736231804,0.9912316203117371
gue_splice_reconstructed_lora__InstaDeepAI_nucleotide-transformer-v2-500m-multi-species__20260520T222248Z,2,2,0.015314532443881035,0.0001870784763013944,0.9844984412193298
gue_splice_reconstructed_lora__InstaDeepAI_nucleotide-transformer-v2-500m-multi-species__20260520T222248Z,2,2,0.029775263741612434,0.0013844715431332588,0.9688403010368347
gue_splice_reconstructed_lora__InstaDeepAI_nucleotide-transformer-v2-500m-multi-species__20260520T222248Z,0,0,0.9994710087776184,4.262672518962063e-05,0.0004864099028054625
gue_splice_reconstructed_lora__InstaDeepAI_nucleotide-transformer-v2-500m-multi-species__20260520T222248Z,1,2,0.004155701491981745,0.003502870677039027,0.9923413991928101
gue_splice_reconstructed_lora__InstaDeepAI_nucleotide-transformer-v2-500m-multi-species__20260520T222248Z,1,1,5.622278695227578e-05,0.9989683628082275,0.0009753904305398464
gue_splice_reconstructed_lora__InstaDeepAI_nucleotide-transformer-v2-500m-multi-species__20260520T222248Z,2,2,0.0009687381680123508,0.0010454118018969893,0.99798583984375
gue_splice_reconstructed_lora__InstaDeepAI_nucleotide-transformer-v2-500m-multi-species__20260520T222248Z,2,2,0.00353616732172668,0.0005422888207249343,0.9959214925765991
gue_splice_reconstructed_lora__InstaDeepAI_nucleotide-transformer-v2-500m-multi-species__20260520T222248Z,2,2,0.043919507414102554,0.002368637127801776,0.9537118077278137
gue_splice_reconstructed_lora__InstaDeepAI_nucleotide-transformer-v2-500m-multi-species__20260520T222248Z,2,2,0.0065233358182013035,0.00043110179831273854,0.9930455088615417
gue_splice_reconstructed_lora__InstaDeepAI_nucleotide-transformer-v2-500m-multi-species__20260520T222248Z,0,0,0.9989089965820312,7.974803884280846e-05,0.001011218293569982
gue_splice_reconstructed_lora__InstaDeepAI_nucleotide-transformer-v2-500m-multi-species__20260520T222248Z,2,2,0.0007331114029511809,0.004574956372380257,0.9946919083595276
gue_splice_reconstructed_lora__InstaDeepAI_nucleotide-transformer-v2-500m-multi-species__20260520T222248Z,1,1,3.599479532567784e-05,0.99444180727005,0.005522115621715784
gue_splice_reconstructed_lora__InstaDeepAI_nucleotide-transformer-v2-500m-multi-species__20260520T222248Z,2,2,0.006601374130696058,0.0011505124857649207,0.9922480583190918
gue_splice_reconstructed_lora__InstaDeepAI_nucleotide-transformer-v2-500m-multi-species__20260520T222248Z,1,2,0.0006466241320595145,0.018690653145313263,0.9806627631187439
gue_splice_reconstructed_lora__InstaDeepAI_nucleotide-transformer-v2-500m-multi-species__20260520T222248Z,2,2,0.00372337456792593,0.0024682211223989725,0.9938084483146667
gue_splice_reconstructed_lora__InstaDeepAI_nucleotide-transformer-v2-500m-multi-species__20260520T222248Z,2,2,0.010082158260047436,0.0038006852846592665,0.9861171841621399
gue_splice_reconstructed_lora__InstaDeepAI_nucleotide-transformer-v2-500m-multi-species__20260520T222248Z,2,2,0.0006502323085442185,0.007419744972139597,0.9919300079345703
gue_splice_reconstructed_lora__InstaDeepAI_nucleotide-transformer-v2-500m-multi-species__20260520T222248Z,2,2,0.12996478378772736,0.0011893605114892125,0.8688458800315857
gue_splice_reconstructed_lora__InstaDeepAI_nucleotide-transformer-v2-500m-multi-species__20260520T222248Z,2,2,0.2687292695045471,0.002214167034253478,0.7290565967559814
gue_splice_reconstructed_lora__InstaDeepAI_nucleotide-transformer-v2-500m-multi-species__20260520T222248Z,0,0,0.9984795451164246,8.944969158619642e-05,0.0014310122933238745
gue_splice_reconstructed_lora__InstaDeepAI_nucleotide-transformer-v2-500m-multi-species__20260520T222248Z,2,2,0.0017068538581952453,0.0041916281916201115,0.9941014647483826
gue_splice_reconstructed_lora__InstaDeepAI_nucleotide-transformer-v2-500m-multi-species__20260520T222248Z,2,2,0.005576362833380699,0.021168645471334457,0.973254919052124
gue_splice_reconstructed_lora__InstaDeepAI_nucleotide-transformer-v2-500m-multi-species__20260520T222248Z,1,1,5.4077063396107405e-05,0.9991187453269958,0.0008271195110864937
gue_splice_reconstructed_lora__InstaDeepAI_nucleotide-transformer-v2-500m-multi-species__20260520T222248Z,2,2,0.006826361175626516,0.0035207790788263083,0.9896528124809265
gue_splice_reconstructed_lora__InstaDeepAI_nucleotide-transformer-v2-500m-multi-species__20260520T222248Z,0,0,0.997774064540863,0.0001001081254798919,0.0021258245687931776
gue_splice_reconstructed_lora__InstaDeepAI_nucleotide-transformer-v2-500m-multi-species__20260520T222248Z,2,2,0.0035407247487455606,0.0011999744456261396,0.9952593445777893
gue_splice_reconstructed_lora__InstaDeepAI_nucleotide-transformer-v2-500m-multi-species__20260520T222248Z,0,0,0.9993653893470764,0.00012141940533183515,0.000513195525854826
gue_splice_reconstructed_lora__InstaDeepAI_nucleotide-transformer-v2-500m-multi-species__20260520T222248Z,2,2,0.0016794097609817982,0.000911297625862062,0.9974092841148376
gue_splice_reconstructed_lora__InstaDeepAI_nucleotide-transformer-v2-500m-multi-species__20260520T222248Z,0,0,0.6807674765586853,0.0017173782689496875,0.31751516461372375
gue_splice_reconstructed_lora__InstaDeepAI_nucleotide-transformer-v2-500m-multi-species__20260520T222248Z,2,2,0.0053116572089493275,0.017433270812034607,0.9772550463676453
gue_splice_reconstructed_lora__InstaDeepAI_nucleotide-transformer-v2-500m-multi-species__20260520T222248Z,2,2,0.0016667257295921445,0.0006934389239177108,0.9976398944854736
gue_splice_reconstructed_lora__InstaDeepAI_nucleotide-transformer-v2-500m-multi-species__20260520T222248Z,1,1,8.969112241175026e-05,0.9972712397575378,0.0026391383726149797
gue_splice_reconstructed_lora__InstaDeepAI_nucleotide-transformer-v2-500m-multi-species__20260520T222248Z,1,1,0.00010434625437483191,0.9656215310096741,0.034274205565452576
gue_splice_reconstructed_lora__InstaDeepAI_nucleotide-transformer-v2-500m-multi-species__20260520T222248Z,0,0,0.9987882971763611,9.358849638374522e-05,0.0011180889559909701
gue_splice_reconstructed_lora__InstaDeepAI_nucleotide-transformer-v2-500m-multi-species__20260520T222248Z,0,0,0.9027106761932373,0.0008344970410689712,0.09645475447177887
gue_splice_reconstructed_lora__InstaDeepAI_nucleotide-transformer-v2-500m-multi-species__20260520T222248Z,0,0,0.9994857311248779,2.4961631424957886e-05,0.0004892755532637239
gue_splice_reconstructed_lora__InstaDeepAI_nucleotide-transformer-v2-500m-multi-species__20260520T222248Z,0,0,0.9975143671035767,5.012822657590732e-05,0.002435445785522461
gue_splice_reconstructed_lora__InstaDeepAI_nucleotide-transformer-v2-500m-multi-species__20260520T222248Z,2,2,0.004815021529793739,0.0011041592806577682,0.9940808415412903
gue_splice_reconstructed_lora__InstaDeepAI_nucleotide-transformer-v2-500m-multi-species__20260520T222248Z,2,2,0.0027274959720671177,0.0031887658406049013,0.9940837025642395
gue_splice_reconstructed_lora__InstaDeepAI_nucleotide-transformer-v2-500m-multi-species__20260520T222248Z,1,1,9.542439511278644e-05,0.9967352747917175,0.0031692935153841972
gue_splice_reconstructed_lora__InstaDeepAI_nucleotide-transformer-v2-500m-multi-species__20260520T222248Z,1,1,6.670280708931386e-05,0.9980196952819824,0.0019135058391839266
gue_splice_reconstructed_lora__InstaDeepAI_nucleotide-transformer-v2-500m-multi-species__20260520T222248Z,2,2,0.001192754483781755,0.01339286845177412,0.9854143857955933
gue_splice_reconstructed_lora__InstaDeepAI_nucleotide-transformer-v2-500m-multi-species__20260520T222248Z,2,2,0.0033993839751929045,0.00688036996871233,0.9897202849388123
gue_splice_reconstructed_lora__InstaDeepAI_nucleotide-transformer-v2-500m-multi-species__20260520T222248Z,0,0,0.9935463070869446,0.00014789994747843593,0.0063057770021259785
gue_splice_reconstructed_lora__InstaDeepAI_nucleotide-transformer-v2-500m-multi-species__20260520T222248Z,2,2,0.0038133407942950726,0.0009717256180010736,0.9952149391174316
gue_splice_reconstructed_lora__InstaDeepAI_nucleotide-transformer-v2-500m-multi-species__20260520T222248Z,2,2,0.0010456045856699347,0.0007846525986678898,0.9981697797775269
gue_splice_reconstructed_lora__InstaDeepAI_nucleotide-transformer-v2-500m-multi-species__20260520T222248Z,2,2,0.0030516546685248613,0.009641479700803757,0.9873068332672119
gue_splice_reconstructed_lora__InstaDeepAI_nucleotide-transformer-v2-500m-multi-species__20260520T222248Z,2,2,0.32135695219039917,0.011814526282250881,0.6668285131454468
gue_splice_reconstructed_lora__InstaDeepAI_nucleotide-transformer-v2-500m-multi-species__20260520T222248Z,2,2,0.0014805103419348598,0.002162560820579529,0.9963569045066833
gue_splice_reconstructed_lora__InstaDeepAI_nucleotide-transformer-v2-500m-multi-species__20260520T222248Z,2,2,0.0020197273697704077,0.0015946183120831847,0.9963856935501099
gue_splice_reconstructed_lora__InstaDeepAI_nucleotide-transformer-v2-500m-multi-species__20260520T222248Z,2,2,0.003951605875045061,0.010051439516246319,0.9859969615936279
gue_splice_reconstructed_lora__InstaDeepAI_nucleotide-transformer-v2-500m-multi-species__20260520T222248Z,2,2,0.001136512029916048,0.0013081172946840525,0.9975554347038269
gue_splice_reconstructed_lora__InstaDeepAI_nucleotide-transformer-v2-500m-multi-species__20260520T222248Z,2,2,0.004481906536966562,0.0018375753425061703,0.993680477142334
gue_splice_reconstructed_lora__InstaDeepAI_nucleotide-transformer-v2-500m-multi-species__20260520T222248Z,0,0,0.996006429195404,0.00010391155956313014,0.003889744868502021
gue_splice_reconstructed_lora__InstaDeepAI_nucleotide-transformer-v2-500m-multi-species__20260520T222248Z,2,2,0.006282844580709934,0.0011220603482797742,0.9925951361656189
gue_splice_reconstructed_lora__InstaDeepAI_nucleotide-transformer-v2-500m-multi-species__20260520T222248Z,0,0,0.999119222164154,6.248596037039533e-05,0.0008182824240066111
gue_splice_reconstructed_lora__InstaDeepAI_nucleotide-transformer-v2-500m-multi-species__20260520T222248Z,2,2,0.002470896113663912,0.004584793001413345,0.9929443001747131
gue_splice_reconstructed_lora__InstaDeepAI_nucleotide-transformer-v2-500m-multi-species__20260520T222248Z,0,0,0.9985228180885315,6.417979602701962e-05,0.0014130211202427745
gue_splice_reconstructed_lora__InstaDeepAI_nucleotide-transformer-v2-500m-multi-species__20260520T222248Z,2,2,0.0034354771487414837,0.0021794612985104322,0.9943851232528687
gue_splice_reconstructed_lora__InstaDeepAI_nucleotide-transformer-v2-500m-multi-species__20260520T222248Z,2,1,9.911362576531246e-05,0.9801743030548096,0.019726615399122238
gue_splice_reconstructed_lora__InstaDeepAI_nucleotide-transformer-v2-500m-multi-species__20260520T222248Z,0,0,0.9983905553817749,0.00010115298937307671,0.0015083665493875742
gue_splice_reconstructed_lora__InstaDeepAI_nucleotide-transformer-v2-500m-multi-species__20260520T222248Z,2,2,0.014661251567304134,0.023543288931250572,0.961795449256897
gue_splice_reconstructed_lora__InstaDeepAI_nucleotide-transformer-v2-500m-multi-species__20260520T222248Z,2,2,0.0013660904951393604,0.2122683972120285,0.7863655686378479
gue_splice_reconstructed_lora__InstaDeepAI_nucleotide-transformer-v2-500m-multi-species__20260520T222248Z,1,1,0.0003237643977627158,0.9137649536132812,0.08591131865978241
gue_splice_reconstructed_lora__InstaDeepAI_nucleotide-transformer-v2-500m-multi-species__20260520T222248Z,0,0,0.9985024929046631,4.959329453413375e-05,0.0014479138189926744
gue_splice_reconstructed_lora__InstaDeepAI_nucleotide-transformer-v2-500m-multi-species__20260520T222248Z,2,2,0.000875375175382942,0.046629760414361954,0.9524948596954346
gue_splice_reconstructed_lora__InstaDeepAI_nucleotide-transformer-v2-500m-multi-species__20260520T222248Z,1,1,8.174673712346703e-05,0.9943812489509583,0.0055369664914906025
gue_splice_reconstructed_lora__InstaDeepAI_nucleotide-transformer-v2-500m-multi-species__20260520T222248Z,0,0,0.9935219883918762,0.0001400254259351641,0.0063380347564816475
gue_splice_reconstructed_lora__InstaDeepAI_nucleotide-transformer-v2-500m-multi-species__20260520T222248Z,2,2,0.0005318745388649404,0.28343209624290466,0.7160360217094421
gue_splice_reconstructed_lora__InstaDeepAI_nucleotide-transformer-v2-500m-multi-species__20260520T222248Z,2,2,0.00044126910506747663,0.004697986412793398,0.9948607087135315
gue_splice_reconstructed_lora__InstaDeepAI_nucleotide-transformer-v2-500m-multi-species__20260520T222248Z,0,0,0.9961835741996765,0.00021660883794538677,0.0035998232197016478
gue_splice_reconstructed_lora__InstaDeepAI_nucleotide-transformer-v2-500m-multi-species__20260520T222248Z,2,2,0.12875548005104065,0.0020359090995043516,0.8692086338996887
gue_splice_reconstructed_lora__InstaDeepAI_nucleotide-transformer-v2-500m-multi-species__20260520T222248Z,2,0,0.9699819684028625,0.0008341714274138212,0.029183847829699516
gue_splice_reconstructed_lora__InstaDeepAI_nucleotide-transformer-v2-500m-multi-species__20260520T222248Z,2,2,0.000865541398525238,0.002456085290759802,0.996678352355957
gue_splice_reconstructed_lora__InstaDeepAI_nucleotide-transformer-v2-500m-multi-species__20260520T222248Z,0,2,0.020040307193994522,0.011530677787959576,0.9684290289878845
gue_splice_reconstructed_lora__InstaDeepAI_nucleotide-transformer-v2-500m-multi-species__20260520T222248Z,2,2,0.00404707994312048,0.011450515128672123,0.984502375125885
gue_splice_reconstructed_lora__InstaDeepAI_nucleotide-transformer-v2-500m-multi-species__20260520T222248Z,2,2,0.0015043823514133692,0.04369030520319939,0.954805314540863
gue_splice_reconstructed_lora__InstaDeepAI_nucleotide-transformer-v2-500m-multi-species__20260520T222248Z,0,0,0.9924301505088806,0.00013191142352297902,0.00743799889460206
gue_splice_reconstructed_lora__InstaDeepAI_nucleotide-transformer-v2-500m-multi-species__20260520T222248Z,2,2,0.003316887654364109,0.002270773984491825,0.994412362575531
gue_splice_reconstructed_lora__InstaDeepAI_nucleotide-transformer-v2-500m-multi-species__20260520T222248Z,2,2,0.0024547476787120104,0.0014096428640186787,0.9961355924606323
gue_splice_reconstructed_lora__InstaDeepAI_nucleotide-transformer-v2-500m-multi-species__20260520T222248Z,0,0,0.9972947239875793,0.0003022453165613115,0.002403019228950143
gue_splice_reconstructed_lora__InstaDeepAI_nucleotide-transformer-v2-500m-multi-species__20260520T222248Z,2,2,0.0006180393975228071,0.017088009044528008,0.9822940230369568
gue_splice_reconstructed_lora__InstaDeepAI_nucleotide-transformer-v2-500m-multi-species__20260520T222248Z,2,2,0.01156424917280674,0.00044599268585443497,0.9879897236824036
gue_splice_reconstructed_lora__InstaDeepAI_nucleotide-transformer-v2-500m-multi-species__20260520T222248Z,1,1,4.898271799902432e-05,0.9978343844413757,0.002116631017997861
gue_splice_reconstructed_lora__InstaDeepAI_nucleotide-transformer-v2-500m-multi-species__20260520T222248Z,2,2,0.4005785286426544,0.0004262226866558194,0.5989952087402344
gue_splice_reconstructed_lora__InstaDeepAI_nucleotide-transformer-v2-500m-multi-species__20260520T222248Z,1,1,0.00028423473122529685,0.9733239412307739,0.026391735300421715
gue_splice_reconstructed_lora__InstaDeepAI_nucleotide-transformer-v2-500m-multi-species__20260520T222248Z,0,0,0.9992314577102661,5.824986510560848e-05,0.0007103218813426793
gue_splice_reconstructed_lora__InstaDeepAI_nucleotide-transformer-v2-500m-multi-species__20260520T222248Z,1,1,6.0022033721907064e-05,0.9979531764984131,0.001986686373129487
gue_splice_reconstructed_lora__InstaDeepAI_nucleotide-transformer-v2-500m-multi-species__20260520T222248Z,0,0,0.9874882698059082,7.362713222391903e-05,0.012438231147825718
gue_splice_reconstructed_lora__InstaDeepAI_nucleotide-transformer-v2-500m-multi-species__20260520T222248Z,1,1,0.00014333818398881704,0.9629018306732178,0.03695487231016159
gue_splice_reconstructed_lora__InstaDeepAI_nucleotide-transformer-v2-500m-multi-species__20260520T222248Z,2,2,0.0007902749348431826,0.01140508335083723,0.987804651260376
gue_splice_reconstructed_lora__InstaDeepAI_nucleotide-transformer-v2-500m-multi-species__20260520T222248Z,0,0,0.9964943528175354,0.0003678597859106958,0.0031377351842820644
gue_splice_reconstructed_lora__InstaDeepAI_nucleotide-transformer-v2-500m-multi-species__20260520T222248Z,1,1,0.00017483592091593891,0.9967801570892334,0.0030450415797531605
gue_splice_reconstructed_lora__InstaDeepAI_nucleotide-transformer-v2-500m-multi-species__20260520T222248Z,2,2,0.007128430996090174,0.0028914192225784063,0.989980161190033
gue_splice_reconstructed_lora__InstaDeepAI_nucleotide-transformer-v2-500m-multi-species__20260520T222248Z,2,2,0.002140101743862033,0.004117105156183243,0.9937427639961243
gue_splice_reconstructed_lora__InstaDeepAI_nucleotide-transformer-v2-500m-multi-species__20260520T222248Z,2,2,0.0005350900464691222,0.003236473770812154,0.9962284564971924
gue_splice_reconstructed_lora__InstaDeepAI_nucleotide-transformer-v2-500m-multi-species__20260520T222248Z,1,2,0.0005785490502603352,0.4836123585700989,0.5158091187477112
gue_splice_reconstructed_lora__InstaDeepAI_nucleotide-transformer-v2-500m-multi-species__20260520T222248Z,0,0,0.9772805571556091,0.00034491921542212367,0.022374417632818222
gue_splice_reconstructed_lora__InstaDeepAI_nucleotide-transformer-v2-500m-multi-species__20260520T222248Z,2,2,0.0174016784876585,0.0006628175033256412,0.9819355010986328
gue_splice_reconstructed_lora__InstaDeepAI_nucleotide-transformer-v2-500m-multi-species__20260520T222248Z,2,2,0.02654143236577511,0.0012823287397623062,0.972176194190979
gue_splice_reconstructed_lora__InstaDeepAI_nucleotide-transformer-v2-500m-multi-species__20260520T222248Z,2,2,0.003688911907374859,0.0010672627249732614,0.9952438473701477
gue_splice_reconstructed_lora__InstaDeepAI_nucleotide-transformer-v2-500m-multi-species__20260520T222248Z,0,0,0.9847707152366638,0.00014152945368550718,0.015087719075381756
gue_splice_reconstructed_lora__InstaDeepAI_nucleotide-transformer-v2-500m-multi-species__20260520T222248Z,2,2,0.0006913705728948116,0.006585215218365192,0.9927234053611755
gue_splice_reconstructed_lora__InstaDeepAI_nucleotide-transformer-v2-500m-multi-species__20260520T222248Z,0,0,0.9983566403388977,6.5690852352418e-05,0.0015776166692376137
gue_splice_reconstructed_lora__InstaDeepAI_nucleotide-transformer-v2-500m-multi-species__20260520T222248Z,2,2,0.007195477373898029,0.003224307904019952,0.9895802140235901
gue_splice_reconstructed_lora__InstaDeepAI_nucleotide-transformer-v2-500m-multi-species__20260520T222248Z,0,0,0.5753999352455139,0.003217297839000821,0.4213828444480896
gue_splice_reconstructed_lora__InstaDeepAI_nucleotide-transformer-v2-500m-multi-species__20260520T222248Z,2,2,0.006380604114383459,0.009892127476632595,0.983727216720581
gue_splice_reconstructed_lora__InstaDeepAI_nucleotide-transformer-v2-500m-multi-species__20260520T222248Z,2,2,0.0009563975036144257,0.004101993516087532,0.9949415326118469
gue_splice_reconstructed_lora__InstaDeepAI_nucleotide-transformer-v2-500m-multi-species__20260520T222248Z,2,2,0.0034669567830860615,0.03336266055703163,0.9631703495979309
gue_splice_reconstructed_lora__InstaDeepAI_nucleotide-transformer-v2-500m-multi-species__20260520T222248Z,2,2,0.0005610336665995419,0.025829672813415527,0.9736093282699585
gue_splice_reconstructed_lora__InstaDeepAI_nucleotide-transformer-v2-500m-multi-species__20260520T222248Z,1,1,0.00012436047836672515,0.9843600392341614,0.015515589155256748
gue_splice_reconstructed_lora__InstaDeepAI_nucleotide-transformer-v2-500m-multi-species__20260520T222248Z,1,1,7.637483940925449e-05,0.9986592531204224,0.0012643252266570926
gue_splice_reconstructed_lora__InstaDeepAI_nucleotide-transformer-v2-500m-multi-species__20260520T222248Z,2,2,0.0025379059370607138,0.00024142416077665985,0.9972206354141235
gue_splice_reconstructed_lora__InstaDeepAI_nucleotide-transformer-v2-500m-multi-species__20260520T222248Z,2,0,0.9894506335258484,0.0005558675620704889,0.00999350193887949
gue_splice_reconstructed_lora__InstaDeepAI_nucleotide-transformer-v2-500m-multi-species__20260520T222248Z,0,0,0.9987648725509644,7.475937309209257e-05,0.0011603328166529536
gue_splice_reconstructed_lora__InstaDeepAI_nucleotide-transformer-v2-500m-multi-species__20260520T222248Z,1,1,5.421058085630648e-05,0.9976807832717896,0.0022649276070296764
gue_splice_reconstructed_lora__InstaDeepAI_nucleotide-transformer-v2-500m-multi-species__20260520T222248Z,2,2,0.0012215332826599479,0.00523404823616147,0.9935444593429565
gue_splice_reconstructed_lora__InstaDeepAI_nucleotide-transformer-v2-500m-multi-species__20260520T222248Z,0,0,0.9995436072349548,4.520229413174093e-05,0.00041123124537989497
gue_splice_reconstructed_lora__InstaDeepAI_nucleotide-transformer-v2-500m-multi-species__20260520T222248Z,2,2,0.016184115782380104,0.0019066701643168926,0.9819092750549316
gue_splice_reconstructed_lora__InstaDeepAI_nucleotide-transformer-v2-500m-multi-species__20260520T222248Z,1,1,4.9742968258215114e-05,0.997611403465271,0.002338944235816598
gue_splice_reconstructed_lora__InstaDeepAI_nucleotide-transformer-v2-500m-multi-species__20260520T222248Z,1,1,6.605897215195e-05,0.9961385130882263,0.0037955071311444044
gue_splice_reconstructed_lora__InstaDeepAI_nucleotide-transformer-v2-500m-multi-species__20260520T222248Z,1,1,0.00010727319750003517,0.9965928196907043,0.003299902891740203
gue_splice_reconstructed_lora__InstaDeepAI_nucleotide-transformer-v2-500m-multi-species__20260520T222248Z,2,2,0.006464520003646612,0.015192790888249874,0.9783427119255066
gue_splice_reconstructed_lora__InstaDeepAI_nucleotide-transformer-v2-500m-multi-species__20260520T222248Z,2,2,0.006955708842724562,0.0022101900540292263,0.9908341765403748
gue_splice_reconstructed_lora__InstaDeepAI_nucleotide-transformer-v2-500m-multi-species__20260520T222248Z,1,1,4.1154231439577416e-05,0.9994725584983826,0.00048641065950505435
gue_splice_reconstructed_lora__InstaDeepAI_nucleotide-transformer-v2-500m-multi-species__20260520T222248Z,2,2,0.01195664145052433,0.0022998624481260777,0.9857434630393982
gue_splice_reconstructed_lora__InstaDeepAI_nucleotide-transformer-v2-500m-multi-species__20260520T222248Z,2,2,0.002380118705332279,0.002082067308947444,0.9955378770828247
gue_splice_reconstructed_lora__InstaDeepAI_nucleotide-transformer-v2-500m-multi-species__20260520T222248Z,2,2,0.0014042529510334134,0.0004375737044028938,0.9981581568717957
gue_splice_reconstructed_lora__InstaDeepAI_nucleotide-transformer-v2-500m-multi-species__20260520T222248Z,0,0,0.9995107650756836,4.5024582504993305e-05,0.0004441983182914555
gue_splice_reconstructed_lora__InstaDeepAI_nucleotide-transformer-v2-500m-multi-species__20260520T222248Z,0,0,0.9925442934036255,0.00010075727186631411,0.007354882080107927
gue_splice_reconstructed_lora__InstaDeepAI_nucleotide-transformer-v2-500m-multi-species__20260520T222248Z,1,1,0.00013586701243184507,0.9907402992248535,0.0091238459572196
gue_splice_reconstructed_lora__InstaDeepAI_nucleotide-transformer-v2-500m-multi-species__20260520T222248Z,2,0,0.9678872227668762,0.001064617419615388,0.031048187986016273
gue_splice_reconstructed_lora__InstaDeepAI_nucleotide-transformer-v2-500m-multi-species__20260520T222248Z,1,1,0.0002733981527853757,0.9907739758491516,0.008952595293521881
gue_splice_reconstructed_lora__InstaDeepAI_nucleotide-transformer-v2-500m-multi-species__20260520T222248Z,2,2,0.015573552809655666,0.0024011435452848673,0.9820252656936646
gue_splice_reconstructed_lora__InstaDeepAI_nucleotide-transformer-v2-500m-multi-species__20260520T222248Z,0,0,0.9931061863899231,0.00010360898158978671,0.006790238432586193
gue_splice_reconstructed_lora__InstaDeepAI_nucleotide-transformer-v2-500m-multi-species__20260520T222248Z,0,0,0.9992672801017761,3.057694630115293e-05,0.0007020716439001262
gue_splice_reconstructed_lora__InstaDeepAI_nucleotide-transformer-v2-500m-multi-species__20260520T222248Z,1,1,4.5859909732826054e-05,0.9983634352684021,0.0015907774213701487
gue_splice_reconstructed_lora__InstaDeepAI_nucleotide-transformer-v2-500m-multi-species__20260520T222248Z,0,0,0.9965277314186096,7.117611676221713e-05,0.003401107620447874
gue_splice_reconstructed_lora__InstaDeepAI_nucleotide-transformer-v2-500m-multi-species__20260520T222248Z,2,2,0.0018351905746385455,0.0018897511763498187,0.9962750673294067
gue_splice_reconstructed_lora__InstaDeepAI_nucleotide-transformer-v2-500m-multi-species__20260520T222248Z,1,1,6.223309901542962e-05,0.9989708662033081,0.0009668575366958976
gue_splice_reconstructed_lora__InstaDeepAI_nucleotide-transformer-v2-500m-multi-species__20260520T222248Z,2,2,0.011550607159733772,0.0030695858877152205,0.9853797554969788
gue_splice_reconstructed_lora__InstaDeepAI_nucleotide-transformer-v2-500m-multi-species__20260520T222248Z,0,0,0.9983294606208801,6.803950964240357e-05,0.0016024167416617274
gue_splice_reconstructed_lora__InstaDeepAI_nucleotide-transformer-v2-500m-multi-species__20260520T222248Z,2,2,0.0021636381279677153,0.010670620948076248,0.9871657490730286
gue_splice_reconstructed_lora__InstaDeepAI_nucleotide-transformer-v2-500m-multi-species__20260520T222248Z,1,1,5.642828909913078e-05,0.9987108707427979,0.0012326912255957723
gue_splice_reconstructed_lora__InstaDeepAI_nucleotide-transformer-v2-500m-multi-species__20260520T222248Z,2,2,0.008906889706850052,0.0058584194630384445,0.9852346777915955
gue_splice_reconstructed_lora__InstaDeepAI_nucleotide-transformer-v2-500m-multi-species__20260520T222248Z,2,2,0.0006687941495329142,0.006604558322578669,0.9927266836166382
gue_splice_reconstructed_lora__InstaDeepAI_nucleotide-transformer-v2-500m-multi-species__20260520T222248Z,0,0,0.9991681575775146,9.038980351760983e-05,0.0007414617575705051
gue_splice_reconstructed_lora__InstaDeepAI_nucleotide-transformer-v2-500m-multi-species__20260520T222248Z,2,0,0.6172102093696594,0.00030302771483547986,0.3824867308139801
gue_splice_reconstructed_lora__InstaDeepAI_nucleotide-transformer-v2-500m-multi-species__20260520T222248Z,2,2,0.0006574264843948185,0.00034779528505168855,0.998994767665863
gue_splice_reconstructed_lora__InstaDeepAI_nucleotide-transformer-v2-500m-multi-species__20260520T222248Z,1,1,6.817829125793651e-05,0.9964655637741089,0.0034662792459130287
gue_splice_reconstructed_lora__InstaDeepAI_nucleotide-transformer-v2-500m-multi-species__20260520T222248Z,2,2,0.0007906980463303626,0.0524437390267849,0.9467655420303345
gue_splice_reconstructed_lora__InstaDeepAI_nucleotide-transformer-v2-500m-multi-species__20260520T222248Z,2,2,0.000680664845276624,0.000743196636904031,0.9985761642456055
gue_splice_reconstructed_lora__InstaDeepAI_nucleotide-transformer-v2-500m-multi-species__20260520T222248Z,2,2,0.01427530962973833,0.000944782339502126,0.9847798943519592
gue_splice_reconstructed_lora__InstaDeepAI_nucleotide-transformer-v2-500m-multi-species__20260520T222248Z,2,2,0.0046334885992109776,0.00453500309959054,0.9908314347267151
gue_splice_reconstructed_lora__InstaDeepAI_nucleotide-transformer-v2-500m-multi-species__20260520T222248Z,2,2,0.0021187220700085163,0.0044114855118095875,0.9934698343276978
gue_splice_reconstructed_lora__InstaDeepAI_nucleotide-transformer-v2-500m-multi-species__20260520T222248Z,0,0,0.998166024684906,8.633250399725512e-05,0.0017476348439231515
gue_splice_reconstructed_lora__InstaDeepAI_nucleotide-transformer-v2-500m-multi-species__20260520T222248Z,0,0,0.9710228443145752,0.0005465814610943198,0.028430603444576263
gue_splice_reconstructed_lora__InstaDeepAI_nucleotide-transformer-v2-500m-multi-species__20260520T222248Z,2,2,0.006236841902136803,0.0016769848298281431,0.9920861124992371
gue_splice_reconstructed_lora__InstaDeepAI_nucleotide-transformer-v2-500m-multi-species__20260520T222248Z,2,0,0.8912193179130554,0.001085079275071621,0.10769565403461456
gue_splice_reconstructed_lora__InstaDeepAI_nucleotide-transformer-v2-500m-multi-species__20260520T222248Z,1,2,0.0008856531931087375,0.0009538860758766532,0.9981604218482971
gue_splice_reconstructed_lora__InstaDeepAI_nucleotide-transformer-v2-500m-multi-species__20260520T222248Z,0,0,0.9930490255355835,0.0008407686837017536,0.006110201124101877
gue_splice_reconstructed_lora__InstaDeepAI_nucleotide-transformer-v2-500m-multi-species__20260520T222248Z,2,2,0.0014154101954773068,0.03292624652385712,0.9656583070755005
gue_splice_reconstructed_lora__InstaDeepAI_nucleotide-transformer-v2-500m-multi-species__20260520T222248Z,2,2,0.002421329729259014,0.0005050661275163293,0.9970736503601074
gue_splice_reconstructed_lora__InstaDeepAI_nucleotide-transformer-v2-500m-multi-species__20260520T222248Z,2,2,0.00045673068962059915,0.001504892366938293,0.9980383515357971
gue_splice_reconstructed_lora__InstaDeepAI_nucleotide-transformer-v2-500m-multi-species__20260520T222248Z,2,2,0.002308699768036604,0.0023450565058737993,0.9953462481498718
gue_splice_reconstructed_lora__InstaDeepAI_nucleotide-transformer-v2-500m-multi-species__20260520T222248Z,2,2,0.0037217671051621437,0.0009567626984789968,0.9953214526176453
gue_splice_reconstructed_lora__InstaDeepAI_nucleotide-transformer-v2-500m-multi-species__20260520T222248Z,1,1,8.871509635355324e-05,0.9902796149253845,0.009631632827222347
gue_splice_reconstructed_lora__InstaDeepAI_nucleotide-transformer-v2-500m-multi-species__20260520T222248Z,2,2,0.0006262719980441034,0.11233469098806381,0.8870390057563782
gue_splice_reconstructed_lora__InstaDeepAI_nucleotide-transformer-v2-500m-multi-species__20260520T222248Z,2,2,0.0010310779325664043,0.0011170406360179186,0.9978518486022949
gue_splice_reconstructed_lora__InstaDeepAI_nucleotide-transformer-v2-500m-multi-species__20260520T222248Z,2,2,0.01208527386188507,0.0007669478072784841,0.9871477484703064
gue_splice_reconstructed_lora__InstaDeepAI_nucleotide-transformer-v2-500m-multi-species__20260520T222248Z,2,2,0.007720110472291708,0.00263691577129066,0.9896429777145386
gue_splice_reconstructed_lora__InstaDeepAI_nucleotide-transformer-v2-500m-multi-species__20260520T222248Z,0,0,0.9924026727676392,7.515878678532317e-05,0.007522252853959799
gue_splice_reconstructed_lora__InstaDeepAI_nucleotide-transformer-v2-500m-multi-species__20260520T222248Z,2,2,0.0005950568011030555,0.004371220711618662,0.9950337409973145
gue_splice_reconstructed_lora__InstaDeepAI_nucleotide-transformer-v2-500m-multi-species__20260520T222248Z,0,0,0.9995624423027039,4.964593972545117e-05,0.0003878353163599968
gue_splice_reconstructed_lora__InstaDeepAI_nucleotide-transformer-v2-500m-multi-species__20260520T222248Z,2,2,0.001629280624911189,0.0019652878399938345,0.9964054822921753
gue_splice_reconstructed_lora__InstaDeepAI_nucleotide-transformer-v2-500m-multi-species__20260520T222248Z,0,0,0.998359739780426,5.488692477229051e-05,0.0015853436198085546
gue_splice_reconstructed_lora__InstaDeepAI_nucleotide-transformer-v2-500m-multi-species__20260520T222248Z,0,0,0.9989296793937683,0.000132257686345838,0.0009379874682053924
gue_splice_reconstructed_lora__InstaDeepAI_nucleotide-transformer-v2-500m-multi-species__20260520T222248Z,2,2,0.00125845056027174,0.18586085736751556,0.8128806352615356
gue_splice_reconstructed_lora__InstaDeepAI_nucleotide-transformer-v2-500m-multi-species__20260520T222248Z,0,0,0.9942041039466858,0.00030966129270382226,0.005486197769641876
gue_splice_reconstructed_lora__InstaDeepAI_nucleotide-transformer-v2-500m-multi-species__20260520T222248Z,2,2,0.0019940303172916174,0.0027016664389520884,0.9953043460845947
gue_splice_reconstructed_lora__InstaDeepAI_nucleotide-transformer-v2-500m-multi-species__20260520T222248Z,1,1,7.66537050367333e-05,0.9810013175010681,0.018922122195363045
gue_splice_reconstructed_lora__InstaDeepAI_nucleotide-transformer-v2-500m-multi-species__20260520T222248Z,2,2,0.001576675334945321,0.0016362839378416538,0.9967870712280273
gue_splice_reconstructed_lora__InstaDeepAI_nucleotide-transformer-v2-500m-multi-species__20260520T222248Z,0,0,0.9979798197746277,6.144704821053892e-05,0.00195880513638258
gue_splice_reconstructed_lora__InstaDeepAI_nucleotide-transformer-v2-500m-multi-species__20260520T222248Z,2,2,0.003855177666991949,0.0007613567868247628,0.9953834414482117
gue_splice_reconstructed_lora__InstaDeepAI_nucleotide-transformer-v2-500m-multi-species__20260520T222248Z,2,2,0.002444654703140259,0.018986128270626068,0.9785691499710083
gue_splice_reconstructed_lora__InstaDeepAI_nucleotide-transformer-v2-500m-multi-species__20260520T222248Z,2,2,0.007058066315948963,0.0011795210884884,0.9917623996734619
gue_splice_reconstructed_lora__InstaDeepAI_nucleotide-transformer-v2-500m-multi-species__20260520T222248Z,0,2,0.37720465660095215,0.00149704166688025,0.6212983131408691
gue_splice_reconstructed_lora__InstaDeepAI_nucleotide-transformer-v2-500m-multi-species__20260520T222248Z,0,0,0.9992214441299438,5.060785042587668e-05,0.000727869919501245
gue_splice_reconstructed_lora__InstaDeepAI_nucleotide-transformer-v2-500m-multi-species__20260520T222248Z,0,0,0.9992817044258118,3.1795454560779035e-05,0.00068648811429739
gue_splice_reconstructed_lora__InstaDeepAI_nucleotide-transformer-v2-500m-multi-species__20260520T222248Z,2,2,0.021403826773166656,0.021071990951895714,0.9575241804122925
gue_splice_reconstructed_lora__InstaDeepAI_nucleotide-transformer-v2-500m-multi-species__20260520T222248Z,2,2,0.002033853204920888,0.0024199821054935455,0.9955461025238037
gue_splice_reconstructed_lora__InstaDeepAI_nucleotide-transformer-v2-500m-multi-species__20260520T222248Z,0,0,0.9978212118148804,0.000162182142958045,0.002016720362007618
gue_splice_reconstructed_lora__InstaDeepAI_nucleotide-transformer-v2-500m-multi-species__20260520T222248Z,2,2,0.0012822776334360242,0.0035266790073364973,0.9951910972595215
gue_splice_reconstructed_lora__InstaDeepAI_nucleotide-transformer-v2-500m-multi-species__20260520T222248Z,2,2,0.000724201905541122,0.0011986802564933896,0.9980771541595459
gue_splice_reconstructed_lora__InstaDeepAI_nucleotide-transformer-v2-500m-multi-species__20260520T222248Z,2,2,0.0011076887603849173,0.0016338634304702282,0.9972584247589111
gue_splice_reconstructed_lora__InstaDeepAI_nucleotide-transformer-v2-500m-multi-species__20260520T222248Z,1,1,7.638155511813238e-05,0.9929121136665344,0.007011578418314457
gue_splice_reconstructed_lora__InstaDeepAI_nucleotide-transformer-v2-500m-multi-species__20260520T222248Z,0,0,0.9958502054214478,0.00013133592437952757,0.004018471576273441
gue_splice_reconstructed_lora__InstaDeepAI_nucleotide-transformer-v2-500m-multi-species__20260520T222248Z,0,0,0.9955698847770691,5.0226328312419355e-05,0.00437998678535223
gue_splice_reconstructed_lora__InstaDeepAI_nucleotide-transformer-v2-500m-multi-species__20260520T222248Z,2,1,0.0008185781771317124,0.7845011353492737,0.21468022465705872
gue_splice_reconstructed_lora__InstaDeepAI_nucleotide-transformer-v2-500m-multi-species__20260520T222248Z,2,2,0.015853630378842354,0.002358734142035246,0.9817876815795898
gue_splice_reconstructed_lora__InstaDeepAI_nucleotide-transformer-v2-500m-multi-species__20260520T222248Z,1,1,7.383501360891387e-05,0.9980431795120239,0.001882964395917952
gue_splice_reconstructed_lora__InstaDeepAI_nucleotide-transformer-v2-500m-multi-species__20260520T222248Z,2,2,0.006405884400010109,0.001135131111368537,0.9924589991569519
gue_splice_reconstructed_lora__InstaDeepAI_nucleotide-transformer-v2-500m-multi-species__20260520T222248Z,2,2,0.0014187170891091228,0.0018905397737398744,0.9966907501220703
gue_splice_reconstructed_lora__InstaDeepAI_nucleotide-transformer-v2-500m-multi-species__20260520T222248Z,0,0,0.99886155128479,0.00012521049939095974,0.0010131471790373325
gue_splice_reconstructed_lora__InstaDeepAI_nucleotide-transformer-v2-500m-multi-species__20260520T222248Z,1,1,0.00042743212543427944,0.8688997030258179,0.13067279756069183
gue_splice_reconstructed_lora__InstaDeepAI_nucleotide-transformer-v2-500m-multi-species__20260520T222248Z,2,2,0.001058860681951046,0.005729740019887686,0.9932113885879517
gue_splice_reconstructed_lora__InstaDeepAI_nucleotide-transformer-v2-500m-multi-species__20260520T222248Z,0,2,0.372470498085022,0.012529275380074978,0.6150002479553223
gue_splice_reconstructed_lora__InstaDeepAI_nucleotide-transformer-v2-500m-multi-species__20260520T222248Z,2,2,0.023221837356686592,0.0008642246830277145,0.975913941860199
gue_splice_reconstructed_lora__InstaDeepAI_nucleotide-transformer-v2-500m-multi-species__20260520T222248Z,1,1,6.848912016721442e-05,0.9990554451942444,0.0008761198841966689
gue_splice_reconstructed_lora__InstaDeepAI_nucleotide-transformer-v2-500m-multi-species__20260520T222248Z,1,1,0.00012097049329895526,0.9101165533065796,0.08976241946220398
gue_splice_reconstructed_lora__InstaDeepAI_nucleotide-transformer-v2-500m-multi-species__20260520T222248Z,2,2,0.003785284236073494,0.0025166228879243135,0.9936981797218323
gue_splice_reconstructed_lora__InstaDeepAI_nucleotide-transformer-v2-500m-multi-species__20260520T222248Z,2,2,0.003216113429516554,0.0010051005519926548,0.9957787990570068
gue_splice_reconstructed_lora__InstaDeepAI_nucleotide-transformer-v2-500m-multi-species__20260520T222248Z,2,2,0.0047628977335989475,0.002267479430884123,0.9929695725440979
gue_splice_reconstructed_lora__InstaDeepAI_nucleotide-transformer-v2-500m-multi-species__20260520T222248Z,2,2,0.3226851224899292,0.0028081792406737804,0.6745067238807678
gue_splice_reconstructed_lora__InstaDeepAI_nucleotide-transformer-v2-500m-multi-species__20260520T222248Z,2,2,0.0011674592969939113,0.0036993238609284163,0.9951332211494446
gue_splice_reconstructed_lora__InstaDeepAI_nucleotide-transformer-v2-500m-multi-species__20260520T222248Z,1,1,8.459648961434141e-05,0.9973856806755066,0.0025296644307672977
gue_splice_reconstructed_lora__InstaDeepAI_nucleotide-transformer-v2-500m-multi-species__20260520T222248Z,2,2,0.0065989200957119465,0.0024900345597416162,0.990911066532135
gue_splice_reconstructed_lora__InstaDeepAI_nucleotide-transformer-v2-500m-multi-species__20260520T222248Z,2,2,0.10143818706274033,0.0010508772684261203,0.8975110054016113
gue_splice_reconstructed_lora__InstaDeepAI_nucleotide-transformer-v2-500m-multi-species__20260520T222248Z,1,1,0.00010980862862197682,0.9620909094810486,0.037799373269081116
gue_splice_reconstructed_lora__InstaDeepAI_nucleotide-transformer-v2-500m-multi-species__20260520T222248Z,2,2,0.0036782887764275074,0.0020037607755512,0.9943179488182068
gue_splice_reconstructed_lora__InstaDeepAI_nucleotide-transformer-v2-500m-multi-species__20260520T222248Z,2,2,0.0013868171954527497,0.0012286519631743431,0.9973844885826111
gue_splice_reconstructed_lora__InstaDeepAI_nucleotide-transformer-v2-500m-multi-species__20260520T222248Z,0,0,0.9988813996315002,0.00012693666212726384,0.000991632230579853
gue_splice_reconstructed_lora__InstaDeepAI_nucleotide-transformer-v2-500m-multi-species__20260520T222248Z,2,2,0.0009076370624825358,0.0018015297828242183,0.9972907900810242
gue_splice_reconstructed_lora__InstaDeepAI_nucleotide-transformer-v2-500m-multi-species__20260520T222248Z,2,2,0.006733079440891743,0.00563119538128376,0.9876356720924377
gue_splice_reconstructed_lora__InstaDeepAI_nucleotide-transformer-v2-500m-multi-species__20260520T222248Z,2,2,0.008293554186820984,0.000738975708372891,0.9909674525260925
gue_splice_reconstructed_lora__InstaDeepAI_nucleotide-transformer-v2-500m-multi-species__20260520T222248Z,2,2,0.0023202409502118826,0.12005620449781418,0.8776236176490784
gue_splice_reconstructed_lora__InstaDeepAI_nucleotide-transformer-v2-500m-multi-species__20260520T222248Z,2,2,0.001224380568601191,0.0009685646509751678,0.9978070855140686
gue_splice_reconstructed_lora__InstaDeepAI_nucleotide-transformer-v2-500m-multi-species__20260520T222248Z,2,2,0.12194326519966125,0.009517582133412361,0.8685391545295715
gue_splice_reconstructed_lora__InstaDeepAI_nucleotide-transformer-v2-500m-multi-species__20260520T222248Z,2,2,0.0005469694151543081,0.0046974895521998405,0.9947555065155029
gue_splice_reconstructed_lora__InstaDeepAI_nucleotide-transformer-v2-500m-multi-species__20260520T222248Z,2,2,0.022631783038377762,0.00512184901162982,0.9722464084625244
gue_splice_reconstructed_lora__InstaDeepAI_nucleotide-transformer-v2-500m-multi-species__20260520T222248Z,2,2,0.0025478301104158163,0.001208220375701785,0.996243953704834
gue_splice_reconstructed_lora__InstaDeepAI_nucleotide-transformer-v2-500m-multi-species__20260520T222248Z,2,2,0.043855685740709305,0.007415412925183773,0.9487289190292358
gue_splice_reconstructed_lora__InstaDeepAI_nucleotide-transformer-v2-500m-multi-species__20260520T222248Z,2,2,0.0006928062066435814,0.2643650472164154,0.7349421977996826
gue_splice_reconstructed_lora__InstaDeepAI_nucleotide-transformer-v2-500m-multi-species__20260520T222248Z,2,2,0.0007597249932587147,0.007928121834993362,0.9913120865821838
gue_splice_reconstructed_lora__InstaDeepAI_nucleotide-transformer-v2-500m-multi-species__20260520T222248Z,0,2,0.058650534600019455,0.0007673370419070125,0.9405820965766907
gue_splice_reconstructed_lora__InstaDeepAI_nucleotide-transformer-v2-500m-multi-species__20260520T222248Z,0,0,0.9963822364807129,0.0001398810709360987,0.00347785628400743
gue_splice_reconstructed_lora__InstaDeepAI_nucleotide-transformer-v2-500m-multi-species__20260520T222248Z,2,2,0.0018902062438428402,0.0015948251821100712,0.9965149164199829
gue_splice_reconstructed_lora__InstaDeepAI_nucleotide-transformer-v2-500m-multi-species__20260520T222248Z,0,0,0.9973215460777283,5.461609180201776e-05,0.002623851876705885
gue_splice_reconstructed_lora__InstaDeepAI_nucleotide-transformer-v2-500m-multi-species__20260520T222248Z,2,2,0.0026615788228809834,0.11063256859779358,0.8867058753967285
gue_splice_reconstructed_lora__InstaDeepAI_nucleotide-transformer-v2-500m-multi-species__20260520T222248Z,2,2,0.2796389162540436,0.015630463138222694,0.7047306299209595
gue_splice_reconstructed_lora__InstaDeepAI_nucleotide-transformer-v2-500m-multi-species__20260520T222248Z,0,0,0.9484086632728577,0.0004985776613466442,0.051092762500047684
gue_splice_reconstructed_lora__InstaDeepAI_nucleotide-transformer-v2-500m-multi-species__20260520T222248Z,0,2,0.14984364807605743,0.0008196288254112005,0.8493366837501526
gue_splice_reconstructed_lora__InstaDeepAI_nucleotide-transformer-v2-500m-multi-species__20260520T222248Z,1,1,3.2707059290260077e-05,0.9963059425354004,0.003661427879706025
gue_splice_reconstructed_lora__InstaDeepAI_nucleotide-transformer-v2-500m-multi-species__20260520T222248Z,0,0,0.9971097111701965,4.404765786603093e-05,0.0028461692854762077
gue_splice_reconstructed_lora__InstaDeepAI_nucleotide-transformer-v2-500m-multi-species__20260520T222248Z,0,0,0.9958310723304749,4.1164777940139174e-05,0.004127771593630314
gue_splice_reconstructed_lora__InstaDeepAI_nucleotide-transformer-v2-500m-multi-species__20260520T222248Z,0,0,0.9982981085777283,3.816550815827213e-05,0.0016637586522847414
gue_splice_reconstructed_lora__InstaDeepAI_nucleotide-transformer-v2-500m-multi-species__20260520T222248Z,0,0,0.9987779259681702,7.302853191504255e-05,0.0011490716133266687
gue_splice_reconstructed_lora__InstaDeepAI_nucleotide-transformer-v2-500m-multi-species__20260520T222248Z,0,0,0.9954783320426941,7.307215855689719e-05,0.004448552615940571
gue_splice_reconstructed_lora__InstaDeepAI_nucleotide-transformer-v2-500m-multi-species__20260520T222248Z,2,2,0.08285552263259888,0.0007758468855172396,0.9163686633110046
gue_splice_reconstructed_lora__InstaDeepAI_nucleotide-transformer-v2-500m-multi-species__20260520T222248Z,1,1,4.446802631719038e-05,0.9987918734550476,0.0011637686984613538
gue_splice_reconstructed_lora__InstaDeepAI_nucleotide-transformer-v2-500m-multi-species__20260520T222248Z,2,2,0.009646927937865257,0.0005571487126871943,0.989795982837677
gue_splice_reconstructed_lora__InstaDeepAI_nucleotide-transformer-v2-500m-multi-species__20260520T222248Z,0,0,0.9977695941925049,0.00010866585944313556,0.0021216669119894505
gue_splice_reconstructed_lora__InstaDeepAI_nucleotide-transformer-v2-500m-multi-species__20260520T222248Z,1,1,4.1768234950723127e-05,0.9986575841903687,0.0013006411027163267
gue_splice_reconstructed_lora__InstaDeepAI_nucleotide-transformer-v2-500m-multi-species__20260520T222248Z,0,0,0.9851717948913574,0.00025044206995517015,0.0145777752622962
gue_splice_reconstructed_lora__InstaDeepAI_nucleotide-transformer-v2-500m-multi-species__20260520T222248Z,1,1,4.32535343861673e-05,0.9984447360038757,0.001512135611847043
gue_splice_reconstructed_lora__InstaDeepAI_nucleotide-transformer-v2-500m-multi-species__20260520T222248Z,2,2,0.0009178544278256595,0.00231425603851676,0.9967678785324097
gue_splice_reconstructed_lora__InstaDeepAI_nucleotide-transformer-v2-500m-multi-species__20260520T222248Z,2,2,0.0075994329527020454,0.0004674324009101838,0.9919331669807434
gue_splice_reconstructed_lora__InstaDeepAI_nucleotide-transformer-v2-500m-multi-species__20260520T222248Z,1,1,6.017016130499542e-05,0.9887608885765076,0.01117892935872078
gue_splice_reconstructed_lora__InstaDeepAI_nucleotide-transformer-v2-500m-multi-species__20260520T222248Z,1,2,0.0005110483034513891,0.12977707386016846,0.8697118163108826
gue_splice_reconstructed_lora__InstaDeepAI_nucleotide-transformer-v2-500m-multi-species__20260520T222248Z,2,2,0.006075209937989712,0.00027526478515937924,0.9936495423316956
gue_splice_reconstructed_lora__InstaDeepAI_nucleotide-transformer-v2-500m-multi-species__20260520T222248Z,2,2,0.033130206167697906,0.0004933557938784361,0.9663763642311096
gue_splice_reconstructed_lora__InstaDeepAI_nucleotide-transformer-v2-500m-multi-species__20260520T222248Z,0,2,0.010630054399371147,0.0006609039264731109,0.988709032535553
gue_splice_reconstructed_lora__InstaDeepAI_nucleotide-transformer-v2-500m-multi-species__20260520T222248Z,1,1,0.0003887158527504653,0.5212684869766235,0.47834283113479614
gue_splice_reconstructed_lora__InstaDeepAI_nucleotide-transformer-v2-500m-multi-species__20260520T222248Z,1,1,9.573126590112224e-05,0.9729689955711365,0.026935312896966934
gue_splice_reconstructed_lora__InstaDeepAI_nucleotide-transformer-v2-500m-multi-species__20260520T222248Z,2,2,0.07022646814584732,0.0006470792577601969,0.9291264414787292
gue_splice_reconstructed_lora__InstaDeepAI_nucleotide-transformer-v2-500m-multi-species__20260520T222248Z,2,2,0.0028630788438022137,0.007240078411996365,0.9898968935012817
gue_splice_reconstructed_lora__InstaDeepAI_nucleotide-transformer-v2-500m-multi-species__20260520T222248Z,2,0,0.8219494223594666,0.0001178985767182894,0.1779327094554901
gue_splice_reconstructed_lora__InstaDeepAI_nucleotide-transformer-v2-500m-multi-species__20260520T222248Z,0,0,0.9715477824211121,0.00049502809997648,0.027957141399383545
gue_splice_reconstructed_lora__InstaDeepAI_nucleotide-transformer-v2-500m-multi-species__20260520T222248Z,2,2,0.0005264160572551191,0.002014021622017026,0.9974595904350281
gue_splice_reconstructed_lora__InstaDeepAI_nucleotide-transformer-v2-500m-multi-species__20260520T222248Z,2,2,0.001663776347413659,0.0044049229472875595,0.9939312934875488
gue_splice_reconstructed_lora__InstaDeepAI_nucleotide-transformer-v2-500m-multi-species__20260520T222248Z,2,2,0.0018776000943034887,0.0004898012848570943,0.997632622718811
gue_splice_reconstructed_lora__InstaDeepAI_nucleotide-transformer-v2-500m-multi-species__20260520T222248Z,2,2,0.004924457054585218,0.0009820719715207815,0.9940934777259827
gue_splice_reconstructed_lora__InstaDeepAI_nucleotide-transformer-v2-500m-multi-species__20260520T222248Z,0,0,0.99455726146698,0.00018281786469742656,0.005259890574961901
gue_splice_reconstructed_lora__InstaDeepAI_nucleotide-transformer-v2-500m-multi-species__20260520T222248Z,2,2,0.11329425871372223,0.0098747992888093,0.8768309354782104
gue_splice_reconstructed_lora__InstaDeepAI_nucleotide-transformer-v2-500m-multi-species__20260520T222248Z,2,0,0.9977758526802063,0.000155657617142424,0.0020684876944869757
gue_splice_reconstructed_lora__InstaDeepAI_nucleotide-transformer-v2-500m-multi-species__20260520T222248Z,1,1,0.00027770831366069615,0.6485087871551514,0.3512135148048401
gue_splice_reconstructed_lora__InstaDeepAI_nucleotide-transformer-v2-500m-multi-species__20260520T222248Z,1,2,0.0005609681247733533,0.055894795805215836,0.9435442090034485
gue_splice_reconstructed_lora__InstaDeepAI_nucleotide-transformer-v2-500m-multi-species__20260520T222248Z,2,2,0.0037705705035477877,0.001548950793221593,0.9946804642677307
gue_splice_reconstructed_lora__InstaDeepAI_nucleotide-transformer-v2-500m-multi-species__20260520T222248Z,2,2,0.0009624979575164616,0.0016533314483240247,0.9973841309547424
gue_splice_reconstructed_lora__InstaDeepAI_nucleotide-transformer-v2-500m-multi-species__20260520T222248Z,0,0,0.9583828449249268,0.0006846186006441712,0.040932606905698776
gue_splice_reconstructed_lora__InstaDeepAI_nucleotide-transformer-v2-500m-multi-species__20260520T222248Z,2,2,0.0008609234355390072,0.3177875876426697,0.6813515424728394
gue_splice_reconstructed_lora__InstaDeepAI_nucleotide-transformer-v2-500m-multi-species__20260520T222248Z,2,2,0.025207361206412315,0.0036208415403962135,0.9711717963218689
gue_splice_reconstructed_lora__InstaDeepAI_nucleotide-transformer-v2-500m-multi-species__20260520T222248Z,0,0,0.998799204826355,0.00012968265218660235,0.0010710753267630935
gue_splice_reconstructed_lora__InstaDeepAI_nucleotide-transformer-v2-500m-multi-species__20260520T222248Z,2,2,0.009877820499241352,0.003009624546393752,0.9871125817298889
gue_splice_reconstructed_lora__InstaDeepAI_nucleotide-transformer-v2-500m-multi-species__20260520T222248Z,2,2,0.004059912171214819,0.0005702221533283591,0.9953698515892029
gue_splice_reconstructed_lora__InstaDeepAI_nucleotide-transformer-v2-500m-multi-species__20260520T222248Z,2,2,0.0185047909617424,0.004640067927539349,0.9768551588058472
gue_splice_reconstructed_lora__InstaDeepAI_nucleotide-transformer-v2-500m-multi-species__20260520T222248Z,2,0,0.7640960216522217,0.000351040594978258,0.23555290699005127
gue_splice_reconstructed_lora__InstaDeepAI_nucleotide-transformer-v2-500m-multi-species__20260520T222248Z,2,2,0.0039606522768735886,0.001006311271339655,0.9950330257415771
gue_splice_reconstructed_lora__InstaDeepAI_nucleotide-transformer-v2-500m-multi-species__20260520T222248Z,0,0,0.9973815083503723,0.00016306331963278353,0.0024554189294576645
gue_splice_reconstructed_lora__InstaDeepAI_nucleotide-transformer-v2-500m-multi-species__20260520T222248Z,1,1,5.488568058353849e-05,0.9983371496200562,0.0016079156193882227
gue_splice_reconstructed_lora__InstaDeepAI_nucleotide-transformer-v2-500m-multi-species__20260520T222248Z,0,0,0.9985765218734741,0.000144356963573955,0.0012791227782145143
gue_splice_reconstructed_lora__InstaDeepAI_nucleotide-transformer-v2-500m-multi-species__20260520T222248Z,0,2,0.43074730038642883,0.001939056091941893,0.5673136115074158
gue_splice_reconstructed_lora__InstaDeepAI_nucleotide-transformer-v2-500m-multi-species__20260520T222248Z,2,2,0.011506253853440285,0.0011293041752651334,0.9873644709587097
gue_splice_reconstructed_lora__InstaDeepAI_nucleotide-transformer-v2-500m-multi-species__20260520T222248Z,0,0,0.9988866448402405,3.1658968509873375e-05,0.0010816809954121709
gue_splice_reconstructed_lora__InstaDeepAI_nucleotide-transformer-v2-500m-multi-species__20260520T222248Z,1,1,5.588399289990775e-05,0.9929486513137817,0.006995486561208963
gue_splice_reconstructed_lora__InstaDeepAI_nucleotide-transformer-v2-500m-multi-species__20260520T222248Z,2,2,0.04530047997832298,0.0019051397684961557,0.9527944326400757
gue_splice_reconstructed_lora__InstaDeepAI_nucleotide-transformer-v2-500m-multi-species__20260520T222248Z,2,2,0.05900158733129501,0.0003143340873066336,0.9406841397285461
gue_splice_reconstructed_lora__InstaDeepAI_nucleotide-transformer-v2-500m-multi-species__20260520T222248Z,2,2,0.0007341161253862083,0.003210728522390127,0.9960551261901855
gue_splice_reconstructed_lora__InstaDeepAI_nucleotide-transformer-v2-500m-multi-species__20260520T222248Z,2,2,0.0009571267291903496,0.3673723042011261,0.6316705942153931
gue_splice_reconstructed_lora__InstaDeepAI_nucleotide-transformer-v2-500m-multi-species__20260520T222248Z,2,2,0.0051139285787940025,0.0020926124416291714,0.9927934408187866
gue_splice_reconstructed_lora__InstaDeepAI_nucleotide-transformer-v2-500m-multi-species__20260520T222248Z,1,1,4.678550249082036e-05,0.9910407662391663,0.008912474848330021
gue_splice_reconstructed_lora__InstaDeepAI_nucleotide-transformer-v2-500m-multi-species__20260520T222248Z,0,0,0.9990553259849548,9.306659922003746e-05,0.0008516559610143304
gue_splice_reconstructed_lora__InstaDeepAI_nucleotide-transformer-v2-500m-multi-species__20260520T222248Z,0,0,0.9976922273635864,0.0001445111120119691,0.002163344994187355
gue_splice_reconstructed_lora__InstaDeepAI_nucleotide-transformer-v2-500m-multi-species__20260520T222248Z,2,2,0.011719443835318089,0.0006275093764998019,0.9876530170440674
gue_splice_reconstructed_lora__InstaDeepAI_nucleotide-transformer-v2-500m-multi-species__20260520T222248Z,2,0,0.9876118302345276,0.00033260355121456087,0.012055584229528904
gue_splice_reconstructed_lora__InstaDeepAI_nucleotide-transformer-v2-500m-multi-species__20260520T222248Z,1,1,6.542316259583458e-05,0.9981800317764282,0.0017544995062053204
gue_splice_reconstructed_lora__InstaDeepAI_nucleotide-transformer-v2-500m-multi-species__20260520T222248Z,2,2,0.0024511958472430706,0.0028545658569782972,0.9946942925453186
gue_splice_reconstructed_lora__InstaDeepAI_nucleotide-transformer-v2-500m-multi-species__20260520T222248Z,0,0,0.9948975443840027,0.0007361327880062163,0.004366356413811445
gue_splice_reconstructed_lora__InstaDeepAI_nucleotide-transformer-v2-500m-multi-species__20260520T222248Z,0,0,0.9994277358055115,3.385102900210768e-05,0.0005383834359236062
gue_splice_reconstructed_lora__InstaDeepAI_nucleotide-transformer-v2-500m-multi-species__20260520T222248Z,1,1,7.284391904249787e-05,0.98850017786026,0.011427054181694984
gue_splice_reconstructed_lora__InstaDeepAI_nucleotide-transformer-v2-500m-multi-species__20260520T222248Z,0,2,0.2631687819957733,0.001633564243093133,0.7351976633071899
gue_splice_reconstructed_lora__InstaDeepAI_nucleotide-transformer-v2-500m-multi-species__20260520T222248Z,2,2,0.0012754274066537619,0.08858868479728699,0.9101359248161316
gue_splice_reconstructed_lora__InstaDeepAI_nucleotide-transformer-v2-500m-multi-species__20260520T222248Z,2,2,0.0035143988206982613,0.001850150409154594,0.9946354031562805
gue_splice_reconstructed_lora__InstaDeepAI_nucleotide-transformer-v2-500m-multi-species__20260520T222248Z,2,2,0.0010918891057372093,0.0330030731856823,0.9659050107002258
gue_splice_reconstructed_lora__InstaDeepAI_nucleotide-transformer-v2-500m-multi-species__20260520T222248Z,2,2,0.013916927389800549,0.0013375248527154326,0.9847455620765686
gue_splice_reconstructed_lora__InstaDeepAI_nucleotide-transformer-v2-500m-multi-species__20260520T222248Z,2,2,0.00177537661511451,0.0018825107254087925,0.996342122554779
gue_splice_reconstructed_lora__InstaDeepAI_nucleotide-transformer-v2-500m-multi-species__20260520T222248Z,2,2,0.002514860825613141,0.0005961662973277271,0.9968889355659485
gue_splice_reconstructed_lora__InstaDeepAI_nucleotide-transformer-v2-500m-multi-species__20260520T222248Z,2,2,0.000982833094894886,0.0022083690855652094,0.9968088269233704
gue_splice_reconstructed_lora__InstaDeepAI_nucleotide-transformer-v2-500m-multi-species__20260520T222248Z,0,0,0.9992467164993286,0.00013255831436254084,0.00062077451730147
gue_splice_reconstructed_lora__InstaDeepAI_nucleotide-transformer-v2-500m-multi-species__20260520T222248Z,2,2,0.0020218328572809696,0.0005538189434446394,0.9974243640899658
gue_splice_reconstructed_lora__InstaDeepAI_nucleotide-transformer-v2-500m-multi-species__20260520T222248Z,2,2,0.0020709156524389982,0.026875721290707588,0.971053421497345
gue_splice_reconstructed_lora__InstaDeepAI_nucleotide-transformer-v2-500m-multi-species__20260520T222248Z,0,0,0.9950345754623413,0.0003484523040242493,0.0046169329434633255
gue_splice_reconstructed_lora__InstaDeepAI_nucleotide-transformer-v2-500m-multi-species__20260520T222248Z,0,0,0.9980418682098389,3.612510408856906e-05,0.0019219759851694107
gue_splice_reconstructed_lora__InstaDeepAI_nucleotide-transformer-v2-500m-multi-species__20260520T222248Z,2,1,0.0001792892871890217,0.8101836442947388,0.18963713943958282
gue_splice_reconstructed_lora__InstaDeepAI_nucleotide-transformer-v2-500m-multi-species__20260520T222248Z,2,2,0.001376609900034964,0.002761883195489645,0.9958615899085999
gue_splice_reconstructed_lora__InstaDeepAI_nucleotide-transformer-v2-500m-multi-species__20260520T222248Z,1,1,6.359106191666797e-05,0.9990721940994263,0.00086423777975142
gue_splice_reconstructed_lora__InstaDeepAI_nucleotide-transformer-v2-500m-multi-species__20260520T222248Z,2,2,0.0057462542317807674,0.009784257970750332,0.9844694137573242
gue_splice_reconstructed_lora__InstaDeepAI_nucleotide-transformer-v2-500m-multi-species__20260520T222248Z,0,0,0.9959088563919067,9.386708552483469e-05,0.003997180610895157
gue_splice_reconstructed_lora__InstaDeepAI_nucleotide-transformer-v2-500m-multi-species__20260520T222248Z,2,2,0.0279746875166893,0.021807992830872536,0.9502173662185669
gue_splice_reconstructed_lora__InstaDeepAI_nucleotide-transformer-v2-500m-multi-species__20260520T222248Z,2,2,0.00045001338003203273,0.18749432265758514,0.8120556473731995
gue_splice_reconstructed_lora__InstaDeepAI_nucleotide-transformer-v2-500m-multi-species__20260520T222248Z,2,2,0.0699949562549591,0.0028104239609092474,0.9271946549415588
gue_splice_reconstructed_lora__InstaDeepAI_nucleotide-transformer-v2-500m-multi-species__20260520T222248Z,0,0,0.9984937906265259,5.685850192094222e-05,0.001449315925128758
gue_splice_reconstructed_lora__InstaDeepAI_nucleotide-transformer-v2-500m-multi-species__20260520T222248Z,2,2,0.001510165398940444,0.01151853334158659,0.9869713187217712
gue_splice_reconstructed_lora__InstaDeepAI_nucleotide-transformer-v2-500m-multi-species__20260520T222248Z,0,0,0.9926745295524597,0.0003840359568130225,0.0069414605386555195
gue_splice_reconstructed_lora__InstaDeepAI_nucleotide-transformer-v2-500m-multi-species__20260520T222248Z,1,1,5.1523449656087905e-05,0.9976231455802917,0.002325307345017791
gue_splice_reconstructed_lora__InstaDeepAI_nucleotide-transformer-v2-500m-multi-species__20260520T222248Z,1,1,5.161059016245417e-05,0.9993103742599487,0.0006380237173289061
gue_splice_reconstructed_lora__InstaDeepAI_nucleotide-transformer-v2-500m-multi-species__20260520T222248Z,2,2,0.0029811731074005365,0.0009262339444831014,0.9960926175117493
gue_splice_reconstructed_lora__InstaDeepAI_nucleotide-transformer-v2-500m-multi-species__20260520T222248Z,2,2,0.008054762147367,0.000896686571650207,0.9910485744476318
gue_splice_reconstructed_lora__InstaDeepAI_nucleotide-transformer-v2-500m-multi-species__20260520T222248Z,1,1,4.864986112806946e-05,0.9988265633583069,0.0011247026268392801
gue_splice_reconstructed_lora__InstaDeepAI_nucleotide-transformer-v2-500m-multi-species__20260520T222248Z,2,2,0.0019135763868689537,0.010693937540054321,0.9873924851417542
gue_splice_reconstructed_lora__InstaDeepAI_nucleotide-transformer-v2-500m-multi-species__20260520T222248Z,1,1,7.478872430510819e-05,0.9608798623085022,0.03904537484049797
gue_splice_reconstructed_lora__InstaDeepAI_nucleotide-transformer-v2-500m-multi-species__20260520T222248Z,0,0,0.9989105463027954,9.305311687057838e-05,0.000996515154838562
gue_splice_reconstructed_lora__InstaDeepAI_nucleotide-transformer-v2-500m-multi-species__20260520T222248Z,0,0,0.9996082186698914,5.316082388162613e-05,0.00033862199052236974
gue_splice_reconstructed_lora__InstaDeepAI_nucleotide-transformer-v2-500m-multi-species__20260520T222248Z,0,2,0.011738425120711327,0.0014212540118023753,0.9868403673171997
gue_splice_reconstructed_lora__InstaDeepAI_nucleotide-transformer-v2-500m-multi-species__20260520T222248Z,2,2,0.0007916726171970367,0.001895418274216354,0.9973128437995911
gue_splice_reconstructed_lora__InstaDeepAI_nucleotide-transformer-v2-500m-multi-species__20260520T222248Z,0,0,0.9985467791557312,6.343360291793942e-05,0.0013897897442802787
gue_splice_reconstructed_lora__InstaDeepAI_nucleotide-transformer-v2-500m-multi-species__20260520T222248Z,2,2,0.003924976103007793,0.00324123352766037,0.9928338527679443
gue_splice_reconstructed_lora__InstaDeepAI_nucleotide-transformer-v2-500m-multi-species__20260520T222248Z,2,2,0.0013738657580688596,0.0008597432752139866,0.997766375541687
gue_splice_reconstructed_lora__InstaDeepAI_nucleotide-transformer-v2-500m-multi-species__20260520T222248Z,2,2,0.0013077823678031564,0.0013921271311119199,0.9973000884056091
gue_splice_reconstructed_lora__InstaDeepAI_nucleotide-transformer-v2-500m-multi-species__20260520T222248Z,1,1,0.00014361916691996157,0.9973611235618591,0.002495253225788474
gue_splice_reconstructed_lora__InstaDeepAI_nucleotide-transformer-v2-500m-multi-species__20260520T222248Z,2,2,0.02370622381567955,0.0040516979061067104,0.9722421169281006
gue_splice_reconstructed_lora__InstaDeepAI_nucleotide-transformer-v2-500m-multi-species__20260520T222248Z,2,2,0.18697531521320343,0.0008408683352172375,0.8121837973594666
gue_splice_reconstructed_lora__InstaDeepAI_nucleotide-transformer-v2-500m-multi-species__20260520T222248Z,1,1,0.00011033464397769421,0.993497371673584,0.006392266135662794
gue_splice_reconstructed_lora__InstaDeepAI_nucleotide-transformer-v2-500m-multi-species__20260520T222248Z,2,2,0.004035319201648235,0.0008102735737338662,0.9951543807983398
gue_splice_reconstructed_lora__InstaDeepAI_nucleotide-transformer-v2-500m-multi-species__20260520T222248Z,0,0,0.9974059462547302,0.00018369994359090924,0.0024103387258946896
gue_splice_reconstructed_lora__InstaDeepAI_nucleotide-transformer-v2-500m-multi-species__20260520T222248Z,2,2,0.0016653980128467083,0.005375970155000687,0.992958664894104
gue_splice_reconstructed_lora__InstaDeepAI_nucleotide-transformer-v2-500m-multi-species__20260520T222248Z,2,2,0.0007462365902028978,0.0005019790842197835,0.9987517595291138
gue_splice_reconstructed_lora__InstaDeepAI_nucleotide-transformer-v2-500m-multi-species__20260520T222248Z,0,0,0.9987350106239319,0.0001215800511999987,0.0011434255866333842
gue_splice_reconstructed_lora__InstaDeepAI_nucleotide-transformer-v2-500m-multi-species__20260520T222248Z,2,2,0.003965606447309256,0.0007292777299880981,0.9953051805496216
gue_splice_reconstructed_lora__InstaDeepAI_nucleotide-transformer-v2-500m-multi-species__20260520T222248Z,2,2,0.0009307374130003154,0.01749326102435589,0.9815759658813477
gue_splice_reconstructed_lora__InstaDeepAI_nucleotide-transformer-v2-500m-multi-species__20260520T222248Z,2,2,0.0020855010952800512,0.0026804530061781406,0.9952340722084045
gue_splice_reconstructed_lora__InstaDeepAI_nucleotide-transformer-v2-500m-multi-species__20260520T222248Z,2,2,0.04957382380962372,0.0007702133734710515,0.9496559500694275
gue_splice_reconstructed_lora__InstaDeepAI_nucleotide-transformer-v2-500m-multi-species__20260520T222248Z,2,2,0.0011590528301894665,0.031872741878032684,0.9669682383537292
gue_splice_reconstructed_lora__InstaDeepAI_nucleotide-transformer-v2-500m-multi-species__20260520T222248Z,2,2,0.19894565641880035,0.001817967975512147,0.7992364168167114
gue_splice_reconstructed_lora__InstaDeepAI_nucleotide-transformer-v2-500m-multi-species__20260520T222248Z,1,2,0.0003378228284418583,0.0646611675620079,0.9350009560585022
gue_splice_reconstructed_lora__InstaDeepAI_nucleotide-transformer-v2-500m-multi-species__20260520T222248Z,2,2,0.0014163872692734003,0.0035296385176479816,0.9950540065765381
gue_splice_reconstructed_lora__InstaDeepAI_nucleotide-transformer-v2-500m-multi-species__20260520T222248Z,2,2,0.02755151130259037,0.04207262024283409,0.9303758144378662
gue_splice_reconstructed_lora__InstaDeepAI_nucleotide-transformer-v2-500m-multi-species__20260520T222248Z,2,0,0.9720741510391235,0.00018149895186070353,0.027744444087147713
gue_splice_reconstructed_lora__InstaDeepAI_nucleotide-transformer-v2-500m-multi-species__20260520T222248Z,0,0,0.9962724447250366,0.0001448702678317204,0.003582608187571168
gue_splice_reconstructed_lora__InstaDeepAI_nucleotide-transformer-v2-500m-multi-species__20260520T222248Z,0,0,0.9990552067756653,8.473809430142865e-05,0.0008600135915912688
gue_splice_reconstructed_lora__InstaDeepAI_nucleotide-transformer-v2-500m-multi-species__20260520T222248Z,2,2,0.0021413960494101048,0.0005975547828711569,0.9972610473632812
gue_splice_reconstructed_lora__InstaDeepAI_nucleotide-transformer-v2-500m-multi-species__20260520T222248Z,0,0,0.992229163646698,5.9677760873455554e-05,0.007711049169301987
gue_splice_reconstructed_lora__InstaDeepAI_nucleotide-transformer-v2-500m-multi-species__20260520T222248Z,0,0,0.9957697987556458,0.00010676673264242709,0.004123488906770945
gue_splice_reconstructed_lora__InstaDeepAI_nucleotide-transformer-v2-500m-multi-species__20260520T222248Z,0,0,0.9985472559928894,4.242129944032058e-05,0.001410298515111208
gue_splice_reconstructed_lora__InstaDeepAI_nucleotide-transformer-v2-500m-multi-species__20260520T222248Z,2,2,0.3030155599117279,0.0006602596258744597,0.6963242292404175
gue_splice_reconstructed_lora__InstaDeepAI_nucleotide-transformer-v2-500m-multi-species__20260520T222248Z,1,1,7.697477849433199e-05,0.9967226386070251,0.0032003545202314854
gue_splice_reconstructed_lora__InstaDeepAI_nucleotide-transformer-v2-500m-multi-species__20260520T222248Z,2,2,0.0032527786679565907,0.0013493553269654512,0.9953978657722473
gue_splice_reconstructed_lora__InstaDeepAI_nucleotide-transformer-v2-500m-multi-species__20260520T222248Z,2,2,0.00149162660818547,0.0005349813727661967,0.9979733824729919
gue_splice_reconstructed_lora__InstaDeepAI_nucleotide-transformer-v2-500m-multi-species__20260520T222248Z,0,0,0.993178129196167,0.0008524532895535231,0.005969434045255184
gue_splice_reconstructed_lora__InstaDeepAI_nucleotide-transformer-v2-500m-multi-species__20260520T222248Z,1,1,4.2356623453088105e-05,0.9970249533653259,0.0029326849617064
gue_splice_reconstructed_lora__InstaDeepAI_nucleotide-transformer-v2-500m-multi-species__20260520T222248Z,2,2,0.0022214753553271294,0.005767697934061289,0.992010772228241
gue_splice_reconstructed_lora__InstaDeepAI_nucleotide-transformer-v2-500m-multi-species__20260520T222248Z,2,1,0.000255468679824844,0.9778384566307068,0.021905997768044472
gue_splice_reconstructed_lora__InstaDeepAI_nucleotide-transformer-v2-500m-multi-species__20260520T222248Z,1,2,0.0038647777400910854,0.1712985634803772,0.8248366713523865
gue_splice_reconstructed_lora__InstaDeepAI_nucleotide-transformer-v2-500m-multi-species__20260520T222248Z,2,2,0.15371385216712952,0.0005809838767163455,0.8457051515579224
gue_splice_reconstructed_lora__InstaDeepAI_nucleotide-transformer-v2-500m-multi-species__20260520T222248Z,0,0,0.9898596405982971,6.960375321796164e-05,0.010070780292153358
gue_splice_reconstructed_lora__InstaDeepAI_nucleotide-transformer-v2-500m-multi-species__20260520T222248Z,0,0,0.9799084067344666,0.00014028159785084426,0.019951296970248222
gue_splice_reconstructed_lora__InstaDeepAI_nucleotide-transformer-v2-500m-multi-species__20260520T222248Z,1,1,0.00011694208660628647,0.9969542026519775,0.002928899135440588
gue_splice_reconstructed_lora__InstaDeepAI_nucleotide-transformer-v2-500m-multi-species__20260520T222248Z,2,2,0.004389847628772259,0.0012036386178806424,0.9944064617156982
gue_splice_reconstructed_lora__InstaDeepAI_nucleotide-transformer-v2-500m-multi-species__20260520T222248Z,1,1,0.00014917203225195408,0.9827096462249756,0.017141209915280342
gue_splice_reconstructed_lora__InstaDeepAI_nucleotide-transformer-v2-500m-multi-species__20260520T222248Z,1,1,0.00010984974505845457,0.996889054775238,0.0030010894406586885
gue_splice_reconstructed_lora__InstaDeepAI_nucleotide-transformer-v2-500m-multi-species__20260520T222248Z,0,0,0.9985933899879456,0.00015099215670488775,0.0012556290021166205
gue_splice_reconstructed_lora__InstaDeepAI_nucleotide-transformer-v2-500m-multi-species__20260520T222248Z,1,1,0.0002624445187393576,0.990898847579956,0.008838614448904991
gue_splice_reconstructed_lora__InstaDeepAI_nucleotide-transformer-v2-500m-multi-species__20260520T222248Z,1,1,0.00012861151481047273,0.9905495047569275,0.009321898221969604
gue_splice_reconstructed_lora__InstaDeepAI_nucleotide-transformer-v2-500m-multi-species__20260520T222248Z,2,2,0.0008873431361280382,0.20179136097431183,0.7973213195800781
gue_splice_reconstructed_lora__InstaDeepAI_nucleotide-transformer-v2-500m-multi-species__20260520T222248Z,0,0,0.9993947744369507,0.00013975700130686164,0.0004654618678614497
gue_splice_reconstructed_lora__InstaDeepAI_nucleotide-transformer-v2-500m-multi-species__20260520T222248Z,2,2,0.00399917084723711,0.0010545133845880628,0.994946300983429
gue_splice_reconstructed_lora__InstaDeepAI_nucleotide-transformer-v2-500m-multi-species__20260520T222248Z,2,2,0.009807558730244637,0.0014492467744275928,0.9887431859970093
gue_splice_reconstructed_lora__InstaDeepAI_nucleotide-transformer-v2-500m-multi-species__20260520T222248Z,1,1,3.976970765506849e-05,0.9965072274208069,0.00345290987752378
gue_splice_reconstructed_lora__InstaDeepAI_nucleotide-transformer-v2-500m-multi-species__20260520T222248Z,1,1,8.703295316081494e-05,0.9984337687492371,0.0014792560832574964
gue_splice_reconstructed_lora__InstaDeepAI_nucleotide-transformer-v2-500m-multi-species__20260520T222248Z,2,2,0.01089425664395094,0.005558810196816921,0.9835469722747803
gue_splice_reconstructed_lora__InstaDeepAI_nucleotide-transformer-v2-500m-multi-species__20260520T222248Z,2,2,0.029613930732011795,0.0006740268436260521,0.9697120189666748
gue_splice_reconstructed_lora__InstaDeepAI_nucleotide-transformer-v2-500m-multi-species__20260520T222248Z,2,2,0.002945210784673691,0.010090816766023636,0.9869640469551086
gue_splice_reconstructed_lora__InstaDeepAI_nucleotide-transformer-v2-500m-multi-species__20260520T222248Z,2,2,0.005424157250672579,0.02164233848452568,0.9729334712028503
gue_splice_reconstructed_lora__InstaDeepAI_nucleotide-transformer-v2-500m-multi-species__20260520T222248Z,1,1,9.566407243255526e-05,0.9953432083129883,0.004561217036098242
gue_splice_reconstructed_lora__InstaDeepAI_nucleotide-transformer-v2-500m-multi-species__20260520T222248Z,2,2,0.0008689709356985986,0.00629053870216012,0.9928405284881592
gue_splice_reconstructed_lora__InstaDeepAI_nucleotide-transformer-v2-500m-multi-species__20260520T222248Z,1,1,0.00016000850882846862,0.9635233879089355,0.0363166518509388
gue_splice_reconstructed_lora__InstaDeepAI_nucleotide-transformer-v2-500m-multi-species__20260520T222248Z,2,2,0.000978222698904574,0.3496345579624176,0.6493871808052063
gue_splice_reconstructed_lora__InstaDeepAI_nucleotide-transformer-v2-500m-multi-species__20260520T222248Z,0,0,0.9990904331207275,7.43468408472836e-05,0.0008352128206752241
gue_splice_reconstructed_lora__InstaDeepAI_nucleotide-transformer-v2-500m-multi-species__20260520T222248Z,2,2,0.0016764398897066712,0.03142427280545235,0.9668992161750793
gue_splice_reconstructed_lora__InstaDeepAI_nucleotide-transformer-v2-500m-multi-species__20260520T222248Z,2,2,0.0007281991420313716,0.052799973636865616,0.9464718103408813
gue_splice_reconstructed_lora__InstaDeepAI_nucleotide-transformer-v2-500m-multi-species__20260520T222248Z,1,1,6.358951213769615e-05,0.9970985651016235,0.0028378113638609648
gue_splice_reconstructed_lora__InstaDeepAI_nucleotide-transformer-v2-500m-multi-species__20260520T222248Z,2,2,0.01102652121335268,0.0007499978528358042,0.9882234930992126
gue_splice_reconstructed_lora__InstaDeepAI_nucleotide-transformer-v2-500m-multi-species__20260520T222248Z,2,2,0.007420236710458994,0.0015523310285061598,0.9910274147987366
gue_splice_reconstructed_lora__InstaDeepAI_nucleotide-transformer-v2-500m-multi-species__20260520T222248Z,1,1,5.7789973652688786e-05,0.9991175532341003,0.0008246988872997463
gue_splice_reconstructed_lora__InstaDeepAI_nucleotide-transformer-v2-500m-multi-species__20260520T222248Z,1,1,7.77151872171089e-05,0.9945859909057617,0.005336357746273279
gue_splice_reconstructed_lora__InstaDeepAI_nucleotide-transformer-v2-500m-multi-species__20260520T222248Z,2,2,0.011523700319230556,0.00635157385841012,0.9821246862411499
gue_splice_reconstructed_lora__InstaDeepAI_nucleotide-transformer-v2-500m-multi-species__20260520T222248Z,2,2,0.015760397538542747,0.0020105699077248573,0.9822289943695068
gue_splice_reconstructed_lora__InstaDeepAI_nucleotide-transformer-v2-500m-multi-species__20260520T222248Z,1,1,9.257360943593085e-05,0.9898888468742371,0.010018696077167988
gue_splice_reconstructed_lora__InstaDeepAI_nucleotide-transformer-v2-500m-multi-species__20260520T222248Z,1,1,7.074104360071942e-05,0.9982044696807861,0.0017248123185709119
gue_splice_reconstructed_lora__InstaDeepAI_nucleotide-transformer-v2-500m-multi-species__20260520T222248Z,0,0,0.9987687468528748,6.173631845740601e-05,0.0011694380082190037
gue_splice_reconstructed_lora__InstaDeepAI_nucleotide-transformer-v2-500m-multi-species__20260520T222248Z,2,2,0.0007881110650487244,0.0005512658390216529,0.9986605644226074
gue_splice_reconstructed_lora__InstaDeepAI_nucleotide-transformer-v2-500m-multi-species__20260520T222248Z,2,2,0.0008986863540485501,0.01741427183151245,0.9816870093345642
gue_splice_reconstructed_lora__InstaDeepAI_nucleotide-transformer-v2-500m-multi-species__20260520T222248Z,2,2,0.0016651498153805733,0.005524173844605684,0.9928106665611267
gue_splice_reconstructed_lora__InstaDeepAI_nucleotide-transformer-v2-500m-multi-species__20260520T222248Z,2,2,0.008635139092803001,0.000562089669983834,0.9908027648925781
gue_splice_reconstructed_lora__InstaDeepAI_nucleotide-transformer-v2-500m-multi-species__20260520T222248Z,0,0,0.9968770742416382,8.1951919128187e-05,0.003040879964828491
gue_splice_reconstructed_lora__InstaDeepAI_nucleotide-transformer-v2-500m-multi-species__20260520T222248Z,0,0,0.8814571499824524,0.0012719621881842613,0.11727089434862137
gue_splice_reconstructed_lora__InstaDeepAI_nucleotide-transformer-v2-500m-multi-species__20260520T222248Z,0,0,0.9982234835624695,3.126935916952789e-05,0.001745177316479385
gue_splice_reconstructed_lora__InstaDeepAI_nucleotide-transformer-v2-500m-multi-species__20260520T222248Z,2,2,0.04086742550134659,0.0007563199615105987,0.9583762884140015
gue_splice_reconstructed_lora__InstaDeepAI_nucleotide-transformer-v2-500m-multi-species__20260520T222248Z,2,2,0.006678982172161341,0.02692374773323536,0.9663973450660706
gue_splice_reconstructed_lora__InstaDeepAI_nucleotide-transformer-v2-500m-multi-species__20260520T222248Z,1,1,7.829722744645551e-05,0.998128354549408,0.0017933844355866313
gue_splice_reconstructed_lora__InstaDeepAI_nucleotide-transformer-v2-500m-multi-species__20260520T222248Z,2,2,0.0014268627855926752,0.0020161329302936792,0.9965569972991943
gue_splice_reconstructed_lora__InstaDeepAI_nucleotide-transformer-v2-500m-multi-species__20260520T222248Z,2,2,0.0010323866736143827,0.00955877173691988,0.9894088506698608
gue_splice_reconstructed_lora__InstaDeepAI_nucleotide-transformer-v2-500m-multi-species__20260520T222248Z,1,1,3.212385854567401e-05,0.993950605392456,0.006017258856445551
gue_splice_reconstructed_lora__InstaDeepAI_nucleotide-transformer-v2-500m-multi-species__20260520T222248Z,2,0,0.9140926599502563,0.0001329203078057617,0.08577442914247513
gue_splice_reconstructed_lora__InstaDeepAI_nucleotide-transformer-v2-500m-multi-species__20260520T222248Z,0,0,0.9989350438117981,4.7714067477500066e-05,0.0010171873727813363
gue_splice_reconstructed_lora__InstaDeepAI_nucleotide-transformer-v2-500m-multi-species__20260520T222248Z,2,2,0.0008237318834289908,0.007060580421239138,0.9921156764030457
gue_splice_reconstructed_lora__InstaDeepAI_nucleotide-transformer-v2-500m-multi-species__20260520T222248Z,2,2,0.00803572777658701,0.0013246698072180152,0.9906395673751831
gue_splice_reconstructed_lora__InstaDeepAI_nucleotide-transformer-v2-500m-multi-species__20260520T222248Z,2,1,9.940093877958134e-05,0.9984959363937378,0.001404728158377111
gue_splice_reconstructed_lora__InstaDeepAI_nucleotide-transformer-v2-500m-multi-species__20260520T222248Z,0,0,0.9989105463027954,9.305311687057838e-05,0.000996515154838562
gue_splice_reconstructed_lora__InstaDeepAI_nucleotide-transformer-v2-500m-multi-species__20260520T222248Z,2,2,0.02762117236852646,0.00178439705632627,0.9705944657325745
gue_splice_reconstructed_lora__InstaDeepAI_nucleotide-transformer-v2-500m-multi-species__20260520T222248Z,1,1,2.6443771275808103e-05,0.9985735416412354,0.0014000439550727606
gue_splice_reconstructed_lora__InstaDeepAI_nucleotide-transformer-v2-500m-multi-species__20260520T222248Z,2,2,0.0008360975771211088,0.021228935569524765,0.9779350161552429
gue_splice_reconstructed_lora__InstaDeepAI_nucleotide-transformer-v2-500m-multi-species__20260520T222248Z,2,1,0.00018473106320016086,0.6974800825119019,0.3023352026939392
gue_splice_reconstructed_lora__InstaDeepAI_nucleotide-transformer-v2-500m-multi-species__20260520T222248Z,0,0,0.9940495491027832,0.00010996557102771476,0.005840545520186424
gue_splice_reconstructed_lora__InstaDeepAI_nucleotide-transformer-v2-500m-multi-species__20260520T222248Z,2,2,0.000816709129139781,0.003930697683244944,0.9952526092529297
gue_splice_reconstructed_lora__InstaDeepAI_nucleotide-transformer-v2-500m-multi-species__20260520T222248Z,2,2,0.0020666299387812614,0.0020266578067094088,0.9959067106246948
gue_splice_reconstructed_lora__InstaDeepAI_nucleotide-transformer-v2-500m-multi-species__20260520T222248Z,2,2,0.0008181362063623965,0.04038439691066742,0.9587974548339844
gue_splice_reconstructed_lora__InstaDeepAI_nucleotide-transformer-v2-500m-multi-species__20260520T222248Z,1,1,3.8142774428706616e-05,0.997703492641449,0.0022583529353141785
gue_splice_reconstructed_lora__InstaDeepAI_nucleotide-transformer-v2-500m-multi-species__20260520T222248Z,2,2,0.0003290751192253083,0.03014034777879715,0.9695305228233337
gue_splice_reconstructed_lora__InstaDeepAI_nucleotide-transformer-v2-500m-multi-species__20260520T222248Z,2,2,0.0004350336967036128,0.0013690986670553684,0.9981958270072937
gue_splice_reconstructed_lora__InstaDeepAI_nucleotide-transformer-v2-500m-multi-species__20260520T222248Z,2,2,0.002182127209380269,0.0022164906840771437,0.9956014156341553
gue_splice_reconstructed_lora__InstaDeepAI_nucleotide-transformer-v2-500m-multi-species__20260520T222248Z,2,2,0.0041990820318460464,0.0009036919218488038,0.994897186756134
gue_splice_reconstructed_lora__InstaDeepAI_nucleotide-transformer-v2-500m-multi-species__20260520T222248Z,0,0,0.9859327673912048,0.00036969248321838677,0.013697604648768902
gue_splice_reconstructed_lora__InstaDeepAI_nucleotide-transformer-v2-500m-multi-species__20260520T222248Z,1,1,4.940462167724036e-05,0.9985968470573425,0.0013536917977035046
gue_splice_reconstructed_lora__InstaDeepAI_nucleotide-transformer-v2-500m-multi-species__20260520T222248Z,2,2,0.004943698178976774,0.002909089671447873,0.9921472668647766
gue_splice_reconstructed_lora__InstaDeepAI_nucleotide-transformer-v2-500m-multi-species__20260520T222248Z,2,2,0.0261046402156353,0.0009994178544729948,0.9728958606719971
gue_splice_reconstructed_lora__InstaDeepAI_nucleotide-transformer-v2-500m-multi-species__20260520T222248Z,2,2,0.002589459763839841,0.019866738468408585,0.9775437712669373
gue_splice_reconstructed_lora__InstaDeepAI_nucleotide-transformer-v2-500m-multi-species__20260520T222248Z,2,2,0.0007559871883131564,0.00894827302545309,0.9902957081794739
gue_splice_reconstructed_lora__InstaDeepAI_nucleotide-transformer-v2-500m-multi-species__20260520T222248Z,0,0,0.9927317500114441,0.00023431192676071078,0.007033984642475843
gue_splice_reconstructed_lora__InstaDeepAI_nucleotide-transformer-v2-500m-multi-species__20260520T222248Z,2,2,0.0005127096083015203,0.0868583545088768,0.9126289486885071
gue_splice_reconstructed_lora__InstaDeepAI_nucleotide-transformer-v2-500m-multi-species__20260520T222248Z,0,0,0.9827890992164612,0.00032584802829660475,0.016885068267583847
gue_splice_reconstructed_lora__InstaDeepAI_nucleotide-transformer-v2-500m-multi-species__20260520T222248Z,1,1,6.649710121564567e-05,0.9988359808921814,0.001097586820833385
gue_splice_reconstructed_lora__InstaDeepAI_nucleotide-transformer-v2-500m-multi-species__20260520T222248Z,2,2,0.0030735835898667574,0.0005809030844829977,0.996345579624176
gue_splice_reconstructed_lora__InstaDeepAI_nucleotide-transformer-v2-500m-multi-species__20260520T222248Z,2,2,0.012670398689806461,0.0031508328393101692,0.9841787219047546
gue_splice_reconstructed_lora__InstaDeepAI_nucleotide-transformer-v2-500m-multi-species__20260520T222248Z,2,2,0.0023044392000883818,0.019589116796851158,0.9781064987182617
gue_splice_reconstructed_lora__InstaDeepAI_nucleotide-transformer-v2-500m-multi-species__20260520T222248Z,2,2,0.010555166751146317,0.0009670342551544309,0.9884777665138245
gue_splice_reconstructed_lora__InstaDeepAI_nucleotide-transformer-v2-500m-multi-species__20260520T222248Z,2,2,0.003315727924928069,0.0006762674893252552,0.9960079193115234
gue_splice_reconstructed_lora__InstaDeepAI_nucleotide-transformer-v2-500m-multi-species__20260520T222248Z,0,0,0.9962742328643799,6.710839079460129e-05,0.0036586306523531675
gue_splice_reconstructed_lora__InstaDeepAI_nucleotide-transformer-v2-500m-multi-species__20260520T222248Z,0,2,0.4412223696708679,0.002651939168572426,0.5561257004737854
gue_splice_reconstructed_lora__InstaDeepAI_nucleotide-transformer-v2-500m-multi-species__20260520T222248Z,2,2,0.008547364734113216,0.006401680875569582,0.9850509166717529
gue_splice_reconstructed_lora__InstaDeepAI_nucleotide-transformer-v2-500m-multi-species__20260520T222248Z,2,2,0.005422359798103571,0.001814490300603211,0.992763102054596
gue_splice_reconstructed_lora__InstaDeepAI_nucleotide-transformer-v2-500m-multi-species__20260520T222248Z,2,2,0.0007258961559273303,0.010516985319554806,0.9887570738792419
gue_splice_reconstructed_lora__InstaDeepAI_nucleotide-transformer-v2-500m-multi-species__20260520T222248Z,2,2,0.002422353019937873,0.004941307939589024,0.9926363229751587
gue_splice_reconstructed_lora__InstaDeepAI_nucleotide-transformer-v2-500m-multi-species__20260520T222248Z,0,0,0.9992938041687012,6.94484988343902e-05,0.0006367681780830026
gue_splice_reconstructed_lora__InstaDeepAI_nucleotide-transformer-v2-500m-multi-species__20260520T222248Z,2,2,0.0014816737966611981,0.0013783769682049751,0.9971399307250977
gue_splice_reconstructed_lora__InstaDeepAI_nucleotide-transformer-v2-500m-multi-species__20260520T222248Z,0,0,0.9930344820022583,0.00018906945479102433,0.006776500027626753
gue_splice_reconstructed_lora__InstaDeepAI_nucleotide-transformer-v2-500m-multi-species__20260520T222248Z,2,0,0.8867420554161072,0.00030097528360784054,0.11295700073242188
gue_splice_reconstructed_lora__InstaDeepAI_nucleotide-transformer-v2-500m-multi-species__20260520T222248Z,1,1,0.00012881749717053026,0.9844151139259338,0.015455962158739567
gue_splice_reconstructed_lora__InstaDeepAI_nucleotide-transformer-v2-500m-multi-species__20260520T222248Z,0,0,0.9991264939308167,2.5946659661713056e-05,0.0008475679787807167
gue_splice_reconstructed_lora__InstaDeepAI_nucleotide-transformer-v2-500m-multi-species__20260520T222248Z,2,2,0.022366860881447792,0.0035406798124313354,0.9740924835205078
gue_splice_reconstructed_lora__InstaDeepAI_nucleotide-transformer-v2-500m-multi-species__20260520T222248Z,0,0,0.9785222411155701,0.002287477720528841,0.019190259277820587
gue_splice_reconstructed_lora__InstaDeepAI_nucleotide-transformer-v2-500m-multi-species__20260520T222248Z,2,1,0.0004980473313480616,0.5440459251403809,0.45545607805252075
gue_splice_reconstructed_lora__InstaDeepAI_nucleotide-transformer-v2-500m-multi-species__20260520T222248Z,2,2,0.0021404018625617027,0.0020344231743365526,0.9958251714706421
gue_splice_reconstructed_lora__InstaDeepAI_nucleotide-transformer-v2-500m-multi-species__20260520T222248Z,0,0,0.994857907295227,5.178361971047707e-05,0.005090272519737482
gue_splice_reconstructed_lora__InstaDeepAI_nucleotide-transformer-v2-500m-multi-species__20260520T222248Z,2,2,0.0006237730849534273,0.07708632946014404,0.9222898483276367
gue_splice_reconstructed_lora__InstaDeepAI_nucleotide-transformer-v2-500m-multi-species__20260520T222248Z,0,0,0.9955376386642456,0.00015053011884447187,0.004311942029744387
gue_splice_reconstructed_lora__InstaDeepAI_nucleotide-transformer-v2-500m-multi-species__20260520T222248Z,1,1,0.0003600425261538476,0.6729493141174316,0.3266906440258026
gue_splice_reconstructed_lora__InstaDeepAI_nucleotide-transformer-v2-500m-multi-species__20260520T222248Z,0,0,0.9984275102615356,0.00027984875487163663,0.001292744535021484
gue_splice_reconstructed_lora__InstaDeepAI_nucleotide-transformer-v2-500m-multi-species__20260520T222248Z,1,1,6.900646985741332e-05,0.9968196153640747,0.003111293539404869
gue_splice_reconstructed_lora__InstaDeepAI_nucleotide-transformer-v2-500m-multi-species__20260520T222248Z,2,2,0.004784740507602692,0.001580924610607326,0.9936343431472778
gue_splice_reconstructed_lora__InstaDeepAI_nucleotide-transformer-v2-500m-multi-species__20260520T222248Z,0,0,0.9984976053237915,9.901358134811744e-05,0.0014033593470230699
gue_splice_reconstructed_lora__InstaDeepAI_nucleotide-transformer-v2-500m-multi-species__20260520T222248Z,2,2,0.036692406982183456,0.0025649149902164936,0.9607426524162292
gue_splice_reconstructed_lora__InstaDeepAI_nucleotide-transformer-v2-500m-multi-species__20260520T222248Z,1,2,0.00047551223542541265,0.12110724300146103,0.8784172534942627
gue_splice_reconstructed_lora__InstaDeepAI_nucleotide-transformer-v2-500m-multi-species__20260520T222248Z,2,2,0.0017862033564597368,0.001651968341320753,0.9965618252754211
gue_splice_reconstructed_lora__InstaDeepAI_nucleotide-transformer-v2-500m-multi-species__20260520T222248Z,2,2,0.002013011369854212,0.004914597608149052,0.9930724501609802
gue_splice_reconstructed_lora__InstaDeepAI_nucleotide-transformer-v2-500m-multi-species__20260520T222248Z,1,1,7.58173264330253e-05,0.9991447925567627,0.0007793069817125797
gue_splice_reconstructed_lora__InstaDeepAI_nucleotide-transformer-v2-500m-multi-species__20260520T222248Z,2,2,0.001033653737977147,0.006406534928828478,0.9925597906112671
gue_splice_reconstructed_lora__InstaDeepAI_nucleotide-transformer-v2-500m-multi-species__20260520T222248Z,1,1,7.235631346702576e-05,0.9973456263542175,0.0025819744914770126
gue_splice_reconstructed_lora__InstaDeepAI_nucleotide-transformer-v2-500m-multi-species__20260520T222248Z,0,0,0.9975632429122925,0.00015441338473465294,0.002282422501593828
gue_splice_reconstructed_lora__InstaDeepAI_nucleotide-transformer-v2-500m-multi-species__20260520T222248Z,1,1,4.7501242079306394e-05,0.9983717799186707,0.001580724841915071
gue_splice_reconstructed_lora__InstaDeepAI_nucleotide-transformer-v2-500m-multi-species__20260520T222248Z,2,2,0.0014873191248625517,0.0014757447643205523,0.9970369338989258
gue_splice_reconstructed_lora__InstaDeepAI_nucleotide-transformer-v2-500m-multi-species__20260520T222248Z,2,2,0.0024250843562185764,0.0009035369730554521,0.9966713786125183
gue_splice_reconstructed_lora__InstaDeepAI_nucleotide-transformer-v2-500m-multi-species__20260520T222248Z,1,1,0.00039991052472032607,0.9844462275505066,0.015153796412050724
gue_splice_reconstructed_lora__InstaDeepAI_nucleotide-transformer-v2-500m-multi-species__20260520T222248Z,0,0,0.9988235831260681,0.0001857663446571678,0.0009906069608405232
gue_splice_reconstructed_lora__InstaDeepAI_nucleotide-transformer-v2-500m-multi-species__20260520T222248Z,2,2,0.004153955262154341,0.004889777861535549,0.9909562468528748
gue_splice_reconstructed_lora__InstaDeepAI_nucleotide-transformer-v2-500m-multi-species__20260520T222248Z,2,2,0.012137175537645817,0.0008227252401411533,0.987040102481842
gue_splice_reconstructed_lora__InstaDeepAI_nucleotide-transformer-v2-500m-multi-species__20260520T222248Z,2,2,0.012507046572864056,0.0026293115224689245,0.9848636984825134
gue_splice_reconstructed_lora__InstaDeepAI_nucleotide-transformer-v2-500m-multi-species__20260520T222248Z,1,1,5.055680594523437e-05,0.9982136487960815,0.001735811703838408
gue_splice_reconstructed_lora__InstaDeepAI_nucleotide-transformer-v2-500m-multi-species__20260520T222248Z,2,2,0.0019159794319421053,0.0016974637983366847,0.9963865280151367
gue_splice_reconstructed_lora__InstaDeepAI_nucleotide-transformer-v2-500m-multi-species__20260520T222248Z,2,2,0.0016561372904106975,0.0012163983192294836,0.9971274733543396
gue_splice_reconstructed_lora__InstaDeepAI_nucleotide-transformer-v2-500m-multi-species__20260520T222248Z,2,2,0.005880829878151417,0.001244785962626338,0.9928743839263916
gue_splice_reconstructed_lora__InstaDeepAI_nucleotide-transformer-v2-500m-multi-species__20260520T222248Z,2,2,0.03501315414905548,0.001515075215138495,0.9634718298912048
gue_splice_reconstructed_lora__InstaDeepAI_nucleotide-transformer-v2-500m-multi-species__20260520T222248Z,2,2,0.013101151213049889,0.019647959619760513,0.9672508835792542
gue_splice_reconstructed_lora__InstaDeepAI_nucleotide-transformer-v2-500m-multi-species__20260520T222248Z,2,2,0.0015521871391683817,0.015223924070596695,0.9832239151000977
gue_splice_reconstructed_lora__InstaDeepAI_nucleotide-transformer-v2-500m-multi-species__20260520T222248Z,2,2,0.002709347289055586,0.0011043387930840254,0.9961863160133362
gue_splice_reconstructed_lora__InstaDeepAI_nucleotide-transformer-v2-500m-multi-species__20260520T222248Z,2,2,0.0028997319750487804,0.006211094092577696,0.9908891320228577
gue_splice_reconstructed_lora__InstaDeepAI_nucleotide-transformer-v2-500m-multi-species__20260520T222248Z,1,1,0.000683017133269459,0.555537760257721,0.44377923011779785
gue_splice_reconstructed_lora__InstaDeepAI_nucleotide-transformer-v2-500m-multi-species__20260520T222248Z,1,2,0.0007262464496307075,0.23634445667266846,0.7629292607307434
gue_splice_reconstructed_lora__InstaDeepAI_nucleotide-transformer-v2-500m-multi-species__20260520T222248Z,1,1,3.0209022952476516e-05,0.9988806843757629,0.0010890942066907883
gue_splice_reconstructed_lora__InstaDeepAI_nucleotide-transformer-v2-500m-multi-species__20260520T222248Z,2,2,0.004183309618383646,0.003688154509291053,0.9921286106109619
gue_splice_reconstructed_lora__InstaDeepAI_nucleotide-transformer-v2-500m-multi-species__20260520T222248Z,2,2,0.06051516905426979,0.0014953084755688906,0.9379894733428955
gue_splice_reconstructed_lora__InstaDeepAI_nucleotide-transformer-v2-500m-multi-species__20260520T222248Z,1,1,0.00010355946142226458,0.9926315546035767,0.007264954503625631
gue_splice_reconstructed_lora__InstaDeepAI_nucleotide-transformer-v2-500m-multi-species__20260520T222248Z,0,0,0.9960836172103882,3.591366112232208e-05,0.003880560863763094
gue_splice_reconstructed_lora__InstaDeepAI_nucleotide-transformer-v2-500m-multi-species__20260520T222248Z,2,2,0.0005318316398188472,0.020841946825385094,0.9786262512207031
gue_splice_reconstructed_lora__InstaDeepAI_nucleotide-transformer-v2-500m-multi-species__20260520T222248Z,2,2,0.006125207990407944,0.0012990477262064815,0.9925757646560669
gue_splice_reconstructed_lora__InstaDeepAI_nucleotide-transformer-v2-500m-multi-species__20260520T222248Z,0,0,0.9991545677185059,0.00013648670574184507,0.0007088812999427319
gue_splice_reconstructed_lora__InstaDeepAI_nucleotide-transformer-v2-500m-multi-species__20260520T222248Z,0,0,0.9812154173851013,8.790307037997991e-05,0.0186966210603714
gue_splice_reconstructed_lora__InstaDeepAI_nucleotide-transformer-v2-500m-multi-species__20260520T222248Z,2,2,0.0021222708746790886,0.004685529507696629,0.9931922554969788
gue_splice_reconstructed_lora__InstaDeepAI_nucleotide-transformer-v2-500m-multi-species__20260520T222248Z,2,2,0.0054480405524373055,0.0009758264059200883,0.9935761094093323
gue_splice_reconstructed_lora__InstaDeepAI_nucleotide-transformer-v2-500m-multi-species__20260520T222248Z,2,2,0.001113741542212665,0.002036516321823001,0.9968497157096863
gue_splice_reconstructed_lora__InstaDeepAI_nucleotide-transformer-v2-500m-multi-species__20260520T222248Z,0,0,0.9990435242652893,4.2775260226335377e-05,0.0009136826265603304
gue_splice_reconstructed_lora__InstaDeepAI_nucleotide-transformer-v2-500m-multi-species__20260520T222248Z,2,2,0.005698720924556255,0.0006616103346459568,0.9936396479606628
gue_splice_reconstructed_lora__InstaDeepAI_nucleotide-transformer-v2-500m-multi-species__20260520T222248Z,2,2,0.0024714742321521044,0.01015433482825756,0.9873742461204529
