run_id,true_label,predicted_label,prob_class_0,prob_class_1
gue_emp_H3K4me1__zhihan1996_DNABERT-2-117M__20260514T113259Z,1,1,0.0676698088645935,0.9323301911354065
gue_emp_H3K4me1__zhihan1996_DNABERT-2-117M__20260514T113259Z,0,0,0.897335946559906,0.10266400873661041
gue_emp_H3K4me1__zhihan1996_DNABERT-2-117M__20260514T113259Z,0,1,0.309806227684021,0.690193772315979
gue_emp_H3K4me1__zhihan1996_DNABERT-2-117M__20260514T113259Z,0,0,0.8450494408607483,0.15495054423809052
gue_emp_H3K4me1__zhihan1996_DNABERT-2-117M__20260514T113259Z,0,1,0.08218024671077728,0.9178197383880615
gue_emp_H3K4me1__zhihan1996_DNABERT-2-117M__20260514T113259Z,1,1,0.11976799368858337,0.8802319765090942
gue_emp_H3K4me1__zhihan1996_DNABERT-2-117M__20260514T113259Z,0,0,0.6241217255592346,0.3758782744407654
gue_emp_H3K4me1__zhihan1996_DNABERT-2-117M__20260514T113259Z,1,1,0.2507292926311493,0.7492707371711731
gue_emp_H3K4me1__zhihan1996_DNABERT-2-117M__20260514T113259Z,0,0,0.5714378356933594,0.428562194108963
gue_emp_H3K4me1__zhihan1996_DNABERT-2-117M__20260514T113259Z,0,1,0.33296075463294983,0.6670392155647278
gue_emp_H3K4me1__zhihan1996_DNABERT-2-117M__20260514T113259Z,0,0,0.8887588381767273,0.11124120652675629
gue_emp_H3K4me1__zhihan1996_DNABERT-2-117M__20260514T113259Z,0,0,0.9665687084197998,0.033431362360715866
gue_emp_H3K4me1__zhihan1996_DNABERT-2-117M__20260514T113259Z,0,1,0.2897232472896576,0.71027672290802
gue_emp_H3K4me1__zhihan1996_DNABERT-2-117M__20260514T113259Z,1,1,0.08632348477840424,0.9136765599250793
gue_emp_H3K4me1__zhihan1996_DNABERT-2-117M__20260514T113259Z,1,0,0.8696039319038391,0.13039611279964447
gue_emp_H3K4me1__zhihan1996_DNABERT-2-117M__20260514T113259Z,1,1,0.06108710169792175,0.9389128684997559
gue_emp_H3K4me1__zhihan1996_DNABERT-2-117M__20260514T113259Z,1,1,0.12299646437168121,0.87700355052948
gue_emp_H3K4me1__zhihan1996_DNABERT-2-117M__20260514T113259Z,0,0,0.8472740650177002,0.1527259647846222
gue_emp_H3K4me1__zhihan1996_DNABERT-2-117M__20260514T113259Z,1,1,0.05992140620946884,0.940078616142273
gue_emp_H3K4me1__zhihan1996_DNABERT-2-117M__20260514T113259Z,0,0,0.8884204626083374,0.11157958209514618
gue_emp_H3K4me1__zhihan1996_DNABERT-2-117M__20260514T113259Z,1,1,0.08144666254520416,0.9185534119606018
gue_emp_H3K4me1__zhihan1996_DNABERT-2-117M__20260514T113259Z,1,1,0.14743240177631378,0.8525676131248474
gue_emp_H3K4me1__zhihan1996_DNABERT-2-117M__20260514T113259Z,1,1,0.07178616523742676,0.9282138347625732
gue_emp_H3K4me1__zhihan1996_DNABERT-2-117M__20260514T113259Z,0,0,0.9770883321762085,0.022911692038178444
gue_emp_H3K4me1__zhihan1996_DNABERT-2-117M__20260514T113259Z,0,1,0.11848706752061844,0.8815129995346069
gue_emp_H3K4me1__zhihan1996_DNABERT-2-117M__20260514T113259Z,1,1,0.0938439592719078,0.9061560034751892
gue_emp_H3K4me1__zhihan1996_DNABERT-2-117M__20260514T113259Z,0,0,0.9125921130180359,0.0874079167842865
gue_emp_H3K4me1__zhihan1996_DNABERT-2-117M__20260514T113259Z,1,1,0.1254398673772812,0.8745601773262024
gue_emp_H3K4me1__zhihan1996_DNABERT-2-117M__20260514T113259Z,1,0,0.9331876635551453,0.06681232154369354
gue_emp_H3K4me1__zhihan1996_DNABERT-2-117M__20260514T113259Z,0,0,0.7680380344390869,0.23196202516555786
gue_emp_H3K4me1__zhihan1996_DNABERT-2-117M__20260514T113259Z,0,0,0.9543930292129517,0.04560694098472595
gue_emp_H3K4me1__zhihan1996_DNABERT-2-117M__20260514T113259Z,0,1,0.496921569108963,0.5030784606933594
gue_emp_H3K4me1__zhihan1996_DNABERT-2-117M__20260514T113259Z,1,1,0.061932697892189026,0.9380673170089722
gue_emp_H3K4me1__zhihan1996_DNABERT-2-117M__20260514T113259Z,0,0,0.9109423160552979,0.08905768394470215
gue_emp_H3K4me1__zhihan1996_DNABERT-2-117M__20260514T113259Z,1,1,0.13330236077308655,0.8666976690292358
gue_emp_H3K4me1__zhihan1996_DNABERT-2-117M__20260514T113259Z,1,1,0.4705617129802704,0.5294382572174072
gue_emp_H3K4me1__zhihan1996_DNABERT-2-117M__20260514T113259Z,1,1,0.11646220088005066,0.883537769317627
gue_emp_H3K4me1__zhihan1996_DNABERT-2-117M__20260514T113259Z,0,1,0.08882028609514236,0.9111796617507935
gue_emp_H3K4me1__zhihan1996_DNABERT-2-117M__20260514T113259Z,0,0,0.9599125981330872,0.04008735716342926
gue_emp_H3K4me1__zhihan1996_DNABERT-2-117M__20260514T113259Z,1,1,0.08953417837619781,0.9104658365249634
gue_emp_H3K4me1__zhihan1996_DNABERT-2-117M__20260514T113259Z,0,0,0.9656413197517395,0.034358687698841095
gue_emp_H3K4me1__zhihan1996_DNABERT-2-117M__20260514T113259Z,0,0,0.944943904876709,0.055056069046258926
gue_emp_H3K4me1__zhihan1996_DNABERT-2-117M__20260514T113259Z,1,1,0.08035746961832047,0.9196425676345825
gue_emp_H3K4me1__zhihan1996_DNABERT-2-117M__20260514T113259Z,0,0,0.9700418710708618,0.02995811216533184
gue_emp_H3K4me1__zhihan1996_DNABERT-2-117M__20260514T113259Z,1,1,0.11681437492370605,0.8831855654716492
gue_emp_H3K4me1__zhihan1996_DNABERT-2-117M__20260514T113259Z,1,1,0.07075196504592896,0.929248034954071
gue_emp_H3K4me1__zhihan1996_DNABERT-2-117M__20260514T113259Z,1,1,0.08655482530593872,0.9134451746940613
gue_emp_H3K4me1__zhihan1996_DNABERT-2-117M__20260514T113259Z,1,1,0.10697013884782791,0.8930298686027527
gue_emp_H3K4me1__zhihan1996_DNABERT-2-117M__20260514T113259Z,1,1,0.4159660339355469,0.5840339660644531
gue_emp_H3K4me1__zhihan1996_DNABERT-2-117M__20260514T113259Z,0,0,0.7322090864181519,0.26779094338417053
gue_emp_H3K4me1__zhihan1996_DNABERT-2-117M__20260514T113259Z,1,1,0.08086410164833069,0.9191359281539917
gue_emp_H3K4me1__zhihan1996_DNABERT-2-117M__20260514T113259Z,0,0,0.8874974250793457,0.1125025525689125
gue_emp_H3K4me1__zhihan1996_DNABERT-2-117M__20260514T113259Z,0,0,0.9357587099075317,0.06424132734537125
gue_emp_H3K4me1__zhihan1996_DNABERT-2-117M__20260514T113259Z,1,1,0.06578465551137924,0.9342153072357178
gue_emp_H3K4me1__zhihan1996_DNABERT-2-117M__20260514T113259Z,0,0,0.9758085012435913,0.024191483855247498
gue_emp_H3K4me1__zhihan1996_DNABERT-2-117M__20260514T113259Z,1,0,0.6190971732139587,0.38090288639068604
gue_emp_H3K4me1__zhihan1996_DNABERT-2-117M__20260514T113259Z,1,1,0.2882183790206909,0.7117816209793091
gue_emp_H3K4me1__zhihan1996_DNABERT-2-117M__20260514T113259Z,0,0,0.934634268283844,0.06536578387022018
gue_emp_H3K4me1__zhihan1996_DNABERT-2-117M__20260514T113259Z,0,0,0.9693241715431213,0.030675802379846573
gue_emp_H3K4me1__zhihan1996_DNABERT-2-117M__20260514T113259Z,1,1,0.4349862337112427,0.5650137662887573
gue_emp_H3K4me1__zhihan1996_DNABERT-2-117M__20260514T113259Z,0,0,0.9518184065818787,0.04818153381347656
gue_emp_H3K4me1__zhihan1996_DNABERT-2-117M__20260514T113259Z,0,1,0.489003986120224,0.5109959840774536
gue_emp_H3K4me1__zhihan1996_DNABERT-2-117M__20260514T113259Z,0,1,0.09929539263248444,0.9007046222686768
gue_emp_H3K4me1__zhihan1996_DNABERT-2-117M__20260514T113259Z,1,1,0.0893750861287117,0.9106248617172241
gue_emp_H3K4me1__zhihan1996_DNABERT-2-117M__20260514T113259Z,1,1,0.3874875009059906,0.6125125288963318
gue_emp_H3K4me1__zhihan1996_DNABERT-2-117M__20260514T113259Z,0,0,0.9647224545478821,0.03527754545211792
gue_emp_H3K4me1__zhihan1996_DNABERT-2-117M__20260514T113259Z,0,1,0.060086652636528015,0.9399133324623108
gue_emp_H3K4me1__zhihan1996_DNABERT-2-117M__20260514T113259Z,0,1,0.332093745470047,0.6679062247276306
gue_emp_H3K4me1__zhihan1996_DNABERT-2-117M__20260514T113259Z,1,1,0.07640768587589264,0.9235922694206238
gue_emp_H3K4me1__zhihan1996_DNABERT-2-117M__20260514T113259Z,1,1,0.05394897982478142,0.9460510015487671
gue_emp_H3K4me1__zhihan1996_DNABERT-2-117M__20260514T113259Z,0,1,0.06554500013589859,0.9344549775123596
gue_emp_H3K4me1__zhihan1996_DNABERT-2-117M__20260514T113259Z,0,0,0.7762839198112488,0.22371606528759003
gue_emp_H3K4me1__zhihan1996_DNABERT-2-117M__20260514T113259Z,0,0,0.9297599792480469,0.07024005055427551
gue_emp_H3K4me1__zhihan1996_DNABERT-2-117M__20260514T113259Z,1,1,0.11767347902059555,0.8823264837265015
gue_emp_H3K4me1__zhihan1996_DNABERT-2-117M__20260514T113259Z,1,1,0.09636510908603668,0.9036349058151245
gue_emp_H3K4me1__zhihan1996_DNABERT-2-117M__20260514T113259Z,1,1,0.043528132140636444,0.9564718008041382
gue_emp_H3K4me1__zhihan1996_DNABERT-2-117M__20260514T113259Z,1,1,0.05577168986201286,0.9442282915115356
gue_emp_H3K4me1__zhihan1996_DNABERT-2-117M__20260514T113259Z,0,1,0.10918227583169937,0.8908177614212036
gue_emp_H3K4me1__zhihan1996_DNABERT-2-117M__20260514T113259Z,0,0,0.9179669618606567,0.08203305304050446
gue_emp_H3K4me1__zhihan1996_DNABERT-2-117M__20260514T113259Z,1,1,0.22261562943458557,0.7773844003677368
gue_emp_H3K4me1__zhihan1996_DNABERT-2-117M__20260514T113259Z,0,0,0.9026954770088196,0.09730459004640579
gue_emp_H3K4me1__zhihan1996_DNABERT-2-117M__20260514T113259Z,1,1,0.06779313832521439,0.9322068691253662
gue_emp_H3K4me1__zhihan1996_DNABERT-2-117M__20260514T113259Z,1,1,0.11323592811822891,0.8867640495300293
gue_emp_H3K4me1__zhihan1996_DNABERT-2-117M__20260514T113259Z,1,1,0.08351587504148483,0.9164840579032898
gue_emp_H3K4me1__zhihan1996_DNABERT-2-117M__20260514T113259Z,0,1,0.25201570987701416,0.7479842901229858
gue_emp_H3K4me1__zhihan1996_DNABERT-2-117M__20260514T113259Z,1,1,0.07094482332468033,0.9290551543235779
gue_emp_H3K4me1__zhihan1996_DNABERT-2-117M__20260514T113259Z,0,0,0.9112587571144104,0.08874128758907318
gue_emp_H3K4me1__zhihan1996_DNABERT-2-117M__20260514T113259Z,1,1,0.07362963259220123,0.92637038230896
gue_emp_H3K4me1__zhihan1996_DNABERT-2-117M__20260514T113259Z,1,1,0.10521053522825241,0.894789457321167
gue_emp_H3K4me1__zhihan1996_DNABERT-2-117M__20260514T113259Z,1,1,0.04328484833240509,0.9567152261734009
gue_emp_H3K4me1__zhihan1996_DNABERT-2-117M__20260514T113259Z,0,1,0.06383161246776581,0.936168372631073
gue_emp_H3K4me1__zhihan1996_DNABERT-2-117M__20260514T113259Z,1,0,0.9205756783485413,0.07942426204681396
gue_emp_H3K4me1__zhihan1996_DNABERT-2-117M__20260514T113259Z,0,1,0.22253113985061646,0.7774689197540283
gue_emp_H3K4me1__zhihan1996_DNABERT-2-117M__20260514T113259Z,1,0,0.5208086371421814,0.4791914224624634
gue_emp_H3K4me1__zhihan1996_DNABERT-2-117M__20260514T113259Z,1,0,0.6294614672660828,0.37053850293159485
gue_emp_H3K4me1__zhihan1996_DNABERT-2-117M__20260514T113259Z,0,1,0.07647661864757538,0.9235233068466187
gue_emp_H3K4me1__zhihan1996_DNABERT-2-117M__20260514T113259Z,1,1,0.40162914991378784,0.5983708500862122
gue_emp_H3K4me1__zhihan1996_DNABERT-2-117M__20260514T113259Z,1,1,0.05189348757266998,0.9481064677238464
gue_emp_H3K4me1__zhihan1996_DNABERT-2-117M__20260514T113259Z,0,1,0.04332530498504639,0.9566746950149536
gue_emp_H3K4me1__zhihan1996_DNABERT-2-117M__20260514T113259Z,1,1,0.21825255453586578,0.7817474007606506
gue_emp_H3K4me1__zhihan1996_DNABERT-2-117M__20260514T113259Z,1,1,0.3648624122142792,0.6351376175880432
gue_emp_H3K4me1__zhihan1996_DNABERT-2-117M__20260514T113259Z,1,1,0.15863001346588135,0.8413700461387634
gue_emp_H3K4me1__zhihan1996_DNABERT-2-117M__20260514T113259Z,0,1,0.21362315118312836,0.7863768339157104
gue_emp_H3K4me1__zhihan1996_DNABERT-2-117M__20260514T113259Z,1,0,0.9387446641921997,0.06125536188483238
gue_emp_H3K4me1__zhihan1996_DNABERT-2-117M__20260514T113259Z,0,0,0.9731642603874207,0.026835687458515167
gue_emp_H3K4me1__zhihan1996_DNABERT-2-117M__20260514T113259Z,1,0,0.9675945043563843,0.03240551799535751
gue_emp_H3K4me1__zhihan1996_DNABERT-2-117M__20260514T113259Z,0,0,0.9052385687828064,0.0947614535689354
gue_emp_H3K4me1__zhihan1996_DNABERT-2-117M__20260514T113259Z,0,0,0.5376331806182861,0.46236681938171387
gue_emp_H3K4me1__zhihan1996_DNABERT-2-117M__20260514T113259Z,0,0,0.862061619758606,0.13793841004371643
gue_emp_H3K4me1__zhihan1996_DNABERT-2-117M__20260514T113259Z,0,0,0.9272975325584412,0.07270251959562302
gue_emp_H3K4me1__zhihan1996_DNABERT-2-117M__20260514T113259Z,0,0,0.8475897312164307,0.15241031348705292
gue_emp_H3K4me1__zhihan1996_DNABERT-2-117M__20260514T113259Z,1,1,0.08826860040426254,0.9117313623428345
gue_emp_H3K4me1__zhihan1996_DNABERT-2-117M__20260514T113259Z,1,1,0.06238814443349838,0.9376118779182434
gue_emp_H3K4me1__zhihan1996_DNABERT-2-117M__20260514T113259Z,1,1,0.07871317118406296,0.9212868809700012
gue_emp_H3K4me1__zhihan1996_DNABERT-2-117M__20260514T113259Z,0,0,0.7537387013435364,0.2462613731622696
gue_emp_H3K4me1__zhihan1996_DNABERT-2-117M__20260514T113259Z,1,1,0.10338596999645233,0.8966140151023865
gue_emp_H3K4me1__zhihan1996_DNABERT-2-117M__20260514T113259Z,1,0,0.9003546833992004,0.09964530169963837
gue_emp_H3K4me1__zhihan1996_DNABERT-2-117M__20260514T113259Z,0,1,0.09560246765613556,0.9043974876403809
gue_emp_H3K4me1__zhihan1996_DNABERT-2-117M__20260514T113259Z,0,1,0.14122219383716583,0.8587778210639954
gue_emp_H3K4me1__zhihan1996_DNABERT-2-117M__20260514T113259Z,0,0,0.7655933499336243,0.23440666496753693
gue_emp_H3K4me1__zhihan1996_DNABERT-2-117M__20260514T113259Z,1,1,0.48761430382728577,0.5123857259750366
gue_emp_H3K4me1__zhihan1996_DNABERT-2-117M__20260514T113259Z,1,1,0.08756384253501892,0.9124361872673035
gue_emp_H3K4me1__zhihan1996_DNABERT-2-117M__20260514T113259Z,0,0,0.7466011047363281,0.2533988356590271
gue_emp_H3K4me1__zhihan1996_DNABERT-2-117M__20260514T113259Z,1,1,0.1098966896533966,0.8901033401489258
gue_emp_H3K4me1__zhihan1996_DNABERT-2-117M__20260514T113259Z,0,0,0.8462603092193604,0.15373966097831726
gue_emp_H3K4me1__zhihan1996_DNABERT-2-117M__20260514T113259Z,1,1,0.4702500104904175,0.5297499895095825
gue_emp_H3K4me1__zhihan1996_DNABERT-2-117M__20260514T113259Z,0,1,0.236957386136055,0.7630425691604614
gue_emp_H3K4me1__zhihan1996_DNABERT-2-117M__20260514T113259Z,1,1,0.11792720854282379,0.8820727467536926
gue_emp_H3K4me1__zhihan1996_DNABERT-2-117M__20260514T113259Z,1,1,0.17816807329654694,0.8218319416046143
gue_emp_H3K4me1__zhihan1996_DNABERT-2-117M__20260514T113259Z,1,1,0.23678085207939148,0.7632191181182861
gue_emp_H3K4me1__zhihan1996_DNABERT-2-117M__20260514T113259Z,0,0,0.6399329900741577,0.3600670099258423
gue_emp_H3K4me1__zhihan1996_DNABERT-2-117M__20260514T113259Z,0,1,0.22397057712078094,0.7760294079780579
gue_emp_H3K4me1__zhihan1996_DNABERT-2-117M__20260514T113259Z,1,1,0.08889935910701752,0.9111006855964661
gue_emp_H3K4me1__zhihan1996_DNABERT-2-117M__20260514T113259Z,1,1,0.41525447368621826,0.584745466709137
gue_emp_H3K4me1__zhihan1996_DNABERT-2-117M__20260514T113259Z,1,1,0.08188609778881073,0.9181138277053833
gue_emp_H3K4me1__zhihan1996_DNABERT-2-117M__20260514T113259Z,1,1,0.12326005101203918,0.8767399787902832
gue_emp_H3K4me1__zhihan1996_DNABERT-2-117M__20260514T113259Z,1,1,0.14529718458652496,0.8547028303146362
gue_emp_H3K4me1__zhihan1996_DNABERT-2-117M__20260514T113259Z,1,1,0.24095314741134644,0.7590468525886536
gue_emp_H3K4me1__zhihan1996_DNABERT-2-117M__20260514T113259Z,0,0,0.6760320067405701,0.32396796345710754
gue_emp_H3K4me1__zhihan1996_DNABERT-2-117M__20260514T113259Z,0,1,0.4566757082939148,0.5433242321014404
gue_emp_H3K4me1__zhihan1996_DNABERT-2-117M__20260514T113259Z,1,1,0.05184546858072281,0.9481545686721802
gue_emp_H3K4me1__zhihan1996_DNABERT-2-117M__20260514T113259Z,0,1,0.2791893184185028,0.7208106517791748
gue_emp_H3K4me1__zhihan1996_DNABERT-2-117M__20260514T113259Z,1,0,0.9186264276504517,0.08137363940477371
gue_emp_H3K4me1__zhihan1996_DNABERT-2-117M__20260514T113259Z,1,1,0.3195458948612213,0.6804540753364563
gue_emp_H3K4me1__zhihan1996_DNABERT-2-117M__20260514T113259Z,0,0,0.95735764503479,0.042642392218112946
gue_emp_H3K4me1__zhihan1996_DNABERT-2-117M__20260514T113259Z,0,1,0.0555151142179966,0.9444848895072937
gue_emp_H3K4me1__zhihan1996_DNABERT-2-117M__20260514T113259Z,1,0,0.9559813141822815,0.04401864856481552
gue_emp_H3K4me1__zhihan1996_DNABERT-2-117M__20260514T113259Z,1,1,0.05033063143491745,0.949669361114502
gue_emp_H3K4me1__zhihan1996_DNABERT-2-117M__20260514T113259Z,1,1,0.14517594873905182,0.8548240661621094
gue_emp_H3K4me1__zhihan1996_DNABERT-2-117M__20260514T113259Z,1,1,0.11018358916044235,0.889816403388977
gue_emp_H3K4me1__zhihan1996_DNABERT-2-117M__20260514T113259Z,0,1,0.061875976622104645,0.9381240010261536
gue_emp_H3K4me1__zhihan1996_DNABERT-2-117M__20260514T113259Z,1,1,0.23353148996829987,0.7664684653282166
gue_emp_H3K4me1__zhihan1996_DNABERT-2-117M__20260514T113259Z,1,1,0.10762491822242737,0.892375111579895
gue_emp_H3K4me1__zhihan1996_DNABERT-2-117M__20260514T113259Z,0,0,0.9728307723999023,0.027169233188033104
gue_emp_H3K4me1__zhihan1996_DNABERT-2-117M__20260514T113259Z,0,0,0.941600501537323,0.05839952081441879
gue_emp_H3K4me1__zhihan1996_DNABERT-2-117M__20260514T113259Z,0,1,0.07172112166881561,0.9282788634300232
gue_emp_H3K4me1__zhihan1996_DNABERT-2-117M__20260514T113259Z,0,0,0.9287972450256348,0.07120272517204285
gue_emp_H3K4me1__zhihan1996_DNABERT-2-117M__20260514T113259Z,1,1,0.04917643591761589,0.9508236050605774
gue_emp_H3K4me1__zhihan1996_DNABERT-2-117M__20260514T113259Z,0,1,0.4939578175544739,0.5060421824455261
gue_emp_H3K4me1__zhihan1996_DNABERT-2-117M__20260514T113259Z,1,1,0.0770302340388298,0.9229697585105896
gue_emp_H3K4me1__zhihan1996_DNABERT-2-117M__20260514T113259Z,0,1,0.05179747939109802,0.9482024908065796
gue_emp_H3K4me1__zhihan1996_DNABERT-2-117M__20260514T113259Z,0,0,0.9777138829231262,0.0222861859947443
gue_emp_H3K4me1__zhihan1996_DNABERT-2-117M__20260514T113259Z,1,1,0.34032073616981506,0.6596792340278625
gue_emp_H3K4me1__zhihan1996_DNABERT-2-117M__20260514T113259Z,0,1,0.09351230412721634,0.9064877033233643
gue_emp_H3K4me1__zhihan1996_DNABERT-2-117M__20260514T113259Z,1,1,0.15623359382152557,0.843766450881958
gue_emp_H3K4me1__zhihan1996_DNABERT-2-117M__20260514T113259Z,1,1,0.1666754186153412,0.8333246111869812
gue_emp_H3K4me1__zhihan1996_DNABERT-2-117M__20260514T113259Z,1,1,0.05561761558055878,0.9443824291229248
gue_emp_H3K4me1__zhihan1996_DNABERT-2-117M__20260514T113259Z,1,1,0.1788124293088913,0.8211875557899475
gue_emp_H3K4me1__zhihan1996_DNABERT-2-117M__20260514T113259Z,1,1,0.1173696517944336,0.8826303482055664
gue_emp_H3K4me1__zhihan1996_DNABERT-2-117M__20260514T113259Z,1,1,0.4054192900657654,0.5945807099342346
gue_emp_H3K4me1__zhihan1996_DNABERT-2-117M__20260514T113259Z,1,1,0.08858346939086914,0.9114164710044861
gue_emp_H3K4me1__zhihan1996_DNABERT-2-117M__20260514T113259Z,0,0,0.9725192785263062,0.02748068980872631
gue_emp_H3K4me1__zhihan1996_DNABERT-2-117M__20260514T113259Z,0,1,0.2868679463863373,0.7131320238113403
gue_emp_H3K4me1__zhihan1996_DNABERT-2-117M__20260514T113259Z,0,1,0.14847883582115173,0.8515211939811707
gue_emp_H3K4me1__zhihan1996_DNABERT-2-117M__20260514T113259Z,1,1,0.06928941607475281,0.9307105541229248
gue_emp_H3K4me1__zhihan1996_DNABERT-2-117M__20260514T113259Z,0,1,0.43399643898010254,0.5660035014152527
gue_emp_H3K4me1__zhihan1996_DNABERT-2-117M__20260514T113259Z,0,0,0.9086179733276367,0.09138209372758865
gue_emp_H3K4me1__zhihan1996_DNABERT-2-117M__20260514T113259Z,1,0,0.6959583163261414,0.30404168367385864
gue_emp_H3K4me1__zhihan1996_DNABERT-2-117M__20260514T113259Z,1,1,0.14366760849952698,0.8563323616981506
gue_emp_H3K4me1__zhihan1996_DNABERT-2-117M__20260514T113259Z,1,0,0.5085583925247192,0.49144160747528076
gue_emp_H3K4me1__zhihan1996_DNABERT-2-117M__20260514T113259Z,1,1,0.14560063183307648,0.8543993234634399
gue_emp_H3K4me1__zhihan1996_DNABERT-2-117M__20260514T113259Z,0,1,0.08240149170160294,0.9175984263420105
gue_emp_H3K4me1__zhihan1996_DNABERT-2-117M__20260514T113259Z,0,0,0.9652503728866577,0.03474962338805199
gue_emp_H3K4me1__zhihan1996_DNABERT-2-117M__20260514T113259Z,0,0,0.8392075896263123,0.16079244017601013
gue_emp_H3K4me1__zhihan1996_DNABERT-2-117M__20260514T113259Z,1,0,0.8713654279708862,0.12863455712795258
gue_emp_H3K4me1__zhihan1996_DNABERT-2-117M__20260514T113259Z,1,1,0.03919513151049614,0.9608049392700195
gue_emp_H3K4me1__zhihan1996_DNABERT-2-117M__20260514T113259Z,1,1,0.046119749546051025,0.953880250453949
gue_emp_H3K4me1__zhihan1996_DNABERT-2-117M__20260514T113259Z,1,1,0.044597577303647995,0.9554024338722229
gue_emp_H3K4me1__zhihan1996_DNABERT-2-117M__20260514T113259Z,0,1,0.1149633452296257,0.8850365877151489
gue_emp_H3K4me1__zhihan1996_DNABERT-2-117M__20260514T113259Z,1,0,0.9057400226593018,0.09426000714302063
gue_emp_H3K4me1__zhihan1996_DNABERT-2-117M__20260514T113259Z,0,1,0.22721201181411743,0.7727879881858826
gue_emp_H3K4me1__zhihan1996_DNABERT-2-117M__20260514T113259Z,1,1,0.08913693577051163,0.9108630418777466
gue_emp_H3K4me1__zhihan1996_DNABERT-2-117M__20260514T113259Z,1,1,0.1831549108028412,0.8168451189994812
gue_emp_H3K4me1__zhihan1996_DNABERT-2-117M__20260514T113259Z,0,0,0.5653137564659119,0.43468624353408813
gue_emp_H3K4me1__zhihan1996_DNABERT-2-117M__20260514T113259Z,0,1,0.21783629059791565,0.782163679599762
gue_emp_H3K4me1__zhihan1996_DNABERT-2-117M__20260514T113259Z,1,1,0.28736767172813416,0.7126322984695435
gue_emp_H3K4me1__zhihan1996_DNABERT-2-117M__20260514T113259Z,1,0,0.6354770064353943,0.3645230233669281
gue_emp_H3K4me1__zhihan1996_DNABERT-2-117M__20260514T113259Z,1,1,0.08115490525960922,0.9188450574874878
gue_emp_H3K4me1__zhihan1996_DNABERT-2-117M__20260514T113259Z,0,1,0.1666754186153412,0.8333246111869812
gue_emp_H3K4me1__zhihan1996_DNABERT-2-117M__20260514T113259Z,1,1,0.094845250248909,0.9051547646522522
gue_emp_H3K4me1__zhihan1996_DNABERT-2-117M__20260514T113259Z,0,0,0.896659255027771,0.10334070771932602
gue_emp_H3K4me1__zhihan1996_DNABERT-2-117M__20260514T113259Z,0,0,0.9429811239242554,0.057018864899873734
gue_emp_H3K4me1__zhihan1996_DNABERT-2-117M__20260514T113259Z,1,1,0.13443465530872345,0.865565299987793
gue_emp_H3K4me1__zhihan1996_DNABERT-2-117M__20260514T113259Z,0,0,0.5827878713607788,0.4172121286392212
gue_emp_H3K4me1__zhihan1996_DNABERT-2-117M__20260514T113259Z,1,1,0.06897519528865814,0.9310247898101807
gue_emp_H3K4me1__zhihan1996_DNABERT-2-117M__20260514T113259Z,1,1,0.04616272822022438,0.9538372755050659
gue_emp_H3K4me1__zhihan1996_DNABERT-2-117M__20260514T113259Z,1,1,0.42575445771217346,0.5742455720901489
gue_emp_H3K4me1__zhihan1996_DNABERT-2-117M__20260514T113259Z,0,0,0.7618929743766785,0.23810699582099915
gue_emp_H3K4me1__zhihan1996_DNABERT-2-117M__20260514T113259Z,1,1,0.07668380439281464,0.9233161807060242
gue_emp_H3K4me1__zhihan1996_DNABERT-2-117M__20260514T113259Z,0,1,0.08961381763219833,0.9103862047195435
gue_emp_H3K4me1__zhihan1996_DNABERT-2-117M__20260514T113259Z,0,0,0.5073465704917908,0.49265339970588684
gue_emp_H3K4me1__zhihan1996_DNABERT-2-117M__20260514T113259Z,1,1,0.09947022050619125,0.9005298018455505
gue_emp_H3K4me1__zhihan1996_DNABERT-2-117M__20260514T113259Z,0,0,0.9554024338722229,0.044597577303647995
gue_emp_H3K4me1__zhihan1996_DNABERT-2-117M__20260514T113259Z,0,0,0.8219034671783447,0.17809657752513885
gue_emp_H3K4me1__zhihan1996_DNABERT-2-117M__20260514T113259Z,1,1,0.4693302512168884,0.5306697487831116
gue_emp_H3K4me1__zhihan1996_DNABERT-2-117M__20260514T113259Z,0,1,0.09938276559114456,0.9006171822547913
gue_emp_H3K4me1__zhihan1996_DNABERT-2-117M__20260514T113259Z,0,1,0.13122887909412384,0.8687711358070374
gue_emp_H3K4me1__zhihan1996_DNABERT-2-117M__20260514T113259Z,1,1,0.26913344860076904,0.7308664917945862
gue_emp_H3K4me1__zhihan1996_DNABERT-2-117M__20260514T113259Z,1,1,0.06273175776004791,0.9372682571411133
gue_emp_H3K4me1__zhihan1996_DNABERT-2-117M__20260514T113259Z,1,1,0.13840354979038239,0.861596405506134
gue_emp_H3K4me1__zhihan1996_DNABERT-2-117M__20260514T113259Z,1,1,0.05577168986201286,0.9442282915115356
gue_emp_H3K4me1__zhihan1996_DNABERT-2-117M__20260514T113259Z,1,1,0.10847194492816925,0.8915280699729919
gue_emp_H3K4me1__zhihan1996_DNABERT-2-117M__20260514T113259Z,0,0,0.8216173648834229,0.17838266491889954
gue_emp_H3K4me1__zhihan1996_DNABERT-2-117M__20260514T113259Z,1,1,0.2286728322505951,0.7713271975517273
gue_emp_H3K4me1__zhihan1996_DNABERT-2-117M__20260514T113259Z,1,1,0.25201570987701416,0.7479842901229858
gue_emp_H3K4me1__zhihan1996_DNABERT-2-117M__20260514T113259Z,0,0,0.9551938772201538,0.04480608552694321
gue_emp_H3K4me1__zhihan1996_DNABERT-2-117M__20260514T113259Z,1,1,0.10557884722948074,0.8944211602210999
gue_emp_H3K4me1__zhihan1996_DNABERT-2-117M__20260514T113259Z,0,1,0.4873265027999878,0.5126734972000122
gue_emp_H3K4me1__zhihan1996_DNABERT-2-117M__20260514T113259Z,0,1,0.3203958570957184,0.6796041131019592
gue_emp_H3K4me1__zhihan1996_DNABERT-2-117M__20260514T113259Z,1,1,0.09739039093255997,0.9026095867156982
gue_emp_H3K4me1__zhihan1996_DNABERT-2-117M__20260514T113259Z,1,1,0.11992251873016357,0.8800774812698364
gue_emp_H3K4me1__zhihan1996_DNABERT-2-117M__20260514T113259Z,1,1,0.0833665132522583,0.9166334867477417
gue_emp_H3K4me1__zhihan1996_DNABERT-2-117M__20260514T113259Z,0,0,0.8166989684104919,0.18330103158950806
gue_emp_H3K4me1__zhihan1996_DNABERT-2-117M__20260514T113259Z,0,1,0.4002804160118103,0.5997195839881897
gue_emp_H3K4me1__zhihan1996_DNABERT-2-117M__20260514T113259Z,0,0,0.8458787798881531,0.15412119030952454
gue_emp_H3K4me1__zhihan1996_DNABERT-2-117M__20260514T113259Z,1,1,0.05203782394528389,0.9479621648788452
gue_emp_H3K4me1__zhihan1996_DNABERT-2-117M__20260514T113259Z,1,1,0.08733005076646805,0.9126699566841125
gue_emp_H3K4me1__zhihan1996_DNABERT-2-117M__20260514T113259Z,1,1,0.2595440447330475,0.7404559850692749
gue_emp_H3K4me1__zhihan1996_DNABERT-2-117M__20260514T113259Z,1,1,0.2075357586145401,0.7924642562866211
gue_emp_H3K4me1__zhihan1996_DNABERT-2-117M__20260514T113259Z,1,1,0.06477170437574387,0.9352282881736755
gue_emp_H3K4me1__zhihan1996_DNABERT-2-117M__20260514T113259Z,1,1,0.043895523995161057,0.9561044573783875
gue_emp_H3K4me1__zhihan1996_DNABERT-2-117M__20260514T113259Z,1,1,0.07343005388975143,0.9265698790550232
gue_emp_H3K4me1__zhihan1996_DNABERT-2-117M__20260514T113259Z,0,1,0.149717777967453,0.8502821922302246
gue_emp_H3K4me1__zhihan1996_DNABERT-2-117M__20260514T113259Z,0,0,0.9687675833702087,0.031232351437211037
gue_emp_H3K4me1__zhihan1996_DNABERT-2-117M__20260514T113259Z,0,0,0.929951012134552,0.07004895806312561
gue_emp_H3K4me1__zhihan1996_DNABERT-2-117M__20260514T113259Z,1,1,0.13511791825294495,0.8648820519447327
gue_emp_H3K4me1__zhihan1996_DNABERT-2-117M__20260514T113259Z,1,1,0.050611432641744614,0.9493886232376099
gue_emp_H3K4me1__zhihan1996_DNABERT-2-117M__20260514T113259Z,1,1,0.3446088433265686,0.6553911566734314
gue_emp_H3K4me1__zhihan1996_DNABERT-2-117M__20260514T113259Z,1,1,0.06075190007686615,0.9392480850219727
gue_emp_H3K4me1__zhihan1996_DNABERT-2-117M__20260514T113259Z,0,0,0.907394289970398,0.09260568022727966
gue_emp_H3K4me1__zhihan1996_DNABERT-2-117M__20260514T113259Z,0,0,0.8485333919525146,0.15146656334400177
gue_emp_H3K4me1__zhihan1996_DNABERT-2-117M__20260514T113259Z,1,1,0.08314291387796402,0.916857123374939
gue_emp_H3K4me1__zhihan1996_DNABERT-2-117M__20260514T113259Z,0,1,0.19551727175712585,0.8044827580451965
gue_emp_H3K4me1__zhihan1996_DNABERT-2-117M__20260514T113259Z,1,1,0.16184943914413452,0.8381505608558655
gue_emp_H3K4me1__zhihan1996_DNABERT-2-117M__20260514T113259Z,0,0,0.967007577419281,0.03299237787723541
gue_emp_H3K4me1__zhihan1996_DNABERT-2-117M__20260514T113259Z,1,1,0.05155818536877632,0.948441743850708
gue_emp_H3K4me1__zhihan1996_DNABERT-2-117M__20260514T113259Z,1,1,0.2285006195306778,0.7714993357658386
gue_emp_H3K4me1__zhihan1996_DNABERT-2-117M__20260514T113259Z,0,0,0.7402682304382324,0.2597317397594452
gue_emp_H3K4me1__zhihan1996_DNABERT-2-117M__20260514T113259Z,0,0,0.9346938133239746,0.0653061494231224
gue_emp_H3K4me1__zhihan1996_DNABERT-2-117M__20260514T113259Z,0,0,0.793985903263092,0.20601411163806915
gue_emp_H3K4me1__zhihan1996_DNABERT-2-117M__20260514T113259Z,1,0,0.8442806601524353,0.1557193398475647
gue_emp_H3K4me1__zhihan1996_DNABERT-2-117M__20260514T113259Z,1,1,0.45347359776496887,0.5465263724327087
gue_emp_H3K4me1__zhihan1996_DNABERT-2-117M__20260514T113259Z,0,1,0.41037222743034363,0.589627742767334
gue_emp_H3K4me1__zhihan1996_DNABERT-2-117M__20260514T113259Z,0,0,0.9584988951683044,0.04150110110640526
gue_emp_H3K4me1__zhihan1996_DNABERT-2-117M__20260514T113259Z,0,0,0.7146778106689453,0.2853221595287323
gue_emp_H3K4me1__zhihan1996_DNABERT-2-117M__20260514T113259Z,1,1,0.33306920528411865,0.6669307947158813
gue_emp_H3K4me1__zhihan1996_DNABERT-2-117M__20260514T113259Z,0,0,0.8853343725204468,0.11466560512781143
gue_emp_H3K4me1__zhihan1996_DNABERT-2-117M__20260514T113259Z,0,0,0.8944211602210999,0.10557884722948074
gue_emp_H3K4me1__zhihan1996_DNABERT-2-117M__20260514T113259Z,0,0,0.8486589193344116,0.15134109556674957
gue_emp_H3K4me1__zhihan1996_DNABERT-2-117M__20260514T113259Z,0,0,0.9210031628608704,0.07899691164493561
gue_emp_H3K4me1__zhihan1996_DNABERT-2-117M__20260514T113259Z,0,0,0.9725454449653625,0.02745460718870163
gue_emp_H3K4me1__zhihan1996_DNABERT-2-117M__20260514T113259Z,1,0,0.837221086025238,0.16277889907360077
gue_emp_H3K4me1__zhihan1996_DNABERT-2-117M__20260514T113259Z,1,1,0.048136770725250244,0.9518632292747498
gue_emp_H3K4me1__zhihan1996_DNABERT-2-117M__20260514T113259Z,0,0,0.970520555973053,0.029479408636689186
gue_emp_H3K4me1__zhihan1996_DNABERT-2-117M__20260514T113259Z,0,1,0.09534946084022522,0.9046505093574524
gue_emp_H3K4me1__zhihan1996_DNABERT-2-117M__20260514T113259Z,1,1,0.3412531018257141,0.6587468981742859
gue_emp_H3K4me1__zhihan1996_DNABERT-2-117M__20260514T113259Z,1,1,0.07323096692562103,0.9267690181732178
gue_emp_H3K4me1__zhihan1996_DNABERT-2-117M__20260514T113259Z,0,0,0.9146726131439209,0.08532741665840149
gue_emp_H3K4me1__zhihan1996_DNABERT-2-117M__20260514T113259Z,1,1,0.09955772012472153,0.9004422426223755
gue_emp_H3K4me1__zhihan1996_DNABERT-2-117M__20260514T113259Z,0,0,0.9628831148147583,0.03711691126227379
gue_emp_H3K4me1__zhihan1996_DNABERT-2-117M__20260514T113259Z,1,1,0.4502234160900116,0.5497766137123108
gue_emp_H3K4me1__zhihan1996_DNABERT-2-117M__20260514T113259Z,0,1,0.09081608802080154,0.909183919429779
gue_emp_H3K4me1__zhihan1996_DNABERT-2-117M__20260514T113259Z,0,1,0.4895225465297699,0.5104774236679077
gue_emp_H3K4me1__zhihan1996_DNABERT-2-117M__20260514T113259Z,0,0,0.920074462890625,0.0799255296587944
gue_emp_H3K4me1__zhihan1996_DNABERT-2-117M__20260514T113259Z,1,1,0.18513552844524384,0.814864456653595
gue_emp_H3K4me1__zhihan1996_DNABERT-2-117M__20260514T113259Z,1,1,0.07999736815690994,0.9200026392936707
gue_emp_H3K4me1__zhihan1996_DNABERT-2-117M__20260514T113259Z,1,1,0.08826860040426254,0.9117313623428345
gue_emp_H3K4me1__zhihan1996_DNABERT-2-117M__20260514T113259Z,1,1,0.3479801118373871,0.6520198583602905
gue_emp_H3K4me1__zhihan1996_DNABERT-2-117M__20260514T113259Z,0,0,0.815966784954071,0.18403315544128418
gue_emp_H3K4me1__zhihan1996_DNABERT-2-117M__20260514T113259Z,0,0,0.9450454711914062,0.05495454743504524
gue_emp_H3K4me1__zhihan1996_DNABERT-2-117M__20260514T113259Z,1,1,0.07599521428346634,0.9240047931671143
gue_emp_H3K4me1__zhihan1996_DNABERT-2-117M__20260514T113259Z,0,0,0.9739189147949219,0.02608109824359417
gue_emp_H3K4me1__zhihan1996_DNABERT-2-117M__20260514T113259Z,1,1,0.43320199847221375,0.5667979717254639
gue_emp_H3K4me1__zhihan1996_DNABERT-2-117M__20260514T113259Z,0,1,0.11230769008398056,0.8876923322677612
gue_emp_H3K4me1__zhihan1996_DNABERT-2-117M__20260514T113259Z,1,1,0.10402136296033859,0.8959786295890808
gue_emp_H3K4me1__zhihan1996_DNABERT-2-117M__20260514T113259Z,0,1,0.06142403930425644,0.9385759830474854
gue_emp_H3K4me1__zhihan1996_DNABERT-2-117M__20260514T113259Z,0,0,0.9122800230979919,0.08772001415491104
gue_emp_H3K4me1__zhihan1996_DNABERT-2-117M__20260514T113259Z,0,0,0.9471371173858643,0.052862897515296936
gue_emp_H3K4me1__zhihan1996_DNABERT-2-117M__20260514T113259Z,1,1,0.3357863426208496,0.6642136573791504
gue_emp_H3K4me1__zhihan1996_DNABERT-2-117M__20260514T113259Z,1,1,0.0868641585111618,0.913135826587677
gue_emp_H3K4me1__zhihan1996_DNABERT-2-117M__20260514T113259Z,0,1,0.47651877999305725,0.5234812498092651
gue_emp_H3K4me1__zhihan1996_DNABERT-2-117M__20260514T113259Z,0,1,0.4086896777153015,0.5913102626800537
gue_emp_H3K4me1__zhihan1996_DNABERT-2-117M__20260514T113259Z,1,0,0.7280238270759583,0.27197620272636414
gue_emp_H3K4me1__zhihan1996_DNABERT-2-117M__20260514T113259Z,1,1,0.09842541068792343,0.9015746116638184
gue_emp_H3K4me1__zhihan1996_DNABERT-2-117M__20260514T113259Z,1,1,0.08953417837619781,0.9104658365249634
gue_emp_H3K4me1__zhihan1996_DNABERT-2-117M__20260514T113259Z,0,0,0.970687747001648,0.02931223064661026
gue_emp_H3K4me1__zhihan1996_DNABERT-2-117M__20260514T113259Z,1,0,0.5206753015518188,0.47932466864585876
gue_emp_H3K4me1__zhihan1996_DNABERT-2-117M__20260514T113259Z,1,1,0.07036770135164261,0.929632306098938
gue_emp_H3K4me1__zhihan1996_DNABERT-2-117M__20260514T113259Z,1,1,0.06554500013589859,0.9344549775123596
gue_emp_H3K4me1__zhihan1996_DNABERT-2-117M__20260514T113259Z,0,1,0.3100672960281372,0.6899327635765076
gue_emp_H3K4me1__zhihan1996_DNABERT-2-117M__20260514T113259Z,1,1,0.1214771568775177,0.8785228729248047
gue_emp_H3K4me1__zhihan1996_DNABERT-2-117M__20260514T113259Z,1,0,0.978425920009613,0.02157406695187092
gue_emp_H3K4me1__zhihan1996_DNABERT-2-117M__20260514T113259Z,1,1,0.07024005055427551,0.9297599792480469
gue_emp_H3K4me1__zhihan1996_DNABERT-2-117M__20260514T113259Z,0,1,0.16211456060409546,0.8378854393959045
gue_emp_H3K4me1__zhihan1996_DNABERT-2-117M__20260514T113259Z,1,0,0.6751759052276611,0.32482409477233887
gue_emp_H3K4me1__zhihan1996_DNABERT-2-117M__20260514T113259Z,1,0,0.6230902671813965,0.3769097328186035
gue_emp_H3K4me1__zhihan1996_DNABERT-2-117M__20260514T113259Z,0,1,0.18690995872020721,0.8130900859832764
gue_emp_H3K4me1__zhihan1996_DNABERT-2-117M__20260514T113259Z,0,1,0.08977328985929489,0.9102267622947693
gue_emp_H3K4me1__zhihan1996_DNABERT-2-117M__20260514T113259Z,1,1,0.13666598498821259,0.8633340001106262
gue_emp_H3K4me1__zhihan1996_DNABERT-2-117M__20260514T113259Z,0,0,0.6844222545623779,0.31557774543762207
gue_emp_H3K4me1__zhihan1996_DNABERT-2-117M__20260514T113259Z,0,1,0.05618453398346901,0.9438154101371765
gue_emp_H3K4me1__zhihan1996_DNABERT-2-117M__20260514T113259Z,0,0,0.6343168616294861,0.3656831681728363
gue_emp_H3K4me1__zhihan1996_DNABERT-2-117M__20260514T113259Z,0,0,0.7839058041572571,0.2160942405462265
gue_emp_H3K4me1__zhihan1996_DNABERT-2-117M__20260514T113259Z,1,1,0.06754669547080994,0.9324532747268677
gue_emp_H3K4me1__zhihan1996_DNABERT-2-117M__20260514T113259Z,1,0,0.6894102096557617,0.31058984994888306
gue_emp_H3K4me1__zhihan1996_DNABERT-2-117M__20260514T113259Z,0,0,0.9204327464103699,0.07956718653440475
gue_emp_H3K4me1__zhihan1996_DNABERT-2-117M__20260514T113259Z,1,1,0.3247170150279999,0.6752829551696777
gue_emp_H3K4me1__zhihan1996_DNABERT-2-117M__20260514T113259Z,0,0,0.551045298576355,0.4489547312259674
gue_emp_H3K4me1__zhihan1996_DNABERT-2-117M__20260514T113259Z,1,1,0.054399315267801285,0.945600688457489
gue_emp_H3K4me1__zhihan1996_DNABERT-2-117M__20260514T113259Z,1,1,0.16138629615306854,0.8386136889457703
gue_emp_H3K4me1__zhihan1996_DNABERT-2-117M__20260514T113259Z,0,1,0.2026797980070114,0.7973201870918274
gue_emp_H3K4me1__zhihan1996_DNABERT-2-117M__20260514T113259Z,1,0,0.5870851874351501,0.41291481256484985
gue_emp_H3K4me1__zhihan1996_DNABERT-2-117M__20260514T113259Z,0,0,0.7974780201911926,0.20252202451229095
gue_emp_H3K4me1__zhihan1996_DNABERT-2-117M__20260514T113259Z,0,0,0.8781053423881531,0.12189465016126633
gue_emp_H3K4me1__zhihan1996_DNABERT-2-117M__20260514T113259Z,1,1,0.0751764103770256,0.9248236417770386
gue_emp_H3K4me1__zhihan1996_DNABERT-2-117M__20260514T113259Z,0,0,0.6171954274177551,0.3828045725822449
gue_emp_H3K4me1__zhihan1996_DNABERT-2-117M__20260514T113259Z,0,1,0.21967211365699768,0.7803279161453247
gue_emp_H3K4me1__zhihan1996_DNABERT-2-117M__20260514T113259Z,0,0,0.766992449760437,0.2330075204372406
gue_emp_H3K4me1__zhihan1996_DNABERT-2-117M__20260514T113259Z,1,1,0.09885954111814499,0.9011403918266296
gue_emp_H3K4me1__zhihan1996_DNABERT-2-117M__20260514T113259Z,1,1,0.0649494007229805,0.9350505471229553
gue_emp_H3K4me1__zhihan1996_DNABERT-2-117M__20260514T113259Z,1,1,0.0892956405878067,0.9107043743133545
gue_emp_H3K4me1__zhihan1996_DNABERT-2-117M__20260514T113259Z,1,1,0.12907303869724274,0.8709269165992737
gue_emp_H3K4me1__zhihan1996_DNABERT-2-117M__20260514T113259Z,1,0,0.5012626647949219,0.4987373352050781
gue_emp_H3K4me1__zhihan1996_DNABERT-2-117M__20260514T113259Z,1,1,0.34886693954467773,0.6511330008506775
gue_emp_H3K4me1__zhihan1996_DNABERT-2-117M__20260514T113259Z,0,0,0.8687711358070374,0.13122887909412384
gue_emp_H3K4me1__zhihan1996_DNABERT-2-117M__20260514T113259Z,0,0,0.9506406188011169,0.04935940355062485
gue_emp_H3K4me1__zhihan1996_DNABERT-2-117M__20260514T113259Z,1,1,0.49758148193359375,0.5024185180664062
gue_emp_H3K4me1__zhihan1996_DNABERT-2-117M__20260514T113259Z,1,1,0.11075937747955322,0.8892406225204468
gue_emp_H3K4me1__zhihan1996_DNABERT-2-117M__20260514T113259Z,1,0,0.6615403294563293,0.33845967054367065
gue_emp_H3K4me1__zhihan1996_DNABERT-2-117M__20260514T113259Z,0,1,0.09227796643972397,0.9077220559120178
gue_emp_H3K4me1__zhihan1996_DNABERT-2-117M__20260514T113259Z,1,1,0.15655569732189178,0.8434443473815918
gue_emp_H3K4me1__zhihan1996_DNABERT-2-117M__20260514T113259Z,1,1,0.07737810164690018,0.9226218461990356
gue_emp_H3K4me1__zhihan1996_DNABERT-2-117M__20260514T113259Z,1,1,0.05370030552148819,0.94629967212677
gue_emp_H3K4me1__zhihan1996_DNABERT-2-117M__20260514T113259Z,1,1,0.28492406010627747,0.7150759100914001
gue_emp_H3K4me1__zhihan1996_DNABERT-2-117M__20260514T113259Z,1,1,0.06699521839618683,0.9330047965049744
gue_emp_H3K4me1__zhihan1996_DNABERT-2-117M__20260514T113259Z,1,1,0.06014182046055794,0.9398581385612488
gue_emp_H3K4me1__zhihan1996_DNABERT-2-117M__20260514T113259Z,1,1,0.23961615562438965,0.7603838443756104
gue_emp_H3K4me1__zhihan1996_DNABERT-2-117M__20260514T113259Z,0,0,0.9229002594947815,0.07709970325231552
gue_emp_H3K4me1__zhihan1996_DNABERT-2-117M__20260514T113259Z,0,1,0.19759926199913025,0.8024007678031921
gue_emp_H3K4me1__zhihan1996_DNABERT-2-117M__20260514T113259Z,1,1,0.10585582256317139,0.8941442370414734
gue_emp_H3K4me1__zhihan1996_DNABERT-2-117M__20260514T113259Z,0,0,0.5174451470375061,0.4825548529624939
gue_emp_H3K4me1__zhihan1996_DNABERT-2-117M__20260514T113259Z,0,1,0.10753115266561508,0.8924688100814819
gue_emp_H3K4me1__zhihan1996_DNABERT-2-117M__20260514T113259Z,0,1,0.35644665360450745,0.6435533165931702
gue_emp_H3K4me1__zhihan1996_DNABERT-2-117M__20260514T113259Z,0,1,0.07139671593904495,0.9286032319068909
gue_emp_H3K4me1__zhihan1996_DNABERT-2-117M__20260514T113259Z,0,0,0.8415654301643372,0.15843459963798523
gue_emp_H3K4me1__zhihan1996_DNABERT-2-117M__20260514T113259Z,0,0,0.5487490892410278,0.45125094056129456
gue_emp_H3K4me1__zhihan1996_DNABERT-2-117M__20260514T113259Z,1,1,0.10114466398954391,0.8988553285598755
gue_emp_H3K4me1__zhihan1996_DNABERT-2-117M__20260514T113259Z,1,1,0.11797800660133362,0.8820220232009888
gue_emp_H3K4me1__zhihan1996_DNABERT-2-117M__20260514T113259Z,1,1,0.40336114168167114,0.5966387987136841
gue_emp_H3K4me1__zhihan1996_DNABERT-2-117M__20260514T113259Z,1,0,0.966663122177124,0.0333368219435215
gue_emp_H3K4me1__zhihan1996_DNABERT-2-117M__20260514T113259Z,0,0,0.5480310916900635,0.4519689381122589
gue_emp_H3K4me1__zhihan1996_DNABERT-2-117M__20260514T113259Z,1,1,0.26889339089393616,0.7311065793037415
gue_emp_H3K4me1__zhihan1996_DNABERT-2-117M__20260514T113259Z,1,1,0.485694944858551,0.5143049955368042
gue_emp_H3K4me1__zhihan1996_DNABERT-2-117M__20260514T113259Z,1,1,0.07647661864757538,0.9235233068466187
gue_emp_H3K4me1__zhihan1996_DNABERT-2-117M__20260514T113259Z,1,0,0.8198211789131165,0.18017877638339996
gue_emp_H3K4me1__zhihan1996_DNABERT-2-117M__20260514T113259Z,1,0,0.6627418994903564,0.33725810050964355
gue_emp_H3K4me1__zhihan1996_DNABERT-2-117M__20260514T113259Z,1,1,0.10026027262210846,0.899739682674408
gue_emp_H3K4me1__zhihan1996_DNABERT-2-117M__20260514T113259Z,0,0,0.9622496962547302,0.03775027021765709
gue_emp_H3K4me1__zhihan1996_DNABERT-2-117M__20260514T113259Z,1,0,0.904902994632721,0.09509705752134323
gue_emp_H3K4me1__zhihan1996_DNABERT-2-117M__20260514T113259Z,0,1,0.21883629262447357,0.78116375207901
gue_emp_H3K4me1__zhihan1996_DNABERT-2-117M__20260514T113259Z,1,1,0.13324595987796783,0.8667540550231934
gue_emp_H3K4me1__zhihan1996_DNABERT-2-117M__20260514T113259Z,1,0,0.5663333535194397,0.4336665868759155
gue_emp_H3K4me1__zhihan1996_DNABERT-2-117M__20260514T113259Z,0,0,0.5858122110366821,0.41418784856796265
gue_emp_H3K4me1__zhihan1996_DNABERT-2-117M__20260514T113259Z,1,1,0.04256272688508034,0.95743727684021
gue_emp_H3K4me1__zhihan1996_DNABERT-2-117M__20260514T113259Z,1,1,0.09877258539199829,0.9012274742126465
gue_emp_H3K4me1__zhihan1996_DNABERT-2-117M__20260514T113259Z,1,1,0.3817956745624542,0.6182043552398682
gue_emp_H3K4me1__zhihan1996_DNABERT-2-117M__20260514T113259Z,1,1,0.24131056666374207,0.7586894631385803
gue_emp_H3K4me1__zhihan1996_DNABERT-2-117M__20260514T113259Z,1,1,0.10837754607200623,0.8916224837303162
gue_emp_H3K4me1__zhihan1996_DNABERT-2-117M__20260514T113259Z,1,1,0.2549724876880646,0.7450275421142578
gue_emp_H3K4me1__zhihan1996_DNABERT-2-117M__20260514T113259Z,1,1,0.08803310990333557,0.9119669198989868
gue_emp_H3K4me1__zhihan1996_DNABERT-2-117M__20260514T113259Z,0,1,0.20442131161689758,0.7955787181854248
gue_emp_H3K4me1__zhihan1996_DNABERT-2-117M__20260514T113259Z,1,1,0.10284408181905746,0.8971559405326843
gue_emp_H3K4me1__zhihan1996_DNABERT-2-117M__20260514T113259Z,1,1,0.07011259347200394,0.9298873543739319
gue_emp_H3K4me1__zhihan1996_DNABERT-2-117M__20260514T113259Z,1,1,0.06626641750335693,0.9337335228919983
gue_emp_H3K4me1__zhihan1996_DNABERT-2-117M__20260514T113259Z,0,0,0.9503188729286194,0.049681153148412704
gue_emp_H3K4me1__zhihan1996_DNABERT-2-117M__20260514T113259Z,1,1,0.19390948116779327,0.8060905337333679
gue_emp_H3K4me1__zhihan1996_DNABERT-2-117M__20260514T113259Z,0,1,0.12257571518421173,0.8774242997169495
gue_emp_H3K4me1__zhihan1996_DNABERT-2-117M__20260514T113259Z,1,1,0.07661467790603638,0.9233852624893188
gue_emp_H3K4me1__zhihan1996_DNABERT-2-117M__20260514T113259Z,1,0,0.6868953704833984,0.31310465931892395
gue_emp_H3K4me1__zhihan1996_DNABERT-2-117M__20260514T113259Z,0,0,0.6759784817695618,0.32402145862579346
gue_emp_H3K4me1__zhihan1996_DNABERT-2-117M__20260514T113259Z,1,0,0.6379335522651672,0.36206647753715515
gue_emp_H3K4me1__zhihan1996_DNABERT-2-117M__20260514T113259Z,1,1,0.07049557566642761,0.92950439453125
gue_emp_H3K4me1__zhihan1996_DNABERT-2-117M__20260514T113259Z,0,0,0.9064877033233643,0.09351230412721634
gue_emp_H3K4me1__zhihan1996_DNABERT-2-117M__20260514T113259Z,1,1,0.06383161246776581,0.936168372631073
gue_emp_H3K4me1__zhihan1996_DNABERT-2-117M__20260514T113259Z,0,1,0.320661723613739,0.679338276386261
gue_emp_H3K4me1__zhihan1996_DNABERT-2-117M__20260514T113259Z,0,0,0.958304226398468,0.041695769876241684
gue_emp_H3K4me1__zhihan1996_DNABERT-2-117M__20260514T113259Z,0,0,0.9284088015556335,0.07159119844436646
gue_emp_H3K4me1__zhihan1996_DNABERT-2-117M__20260514T113259Z,1,1,0.07807816565036774,0.9219217896461487
gue_emp_H3K4me1__zhihan1996_DNABERT-2-117M__20260514T113259Z,1,1,0.29680711030960083,0.7031928896903992
gue_emp_H3K4me1__zhihan1996_DNABERT-2-117M__20260514T113259Z,1,1,0.1693371832370758,0.8306628465652466
gue_emp_H3K4me1__zhihan1996_DNABERT-2-117M__20260514T113259Z,0,1,0.2538610100746155,0.7461389899253845
gue_emp_H3K4me1__zhihan1996_DNABERT-2-117M__20260514T113259Z,1,0,0.8568721413612366,0.14312779903411865
gue_emp_H3K4me1__zhihan1996_DNABERT-2-117M__20260514T113259Z,1,1,0.10070161521434784,0.8992984294891357
gue_emp_H3K4me1__zhihan1996_DNABERT-2-117M__20260514T113259Z,1,0,0.9279531240463257,0.07204689085483551
gue_emp_H3K4me1__zhihan1996_DNABERT-2-117M__20260514T113259Z,0,0,0.6648667454719543,0.33513322472572327
gue_emp_H3K4me1__zhihan1996_DNABERT-2-117M__20260514T113259Z,0,0,0.9596109390258789,0.04038906842470169
gue_emp_H3K4me1__zhihan1996_DNABERT-2-117M__20260514T113259Z,1,1,0.055310651659965515,0.9446893334388733
gue_emp_H3K4me1__zhihan1996_DNABERT-2-117M__20260514T113259Z,0,1,0.05770532041788101,0.942294716835022
gue_emp_H3K4me1__zhihan1996_DNABERT-2-117M__20260514T113259Z,0,0,0.95413738489151,0.04586266726255417
gue_emp_H3K4me1__zhihan1996_DNABERT-2-117M__20260514T113259Z,1,1,0.124798484146595,0.8752015233039856
gue_emp_H3K4me1__zhihan1996_DNABERT-2-117M__20260514T113259Z,1,1,0.0682264193892479,0.9317735433578491
gue_emp_H3K4me1__zhihan1996_DNABERT-2-117M__20260514T113259Z,0,0,0.5644887089729309,0.43551135063171387
gue_emp_H3K4me1__zhihan1996_DNABERT-2-117M__20260514T113259Z,0,0,0.9175245761871338,0.08247536420822144
gue_emp_H3K4me1__zhihan1996_DNABERT-2-117M__20260514T113259Z,0,1,0.12776140868663788,0.8722385764122009
gue_emp_H3K4me1__zhihan1996_DNABERT-2-117M__20260514T113259Z,1,1,0.24247460067272186,0.7575254440307617
gue_emp_H3K4me1__zhihan1996_DNABERT-2-117M__20260514T113259Z,1,0,0.6992030739784241,0.3007969558238983
gue_emp_H3K4me1__zhihan1996_DNABERT-2-117M__20260514T113259Z,0,1,0.3094930946826935,0.6905069351196289
gue_emp_H3K4me1__zhihan1996_DNABERT-2-117M__20260514T113259Z,1,1,0.1564912348985672,0.843508780002594
gue_emp_H3K4me1__zhihan1996_DNABERT-2-117M__20260514T113259Z,1,0,0.8471475839614868,0.1528523713350296
gue_emp_H3K4me1__zhihan1996_DNABERT-2-117M__20260514T113259Z,0,1,0.1276526302099228,0.872347354888916
gue_emp_H3K4me1__zhihan1996_DNABERT-2-117M__20260514T113259Z,0,0,0.9581869840621948,0.04181298613548279
gue_emp_H3K4me1__zhihan1996_DNABERT-2-117M__20260514T113259Z,0,0,0.9386884570121765,0.06131153553724289
gue_emp_H3K4me1__zhihan1996_DNABERT-2-117M__20260514T113259Z,0,0,0.8060905337333679,0.19390948116779327
gue_emp_H3K4me1__zhihan1996_DNABERT-2-117M__20260514T113259Z,0,0,0.9393038749694824,0.06069619953632355
gue_emp_H3K4me1__zhihan1996_DNABERT-2-117M__20260514T113259Z,1,1,0.05429893732070923,0.9457011222839355
gue_emp_H3K4me1__zhihan1996_DNABERT-2-117M__20260514T113259Z,0,0,0.9171544313430786,0.08284562826156616
gue_emp_H3K4me1__zhihan1996_DNABERT-2-117M__20260514T113259Z,1,1,0.05608106032013893,0.9439190030097961
gue_emp_H3K4me1__zhihan1996_DNABERT-2-117M__20260514T113259Z,0,0,0.8392075896263123,0.16079244017601013
gue_emp_H3K4me1__zhihan1996_DNABERT-2-117M__20260514T113259Z,0,1,0.40239211916923523,0.5976079106330872
gue_emp_H3K4me1__zhihan1996_DNABERT-2-117M__20260514T113259Z,1,1,0.17307846248149872,0.8269215226173401
gue_emp_H3K4me1__zhihan1996_DNABERT-2-117M__20260514T113259Z,1,1,0.13386750221252441,0.8661325573921204
gue_emp_H3K4me1__zhihan1996_DNABERT-2-117M__20260514T113259Z,1,1,0.04818153381347656,0.9518184065818787
gue_emp_H3K4me1__zhihan1996_DNABERT-2-117M__20260514T113259Z,1,1,0.053157031536102295,0.9468429088592529
gue_emp_H3K4me1__zhihan1996_DNABERT-2-117M__20260514T113259Z,1,1,0.14445030689239502,0.855549693107605
gue_emp_H3K4me1__zhihan1996_DNABERT-2-117M__20260514T113259Z,1,1,0.14169658720493317,0.858303427696228
gue_emp_H3K4me1__zhihan1996_DNABERT-2-117M__20260514T113259Z,1,1,0.13963085412979126,0.8603691458702087
gue_emp_H3K4me1__zhihan1996_DNABERT-2-117M__20260514T113259Z,1,0,0.5748721361160278,0.4251278042793274
gue_emp_H3K4me1__zhihan1996_DNABERT-2-117M__20260514T113259Z,0,0,0.8189540505409241,0.18104590475559235
gue_emp_H3K4me1__zhihan1996_DNABERT-2-117M__20260514T113259Z,0,1,0.2687494456768036,0.731250524520874
gue_emp_H3K4me1__zhihan1996_DNABERT-2-117M__20260514T113259Z,1,1,0.17258980870246887,0.8274101614952087
gue_emp_H3K4me1__zhihan1996_DNABERT-2-117M__20260514T113259Z,1,1,0.06330841034650803,0.9366915822029114
gue_emp_H3K4me1__zhihan1996_DNABERT-2-117M__20260514T113259Z,0,0,0.8292847275733948,0.17071527242660522
gue_emp_H3K4me1__zhihan1996_DNABERT-2-117M__20260514T113259Z,1,1,0.04560694098472595,0.9543930292129517
gue_emp_H3K4me1__zhihan1996_DNABERT-2-117M__20260514T113259Z,0,0,0.9581869840621948,0.04181298613548279
gue_emp_H3K4me1__zhihan1996_DNABERT-2-117M__20260514T113259Z,0,0,0.9481545686721802,0.05184546858072281
gue_emp_H3K4me1__zhihan1996_DNABERT-2-117M__20260514T113259Z,1,1,0.10061320662498474,0.8993868231773376
gue_emp_H3K4me1__zhihan1996_DNABERT-2-117M__20260514T113259Z,0,0,0.8945133090019226,0.10548665374517441
gue_emp_H3K4me1__zhihan1996_DNABERT-2-117M__20260514T113259Z,1,0,0.6206215620040894,0.37937837839126587
gue_emp_H3K4me1__zhihan1996_DNABERT-2-117M__20260514T113259Z,1,0,0.6630691885948181,0.3369307816028595
gue_emp_H3K4me1__zhihan1996_DNABERT-2-117M__20260514T113259Z,1,1,0.09756222367286682,0.9024378061294556
gue_emp_H3K4me1__zhihan1996_DNABERT-2-117M__20260514T113259Z,0,1,0.06773144006729126,0.932268500328064
gue_emp_H3K4me1__zhihan1996_DNABERT-2-117M__20260514T113259Z,1,1,0.11456651240587234,0.885433554649353
gue_emp_H3K4me1__zhihan1996_DNABERT-2-117M__20260514T113259Z,1,1,0.15707218647003174,0.8429277539253235
gue_emp_H3K4me1__zhihan1996_DNABERT-2-117M__20260514T113259Z,0,0,0.9709919095039368,0.029008125886321068
gue_emp_H3K4me1__zhihan1996_DNABERT-2-117M__20260514T113259Z,1,1,0.11299101263284683,0.8870089650154114
gue_emp_H3K4me1__zhihan1996_DNABERT-2-117M__20260514T113259Z,0,0,0.9463493227958679,0.05365070328116417
gue_emp_H3K4me1__zhihan1996_DNABERT-2-117M__20260514T113259Z,0,0,0.973869264125824,0.026130758225917816
gue_emp_H3K4me1__zhihan1996_DNABERT-2-117M__20260514T113259Z,0,0,0.8896726965904236,0.11032728105783463
gue_emp_H3K4me1__zhihan1996_DNABERT-2-117M__20260514T113259Z,1,1,0.10096723586320877,0.8990327715873718
gue_emp_H3K4me1__zhihan1996_DNABERT-2-117M__20260514T113259Z,1,1,0.2764951288700104,0.723504900932312
gue_emp_H3K4me1__zhihan1996_DNABERT-2-117M__20260514T113259Z,1,1,0.3990795314311981,0.6009204387664795
gue_emp_H3K4me1__zhihan1996_DNABERT-2-117M__20260514T113259Z,0,0,0.8714748620986938,0.12852515280246735
gue_emp_H3K4me1__zhihan1996_DNABERT-2-117M__20260514T113259Z,1,1,0.464446097612381,0.5355539321899414
gue_emp_H3K4me1__zhihan1996_DNABERT-2-117M__20260514T113259Z,1,1,0.20593424141407013,0.7940657734870911
gue_emp_H3K4me1__zhihan1996_DNABERT-2-117M__20260514T113259Z,1,1,0.09947022050619125,0.9005298018455505
gue_emp_H3K4me1__zhihan1996_DNABERT-2-117M__20260514T113259Z,0,1,0.0817393809556961,0.9182605743408203
gue_emp_H3K4me1__zhihan1996_DNABERT-2-117M__20260514T113259Z,1,1,0.14033626019954681,0.859663724899292
gue_emp_H3K4me1__zhihan1996_DNABERT-2-117M__20260514T113259Z,1,1,0.22764098644256592,0.7723590135574341
gue_emp_H3K4me1__zhihan1996_DNABERT-2-117M__20260514T113259Z,1,1,0.1363781839609146,0.8636217713356018
gue_emp_H3K4me1__zhihan1996_DNABERT-2-117M__20260514T113259Z,0,0,0.9755768775939941,0.024423090741038322
gue_emp_H3K4me1__zhihan1996_DNABERT-2-117M__20260514T113259Z,1,1,0.3816515803337097,0.6183484196662903
gue_emp_H3K4me1__zhihan1996_DNABERT-2-117M__20260514T113259Z,1,1,0.3796083331108093,0.6203916072845459
gue_emp_H3K4me1__zhihan1996_DNABERT-2-117M__20260514T113259Z,0,0,0.964821994304657,0.03517797589302063
gue_emp_H3K4me1__zhihan1996_DNABERT-2-117M__20260514T113259Z,1,1,0.10659756511449814,0.8934024572372437
gue_emp_H3K4me1__zhihan1996_DNABERT-2-117M__20260514T113259Z,1,0,0.6132365465164185,0.38676345348358154
gue_emp_H3K4me1__zhihan1996_DNABERT-2-117M__20260514T113259Z,1,1,0.10466020554304123,0.895339846611023
gue_emp_H3K4me1__zhihan1996_DNABERT-2-117M__20260514T113259Z,0,1,0.46818649768829346,0.5318135023117065
gue_emp_H3K4me1__zhihan1996_DNABERT-2-117M__20260514T113259Z,1,0,0.5678916573524475,0.4321083128452301
gue_emp_H3K4me1__zhihan1996_DNABERT-2-117M__20260514T113259Z,1,1,0.04724971204996109,0.9527502655982971
gue_emp_H3K4me1__zhihan1996_DNABERT-2-117M__20260514T113259Z,0,1,0.4235176146030426,0.576482355594635
gue_emp_H3K4me1__zhihan1996_DNABERT-2-117M__20260514T113259Z,0,1,0.07654563337564468,0.9234544038772583
gue_emp_H3K4me1__zhihan1996_DNABERT-2-117M__20260514T113259Z,1,1,0.3402111232280731,0.6597889065742493
gue_emp_H3K4me1__zhihan1996_DNABERT-2-117M__20260514T113259Z,0,0,0.9745561480522156,0.025443855673074722
gue_emp_H3K4me1__zhihan1996_DNABERT-2-117M__20260514T113259Z,1,1,0.054248809814453125,0.9457511901855469
gue_emp_H3K4me1__zhihan1996_DNABERT-2-117M__20260514T113259Z,0,1,0.18839861452579498,0.8116014003753662
gue_emp_H3K4me1__zhihan1996_DNABERT-2-117M__20260514T113259Z,0,0,0.8553081154823303,0.1446918547153473
gue_emp_H3K4me1__zhihan1996_DNABERT-2-117M__20260514T113259Z,0,0,0.9751545190811157,0.024845434352755547
gue_emp_H3K4me1__zhihan1996_DNABERT-2-117M__20260514T113259Z,1,0,0.6585273146629333,0.34147268533706665
gue_emp_H3K4me1__zhihan1996_DNABERT-2-117M__20260514T113259Z,1,1,0.15152932703495026,0.8484706878662109
gue_emp_H3K4me1__zhihan1996_DNABERT-2-117M__20260514T113259Z,1,1,0.26779094338417053,0.7322090864181519
gue_emp_H3K4me1__zhihan1996_DNABERT-2-117M__20260514T113259Z,0,0,0.8340017199516296,0.16599830985069275
gue_emp_H3K4me1__zhihan1996_DNABERT-2-117M__20260514T113259Z,1,0,0.6157234907150269,0.38427653908729553
gue_emp_H3K4me1__zhihan1996_DNABERT-2-117M__20260514T113259Z,0,1,0.05649606138467789,0.9435039758682251
gue_emp_H3K4me1__zhihan1996_DNABERT-2-117M__20260514T113259Z,1,1,0.1468808799982071,0.8531191349029541
gue_emp_H3K4me1__zhihan1996_DNABERT-2-117M__20260514T113259Z,0,0,0.8083699941635132,0.1916300654411316
gue_emp_H3K4me1__zhihan1996_DNABERT-2-117M__20260514T113259Z,1,1,0.3382410407066345,0.6617589592933655
gue_emp_H3K4me1__zhihan1996_DNABERT-2-117M__20260514T113259Z,1,0,0.9448931217193604,0.05510690063238144
gue_emp_H3K4me1__zhihan1996_DNABERT-2-117M__20260514T113259Z,1,0,0.5643761157989502,0.4356238842010498
gue_emp_H3K4me1__zhihan1996_DNABERT-2-117M__20260514T113259Z,0,1,0.10521053522825241,0.894789457321167
gue_emp_H3K4me1__zhihan1996_DNABERT-2-117M__20260514T113259Z,0,0,0.8645965456962585,0.13540348410606384
gue_emp_H3K4me1__zhihan1996_DNABERT-2-117M__20260514T113259Z,0,0,0.6377361416816711,0.36226388812065125
gue_emp_H3K4me1__zhihan1996_DNABERT-2-117M__20260514T113259Z,1,1,0.28086286783218384,0.7191371321678162
gue_emp_H3K4me1__zhihan1996_DNABERT-2-117M__20260514T113259Z,0,0,0.6344301104545593,0.3655698895454407
gue_emp_H3K4me1__zhihan1996_DNABERT-2-117M__20260514T113259Z,1,1,0.06669065356254578,0.9333093762397766
gue_emp_H3K4me1__zhihan1996_DNABERT-2-117M__20260514T113259Z,0,1,0.05556633695960045,0.9444336295127869
gue_emp_H3K4me1__zhihan1996_DNABERT-2-117M__20260514T113259Z,1,1,0.4806729555130005,0.5193270444869995
gue_emp_H3K4me1__zhihan1996_DNABERT-2-117M__20260514T113259Z,1,1,0.31053751707077026,0.689462423324585
gue_emp_H3K4me1__zhihan1996_DNABERT-2-117M__20260514T113259Z,1,1,0.03864719718694687,0.9613528251647949
gue_emp_H3K4me1__zhihan1996_DNABERT-2-117M__20260514T113259Z,1,0,0.9659959077835083,0.03400405868887901
gue_emp_H3K4me1__zhihan1996_DNABERT-2-117M__20260514T113259Z,1,1,0.05834583938121796,0.9416541457176208
gue_emp_H3K4me1__zhihan1996_DNABERT-2-117M__20260514T113259Z,0,0,0.9618934392929077,0.03810662031173706
gue_emp_H3K4me1__zhihan1996_DNABERT-2-117M__20260514T113259Z,0,0,0.85930997133255,0.14069007337093353
gue_emp_H3K4me1__zhihan1996_DNABERT-2-117M__20260514T113259Z,1,0,0.9442282915115356,0.05577168986201286
gue_emp_H3K4me1__zhihan1996_DNABERT-2-117M__20260514T113259Z,0,0,0.5985762476921082,0.40142378211021423
gue_emp_H3K4me1__zhihan1996_DNABERT-2-117M__20260514T113259Z,1,0,0.9244834184646606,0.07551658153533936
gue_emp_H3K4me1__zhihan1996_DNABERT-2-117M__20260514T113259Z,0,0,0.953880250453949,0.046119749546051025
gue_emp_H3K4me1__zhihan1996_DNABERT-2-117M__20260514T113259Z,0,0,0.8474003672599792,0.15259964764118195
gue_emp_H3K4me1__zhihan1996_DNABERT-2-117M__20260514T113259Z,0,0,0.9356999397277832,0.0643000602722168
gue_emp_H3K4me1__zhihan1996_DNABERT-2-117M__20260514T113259Z,0,0,0.9712656736373901,0.028734320774674416
gue_emp_H3K4me1__zhihan1996_DNABERT-2-117M__20260514T113259Z,0,1,0.16708272695541382,0.8329172730445862
gue_emp_H3K4me1__zhihan1996_DNABERT-2-117M__20260514T113259Z,0,0,0.8656221032142639,0.1343778520822525
gue_emp_H3K4me1__zhihan1996_DNABERT-2-117M__20260514T113259Z,1,1,0.0810093805193901,0.9189906120300293
gue_emp_H3K4me1__zhihan1996_DNABERT-2-117M__20260514T113259Z,1,1,0.44928693771362305,0.550713062286377
gue_emp_H3K4me1__zhihan1996_DNABERT-2-117M__20260514T113259Z,0,0,0.5449678897857666,0.4550321400165558
gue_emp_H3K4me1__zhihan1996_DNABERT-2-117M__20260514T113259Z,1,1,0.07396337389945984,0.9260365962982178
gue_emp_H3K4me1__zhihan1996_DNABERT-2-117M__20260514T113259Z,1,1,0.07329727709293365,0.9267027974128723
gue_emp_H3K4me1__zhihan1996_DNABERT-2-117M__20260514T113259Z,1,1,0.13968952000141144,0.8603104948997498
gue_emp_H3K4me1__zhihan1996_DNABERT-2-117M__20260514T113259Z,1,1,0.06518702954053879,0.9348130226135254
gue_emp_H3K4me1__zhihan1996_DNABERT-2-117M__20260514T113259Z,1,1,0.18017877638339996,0.8198211789131165
gue_emp_H3K4me1__zhihan1996_DNABERT-2-117M__20260514T113259Z,0,1,0.05198967084288597,0.9480103254318237
gue_emp_H3K4me1__zhihan1996_DNABERT-2-117M__20260514T113259Z,1,1,0.1086609736084938,0.8913390040397644
gue_emp_H3K4me1__zhihan1996_DNABERT-2-117M__20260514T113259Z,0,1,0.07864238321781158,0.9213575720787048
gue_emp_H3K4me1__zhihan1996_DNABERT-2-117M__20260514T113259Z,0,0,0.9230391979217529,0.07696084678173065
gue_emp_H3K4me1__zhihan1996_DNABERT-2-117M__20260514T113259Z,1,1,0.14378778636455536,0.8562121987342834
gue_emp_H3K4me1__zhihan1996_DNABERT-2-117M__20260514T113259Z,1,0,0.9542653560638428,0.04573463276028633
gue_emp_H3K4me1__zhihan1996_DNABERT-2-117M__20260514T113259Z,0,0,0.9753431081771851,0.024656854569911957
gue_emp_H3K4me1__zhihan1996_DNABERT-2-117M__20260514T113259Z,0,0,0.637848973274231,0.3621510863304138
gue_emp_H3K4me1__zhihan1996_DNABERT-2-117M__20260514T113259Z,0,1,0.06064055860042572,0.9393594861030579
gue_emp_H3K4me1__zhihan1996_DNABERT-2-117M__20260514T113259Z,1,1,0.0770302340388298,0.9229697585105896
gue_emp_H3K4me1__zhihan1996_DNABERT-2-117M__20260514T113259Z,1,0,0.9704926013946533,0.029507361352443695
gue_emp_H3K4me1__zhihan1996_DNABERT-2-117M__20260514T113259Z,0,1,0.13364119827747345,0.866358757019043
gue_emp_H3K4me1__zhihan1996_DNABERT-2-117M__20260514T113259Z,0,0,0.9470391869544983,0.05296076461672783
gue_emp_H3K4me1__zhihan1996_DNABERT-2-117M__20260514T113259Z,1,1,0.03397199511528015,0.9660280346870422
gue_emp_H3K4me1__zhihan1996_DNABERT-2-117M__20260514T113259Z,1,1,0.0663873702287674,0.933612585067749
gue_emp_H3K4me1__zhihan1996_DNABERT-2-117M__20260514T113259Z,0,1,0.11377637088298798,0.8862236142158508
gue_emp_H3K4me1__zhihan1996_DNABERT-2-117M__20260514T113259Z,0,0,0.9370381236076355,0.06296183168888092
gue_emp_H3K4me1__zhihan1996_DNABERT-2-117M__20260514T113259Z,1,1,0.09585607796907425,0.9041438698768616
gue_emp_H3K4me1__zhihan1996_DNABERT-2-117M__20260514T113259Z,1,0,0.6675270199775696,0.33247292041778564
gue_emp_H3K4me1__zhihan1996_DNABERT-2-117M__20260514T113259Z,0,1,0.4311200976371765,0.5688799619674683
gue_emp_H3K4me1__zhihan1996_DNABERT-2-117M__20260514T113259Z,1,1,0.11711697280406952,0.8828830122947693
gue_emp_H3K4me1__zhihan1996_DNABERT-2-117M__20260514T113259Z,1,0,0.7886645793914795,0.2113354355096817
gue_emp_H3K4me1__zhihan1996_DNABERT-2-117M__20260514T113259Z,1,1,0.35119980573654175,0.648800253868103
gue_emp_H3K4me1__zhihan1996_DNABERT-2-117M__20260514T113259Z,0,0,0.878783106803894,0.12121686339378357
gue_emp_H3K4me1__zhihan1996_DNABERT-2-117M__20260514T113259Z,1,0,0.866245687007904,0.13375428318977356
gue_emp_H3K4me1__zhihan1996_DNABERT-2-117M__20260514T113259Z,1,1,0.11797800660133362,0.8820220232009888
gue_emp_H3K4me1__zhihan1996_DNABERT-2-117M__20260514T113259Z,1,1,0.42277270555496216,0.5772272944450378
gue_emp_H3K4me1__zhihan1996_DNABERT-2-117M__20260514T113259Z,0,0,0.7748390436172485,0.22516095638275146
gue_emp_H3K4me1__zhihan1996_DNABERT-2-117M__20260514T113259Z,1,1,0.06371499598026276,0.9362850189208984
gue_emp_H3K4me1__zhihan1996_DNABERT-2-117M__20260514T113259Z,1,1,0.1640472114086151,0.8359527587890625
gue_emp_H3K4me1__zhihan1996_DNABERT-2-117M__20260514T113259Z,0,0,0.8121979832649231,0.18780207633972168
gue_emp_H3K4me1__zhihan1996_DNABERT-2-117M__20260514T113259Z,1,1,0.10034840553998947,0.8996515870094299
gue_emp_H3K4me1__zhihan1996_DNABERT-2-117M__20260514T113259Z,1,1,0.06506811827421188,0.9349318742752075
gue_emp_H3K4me1__zhihan1996_DNABERT-2-117M__20260514T113259Z,0,1,0.13262686133384705,0.8673731684684753
gue_emp_H3K4me1__zhihan1996_DNABERT-2-117M__20260514T113259Z,0,0,0.8713654279708862,0.12863455712795258
gue_emp_H3K4me1__zhihan1996_DNABERT-2-117M__20260514T113259Z,1,1,0.05237607657909393,0.9476239681243896
gue_emp_H3K4me1__zhihan1996_DNABERT-2-117M__20260514T113259Z,0,1,0.0629042461514473,0.9370958209037781
gue_emp_H3K4me1__zhihan1996_DNABERT-2-117M__20260514T113259Z,1,0,0.5642110109329224,0.43578895926475525
gue_emp_H3K4me1__zhihan1996_DNABERT-2-117M__20260514T113259Z,1,1,0.3013620674610138,0.6986379623413086
gue_emp_H3K4me1__zhihan1996_DNABERT-2-117M__20260514T113259Z,0,0,0.8674293160438538,0.13257071375846863
gue_emp_H3K4me1__zhihan1996_DNABERT-2-117M__20260514T113259Z,0,0,0.9539660811424255,0.04603390395641327
gue_emp_H3K4me1__zhihan1996_DNABERT-2-117M__20260514T113259Z,1,1,0.10800065845251083,0.891999363899231
gue_emp_H3K4me1__zhihan1996_DNABERT-2-117M__20260514T113259Z,1,1,0.2922416925430298,0.7077582478523254
gue_emp_H3K4me1__zhihan1996_DNABERT-2-117M__20260514T113259Z,0,1,0.13229019939899445,0.8677098155021667
gue_emp_H3K4me1__zhihan1996_DNABERT-2-117M__20260514T113259Z,1,1,0.2339687943458557,0.7660312056541443
gue_emp_H3K4me1__zhihan1996_DNABERT-2-117M__20260514T113259Z,1,0,0.9051547646522522,0.094845250248909
gue_emp_H3K4me1__zhihan1996_DNABERT-2-117M__20260514T113259Z,1,1,0.08359067887067795,0.9164093732833862
gue_emp_H3K4me1__zhihan1996_DNABERT-2-117M__20260514T113259Z,0,1,0.07336363941431046,0.9266363382339478
gue_emp_H3K4me1__zhihan1996_DNABERT-2-117M__20260514T113259Z,1,1,0.04240383207798004,0.9575962424278259
gue_emp_H3K4me1__zhihan1996_DNABERT-2-117M__20260514T113259Z,0,0,0.9636433720588684,0.036356665194034576
gue_emp_H3K4me1__zhihan1996_DNABERT-2-117M__20260514T113259Z,1,1,0.22397057712078094,0.7760294079780579
gue_emp_H3K4me1__zhihan1996_DNABERT-2-117M__20260514T113259Z,1,1,0.07620120048522949,0.9237988591194153
gue_emp_H3K4me1__zhihan1996_DNABERT-2-117M__20260514T113259Z,1,1,0.12710988521575928,0.8728901743888855
gue_emp_H3K4me1__zhihan1996_DNABERT-2-117M__20260514T113259Z,1,1,0.41921693086624146,0.5807830691337585
gue_emp_H3K4me1__zhihan1996_DNABERT-2-117M__20260514T113259Z,1,0,0.7613611221313477,0.23863890767097473
gue_emp_H3K4me1__zhihan1996_DNABERT-2-117M__20260514T113259Z,0,1,0.19544048607349396,0.8045595288276672
gue_emp_H3K4me1__zhihan1996_DNABERT-2-117M__20260514T113259Z,1,0,0.6012131571769714,0.39878684282302856
gue_emp_H3K4me1__zhihan1996_DNABERT-2-117M__20260514T113259Z,1,1,0.11706648766994476,0.882933497428894
gue_emp_H3K4me1__zhihan1996_DNABERT-2-117M__20260514T113259Z,1,1,0.1932234913110733,0.8067765235900879
gue_emp_H3K4me1__zhihan1996_DNABERT-2-117M__20260514T113259Z,1,1,0.05592617392539978,0.9440738558769226
gue_emp_H3K4me1__zhihan1996_DNABERT-2-117M__20260514T113259Z,1,1,0.07011259347200394,0.9298873543739319
gue_emp_H3K4me1__zhihan1996_DNABERT-2-117M__20260514T113259Z,0,1,0.07450025528669357,0.925499677658081
gue_emp_H3K4me1__zhihan1996_DNABERT-2-117M__20260514T113259Z,0,1,0.05460060387849808,0.9453993439674377
gue_emp_H3K4me1__zhihan1996_DNABERT-2-117M__20260514T113259Z,0,1,0.06198946014046669,0.938010573387146
gue_emp_H3K4me1__zhihan1996_DNABERT-2-117M__20260514T113259Z,1,1,0.07921033352613449,0.9207897186279297
gue_emp_H3K4me1__zhihan1996_DNABERT-2-117M__20260514T113259Z,0,0,0.7509182095527649,0.24908174574375153
gue_emp_H3K4me1__zhihan1996_DNABERT-2-117M__20260514T113259Z,1,1,0.048002712428569794,0.9519972801208496
gue_emp_H3K4me1__zhihan1996_DNABERT-2-117M__20260514T113259Z,0,0,0.9591160416603088,0.04088399559259415
gue_emp_H3K4me1__zhihan1996_DNABERT-2-117M__20260514T113259Z,1,1,0.10365785658359528,0.8963421583175659
gue_emp_H3K4me1__zhihan1996_DNABERT-2-117M__20260514T113259Z,1,1,0.03753800690174103,0.9624620079994202
gue_emp_H3K4me1__zhihan1996_DNABERT-2-117M__20260514T113259Z,1,1,0.05797139182686806,0.9420285820960999
gue_emp_H3K4me1__zhihan1996_DNABERT-2-117M__20260514T113259Z,0,0,0.9097468256950378,0.09025323390960693
gue_emp_H3K4me1__zhihan1996_DNABERT-2-117M__20260514T113259Z,1,1,0.08057424426078796,0.9194257855415344
gue_emp_H3K4me1__zhihan1996_DNABERT-2-117M__20260514T113259Z,0,0,0.8383491635322571,0.16165080666542053
gue_emp_H3K4me1__zhihan1996_DNABERT-2-117M__20260514T113259Z,0,0,0.974821150302887,0.02517884038388729
gue_emp_H3K4me1__zhihan1996_DNABERT-2-117M__20260514T113259Z,1,1,0.04729369282722473,0.9527063369750977
gue_emp_H3K4me1__zhihan1996_DNABERT-2-117M__20260514T113259Z,0,1,0.2696620523929596,0.7303379774093628
gue_emp_H3K4me1__zhihan1996_DNABERT-2-117M__20260514T113259Z,0,0,0.8336634039878845,0.16633658111095428
gue_emp_H3K4me1__zhihan1996_DNABERT-2-117M__20260514T113259Z,1,1,0.2536298632621765,0.7463701367378235
gue_emp_H3K4me1__zhihan1996_DNABERT-2-117M__20260514T113259Z,1,1,0.275909423828125,0.724090576171875
gue_emp_H3K4me1__zhihan1996_DNABERT-2-117M__20260514T113259Z,0,1,0.14872592687606812,0.8512740731239319
gue_emp_H3K4me1__zhihan1996_DNABERT-2-117M__20260514T113259Z,0,1,0.27884554862976074,0.7211544513702393
gue_emp_H3K4me1__zhihan1996_DNABERT-2-117M__20260514T113259Z,0,0,0.9691202640533447,0.03087972104549408
gue_emp_H3K4me1__zhihan1996_DNABERT-2-117M__20260514T113259Z,0,0,0.6499674916267395,0.3500324487686157
gue_emp_H3K4me1__zhihan1996_DNABERT-2-117M__20260514T113259Z,0,1,0.1296229213476181,0.8703770637512207
gue_emp_H3K4me1__zhihan1996_DNABERT-2-117M__20260514T113259Z,0,1,0.2458989918231964,0.7541009783744812
gue_emp_H3K4me1__zhihan1996_DNABERT-2-117M__20260514T113259Z,1,1,0.05232762545347214,0.9476723670959473
gue_emp_H3K4me1__zhihan1996_DNABERT-2-117M__20260514T113259Z,1,1,0.34191206097602844,0.658087968826294
gue_emp_H3K4me1__zhihan1996_DNABERT-2-117M__20260514T113259Z,0,1,0.47682327032089233,0.5231767892837524
gue_emp_H3K4me1__zhihan1996_DNABERT-2-117M__20260514T113259Z,1,1,0.06278920918703079,0.937210738658905
gue_emp_H3K4me1__zhihan1996_DNABERT-2-117M__20260514T113259Z,1,1,0.11987099796533585,0.8801289796829224
gue_emp_H3K4me1__zhihan1996_DNABERT-2-117M__20260514T113259Z,1,1,0.30399003624916077,0.6960099935531616
gue_emp_H3K4me1__zhihan1996_DNABERT-2-117M__20260514T113259Z,0,0,0.960878312587738,0.03912164643406868
gue_emp_H3K4me1__zhihan1996_DNABERT-2-117M__20260514T113259Z,1,1,0.09097748249769211,0.9090225100517273
gue_emp_H3K4me1__zhihan1996_DNABERT-2-117M__20260514T113259Z,0,1,0.14749377965927124,0.852506160736084
gue_emp_H3K4me1__zhihan1996_DNABERT-2-117M__20260514T113259Z,0,1,0.08071905374526978,0.9192809462547302
gue_emp_H3K4me1__zhihan1996_DNABERT-2-117M__20260514T113259Z,0,0,0.9629528522491455,0.03704717010259628
gue_emp_H3K4me1__zhihan1996_DNABERT-2-117M__20260514T113259Z,1,1,0.07049557566642761,0.92950439453125
gue_emp_H3K4me1__zhihan1996_DNABERT-2-117M__20260514T113259Z,1,1,0.32188618183135986,0.6781138181686401
gue_emp_H3K4me1__zhihan1996_DNABERT-2-117M__20260514T113259Z,0,1,0.2987470328807831,0.7012529373168945
gue_emp_H3K4me1__zhihan1996_DNABERT-2-117M__20260514T113259Z,1,0,0.6181179285049438,0.38188204169273376
gue_emp_H3K4me1__zhihan1996_DNABERT-2-117M__20260514T113259Z,0,1,0.4538972079753876,0.5461028218269348
gue_emp_H3K4me1__zhihan1996_DNABERT-2-117M__20260514T113259Z,0,0,0.9492475390434265,0.050752390176057816
gue_emp_H3K4me1__zhihan1996_DNABERT-2-117M__20260514T113259Z,1,0,0.9694401025772095,0.03055986389517784
gue_emp_H3K4me1__zhihan1996_DNABERT-2-117M__20260514T113259Z,1,1,0.06797852367162704,0.9320214986801147
gue_emp_H3K4me1__zhihan1996_DNABERT-2-117M__20260514T113259Z,1,1,0.05056452751159668,0.9494354724884033
gue_emp_H3K4me1__zhihan1996_DNABERT-2-117M__20260514T113259Z,0,0,0.8543385863304138,0.1456613838672638
gue_emp_H3K4me1__zhihan1996_DNABERT-2-117M__20260514T113259Z,0,0,0.9300146102905273,0.06998536735773087
gue_emp_H3K4me1__zhihan1996_DNABERT-2-117M__20260514T113259Z,1,1,0.08532741665840149,0.9146726131439209
gue_emp_H3K4me1__zhihan1996_DNABERT-2-117M__20260514T113259Z,1,1,0.05556633695960045,0.9444336295127869
gue_emp_H3K4me1__zhihan1996_DNABERT-2-117M__20260514T113259Z,1,0,0.9333701133728027,0.06662989407777786
gue_emp_H3K4me1__zhihan1996_DNABERT-2-117M__20260514T113259Z,0,0,0.963161289691925,0.03683870658278465
gue_emp_H3K4me1__zhihan1996_DNABERT-2-117M__20260514T113259Z,1,1,0.05429893732070923,0.9457011222839355
gue_emp_H3K4me1__zhihan1996_DNABERT-2-117M__20260514T113259Z,1,1,0.1149633452296257,0.8850365877151489
gue_emp_H3K4me1__zhihan1996_DNABERT-2-117M__20260514T113259Z,1,0,0.9414929747581482,0.058507006615400314
gue_emp_H3K4me1__zhihan1996_DNABERT-2-117M__20260514T113259Z,1,1,0.104843370616436,0.8951566815376282
gue_emp_H3K4me1__zhihan1996_DNABERT-2-117M__20260514T113259Z,1,1,0.09178832918405533,0.9082116484642029
gue_emp_H3K4me1__zhihan1996_DNABERT-2-117M__20260514T113259Z,0,0,0.6396797895431519,0.36032021045684814
gue_emp_H3K4me1__zhihan1996_DNABERT-2-117M__20260514T113259Z,1,0,0.942081868648529,0.057918086647987366
gue_emp_H3K4me1__zhihan1996_DNABERT-2-117M__20260514T113259Z,1,1,0.06064055860042572,0.9393594861030579
gue_emp_H3K4me1__zhihan1996_DNABERT-2-117M__20260514T113259Z,0,0,0.8381505608558655,0.16184943914413452
gue_emp_H3K4me1__zhihan1996_DNABERT-2-117M__20260514T113259Z,1,1,0.07696084678173065,0.9230391979217529
gue_emp_H3K4me1__zhihan1996_DNABERT-2-117M__20260514T113259Z,0,1,0.0762699693441391,0.9237300753593445
gue_emp_H3K4me1__zhihan1996_DNABERT-2-117M__20260514T113259Z,1,1,0.15616923570632935,0.8438308238983154
gue_emp_H3K4me1__zhihan1996_DNABERT-2-117M__20260514T113259Z,0,1,0.07191641628742218,0.928083598613739
gue_emp_H3K4me1__zhihan1996_DNABERT-2-117M__20260514T113259Z,0,0,0.8163331747055054,0.18366682529449463
gue_emp_H3K4me1__zhihan1996_DNABERT-2-117M__20260514T113259Z,0,0,0.5564523339271545,0.44354769587516785
gue_emp_H3K4me1__zhihan1996_DNABERT-2-117M__20260514T113259Z,0,0,0.8908652067184448,0.10913479328155518
gue_emp_H3K4me1__zhihan1996_DNABERT-2-117M__20260514T113259Z,1,1,0.19490358233451843,0.805096447467804
gue_emp_H3K4me1__zhihan1996_DNABERT-2-117M__20260514T113259Z,1,1,0.2450850009918213,0.7549149990081787
gue_emp_H3K4me1__zhihan1996_DNABERT-2-117M__20260514T113259Z,0,1,0.46084997057914734,0.539150059223175
gue_emp_H3K4me1__zhihan1996_DNABERT-2-117M__20260514T113259Z,0,1,0.0819595456123352,0.91804039478302
gue_emp_H3K4me1__zhihan1996_DNABERT-2-117M__20260514T113259Z,0,1,0.20721471309661865,0.7927852869033813
gue_emp_H3K4me1__zhihan1996_DNABERT-2-117M__20260514T113259Z,0,0,0.9470391869544983,0.05296076461672783
gue_emp_H3K4me1__zhihan1996_DNABERT-2-117M__20260514T113259Z,1,1,0.18169841170310974,0.8183016180992126
gue_emp_H3K4me1__zhihan1996_DNABERT-2-117M__20260514T113259Z,0,0,0.8316905498504639,0.16830943524837494
gue_emp_H3K4me1__zhihan1996_DNABERT-2-117M__20260514T113259Z,1,1,0.32949960231781006,0.6705003976821899
gue_emp_H3K4me1__zhihan1996_DNABERT-2-117M__20260514T113259Z,0,1,0.1119188517332077,0.8880811929702759
gue_emp_H3K4me1__zhihan1996_DNABERT-2-117M__20260514T113259Z,1,1,0.1175214871764183,0.8824785351753235
gue_emp_H3K4me1__zhihan1996_DNABERT-2-117M__20260514T113259Z,0,0,0.8741846680641174,0.12581531703472137
gue_emp_H3K4me1__zhihan1996_DNABERT-2-117M__20260514T113259Z,1,1,0.14996658265590668,0.8500334620475769
gue_emp_H3K4me1__zhihan1996_DNABERT-2-117M__20260514T113259Z,1,1,0.37550607323646545,0.6244938969612122
gue_emp_H3K4me1__zhihan1996_DNABERT-2-117M__20260514T113259Z,0,0,0.9717254042625427,0.028274599462747574
gue_emp_H3K4me1__zhihan1996_DNABERT-2-117M__20260514T113259Z,1,1,0.0845683291554451,0.9154317378997803
gue_emp_H3K4me1__zhihan1996_DNABERT-2-117M__20260514T113259Z,1,1,0.15908671915531158,0.8409132957458496
gue_emp_H3K4me1__zhihan1996_DNABERT-2-117M__20260514T113259Z,1,1,0.1370120346546173,0.8629879355430603
gue_emp_H3K4me1__zhihan1996_DNABERT-2-117M__20260514T113259Z,0,1,0.06816437840461731,0.9318356513977051
gue_emp_H3K4me1__zhihan1996_DNABERT-2-117M__20260514T113259Z,0,0,0.8719117641448975,0.12808825075626373
gue_emp_H3K4me1__zhihan1996_DNABERT-2-117M__20260514T113259Z,0,1,0.3500880300998688,0.6499119400978088
gue_emp_H3K4me1__zhihan1996_DNABERT-2-117M__20260514T113259Z,1,1,0.05572028458118439,0.9442797303199768
gue_emp_H3K4me1__zhihan1996_DNABERT-2-117M__20260514T113259Z,1,1,0.07800790667533875,0.9219921231269836
gue_emp_H3K4me1__zhihan1996_DNABERT-2-117M__20260514T113259Z,0,0,0.8243205547332764,0.17567943036556244
gue_emp_H3K4me1__zhihan1996_DNABERT-2-117M__20260514T113259Z,1,1,0.048903174698352814,0.951096773147583
gue_emp_H3K4me1__zhihan1996_DNABERT-2-117M__20260514T113259Z,0,1,0.12095702439546585,0.8790429830551147
gue_emp_H3K4me1__zhihan1996_DNABERT-2-117M__20260514T113259Z,1,1,0.07088049501180649,0.9291195869445801
gue_emp_H3K4me1__zhihan1996_DNABERT-2-117M__20260514T113259Z,0,0,0.7411591410636902,0.2588408589363098
gue_emp_H3K4me1__zhihan1996_DNABERT-2-117M__20260514T113259Z,1,1,0.32664722204208374,0.6733527779579163
gue_emp_H3K4me1__zhihan1996_DNABERT-2-117M__20260514T113259Z,0,0,0.7827455401420593,0.21725448966026306
gue_emp_H3K4me1__zhihan1996_DNABERT-2-117M__20260514T113259Z,0,0,0.6938879489898682,0.30611202120780945
gue_emp_H3K4me1__zhihan1996_DNABERT-2-117M__20260514T113259Z,1,1,0.07477004081010818,0.9252299070358276
gue_emp_H3K4me1__zhihan1996_DNABERT-2-117M__20260514T113259Z,1,1,0.1564912348985672,0.843508780002594
gue_emp_H3K4me1__zhihan1996_DNABERT-2-117M__20260514T113259Z,0,0,0.9128255248069763,0.08717449754476547
gue_emp_H3K4me1__zhihan1996_DNABERT-2-117M__20260514T113259Z,1,1,0.0629042461514473,0.9370958209037781
gue_emp_H3K4me1__zhihan1996_DNABERT-2-117M__20260514T113259Z,0,0,0.8875949382781982,0.11240509152412415
gue_emp_H3K4me1__zhihan1996_DNABERT-2-117M__20260514T113259Z,0,1,0.23379381000995636,0.7662062048912048
gue_emp_H3K4me1__zhihan1996_DNABERT-2-117M__20260514T113259Z,1,1,0.06608538329601288,0.9339146018028259
gue_emp_H3K4me1__zhihan1996_DNABERT-2-117M__20260514T113259Z,0,1,0.37911975383758545,0.6208802461624146
gue_emp_H3K4me1__zhihan1996_DNABERT-2-117M__20260514T113259Z,0,0,0.9620362520217896,0.03796369582414627
gue_emp_H3K4me1__zhihan1996_DNABERT-2-117M__20260514T113259Z,1,0,0.7479382753372192,0.2520616948604584
gue_emp_H3K4me1__zhihan1996_DNABERT-2-117M__20260514T113259Z,0,0,0.9214990139007568,0.07850097864866257
gue_emp_H3K4me1__zhihan1996_DNABERT-2-117M__20260514T113259Z,1,1,0.0892956405878067,0.9107043743133545
gue_emp_H3K4me1__zhihan1996_DNABERT-2-117M__20260514T113259Z,1,1,0.11526177078485489,0.8847382068634033
gue_emp_H3K4me1__zhihan1996_DNABERT-2-117M__20260514T113259Z,0,1,0.12857984006404877,0.8714202046394348
gue_emp_H3K4me1__zhihan1996_DNABERT-2-117M__20260514T113259Z,1,1,0.12511882185935974,0.8748811483383179
gue_emp_H3K4me1__zhihan1996_DNABERT-2-117M__20260514T113259Z,0,0,0.8122723698616028,0.18772758543491364
gue_emp_H3K4me1__zhihan1996_DNABERT-2-117M__20260514T113259Z,0,0,0.9393038749694824,0.06069619953632355
gue_emp_H3K4me1__zhihan1996_DNABERT-2-117M__20260514T113259Z,0,1,0.043691057711839676,0.956308901309967
gue_emp_H3K4me1__zhihan1996_DNABERT-2-117M__20260514T113259Z,0,1,0.07942426204681396,0.9205756783485413
gue_emp_H3K4me1__zhihan1996_DNABERT-2-117M__20260514T113259Z,1,0,0.9730108976364136,0.026989132165908813
gue_emp_H3K4me1__zhihan1996_DNABERT-2-117M__20260514T113259Z,1,1,0.07779745012521744,0.9222025275230408
gue_emp_H3K4me1__zhihan1996_DNABERT-2-117M__20260514T113259Z,0,0,0.5913102626800537,0.4086896777153015
gue_emp_H3K4me1__zhihan1996_DNABERT-2-117M__20260514T113259Z,0,0,0.6166761517524719,0.3833238482475281
gue_emp_H3K4me1__zhihan1996_DNABERT-2-117M__20260514T113259Z,1,1,0.10715685039758682,0.8928431868553162
gue_emp_H3K4me1__zhihan1996_DNABERT-2-117M__20260514T113259Z,1,0,0.700177788734436,0.29982221126556396
gue_emp_H3K4me1__zhihan1996_DNABERT-2-117M__20260514T113259Z,1,0,0.9258357286453247,0.07416428625583649
gue_emp_H3K4me1__zhihan1996_DNABERT-2-117M__20260514T113259Z,1,1,0.06542547047138214,0.9345744848251343
gue_emp_H3K4me1__zhihan1996_DNABERT-2-117M__20260514T113259Z,1,1,0.09235979616641998,0.9076402187347412
gue_emp_H3K4me1__zhihan1996_DNABERT-2-117M__20260514T113259Z,1,1,0.12995381653308868,0.8700461983680725
gue_emp_H3K4me1__zhihan1996_DNABERT-2-117M__20260514T113259Z,1,0,0.937210738658905,0.06278920918703079
gue_emp_H3K4me1__zhihan1996_DNABERT-2-117M__20260514T113259Z,1,1,0.10743748396635056,0.8925625681877136
gue_emp_H3K4me1__zhihan1996_DNABERT-2-117M__20260514T113259Z,0,0,0.6069062352180481,0.3930937349796295
gue_emp_H3K4me1__zhihan1996_DNABERT-2-117M__20260514T113259Z,0,0,0.90320885181427,0.09679113328456879
gue_emp_H3K4me1__zhihan1996_DNABERT-2-117M__20260514T113259Z,0,1,0.34449854493141174,0.6555014252662659
gue_emp_H3K4me1__zhihan1996_DNABERT-2-117M__20260514T113259Z,1,1,0.07935290038585663,0.920647144317627
gue_emp_H3K4me1__zhihan1996_DNABERT-2-117M__20260514T113259Z,1,1,0.04646466299891472,0.9535353183746338
gue_emp_H3K4me1__zhihan1996_DNABERT-2-117M__20260514T113259Z,0,1,0.3337746262550354,0.6662254333496094
gue_emp_H3K4me1__zhihan1996_DNABERT-2-117M__20260514T113259Z,0,1,0.12268078327178955,0.8773192167282104
gue_emp_H3K4me1__zhihan1996_DNABERT-2-117M__20260514T113259Z,1,1,0.2729441225528717,0.7270559072494507
gue_emp_H3K4me1__zhihan1996_DNABERT-2-117M__20260514T113259Z,0,0,0.9469902515411377,0.0530097670853138
gue_emp_H3K4me1__zhihan1996_DNABERT-2-117M__20260514T113259Z,0,1,0.1647179126739502,0.8352821469306946
gue_emp_H3K4me1__zhihan1996_DNABERT-2-117M__20260514T113259Z,0,0,0.9516838788986206,0.048316068947315216
gue_emp_H3K4me1__zhihan1996_DNABERT-2-117M__20260514T113259Z,0,0,0.7901257872581482,0.2098742574453354
gue_emp_H3K4me1__zhihan1996_DNABERT-2-117M__20260514T113259Z,0,0,0.7804115414619446,0.21958841383457184
gue_emp_H3K4me1__zhihan1996_DNABERT-2-117M__20260514T113259Z,1,0,0.5185537934303284,0.48144620656967163
gue_emp_H3K4me1__zhihan1996_DNABERT-2-117M__20260514T113259Z,1,1,0.3725622892379761,0.6274377107620239
gue_emp_H3K4me1__zhihan1996_DNABERT-2-117M__20260514T113259Z,1,0,0.700894832611084,0.2991051971912384
gue_emp_H3K4me1__zhihan1996_DNABERT-2-117M__20260514T113259Z,0,0,0.7855554223060608,0.21444456279277802
gue_emp_H3K4me1__zhihan1996_DNABERT-2-117M__20260514T113259Z,1,1,0.044389985501766205,0.9556099772453308
gue_emp_H3K4me1__zhihan1996_DNABERT-2-117M__20260514T113259Z,1,1,0.0781484842300415,0.9218515157699585
gue_emp_H3K4me1__zhihan1996_DNABERT-2-117M__20260514T113259Z,1,0,0.5018004775047302,0.498199462890625
gue_emp_H3K4me1__zhihan1996_DNABERT-2-117M__20260514T113259Z,0,0,0.898944079875946,0.10105591267347336
gue_emp_H3K4me1__zhihan1996_DNABERT-2-117M__20260514T113259Z,1,1,0.11362876743078232,0.8863712549209595
gue_emp_H3K4me1__zhihan1996_DNABERT-2-117M__20260514T113259Z,1,0,0.5675471425056458,0.4324527978897095
gue_emp_H3K4me1__zhihan1996_DNABERT-2-117M__20260514T113259Z,1,1,0.07793769240379333,0.922062337398529
gue_emp_H3K4me1__zhihan1996_DNABERT-2-117M__20260514T113259Z,1,0,0.7191371321678162,0.28086286783218384
gue_emp_H3K4me1__zhihan1996_DNABERT-2-117M__20260514T113259Z,0,0,0.5539879202842712,0.44601207971572876
gue_emp_H3K4me1__zhihan1996_DNABERT-2-117M__20260514T113259Z,0,0,0.8855324983596802,0.11446747183799744
gue_emp_H3K4me1__zhihan1996_DNABERT-2-117M__20260514T113259Z,1,1,0.13347169756889343,0.866528332233429
gue_emp_H3K4me1__zhihan1996_DNABERT-2-117M__20260514T113259Z,0,0,0.9682013392448425,0.03179866820573807
gue_emp_H3K4me1__zhihan1996_DNABERT-2-117M__20260514T113259Z,1,1,0.05997643992304802,0.9400236010551453
gue_emp_H3K4me1__zhihan1996_DNABERT-2-117M__20260514T113259Z,0,1,0.12929275631904602,0.8707072734832764
gue_emp_H3K4me1__zhihan1996_DNABERT-2-117M__20260514T113259Z,1,1,0.058453239500522614,0.9415467381477356
gue_emp_H3K4me1__zhihan1996_DNABERT-2-117M__20260514T113259Z,0,0,0.9038897156715393,0.09611029177904129
gue_emp_H3K4me1__zhihan1996_DNABERT-2-117M__20260514T113259Z,1,1,0.03381211683154106,0.9661878347396851
gue_emp_H3K4me1__zhihan1996_DNABERT-2-117M__20260514T113259Z,1,1,0.10932483524084091,0.8906751871109009
gue_emp_H3K4me1__zhihan1996_DNABERT-2-117M__20260514T113259Z,1,1,0.22944888472557068,0.7705511450767517
gue_emp_H3K4me1__zhihan1996_DNABERT-2-117M__20260514T113259Z,1,1,0.49008309841156006,0.5099169015884399
gue_emp_H3K4me1__zhihan1996_DNABERT-2-117M__20260514T113259Z,1,1,0.08441724628210068,0.9155827760696411
gue_emp_H3K4me1__zhihan1996_DNABERT-2-117M__20260514T113259Z,1,1,0.04991218447685242,0.9500877857208252
gue_emp_H3K4me1__zhihan1996_DNABERT-2-117M__20260514T113259Z,0,1,0.40186381340026855,0.5981361865997314
gue_emp_H3K4me1__zhihan1996_DNABERT-2-117M__20260514T113259Z,0,0,0.9549424648284912,0.04505753144621849
gue_emp_H3K4me1__zhihan1996_DNABERT-2-117M__20260514T113259Z,0,0,0.9785082340240479,0.02149176597595215
gue_emp_H3K4me1__zhihan1996_DNABERT-2-117M__20260514T113259Z,1,0,0.9074763655662537,0.09252365678548813
gue_emp_H3K4me1__zhihan1996_DNABERT-2-117M__20260514T113259Z,1,1,0.09459402412176132,0.9054059386253357
gue_emp_H3K4me1__zhihan1996_DNABERT-2-117M__20260514T113259Z,1,1,0.17546740174293518,0.8245325684547424
gue_emp_H3K4me1__zhihan1996_DNABERT-2-117M__20260514T113259Z,1,1,0.10828321427106857,0.8917167782783508
gue_emp_H3K4me1__zhihan1996_DNABERT-2-117M__20260514T113259Z,1,1,0.07250525057315826,0.9274948239326477
gue_emp_H3K4me1__zhihan1996_DNABERT-2-117M__20260514T113259Z,1,1,0.10248422622680664,0.8975157737731934
gue_emp_H3K4me1__zhihan1996_DNABERT-2-117M__20260514T113259Z,1,1,0.08748584985733032,0.9125142097473145
gue_emp_H3K4me1__zhihan1996_DNABERT-2-117M__20260514T113259Z,1,1,0.07978201657533646,0.9202179908752441
gue_emp_H3K4me1__zhihan1996_DNABERT-2-117M__20260514T113259Z,1,0,0.6702306270599365,0.3297693133354187
gue_emp_H3K4me1__zhihan1996_DNABERT-2-117M__20260514T113259Z,0,0,0.9706599116325378,0.029340026900172234
gue_emp_H3K4me1__zhihan1996_DNABERT-2-117M__20260514T113259Z,1,0,0.8233283758163452,0.1766716092824936
gue_emp_H3K4me1__zhihan1996_DNABERT-2-117M__20260514T113259Z,1,1,0.09662051498889923,0.9033794403076172
gue_emp_H3K4me1__zhihan1996_DNABERT-2-117M__20260514T113259Z,0,0,0.8741846680641174,0.12581531703472137
gue_emp_H3K4me1__zhihan1996_DNABERT-2-117M__20260514T113259Z,0,0,0.955026388168335,0.04497356712818146
gue_emp_H3K4me1__zhihan1996_DNABERT-2-117M__20260514T113259Z,1,0,0.6753900647163391,0.3246099650859833
gue_emp_H3K4me1__zhihan1996_DNABERT-2-117M__20260514T113259Z,1,1,0.05765223503112793,0.9423477053642273
gue_emp_H3K4me1__zhihan1996_DNABERT-2-117M__20260514T113259Z,1,1,0.07036770135164261,0.929632306098938
gue_emp_H3K4me1__zhihan1996_DNABERT-2-117M__20260514T113259Z,1,1,0.04616272822022438,0.9538372755050659
gue_emp_H3K4me1__zhihan1996_DNABERT-2-117M__20260514T113259Z,0,0,0.9296960830688477,0.07030384242534637
gue_emp_H3K4me1__zhihan1996_DNABERT-2-117M__20260514T113259Z,1,0,0.6246084570884705,0.37539157271385193
gue_emp_H3K4me1__zhihan1996_DNABERT-2-117M__20260514T113259Z,1,1,0.07290027290582657,0.9270997643470764
gue_emp_H3K4me1__zhihan1996_DNABERT-2-117M__20260514T113259Z,0,0,0.9308992624282837,0.06910072267055511
gue_emp_H3K4me1__zhihan1996_DNABERT-2-117M__20260514T113259Z,0,0,0.9336731433868408,0.06632687896490097
gue_emp_H3K4me1__zhihan1996_DNABERT-2-117M__20260514T113259Z,1,1,0.1420532763004303,0.8579466938972473
gue_emp_H3K4me1__zhihan1996_DNABERT-2-117M__20260514T113259Z,1,1,0.0663873702287674,0.933612585067749
gue_emp_H3K4me1__zhihan1996_DNABERT-2-117M__20260514T113259Z,1,1,0.10922978073358536,0.8907702565193176
gue_emp_H3K4me1__zhihan1996_DNABERT-2-117M__20260514T113259Z,1,1,0.181916281580925,0.8180837035179138
gue_emp_H3K4me1__zhihan1996_DNABERT-2-117M__20260514T113259Z,1,0,0.6710395812988281,0.32896044850349426
gue_emp_H3K4me1__zhihan1996_DNABERT-2-117M__20260514T113259Z,0,1,0.11027935892343521,0.889720618724823
gue_emp_H3K4me1__zhihan1996_DNABERT-2-117M__20260514T113259Z,1,1,0.28587010502815247,0.7141298651695251
gue_emp_H3K4me1__zhihan1996_DNABERT-2-117M__20260514T113259Z,1,1,0.10818895697593689,0.8918110132217407
gue_emp_H3K4me1__zhihan1996_DNABERT-2-117M__20260514T113259Z,1,0,0.9023517370223999,0.09764823317527771
gue_emp_H3K4me1__zhihan1996_DNABERT-2-117M__20260514T113259Z,0,1,0.13307686150074005,0.8669230937957764
gue_emp_H3K4me1__zhihan1996_DNABERT-2-117M__20260514T113259Z,0,0,0.9009662866592407,0.09903369098901749
gue_emp_H3K4me1__zhihan1996_DNABERT-2-117M__20260514T113259Z,1,1,0.369229793548584,0.630770206451416
gue_emp_H3K4me1__zhihan1996_DNABERT-2-117M__20260514T113259Z,1,1,0.06941547989845276,0.9305844902992249
gue_emp_H3K4me1__zhihan1996_DNABERT-2-117M__20260514T113259Z,1,1,0.2872177064418793,0.7127823233604431
gue_emp_H3K4me1__zhihan1996_DNABERT-2-117M__20260514T113259Z,0,1,0.4449566602706909,0.5550433397293091
gue_emp_H3K4me1__zhihan1996_DNABERT-2-117M__20260514T113259Z,1,1,0.07835981249809265,0.9216402173042297
gue_emp_H3K4me1__zhihan1996_DNABERT-2-117M__20260514T113259Z,1,1,0.06471257656812668,0.9352874159812927
gue_emp_H3K4me1__zhihan1996_DNABERT-2-117M__20260514T113259Z,1,0,0.7673413753509521,0.23265863955020905
gue_emp_H3K4me1__zhihan1996_DNABERT-2-117M__20260514T113259Z,0,1,0.07899691164493561,0.9210031628608704
gue_emp_H3K4me1__zhihan1996_DNABERT-2-117M__20260514T113259Z,1,1,0.11153119057416916,0.8884688019752502
gue_emp_H3K4me1__zhihan1996_DNABERT-2-117M__20260514T113259Z,1,1,0.059701740741729736,0.940298318862915
gue_emp_H3K4me1__zhihan1996_DNABERT-2-117M__20260514T113259Z,1,1,0.1454792022705078,0.854520857334137
gue_emp_H3K4me1__zhihan1996_DNABERT-2-117M__20260514T113259Z,0,0,0.6900893449783325,0.3099106550216675
gue_emp_H3K4me1__zhihan1996_DNABERT-2-117M__20260514T113259Z,1,0,0.8222604990005493,0.1777394860982895
gue_emp_H3K4me1__zhihan1996_DNABERT-2-117M__20260514T113259Z,1,1,0.16491955518722534,0.8350804448127747
gue_emp_H3K4me1__zhihan1996_DNABERT-2-117M__20260514T113259Z,1,0,0.6760855317115784,0.3239145278930664
gue_emp_H3K4me1__zhihan1996_DNABERT-2-117M__20260514T113259Z,1,1,0.08079154044389725,0.9192084670066833
gue_emp_H3K4me1__zhihan1996_DNABERT-2-117M__20260514T113259Z,1,0,0.9100669622421265,0.08993300050497055
gue_emp_H3K4me1__zhihan1996_DNABERT-2-117M__20260514T113259Z,0,1,0.05198967084288597,0.9480103254318237
gue_emp_H3K4me1__zhihan1996_DNABERT-2-117M__20260514T113259Z,0,1,0.14098547399044037,0.8590145111083984
gue_emp_H3K4me1__zhihan1996_DNABERT-2-117M__20260514T113259Z,1,1,0.1096104308962822,0.890389621257782
gue_emp_H3K4me1__zhihan1996_DNABERT-2-117M__20260514T113259Z,0,0,0.5992506742477417,0.4007493853569031
gue_emp_H3K4me1__zhihan1996_DNABERT-2-117M__20260514T113259Z,1,1,0.25321415066719055,0.7467858195304871
gue_emp_H3K4me1__zhihan1996_DNABERT-2-117M__20260514T113259Z,0,0,0.8891924619674683,0.11080747842788696
gue_emp_H3K4me1__zhihan1996_DNABERT-2-117M__20260514T113259Z,1,1,0.13834533095359802,0.8616546392440796
gue_emp_H3K4me1__zhihan1996_DNABERT-2-117M__20260514T113259Z,1,1,0.21027937531471252,0.7897205948829651
gue_emp_H3K4me1__zhihan1996_DNABERT-2-117M__20260514T113259Z,0,0,0.9717521667480469,0.028247779235243797
gue_emp_H3K4me1__zhihan1996_DNABERT-2-117M__20260514T113259Z,0,1,0.12495855987071991,0.8750414848327637
gue_emp_H3K4me1__zhihan1996_DNABERT-2-117M__20260514T113259Z,1,0,0.8431217074394226,0.15687833726406097
gue_emp_H3K4me1__zhihan1996_DNABERT-2-117M__20260514T113259Z,1,0,0.859132707118988,0.1408672332763672
gue_emp_H3K4me1__zhihan1996_DNABERT-2-117M__20260514T113259Z,0,1,0.09877258539199829,0.9012274742126465
gue_emp_H3K4me1__zhihan1996_DNABERT-2-117M__20260514T113259Z,0,0,0.6320770382881165,0.36792296171188354
gue_emp_H3K4me1__zhihan1996_DNABERT-2-117M__20260514T113259Z,0,0,0.5211132764816284,0.47888678312301636
gue_emp_H3K4me1__zhihan1996_DNABERT-2-117M__20260514T113259Z,0,1,0.2113354355096817,0.7886645793914795
gue_emp_H3K4me1__zhihan1996_DNABERT-2-117M__20260514T113259Z,0,0,0.9019206762313843,0.09807932376861572
gue_emp_H3K4me1__zhihan1996_DNABERT-2-117M__20260514T113259Z,1,1,0.1683778017759323,0.8316221833229065
gue_emp_H3K4me1__zhihan1996_DNABERT-2-117M__20260514T113259Z,0,1,0.1669468730688095,0.8330531716346741
gue_emp_H3K4me1__zhihan1996_DNABERT-2-117M__20260514T113259Z,0,0,0.9739189147949219,0.02608109824359417
gue_emp_H3K4me1__zhihan1996_DNABERT-2-117M__20260514T113259Z,0,1,0.131117582321167,0.868882417678833
gue_emp_H3K4me1__zhihan1996_DNABERT-2-117M__20260514T113259Z,1,1,0.09920808672904968,0.9007918834686279
gue_emp_H3K4me1__zhihan1996_DNABERT-2-117M__20260514T113259Z,1,1,0.08218024671077728,0.9178197383880615
gue_emp_H3K4me1__zhihan1996_DNABERT-2-117M__20260514T113259Z,1,0,0.9469411373138428,0.05305881425738335
gue_emp_H3K4me1__zhihan1996_DNABERT-2-117M__20260514T113259Z,1,1,0.052667658776044846,0.9473323225975037
gue_emp_H3K4me1__zhihan1996_DNABERT-2-117M__20260514T113259Z,0,0,0.8949732184410095,0.10502681136131287
gue_emp_H3K4me1__zhihan1996_DNABERT-2-117M__20260514T113259Z,1,1,0.10576342046260834,0.8942365646362305
gue_emp_H3K4me1__zhihan1996_DNABERT-2-117M__20260514T113259Z,0,1,0.12352412194013596,0.8764759302139282
gue_emp_H3K4me1__zhihan1996_DNABERT-2-117M__20260514T113259Z,1,0,0.9660599827766418,0.03393996134400368
gue_emp_H3K4me1__zhihan1996_DNABERT-2-117M__20260514T113259Z,0,1,0.35653066635131836,0.6434693336486816
gue_emp_H3K4me1__zhihan1996_DNABERT-2-117M__20260514T113259Z,1,1,0.06108710169792175,0.9389128684997559
gue_emp_H3K4me1__zhihan1996_DNABERT-2-117M__20260514T113259Z,1,1,0.08144666254520416,0.9185534119606018
gue_emp_H3K4me1__zhihan1996_DNABERT-2-117M__20260514T113259Z,1,1,0.1949802041053772,0.8050197958946228
gue_emp_H3K4me1__zhihan1996_DNABERT-2-117M__20260514T113259Z,0,1,0.11721799522638321,0.8827820420265198
gue_emp_H3K4me1__zhihan1996_DNABERT-2-117M__20260514T113259Z,0,0,0.7412059903144836,0.25879403948783875
gue_emp_H3K4me1__zhihan1996_DNABERT-2-117M__20260514T113259Z,1,1,0.11367794126272202,0.8863220810890198
gue_emp_H3K4me1__zhihan1996_DNABERT-2-117M__20260514T113259Z,0,1,0.458977609872818,0.5410224199295044
gue_emp_H3K4me1__zhihan1996_DNABERT-2-117M__20260514T113259Z,0,0,0.7631309032440186,0.23686911165714264
gue_emp_H3K4me1__zhihan1996_DNABERT-2-117M__20260514T113259Z,0,1,0.15739572048187256,0.8426043391227722
gue_emp_H3K4me1__zhihan1996_DNABERT-2-117M__20260514T113259Z,0,0,0.9740919470787048,0.02590801753103733
gue_emp_H3K4me1__zhihan1996_DNABERT-2-117M__20260514T113259Z,0,1,0.2747403383255005,0.7252596020698547
gue_emp_H3K4me1__zhihan1996_DNABERT-2-117M__20260514T113259Z,1,1,0.04185213893651962,0.9581479430198669
gue_emp_H3K4me1__zhihan1996_DNABERT-2-117M__20260514T113259Z,0,0,0.847778856754303,0.1522211730480194
gue_emp_H3K4me1__zhihan1996_DNABERT-2-117M__20260514T113259Z,0,0,0.6569334864616394,0.34306657314300537
gue_emp_H3K4me1__zhihan1996_DNABERT-2-117M__20260514T113259Z,1,1,0.1718241423368454,0.8281758427619934
gue_emp_H3K4me1__zhihan1996_DNABERT-2-117M__20260514T113259Z,1,0,0.548779308795929,0.45122069120407104
gue_emp_H3K4me1__zhihan1996_DNABERT-2-117M__20260514T113259Z,0,1,0.09756222367286682,0.9024378061294556
gue_emp_H3K4me1__zhihan1996_DNABERT-2-117M__20260514T113259Z,0,0,0.9596109390258789,0.04038906842470169
gue_emp_H3K4me1__zhihan1996_DNABERT-2-117M__20260514T113259Z,1,1,0.06142403930425644,0.9385759830474854
gue_emp_H3K4me1__zhihan1996_DNABERT-2-117M__20260514T113259Z,0,0,0.95735764503479,0.042642392218112946
gue_emp_H3K4me1__zhihan1996_DNABERT-2-117M__20260514T113259Z,1,1,0.05797139182686806,0.9420285820960999
gue_emp_H3K4me1__zhihan1996_DNABERT-2-117M__20260514T113259Z,0,1,0.08351587504148483,0.9164840579032898
gue_emp_H3K4me1__zhihan1996_DNABERT-2-117M__20260514T113259Z,1,1,0.11299101263284683,0.8870089650154114
gue_emp_H3K4me1__zhihan1996_DNABERT-2-117M__20260514T113259Z,1,1,0.24553699791431427,0.7544629573822021
gue_emp_H3K4me1__zhihan1996_DNABERT-2-117M__20260514T113259Z,0,1,0.12727250158786774,0.8727275133132935
gue_emp_H3K4me1__zhihan1996_DNABERT-2-117M__20260514T113259Z,0,0,0.8074606657028198,0.19253934919834137
gue_emp_H3K4me1__zhihan1996_DNABERT-2-117M__20260514T113259Z,0,0,0.9248236417770386,0.0751764103770256
gue_emp_H3K4me1__zhihan1996_DNABERT-2-117M__20260514T113259Z,1,0,0.5871443748474121,0.4128555953502655
gue_emp_H3K4me1__zhihan1996_DNABERT-2-117M__20260514T113259Z,1,1,0.061819322407245636,0.9381806254386902
gue_emp_H3K4me1__zhihan1996_DNABERT-2-117M__20260514T113259Z,1,1,0.09073549509048462,0.9092645049095154
gue_emp_H3K4me1__zhihan1996_DNABERT-2-117M__20260514T113259Z,0,0,0.8911023736000061,0.10889766365289688
gue_emp_H3K4me1__zhihan1996_DNABERT-2-117M__20260514T113259Z,0,1,0.25525081157684326,0.744749128818512
gue_emp_H3K4me1__zhihan1996_DNABERT-2-117M__20260514T113259Z,0,1,0.07613248378038406,0.9238675236701965
gue_emp_H3K4me1__zhihan1996_DNABERT-2-117M__20260514T113259Z,0,1,0.2120688110589981,0.7879312038421631
gue_emp_H3K4me1__zhihan1996_DNABERT-2-117M__20260514T113259Z,1,0,0.8012368679046631,0.19876310229301453
gue_emp_H3K4me1__zhihan1996_DNABERT-2-117M__20260514T113259Z,1,0,0.9642541408538818,0.035745806992053986
gue_emp_H3K4me1__zhihan1996_DNABERT-2-117M__20260514T113259Z,1,1,0.075721375644207,0.9242786765098572
gue_emp_H3K4me1__zhihan1996_DNABERT-2-117M__20260514T113259Z,1,1,0.05033063143491745,0.949669361114502
gue_emp_H3K4me1__zhihan1996_DNABERT-2-117M__20260514T113259Z,1,1,0.08826860040426254,0.9117313623428345
gue_emp_H3K4me1__zhihan1996_DNABERT-2-117M__20260514T113259Z,0,0,0.6573184728622437,0.34268149733543396
gue_emp_H3K4me1__zhihan1996_DNABERT-2-117M__20260514T113259Z,0,1,0.0645354762673378,0.9354645609855652
gue_emp_H3K4me1__zhihan1996_DNABERT-2-117M__20260514T113259Z,0,1,0.4437209367752075,0.5562790632247925
gue_emp_H3K4me1__zhihan1996_DNABERT-2-117M__20260514T113259Z,0,0,0.9744347929954529,0.025565214455127716
gue_emp_H3K4me1__zhihan1996_DNABERT-2-117M__20260514T113259Z,0,0,0.9658352136611938,0.03416481614112854
gue_emp_H3K4me1__zhihan1996_DNABERT-2-117M__20260514T113259Z,1,1,0.29118236899375916,0.7088176608085632
gue_emp_H3K4me1__zhihan1996_DNABERT-2-117M__20260514T113259Z,0,1,0.11576063930988312,0.8842393159866333
gue_emp_H3K4me1__zhihan1996_DNABERT-2-117M__20260514T113259Z,0,0,0.8543993234634399,0.14560063183307648
gue_emp_H3K4me1__zhihan1996_DNABERT-2-117M__20260514T113259Z,0,0,0.9623559713363647,0.037643998861312866
gue_emp_H3K4me1__zhihan1996_DNABERT-2-117M__20260514T113259Z,1,1,0.05572028458118439,0.9442797303199768
gue_emp_H3K4me1__zhihan1996_DNABERT-2-117M__20260514T113259Z,1,1,0.11920291930437088,0.8807970285415649
gue_emp_H3K4me1__zhihan1996_DNABERT-2-117M__20260514T113259Z,1,1,0.08563278615474701,0.9143672585487366
gue_emp_H3K4me1__zhihan1996_DNABERT-2-117M__20260514T113259Z,0,1,0.08795474469661713,0.9120452404022217
gue_emp_H3K4me1__zhihan1996_DNABERT-2-117M__20260514T113259Z,1,1,0.1669468730688095,0.8330531716346741
gue_emp_H3K4me1__zhihan1996_DNABERT-2-117M__20260514T113259Z,1,1,0.09773432463407516,0.902265727519989
gue_emp_H3K4me1__zhihan1996_DNABERT-2-117M__20260514T113259Z,1,1,0.06447654962539673,0.935523509979248
gue_emp_H3K4me1__zhihan1996_DNABERT-2-117M__20260514T113259Z,1,1,0.05325542390346527,0.9467446208000183
gue_emp_H3K4me1__zhihan1996_DNABERT-2-117M__20260514T113259Z,1,1,0.07270251959562302,0.9272975325584412
gue_emp_H3K4me1__zhihan1996_DNABERT-2-117M__20260514T113259Z,0,0,0.9626027941703796,0.03739713132381439
gue_emp_H3K4me1__zhihan1996_DNABERT-2-117M__20260514T113259Z,0,0,0.9763782024383545,0.023621805012226105
gue_emp_H3K4me1__zhihan1996_DNABERT-2-117M__20260514T113259Z,1,1,0.09816574305295944,0.90183424949646
gue_emp_H3K4me1__zhihan1996_DNABERT-2-117M__20260514T113259Z,0,0,0.8667540550231934,0.13324595987796783
gue_emp_H3K4me1__zhihan1996_DNABERT-2-117M__20260514T113259Z,1,1,0.07369626313447952,0.9263036847114563
gue_emp_H3K4me1__zhihan1996_DNABERT-2-117M__20260514T113259Z,0,0,0.9527502655982971,0.04724971204996109
gue_emp_H3K4me1__zhihan1996_DNABERT-2-117M__20260514T113259Z,1,1,0.11466560512781143,0.8853343725204468
gue_emp_H3K4me1__zhihan1996_DNABERT-2-117M__20260514T113259Z,1,1,0.15520647168159485,0.8447935581207275
gue_emp_H3K4me1__zhihan1996_DNABERT-2-117M__20260514T113259Z,1,1,0.09170696884393692,0.9082930684089661
gue_emp_H3K4me1__zhihan1996_DNABERT-2-117M__20260514T113259Z,0,1,0.46094855666160583,0.5390514731407166
gue_emp_H3K4me1__zhihan1996_DNABERT-2-117M__20260514T113259Z,0,1,0.454294353723526,0.5457056760787964
gue_emp_H3K4me1__zhihan1996_DNABERT-2-117M__20260514T113259Z,1,1,0.19907434284687042,0.8009256720542908
gue_emp_H3K4me1__zhihan1996_DNABERT-2-117M__20260514T113259Z,1,1,0.06960495561361313,0.9303950071334839
gue_emp_H3K4me1__zhihan1996_DNABERT-2-117M__20260514T113259Z,0,1,0.35812851786613464,0.641871452331543
gue_emp_H3K4me1__zhihan1996_DNABERT-2-117M__20260514T113259Z,0,1,0.21255874633789062,0.7874411940574646
gue_emp_H3K4me1__zhihan1996_DNABERT-2-117M__20260514T113259Z,1,1,0.12116485834121704,0.878835141658783
gue_emp_H3K4me1__zhihan1996_DNABERT-2-117M__20260514T113259Z,0,0,0.852874219417572,0.14712578058242798
gue_emp_H3K4me1__zhihan1996_DNABERT-2-117M__20260514T113259Z,1,1,0.4554558992385864,0.5445441007614136
gue_emp_H3K4me1__zhihan1996_DNABERT-2-117M__20260514T113259Z,1,1,0.08314291387796402,0.916857123374939
gue_emp_H3K4me1__zhihan1996_DNABERT-2-117M__20260514T113259Z,0,1,0.10221505165100098,0.897784948348999
gue_emp_H3K4me1__zhihan1996_DNABERT-2-117M__20260514T113259Z,1,1,0.07633879780769348,0.9236612319946289
gue_emp_H3K4me1__zhihan1996_DNABERT-2-117M__20260514T113259Z,1,1,0.4154619574546814,0.5845380425453186
gue_emp_H3K4me1__zhihan1996_DNABERT-2-117M__20260514T113259Z,0,1,0.22927626967430115,0.7707237601280212
gue_emp_H3K4me1__zhihan1996_DNABERT-2-117M__20260514T113259Z,0,1,0.10903989523649216,0.890960156917572
gue_emp_H3K4me1__zhihan1996_DNABERT-2-117M__20260514T113259Z,0,0,0.9486324787139893,0.05136750638484955
gue_emp_H3K4me1__zhihan1996_DNABERT-2-117M__20260514T113259Z,1,1,0.08314291387796402,0.916857123374939
gue_emp_H3K4me1__zhihan1996_DNABERT-2-117M__20260514T113259Z,1,1,0.05981148034334183,0.940188467502594
gue_emp_H3K4me1__zhihan1996_DNABERT-2-117M__20260514T113259Z,1,1,0.10918227583169937,0.8908177614212036
gue_emp_H3K4me1__zhihan1996_DNABERT-2-117M__20260514T113259Z,1,1,0.09885954111814499,0.9011403918266296
gue_emp_H3K4me1__zhihan1996_DNABERT-2-117M__20260514T113259Z,1,0,0.9529695510864258,0.047030385583639145
gue_emp_H3K4me1__zhihan1996_DNABERT-2-117M__20260514T113259Z,1,0,0.6551154255867004,0.34488460421562195
gue_emp_H3K4me1__zhihan1996_DNABERT-2-117M__20260514T113259Z,1,1,0.1589561253786087,0.8410438895225525
gue_emp_H3K4me1__zhihan1996_DNABERT-2-117M__20260514T113259Z,1,1,0.09713316708803177,0.9028668403625488
gue_emp_H3K4me1__zhihan1996_DNABERT-2-117M__20260514T113259Z,1,1,0.07793769240379333,0.922062337398529
gue_emp_H3K4me1__zhihan1996_DNABERT-2-117M__20260514T113259Z,0,0,0.965348482131958,0.0346514917910099
gue_emp_H3K4me1__zhihan1996_DNABERT-2-117M__20260514T113259Z,1,0,0.8501578569412231,0.14984211325645447
gue_emp_H3K4me1__zhihan1996_DNABERT-2-117M__20260514T113259Z,0,0,0.7933462262153625,0.20665378868579865
gue_emp_H3K4me1__zhihan1996_DNABERT-2-117M__20260514T113259Z,1,1,0.12326005101203918,0.8767399787902832
gue_emp_H3K4me1__zhihan1996_DNABERT-2-117M__20260514T113259Z,0,1,0.361897349357605,0.638102650642395
gue_emp_H3K4me1__zhihan1996_DNABERT-2-117M__20260514T113259Z,1,1,0.0868641585111618,0.913135826587677
gue_emp_H3K4me1__zhihan1996_DNABERT-2-117M__20260514T113259Z,0,1,0.03952746465802193,0.960472583770752
gue_emp_H3K4me1__zhihan1996_DNABERT-2-117M__20260514T113259Z,1,1,0.18787653744220734,0.8121234178543091
gue_emp_H3K4me1__zhihan1996_DNABERT-2-117M__20260514T113259Z,1,1,0.05330468341708183,0.9466953873634338
gue_emp_H3K4me1__zhihan1996_DNABERT-2-117M__20260514T113259Z,0,0,0.6813028454780579,0.31869712471961975
gue_emp_H3K4me1__zhihan1996_DNABERT-2-117M__20260514T113259Z,1,1,0.12257571518421173,0.8774242997169495
gue_emp_H3K4me1__zhihan1996_DNABERT-2-117M__20260514T113259Z,1,1,0.06960495561361313,0.9303950071334839
gue_emp_H3K4me1__zhihan1996_DNABERT-2-117M__20260514T113259Z,0,1,0.3024941086769104,0.6975059509277344
gue_emp_H3K4me1__zhihan1996_DNABERT-2-117M__20260514T113259Z,1,0,0.9328826069831848,0.06711740791797638
gue_emp_H3K4me1__zhihan1996_DNABERT-2-117M__20260514T113259Z,0,1,0.483680784702301,0.516319215297699
gue_emp_H3K4me1__zhihan1996_DNABERT-2-117M__20260514T113259Z,1,1,0.1831549108028412,0.8168451189994812
gue_emp_H3K4me1__zhihan1996_DNABERT-2-117M__20260514T113259Z,1,1,0.0892956405878067,0.9107043743133545
gue_emp_H3K4me1__zhihan1996_DNABERT-2-117M__20260514T113259Z,0,0,0.9270997643470764,0.07290027290582657
gue_emp_H3K4me1__zhihan1996_DNABERT-2-117M__20260514T113259Z,1,1,0.131117582321167,0.868882417678833
gue_emp_H3K4me1__zhihan1996_DNABERT-2-117M__20260514T113259Z,1,1,0.08151975274085999,0.9184802770614624
gue_emp_H3K4me1__zhihan1996_DNABERT-2-117M__20260514T113259Z,0,0,0.8689380288124084,0.13106197118759155
gue_emp_H3K4me1__zhihan1996_DNABERT-2-117M__20260514T113259Z,0,0,0.9533619284629822,0.04663803428411484
gue_emp_H3K4me1__zhihan1996_DNABERT-2-117M__20260514T113259Z,1,1,0.2766416668891907,0.7233583331108093
gue_emp_H3K4me1__zhihan1996_DNABERT-2-117M__20260514T113259Z,0,0,0.5671876072883606,0.4328123927116394
gue_emp_H3K4me1__zhihan1996_DNABERT-2-117M__20260514T113259Z,1,1,0.47574615478515625,0.5242538452148438
gue_emp_H3K4me1__zhihan1996_DNABERT-2-117M__20260514T113259Z,0,1,0.21925392746925354,0.7807461023330688
gue_emp_H3K4me1__zhihan1996_DNABERT-2-117M__20260514T113259Z,0,0,0.6462928056716919,0.3537072241306305
gue_emp_H3K4me1__zhihan1996_DNABERT-2-117M__20260514T113259Z,0,0,0.9263036847114563,0.07369626313447952
gue_emp_H3K4me1__zhihan1996_DNABERT-2-117M__20260514T113259Z,0,0,0.9771320223808289,0.02286800742149353
gue_emp_H3K4me1__zhihan1996_DNABERT-2-117M__20260514T113259Z,1,0,0.5867300629615784,0.41326993703842163
gue_emp_H3K4me1__zhihan1996_DNABERT-2-117M__20260514T113259Z,1,1,0.21925392746925354,0.7807461023330688
gue_emp_H3K4me1__zhihan1996_DNABERT-2-117M__20260514T113259Z,1,0,0.8569320440292358,0.14306794106960297
gue_emp_H3K4me1__zhihan1996_DNABERT-2-117M__20260514T113259Z,0,0,0.7066967487335205,0.2933032810688019
gue_emp_H3K4me1__zhihan1996_DNABERT-2-117M__20260514T113259Z,0,0,0.6217131614685059,0.37828683853149414
gue_emp_H3K4me1__zhihan1996_DNABERT-2-117M__20260514T113259Z,0,1,0.10123348236083984,0.8987665772438049
gue_emp_H3K4me1__zhihan1996_DNABERT-2-117M__20260514T113259Z,0,1,0.4799949526786804,0.5200050473213196
gue_emp_H3K4me1__zhihan1996_DNABERT-2-117M__20260514T113259Z,0,1,0.4534547030925751,0.5465453267097473
gue_emp_H3K4me1__zhihan1996_DNABERT-2-117M__20260514T113259Z,0,1,0.08733005076646805,0.9126699566841125
gue_emp_H3K4me1__zhihan1996_DNABERT-2-117M__20260514T113259Z,1,1,0.0838903859257698,0.9161096215248108
gue_emp_H3K4me1__zhihan1996_DNABERT-2-117M__20260514T113259Z,0,1,0.09442688524723053,0.9055731296539307
gue_emp_H3K4me1__zhihan1996_DNABERT-2-117M__20260514T113259Z,1,1,0.4534074366092682,0.5465925931930542
gue_emp_H3K4me1__zhihan1996_DNABERT-2-117M__20260514T113259Z,0,1,0.33317771553993225,0.6668223142623901
gue_emp_H3K4me1__zhihan1996_DNABERT-2-117M__20260514T113259Z,1,1,0.23170112073421478,0.768298864364624
gue_emp_H3K4me1__zhihan1996_DNABERT-2-117M__20260514T113259Z,0,1,0.4017171561717987,0.5982828140258789
gue_emp_H3K4me1__zhihan1996_DNABERT-2-117M__20260514T113259Z,0,1,0.1619819551706314,0.8380180597305298
gue_emp_H3K4me1__zhihan1996_DNABERT-2-117M__20260514T113259Z,0,0,0.8264318704605103,0.17356818914413452
gue_emp_H3K4me1__zhihan1996_DNABERT-2-117M__20260514T113259Z,1,0,0.897335946559906,0.10266400873661041
gue_emp_H3K4me1__zhihan1996_DNABERT-2-117M__20260514T113259Z,0,1,0.36494725942611694,0.6350526809692383
gue_emp_H3K4me1__zhihan1996_DNABERT-2-117M__20260514T113259Z,1,1,0.11631157994270325,0.8836884498596191
gue_emp_H3K4me1__zhihan1996_DNABERT-2-117M__20260514T113259Z,0,0,0.511790931224823,0.4882090389728546
gue_emp_H3K4me1__zhihan1996_DNABERT-2-117M__20260514T113259Z,1,1,0.10502681136131287,0.8949732184410095
gue_emp_H3K4me1__zhihan1996_DNABERT-2-117M__20260514T113259Z,1,1,0.125600665807724,0.8743993639945984
gue_emp_H3K4me1__zhihan1996_DNABERT-2-117M__20260514T113259Z,1,1,0.15707218647003174,0.8429277539253235
gue_emp_H3K4me1__zhihan1996_DNABERT-2-117M__20260514T113259Z,1,1,0.11506275832653046,0.8849372863769531
gue_emp_H3K4me1__zhihan1996_DNABERT-2-117M__20260514T113259Z,0,0,0.9493886232376099,0.050611432641744614
gue_emp_H3K4me1__zhihan1996_DNABERT-2-117M__20260514T113259Z,1,1,0.10079008340835571,0.8992099165916443
gue_emp_H3K4me1__zhihan1996_DNABERT-2-117M__20260514T113259Z,0,1,0.47655871510505676,0.5234412550926208
gue_emp_H3K4me1__zhihan1996_DNABERT-2-117M__20260514T113259Z,1,1,0.0799255296587944,0.920074462890625
gue_emp_H3K4me1__zhihan1996_DNABERT-2-117M__20260514T113259Z,1,1,0.05089372396469116,0.9491063356399536
gue_emp_H3K4me1__zhihan1996_DNABERT-2-117M__20260514T113259Z,0,1,0.08509904891252518,0.9149009585380554
gue_emp_H3K4me1__zhihan1996_DNABERT-2-117M__20260514T113259Z,1,1,0.06632687896490097,0.9336731433868408
gue_emp_H3K4me1__zhihan1996_DNABERT-2-117M__20260514T113259Z,0,1,0.12776140868663788,0.8722385764122009
gue_emp_H3K4me1__zhihan1996_DNABERT-2-117M__20260514T113259Z,0,0,0.9424007534980774,0.057599205523729324
gue_emp_H3K4me1__zhihan1996_DNABERT-2-117M__20260514T113259Z,1,1,0.09773432463407516,0.902265727519989
gue_emp_H3K4me1__zhihan1996_DNABERT-2-117M__20260514T113259Z,0,1,0.4586063027381897,0.5413936972618103
gue_emp_H3K4me1__zhihan1996_DNABERT-2-117M__20260514T113259Z,0,0,0.54295414686203,0.45704585313796997
gue_emp_H3K4me1__zhihan1996_DNABERT-2-117M__20260514T113259Z,0,0,0.7955787181854248,0.20442131161689758
gue_emp_H3K4me1__zhihan1996_DNABERT-2-117M__20260514T113259Z,1,1,0.13262686133384705,0.8673731684684753
gue_emp_H3K4me1__zhihan1996_DNABERT-2-117M__20260514T113259Z,0,1,0.17638768255710602,0.8236122727394104
gue_emp_H3K4me1__zhihan1996_DNABERT-2-117M__20260514T113259Z,1,1,0.10114466398954391,0.8988553285598755
gue_emp_H3K4me1__zhihan1996_DNABERT-2-117M__20260514T113259Z,0,0,0.9659959077835083,0.03400405868887901
gue_emp_H3K4me1__zhihan1996_DNABERT-2-117M__20260514T113259Z,1,1,0.23178806900978088,0.7682119607925415
gue_emp_H3K4me1__zhihan1996_DNABERT-2-117M__20260514T113259Z,0,1,0.2706729471683502,0.7293270230293274
gue_emp_H3K4me1__zhihan1996_DNABERT-2-117M__20260514T113259Z,0,0,0.9462003111839294,0.05379964038729668
gue_emp_H3K4me1__zhihan1996_DNABERT-2-117M__20260514T113259Z,1,0,0.9613528251647949,0.03864719718694687
gue_emp_H3K4me1__zhihan1996_DNABERT-2-117M__20260514T113259Z,0,0,0.972727358341217,0.027272667735815048
gue_emp_H3K4me1__zhihan1996_DNABERT-2-117M__20260514T113259Z,1,1,0.10980120301246643,0.890198826789856
gue_emp_H3K4me1__zhihan1996_DNABERT-2-117M__20260514T113259Z,0,0,0.8306628465652466,0.1693371832370758
gue_emp_H3K4me1__zhihan1996_DNABERT-2-117M__20260514T113259Z,1,1,0.07524432986974716,0.9247556328773499
gue_emp_H3K4me1__zhihan1996_DNABERT-2-117M__20260514T113259Z,1,0,0.6930575966835022,0.3069423735141754
gue_emp_H3K4me1__zhihan1996_DNABERT-2-117M__20260514T113259Z,0,0,0.7981867790222168,0.2018132209777832
gue_emp_H3K4me1__zhihan1996_DNABERT-2-117M__20260514T113259Z,0,0,0.8448575139045715,0.15514244139194489
gue_emp_H3K4me1__zhihan1996_DNABERT-2-117M__20260514T113259Z,1,1,0.046421416103839874,0.9535785913467407
gue_emp_H3K4me1__zhihan1996_DNABERT-2-117M__20260514T113259Z,0,1,0.04224549978971481,0.9577545523643494
gue_emp_H3K4me1__zhihan1996_DNABERT-2-117M__20260514T113259Z,0,1,0.3126322627067566,0.6873676776885986
gue_emp_H3K4me1__zhihan1996_DNABERT-2-117M__20260514T113259Z,0,1,0.07396337389945984,0.9260365962982178
gue_emp_H3K4me1__zhihan1996_DNABERT-2-117M__20260514T113259Z,1,1,0.10447732359170914,0.8955226540565491
gue_emp_H3K4me1__zhihan1996_DNABERT-2-117M__20260514T113259Z,1,1,0.05515776947140694,0.9448422193527222
gue_emp_H3K4me1__zhihan1996_DNABERT-2-117M__20260514T113259Z,0,0,0.9142141938209534,0.08578583598136902
gue_emp_H3K4me1__zhihan1996_DNABERT-2-117M__20260514T113259Z,0,0,0.90473473072052,0.09526525437831879
gue_emp_H3K4me1__zhihan1996_DNABERT-2-117M__20260514T113259Z,1,0,0.6152901649475098,0.3847098648548126
gue_emp_H3K4me1__zhihan1996_DNABERT-2-117M__20260514T113259Z,1,1,0.09033343195915222,0.9096665382385254
gue_emp_H3K4me1__zhihan1996_DNABERT-2-117M__20260514T113259Z,0,1,0.1946738362312317,0.8053262233734131
gue_emp_H3K4me1__zhihan1996_DNABERT-2-117M__20260514T113259Z,0,0,0.8764230012893677,0.12357699871063232
gue_emp_H3K4me1__zhihan1996_DNABERT-2-117M__20260514T113259Z,0,0,0.961533784866333,0.0384661927819252
gue_emp_H3K4me1__zhihan1996_DNABERT-2-117M__20260514T113259Z,0,1,0.273331880569458,0.726668119430542
gue_emp_H3K4me1__zhihan1996_DNABERT-2-117M__20260514T113259Z,0,0,0.9578728675842285,0.04212711378931999
gue_emp_H3K4me1__zhihan1996_DNABERT-2-117M__20260514T113259Z,1,0,0.8414351940155029,0.15856485068798065
gue_emp_H3K4me1__zhihan1996_DNABERT-2-117M__20260514T113259Z,0,0,0.9786311388015747,0.02136888913810253
gue_emp_H3K4me1__zhihan1996_DNABERT-2-117M__20260514T113259Z,1,0,0.6460136771202087,0.35398629307746887
gue_emp_H3K4me1__zhihan1996_DNABERT-2-117M__20260514T113259Z,1,1,0.42697852849960327,0.5730214715003967
gue_emp_H3K4me1__zhihan1996_DNABERT-2-117M__20260514T113259Z,0,0,0.8629879355430603,0.1370120346546173
gue_emp_H3K4me1__zhihan1996_DNABERT-2-117M__20260514T113259Z,0,0,0.6282078623771667,0.37179216742515564
gue_emp_H3K4me1__zhihan1996_DNABERT-2-117M__20260514T113259Z,1,1,0.03531079366803169,0.9646891355514526
gue_emp_H3K4me1__zhihan1996_DNABERT-2-117M__20260514T113259Z,1,1,0.05910154804587364,0.9408984184265137
gue_emp_H3K4me1__zhihan1996_DNABERT-2-117M__20260514T113259Z,1,1,0.07744785398244858,0.9225521683692932
gue_emp_H3K4me1__zhihan1996_DNABERT-2-117M__20260514T113259Z,1,1,0.05429893732070923,0.9457011222839355
gue_emp_H3K4me1__zhihan1996_DNABERT-2-117M__20260514T113259Z,0,0,0.9381806254386902,0.061819322407245636
gue_emp_H3K4me1__zhihan1996_DNABERT-2-117M__20260514T113259Z,1,1,0.21642528474330902,0.7835747599601746
gue_emp_H3K4me1__zhihan1996_DNABERT-2-117M__20260514T113259Z,0,1,0.13061775267124176,0.8693822026252747
gue_emp_H3K4me1__zhihan1996_DNABERT-2-117M__20260514T113259Z,0,0,0.6389197707176208,0.36108022928237915
gue_emp_H3K4me1__zhihan1996_DNABERT-2-117M__20260514T113259Z,0,0,0.8276889324188232,0.17231106758117676
gue_emp_H3K4me1__zhihan1996_DNABERT-2-117M__20260514T113259Z,0,1,0.25539007782936096,0.7446099519729614
gue_emp_H3K4me1__zhihan1996_DNABERT-2-117M__20260514T113259Z,0,0,0.9547740817070007,0.04522590711712837
gue_emp_H3K4me1__zhihan1996_DNABERT-2-117M__20260514T113259Z,1,0,0.8740234375,0.12597651779651642
gue_emp_H3K4me1__zhihan1996_DNABERT-2-117M__20260514T113259Z,1,1,0.3459886610507965,0.6540113091468811
gue_emp_H3K4me1__zhihan1996_DNABERT-2-117M__20260514T113259Z,1,1,0.07263670116662979,0.9273633360862732
gue_emp_H3K4me1__zhihan1996_DNABERT-2-117M__20260514T113259Z,0,0,0.9178197383880615,0.08218024671077728
gue_emp_H3K4me1__zhihan1996_DNABERT-2-117M__20260514T113259Z,0,0,0.9752489924430847,0.0247509703040123
gue_emp_H3K4me1__zhihan1996_DNABERT-2-117M__20260514T113259Z,1,0,0.5925192832946777,0.40748074650764465
gue_emp_H3K4me1__zhihan1996_DNABERT-2-117M__20260514T113259Z,1,1,0.2065737545490265,0.7934262752532959
gue_emp_H3K4me1__zhihan1996_DNABERT-2-117M__20260514T113259Z,1,1,0.05997643992304802,0.9400236010551453
gue_emp_H3K4me1__zhihan1996_DNABERT-2-117M__20260514T113259Z,1,0,0.7750093936920166,0.2249906212091446
gue_emp_H3K4me1__zhihan1996_DNABERT-2-117M__20260514T113259Z,0,0,0.972388505935669,0.027611490339040756
gue_emp_H3K4me1__zhihan1996_DNABERT-2-117M__20260514T113259Z,1,1,0.09713316708803177,0.9028668403625488
gue_emp_H3K4me1__zhihan1996_DNABERT-2-117M__20260514T113259Z,1,1,0.10715685039758682,0.8928431868553162
gue_emp_H3K4me1__zhihan1996_DNABERT-2-117M__20260514T113259Z,1,1,0.1598721444606781,0.8401278853416443
gue_emp_H3K4me1__zhihan1996_DNABERT-2-117M__20260514T113259Z,1,0,0.8467679023742676,0.15323211252689362
gue_emp_H3K4me1__zhihan1996_DNABERT-2-117M__20260514T113259Z,1,1,0.1718241423368454,0.8281758427619934
gue_emp_H3K4me1__zhihan1996_DNABERT-2-117M__20260514T113259Z,1,1,0.2822950780391693,0.7177048921585083
gue_emp_H3K4me1__zhihan1996_DNABERT-2-117M__20260514T113259Z,0,1,0.37381866574287415,0.6261813044548035
gue_emp_H3K4me1__zhihan1996_DNABERT-2-117M__20260514T113259Z,0,0,0.9515040516853333,0.048496004194021225
gue_emp_H3K4me1__zhihan1996_DNABERT-2-117M__20260514T113259Z,1,0,0.824603259563446,0.17539678514003754
gue_emp_H3K4me1__zhihan1996_DNABERT-2-117M__20260514T113259Z,0,0,0.7474777698516846,0.2525222897529602
gue_emp_H3K4me1__zhihan1996_DNABERT-2-117M__20260514T113259Z,1,1,0.43581146001815796,0.564188539981842
gue_emp_H3K4me1__zhihan1996_DNABERT-2-117M__20260514T113259Z,0,0,0.8881781101226807,0.11182181537151337
gue_emp_H3K4me1__zhihan1996_DNABERT-2-117M__20260514T113259Z,0,0,0.8816148638725281,0.11838508397340775
gue_emp_H3K4me1__zhihan1996_DNABERT-2-117M__20260514T113259Z,1,1,0.22601395845413208,0.7739860415458679
gue_emp_H3K4me1__zhihan1996_DNABERT-2-117M__20260514T113259Z,1,0,0.9370381236076355,0.06296183168888092
gue_emp_H3K4me1__zhihan1996_DNABERT-2-117M__20260514T113259Z,1,1,0.17938674986362457,0.8206132054328918
gue_emp_H3K4me1__zhihan1996_DNABERT-2-117M__20260514T113259Z,1,0,0.6110338568687439,0.3889661133289337
gue_emp_H3K4me1__zhihan1996_DNABERT-2-117M__20260514T113259Z,1,1,0.07416428625583649,0.9258357286453247
gue_emp_H3K4me1__zhihan1996_DNABERT-2-117M__20260514T113259Z,1,1,0.041695769876241684,0.958304226398468
gue_emp_H3K4me1__zhihan1996_DNABERT-2-117M__20260514T113259Z,0,1,0.08137363940477371,0.9186264276504517
gue_emp_H3K4me1__zhihan1996_DNABERT-2-117M__20260514T113259Z,1,0,0.6471295356750488,0.35287052392959595
gue_emp_H3K4me1__zhihan1996_DNABERT-2-117M__20260514T113259Z,1,1,0.09492910653352737,0.9050709009170532
gue_emp_H3K4me1__zhihan1996_DNABERT-2-117M__20260514T113259Z,1,1,0.09025323390960693,0.9097468256950378
gue_emp_H3K4me1__zhihan1996_DNABERT-2-117M__20260514T113259Z,1,1,0.060473889112472534,0.9395261406898499
gue_emp_H3K4me1__zhihan1996_DNABERT-2-117M__20260514T113259Z,1,0,0.8796645402908325,0.1203354075551033
gue_emp_H3K4me1__zhihan1996_DNABERT-2-117M__20260514T113259Z,0,1,0.23048648238182068,0.7695135474205017
gue_emp_H3K4me1__zhihan1996_DNABERT-2-117M__20260514T113259Z,0,0,0.8262215852737427,0.17377839982509613
gue_emp_H3K4me1__zhihan1996_DNABERT-2-117M__20260514T113259Z,1,1,0.3773398995399475,0.6226601004600525
gue_emp_H3K4me1__zhihan1996_DNABERT-2-117M__20260514T113259Z,1,0,0.6839475035667419,0.31605252623558044
gue_emp_H3K4me1__zhihan1996_DNABERT-2-117M__20260514T113259Z,1,1,0.07062366604804993,0.9293763041496277
gue_emp_H3K4me1__zhihan1996_DNABERT-2-117M__20260514T113259Z,1,0,0.9036349058151245,0.09636510908603668
gue_emp_H3K4me1__zhihan1996_DNABERT-2-117M__20260514T113259Z,1,1,0.13534633815288544,0.8646537065505981
gue_emp_H3K4me1__zhihan1996_DNABERT-2-117M__20260514T113259Z,1,1,0.09467770159244537,0.9053223133087158
gue_emp_H3K4me1__zhihan1996_DNABERT-2-117M__20260514T113259Z,0,1,0.13951358199119568,0.8604864478111267
gue_emp_H3K4me1__zhihan1996_DNABERT-2-117M__20260514T113259Z,1,1,0.17210227251052856,0.8278976678848267
gue_emp_H3K4me1__zhihan1996_DNABERT-2-117M__20260514T113259Z,0,1,0.08945459872484207,0.9105454087257385
gue_emp_H3K4me1__zhihan1996_DNABERT-2-117M__20260514T113259Z,0,0,0.921710729598999,0.07828931510448456
gue_emp_H3K4me1__zhihan1996_DNABERT-2-117M__20260514T113259Z,0,0,0.7705511450767517,0.22944888472557068
gue_emp_H3K4me1__zhihan1996_DNABERT-2-117M__20260514T113259Z,0,1,0.2878178358078003,0.7121821045875549
gue_emp_H3K4me1__zhihan1996_DNABERT-2-117M__20260514T113259Z,0,0,0.8910549879074097,0.10894504189491272
gue_emp_H3K4me1__zhihan1996_DNABERT-2-117M__20260514T113259Z,1,0,0.7016108632087708,0.29838910698890686
gue_emp_H3K4me1__zhihan1996_DNABERT-2-117M__20260514T113259Z,0,1,0.13695430755615234,0.8630456924438477
gue_emp_H3K4me1__zhihan1996_DNABERT-2-117M__20260514T113259Z,0,0,0.9785903096199036,0.02140977419912815
gue_emp_H3K4me1__zhihan1996_DNABERT-2-117M__20260514T113259Z,1,1,0.35231322050094604,0.647686779499054
gue_emp_H3K4me1__zhihan1996_DNABERT-2-117M__20260514T113259Z,0,1,0.08945459872484207,0.9105454087257385
gue_emp_H3K4me1__zhihan1996_DNABERT-2-117M__20260514T113259Z,0,0,0.9015746116638184,0.09842541068792343
gue_emp_H3K4me1__zhihan1996_DNABERT-2-117M__20260514T113259Z,0,0,0.9665370583534241,0.03346293792128563
gue_emp_H3K4me1__zhihan1996_DNABERT-2-117M__20260514T113259Z,1,1,0.0468120314180851,0.9531880021095276
gue_emp_H3K4me1__zhihan1996_DNABERT-2-117M__20260514T113259Z,1,1,0.14080817997455597,0.8591918349266052
gue_emp_H3K4me1__zhihan1996_DNABERT-2-117M__20260514T113259Z,1,1,0.18184363842010498,0.818156361579895
gue_emp_H3K4me1__zhihan1996_DNABERT-2-117M__20260514T113259Z,0,0,0.8633340001106262,0.13666598498821259
gue_emp_H3K4me1__zhihan1996_DNABERT-2-117M__20260514T113259Z,0,0,0.8424099683761597,0.1575900763273239
gue_emp_H3K4me1__zhihan1996_DNABERT-2-117M__20260514T113259Z,0,1,0.4978180229663849,0.5021820068359375
gue_emp_H3K4me1__zhihan1996_DNABERT-2-117M__20260514T113259Z,1,1,0.1364932656288147,0.8635067343711853
gue_emp_H3K4me1__zhihan1996_DNABERT-2-117M__20260514T113259Z,1,1,0.06891249865293503,0.9310875535011292
gue_emp_H3K4me1__zhihan1996_DNABERT-2-117M__20260514T113259Z,0,0,0.8393393158912659,0.16066069900989532
gue_emp_H3K4me1__zhihan1996_DNABERT-2-117M__20260514T113259Z,0,0,0.8266417980194092,0.17335817217826843
gue_emp_H3K4me1__zhihan1996_DNABERT-2-117M__20260514T113259Z,1,1,0.29639962315559387,0.7036004066467285
gue_emp_H3K4me1__zhihan1996_DNABERT-2-117M__20260514T113259Z,1,0,0.6287778615951538,0.3712221384048462
gue_emp_H3K4me1__zhihan1996_DNABERT-2-117M__20260514T113259Z,1,1,0.34163740277290344,0.6583625674247742
gue_emp_H3K4me1__zhihan1996_DNABERT-2-117M__20260514T113259Z,1,1,0.35231322050094604,0.647686779499054
gue_emp_H3K4me1__zhihan1996_DNABERT-2-117M__20260514T113259Z,0,0,0.8572908639907837,0.1427091360092163
gue_emp_H3K4me1__zhihan1996_DNABERT-2-117M__20260514T113259Z,1,0,0.8171371221542358,0.18286287784576416
gue_emp_H3K4me1__zhihan1996_DNABERT-2-117M__20260514T113259Z,1,1,0.15109039843082428,0.8489096164703369
gue_emp_H3K4me1__zhihan1996_DNABERT-2-117M__20260514T113259Z,0,1,0.33889710903167725,0.6611028909683228
gue_emp_H3K4me1__zhihan1996_DNABERT-2-117M__20260514T113259Z,1,1,0.04940524324774742,0.9505947232246399
gue_emp_H3K4me1__zhihan1996_DNABERT-2-117M__20260514T113259Z,1,1,0.09938276559114456,0.9006171822547913
gue_emp_H3K4me1__zhihan1996_DNABERT-2-117M__20260514T113259Z,0,0,0.9672560095787048,0.032744038850069046
gue_emp_H3K4me1__zhihan1996_DNABERT-2-117M__20260514T113259Z,0,1,0.4998779296875,0.5001220107078552
gue_emp_H3K4me1__zhihan1996_DNABERT-2-117M__20260514T113259Z,1,1,0.13268303871154785,0.8673169612884521
gue_emp_H3K4me1__zhihan1996_DNABERT-2-117M__20260514T113259Z,0,0,0.8945133090019226,0.10548665374517441
gue_emp_H3K4me1__zhihan1996_DNABERT-2-117M__20260514T113259Z,0,0,0.9095863103866577,0.09041372686624527
gue_emp_H3K4me1__zhihan1996_DNABERT-2-117M__20260514T113259Z,1,1,0.07640768587589264,0.9235922694206238
gue_emp_H3K4me1__zhihan1996_DNABERT-2-117M__20260514T113259Z,0,0,0.685370683670044,0.31462937593460083
gue_emp_H3K4me1__zhihan1996_DNABERT-2-117M__20260514T113259Z,1,1,0.10356715321540833,0.8964328765869141
gue_emp_H3K4me1__zhihan1996_DNABERT-2-117M__20260514T113259Z,1,1,0.07647661864757538,0.9235233068466187
gue_emp_H3K4me1__zhihan1996_DNABERT-2-117M__20260514T113259Z,0,0,0.708716869354248,0.29128316044807434
gue_emp_H3K4me1__zhihan1996_DNABERT-2-117M__20260514T113259Z,1,1,0.0684129074215889,0.9315870404243469
gue_emp_H3K4me1__zhihan1996_DNABERT-2-117M__20260514T113259Z,0,0,0.9659639000892639,0.03403615206480026
gue_emp_H3K4me1__zhihan1996_DNABERT-2-117M__20260514T113259Z,0,0,0.7419545650482178,0.25804540514945984
gue_emp_H3K4me1__zhihan1996_DNABERT-2-117M__20260514T113259Z,1,0,0.8611299395561218,0.1388700306415558
gue_emp_H3K4me1__zhihan1996_DNABERT-2-117M__20260514T113259Z,0,0,0.850902795791626,0.1490972340106964
gue_emp_H3K4me1__zhihan1996_DNABERT-2-117M__20260514T113259Z,1,1,0.09113915264606476,0.9088609218597412
gue_emp_H3K4me1__zhihan1996_DNABERT-2-117M__20260514T113259Z,0,1,0.34554681181907654,0.6544531583786011
gue_emp_H3K4me1__zhihan1996_DNABERT-2-117M__20260514T113259Z,0,1,0.2898237407207489,0.7101762890815735
gue_emp_H3K4me1__zhihan1996_DNABERT-2-117M__20260514T113259Z,0,0,0.7393282651901245,0.2606716752052307
gue_emp_H3K4me1__zhihan1996_DNABERT-2-117M__20260514T113259Z,1,1,0.1886974573135376,0.8113025426864624
gue_emp_H3K4me1__zhihan1996_DNABERT-2-117M__20260514T113259Z,0,1,0.3296074867248535,0.6703925132751465
gue_emp_H3K4me1__zhihan1996_DNABERT-2-117M__20260514T113259Z,1,1,0.04569203034043312,0.954308032989502
gue_emp_H3K4me1__zhihan1996_DNABERT-2-117M__20260514T113259Z,1,1,0.10650458931922913,0.8934953808784485
gue_emp_H3K4me1__zhihan1996_DNABERT-2-117M__20260514T113259Z,1,0,0.8324410915374756,0.1675589233636856
gue_emp_H3K4me1__zhihan1996_DNABERT-2-117M__20260514T113259Z,0,1,0.2170884609222412,0.7829115986824036
gue_emp_H3K4me1__zhihan1996_DNABERT-2-117M__20260514T113259Z,0,1,0.1062261164188385,0.8937739133834839
gue_emp_H3K4me1__zhihan1996_DNABERT-2-117M__20260514T113259Z,1,1,0.07661467790603638,0.9233852624893188
gue_emp_H3K4me1__zhihan1996_DNABERT-2-117M__20260514T113259Z,1,1,0.06330841034650803,0.9366915822029114
gue_emp_H3K4me1__zhihan1996_DNABERT-2-117M__20260514T113259Z,0,1,0.15520647168159485,0.8447935581207275
gue_emp_H3K4me1__zhihan1996_DNABERT-2-117M__20260514T113259Z,0,0,0.9755303859710693,0.02446967177093029
gue_emp_H3K4me1__zhihan1996_DNABERT-2-117M__20260514T113259Z,0,0,0.8726732134819031,0.12732674181461334
gue_emp_H3K4me1__zhihan1996_DNABERT-2-117M__20260514T113259Z,1,1,0.07640768587589264,0.9235922694206238
gue_emp_H3K4me1__zhihan1996_DNABERT-2-117M__20260514T113259Z,0,1,0.059701740741729736,0.940298318862915
gue_emp_H3K4me1__zhihan1996_DNABERT-2-117M__20260514T113259Z,0,0,0.6644314527511597,0.33556854724884033
gue_emp_H3K4me1__zhihan1996_DNABERT-2-117M__20260514T113259Z,0,1,0.10725032538175583,0.8927496671676636
gue_emp_H3K4me1__zhihan1996_DNABERT-2-117M__20260514T113259Z,1,1,0.34284651279449463,0.6571534872055054
gue_emp_H3K4me1__zhihan1996_DNABERT-2-117M__20260514T113259Z,1,1,0.05281401798129082,0.9471859931945801
gue_emp_H3K4me1__zhihan1996_DNABERT-2-117M__20260514T113259Z,0,0,0.9185534119606018,0.08144666254520416
gue_emp_H3K4me1__zhihan1996_DNABERT-2-117M__20260514T113259Z,1,1,0.06804041564464569,0.9319595694541931
gue_emp_H3K4me1__zhihan1996_DNABERT-2-117M__20260514T113259Z,0,1,0.32944563031196594,0.6705543398857117
gue_emp_H3K4me1__zhihan1996_DNABERT-2-117M__20260514T113259Z,1,1,0.09628009796142578,0.9037198424339294
gue_emp_H3K4me1__zhihan1996_DNABERT-2-117M__20260514T113259Z,1,1,0.09301679581403732,0.9069831967353821
gue_emp_H3K4me1__zhihan1996_DNABERT-2-117M__20260514T113259Z,1,1,0.14253002405166626,0.8574699759483337
gue_emp_H3K4me1__zhihan1996_DNABERT-2-117M__20260514T113259Z,0,1,0.36048904061317444,0.639510989189148
gue_emp_H3K4me1__zhihan1996_DNABERT-2-117M__20260514T113259Z,0,0,0.8974258899688721,0.10257407277822495
gue_emp_H3K4me1__zhihan1996_DNABERT-2-117M__20260514T113259Z,1,1,0.04377273842692375,0.9562273025512695
gue_emp_H3K4me1__zhihan1996_DNABERT-2-117M__20260514T113259Z,0,0,0.5436432361602783,0.4563567638397217
gue_emp_H3K4me1__zhihan1996_DNABERT-2-117M__20260514T113259Z,1,1,0.40748074650764465,0.5925192832946777
gue_emp_H3K4me1__zhihan1996_DNABERT-2-117M__20260514T113259Z,0,0,0.951096773147583,0.048903174698352814
gue_emp_H3K4me1__zhihan1996_DNABERT-2-117M__20260514T113259Z,0,1,0.08601587265729904,0.9139840602874756
gue_emp_H3K4me1__zhihan1996_DNABERT-2-117M__20260514T113259Z,0,0,0.6577033400535583,0.34229668974876404
gue_emp_H3K4me1__zhihan1996_DNABERT-2-117M__20260514T113259Z,1,0,0.9610249400138855,0.0389750711619854
gue_emp_H3K4me1__zhihan1996_DNABERT-2-117M__20260514T113259Z,0,1,0.49418285489082336,0.5058171153068542
gue_emp_H3K4me1__zhihan1996_DNABERT-2-117M__20260514T113259Z,1,1,0.13683892786502838,0.8631610870361328
gue_emp_H3K4me1__zhihan1996_DNABERT-2-117M__20260514T113259Z,0,0,0.9537512063980103,0.04624880850315094
gue_emp_H3K4me1__zhihan1996_DNABERT-2-117M__20260514T113259Z,1,1,0.12331283092498779,0.8766871094703674
gue_emp_H3K4me1__zhihan1996_DNABERT-2-117M__20260514T113259Z,0,0,0.6475196480751038,0.35248032212257385
gue_emp_H3K4me1__zhihan1996_DNABERT-2-117M__20260514T113259Z,0,1,0.35437721014022827,0.6456227898597717
gue_emp_H3K4me1__zhihan1996_DNABERT-2-117M__20260514T113259Z,1,1,0.3666747808456421,0.6333252191543579
gue_emp_H3K4me1__zhihan1996_DNABERT-2-117M__20260514T113259Z,1,0,0.8836884498596191,0.11631157994270325
gue_emp_H3K4me1__zhihan1996_DNABERT-2-117M__20260514T113259Z,1,1,0.1844000518321991,0.8155999779701233
gue_emp_H3K4me1__zhihan1996_DNABERT-2-117M__20260514T113259Z,0,1,0.20465964078903198,0.795340359210968
gue_emp_H3K4me1__zhihan1996_DNABERT-2-117M__20260514T113259Z,0,0,0.742888331413269,0.25711166858673096
gue_emp_H3K4me1__zhihan1996_DNABERT-2-117M__20260514T113259Z,0,0,0.9671319723129272,0.03286798298358917
gue_emp_H3K4me1__zhihan1996_DNABERT-2-117M__20260514T113259Z,0,0,0.9336731433868408,0.06632687896490097
gue_emp_H3K4me1__zhihan1996_DNABERT-2-117M__20260514T113259Z,0,0,0.9122018218040466,0.08779819309711456
gue_emp_H3K4me1__zhihan1996_DNABERT-2-117M__20260514T113259Z,1,0,0.7644522786140442,0.2355477213859558
gue_emp_H3K4me1__zhihan1996_DNABERT-2-117M__20260514T113259Z,0,1,0.41834041476249695,0.5816595554351807
gue_emp_H3K4me1__zhihan1996_DNABERT-2-117M__20260514T113259Z,1,1,0.3402111232280731,0.6597889065742493
gue_emp_H3K4me1__zhihan1996_DNABERT-2-117M__20260514T113259Z,1,1,0.06058495119214058,0.9394150376319885
gue_emp_H3K4me1__zhihan1996_DNABERT-2-117M__20260514T113259Z,0,0,0.961243748664856,0.03875619173049927
gue_emp_H3K4me1__zhihan1996_DNABERT-2-117M__20260514T113259Z,0,0,0.920647144317627,0.07935290038585663
gue_emp_H3K4me1__zhihan1996_DNABERT-2-117M__20260514T113259Z,1,1,0.08725224435329437,0.9127477407455444
gue_emp_H3K4me1__zhihan1996_DNABERT-2-117M__20260514T113259Z,1,1,0.167763352394104,0.8322367072105408
gue_emp_H3K4me1__zhihan1996_DNABERT-2-117M__20260514T113259Z,1,1,0.44230523705482483,0.5576947331428528
gue_emp_H3K4me1__zhihan1996_DNABERT-2-117M__20260514T113259Z,0,0,0.9390807151794434,0.06091929227113724
gue_emp_H3K4me1__zhihan1996_DNABERT-2-117M__20260514T113259Z,1,1,0.07270251959562302,0.9272975325584412
gue_emp_H3K4me1__zhihan1996_DNABERT-2-117M__20260514T113259Z,0,1,0.04573463276028633,0.9542653560638428
gue_emp_H3K4me1__zhihan1996_DNABERT-2-117M__20260514T113259Z,1,1,0.11269772052764893,0.8873022794723511
gue_emp_H3K4me1__zhihan1996_DNABERT-2-117M__20260514T113259Z,0,0,0.7849790453910828,0.21502089500427246
gue_emp_H3K4me1__zhihan1996_DNABERT-2-117M__20260514T113259Z,0,1,0.2913839817047119,0.7086160182952881
gue_emp_H3K4me1__zhihan1996_DNABERT-2-117M__20260514T113259Z,1,1,0.06354044377803802,0.9364595413208008
gue_emp_H3K4me1__zhihan1996_DNABERT-2-117M__20260514T113259Z,1,1,0.06284669786691666,0.9371532797813416
gue_emp_H3K4me1__zhihan1996_DNABERT-2-117M__20260514T113259Z,0,0,0.9731132388114929,0.026886744424700737
gue_emp_H3K4me1__zhihan1996_DNABERT-2-117M__20260514T113259Z,1,1,0.10734386742115021,0.8926560878753662
gue_emp_H3K4me1__zhihan1996_DNABERT-2-117M__20260514T113259Z,0,0,0.8927496671676636,0.10725032538175583
gue_emp_H3K4me1__zhihan1996_DNABERT-2-117M__20260514T113259Z,1,1,0.05515776947140694,0.9448422193527222
gue_emp_H3K4me1__zhihan1996_DNABERT-2-117M__20260514T113259Z,0,1,0.09309922903776169,0.9069007635116577
gue_emp_H3K4me1__zhihan1996_DNABERT-2-117M__20260514T113259Z,1,0,0.8597226738929749,0.14027737081050873
gue_emp_H3K4me1__zhihan1996_DNABERT-2-117M__20260514T113259Z,1,1,0.09326425939798355,0.9067357778549194
gue_emp_H3K4me1__zhihan1996_DNABERT-2-117M__20260514T113259Z,1,1,0.12373573333024979,0.876264214515686
gue_emp_H3K4me1__zhihan1996_DNABERT-2-117M__20260514T113259Z,0,0,0.9687380790710449,0.03126191347837448
gue_emp_H3K4me1__zhihan1996_DNABERT-2-117M__20260514T113259Z,1,0,0.8151589035987854,0.1848410665988922
gue_emp_H3K4me1__zhihan1996_DNABERT-2-117M__20260514T113259Z,0,1,0.07237402349710464,0.9276259541511536
gue_emp_H3K4me1__zhihan1996_DNABERT-2-117M__20260514T113259Z,0,0,0.7807461023330688,0.21925392746925354
gue_emp_H3K4me1__zhihan1996_DNABERT-2-117M__20260514T113259Z,1,0,0.807612419128418,0.19238758087158203
gue_emp_H3K4me1__zhihan1996_DNABERT-2-117M__20260514T113259Z,1,1,0.18025091290473938,0.819749116897583
gue_emp_H3K4me1__zhihan1996_DNABERT-2-117M__20260514T113259Z,0,0,0.5116937160491943,0.48830628395080566
gue_emp_H3K4me1__zhihan1996_DNABERT-2-117M__20260514T113259Z,1,1,0.31578871607780457,0.684211254119873
gue_emp_H3K4me1__zhihan1996_DNABERT-2-117M__20260514T113259Z,0,0,0.5969913005828857,0.40300872921943665
gue_emp_H3K4me1__zhihan1996_DNABERT-2-117M__20260514T113259Z,0,1,0.07068779319524765,0.9293122291564941
gue_emp_H3K4me1__zhihan1996_DNABERT-2-117M__20260514T113259Z,1,1,0.05189348757266998,0.9481064677238464
gue_emp_H3K4me1__zhihan1996_DNABERT-2-117M__20260514T113259Z,1,1,0.17745424807071686,0.8225457668304443
gue_emp_H3K4me1__zhihan1996_DNABERT-2-117M__20260514T113259Z,1,1,0.07906799763441086,0.9209320545196533
gue_emp_H3K4me1__zhihan1996_DNABERT-2-117M__20260514T113259Z,0,0,0.8653379082679749,0.13466209173202515
gue_emp_H3K4me1__zhihan1996_DNABERT-2-117M__20260514T113259Z,0,1,0.2595440447330475,0.7404559850692749
gue_emp_H3K4me1__zhihan1996_DNABERT-2-117M__20260514T113259Z,0,1,0.3072021007537842,0.6927978992462158
gue_emp_H3K4me1__zhihan1996_DNABERT-2-117M__20260514T113259Z,1,1,0.11951086670160294,0.8804891109466553
gue_emp_H3K4me1__zhihan1996_DNABERT-2-117M__20260514T113259Z,1,1,0.3078260123729706,0.6921740174293518
gue_emp_H3K4me1__zhihan1996_DNABERT-2-117M__20260514T113259Z,0,0,0.9540517926216125,0.04594820365309715
gue_emp_H3K4me1__zhihan1996_DNABERT-2-117M__20260514T113259Z,1,1,0.060086652636528015,0.9399133324623108
gue_emp_H3K4me1__zhihan1996_DNABERT-2-117M__20260514T113259Z,1,1,0.058560825884342194,0.941439151763916
gue_emp_H3K4me1__zhihan1996_DNABERT-2-117M__20260514T113259Z,1,1,0.09653531014919281,0.903464674949646
gue_emp_H3K4me1__zhihan1996_DNABERT-2-117M__20260514T113259Z,1,1,0.10781263560056686,0.8921873569488525
gue_emp_H3K4me1__zhihan1996_DNABERT-2-117M__20260514T113259Z,0,1,0.20102782547473907,0.7989721894264221
gue_emp_H3K4me1__zhihan1996_DNABERT-2-117M__20260514T113259Z,0,0,0.9086179733276367,0.09138209372758865
gue_emp_H3K4me1__zhihan1996_DNABERT-2-117M__20260514T113259Z,0,0,0.9094254970550537,0.0905744805932045
gue_emp_H3K4me1__zhihan1996_DNABERT-2-117M__20260514T113259Z,0,0,0.8615382313728333,0.13846179842948914
gue_emp_H3K4me1__zhihan1996_DNABERT-2-117M__20260514T113259Z,1,0,0.8911496996879578,0.10885028541088104
gue_emp_H3K4me1__zhihan1996_DNABERT-2-117M__20260514T113259Z,0,1,0.11367794126272202,0.8863220810890198
gue_emp_H3K4me1__zhihan1996_DNABERT-2-117M__20260514T113259Z,1,1,0.07647661864757538,0.9235233068466187
gue_emp_H3K4me1__zhihan1996_DNABERT-2-117M__20260514T113259Z,0,0,0.9085367321968079,0.09146322309970856
gue_emp_H3K4me1__zhihan1996_DNABERT-2-117M__20260514T113259Z,0,0,0.8513358235359192,0.14866413176059723
gue_emp_H3K4me1__zhihan1996_DNABERT-2-117M__20260514T113259Z,1,1,0.3440026044845581,0.6559974551200867
gue_emp_H3K4me1__zhihan1996_DNABERT-2-117M__20260514T113259Z,1,1,0.04414209723472595,0.9558579325675964
gue_emp_H3K4me1__zhihan1996_DNABERT-2-117M__20260514T113259Z,0,0,0.8401278853416443,0.1598721444606781
gue_emp_H3K4me1__zhihan1996_DNABERT-2-117M__20260514T113259Z,0,1,0.07483763247728348,0.9251623749732971
gue_emp_H3K4me1__zhihan1996_DNABERT-2-117M__20260514T113259Z,1,1,0.11476478725671768,0.8852352499961853
gue_emp_H3K4me1__zhihan1996_DNABERT-2-117M__20260514T113259Z,0,1,0.051082734018564224,0.9489172697067261
gue_emp_H3K4me1__zhihan1996_DNABERT-2-117M__20260514T113259Z,0,1,0.045183759182691574,0.9548162817955017
gue_emp_H3K4me1__zhihan1996_DNABERT-2-117M__20260514T113259Z,1,0,0.9358759522438049,0.06412401050329208
gue_emp_H3K4me1__zhihan1996_DNABERT-2-117M__20260514T113259Z,1,1,0.12262824177742004,0.8773717284202576
gue_emp_H3K4me1__zhihan1996_DNABERT-2-117M__20260514T113259Z,1,1,0.04899410158395767,0.9510058760643005
gue_emp_H3K4me1__zhihan1996_DNABERT-2-117M__20260514T113259Z,1,1,0.06804041564464569,0.9319595694541931
gue_emp_H3K4me1__zhihan1996_DNABERT-2-117M__20260514T113259Z,0,0,0.948775053024292,0.051224928349256516
gue_emp_H3K4me1__zhihan1996_DNABERT-2-117M__20260514T113259Z,1,1,0.0928521603345871,0.9071478247642517
gue_emp_H3K4me1__zhihan1996_DNABERT-2-117M__20260514T113259Z,1,0,0.6784334778785706,0.32156652212142944
gue_emp_H3K4me1__zhihan1996_DNABERT-2-117M__20260514T113259Z,1,1,0.04324442148208618,0.9567555785179138
gue_emp_H3K4me1__zhihan1996_DNABERT-2-117M__20260514T113259Z,0,0,0.9685600996017456,0.031439848244190216
gue_emp_H3K4me1__zhihan1996_DNABERT-2-117M__20260514T113259Z,1,1,0.3458781838417053,0.6541218757629395
gue_emp_H3K4me1__zhihan1996_DNABERT-2-117M__20260514T113259Z,1,1,0.06760823726654053,0.9323918223381042
gue_emp_H3K4me1__zhihan1996_DNABERT-2-117M__20260514T113259Z,0,0,0.843508780002594,0.1564912348985672
gue_emp_H3K4me1__zhihan1996_DNABERT-2-117M__20260514T113259Z,1,1,0.104843370616436,0.8951566815376282
gue_emp_H3K4me1__zhihan1996_DNABERT-2-117M__20260514T113259Z,1,1,0.2546016275882721,0.7453983426094055
gue_emp_H3K4me1__zhihan1996_DNABERT-2-117M__20260514T113259Z,0,1,0.04845096170902252,0.9515490531921387
gue_emp_H3K4me1__zhihan1996_DNABERT-2-117M__20260514T113259Z,1,1,0.060473889112472534,0.9395261406898499
gue_emp_H3K4me1__zhihan1996_DNABERT-2-117M__20260514T113259Z,1,1,0.09392703324556351,0.9060729146003723
gue_emp_H3K4me1__zhihan1996_DNABERT-2-117M__20260514T113259Z,1,1,0.2285006195306778,0.7714993357658386
gue_emp_H3K4me1__zhihan1996_DNABERT-2-117M__20260514T113259Z,1,1,0.17652960121631622,0.823470413684845
gue_emp_H3K4me1__zhihan1996_DNABERT-2-117M__20260514T113259Z,1,1,0.05042406544089317,0.9495759606361389
gue_emp_H3K4me1__zhihan1996_DNABERT-2-117M__20260514T113259Z,1,1,0.08834722638130188,0.9116528034210205
gue_emp_H3K4me1__zhihan1996_DNABERT-2-117M__20260514T113259Z,0,0,0.7007924318313599,0.29920756816864014
gue_emp_H3K4me1__zhihan1996_DNABERT-2-117M__20260514T113259Z,1,1,0.10356715321540833,0.8964328765869141
gue_emp_H3K4me1__zhihan1996_DNABERT-2-117M__20260514T113259Z,0,0,0.9705764651298523,0.029423581436276436
gue_emp_H3K4me1__zhihan1996_DNABERT-2-117M__20260514T113259Z,1,1,0.07758752256631851,0.9224124550819397
gue_emp_H3K4me1__zhihan1996_DNABERT-2-117M__20260514T113259Z,1,1,0.06216002628207207,0.9378399848937988
gue_emp_H3K4me1__zhihan1996_DNABERT-2-117M__20260514T113259Z,1,1,0.0960254892706871,0.9039745330810547
gue_emp_H3K4me1__zhihan1996_DNABERT-2-117M__20260514T113259Z,1,1,0.3360586166381836,0.6639413237571716
gue_emp_H3K4me1__zhihan1996_DNABERT-2-117M__20260514T113259Z,0,0,0.9742639064788818,0.025736059993505478
gue_emp_H3K4me1__zhihan1996_DNABERT-2-117M__20260514T113259Z,1,1,0.1703009307384491,0.8296990990638733
gue_emp_H3K4me1__zhihan1996_DNABERT-2-117M__20260514T113259Z,0,1,0.12629945576190948,0.8737005591392517
gue_emp_H3K4me1__zhihan1996_DNABERT-2-117M__20260514T113259Z,1,0,0.5388922095298767,0.4611077904701233
gue_emp_H3K4me1__zhihan1996_DNABERT-2-117M__20260514T113259Z,0,1,0.4401533901691437,0.5598466396331787
gue_emp_H3K4me1__zhihan1996_DNABERT-2-117M__20260514T113259Z,0,0,0.9485372304916382,0.05146276578307152
gue_emp_H3K4me1__zhihan1996_DNABERT-2-117M__20260514T113259Z,1,1,0.15713685750961304,0.842863142490387
gue_emp_H3K4me1__zhihan1996_DNABERT-2-117M__20260514T113259Z,1,1,0.08647764474153519,0.9135223627090454
gue_emp_H3K4me1__zhihan1996_DNABERT-2-117M__20260514T113259Z,0,1,0.21345916390419006,0.7865408658981323
gue_emp_H3K4me1__zhihan1996_DNABERT-2-117M__20260514T113259Z,0,0,0.9625324606895447,0.037467509508132935
gue_emp_H3K4me1__zhihan1996_DNABERT-2-117M__20260514T113259Z,1,1,0.19140323996543884,0.8085967898368835
gue_emp_H3K4me1__zhihan1996_DNABERT-2-117M__20260514T113259Z,1,0,0.6152323484420776,0.3847676217556
gue_emp_H3K4me1__zhihan1996_DNABERT-2-117M__20260514T113259Z,0,0,0.9286680221557617,0.07133200019598007
gue_emp_H3K4me1__zhihan1996_DNABERT-2-117M__20260514T113259Z,1,0,0.9343951344490051,0.06560483574867249
gue_emp_H3K4me1__zhihan1996_DNABERT-2-117M__20260514T113259Z,1,1,0.1722414493560791,0.8277585506439209
gue_emp_H3K4me1__zhihan1996_DNABERT-2-117M__20260514T113259Z,0,0,0.9505029916763306,0.049497056752443314
gue_emp_H3K4me1__zhihan1996_DNABERT-2-117M__20260514T113259Z,1,1,0.08441724628210068,0.9155827760696411
gue_emp_H3K4me1__zhihan1996_DNABERT-2-117M__20260514T113259Z,0,0,0.8907702565193176,0.10922978073358536
gue_emp_H3K4me1__zhihan1996_DNABERT-2-117M__20260514T113259Z,1,1,0.08254930377006531,0.9174507260322571
gue_emp_H3K4me1__zhihan1996_DNABERT-2-117M__20260514T113259Z,1,1,0.11951086670160294,0.8804891109466553
gue_emp_H3K4me1__zhihan1996_DNABERT-2-117M__20260514T113259Z,1,0,0.9660280346870422,0.03397199511528015
gue_emp_H3K4me1__zhihan1996_DNABERT-2-117M__20260514T113259Z,0,0,0.967777669429779,0.03222229704260826
gue_emp_H3K4me1__zhihan1996_DNABERT-2-117M__20260514T113259Z,0,1,0.4083947539329529,0.5916053056716919
gue_emp_H3K4me1__zhihan1996_DNABERT-2-117M__20260514T113259Z,0,0,0.7957375049591064,0.20426252484321594
gue_emp_H3K4me1__zhihan1996_DNABERT-2-117M__20260514T113259Z,0,1,0.49554452300071716,0.5044554471969604
gue_emp_H3K4me1__zhihan1996_DNABERT-2-117M__20260514T113259Z,0,0,0.5193727612495422,0.4806272089481354
gue_emp_H3K4me1__zhihan1996_DNABERT-2-117M__20260514T113259Z,1,1,0.05964694544672966,0.9403530955314636
gue_emp_H3K4me1__zhihan1996_DNABERT-2-117M__20260514T113259Z,0,0,0.9330658316612244,0.06693421304225922
gue_emp_H3K4me1__zhihan1996_DNABERT-2-117M__20260514T113259Z,1,1,0.05733473226428032,0.9426653385162354
gue_emp_H3K4me1__zhihan1996_DNABERT-2-117M__20260514T113259Z,1,0,0.5038909316062927,0.49610909819602966
gue_emp_H3K4me1__zhihan1996_DNABERT-2-117M__20260514T113259Z,1,1,0.07730842381715775,0.9226915836334229
gue_emp_H3K4me1__zhihan1996_DNABERT-2-117M__20260514T113259Z,0,0,0.888372004032135,0.11162799596786499
gue_emp_H3K4me1__zhihan1996_DNABERT-2-117M__20260514T113259Z,0,0,0.5921655297279358,0.4078344702720642
gue_emp_H3K4me1__zhihan1996_DNABERT-2-117M__20260514T113259Z,1,1,0.0974762812256813,0.9025237560272217
gue_emp_H3K4me1__zhihan1996_DNABERT-2-117M__20260514T113259Z,0,0,0.9721779823303223,0.02782202512025833
gue_emp_H3K4me1__zhihan1996_DNABERT-2-117M__20260514T113259Z,0,0,0.9780936241149902,0.02190636470913887
gue_emp_H3K4me1__zhihan1996_DNABERT-2-117M__20260514T113259Z,1,1,0.07107367366552353,0.9289263486862183
gue_emp_H3K4me1__zhihan1996_DNABERT-2-117M__20260514T113259Z,1,1,0.13279545307159424,0.867204487323761
gue_emp_H3K4me1__zhihan1996_DNABERT-2-117M__20260514T113259Z,1,1,0.07423137128353119,0.9257686138153076
gue_emp_H3K4me1__zhihan1996_DNABERT-2-117M__20260514T113259Z,1,0,0.5641285181045532,0.4358714818954468
gue_emp_H3K4me1__zhihan1996_DNABERT-2-117M__20260514T113259Z,1,1,0.2954331338405609,0.7045668363571167
gue_emp_H3K4me1__zhihan1996_DNABERT-2-117M__20260514T113259Z,1,0,0.7827455401420593,0.21725448966026306
gue_emp_H3K4me1__zhihan1996_DNABERT-2-117M__20260514T113259Z,0,0,0.7885017395019531,0.2114982306957245
gue_emp_H3K4me1__zhihan1996_DNABERT-2-117M__20260514T113259Z,1,0,0.8054792284965515,0.19452078640460968
gue_emp_H3K4me1__zhihan1996_DNABERT-2-117M__20260514T113259Z,0,1,0.05910154804587364,0.9408984184265137
gue_emp_H3K4me1__zhihan1996_DNABERT-2-117M__20260514T113259Z,0,0,0.7148768901824951,0.2851230800151825
gue_emp_H3K4me1__zhihan1996_DNABERT-2-117M__20260514T113259Z,1,1,0.0568091943860054,0.9431908130645752
gue_emp_H3K4me1__zhihan1996_DNABERT-2-117M__20260514T113259Z,0,1,0.39466747641563416,0.6053325533866882
gue_emp_H3K4me1__zhihan1996_DNABERT-2-117M__20260514T113259Z,1,0,0.9694690108299255,0.030530942603945732
gue_emp_H3K4me1__zhihan1996_DNABERT-2-117M__20260514T113259Z,0,0,0.9527941942214966,0.04720577225089073
gue_emp_H3K4me1__zhihan1996_DNABERT-2-117M__20260514T113259Z,1,1,0.25045421719551086,0.7495458126068115
gue_emp_H3K4me1__zhihan1996_DNABERT-2-117M__20260514T113259Z,0,1,0.10847194492816925,0.8915280699729919
gue_emp_H3K4me1__zhihan1996_DNABERT-2-117M__20260514T113259Z,1,1,0.4307907521724701,0.5692092180252075
gue_emp_H3K4me1__zhihan1996_DNABERT-2-117M__20260514T113259Z,1,1,0.08262328058481216,0.917376697063446
gue_emp_H3K4me1__zhihan1996_DNABERT-2-117M__20260514T113259Z,1,1,0.03923192620277405,0.9607680439949036
gue_emp_H3K4me1__zhihan1996_DNABERT-2-117M__20260514T113259Z,1,1,0.09170696884393692,0.9082930684089661
gue_emp_H3K4me1__zhihan1996_DNABERT-2-117M__20260514T113259Z,0,1,0.18907149136066437,0.8109285235404968
gue_emp_H3K4me1__zhihan1996_DNABERT-2-117M__20260514T113259Z,0,0,0.9518632292747498,0.048136770725250244
gue_emp_H3K4me1__zhihan1996_DNABERT-2-117M__20260514T113259Z,1,1,0.0636567622423172,0.9363431930541992
gue_emp_H3K4me1__zhihan1996_DNABERT-2-117M__20260514T113259Z,0,0,0.973087728023529,0.026912305504083633
gue_emp_H3K4me1__zhihan1996_DNABERT-2-117M__20260514T113259Z,1,1,0.13223415613174438,0.8677658438682556
gue_emp_H3K4me1__zhihan1996_DNABERT-2-117M__20260514T113259Z,0,1,0.07217757403850555,0.927822470664978
gue_emp_H3K4me1__zhihan1996_DNABERT-2-117M__20260514T113259Z,0,0,0.854763388633728,0.1452365517616272
gue_emp_H3K4me1__zhihan1996_DNABERT-2-117M__20260514T113259Z,0,0,0.5673224329948425,0.4326775372028351
gue_emp_H3K4me1__zhihan1996_DNABERT-2-117M__20260514T113259Z,0,0,0.9478657245635986,0.052134256809949875
gue_emp_H3K4me1__zhihan1996_DNABERT-2-117M__20260514T113259Z,0,0,0.9531880021095276,0.0468120314180851
gue_emp_H3K4me1__zhihan1996_DNABERT-2-117M__20260514T113259Z,0,0,0.9212159514427185,0.0787840187549591
gue_emp_H3K4me1__zhihan1996_DNABERT-2-117M__20260514T113259Z,0,0,0.6064401865005493,0.3935597836971283
gue_emp_H3K4me1__zhihan1996_DNABERT-2-117M__20260514T113259Z,0,0,0.786786675453186,0.21321327984333038
gue_emp_H3K4me1__zhihan1996_DNABERT-2-117M__20260514T113259Z,1,0,0.5060040354728699,0.4939959645271301
gue_emp_H3K4me1__zhihan1996_DNABERT-2-117M__20260514T113259Z,0,0,0.5322940945625305,0.46770593523979187
gue_emp_H3K4me1__zhihan1996_DNABERT-2-117M__20260514T113259Z,1,1,0.09696201235055923,0.903037965297699
gue_emp_H3K4me1__zhihan1996_DNABERT-2-117M__20260514T113259Z,0,0,0.5467532873153687,0.45324674248695374
gue_emp_H3K4me1__zhihan1996_DNABERT-2-117M__20260514T113259Z,1,1,0.20378674566745758,0.7962132096290588
gue_emp_H3K4me1__zhihan1996_DNABERT-2-117M__20260514T113259Z,1,0,0.8648250102996826,0.13517498970031738
gue_emp_H3K4me1__zhihan1996_DNABERT-2-117M__20260514T113259Z,1,1,0.1119188517332077,0.8880811929702759
gue_emp_H3K4me1__zhihan1996_DNABERT-2-117M__20260514T113259Z,1,0,0.9409527778625488,0.059047263115644455
gue_emp_H3K4me1__zhihan1996_DNABERT-2-117M__20260514T113259Z,1,0,0.897784948348999,0.10221505165100098
gue_emp_H3K4me1__zhihan1996_DNABERT-2-117M__20260514T113259Z,0,0,0.953665018081665,0.04633503779768944
gue_emp_H3K4me1__zhihan1996_DNABERT-2-117M__20260514T113259Z,1,1,0.19291919469833374,0.8070808053016663
gue_emp_H3K4me1__zhihan1996_DNABERT-2-117M__20260514T113259Z,0,0,0.8096525073051453,0.19034747779369354
gue_emp_H3K4me1__zhihan1996_DNABERT-2-117M__20260514T113259Z,1,1,0.07043161243200302,0.929568350315094
gue_emp_H3K4me1__zhihan1996_DNABERT-2-117M__20260514T113259Z,0,1,0.18847331404685974,0.8115267157554626
gue_emp_H3K4me1__zhihan1996_DNABERT-2-117M__20260514T113259Z,0,0,0.9598374962806702,0.0401625819504261
gue_emp_H3K4me1__zhihan1996_DNABERT-2-117M__20260514T113259Z,0,0,0.7334519028663635,0.26654815673828125
gue_emp_H3K4me1__zhihan1996_DNABERT-2-117M__20260514T113259Z,0,0,0.9284736514091492,0.07152631878852844
gue_emp_H3K4me1__zhihan1996_DNABERT-2-117M__20260514T113259Z,1,1,0.19544048607349396,0.8045595288276672
gue_emp_H3K4me1__zhihan1996_DNABERT-2-117M__20260514T113259Z,1,1,0.11008788645267487,0.8899121284484863
gue_emp_H3K4me1__zhihan1996_DNABERT-2-117M__20260514T113259Z,1,1,0.11037521809339523,0.8896247744560242
gue_emp_H3K4me1__zhihan1996_DNABERT-2-117M__20260514T113259Z,1,1,0.3597576916217804,0.6402422785758972
gue_emp_H3K4me1__zhihan1996_DNABERT-2-117M__20260514T113259Z,1,1,0.11047115176916122,0.8895288109779358
gue_emp_H3K4me1__zhihan1996_DNABERT-2-117M__20260514T113259Z,1,1,0.03853849321603775,0.9614614844322205
gue_emp_H3K4me1__zhihan1996_DNABERT-2-117M__20260514T113259Z,0,1,0.14590460062026978,0.8540953993797302
gue_emp_H3K4me1__zhihan1996_DNABERT-2-117M__20260514T113259Z,1,0,0.9283438920974731,0.07165613770484924
gue_emp_H3K4me1__zhihan1996_DNABERT-2-117M__20260514T113259Z,1,1,0.2149384766817093,0.7850614786148071
gue_emp_H3K4me1__zhihan1996_DNABERT-2-117M__20260514T113259Z,0,1,0.22076216340065002,0.7792378664016724
gue_emp_H3K4me1__zhihan1996_DNABERT-2-117M__20260514T113259Z,1,1,0.0637732744216919,0.9362266659736633
gue_emp_H3K4me1__zhihan1996_DNABERT-2-117M__20260514T113259Z,0,1,0.19238758087158203,0.807612419128418
gue_emp_H3K4me1__zhihan1996_DNABERT-2-117M__20260514T113259Z,0,1,0.2766416668891907,0.7233583331108093
gue_emp_H3K4me1__zhihan1996_DNABERT-2-117M__20260514T113259Z,0,1,0.48300063610076904,0.516999363899231
gue_emp_H3K4me1__zhihan1996_DNABERT-2-117M__20260514T113259Z,1,1,0.09577147662639618,0.9042285680770874
gue_emp_H3K4me1__zhihan1996_DNABERT-2-117M__20260514T113259Z,1,1,0.19985400140285492,0.8001459836959839
gue_emp_H3K4me1__zhihan1996_DNABERT-2-117M__20260514T113259Z,0,0,0.9740425944328308,0.02595735900104046
gue_emp_H3K4me1__zhihan1996_DNABERT-2-117M__20260514T113259Z,0,0,0.6167915463447571,0.38320842385292053
gue_emp_H3K4me1__zhihan1996_DNABERT-2-117M__20260514T113259Z,1,0,0.647826075553894,0.35217395424842834
gue_emp_H3K4me1__zhihan1996_DNABERT-2-117M__20260514T113259Z,1,1,0.07828931510448456,0.921710729598999
gue_emp_H3K4me1__zhihan1996_DNABERT-2-117M__20260514T113259Z,0,1,0.12710988521575928,0.8728901743888855
gue_emp_H3K4me1__zhihan1996_DNABERT-2-117M__20260514T113259Z,0,1,0.3297693133354187,0.6702306270599365
gue_emp_H3K4me1__zhihan1996_DNABERT-2-117M__20260514T113259Z,0,1,0.09999631345272064,0.9000037312507629
gue_emp_H3K4me1__zhihan1996_DNABERT-2-117M__20260514T113259Z,1,1,0.4353613257408142,0.5646387338638306
gue_emp_H3K4me1__zhihan1996_DNABERT-2-117M__20260514T113259Z,0,0,0.8937739133834839,0.1062261164188385
gue_emp_H3K4me1__zhihan1996_DNABERT-2-117M__20260514T113259Z,1,1,0.08181270956993103,0.9181873202323914
gue_emp_H3K4me1__zhihan1996_DNABERT-2-117M__20260514T113259Z,1,0,0.5901297926902771,0.4098702073097229
gue_emp_H3K4me1__zhihan1996_DNABERT-2-117M__20260514T113259Z,1,1,0.36582475900650024,0.6341752409934998
gue_emp_H3K4me1__zhihan1996_DNABERT-2-117M__20260514T113259Z,1,1,0.1261378973722458,0.8738621473312378
gue_emp_H3K4me1__zhihan1996_DNABERT-2-117M__20260514T113259Z,1,1,0.08122774958610535,0.9187722206115723
gue_emp_H3K4me1__zhihan1996_DNABERT-2-117M__20260514T113259Z,1,0,0.8276192545890808,0.1723807156085968
gue_emp_H3K4me1__zhihan1996_DNABERT-2-117M__20260514T113259Z,1,1,0.06878729164600372,0.9312127232551575
gue_emp_H3K4me1__zhihan1996_DNABERT-2-117M__20260514T113259Z,0,0,0.7515569925308228,0.24844302237033844
gue_emp_H3K4me1__zhihan1996_DNABERT-2-117M__20260514T113259Z,1,1,0.3815075755119324,0.6184924244880676
gue_emp_H3K4me1__zhihan1996_DNABERT-2-117M__20260514T113259Z,0,0,0.9726754426956177,0.027324529364705086
gue_emp_H3K4me1__zhihan1996_DNABERT-2-117M__20260514T113259Z,0,1,0.05079945921897888,0.9492005109786987
gue_emp_H3K4me1__zhihan1996_DNABERT-2-117M__20260514T113259Z,1,1,0.3932102620601654,0.606789767742157
gue_emp_H3K4me1__zhihan1996_DNABERT-2-117M__20260514T113259Z,1,1,0.09577147662639618,0.9042285680770874
gue_emp_H3K4me1__zhihan1996_DNABERT-2-117M__20260514T113259Z,1,1,0.1041124165058136,0.8958876132965088
gue_emp_H3K4me1__zhihan1996_DNABERT-2-117M__20260514T113259Z,1,1,0.18884700536727905,0.8111530542373657
gue_emp_H3K4me1__zhihan1996_DNABERT-2-117M__20260514T113259Z,0,0,0.5945807099342346,0.4054192900657654
gue_emp_H3K4me1__zhihan1996_DNABERT-2-117M__20260514T113259Z,1,0,0.5678691864013672,0.4321307837963104
gue_emp_H3K4me1__zhihan1996_DNABERT-2-117M__20260514T113259Z,1,1,0.03608394414186478,0.9639160633087158
gue_emp_H3K4me1__zhihan1996_DNABERT-2-117M__20260514T113259Z,0,1,0.06477170437574387,0.9352282881736755
gue_emp_H3K4me1__zhihan1996_DNABERT-2-117M__20260514T113259Z,0,0,0.77167147397995,0.22832852602005005
gue_emp_H3K4me1__zhihan1996_DNABERT-2-117M__20260514T113259Z,0,0,0.9261703491210938,0.07382971048355103
gue_emp_H3K4me1__zhihan1996_DNABERT-2-117M__20260514T113259Z,0,0,0.9713473320007324,0.028652671724557877
gue_emp_H3K4me1__zhihan1996_DNABERT-2-117M__20260514T113259Z,0,0,0.9627782702445984,0.037221759557724
gue_emp_H3K4me1__zhihan1996_DNABERT-2-117M__20260514T113259Z,0,1,0.08756384253501892,0.9124361872673035
gue_emp_H3K4me1__zhihan1996_DNABERT-2-117M__20260514T113259Z,1,1,0.05839952081441879,0.941600501537323
gue_emp_H3K4me1__zhihan1996_DNABERT-2-117M__20260514T113259Z,0,1,0.11333402246236801,0.886665940284729
gue_emp_H3K4me1__zhihan1996_DNABERT-2-117M__20260514T113259Z,1,1,0.15514244139194489,0.8448575139045715
gue_emp_H3K4me1__zhihan1996_DNABERT-2-117M__20260514T113259Z,0,1,0.09825223684310913,0.9017477631568909
gue_emp_H3K4me1__zhihan1996_DNABERT-2-117M__20260514T113259Z,1,1,0.13139598071575165,0.8686040639877319
gue_emp_H3K4me1__zhihan1996_DNABERT-2-117M__20260514T113259Z,1,1,0.043936531990766525,0.956063449382782
gue_emp_H3K4me1__zhihan1996_DNABERT-2-117M__20260514T113259Z,1,1,0.15791445970535278,0.8420855402946472
gue_emp_H3K4me1__zhihan1996_DNABERT-2-117M__20260514T113259Z,1,1,0.4562583267688751,0.5437416434288025
gue_emp_H3K4me1__zhihan1996_DNABERT-2-117M__20260514T113259Z,0,0,0.9386884570121765,0.06131153553724289
gue_emp_H3K4me1__zhihan1996_DNABERT-2-117M__20260514T113259Z,1,1,0.3185911476612091,0.6814088821411133
gue_emp_H3K4me1__zhihan1996_DNABERT-2-117M__20260514T113259Z,0,1,0.10678370296955109,0.8932163119316101
gue_emp_H3K4me1__zhihan1996_DNABERT-2-117M__20260514T113259Z,1,1,0.0541987270116806,0.9458011984825134
gue_emp_H3K4me1__zhihan1996_DNABERT-2-117M__20260514T113259Z,1,1,0.2730894684791565,0.7269105315208435
gue_emp_H3K4me1__zhihan1996_DNABERT-2-117M__20260514T113259Z,0,1,0.0749729722738266,0.925027072429657
gue_emp_H3K4me1__zhihan1996_DNABERT-2-117M__20260514T113259Z,0,0,0.5877360701560974,0.4122639298439026
gue_emp_H3K4me1__zhihan1996_DNABERT-2-117M__20260514T113259Z,1,1,0.09501305222511292,0.9049869179725647
gue_emp_H3K4me1__zhihan1996_DNABERT-2-117M__20260514T113259Z,0,0,0.9502266049385071,0.0497734509408474
gue_emp_H3K4me1__zhihan1996_DNABERT-2-117M__20260514T113259Z,1,1,0.07043161243200302,0.929568350315094
gue_emp_H3K4me1__zhihan1996_DNABERT-2-117M__20260514T113259Z,0,0,0.6856864094734192,0.3143135607242584
gue_emp_H3K4me1__zhihan1996_DNABERT-2-117M__20260514T113259Z,0,0,0.7725306153297424,0.22746935486793518
gue_emp_H3K4me1__zhihan1996_DNABERT-2-117M__20260514T113259Z,0,0,0.8718026280403137,0.12819735705852509
gue_emp_H3K4me1__zhihan1996_DNABERT-2-117M__20260514T113259Z,1,1,0.06284669786691666,0.9371532797813416
gue_emp_H3K4me1__zhihan1996_DNABERT-2-117M__20260514T113259Z,1,1,0.14884960651397705,0.851150393486023
gue_emp_H3K4me1__zhihan1996_DNABERT-2-117M__20260514T113259Z,0,1,0.07956718653440475,0.9204327464103699
gue_emp_H3K4me1__zhihan1996_DNABERT-2-117M__20260514T113259Z,1,1,0.09130105376243591,0.9086989760398865
gue_emp_H3K4me1__zhihan1996_DNABERT-2-117M__20260514T113259Z,1,1,0.0555151142179966,0.9444848895072937
gue_emp_H3K4me1__zhihan1996_DNABERT-2-117M__20260514T113259Z,1,1,0.05394897982478142,0.9460510015487671
gue_emp_H3K4me1__zhihan1996_DNABERT-2-117M__20260514T113259Z,1,1,0.06418263912200928,0.9358173608779907
gue_emp_H3K4me1__zhihan1996_DNABERT-2-117M__20260514T113259Z,0,0,0.9386884570121765,0.06131153553724289
gue_emp_H3K4me1__zhihan1996_DNABERT-2-117M__20260514T113259Z,1,1,0.06626641750335693,0.9337335228919983
gue_emp_H3K4me1__zhihan1996_DNABERT-2-117M__20260514T113259Z,1,1,0.24283355474472046,0.7571664452552795
gue_emp_H3K4me1__zhihan1996_DNABERT-2-117M__20260514T113259Z,0,0,0.7247241735458374,0.2752758264541626
gue_emp_H3K4me1__zhihan1996_DNABERT-2-117M__20260514T113259Z,1,1,0.06614567339420319,0.933854341506958
gue_emp_H3K4me1__zhihan1996_DNABERT-2-117M__20260514T113259Z,1,1,0.14116297662258148,0.8588370084762573
gue_emp_H3K4me1__zhihan1996_DNABERT-2-117M__20260514T113259Z,1,0,0.8963421583175659,0.10365785658359528
gue_emp_H3K4me1__zhihan1996_DNABERT-2-117M__20260514T113259Z,0,1,0.3806726038455963,0.6193274259567261
gue_emp_H3K4me1__zhihan1996_DNABERT-2-117M__20260514T113259Z,0,1,0.3527032434940338,0.6472967267036438
gue_emp_H3K4me1__zhihan1996_DNABERT-2-117M__20260514T113259Z,1,1,0.08601587265729904,0.9139840602874756
gue_emp_H3K4me1__zhihan1996_DNABERT-2-117M__20260514T113259Z,1,1,0.38251620531082153,0.6174838542938232
gue_emp_H3K4me1__zhihan1996_DNABERT-2-117M__20260514T113259Z,1,1,0.07689148932695389,0.9231084585189819
gue_emp_H3K4me1__zhihan1996_DNABERT-2-117M__20260514T113259Z,1,1,0.4383043050765991,0.5616956949234009
gue_emp_H3K4me1__zhihan1996_DNABERT-2-117M__20260514T113259Z,1,0,0.8353492617607117,0.16465073823928833
gue_emp_H3K4me1__zhihan1996_DNABERT-2-117M__20260514T113259Z,1,1,0.14015962183475494,0.8598403930664062
gue_emp_H3K4me1__zhihan1996_DNABERT-2-117M__20260514T113259Z,1,1,0.10475175082683563,0.895248293876648
gue_emp_H3K4me1__zhihan1996_DNABERT-2-117M__20260514T113259Z,0,1,0.1588256061077118,0.8411743640899658
gue_emp_H3K4me1__zhihan1996_DNABERT-2-117M__20260514T113259Z,1,1,0.08609268814325333,0.9139072895050049
gue_emp_H3K4me1__zhihan1996_DNABERT-2-117M__20260514T113259Z,1,1,0.09894658625125885,0.9010533690452576
gue_emp_H3K4me1__zhihan1996_DNABERT-2-117M__20260514T113259Z,0,0,0.778733491897583,0.22126653790473938
gue_emp_H3K4me1__zhihan1996_DNABERT-2-117M__20260514T113259Z,1,1,0.22337706387043,0.7766229510307312
gue_emp_H3K4me1__zhihan1996_DNABERT-2-117M__20260514T113259Z,0,0,0.9744591116905212,0.025540897622704506
gue_emp_H3K4me1__zhihan1996_DNABERT-2-117M__20260514T113259Z,0,0,0.9052385687828064,0.0947614535689354
gue_emp_H3K4me1__zhihan1996_DNABERT-2-117M__20260514T113259Z,1,1,0.31837916374206543,0.6816208362579346
gue_emp_H3K4me1__zhihan1996_DNABERT-2-117M__20260514T113259Z,1,1,0.49008309841156006,0.5099169015884399
gue_emp_H3K4me1__zhihan1996_DNABERT-2-117M__20260514T113259Z,0,0,0.518805205821991,0.48119476437568665
gue_emp_H3K4me1__zhihan1996_DNABERT-2-117M__20260514T113259Z,1,1,0.06584469974040985,0.934155285358429
gue_emp_H3K4me1__zhihan1996_DNABERT-2-117M__20260514T113259Z,0,0,0.9774355292320251,0.022564494982361794
gue_emp_H3K4me1__zhihan1996_DNABERT-2-117M__20260514T113259Z,0,0,0.5256922245025635,0.4743077754974365
gue_emp_H3K4me1__zhihan1996_DNABERT-2-117M__20260514T113259Z,0,0,0.9708263874053955,0.02917362004518509
gue_emp_H3K4me1__zhihan1996_DNABERT-2-117M__20260514T113259Z,1,1,0.18330103158950806,0.8166989684104919
gue_emp_H3K4me1__zhihan1996_DNABERT-2-117M__20260514T113259Z,0,0,0.8884204626083374,0.11157958209514618
gue_emp_H3K4me1__zhihan1996_DNABERT-2-117M__20260514T113259Z,1,1,0.3532050549983978,0.6467949151992798
gue_emp_H3K4me1__zhihan1996_DNABERT-2-117M__20260514T113259Z,1,0,0.7731307744979858,0.22686928510665894
gue_emp_H3K4me1__zhihan1996_DNABERT-2-117M__20260514T113259Z,0,0,0.5400295257568359,0.45997050404548645
gue_emp_H3K4me1__zhihan1996_DNABERT-2-117M__20260514T113259Z,0,0,0.9187722206115723,0.08122774958610535
gue_emp_H3K4me1__zhihan1996_DNABERT-2-117M__20260514T113259Z,1,1,0.19821932911872864,0.8017807006835938
gue_emp_H3K4me1__zhihan1996_DNABERT-2-117M__20260514T113259Z,0,0,0.8712559342384338,0.12874406576156616
gue_emp_H3K4me1__zhihan1996_DNABERT-2-117M__20260514T113259Z,0,0,0.9446893334388733,0.055310651659965515
gue_emp_H3K4me1__zhihan1996_DNABERT-2-117M__20260514T113259Z,0,0,0.9566342234611511,0.043365802615880966
gue_emp_H3K4me1__zhihan1996_DNABERT-2-117M__20260514T113259Z,0,1,0.47999119758605957,0.5200088620185852
gue_emp_H3K4me1__zhihan1996_DNABERT-2-117M__20260514T113259Z,0,1,0.08064661920070648,0.9193534255027771
gue_emp_H3K4me1__zhihan1996_DNABERT-2-117M__20260514T113259Z,1,1,0.07504072040319443,0.9249592423439026
gue_emp_H3K4me1__zhihan1996_DNABERT-2-117M__20260514T113259Z,1,1,0.05813159793615341,0.9418684244155884
gue_emp_H3K4me1__zhihan1996_DNABERT-2-117M__20260514T113259Z,1,1,0.4402286112308502,0.5597714185714722
gue_emp_H3K4me1__zhihan1996_DNABERT-2-117M__20260514T113259Z,1,1,0.1245320737361908,0.8754679560661316
gue_emp_H3K4me1__zhihan1996_DNABERT-2-117M__20260514T113259Z,1,1,0.16046325862407684,0.839536726474762
gue_emp_H3K4me1__zhihan1996_DNABERT-2-117M__20260514T113259Z,1,1,0.07524432986974716,0.9247556328773499
gue_emp_H3K4me1__zhihan1996_DNABERT-2-117M__20260514T113259Z,1,1,0.10659756511449814,0.8934024572372437
gue_emp_H3K4me1__zhihan1996_DNABERT-2-117M__20260514T113259Z,1,1,0.10212547332048416,0.8978744745254517
gue_emp_H3K4me1__zhihan1996_DNABERT-2-117M__20260514T113259Z,0,0,0.9591160416603088,0.04088399559259415
gue_emp_H3K4me1__zhihan1996_DNABERT-2-117M__20260514T113259Z,0,1,0.0754484310746193,0.9245515465736389
gue_emp_H3K4me1__zhihan1996_DNABERT-2-117M__20260514T113259Z,0,0,0.5002632141113281,0.4997367858886719
gue_emp_H3K4me1__zhihan1996_DNABERT-2-117M__20260514T113259Z,1,1,0.3296074867248535,0.6703925132751465
gue_emp_H3K4me1__zhihan1996_DNABERT-2-117M__20260514T113259Z,0,1,0.08277145028114319,0.9172285199165344
gue_emp_H3K4me1__zhihan1996_DNABERT-2-117M__20260514T113259Z,0,1,0.13095079362392426,0.8690492510795593
gue_emp_H3K4me1__zhihan1996_DNABERT-2-117M__20260514T113259Z,0,0,0.9374975562095642,0.06250248849391937
gue_emp_H3K4me1__zhihan1996_DNABERT-2-117M__20260514T113259Z,1,1,0.09773432463407516,0.902265727519989
gue_emp_H3K4me1__zhihan1996_DNABERT-2-117M__20260514T113259Z,1,1,0.06878729164600372,0.9312127232551575
gue_emp_H3K4me1__zhihan1996_DNABERT-2-117M__20260514T113259Z,0,0,0.8577680587768555,0.14223188161849976
gue_emp_H3K4me1__zhihan1996_DNABERT-2-117M__20260514T113259Z,0,0,0.9697568416595459,0.030243217945098877
gue_emp_H3K4me1__zhihan1996_DNABERT-2-117M__20260514T113259Z,0,0,0.9222025275230408,0.07779745012521744
gue_emp_H3K4me1__zhihan1996_DNABERT-2-117M__20260514T113259Z,1,1,0.05587464198470116,0.9441254138946533
gue_emp_H3K4me1__zhihan1996_DNABERT-2-117M__20260514T113259Z,1,1,0.19178137183189392,0.8082186579704285
gue_emp_H3K4me1__zhihan1996_DNABERT-2-117M__20260514T113259Z,1,0,0.6004226207733154,0.3995773196220398
gue_emp_H3K4me1__zhihan1996_DNABERT-2-117M__20260514T113259Z,1,1,0.10203596949577332,0.8979640603065491
gue_emp_H3K4me1__zhihan1996_DNABERT-2-117M__20260514T113259Z,0,0,0.7709825038909912,0.22901752591133118
gue_emp_H3K4me1__zhihan1996_DNABERT-2-117M__20260514T113259Z,0,1,0.38343924283981323,0.6165607571601868
gue_emp_H3K4me1__zhihan1996_DNABERT-2-117M__20260514T113259Z,1,1,0.07178616523742676,0.9282138347625732
gue_emp_H3K4me1__zhihan1996_DNABERT-2-117M__20260514T113259Z,0,1,0.36886027455329895,0.6311396956443787
gue_emp_H3K4me1__zhihan1996_DNABERT-2-117M__20260514T113259Z,0,0,0.9388007521629333,0.06119922548532486
gue_emp_H3K4me1__zhihan1996_DNABERT-2-117M__20260514T113259Z,0,1,0.07382971048355103,0.9261703491210938
gue_emp_H3K4me1__zhihan1996_DNABERT-2-117M__20260514T113259Z,0,0,0.6967326402664185,0.30326732993125916
gue_emp_H3K4me1__zhihan1996_DNABERT-2-117M__20260514T113259Z,0,0,0.8592509031295776,0.14074909687042236
gue_emp_H3K4me1__zhihan1996_DNABERT-2-117M__20260514T113259Z,1,0,0.6050992012023926,0.3949008285999298
gue_emp_H3K4me1__zhihan1996_DNABERT-2-117M__20260514T113259Z,0,0,0.8950649499893188,0.10493505746126175
gue_emp_H3K4me1__zhihan1996_DNABERT-2-117M__20260514T113259Z,1,0,0.9322068691253662,0.06779313832521439
gue_emp_H3K4me1__zhihan1996_DNABERT-2-117M__20260514T113259Z,1,1,0.08826860040426254,0.9117313623428345
gue_emp_H3K4me1__zhihan1996_DNABERT-2-117M__20260514T113259Z,0,1,0.22789864242076874,0.7721013426780701
gue_emp_H3K4me1__zhihan1996_DNABERT-2-117M__20260514T113259Z,0,1,0.15021571516990662,0.849784255027771
gue_emp_H3K4me1__zhihan1996_DNABERT-2-117M__20260514T113259Z,1,1,0.22261562943458557,0.7773844003677368
gue_emp_H3K4me1__zhihan1996_DNABERT-2-117M__20260514T113259Z,0,0,0.5583420395851135,0.4416579604148865
gue_emp_H3K4me1__zhihan1996_DNABERT-2-117M__20260514T113259Z,0,0,0.9601748585700989,0.039825133979320526
gue_emp_H3K4me1__zhihan1996_DNABERT-2-117M__20260514T113259Z,1,1,0.044680871069431305,0.9553191661834717
gue_emp_H3K4me1__zhihan1996_DNABERT-2-117M__20260514T113259Z,1,1,0.08945459872484207,0.9105454087257385
gue_emp_H3K4me1__zhihan1996_DNABERT-2-117M__20260514T113259Z,1,1,0.16498680412769318,0.835013210773468
gue_emp_H3K4me1__zhihan1996_DNABERT-2-117M__20260514T113259Z,1,1,0.06681232154369354,0.9331876635551453
gue_emp_H3K4me1__zhihan1996_DNABERT-2-117M__20260514T113259Z,1,1,0.06244529038667679,0.9375547766685486
gue_emp_H3K4me1__zhihan1996_DNABERT-2-117M__20260514T113259Z,0,0,0.823470413684845,0.17652960121631622
gue_emp_H3K4me1__zhihan1996_DNABERT-2-117M__20260514T113259Z,0,1,0.10837754607200623,0.8916224837303162
gue_emp_H3K4me1__zhihan1996_DNABERT-2-117M__20260514T113259Z,0,1,0.1956709325313568,0.8043290972709656
gue_emp_H3K4me1__zhihan1996_DNABERT-2-117M__20260514T113259Z,1,1,0.050517670810222626,0.9494823217391968
gue_emp_H3K4me1__zhihan1996_DNABERT-2-117M__20260514T113259Z,1,1,0.4083062410354614,0.5916937589645386
gue_emp_H3K4me1__zhihan1996_DNABERT-2-117M__20260514T113259Z,0,0,0.9553608298301697,0.04463920369744301
gue_emp_H3K4me1__zhihan1996_DNABERT-2-117M__20260514T113259Z,1,1,0.09318171441555023,0.9068183302879333
gue_emp_H3K4me1__zhihan1996_DNABERT-2-117M__20260514T113259Z,1,1,0.08819004893302917,0.9118099808692932
gue_emp_H3K4me1__zhihan1996_DNABERT-2-117M__20260514T113259Z,1,1,0.18403315544128418,0.815966784954071
gue_emp_H3K4me1__zhihan1996_DNABERT-2-117M__20260514T113259Z,1,1,0.075380340218544,0.9246196150779724
gue_emp_H3K4me1__zhihan1996_DNABERT-2-117M__20260514T113259Z,1,1,0.08188609778881073,0.9181138277053833
gue_emp_H3K4me1__zhihan1996_DNABERT-2-117M__20260514T113259Z,0,1,0.28661829233169556,0.7133816480636597
gue_emp_H3K4me1__zhihan1996_DNABERT-2-117M__20260514T113259Z,0,1,0.039305612444877625,0.960694432258606
gue_emp_H3K4me1__zhihan1996_DNABERT-2-117M__20260514T113259Z,1,1,0.054098695516586304,0.9459012746810913
gue_emp_H3K4me1__zhihan1996_DNABERT-2-117M__20260514T113259Z,0,0,0.6959583163261414,0.30404168367385864
gue_emp_H3K4me1__zhihan1996_DNABERT-2-117M__20260514T113259Z,1,1,0.06973154097795486,0.930268406867981
gue_emp_H3K4me1__zhihan1996_DNABERT-2-117M__20260514T113259Z,1,0,0.8388778567314148,0.1611221432685852
gue_emp_H3K4me1__zhihan1996_DNABERT-2-117M__20260514T113259Z,0,0,0.8018582463264465,0.19814173877239227
gue_emp_H3K4me1__zhihan1996_DNABERT-2-117M__20260514T113259Z,1,1,0.17002512514591217,0.8299748301506042
gue_emp_H3K4me1__zhihan1996_DNABERT-2-117M__20260514T113259Z,1,0,0.9677472114562988,0.03225276619195938
gue_emp_H3K4me1__zhihan1996_DNABERT-2-117M__20260514T113259Z,1,1,0.09401018172502518,0.9059898257255554
gue_emp_H3K4me1__zhihan1996_DNABERT-2-117M__20260514T113259Z,1,1,0.05665242671966553,0.9433475732803345
gue_emp_H3K4me1__zhihan1996_DNABERT-2-117M__20260514T113259Z,1,1,0.45676565170288086,0.5432344079017639
gue_emp_H3K4me1__zhihan1996_DNABERT-2-117M__20260514T113259Z,0,0,0.8629879355430603,0.1370120346546173
gue_emp_H3K4me1__zhihan1996_DNABERT-2-117M__20260514T113259Z,1,1,0.4239647388458252,0.5760352611541748
gue_emp_H3K4me1__zhihan1996_DNABERT-2-117M__20260514T113259Z,1,1,0.052667658776044846,0.9473323225975037
gue_emp_H3K4me1__zhihan1996_DNABERT-2-117M__20260514T113259Z,1,0,0.5387367606163025,0.4612632393836975
gue_emp_H3K4me1__zhihan1996_DNABERT-2-117M__20260514T113259Z,1,1,0.06250248849391937,0.9374975562095642
gue_emp_H3K4me1__zhihan1996_DNABERT-2-117M__20260514T113259Z,0,1,0.05429893732070923,0.9457011222839355
gue_emp_H3K4me1__zhihan1996_DNABERT-2-117M__20260514T113259Z,0,0,0.819604754447937,0.18039527535438538
gue_emp_H3K4me1__zhihan1996_DNABERT-2-117M__20260514T113259Z,0,0,0.9695268273353577,0.030473187565803528
gue_emp_H3K4me1__zhihan1996_DNABERT-2-117M__20260514T113259Z,1,1,0.11075937747955322,0.8892406225204468
gue_emp_H3K4me1__zhihan1996_DNABERT-2-117M__20260514T113259Z,1,1,0.049085184931755066,0.9509148001670837
gue_emp_H3K4me1__zhihan1996_DNABERT-2-117M__20260514T113259Z,1,1,0.04401864856481552,0.9559813141822815
gue_emp_H3K4me1__zhihan1996_DNABERT-2-117M__20260514T113259Z,0,1,0.16132023930549622,0.8386797904968262
gue_emp_H3K4me1__zhihan1996_DNABERT-2-117M__20260514T113259Z,0,0,0.9736446738243103,0.026355354115366936
gue_emp_H3K4me1__zhihan1996_DNABERT-2-117M__20260514T113259Z,0,0,0.9607312679290771,0.03926875442266464
gue_emp_H3K4me1__zhihan1996_DNABERT-2-117M__20260514T113259Z,0,1,0.21304951608181,0.7869504690170288
gue_emp_H3K4me1__zhihan1996_DNABERT-2-117M__20260514T113259Z,1,1,0.09089675545692444,0.9091032147407532
gue_emp_H3K4me1__zhihan1996_DNABERT-2-117M__20260514T113259Z,1,1,0.4022453725337982,0.5977546572685242
gue_emp_H3K4me1__zhihan1996_DNABERT-2-117M__20260514T113259Z,0,0,0.6651931405067444,0.3348069190979004
gue_emp_H3K4me1__zhihan1996_DNABERT-2-117M__20260514T113259Z,0,0,0.9254323840141296,0.07456761598587036
gue_emp_H3K4me1__zhihan1996_DNABERT-2-117M__20260514T113259Z,0,1,0.13568954169750214,0.8643104434013367
gue_emp_H3K4me1__zhihan1996_DNABERT-2-117M__20260514T113259Z,1,1,0.09451042115688324,0.9054896235466003
gue_emp_H3K4me1__zhihan1996_DNABERT-2-117M__20260514T113259Z,0,0,0.9107837677001953,0.08921625465154648
gue_emp_H3K4me1__zhihan1996_DNABERT-2-117M__20260514T113259Z,0,1,0.0582922138273716,0.9417077898979187
gue_emp_H3K4me1__zhihan1996_DNABERT-2-117M__20260514T113259Z,0,1,0.08210661262273788,0.9178933501243591
gue_emp_H3K4me1__zhihan1996_DNABERT-2-117M__20260514T113259Z,1,1,0.12431929260492325,0.8756807446479797
gue_emp_H3K4me1__zhihan1996_DNABERT-2-117M__20260514T113259Z,1,1,0.08366549760103226,0.9163345098495483
gue_emp_H3K4me1__zhihan1996_DNABERT-2-117M__20260514T113259Z,1,1,0.0884259045124054,0.9115740656852722
gue_emp_H3K4me1__zhihan1996_DNABERT-2-117M__20260514T113259Z,0,0,0.9669140577316284,0.033085983246564865
gue_emp_H3K4me1__zhihan1996_DNABERT-2-117M__20260514T113259Z,0,1,0.07585818320512772,0.9241418242454529
gue_emp_H3K4me1__zhihan1996_DNABERT-2-117M__20260514T113259Z,1,1,0.09807932376861572,0.9019206762313843
gue_emp_H3K4me1__zhihan1996_DNABERT-2-117M__20260514T113259Z,0,0,0.7133318185806274,0.28666824102401733
gue_emp_H3K4me1__zhihan1996_DNABERT-2-117M__20260514T113259Z,0,1,0.10762491822242737,0.892375111579895
gue_emp_H3K4me1__zhihan1996_DNABERT-2-117M__20260514T113259Z,1,1,0.05042406544089317,0.9495759606361389
gue_emp_H3K4me1__zhihan1996_DNABERT-2-117M__20260514T113259Z,1,1,0.0905744805932045,0.9094254970550537
gue_emp_H3K4me1__zhihan1996_DNABERT-2-117M__20260514T113259Z,0,1,0.25027090311050415,0.7497290968894958
gue_emp_H3K4me1__zhihan1996_DNABERT-2-117M__20260514T113259Z,0,0,0.8020908832550049,0.19790910184383392
gue_emp_H3K4me1__zhihan1996_DNABERT-2-117M__20260514T113259Z,0,0,0.6510775685310364,0.34892240166664124
gue_emp_H3K4me1__zhihan1996_DNABERT-2-117M__20260514T113259Z,0,1,0.12299646437168121,0.87700355052948
gue_emp_H3K4me1__zhihan1996_DNABERT-2-117M__20260514T113259Z,0,0,0.9663787484169006,0.03362121805548668
gue_emp_H3K4me1__zhihan1996_DNABERT-2-117M__20260514T113259Z,1,1,0.0723084881901741,0.9276915192604065
gue_emp_H3K4me1__zhihan1996_DNABERT-2-117M__20260514T113259Z,1,0,0.8782621026039124,0.12173795700073242
gue_emp_H3K4me1__zhihan1996_DNABERT-2-117M__20260514T113259Z,0,0,0.6732991337776184,0.32670092582702637
gue_emp_H3K4me1__zhihan1996_DNABERT-2-117M__20260514T113259Z,0,0,0.503921389579773,0.49607858061790466
gue_emp_H3K4me1__zhihan1996_DNABERT-2-117M__20260514T113259Z,0,1,0.0916256457567215,0.9083743095397949
gue_emp_H3K4me1__zhihan1996_DNABERT-2-117M__20260514T113259Z,1,1,0.08396546542644501,0.9160345196723938
gue_emp_H3K4me1__zhihan1996_DNABERT-2-117M__20260514T113259Z,1,1,0.09170696884393692,0.9082930684089661
gue_emp_H3K4me1__zhihan1996_DNABERT-2-117M__20260514T113259Z,1,1,0.44415783882141113,0.5558421015739441
gue_emp_H3K4me1__zhihan1996_DNABERT-2-117M__20260514T113259Z,1,1,0.13904529809951782,0.8609547019004822
gue_emp_H3K4me1__zhihan1996_DNABERT-2-117M__20260514T113259Z,1,1,0.05707139894366264,0.9429286122322083
gue_emp_H3K4me1__zhihan1996_DNABERT-2-117M__20260514T113259Z,1,1,0.08670935779809952,0.9132906198501587
gue_emp_H3K4me1__zhihan1996_DNABERT-2-117M__20260514T113259Z,1,1,0.08144666254520416,0.9185534119606018
gue_emp_H3K4me1__zhihan1996_DNABERT-2-117M__20260514T113259Z,0,1,0.3789186477661133,0.6210813522338867
gue_emp_H3K4me1__zhihan1996_DNABERT-2-117M__20260514T113259Z,1,1,0.04405976086854935,0.9559402465820312
gue_emp_H3K4me1__zhihan1996_DNABERT-2-117M__20260514T113259Z,1,1,0.07290027290582657,0.9270997643470764
gue_emp_H3K4me1__zhihan1996_DNABERT-2-117M__20260514T113259Z,1,0,0.5033645033836365,0.49663546681404114
gue_emp_H3K4me1__zhihan1996_DNABERT-2-117M__20260514T113259Z,1,0,0.6611575484275818,0.3388424217700958
gue_emp_H3K4me1__zhihan1996_DNABERT-2-117M__20260514T113259Z,1,1,0.11328496038913727,0.8867150545120239
gue_emp_H3K4me1__zhihan1996_DNABERT-2-117M__20260514T113259Z,0,0,0.9653811454772949,0.034618835896253586
gue_emp_H3K4me1__zhihan1996_DNABERT-2-117M__20260514T113259Z,1,1,0.1343778520822525,0.8656221032142639
gue_emp_H3K4me1__zhihan1996_DNABERT-2-117M__20260514T113259Z,0,0,0.7144786715507507,0.28552132844924927
gue_emp_H3K4me1__zhihan1996_DNABERT-2-117M__20260514T113259Z,0,0,0.8636217713356018,0.1363781839609146
gue_emp_H3K4me1__zhihan1996_DNABERT-2-117M__20260514T113259Z,1,1,0.07978201657533646,0.9202179908752441
gue_emp_H3K4me1__zhihan1996_DNABERT-2-117M__20260514T113259Z,1,1,0.07971034944057465,0.9202896952629089
gue_emp_H3K4me1__zhihan1996_DNABERT-2-117M__20260514T113259Z,1,1,0.05639204382896423,0.9436079859733582
gue_emp_H3K4me1__zhihan1996_DNABERT-2-117M__20260514T113259Z,1,1,0.07751765847206116,0.9224823713302612
gue_emp_H3K4me1__zhihan1996_DNABERT-2-117M__20260514T113259Z,1,1,0.08826860040426254,0.9117313623428345
gue_emp_H3K4me1__zhihan1996_DNABERT-2-117M__20260514T113259Z,1,1,0.08086410164833069,0.9191359281539917
gue_emp_H3K4me1__zhihan1996_DNABERT-2-117M__20260514T113259Z,1,1,0.06506811827421188,0.9349318742752075
gue_emp_H3K4me1__zhihan1996_DNABERT-2-117M__20260514T113259Z,1,1,0.04189131036400795,0.9581087231636047
gue_emp_H3K4me1__zhihan1996_DNABERT-2-117M__20260514T113259Z,1,1,0.16331195831298828,0.8366879820823669
gue_emp_H3K4me1__zhihan1996_DNABERT-2-117M__20260514T113259Z,0,0,0.7378670573234558,0.2621328830718994
gue_emp_H3K4me1__zhihan1996_DNABERT-2-117M__20260514T113259Z,0,0,0.9677472114562988,0.03225276619195938
gue_emp_H3K4me1__zhihan1996_DNABERT-2-117M__20260514T113259Z,1,1,0.09594075381755829,0.9040591716766357
gue_emp_H3K4me1__zhihan1996_DNABERT-2-117M__20260514T113259Z,1,1,0.1629120260477066,0.8370879292488098
gue_emp_H3K4me1__zhihan1996_DNABERT-2-117M__20260514T113259Z,1,1,0.06465348601341248,0.9353464841842651
gue_emp_H3K4me1__zhihan1996_DNABERT-2-117M__20260514T113259Z,0,1,0.15009109675884247,0.8499089479446411
gue_emp_H3K4me1__zhihan1996_DNABERT-2-117M__20260514T113259Z,1,1,0.38113316893577576,0.6188668012619019
gue_emp_H3K4me1__zhihan1996_DNABERT-2-117M__20260514T113259Z,1,1,0.15450352430343628,0.845496416091919
gue_emp_H3K4me1__zhihan1996_DNABERT-2-117M__20260514T113259Z,1,0,0.9282788634300232,0.07172112166881561
gue_emp_H3K4me1__zhihan1996_DNABERT-2-117M__20260514T113259Z,0,1,0.188323974609375,0.8116759657859802
gue_emp_H3K4me1__zhihan1996_DNABERT-2-117M__20260514T113259Z,0,0,0.6500785946846008,0.3499213755130768
gue_emp_H3K4me1__zhihan1996_DNABERT-2-117M__20260514T113259Z,1,1,0.06330841034650803,0.9366915822029114
gue_emp_H3K4me1__zhihan1996_DNABERT-2-117M__20260514T113259Z,1,0,0.9141375422477722,0.08586245030164719
gue_emp_H3K4me1__zhihan1996_DNABERT-2-117M__20260514T113259Z,1,1,0.06119922548532486,0.9388007521629333
gue_emp_H3K4me1__zhihan1996_DNABERT-2-117M__20260514T113259Z,1,1,0.07956718653440475,0.9204327464103699
gue_emp_H3K4me1__zhihan1996_DNABERT-2-117M__20260514T113259Z,1,1,0.06447654962539673,0.935523509979248
gue_emp_H3K4me1__zhihan1996_DNABERT-2-117M__20260514T113259Z,1,0,0.9541800618171692,0.04581994563341141
gue_emp_H3K4me1__zhihan1996_DNABERT-2-117M__20260514T113259Z,1,1,0.1260840892791748,0.8739159107208252
gue_emp_H3K4me1__zhihan1996_DNABERT-2-117M__20260514T113259Z,0,1,0.3199176490306854,0.680082380771637
gue_emp_H3K4me1__zhihan1996_DNABERT-2-117M__20260514T113259Z,0,1,0.1949802041053772,0.8050197958946228
gue_emp_H3K4me1__zhihan1996_DNABERT-2-117M__20260514T113259Z,0,0,0.7568071484565735,0.24319282174110413
gue_emp_H3K4me1__zhihan1996_DNABERT-2-117M__20260514T113259Z,1,1,0.09409338235855103,0.9059065580368042
gue_emp_H3K4me1__zhihan1996_DNABERT-2-117M__20260514T113259Z,0,0,0.5249274373054504,0.47507256269454956
gue_emp_H3K4me1__zhihan1996_DNABERT-2-117M__20260514T113259Z,0,0,0.9597998261451721,0.04020024836063385
gue_emp_H3K4me1__zhihan1996_DNABERT-2-117M__20260514T113259Z,1,1,0.06699521839618683,0.9330047965049744
gue_emp_H3K4me1__zhihan1996_DNABERT-2-117M__20260514T113259Z,1,1,0.0823276937007904,0.917672336101532
gue_emp_H3K4me1__zhihan1996_DNABERT-2-117M__20260514T113259Z,1,1,0.03564496710896492,0.9643549919128418
gue_emp_H3K4me1__zhihan1996_DNABERT-2-117M__20260514T113259Z,1,1,0.47924089431762695,0.520759105682373
gue_emp_H3K4me1__zhihan1996_DNABERT-2-117M__20260514T113259Z,0,1,0.07283429801464081,0.9271657466888428
gue_emp_H3K4me1__zhihan1996_DNABERT-2-117M__20260514T113259Z,1,1,0.0972188413143158,0.9027811288833618
gue_emp_H3K4me1__zhihan1996_DNABERT-2-117M__20260514T113259Z,1,1,0.0823276937007904,0.917672336101532
gue_emp_H3K4me1__zhihan1996_DNABERT-2-117M__20260514T113259Z,1,0,0.5513170957565308,0.448682963848114
gue_emp_H3K4me1__zhihan1996_DNABERT-2-117M__20260514T113259Z,1,1,0.05964694544672966,0.9403530955314636
gue_emp_H3K4me1__zhihan1996_DNABERT-2-117M__20260514T113259Z,0,0,0.6493006944656372,0.3506993055343628
gue_emp_H3K4me1__zhihan1996_DNABERT-2-117M__20260514T113259Z,0,0,0.7855554223060608,0.21444456279277802
gue_emp_H3K4me1__zhihan1996_DNABERT-2-117M__20260514T113259Z,0,0,0.9310875535011292,0.06891249865293503
gue_emp_H3K4me1__zhihan1996_DNABERT-2-117M__20260514T113259Z,0,0,0.5461028218269348,0.4538972079753876
gue_emp_H3K4me1__zhihan1996_DNABERT-2-117M__20260514T113259Z,1,1,0.1045687198638916,0.8954312801361084
gue_emp_H3K4me1__zhihan1996_DNABERT-2-117M__20260514T113259Z,0,0,0.9617499113082886,0.03825005888938904
gue_emp_H3K4me1__zhihan1996_DNABERT-2-117M__20260514T113259Z,1,1,0.06359858065843582,0.9364014267921448
gue_emp_H3K4me1__zhihan1996_DNABERT-2-117M__20260514T113259Z,0,0,0.9703805446624756,0.029619429260492325
gue_emp_H3K4me1__zhihan1996_DNABERT-2-117M__20260514T113259Z,1,1,0.13939638435840607,0.8606036305427551
gue_emp_H3K4me1__zhihan1996_DNABERT-2-117M__20260514T113259Z,1,1,0.11008788645267487,0.8899121284484863
gue_emp_H3K4me1__zhihan1996_DNABERT-2-117M__20260514T113259Z,0,0,0.9014011025428772,0.09859886020421982
gue_emp_H3K4me1__zhihan1996_DNABERT-2-117M__20260514T113259Z,1,1,0.08366549760103226,0.9163345098495483
gue_emp_H3K4me1__zhihan1996_DNABERT-2-117M__20260514T113259Z,1,1,0.04809204488992691,0.9519079327583313
gue_emp_H3K4me1__zhihan1996_DNABERT-2-117M__20260514T113259Z,0,1,0.24662406742572784,0.7533760070800781
gue_emp_H3K4me1__zhihan1996_DNABERT-2-117M__20260514T113259Z,1,1,0.05227922275662422,0.9477207660675049
gue_emp_H3K4me1__zhihan1996_DNABERT-2-117M__20260514T113259Z,0,0,0.8757338523864746,0.1242661401629448
gue_emp_H3K4me1__zhihan1996_DNABERT-2-117M__20260514T113259Z,0,1,0.12700155377388,0.8729984164237976
gue_emp_H3K4me1__zhihan1996_DNABERT-2-117M__20260514T113259Z,1,1,0.21900324523448944,0.7809967398643494
gue_emp_H3K4me1__zhihan1996_DNABERT-2-117M__20260514T113259Z,1,1,0.05561761558055878,0.9443824291229248
gue_emp_H3K4me1__zhihan1996_DNABERT-2-117M__20260514T113259Z,1,1,0.061875976622104645,0.9381240010261536
gue_emp_H3K4me1__zhihan1996_DNABERT-2-117M__20260514T113259Z,0,1,0.07963873445987701,0.9203612804412842
gue_emp_H3K4me1__zhihan1996_DNABERT-2-117M__20260514T113259Z,1,1,0.18557791411876678,0.8144221305847168
gue_emp_H3K4me1__zhihan1996_DNABERT-2-117M__20260514T113259Z,1,1,0.08188609778881073,0.9181138277053833
gue_emp_H3K4me1__zhihan1996_DNABERT-2-117M__20260514T113259Z,0,0,0.9655764698982239,0.034423548728227615
gue_emp_H3K4me1__zhihan1996_DNABERT-2-117M__20260514T113259Z,1,0,0.9683513641357422,0.03164868429303169
gue_emp_H3K4me1__zhihan1996_DNABERT-2-117M__20260514T113259Z,0,0,0.930268406867981,0.06973154097795486
gue_emp_H3K4me1__zhihan1996_DNABERT-2-117M__20260514T113259Z,1,0,0.9494354724884033,0.05056452751159668
gue_emp_H3K4me1__zhihan1996_DNABERT-2-117M__20260514T113259Z,1,0,0.8709269165992737,0.12907303869724274
gue_emp_H3K4me1__zhihan1996_DNABERT-2-117M__20260514T113259Z,1,1,0.07120272517204285,0.9287972450256348
gue_emp_H3K4me1__zhihan1996_DNABERT-2-117M__20260514T113259Z,1,1,0.25945019721984863,0.7405498027801514
gue_emp_H3K4me1__zhihan1996_DNABERT-2-117M__20260514T113259Z,0,0,0.7966881990432739,0.20331181585788727
gue_emp_H3K4me1__zhihan1996_DNABERT-2-117M__20260514T113259Z,0,1,0.32541337609291077,0.6745866537094116
gue_emp_H3K4me1__zhihan1996_DNABERT-2-117M__20260514T113259Z,1,1,0.13580413162708282,0.8641958832740784
gue_emp_H3K4me1__zhihan1996_DNABERT-2-117M__20260514T113259Z,1,1,0.18111832439899445,0.8188817501068115
gue_emp_H3K4me1__zhihan1996_DNABERT-2-117M__20260514T113259Z,0,0,0.9381240010261536,0.061875976622104645
gue_emp_H3K4me1__zhihan1996_DNABERT-2-117M__20260514T113259Z,1,1,0.11328496038913727,0.8867150545120239
gue_emp_H3K4me1__zhihan1996_DNABERT-2-117M__20260514T113259Z,1,1,0.21060390770435333,0.7893961071968079
gue_emp_H3K4me1__zhihan1996_DNABERT-2-117M__20260514T113259Z,1,1,0.07139671593904495,0.9286032319068909
gue_emp_H3K4me1__zhihan1996_DNABERT-2-117M__20260514T113259Z,0,0,0.9366915822029114,0.06330841034650803
gue_emp_H3K4me1__zhihan1996_DNABERT-2-117M__20260514T113259Z,1,1,0.0478690080344677,0.9521309733390808
gue_emp_H3K4me1__zhihan1996_DNABERT-2-117M__20260514T113259Z,1,1,0.07309852540493011,0.9269014000892639
gue_emp_H3K4me1__zhihan1996_DNABERT-2-117M__20260514T113259Z,1,1,0.10932483524084091,0.8906751871109009
gue_emp_H3K4me1__zhihan1996_DNABERT-2-117M__20260514T113259Z,0,0,0.9418684244155884,0.05813159793615341
gue_emp_H3K4me1__zhihan1996_DNABERT-2-117M__20260514T113259Z,0,1,0.48260822892189026,0.5173918008804321
gue_emp_H3K4me1__zhihan1996_DNABERT-2-117M__20260514T113259Z,0,0,0.960694432258606,0.039305612444877625
gue_emp_H3K4me1__zhihan1996_DNABERT-2-117M__20260514T113259Z,1,0,0.6009204387664795,0.3990795314311981
gue_emp_H3K4me1__zhihan1996_DNABERT-2-117M__20260514T113259Z,1,1,0.11162799596786499,0.888372004032135
gue_emp_H3K4me1__zhihan1996_DNABERT-2-117M__20260514T113259Z,0,0,0.9711564779281616,0.02884354069828987
gue_emp_H3K4me1__zhihan1996_DNABERT-2-117M__20260514T113259Z,0,0,0.9668827652931213,0.03311723470687866
gue_emp_H3K4me1__zhihan1996_DNABERT-2-117M__20260514T113259Z,1,1,0.04165676236152649,0.9583432078361511
gue_emp_H3K4me1__zhihan1996_DNABERT-2-117M__20260514T113259Z,1,1,0.11571066826581955,0.8842893242835999
gue_emp_H3K4me1__zhihan1996_DNABERT-2-117M__20260514T113259Z,0,1,0.48586365580558777,0.5141363739967346
gue_emp_H3K4me1__zhihan1996_DNABERT-2-117M__20260514T113259Z,1,0,0.5736187100410461,0.42638131976127625
gue_emp_H3K4me1__zhihan1996_DNABERT-2-117M__20260514T113259Z,1,1,0.03908495604991913,0.9609150886535645
gue_emp_H3K4me1__zhihan1996_DNABERT-2-117M__20260514T113259Z,1,1,0.41617363691329956,0.5838263630867004
gue_emp_H3K4me1__zhihan1996_DNABERT-2-117M__20260514T113259Z,1,1,0.06153674051165581,0.9384632706642151
gue_emp_H3K4me1__zhihan1996_DNABERT-2-117M__20260514T113259Z,1,1,0.09203285723924637,0.907967209815979
gue_emp_H3K4me1__zhihan1996_DNABERT-2-117M__20260514T113259Z,0,0,0.6655192375183105,0.33448073267936707
gue_emp_H3K4me1__zhihan1996_DNABERT-2-117M__20260514T113259Z,1,1,0.1242661401629448,0.8757338523864746
gue_emp_H3K4me1__zhihan1996_DNABERT-2-117M__20260514T113259Z,1,1,0.05079945921897888,0.9492005109786987
gue_emp_H3K4me1__zhihan1996_DNABERT-2-117M__20260514T113259Z,0,0,0.8124212622642517,0.1875787377357483
gue_emp_H3K4me1__zhihan1996_DNABERT-2-117M__20260514T113259Z,1,1,0.054651033133268356,0.9453489780426025
gue_emp_H3K4me1__zhihan1996_DNABERT-2-117M__20260514T113259Z,0,0,0.7333086729049683,0.2666913568973541
gue_emp_H3K4me1__zhihan1996_DNABERT-2-117M__20260514T113259Z,1,1,0.08701921254396439,0.9129807949066162
gue_emp_H3K4me1__zhihan1996_DNABERT-2-117M__20260514T113259Z,0,1,0.06418263912200928,0.9358173608779907
gue_emp_H3K4me1__zhihan1996_DNABERT-2-117M__20260514T113259Z,0,1,0.4562129080295563,0.5437870621681213
gue_emp_H3K4me1__zhihan1996_DNABERT-2-117M__20260514T113259Z,0,1,0.1060408279299736,0.8939591646194458
gue_emp_H3K4me1__zhihan1996_DNABERT-2-117M__20260514T113259Z,1,1,0.1213209256529808,0.878679096698761
gue_emp_H3K4me1__zhihan1996_DNABERT-2-117M__20260514T113259Z,1,1,0.07436570525169373,0.9256342649459839
gue_emp_H3K4me1__zhihan1996_DNABERT-2-117M__20260514T113259Z,1,1,0.13375428318977356,0.866245687007904
gue_emp_H3K4me1__zhihan1996_DNABERT-2-117M__20260514T113259Z,1,1,0.12405375391244888,0.8759462833404541
gue_emp_H3K4me1__zhihan1996_DNABERT-2-117M__20260514T113259Z,0,0,0.901661217212677,0.0983387902379036
gue_emp_H3K4me1__zhihan1996_DNABERT-2-117M__20260514T113259Z,1,1,0.05242456868290901,0.9475754499435425
gue_emp_H3K4me1__zhihan1996_DNABERT-2-117M__20260514T113259Z,1,1,0.11506275832653046,0.8849372863769531
gue_emp_H3K4me1__zhihan1996_DNABERT-2-117M__20260514T113259Z,1,1,0.054752033203840256,0.945248007774353
gue_emp_H3K4me1__zhihan1996_DNABERT-2-117M__20260514T113259Z,0,1,0.07152631878852844,0.9284736514091492
gue_emp_H3K4me1__zhihan1996_DNABERT-2-117M__20260514T113259Z,1,1,0.08866234868764877,0.911337673664093
gue_emp_H3K4me1__zhihan1996_DNABERT-2-117M__20260514T113259Z,1,1,0.08502304553985596,0.9149770140647888
gue_emp_H3K4me1__zhihan1996_DNABERT-2-117M__20260514T113259Z,0,0,0.8070808053016663,0.19291919469833374
gue_emp_H3K4me1__zhihan1996_DNABERT-2-117M__20260514T113259Z,1,1,0.07055959850549698,0.929440438747406
gue_emp_H3K4me1__zhihan1996_DNABERT-2-117M__20260514T113259Z,0,0,0.6469064354896545,0.3530935049057007
gue_emp_H3K4me1__zhihan1996_DNABERT-2-117M__20260514T113259Z,1,1,0.04755839705467224,0.9524415731430054
gue_emp_H3K4me1__zhihan1996_DNABERT-2-117M__20260514T113259Z,0,0,0.9056565761566162,0.0943434089422226
gue_emp_H3K4me1__zhihan1996_DNABERT-2-117M__20260514T113259Z,0,0,0.5992212891578674,0.4007786810398102
gue_emp_H3K4me1__zhihan1996_DNABERT-2-117M__20260514T113259Z,0,1,0.3732473850250244,0.6267526149749756
gue_emp_H3K4me1__zhihan1996_DNABERT-2-117M__20260514T113259Z,1,0,0.7181004285812378,0.2818996012210846
gue_emp_H3K4me1__zhihan1996_DNABERT-2-117M__20260514T113259Z,0,0,0.9329437017440796,0.06705627590417862
gue_emp_H3K4me1__zhihan1996_DNABERT-2-117M__20260514T113259Z,1,1,0.041152890771627426,0.9588471055030823
gue_emp_H3K4me1__zhihan1996_DNABERT-2-117M__20260514T113259Z,0,0,0.9584600329399109,0.04153996706008911
gue_emp_H3K4me1__zhihan1996_DNABERT-2-117M__20260514T113259Z,1,1,0.06014182046055794,0.9398581385612488
gue_emp_H3K4me1__zhihan1996_DNABERT-2-117M__20260514T113259Z,1,1,0.03564496710896492,0.9643549919128418
gue_emp_H3K4me1__zhihan1996_DNABERT-2-117M__20260514T113259Z,1,1,0.11869119852781296,0.8813087940216064
gue_emp_H3K4me1__zhihan1996_DNABERT-2-117M__20260514T113259Z,0,0,0.7339766025543213,0.2660234570503235
gue_emp_H3K4me1__zhihan1996_DNABERT-2-117M__20260514T113259Z,1,1,0.07323096692562103,0.9267690181732178
gue_emp_H3K4me1__zhihan1996_DNABERT-2-117M__20260514T113259Z,1,1,0.28616926074028015,0.7138307690620422
gue_emp_H3K4me1__zhihan1996_DNABERT-2-117M__20260514T113259Z,1,1,0.19505687057971954,0.8049431443214417
gue_emp_H3K4me1__zhihan1996_DNABERT-2-117M__20260514T113259Z,0,0,0.9713745713233948,0.028625505045056343
gue_emp_H3K4me1__zhihan1996_DNABERT-2-117M__20260514T113259Z,1,0,0.884139358997345,0.11586064100265503
gue_emp_H3K4me1__zhihan1996_DNABERT-2-117M__20260514T113259Z,1,1,0.046594638377428055,0.9534053802490234
gue_emp_H3K4me1__zhihan1996_DNABERT-2-117M__20260514T113259Z,0,1,0.12310183793306351,0.8768981695175171
gue_emp_H3K4me1__zhihan1996_DNABERT-2-117M__20260514T113259Z,0,1,0.31536686420440674,0.6846330761909485
gue_emp_H3K4me1__zhihan1996_DNABERT-2-117M__20260514T113259Z,0,0,0.8776341676712036,0.1223658099770546
gue_emp_H3K4me1__zhihan1996_DNABERT-2-117M__20260514T113259Z,1,1,0.07075196504592896,0.929248034954071
gue_emp_H3K4me1__zhihan1996_DNABERT-2-117M__20260514T113259Z,0,1,0.32917603850364685,0.6708239316940308
gue_emp_H3K4me1__zhihan1996_DNABERT-2-117M__20260514T113259Z,0,0,0.8818185925483704,0.11818139255046844
gue_emp_H3K4me1__zhihan1996_DNABERT-2-117M__20260514T113259Z,1,1,0.05444957688450813,0.9455505013465881
gue_emp_H3K4me1__zhihan1996_DNABERT-2-117M__20260514T113259Z,1,0,0.8371545076370239,0.1628454327583313
gue_emp_H3K4me1__zhihan1996_DNABERT-2-117M__20260514T113259Z,1,1,0.06075190007686615,0.9392480850219727
gue_emp_H3K4me1__zhihan1996_DNABERT-2-117M__20260514T113259Z,1,1,0.0694785863161087,0.9305214285850525
gue_emp_H3K4me1__zhihan1996_DNABERT-2-117M__20260514T113259Z,1,0,0.5475094318389893,0.45249053835868835
gue_emp_H3K4me1__zhihan1996_DNABERT-2-117M__20260514T113259Z,1,1,0.17738297581672668,0.8226170539855957
gue_emp_H3K4me1__zhihan1996_DNABERT-2-117M__20260514T113259Z,1,1,0.08299413323402405,0.9170058369636536
gue_emp_H3K4me1__zhihan1996_DNABERT-2-117M__20260514T113259Z,1,0,0.7386219501495361,0.26137804985046387
gue_emp_H3K4me1__zhihan1996_DNABERT-2-117M__20260514T113259Z,0,1,0.34886693954467773,0.6511330008506775
gue_emp_H3K4me1__zhihan1996_DNABERT-2-117M__20260514T113259Z,0,1,0.1594790518283844,0.840520977973938
gue_emp_H3K4me1__zhihan1996_DNABERT-2-117M__20260514T113259Z,0,1,0.07120272517204285,0.9287972450256348
gue_emp_H3K4me1__zhihan1996_DNABERT-2-117M__20260514T113259Z,1,1,0.04676847159862518,0.9532315135002136
gue_emp_H3K4me1__zhihan1996_DNABERT-2-117M__20260514T113259Z,0,0,0.941600501537323,0.05839952081441879
gue_emp_H3K4me1__zhihan1996_DNABERT-2-117M__20260514T113259Z,1,1,0.16006900370121002,0.8399310111999512
gue_emp_H3K4me1__zhihan1996_DNABERT-2-117M__20260514T113259Z,1,0,0.5570548176765442,0.4429452121257782
gue_emp_H3K4me1__zhihan1996_DNABERT-2-117M__20260514T113259Z,1,0,0.8640238642692566,0.13597612082958221
gue_emp_H3K4me1__zhihan1996_DNABERT-2-117M__20260514T113259Z,0,0,0.9065704345703125,0.0934295728802681
gue_emp_H3K4me1__zhihan1996_DNABERT-2-117M__20260514T113259Z,0,0,0.9711290597915649,0.028870904818177223
gue_emp_H3K4me1__zhihan1996_DNABERT-2-117M__20260514T113259Z,1,0,0.9032942056655884,0.09670579433441162
gue_emp_H3K4me1__zhihan1996_DNABERT-2-117M__20260514T113259Z,1,1,0.4888553023338318,0.5111446976661682
gue_emp_H3K4me1__zhihan1996_DNABERT-2-117M__20260514T113259Z,1,1,0.18213440477848053,0.8178656101226807
gue_emp_H3K4me1__zhihan1996_DNABERT-2-117M__20260514T113259Z,0,1,0.10771874338388443,0.8922812342643738
gue_emp_H3K4me1__zhihan1996_DNABERT-2-117M__20260514T113259Z,1,1,0.35471242666244507,0.6452875733375549
gue_emp_H3K4me1__zhihan1996_DNABERT-2-117M__20260514T113259Z,0,0,0.8262215852737427,0.17377839982509613
gue_emp_H3K4me1__zhihan1996_DNABERT-2-117M__20260514T113259Z,1,1,0.4752362072467804,0.524763822555542
gue_emp_H3K4me1__zhihan1996_DNABERT-2-117M__20260514T113259Z,1,1,0.12511882185935974,0.8748811483383179
gue_emp_H3K4me1__zhihan1996_DNABERT-2-117M__20260514T113259Z,1,1,0.320661723613739,0.679338276386261
gue_emp_H3K4me1__zhihan1996_DNABERT-2-117M__20260514T113259Z,1,0,0.8140527606010437,0.1859472095966339
gue_emp_H3K4me1__zhihan1996_DNABERT-2-117M__20260514T113259Z,1,0,0.6361836194992065,0.36381641030311584
gue_emp_H3K4me1__zhihan1996_DNABERT-2-117M__20260514T113259Z,1,1,0.08874128758907318,0.9112587571144104
gue_emp_H3K4me1__zhihan1996_DNABERT-2-117M__20260514T113259Z,1,1,0.0874079167842865,0.9125921130180359
gue_emp_H3K4me1__zhihan1996_DNABERT-2-117M__20260514T113259Z,1,1,0.06675146520137787,0.9332485198974609
gue_emp_H3K4me1__zhihan1996_DNABERT-2-117M__20260514T113259Z,0,0,0.6837363243103027,0.31626370549201965
gue_emp_H3K4me1__zhihan1996_DNABERT-2-117M__20260514T113259Z,1,1,0.13072867691516876,0.8692712783813477
gue_emp_H3K4me1__zhihan1996_DNABERT-2-117M__20260514T113259Z,0,0,0.9583821892738342,0.041617799550294876
gue_emp_H3K4me1__zhihan1996_DNABERT-2-117M__20260514T113259Z,0,0,0.9633685946464539,0.03663136810064316
gue_emp_H3K4me1__zhihan1996_DNABERT-2-117M__20260514T113259Z,0,1,0.18907149136066437,0.8109285235404968
gue_emp_H3K4me1__zhihan1996_DNABERT-2-117M__20260514T113259Z,1,1,0.2048981785774231,0.7951018214225769
gue_emp_H3K4me1__zhihan1996_DNABERT-2-117M__20260514T113259Z,0,0,0.8737005591392517,0.12629945576190948
gue_emp_H3K4me1__zhihan1996_DNABERT-2-117M__20260514T113259Z,1,1,0.05379964038729668,0.9462003111839294
gue_emp_H3K4me1__zhihan1996_DNABERT-2-117M__20260514T113259Z,1,1,0.05541279539465904,0.944587230682373
gue_emp_H3K4me1__zhihan1996_DNABERT-2-117M__20260514T113259Z,1,1,0.24662406742572784,0.7533760070800781
gue_emp_H3K4me1__zhihan1996_DNABERT-2-117M__20260514T113259Z,1,1,0.07276838272809982,0.9272316098213196
gue_emp_H3K4me1__zhihan1996_DNABERT-2-117M__20260514T113259Z,1,0,0.7140302062034607,0.2859697639942169
gue_emp_H3K4me1__zhihan1996_DNABERT-2-117M__20260514T113259Z,0,1,0.048496004194021225,0.9515040516853333
gue_emp_H3K4me1__zhihan1996_DNABERT-2-117M__20260514T113259Z,1,1,0.2247353047132492,0.7752646803855896
gue_emp_H3K4me1__zhihan1996_DNABERT-2-117M__20260514T113259Z,1,1,0.33496999740600586,0.6650299429893494
gue_emp_H3K4me1__zhihan1996_DNABERT-2-117M__20260514T113259Z,0,0,0.953057050704956,0.046942926943302155
gue_emp_H3K4me1__zhihan1996_DNABERT-2-117M__20260514T113259Z,0,0,0.9502726793289185,0.04972727969288826
gue_emp_H3K4me1__zhihan1996_DNABERT-2-117M__20260514T113259Z,1,1,0.05384937301278114,0.9461506009101868
gue_emp_H3K4me1__zhihan1996_DNABERT-2-117M__20260514T113259Z,0,1,0.463535338640213,0.5364646911621094
gue_emp_H3K4me1__zhihan1996_DNABERT-2-117M__20260514T113259Z,0,1,0.07081620395183563,0.9291837811470032
gue_emp_H3K4me1__zhihan1996_DNABERT-2-117M__20260514T113259Z,1,1,0.0749729722738266,0.925027072429657
gue_emp_H3K4me1__zhihan1996_DNABERT-2-117M__20260514T113259Z,1,1,0.13240233063697815,0.8675976395606995
gue_emp_H3K4me1__zhihan1996_DNABERT-2-117M__20260514T113259Z,0,1,0.3022365868091583,0.6977633833885193
gue_emp_H3K4me1__zhihan1996_DNABERT-2-117M__20260514T113259Z,0,1,0.45821231603622437,0.5417876839637756
gue_emp_H3K4me1__zhihan1996_DNABERT-2-117M__20260514T113259Z,1,1,0.13626320660114288,0.8637367486953735
gue_emp_H3K4me1__zhihan1996_DNABERT-2-117M__20260514T113259Z,0,1,0.10847194492816925,0.8915280699729919
gue_emp_H3K4me1__zhihan1996_DNABERT-2-117M__20260514T113259Z,0,0,0.9624972343444824,0.03750273957848549
gue_emp_H3K4me1__zhihan1996_DNABERT-2-117M__20260514T113259Z,0,0,0.9711564779281616,0.02884354069828987
gue_emp_H3K4me1__zhihan1996_DNABERT-2-117M__20260514T113259Z,0,0,0.8111530542373657,0.18884700536727905
gue_emp_H3K4me1__zhihan1996_DNABERT-2-117M__20260514T113259Z,0,0,0.6584724187850952,0.3415275812149048
gue_emp_H3K4me1__zhihan1996_DNABERT-2-117M__20260514T113259Z,0,0,0.6896714568138123,0.31032848358154297
gue_emp_H3K4me1__zhihan1996_DNABERT-2-117M__20260514T113259Z,0,0,0.9118884801864624,0.08811154961585999
gue_emp_H3K4me1__zhihan1996_DNABERT-2-117M__20260514T113259Z,0,1,0.1427091360092163,0.8572908639907837
gue_emp_H3K4me1__zhihan1996_DNABERT-2-117M__20260514T113259Z,1,1,0.22084617614746094,0.7791538238525391
gue_emp_H3K4me1__zhihan1996_DNABERT-2-117M__20260514T113259Z,1,1,0.09351230412721634,0.9064877033233643
gue_emp_H3K4me1__zhihan1996_DNABERT-2-117M__20260514T113259Z,1,1,0.25210773944854736,0.7478922605514526
gue_emp_H3K4me1__zhihan1996_DNABERT-2-117M__20260514T113259Z,0,0,0.9177460074424744,0.08225394040346146
gue_emp_H3K4me1__zhihan1996_DNABERT-2-117M__20260514T113259Z,1,1,0.25077515840530396,0.749224841594696
gue_emp_H3K4me1__zhihan1996_DNABERT-2-117M__20260514T113259Z,0,0,0.9525741338729858,0.04742587357759476
gue_emp_H3K4me1__zhihan1996_DNABERT-2-117M__20260514T113259Z,1,1,0.061875976622104645,0.9381240010261536
gue_emp_H3K4me1__zhihan1996_DNABERT-2-117M__20260514T113259Z,0,1,0.3622920513153076,0.6377079486846924
gue_emp_H3K4me1__zhihan1996_DNABERT-2-117M__20260514T113259Z,1,1,0.11920291930437088,0.8807970285415649
gue_emp_H3K4me1__zhihan1996_DNABERT-2-117M__20260514T113259Z,0,1,0.13939638435840607,0.8606036305427551
gue_emp_H3K4me1__zhihan1996_DNABERT-2-117M__20260514T113259Z,0,0,0.6907155513763428,0.30928441882133484
gue_emp_H3K4me1__zhihan1996_DNABERT-2-117M__20260514T113259Z,1,1,0.37376150488853455,0.6262384653091431
gue_emp_H3K4me1__zhihan1996_DNABERT-2-117M__20260514T113259Z,1,0,0.5887561440467834,0.41124385595321655
gue_emp_H3K4me1__zhihan1996_DNABERT-2-117M__20260514T113259Z,0,1,0.39694446325302124,0.6030555367469788
gue_emp_H3K4me1__zhihan1996_DNABERT-2-117M__20260514T113259Z,0,1,0.17398883402347565,0.8260111808776855
gue_emp_H3K4me1__zhihan1996_DNABERT-2-117M__20260514T113259Z,1,1,0.05500528961420059,0.9449946880340576
gue_emp_H3K4me1__zhihan1996_DNABERT-2-117M__20260514T113259Z,1,1,0.06075190007686615,0.9392480850219727
gue_emp_H3K4me1__zhihan1996_DNABERT-2-117M__20260514T113259Z,0,0,0.9621787071228027,0.03782128542661667
gue_emp_H3K4me1__zhihan1996_DNABERT-2-117M__20260514T113259Z,1,0,0.6819385886192322,0.31806138157844543
gue_emp_H3K4me1__zhihan1996_DNABERT-2-117M__20260514T113259Z,0,0,0.9464484453201294,0.053551625460386276
gue_emp_H3K4me1__zhihan1996_DNABERT-2-117M__20260514T113259Z,0,1,0.14027737081050873,0.8597226738929749
gue_emp_H3K4me1__zhihan1996_DNABERT-2-117M__20260514T113259Z,0,0,0.9468429088592529,0.053157031536102295
gue_emp_H3K4me1__zhihan1996_DNABERT-2-117M__20260514T113259Z,1,1,0.06644792854785919,0.933552086353302
gue_emp_H3K4me1__zhihan1996_DNABERT-2-117M__20260514T113259Z,1,1,0.08993300050497055,0.9100669622421265
gue_emp_H3K4me1__zhihan1996_DNABERT-2-117M__20260514T113259Z,1,1,0.06578465551137924,0.9342153072357178
gue_emp_H3K4me1__zhihan1996_DNABERT-2-117M__20260514T113259Z,0,0,0.9702116250991821,0.0297883041203022
gue_emp_H3K4me1__zhihan1996_DNABERT-2-117M__20260514T113259Z,0,0,0.9674410820007324,0.032558973878622055
gue_emp_H3K4me1__zhihan1996_DNABERT-2-117M__20260514T113259Z,0,0,0.9264369606971741,0.07356304675340652
gue_emp_H3K4me1__zhihan1996_DNABERT-2-117M__20260514T113259Z,0,1,0.3039383590221405,0.6960616707801819
gue_emp_H3K4me1__zhihan1996_DNABERT-2-117M__20260514T113259Z,0,1,0.04922211542725563,0.9507778882980347
gue_emp_H3K4me1__zhihan1996_DNABERT-2-117M__20260514T113259Z,0,0,0.5553297400474548,0.44467028975486755
gue_emp_H3K4me1__zhihan1996_DNABERT-2-117M__20260514T113259Z,1,1,0.0629042461514473,0.9370958209037781
gue_emp_H3K4me1__zhihan1996_DNABERT-2-117M__20260514T113259Z,0,0,0.8850365877151489,0.1149633452296257
gue_emp_H3K4me1__zhihan1996_DNABERT-2-117M__20260514T113259Z,1,0,0.8644249439239502,0.135575070977211
gue_emp_H3K4me1__zhihan1996_DNABERT-2-117M__20260514T113259Z,0,0,0.7330220937728882,0.2669779360294342
gue_emp_H3K4me1__zhihan1996_DNABERT-2-117M__20260514T113259Z,0,1,0.2324843555688858,0.7675155997276306
gue_emp_H3K4me1__zhihan1996_DNABERT-2-117M__20260514T113259Z,1,1,0.05623634159564972,0.9437636137008667
gue_emp_H3K4me1__zhihan1996_DNABERT-2-117M__20260514T113259Z,1,1,0.052134256809949875,0.9478657245635986
gue_emp_H3K4me1__zhihan1996_DNABERT-2-117M__20260514T113259Z,1,1,0.24689632654190063,0.7531036734580994
gue_emp_H3K4me1__zhihan1996_DNABERT-2-117M__20260514T113259Z,1,1,0.07436570525169373,0.9256342649459839
gue_emp_H3K4me1__zhihan1996_DNABERT-2-117M__20260514T113259Z,1,1,0.1846204698085785,0.8153795003890991
gue_emp_H3K4me1__zhihan1996_DNABERT-2-117M__20260514T113259Z,1,1,0.15746048092842102,0.8425394892692566
gue_emp_H3K4me1__zhihan1996_DNABERT-2-117M__20260514T113259Z,1,1,0.05155818536877632,0.948441743850708
gue_emp_H3K4me1__zhihan1996_DNABERT-2-117M__20260514T113259Z,0,0,0.5776740312576294,0.4223259389400482
gue_emp_H3K4me1__zhihan1996_DNABERT-2-117M__20260514T113259Z,1,1,0.05807814374566078,0.9419218301773071
gue_emp_H3K4me1__zhihan1996_DNABERT-2-117M__20260514T113259Z,1,0,0.6139311790466309,0.38606885075569153
gue_emp_H3K4me1__zhihan1996_DNABERT-2-117M__20260514T113259Z,0,0,0.6440572142601013,0.3559427559375763
gue_emp_H3K4me1__zhihan1996_DNABERT-2-117M__20260514T113259Z,1,1,0.0770302340388298,0.9229697585105896
gue_emp_H3K4me1__zhihan1996_DNABERT-2-117M__20260514T113259Z,1,1,0.1357468068599701,0.8642531633377075
gue_emp_H3K4me1__zhihan1996_DNABERT-2-117M__20260514T113259Z,0,0,0.7581526637077332,0.24184733629226685
gue_emp_H3K4me1__zhihan1996_DNABERT-2-117M__20260514T113259Z,0,1,0.04035123437643051,0.9596487283706665
gue_emp_H3K4me1__zhihan1996_DNABERT-2-117M__20260514T113259Z,1,1,0.2791401743888855,0.7208598256111145
gue_emp_H3K4me1__zhihan1996_DNABERT-2-117M__20260514T113259Z,0,1,0.14959348738193512,0.8504065275192261
gue_emp_H3K4me1__zhihan1996_DNABERT-2-117M__20260514T113259Z,0,0,0.9178933501243591,0.08210661262273788
gue_emp_H3K4me1__zhihan1996_DNABERT-2-117M__20260514T113259Z,0,1,0.11172487586736679,0.8882750868797302
gue_emp_H3K4me1__zhihan1996_DNABERT-2-117M__20260514T113259Z,1,1,0.2903265058994293,0.7096735239028931
gue_emp_H3K4me1__zhihan1996_DNABERT-2-117M__20260514T113259Z,0,0,0.9737945199012756,0.026205411180853844
gue_emp_H3K4me1__zhihan1996_DNABERT-2-117M__20260514T113259Z,1,1,0.07081620395183563,0.9291837811470032
gue_emp_H3K4me1__zhihan1996_DNABERT-2-117M__20260514T113259Z,0,1,0.13078416883945465,0.8692157864570618
gue_emp_H3K4me1__zhihan1996_DNABERT-2-117M__20260514T113259Z,1,1,0.04284217208623886,0.9571578502655029
gue_emp_H3K4me1__zhihan1996_DNABERT-2-117M__20260514T113259Z,0,0,0.9607312679290771,0.03926875442266464
gue_emp_H3K4me1__zhihan1996_DNABERT-2-117M__20260514T113259Z,0,1,0.28756770491600037,0.7124322652816772
gue_emp_H3K4me1__zhihan1996_DNABERT-2-117M__20260514T113259Z,0,1,0.06238814443349838,0.9376118779182434
gue_emp_H3K4me1__zhihan1996_DNABERT-2-117M__20260514T113259Z,1,1,0.041695769876241684,0.958304226398468
gue_emp_H3K4me1__zhihan1996_DNABERT-2-117M__20260514T113259Z,0,1,0.23997220396995544,0.7600278258323669
gue_emp_H3K4me1__zhihan1996_DNABERT-2-117M__20260514T113259Z,1,1,0.075380340218544,0.9246196150779724
gue_emp_H3K4me1__zhihan1996_DNABERT-2-117M__20260514T113259Z,1,1,0.18787653744220734,0.8121234178543091
gue_emp_H3K4me1__zhihan1996_DNABERT-2-117M__20260514T113259Z,0,0,0.9699281454086304,0.030071839690208435
gue_emp_H3K4me1__zhihan1996_DNABERT-2-117M__20260514T113259Z,1,1,0.04577726870775223,0.9542226791381836
gue_emp_H3K4me1__zhihan1996_DNABERT-2-117M__20260514T113259Z,0,0,0.8726732134819031,0.12732674181461334
gue_emp_H3K4me1__zhihan1996_DNABERT-2-117M__20260514T113259Z,0,0,0.8287310004234314,0.1712689995765686
gue_emp_H3K4me1__zhihan1996_DNABERT-2-117M__20260514T113259Z,0,0,0.9636775851249695,0.0363224633038044
gue_emp_H3K4me1__zhihan1996_DNABERT-2-117M__20260514T113259Z,1,1,0.06998536735773087,0.9300146102905273
gue_emp_H3K4me1__zhihan1996_DNABERT-2-117M__20260514T113259Z,1,1,0.16145241260528564,0.8385475873947144
gue_emp_H3K4me1__zhihan1996_DNABERT-2-117M__20260514T113259Z,1,0,0.6357313990592957,0.36426857113838196
gue_emp_H3K4me1__zhihan1996_DNABERT-2-117M__20260514T113259Z,1,1,0.06859986484050751,0.9314001798629761
gue_emp_H3K4me1__zhihan1996_DNABERT-2-117M__20260514T113259Z,0,0,0.9414929747581482,0.058507006615400314
gue_emp_H3K4me1__zhihan1996_DNABERT-2-117M__20260514T113259Z,0,0,0.9226218461990356,0.07737810164690018
gue_emp_H3K4me1__zhihan1996_DNABERT-2-117M__20260514T113259Z,0,0,0.9703524708747864,0.02964751236140728
gue_emp_H3K4me1__zhihan1996_DNABERT-2-117M__20260514T113259Z,0,1,0.10203596949577332,0.8979640603065491
gue_emp_H3K4me1__zhihan1996_DNABERT-2-117M__20260514T113259Z,1,1,0.24059613049030304,0.7594038844108582
gue_emp_H3K4me1__zhihan1996_DNABERT-2-117M__20260514T113259Z,1,1,0.04720577225089073,0.9527941942214966
gue_emp_H3K4me1__zhihan1996_DNABERT-2-117M__20260514T113259Z,1,1,0.07296629995107651,0.9270336627960205
gue_emp_H3K4me1__zhihan1996_DNABERT-2-117M__20260514T113259Z,1,1,0.33274391293525696,0.6672561168670654
gue_emp_H3K4me1__zhihan1996_DNABERT-2-117M__20260514T113259Z,1,0,0.5963450074195862,0.4036549925804138
gue_emp_H3K4me1__zhihan1996_DNABERT-2-117M__20260514T113259Z,0,0,0.68668532371521,0.3133147358894348
gue_emp_H3K4me1__zhihan1996_DNABERT-2-117M__20260514T113259Z,0,0,0.9261703491210938,0.07382971048355103
gue_emp_H3K4me1__zhihan1996_DNABERT-2-117M__20260514T113259Z,1,1,0.12847046554088593,0.8715295791625977
gue_emp_H3K4me1__zhihan1996_DNABERT-2-117M__20260514T113259Z,0,0,0.8775817155838013,0.12241826206445694
gue_emp_H3K4me1__zhihan1996_DNABERT-2-117M__20260514T113259Z,1,0,0.5411019921302795,0.45889803767204285
gue_emp_H3K4me1__zhihan1996_DNABERT-2-117M__20260514T113259Z,1,1,0.04344689100980759,0.9565531015396118
gue_emp_H3K4me1__zhihan1996_DNABERT-2-117M__20260514T113259Z,1,1,0.22151903808116913,0.7784809470176697
gue_emp_H3K4me1__zhihan1996_DNABERT-2-117M__20260514T113259Z,1,1,0.24409262835979462,0.7559073567390442
gue_emp_H3K4me1__zhihan1996_DNABERT-2-117M__20260514T113259Z,0,0,0.7941455841064453,0.2058544158935547
gue_emp_H3K4me1__zhihan1996_DNABERT-2-117M__20260514T113259Z,0,1,0.13597612082958221,0.8640238642692566
gue_emp_H3K4me1__zhihan1996_DNABERT-2-117M__20260514T113259Z,0,0,0.8350804448127747,0.16491955518722534
gue_emp_H3K4me1__zhihan1996_DNABERT-2-117M__20260514T113259Z,1,1,0.07296629995107651,0.9270336627960205
gue_emp_H3K4me1__zhihan1996_DNABERT-2-117M__20260514T113259Z,0,1,0.17210227251052856,0.8278976678848267
gue_emp_H3K4me1__zhihan1996_DNABERT-2-117M__20260514T113259Z,0,0,0.9064049124717712,0.09359512478113174
gue_emp_H3K4me1__zhihan1996_DNABERT-2-117M__20260514T113259Z,1,0,0.8451772928237915,0.15482273697853088
gue_emp_H3K4me1__zhihan1996_DNABERT-2-117M__20260514T113259Z,1,1,0.054651033133268356,0.9453489780426025
gue_emp_H3K4me1__zhihan1996_DNABERT-2-117M__20260514T113259Z,0,1,0.08050192892551422,0.9194981455802917
gue_emp_H3K4me1__zhihan1996_DNABERT-2-117M__20260514T113259Z,0,1,0.10894504189491272,0.8910549879074097
gue_emp_H3K4me1__zhihan1996_DNABERT-2-117M__20260514T113259Z,0,0,0.6519644856452942,0.3480355143547058
gue_emp_H3K4me1__zhihan1996_DNABERT-2-117M__20260514T113259Z,0,0,0.9715099930763245,0.02849004417657852
gue_emp_H3K4me1__zhihan1996_DNABERT-2-117M__20260514T113259Z,1,1,0.09964530169963837,0.9003546833992004
gue_emp_H3K4me1__zhihan1996_DNABERT-2-117M__20260514T113259Z,1,1,0.1583694964647293,0.8416305184364319
gue_emp_H3K4me1__zhihan1996_DNABERT-2-117M__20260514T113259Z,1,1,0.11935680359601974,0.8806431889533997
gue_emp_H3K4me1__zhihan1996_DNABERT-2-117M__20260514T113259Z,0,0,0.834811270236969,0.1651887148618698
gue_emp_H3K4me1__zhihan1996_DNABERT-2-117M__20260514T113259Z,1,1,0.24707794189453125,0.7529220581054688
gue_emp_H3K4me1__zhihan1996_DNABERT-2-117M__20260514T113259Z,0,1,0.04304284602403641,0.9569571614265442
gue_emp_H3K4me1__zhihan1996_DNABERT-2-117M__20260514T113259Z,0,1,0.34842342138290405,0.651576578617096
gue_emp_H3K4me1__zhihan1996_DNABERT-2-117M__20260514T113259Z,1,1,0.1563623696565628,0.8436376452445984
gue_emp_H3K4me1__zhihan1996_DNABERT-2-117M__20260514T113259Z,1,1,0.09773432463407516,0.902265727519989
gue_emp_H3K4me1__zhihan1996_DNABERT-2-117M__20260514T113259Z,1,0,0.9127477407455444,0.08725224435329437
gue_emp_H3K4me1__zhihan1996_DNABERT-2-117M__20260514T113259Z,1,1,0.05198967084288597,0.9480103254318237
gue_emp_H3K4me1__zhihan1996_DNABERT-2-117M__20260514T113259Z,0,0,0.6827852725982666,0.317214697599411
gue_emp_H3K4me1__zhihan1996_DNABERT-2-117M__20260514T113259Z,0,0,0.9459012746810913,0.054098695516586304
gue_emp_H3K4me1__zhihan1996_DNABERT-2-117M__20260514T113259Z,1,0,0.7807461023330688,0.21925392746925354
gue_emp_H3K4me1__zhihan1996_DNABERT-2-117M__20260514T113259Z,1,1,0.07599521428346634,0.9240047931671143
gue_emp_H3K4me1__zhihan1996_DNABERT-2-117M__20260514T113259Z,1,1,0.3495882749557495,0.6504117250442505
gue_emp_H3K4me1__zhihan1996_DNABERT-2-117M__20260514T113259Z,0,1,0.40809980034828186,0.5919001698493958
gue_emp_H3K4me1__zhihan1996_DNABERT-2-117M__20260514T113259Z,1,1,0.07243961095809937,0.9275604486465454
gue_emp_H3K4me1__zhihan1996_DNABERT-2-117M__20260514T113259Z,0,1,0.49512019753456116,0.5048797726631165
gue_emp_H3K4me1__zhihan1996_DNABERT-2-117M__20260514T113259Z,0,0,0.9607312679290771,0.03926875442266464
gue_emp_H3K4me1__zhihan1996_DNABERT-2-117M__20260514T113259Z,0,1,0.1243724524974823,0.8756275177001953
gue_emp_H3K4me1__zhihan1996_DNABERT-2-117M__20260514T113259Z,1,1,0.15934816002845764,0.84065181016922
gue_emp_H3K4me1__zhihan1996_DNABERT-2-117M__20260514T113259Z,1,1,0.04324442148208618,0.9567555785179138
gue_emp_H3K4me1__zhihan1996_DNABERT-2-117M__20260514T113259Z,0,0,0.9684708714485168,0.03152918443083763
gue_emp_H3K4me1__zhihan1996_DNABERT-2-117M__20260514T113259Z,0,1,0.16988736391067505,0.830112636089325
gue_emp_H3K4me1__zhihan1996_DNABERT-2-117M__20260514T113259Z,0,0,0.9509148001670837,0.049085184931755066
gue_emp_H3K4me1__zhihan1996_DNABERT-2-117M__20260514T113259Z,0,1,0.06742378324270248,0.9325762391090393
gue_emp_H3K4me1__zhihan1996_DNABERT-2-117M__20260514T113259Z,0,1,0.3911733329296112,0.6088266372680664
gue_emp_H3K4me1__zhihan1996_DNABERT-2-117M__20260514T113259Z,0,0,0.9657061100006104,0.034293949604034424
gue_emp_H3K4me1__zhihan1996_DNABERT-2-117M__20260514T113259Z,1,1,0.1846204698085785,0.8153795003890991
gue_emp_H3K4me1__zhihan1996_DNABERT-2-117M__20260514T113259Z,1,1,0.2380184680223465,0.7619816064834595
gue_emp_H3K4me1__zhihan1996_DNABERT-2-117M__20260514T113259Z,1,1,0.0810093805193901,0.9189906120300293
gue_emp_H3K4me1__zhihan1996_DNABERT-2-117M__20260514T113259Z,1,1,0.047470010817050934,0.952530026435852
gue_emp_H3K4me1__zhihan1996_DNABERT-2-117M__20260514T113259Z,1,1,0.0427221953868866,0.957277774810791
gue_emp_H3K4me1__zhihan1996_DNABERT-2-117M__20260514T113259Z,1,1,0.11726853251457214,0.8827314972877502
gue_emp_H3K4me1__zhihan1996_DNABERT-2-117M__20260514T113259Z,0,1,0.4387551248073578,0.5612448453903198
gue_emp_H3K4me1__zhihan1996_DNABERT-2-117M__20260514T113259Z,0,0,0.8193880319595337,0.18061193823814392
gue_emp_H3K4me1__zhihan1996_DNABERT-2-117M__20260514T113259Z,0,0,0.9718859195709229,0.02811405621469021
gue_emp_H3K4me1__zhihan1996_DNABERT-2-117M__20260514T113259Z,0,1,0.409633994102478,0.5903659462928772
gue_emp_H3K4me1__zhihan1996_DNABERT-2-117M__20260514T113259Z,1,1,0.09130105376243591,0.9086989760398865
gue_emp_H3K4me1__zhihan1996_DNABERT-2-117M__20260514T113259Z,1,1,0.04224549978971481,0.9577545523643494
gue_emp_H3K4me1__zhihan1996_DNABERT-2-117M__20260514T113259Z,0,0,0.7088680267333984,0.29113197326660156
gue_emp_H3K4me1__zhihan1996_DNABERT-2-117M__20260514T113259Z,1,1,0.1823527067899704,0.8176472783088684
gue_emp_H3K4me1__zhihan1996_DNABERT-2-117M__20260514T113259Z,0,0,0.8323729634284973,0.16762705147266388
gue_emp_H3K4me1__zhihan1996_DNABERT-2-117M__20260514T113259Z,0,1,0.10521053522825241,0.894789457321167
gue_emp_H3K4me1__zhihan1996_DNABERT-2-117M__20260514T113259Z,1,1,0.2885690927505493,0.7114308476448059
gue_emp_H3K4me1__zhihan1996_DNABERT-2-117M__20260514T113259Z,0,0,0.7432146072387695,0.25678539276123047
gue_emp_H3K4me1__zhihan1996_DNABERT-2-117M__20260514T113259Z,0,1,0.47470346093177795,0.5252965092658997
gue_emp_H3K4me1__zhihan1996_DNABERT-2-117M__20260514T113259Z,1,1,0.05495454743504524,0.9450454711914062
gue_emp_H3K4me1__zhihan1996_DNABERT-2-117M__20260514T113259Z,0,1,0.08262328058481216,0.917376697063446
gue_emp_H3K4me1__zhihan1996_DNABERT-2-117M__20260514T113259Z,1,1,0.05189348757266998,0.9481064677238464
gue_emp_H3K4me1__zhihan1996_DNABERT-2-117M__20260514T113259Z,0,0,0.9119669198989868,0.08803310990333557
gue_emp_H3K4me1__zhihan1996_DNABERT-2-117M__20260514T113259Z,0,0,0.6195000410079956,0.3804999589920044
gue_emp_H3K4me1__zhihan1996_DNABERT-2-117M__20260514T113259Z,1,1,0.3231130540370941,0.6768869757652283
gue_emp_H3K4me1__zhihan1996_DNABERT-2-117M__20260514T113259Z,1,1,0.2465333640575409,0.7534666657447815
gue_emp_H3K4me1__zhihan1996_DNABERT-2-117M__20260514T113259Z,1,1,0.0974762812256813,0.9025237560272217
gue_emp_H3K4me1__zhihan1996_DNABERT-2-117M__20260514T113259Z,1,1,0.17838266491889954,0.8216173648834229
gue_emp_H3K4me1__zhihan1996_DNABERT-2-117M__20260514T113259Z,0,1,0.2785020172595978,0.7214980125427246
gue_emp_H3K4me1__zhihan1996_DNABERT-2-117M__20260514T113259Z,0,0,0.887546181678772,0.11245380342006683
gue_emp_H3K4me1__zhihan1996_DNABERT-2-117M__20260514T113259Z,1,1,0.37281912565231323,0.6271808743476868
gue_emp_H3K4me1__zhihan1996_DNABERT-2-117M__20260514T113259Z,0,0,0.9558166265487671,0.04418332129716873
gue_emp_H3K4me1__zhihan1996_DNABERT-2-117M__20260514T113259Z,1,1,0.055977750569581985,0.9440222382545471
gue_emp_H3K4me1__zhihan1996_DNABERT-2-117M__20260514T113259Z,0,1,0.173638254404068,0.8263617753982544
gue_emp_H3K4me1__zhihan1996_DNABERT-2-117M__20260514T113259Z,0,0,0.6913931965827942,0.3086068332195282
gue_emp_H3K4me1__zhihan1996_DNABERT-2-117M__20260514T113259Z,1,1,0.07139671593904495,0.9286032319068909
gue_emp_H3K4me1__zhihan1996_DNABERT-2-117M__20260514T113259Z,1,0,0.79302579164505,0.20697419345378876
gue_emp_H3K4me1__zhihan1996_DNABERT-2-117M__20260514T113259Z,1,1,0.3184851109981537,0.6815148591995239
gue_emp_H3K4me1__zhihan1996_DNABERT-2-117M__20260514T113259Z,1,1,0.07613248378038406,0.9238675236701965
gue_emp_H3K4me1__zhihan1996_DNABERT-2-117M__20260514T113259Z,0,1,0.12934772670269012,0.8706523180007935
gue_emp_H3K4me1__zhihan1996_DNABERT-2-117M__20260514T113259Z,0,0,0.7544629573822021,0.24553699791431427
gue_emp_H3K4me1__zhihan1996_DNABERT-2-117M__20260514T113259Z,0,1,0.2512800693511963,0.7487199306488037
gue_emp_H3K4me1__zhihan1996_DNABERT-2-117M__20260514T113259Z,1,1,0.08733005076646805,0.9126699566841125
gue_emp_H3K4me1__zhihan1996_DNABERT-2-117M__20260514T113259Z,1,1,0.06596492975950241,0.934035062789917
gue_emp_H3K4me1__zhihan1996_DNABERT-2-117M__20260514T113259Z,1,1,0.24095314741134644,0.7590468525886536
gue_emp_H3K4me1__zhihan1996_DNABERT-2-117M__20260514T113259Z,0,0,0.9483940601348877,0.051605962216854095
gue_emp_H3K4me1__zhihan1996_DNABERT-2-117M__20260514T113259Z,0,0,0.9412774443626404,0.05872255191206932
gue_emp_H3K4me1__zhihan1996_DNABERT-2-117M__20260514T113259Z,0,0,0.9067357778549194,0.09326425939798355
gue_emp_H3K4me1__zhihan1996_DNABERT-2-117M__20260514T113259Z,0,0,0.8209723830223083,0.17902763187885284
gue_emp_H3K4me1__zhihan1996_DNABERT-2-117M__20260514T113259Z,0,0,0.9345147609710693,0.06548520922660828
gue_emp_H3K4me1__zhihan1996_DNABERT-2-117M__20260514T113259Z,1,1,0.10079008340835571,0.8992099165916443
gue_emp_H3K4me1__zhihan1996_DNABERT-2-117M__20260514T113259Z,0,0,0.8160401582717896,0.18395982682704926
gue_emp_H3K4me1__zhihan1996_DNABERT-2-117M__20260514T113259Z,0,1,0.4817938208580017,0.5182061195373535
gue_emp_H3K4me1__zhihan1996_DNABERT-2-117M__20260514T113259Z,1,0,0.8543993234634399,0.14560063183307648
gue_emp_H3K4me1__zhihan1996_DNABERT-2-117M__20260514T113259Z,0,1,0.40186381340026855,0.5981361865997314
gue_emp_H3K4me1__zhihan1996_DNABERT-2-117M__20260514T113259Z,0,0,0.9248914122581482,0.07510852813720703
gue_emp_H3K4me1__zhihan1996_DNABERT-2-117M__20260514T113259Z,1,1,0.07165613770484924,0.9283438920974731
gue_emp_H3K4me1__zhihan1996_DNABERT-2-117M__20260514T113259Z,1,1,0.04698663949966431,0.9530133008956909
gue_emp_H3K4me1__zhihan1996_DNABERT-2-117M__20260514T113259Z,0,1,0.20016653835773468,0.7998334765434265
gue_emp_H3K4me1__zhihan1996_DNABERT-2-117M__20260514T113259Z,0,1,0.207375168800354,0.7926247715950012
gue_emp_H3K4me1__zhihan1996_DNABERT-2-117M__20260514T113259Z,1,1,0.1755380630493164,0.8244618773460388
gue_emp_H3K4me1__zhihan1996_DNABERT-2-117M__20260514T113259Z,0,1,0.07349652051925659,0.9265034794807434
gue_emp_H3K4me1__zhihan1996_DNABERT-2-117M__20260514T113259Z,1,1,0.06301947683095932,0.9369805455207825
gue_emp_H3K4me1__zhihan1996_DNABERT-2-117M__20260514T113259Z,0,1,0.1063188686966896,0.8936811685562134
gue_emp_H3K4me1__zhihan1996_DNABERT-2-117M__20260514T113259Z,1,1,0.3817380368709564,0.618261992931366
gue_emp_H3K4me1__zhihan1996_DNABERT-2-117M__20260514T113259Z,0,0,0.7799091339111328,0.22009089589118958
gue_emp_H3K4me1__zhihan1996_DNABERT-2-117M__20260514T113259Z,1,1,0.17695587873458862,0.8230441212654114
gue_emp_H3K4me1__zhihan1996_DNABERT-2-117M__20260514T113259Z,1,1,0.46640506386756897,0.5335949659347534
gue_emp_H3K4me1__zhihan1996_DNABERT-2-117M__20260514T113259Z,0,0,0.9007918834686279,0.09920808672904968
gue_emp_H3K4me1__zhihan1996_DNABERT-2-117M__20260514T113259Z,0,0,0.8369547128677368,0.1630452573299408
gue_emp_H3K4me1__zhihan1996_DNABERT-2-117M__20260514T113259Z,1,0,0.7343577146530151,0.26564228534698486
gue_emp_H3K4me1__zhihan1996_DNABERT-2-117M__20260514T113259Z,1,0,0.5400219559669495,0.4599780738353729
gue_emp_H3K4me1__zhihan1996_DNABERT-2-117M__20260514T113259Z,0,0,0.9593832492828369,0.040616776794195175
gue_emp_H3K4me1__zhihan1996_DNABERT-2-117M__20260514T113259Z,0,0,0.5174108743667603,0.48258912563323975
gue_emp_H3K4me1__zhihan1996_DNABERT-2-117M__20260514T113259Z,0,0,0.90456622838974,0.09543373435735703
gue_emp_H3K4me1__zhihan1996_DNABERT-2-117M__20260514T113259Z,1,1,0.12787029147148132,0.8721297383308411
gue_emp_H3K4me1__zhihan1996_DNABERT-2-117M__20260514T113259Z,1,1,0.04119143635034561,0.9588085412979126
gue_emp_H3K4me1__zhihan1996_DNABERT-2-117M__20260514T113259Z,1,1,0.09534946084022522,0.9046505093574524
gue_emp_H3K4me1__zhihan1996_DNABERT-2-117M__20260514T113259Z,1,1,0.05360114574432373,0.9463988542556763
gue_emp_H3K4me1__zhihan1996_DNABERT-2-117M__20260514T113259Z,1,1,0.04590541869401932,0.954094648361206
gue_emp_H3K4me1__zhihan1996_DNABERT-2-117M__20260514T113259Z,1,1,0.06465348601341248,0.9353464841842651
gue_emp_H3K4me1__zhihan1996_DNABERT-2-117M__20260514T113259Z,0,1,0.46632909774780273,0.5336709022521973
gue_emp_H3K4me1__zhihan1996_DNABERT-2-117M__20260514T113259Z,0,0,0.868882417678833,0.131117582321167
gue_emp_H3K4me1__zhihan1996_DNABERT-2-117M__20260514T113259Z,1,0,0.9678993225097656,0.032100703567266464
gue_emp_H3K4me1__zhihan1996_DNABERT-2-117M__20260514T113259Z,1,1,0.09309922903776169,0.9069007635116577
gue_emp_H3K4me1__zhihan1996_DNABERT-2-117M__20260514T113259Z,0,0,0.6158967614173889,0.3841032385826111
gue_emp_H3K4me1__zhihan1996_DNABERT-2-117M__20260514T113259Z,0,0,0.8505927920341492,0.14940722286701202
gue_emp_H3K4me1__zhihan1996_DNABERT-2-117M__20260514T113259Z,1,1,0.09065493941307068,0.9093450307846069
gue_emp_H3K4me1__zhihan1996_DNABERT-2-117M__20260514T113259Z,1,1,0.04577726870775223,0.9542226791381836
gue_emp_H3K4me1__zhihan1996_DNABERT-2-117M__20260514T113259Z,0,0,0.9713745713233948,0.028625505045056343
gue_emp_H3K4me1__zhihan1996_DNABERT-2-117M__20260514T113259Z,1,0,0.5197498798370361,0.48025012016296387
gue_emp_H3K4me1__zhihan1996_DNABERT-2-117M__20260514T113259Z,0,0,0.7802441716194153,0.21975582838058472
gue_emp_H3K4me1__zhihan1996_DNABERT-2-117M__20260514T113259Z,1,1,0.26564228534698486,0.7343577146530151
gue_emp_H3K4me1__zhihan1996_DNABERT-2-117M__20260514T113259Z,1,1,0.05165378004312515,0.9483462572097778
gue_emp_H3K4me1__zhihan1996_DNABERT-2-117M__20260514T113259Z,1,1,0.2461707442998886,0.753829300403595
gue_emp_H3K4me1__zhihan1996_DNABERT-2-117M__20260514T113259Z,0,1,0.09376094490289688,0.9062390327453613
gue_emp_H3K4me1__zhihan1996_DNABERT-2-117M__20260514T113259Z,1,1,0.047381769865751266,0.9526181817054749
gue_emp_H3K4me1__zhihan1996_DNABERT-2-117M__20260514T113259Z,0,0,0.5993971824645996,0.400602787733078
gue_emp_H3K4me1__zhihan1996_DNABERT-2-117M__20260514T113259Z,1,1,0.12410682439804077,0.875893235206604
gue_emp_H3K4me1__zhihan1996_DNABERT-2-117M__20260514T113259Z,1,1,0.2120688110589981,0.7879312038421631
gue_emp_H3K4me1__zhihan1996_DNABERT-2-117M__20260514T113259Z,1,1,0.1445106565952301,0.8554893136024475
gue_emp_H3K4me1__zhihan1996_DNABERT-2-117M__20260514T113259Z,1,1,0.1174202486872673,0.8825797438621521
gue_emp_H3K4me1__zhihan1996_DNABERT-2-117M__20260514T113259Z,0,0,0.9343352913856506,0.06566473096609116
gue_emp_H3K4me1__zhihan1996_DNABERT-2-117M__20260514T113259Z,0,0,0.8392734527587891,0.16072656214237213
gue_emp_H3K4me1__zhihan1996_DNABERT-2-117M__20260514T113259Z,1,1,0.07592666894197464,0.9240732789039612
gue_emp_H3K4me1__zhihan1996_DNABERT-2-117M__20260514T113259Z,0,0,0.8887588381767273,0.11124120652675629
gue_emp_H3K4me1__zhihan1996_DNABERT-2-117M__20260514T113259Z,0,1,0.09170696884393692,0.9082930684089661
gue_emp_H3K4me1__zhihan1996_DNABERT-2-117M__20260514T113259Z,0,0,0.6983294486999512,0.30167052149772644
gue_emp_H3K4me1__zhihan1996_DNABERT-2-117M__20260514T113259Z,0,0,0.9319595694541931,0.06804041564464569
gue_emp_H3K4me1__zhihan1996_DNABERT-2-117M__20260514T113259Z,1,1,0.05872255191206932,0.9412774443626404
gue_emp_H3K4me1__zhihan1996_DNABERT-2-117M__20260514T113259Z,1,1,0.09964530169963837,0.9003546833992004
gue_emp_H3K4me1__zhihan1996_DNABERT-2-117M__20260514T113259Z,0,0,0.8026329278945923,0.1973671168088913
gue_emp_H3K4me1__zhihan1996_DNABERT-2-117M__20260514T113259Z,0,0,0.8682692646980286,0.13173069059848785
gue_emp_H3K4me1__zhihan1996_DNABERT-2-117M__20260514T113259Z,0,1,0.06903792172670364,0.930962085723877
gue_emp_H3K4me1__zhihan1996_DNABERT-2-117M__20260514T113259Z,1,1,0.23899394273757935,0.7610060572624207
gue_emp_H3K4me1__zhihan1996_DNABERT-2-117M__20260514T113259Z,0,1,0.3364400267601013,0.6635599136352539
gue_emp_H3K4me1__zhihan1996_DNABERT-2-117M__20260514T113259Z,1,0,0.9124361872673035,0.08756384253501892
gue_emp_H3K4me1__zhihan1996_DNABERT-2-117M__20260514T113259Z,1,1,0.05582314357161522,0.9441768527030945
gue_emp_H3K4me1__zhihan1996_DNABERT-2-117M__20260514T113259Z,0,0,0.859545886516571,0.14045409858226776
gue_emp_H3K4me1__zhihan1996_DNABERT-2-117M__20260514T113259Z,0,0,0.9694979190826416,0.03050205111503601
gue_emp_H3K4me1__zhihan1996_DNABERT-2-117M__20260514T113259Z,1,1,0.11299101263284683,0.8870089650154114
gue_emp_H3K4me1__zhihan1996_DNABERT-2-117M__20260514T113259Z,0,0,0.9356999397277832,0.0643000602722168
gue_emp_H3K4me1__zhihan1996_DNABERT-2-117M__20260514T113259Z,0,1,0.20149877667427063,0.798501193523407
gue_emp_H3K4me1__zhihan1996_DNABERT-2-117M__20260514T113259Z,1,1,0.10212547332048416,0.8978744745254517
gue_emp_H3K4me1__zhihan1996_DNABERT-2-117M__20260514T113259Z,1,0,0.8836884498596191,0.11631157994270325
gue_emp_H3K4me1__zhihan1996_DNABERT-2-117M__20260514T113259Z,1,1,0.09704755991697311,0.9029524326324463
gue_emp_H3K4me1__zhihan1996_DNABERT-2-117M__20260514T113259Z,1,1,0.20071429014205933,0.7992857098579407
gue_emp_H3K4me1__zhihan1996_DNABERT-2-117M__20260514T113259Z,0,1,0.06483088433742523,0.9351691007614136
gue_emp_H3K4me1__zhihan1996_DNABERT-2-117M__20260514T113259Z,0,0,0.8872045874595642,0.11279541254043579
gue_emp_H3K4me1__zhihan1996_DNABERT-2-117M__20260514T113259Z,1,1,0.20323270559310913,0.7967672944068909
gue_emp_H3K4me1__zhihan1996_DNABERT-2-117M__20260514T113259Z,1,1,0.2539535164833069,0.7460464835166931
gue_emp_H3K4me1__zhihan1996_DNABERT-2-117M__20260514T113259Z,0,0,0.8500956892967224,0.14990434050559998
gue_emp_H3K4me1__zhihan1996_DNABERT-2-117M__20260514T113259Z,0,1,0.214115709066391,0.7858843207359314
gue_emp_H3K4me1__zhihan1996_DNABERT-2-117M__20260514T113259Z,0,0,0.5054243206977844,0.49457573890686035
gue_emp_H3K4me1__zhihan1996_DNABERT-2-117M__20260514T113259Z,0,0,0.73829185962677,0.2617080807685852
gue_emp_H3K4me1__zhihan1996_DNABERT-2-117M__20260514T113259Z,1,1,0.06816437840461731,0.9318356513977051
gue_emp_H3K4me1__zhihan1996_DNABERT-2-117M__20260514T113259Z,1,1,0.04791353642940521,0.9520864486694336
gue_emp_H3K4me1__zhihan1996_DNABERT-2-117M__20260514T113259Z,0,0,0.8705973029136658,0.12940272688865662
gue_emp_H3K4me1__zhihan1996_DNABERT-2-117M__20260514T113259Z,1,1,0.05738753452897072,0.9426124691963196
gue_emp_H3K4me1__zhihan1996_DNABERT-2-117M__20260514T113259Z,1,1,0.04073109105229378,0.9592689275741577
gue_emp_H3K4me1__zhihan1996_DNABERT-2-117M__20260514T113259Z,0,1,0.055310651659965515,0.9446893334388733
gue_emp_H3K4me1__zhihan1996_DNABERT-2-117M__20260514T113259Z,1,0,0.896885335445404,0.10311470925807953
gue_emp_H3K4me1__zhihan1996_DNABERT-2-117M__20260514T113259Z,0,0,0.6484664082527161,0.3515336513519287
gue_emp_H3K4me1__zhihan1996_DNABERT-2-117M__20260514T113259Z,0,0,0.9705485105514526,0.029451480135321617
gue_emp_H3K4me1__zhihan1996_DNABERT-2-117M__20260514T113259Z,1,1,0.12754392623901367,0.8724561333656311
gue_emp_H3K4me1__zhihan1996_DNABERT-2-117M__20260514T113259Z,0,0,0.8928431868553162,0.10715685039758682
gue_emp_H3K4me1__zhihan1996_DNABERT-2-117M__20260514T113259Z,0,0,0.9026095867156982,0.09739039093255997
gue_emp_H3K4me1__zhihan1996_DNABERT-2-117M__20260514T113259Z,0,0,0.9413852691650391,0.058614686131477356
gue_emp_H3K4me1__zhihan1996_DNABERT-2-117M__20260514T113259Z,0,1,0.07049557566642761,0.92950439453125
gue_emp_H3K4me1__zhihan1996_DNABERT-2-117M__20260514T113259Z,1,0,0.660062849521637,0.3399371802806854
gue_emp_H3K4me1__zhihan1996_DNABERT-2-117M__20260514T113259Z,0,0,0.7500954270362854,0.24990461766719818
gue_emp_H3K4me1__zhihan1996_DNABERT-2-117M__20260514T113259Z,0,0,0.9549003839492798,0.045099563896656036
gue_emp_H3K4me1__zhihan1996_DNABERT-2-117M__20260514T113259Z,0,0,0.8934953808784485,0.10650458931922913
gue_emp_H3K4me1__zhihan1996_DNABERT-2-117M__20260514T113259Z,1,1,0.0630771592259407,0.9369227886199951
gue_emp_H3K4me1__zhihan1996_DNABERT-2-117M__20260514T113259Z,0,0,0.9537942409515381,0.04620574787259102
gue_emp_H3K4me1__zhihan1996_DNABERT-2-117M__20260514T113259Z,1,1,0.05964694544672966,0.9403530955314636
gue_emp_H3K4me1__zhihan1996_DNABERT-2-117M__20260514T113259Z,0,0,0.941600501537323,0.05839952081441879
gue_emp_H3K4me1__zhihan1996_DNABERT-2-117M__20260514T113259Z,1,0,0.6722779273986816,0.32772207260131836
gue_emp_H3K4me1__zhihan1996_DNABERT-2-117M__20260514T113259Z,1,1,0.11976799368858337,0.8802319765090942
gue_emp_H3K4me1__zhihan1996_DNABERT-2-117M__20260514T113259Z,1,1,0.08717449754476547,0.9128255248069763
gue_emp_H3K4me1__zhihan1996_DNABERT-2-117M__20260514T113259Z,1,1,0.04633503779768944,0.953665018081665
gue_emp_H3K4me1__zhihan1996_DNABERT-2-117M__20260514T113259Z,0,0,0.9167826771736145,0.08321738243103027
gue_emp_H3K4me1__zhihan1996_DNABERT-2-117M__20260514T113259Z,0,0,0.879561185836792,0.12043881416320801
gue_emp_H3K4me1__zhihan1996_DNABERT-2-117M__20260514T113259Z,1,1,0.07250525057315826,0.9274948239326477
gue_emp_H3K4me1__zhihan1996_DNABERT-2-117M__20260514T113259Z,1,1,0.11676400899887085,0.8832359910011292
gue_emp_H3K4me1__zhihan1996_DNABERT-2-117M__20260514T113259Z,1,1,0.18624302744865417,0.8137569427490234
gue_emp_H3K4me1__zhihan1996_DNABERT-2-117M__20260514T113259Z,0,0,0.9779887795448303,0.022011231631040573
gue_emp_H3K4me1__zhihan1996_DNABERT-2-117M__20260514T113259Z,0,0,0.9494354724884033,0.05056452751159668
gue_emp_H3K4me1__zhihan1996_DNABERT-2-117M__20260514T113259Z,0,0,0.9191359281539917,0.08086410164833069
gue_emp_H3K4me1__zhihan1996_DNABERT-2-117M__20260514T113259Z,0,1,0.11308892071247101,0.8869110941886902
gue_emp_H3K4me1__zhihan1996_DNABERT-2-117M__20260514T113259Z,0,0,0.826151430606842,0.17384852468967438
gue_emp_H3K4me1__zhihan1996_DNABERT-2-117M__20260514T113259Z,0,0,0.9212868809700012,0.07871317118406296
gue_emp_H3K4me1__zhihan1996_DNABERT-2-117M__20260514T113259Z,1,1,0.12463857978582382,0.875361442565918
gue_emp_H3K4me1__zhihan1996_DNABERT-2-117M__20260514T113259Z,0,1,0.05281401798129082,0.9471859931945801
gue_emp_H3K4me1__zhihan1996_DNABERT-2-117M__20260514T113259Z,1,1,0.08014123141765594,0.9198587536811829
gue_emp_H3K4me1__zhihan1996_DNABERT-2-117M__20260514T113259Z,0,1,0.18257123231887817,0.8174288272857666
gue_emp_H3K4me1__zhihan1996_DNABERT-2-117M__20260514T113259Z,1,1,0.28517282009124756,0.7148271203041077
gue_emp_H3K4me1__zhihan1996_DNABERT-2-117M__20260514T113259Z,1,1,0.06330841034650803,0.9366915822029114
gue_emp_H3K4me1__zhihan1996_DNABERT-2-117M__20260514T113259Z,0,1,0.13403742015361786,0.865962564945221
gue_emp_H3K4me1__zhihan1996_DNABERT-2-117M__20260514T113259Z,1,1,0.07928158342838287,0.9207183718681335
gue_emp_H3K4me1__zhihan1996_DNABERT-2-117M__20260514T113259Z,0,0,0.9189178347587585,0.08108211308717728
gue_emp_H3K4me1__zhihan1996_DNABERT-2-117M__20260514T113259Z,0,1,0.1629786342382431,0.8370213508605957
gue_emp_H3K4me1__zhihan1996_DNABERT-2-117M__20260514T113259Z,0,0,0.9167081117630005,0.0832919254899025
gue_emp_H3K4me1__zhihan1996_DNABERT-2-117M__20260514T113259Z,0,0,0.9492005109786987,0.05079945921897888
gue_emp_H3K4me1__zhihan1996_DNABERT-2-117M__20260514T113259Z,1,1,0.20008836686611176,0.7999116778373718
gue_emp_H3K4me1__zhihan1996_DNABERT-2-117M__20260514T113259Z,1,1,0.060197051614522934,0.9398029446601868
gue_emp_H3K4me1__zhihan1996_DNABERT-2-117M__20260514T113259Z,1,1,0.05455021560192108,0.9454497694969177
gue_emp_H3K4me1__zhihan1996_DNABERT-2-117M__20260514T113259Z,0,0,0.9658352136611938,0.03416481614112854
gue_emp_H3K4me1__zhihan1996_DNABERT-2-117M__20260514T113259Z,1,1,0.3569508492946625,0.6430491209030151
gue_emp_H3K4me1__zhihan1996_DNABERT-2-117M__20260514T113259Z,0,1,0.31986451148986816,0.6801354885101318
gue_emp_H3K4me1__zhihan1996_DNABERT-2-117M__20260514T113259Z,0,1,0.12646116316318512,0.8735387921333313
gue_emp_H3K4me1__zhihan1996_DNABERT-2-117M__20260514T113259Z,0,0,0.9524415731430054,0.04755839705467224
gue_emp_H3K4me1__zhihan1996_DNABERT-2-117M__20260514T113259Z,1,1,0.13730095326900482,0.8626990914344788
gue_emp_H3K4me1__zhihan1996_DNABERT-2-117M__20260514T113259Z,1,1,0.08181270956993103,0.9181873202323914
gue_emp_H3K4me1__zhihan1996_DNABERT-2-117M__20260514T113259Z,1,1,0.2573916018009186,0.7426084280014038
gue_emp_H3K4me1__zhihan1996_DNABERT-2-117M__20260514T113259Z,1,1,0.09105828404426575,0.9089417457580566
gue_emp_H3K4me1__zhihan1996_DNABERT-2-117M__20260514T113259Z,1,1,0.11466560512781143,0.8853343725204468
gue_emp_H3K4me1__zhihan1996_DNABERT-2-117M__20260514T113259Z,0,0,0.6604461669921875,0.3395538032054901
gue_emp_H3K4me1__zhihan1996_DNABERT-2-117M__20260514T113259Z,1,0,0.9478657245635986,0.052134256809949875
gue_emp_H3K4me1__zhihan1996_DNABERT-2-117M__20260514T113259Z,1,0,0.5500333905220032,0.44996657967567444
gue_emp_H3K4me1__zhihan1996_DNABERT-2-117M__20260514T113259Z,0,1,0.323006272315979,0.676993727684021
gue_emp_H3K4me1__zhihan1996_DNABERT-2-117M__20260514T113259Z,0,0,0.6985865831375122,0.3014134466648102
gue_emp_H3K4me1__zhihan1996_DNABERT-2-117M__20260514T113259Z,1,1,0.1771693229675293,0.8228306770324707
gue_emp_H3K4me1__zhihan1996_DNABERT-2-117M__20260514T113259Z,0,0,0.9323918223381042,0.06760823726654053
gue_emp_H3K4me1__zhihan1996_DNABERT-2-117M__20260514T113259Z,1,1,0.05296076461672783,0.9470391869544983
gue_emp_H3K4me1__zhihan1996_DNABERT-2-117M__20260514T113259Z,0,1,0.4931568503379822,0.5068431496620178
gue_emp_H3K4me1__zhihan1996_DNABERT-2-117M__20260514T113259Z,0,0,0.7568071484565735,0.24319282174110413
gue_emp_H3K4me1__zhihan1996_DNABERT-2-117M__20260514T113259Z,1,1,0.16204826533794403,0.8379517793655396
gue_emp_H3K4me1__zhihan1996_DNABERT-2-117M__20260514T113259Z,1,1,0.06131153553724289,0.9386884570121765
gue_emp_H3K4me1__zhihan1996_DNABERT-2-117M__20260514T113259Z,1,1,0.13122887909412384,0.8687711358070374
gue_emp_H3K4me1__zhihan1996_DNABERT-2-117M__20260514T113259Z,1,1,0.2952299118041992,0.7047700881958008
gue_emp_H3K4me1__zhihan1996_DNABERT-2-117M__20260514T113259Z,1,1,0.08701921254396439,0.9129807949066162
gue_emp_H3K4me1__zhihan1996_DNABERT-2-117M__20260514T113259Z,0,0,0.9743616580963135,0.025638297200202942
gue_emp_H3K4me1__zhihan1996_DNABERT-2-117M__20260514T113259Z,1,0,0.8491598963737488,0.15084005892276764
gue_emp_H3K4me1__zhihan1996_DNABERT-2-117M__20260514T113259Z,0,0,0.9517735838890076,0.04822634160518646
gue_emp_H3K4me1__zhihan1996_DNABERT-2-117M__20260514T113259Z,1,1,0.17335817217826843,0.8266417980194092
gue_emp_H3K4me1__zhihan1996_DNABERT-2-117M__20260514T113259Z,0,0,0.9720721244812012,0.027927875518798828
gue_emp_H3K4me1__zhihan1996_DNABERT-2-117M__20260514T113259Z,1,1,0.06560483574867249,0.9343951344490051
gue_emp_H3K4me1__zhihan1996_DNABERT-2-117M__20260514T113259Z,0,0,0.9504110217094421,0.04958902299404144
gue_emp_H3K4me1__zhihan1996_DNABERT-2-117M__20260514T113259Z,1,1,0.09696201235055923,0.903037965297699
gue_emp_H3K4me1__zhihan1996_DNABERT-2-117M__20260514T113259Z,1,1,0.06336633861064911,0.9366336464881897
gue_emp_H3K4me1__zhihan1996_DNABERT-2-117M__20260514T113259Z,1,1,0.23187501728534698,0.7681249380111694
gue_emp_H3K4me1__zhihan1996_DNABERT-2-117M__20260514T113259Z,1,1,0.13072867691516876,0.8692712783813477
gue_emp_H3K4me1__zhihan1996_DNABERT-2-117M__20260514T113259Z,0,0,0.942081868648529,0.057918086647987366
gue_emp_H3K4me1__zhihan1996_DNABERT-2-117M__20260514T113259Z,1,1,0.06471257656812668,0.9352874159812927
gue_emp_H3K4me1__zhihan1996_DNABERT-2-117M__20260514T113259Z,0,1,0.34654128551483154,0.6534587144851685
gue_emp_H3K4me1__zhihan1996_DNABERT-2-117M__20260514T113259Z,0,1,0.38291993737220764,0.6170800924301147
gue_emp_H3K4me1__zhihan1996_DNABERT-2-117M__20260514T113259Z,0,0,0.929440438747406,0.07055959850549698
gue_emp_H3K4me1__zhihan1996_DNABERT-2-117M__20260514T113259Z,0,0,0.9533619284629822,0.04663803428411484
gue_emp_H3K4me1__zhihan1996_DNABERT-2-117M__20260514T113259Z,0,0,0.8661325573921204,0.13386750221252441
gue_emp_H3K4me1__zhihan1996_DNABERT-2-117M__20260514T113259Z,0,0,0.854884684085846,0.14511536061763763
gue_emp_H3K4me1__zhihan1996_DNABERT-2-117M__20260514T113259Z,0,0,0.9532750844955444,0.04672495648264885
gue_emp_H3K4me1__zhihan1996_DNABERT-2-117M__20260514T113259Z,1,1,0.0478690080344677,0.9521309733390808
gue_emp_H3K4me1__zhihan1996_DNABERT-2-117M__20260514T113259Z,0,0,0.9412234425544739,0.058776553720235825
gue_emp_H3K4me1__zhihan1996_DNABERT-2-117M__20260514T113259Z,1,0,0.7269589900970459,0.2730410099029541
gue_emp_H3K4me1__zhihan1996_DNABERT-2-117M__20260514T113259Z,0,0,0.9613528251647949,0.03864719718694687
gue_emp_H3K4me1__zhihan1996_DNABERT-2-117M__20260514T113259Z,0,0,0.8139788508415222,0.1860211193561554
gue_emp_H3K4me1__zhihan1996_DNABERT-2-117M__20260514T113259Z,0,0,0.9663469791412354,0.03365296125411987
gue_emp_H3K4me1__zhihan1996_DNABERT-2-117M__20260514T113259Z,1,1,0.16218090057373047,0.8378191590309143
gue_emp_H3K4me1__zhihan1996_DNABERT-2-117M__20260514T113259Z,1,1,0.1032954752445221,0.8967044949531555
gue_emp_H3K4me1__zhihan1996_DNABERT-2-117M__20260514T113259Z,1,0,0.5622215867042542,0.43777844309806824
gue_emp_H3K4me1__zhihan1996_DNABERT-2-117M__20260514T113259Z,1,1,0.07423137128353119,0.9257686138153076
gue_emp_H3K4me1__zhihan1996_DNABERT-2-117M__20260514T113259Z,0,1,0.10402136296033859,0.8959786295890808
gue_emp_H3K4me1__zhihan1996_DNABERT-2-117M__20260514T113259Z,0,1,0.05242456868290901,0.9475754499435425
gue_emp_H3K4me1__zhihan1996_DNABERT-2-117M__20260514T113259Z,1,0,0.8944211602210999,0.10557884722948074
gue_emp_H3K4me1__zhihan1996_DNABERT-2-117M__20260514T113259Z,1,1,0.057123973965644836,0.9428760409355164
gue_emp_H3K4me1__zhihan1996_DNABERT-2-117M__20260514T113259Z,1,1,0.0643000602722168,0.9356999397277832
gue_emp_H3K4me1__zhihan1996_DNABERT-2-117M__20260514T113259Z,1,0,0.5660784840583801,0.4339215159416199
gue_emp_H3K4me1__zhihan1996_DNABERT-2-117M__20260514T113259Z,1,1,0.27129995822906494,0.7287001013755798
gue_emp_H3K4me1__zhihan1996_DNABERT-2-117M__20260514T113259Z,1,1,0.12662309408187866,0.8733769059181213
gue_emp_H3K4me1__zhihan1996_DNABERT-2-117M__20260514T113259Z,0,0,0.967625081539154,0.03237491101026535
gue_emp_H3K4me1__zhihan1996_DNABERT-2-117M__20260514T113259Z,0,0,0.9420285820960999,0.05797139182686806
gue_emp_H3K4me1__zhihan1996_DNABERT-2-117M__20260514T113259Z,0,0,0.8028648495674133,0.19713515043258667
gue_emp_H3K4me1__zhihan1996_DNABERT-2-117M__20260514T113259Z,1,0,0.7075562477111816,0.29244372248649597
gue_emp_H3K4me1__zhihan1996_DNABERT-2-117M__20260514T113259Z,0,0,0.7993640899658203,0.20063598453998566
gue_emp_H3K4me1__zhihan1996_DNABERT-2-117M__20260514T113259Z,1,0,0.6785399913787842,0.32145997881889343
gue_emp_H3K4me1__zhihan1996_DNABERT-2-117M__20260514T113259Z,1,1,0.2872177064418793,0.7127823233604431
gue_emp_H3K4me1__zhihan1996_DNABERT-2-117M__20260514T113259Z,0,1,0.35639065504074097,0.643609344959259
gue_emp_H3K4me1__zhihan1996_DNABERT-2-117M__20260514T113259Z,1,0,0.6199891567230225,0.3800109028816223
gue_emp_H3K4me1__zhihan1996_DNABERT-2-117M__20260514T113259Z,0,0,0.9624972343444824,0.03750273957848549
gue_emp_H3K4me1__zhihan1996_DNABERT-2-117M__20260514T113259Z,1,1,0.11260009557008743,0.8873999118804932
gue_emp_H3K4me1__zhihan1996_DNABERT-2-117M__20260514T113259Z,1,1,0.07409726083278656,0.9259026646614075
gue_emp_H3K4me1__zhihan1996_DNABERT-2-117M__20260514T113259Z,0,0,0.9084556102752686,0.09154440462589264
gue_emp_H3K4me1__zhihan1996_DNABERT-2-117M__20260514T113259Z,1,1,0.054399315267801285,0.945600688457489
gue_emp_H3K4me1__zhihan1996_DNABERT-2-117M__20260514T113259Z,1,0,0.8761583566665649,0.12384166568517685
gue_emp_H3K4me1__zhihan1996_DNABERT-2-117M__20260514T113259Z,1,1,0.057018864899873734,0.9429811239242554
gue_emp_H3K4me1__zhihan1996_DNABERT-2-117M__20260514T113259Z,0,0,0.7814140319824219,0.21858596801757812
gue_emp_H3K4me1__zhihan1996_DNABERT-2-117M__20260514T113259Z,0,0,0.9746528267860413,0.02534717693924904
gue_emp_H3K4me1__zhihan1996_DNABERT-2-117M__20260514T113259Z,0,0,0.8283147811889648,0.17168524861335754
gue_emp_H3K4me1__zhihan1996_DNABERT-2-117M__20260514T113259Z,1,1,0.10257407277822495,0.8974258899688721
gue_emp_H3K4me1__zhihan1996_DNABERT-2-117M__20260514T113259Z,1,0,0.9696707129478455,0.030329255387187004
gue_emp_H3K4me1__zhihan1996_DNABERT-2-117M__20260514T113259Z,1,1,0.12352412194013596,0.8764759302139282
gue_emp_H3K4me1__zhihan1996_DNABERT-2-117M__20260514T113259Z,1,1,0.0420483723282814,0.9579516053199768
gue_emp_H3K4me1__zhihan1996_DNABERT-2-117M__20260514T113259Z,1,0,0.769166886806488,0.2308330535888672
gue_emp_H3K4me1__zhihan1996_DNABERT-2-117M__20260514T113259Z,1,0,0.7193835973739624,0.2806164026260376
gue_emp_H3K4me1__zhihan1996_DNABERT-2-117M__20260514T113259Z,1,1,0.13660839200019836,0.863391637802124
gue_emp_H3K4me1__zhihan1996_DNABERT-2-117M__20260514T113259Z,0,1,0.4373278021812439,0.5626721978187561
gue_emp_H3K4me1__zhihan1996_DNABERT-2-117M__20260514T113259Z,0,0,0.9793145656585693,0.020685462281107903
gue_emp_H3K4me1__zhihan1996_DNABERT-2-117M__20260514T113259Z,0,1,0.21833586692810059,0.7816640734672546
gue_emp_H3K4me1__zhihan1996_DNABERT-2-117M__20260514T113259Z,1,1,0.06693421304225922,0.9330658316612244
gue_emp_H3K4me1__zhihan1996_DNABERT-2-117M__20260514T113259Z,0,1,0.2832358479499817,0.7167640924453735
gue_emp_H3K4me1__zhihan1996_DNABERT-2-117M__20260514T113259Z,0,1,0.11981949210166931,0.8801805377006531
gue_emp_H3K4me1__zhihan1996_DNABERT-2-117M__20260514T113259Z,1,0,0.8536689877510071,0.1463310569524765
gue_emp_H3K4me1__zhihan1996_DNABERT-2-117M__20260514T113259Z,1,1,0.3468177914619446,0.6531822681427002
gue_emp_H3K4me1__zhihan1996_DNABERT-2-117M__20260514T113259Z,0,0,0.9111006855964661,0.08889935910701752
gue_emp_H3K4me1__zhihan1996_DNABERT-2-117M__20260514T113259Z,0,1,0.4432840943336487,0.5567159652709961
gue_emp_H3K4me1__zhihan1996_DNABERT-2-117M__20260514T113259Z,1,1,0.0787840187549591,0.9212159514427185
gue_emp_H3K4me1__zhihan1996_DNABERT-2-117M__20260514T113259Z,1,1,0.054248809814453125,0.9457511901855469
gue_emp_H3K4me1__zhihan1996_DNABERT-2-117M__20260514T113259Z,0,0,0.9374402165412903,0.06255973130464554
gue_emp_H3K4me1__zhihan1996_DNABERT-2-117M__20260514T113259Z,1,1,0.12803372740745544,0.8719663023948669
gue_emp_H3K4me1__zhihan1996_DNABERT-2-117M__20260514T113259Z,0,1,0.16810448467731476,0.8318955302238464
gue_emp_H3K4me1__zhihan1996_DNABERT-2-117M__20260514T113259Z,1,1,0.035813190042972565,0.9641867876052856
gue_emp_H3K4me1__zhihan1996_DNABERT-2-117M__20260514T113259Z,1,1,0.19536371529102325,0.8046362400054932
gue_emp_H3K4me1__zhihan1996_DNABERT-2-117M__20260514T113259Z,1,1,0.09025323390960693,0.9097468256950378
gue_emp_H3K4me1__zhihan1996_DNABERT-2-117M__20260514T113259Z,1,1,0.05510690063238144,0.9448931217193604
gue_emp_H3K4me1__zhihan1996_DNABERT-2-117M__20260514T113259Z,1,1,0.06554500013589859,0.9344549775123596
gue_emp_H3K4me1__zhihan1996_DNABERT-2-117M__20260514T113259Z,1,1,0.0676698088645935,0.9323301911354065
gue_emp_H3K4me1__zhihan1996_DNABERT-2-117M__20260514T113259Z,0,1,0.05384937301278114,0.9461506009101868
gue_emp_H3K4me1__zhihan1996_DNABERT-2-117M__20260514T113259Z,1,0,0.8587778210639954,0.14122219383716583
gue_emp_H3K4me1__zhihan1996_DNABERT-2-117M__20260514T113259Z,0,1,0.17265954613685608,0.8273404240608215
gue_emp_H3K4me1__zhihan1996_DNABERT-2-117M__20260514T113259Z,1,1,0.07243961095809937,0.9275604486465454
gue_emp_H3K4me1__zhihan1996_DNABERT-2-117M__20260514T113259Z,0,0,0.9663152694702148,0.03368473798036575
gue_emp_H3K4me1__zhihan1996_DNABERT-2-117M__20260514T113259Z,1,1,0.045521996915340424,0.9544779658317566
gue_emp_H3K4me1__zhihan1996_DNABERT-2-117M__20260514T113259Z,1,0,0.6294329762458801,0.3705669939517975
gue_emp_H3K4me1__zhihan1996_DNABERT-2-117M__20260514T113259Z,1,1,0.18337418138980865,0.8166258931159973
gue_emp_H3K4me1__zhihan1996_DNABERT-2-117M__20260514T113259Z,0,1,0.3954843580722809,0.6045156717300415
gue_emp_H3K4me1__zhihan1996_DNABERT-2-117M__20260514T113259Z,0,0,0.8298370838165283,0.17016297578811646
gue_emp_H3K4me1__zhihan1996_DNABERT-2-117M__20260514T113259Z,1,0,0.9218515157699585,0.0781484842300415
gue_emp_H3K4me1__zhihan1996_DNABERT-2-117M__20260514T113259Z,1,1,0.08578583598136902,0.9142141938209534
gue_emp_H3K4me1__zhihan1996_DNABERT-2-117M__20260514T113259Z,0,0,0.9656736254692078,0.03432630002498627
gue_emp_H3K4me1__zhihan1996_DNABERT-2-117M__20260514T113259Z,0,0,0.9155072569847107,0.0844927579164505
gue_emp_H3K4me1__zhihan1996_DNABERT-2-117M__20260514T113259Z,1,1,0.1540575474500656,0.8459424376487732
gue_emp_H3K4me1__zhihan1996_DNABERT-2-117M__20260514T113259Z,0,1,0.4909220039844513,0.5090779662132263
gue_emp_H3K4me1__zhihan1996_DNABERT-2-117M__20260514T113259Z,0,0,0.9673795104026794,0.032620545476675034
gue_emp_H3K4me1__zhihan1996_DNABERT-2-117M__20260514T113259Z,0,0,0.6648667454719543,0.33513322472572327
gue_emp_H3K4me1__zhihan1996_DNABERT-2-117M__20260514T113259Z,0,0,0.7686463594436646,0.23135361075401306
gue_emp_H3K4me1__zhihan1996_DNABERT-2-117M__20260514T113259Z,0,0,0.735214114189148,0.26478588581085205
gue_emp_H3K4me1__zhihan1996_DNABERT-2-117M__20260514T113259Z,1,1,0.17617498338222504,0.8238250017166138
gue_emp_H3K4me1__zhihan1996_DNABERT-2-117M__20260514T113259Z,0,0,0.8652810454368591,0.13471899926662445
gue_emp_H3K4me1__zhihan1996_DNABERT-2-117M__20260514T113259Z,0,0,0.9257686138153076,0.07423137128353119
gue_emp_H3K4me1__zhihan1996_DNABERT-2-117M__20260514T113259Z,1,0,0.5650587677955627,0.43494123220443726
gue_emp_H3K4me1__zhihan1996_DNABERT-2-117M__20260514T113259Z,0,1,0.2401503473520279,0.7598496675491333
gue_emp_H3K4me1__zhihan1996_DNABERT-2-117M__20260514T113259Z,0,0,0.8905324339866638,0.10946754366159439
gue_emp_H3K4me1__zhihan1996_DNABERT-2-117M__20260514T113259Z,1,1,0.08670935779809952,0.9132906198501587
gue_emp_H3K4me1__zhihan1996_DNABERT-2-117M__20260514T113259Z,0,0,0.9259026646614075,0.07409726083278656
gue_emp_H3K4me1__zhihan1996_DNABERT-2-117M__20260514T113259Z,1,1,0.07443295419216156,0.925567090511322
gue_emp_H3K4me1__zhihan1996_DNABERT-2-117M__20260514T113259Z,1,1,0.2805177867412567,0.7194821834564209
gue_emp_H3K4me1__zhihan1996_DNABERT-2-117M__20260514T113259Z,1,1,0.10105591267347336,0.898944079875946
gue_emp_H3K4me1__zhihan1996_DNABERT-2-117M__20260514T113259Z,0,0,0.9732407331466675,0.026759283617138863
gue_emp_H3K4me1__zhihan1996_DNABERT-2-117M__20260514T113259Z,1,1,0.14199377596378326,0.8580061793327332
gue_emp_H3K4me1__zhihan1996_DNABERT-2-117M__20260514T113259Z,0,0,0.9029524326324463,0.09704755991697311
gue_emp_H3K4me1__zhihan1996_DNABERT-2-117M__20260514T113259Z,1,1,0.1483553946018219,0.8516445755958557
gue_emp_H3K4me1__zhihan1996_DNABERT-2-117M__20260514T113259Z,1,1,0.08291985839605331,0.9170801043510437
gue_emp_H3K4me1__zhihan1996_DNABERT-2-117M__20260514T113259Z,1,1,0.07276838272809982,0.9272316098213196
gue_emp_H3K4me1__zhihan1996_DNABERT-2-117M__20260514T113259Z,1,1,0.03864719718694687,0.9613528251647949
gue_emp_H3K4me1__zhihan1996_DNABERT-2-117M__20260514T113259Z,1,0,0.8332568407058716,0.1667432337999344
gue_emp_H3K4me1__zhihan1996_DNABERT-2-117M__20260514T113259Z,0,0,0.9655764698982239,0.034423548728227615
gue_emp_H3K4me1__zhihan1996_DNABERT-2-117M__20260514T113259Z,1,1,0.18082883954048157,0.8191711902618408
gue_emp_H3K4me1__zhihan1996_DNABERT-2-117M__20260514T113259Z,0,1,0.06069619953632355,0.9393038749694824
gue_emp_H3K4me1__zhihan1996_DNABERT-2-117M__20260514T113259Z,1,1,0.0772387906908989,0.9227612018585205
gue_emp_H3K4me1__zhihan1996_DNABERT-2-117M__20260514T113259Z,1,1,0.08985311537981033,0.9101468920707703
gue_emp_H3K4me1__zhihan1996_DNABERT-2-117M__20260514T113259Z,1,1,0.08494709432125092,0.9150528311729431
gue_emp_H3K4me1__zhihan1996_DNABERT-2-117M__20260514T113259Z,1,1,0.39828941226005554,0.6017106175422668
gue_emp_H3K4me1__zhihan1996_DNABERT-2-117M__20260514T113259Z,1,1,0.05079945921897888,0.9492005109786987
gue_emp_H3K4me1__zhihan1996_DNABERT-2-117M__20260514T113259Z,1,0,0.7299531102180481,0.2700468599796295
gue_emp_H3K4me1__zhihan1996_DNABERT-2-117M__20260514T113259Z,0,1,0.11377637088298798,0.8862236142158508
gue_emp_H3K4me1__zhihan1996_DNABERT-2-117M__20260514T113259Z,0,1,0.15889087319374084,0.8411091566085815
gue_emp_H3K4me1__zhihan1996_DNABERT-2-117M__20260514T113259Z,1,1,0.04917643591761589,0.9508236050605774
gue_emp_H3K4me1__zhihan1996_DNABERT-2-117M__20260514T113259Z,0,0,0.6529056429862976,0.3470943570137024
gue_emp_H3K4me1__zhihan1996_DNABERT-2-117M__20260514T113259Z,0,0,0.6053616404533386,0.3946382999420166
gue_emp_H3K4me1__zhihan1996_DNABERT-2-117M__20260514T113259Z,1,1,0.059373658150434494,0.940626323223114
gue_emp_H3K4me1__zhihan1996_DNABERT-2-117M__20260514T113259Z,0,0,0.9734434485435486,0.02655657008290291
gue_emp_H3K4me1__zhihan1996_DNABERT-2-117M__20260514T113259Z,0,0,0.8800774812698364,0.11992251873016357
gue_emp_H3K4me1__zhihan1996_DNABERT-2-117M__20260514T113259Z,1,1,0.12054231762886047,0.8794577121734619
gue_emp_H3K4me1__zhihan1996_DNABERT-2-117M__20260514T113259Z,0,1,0.129733145236969,0.8702667951583862
gue_emp_H3K4me1__zhihan1996_DNABERT-2-117M__20260514T113259Z,1,1,0.09687653928995132,0.9031234383583069
gue_emp_H3K4me1__zhihan1996_DNABERT-2-117M__20260514T113259Z,1,1,0.25210773944854736,0.7478922605514526
gue_emp_H3K4me1__zhihan1996_DNABERT-2-117M__20260514T113259Z,0,1,0.45184043049812317,0.5481595993041992
gue_emp_H3K4me1__zhihan1996_DNABERT-2-117M__20260514T113259Z,0,0,0.7138307690620422,0.28616926074028015
gue_emp_H3K4me1__zhihan1996_DNABERT-2-117M__20260514T113259Z,0,1,0.2631257474422455,0.7368742227554321
gue_emp_H3K4me1__zhihan1996_DNABERT-2-117M__20260514T113259Z,1,0,0.9145200252532959,0.0854799747467041
gue_emp_H3K4me1__zhihan1996_DNABERT-2-117M__20260514T113259Z,0,0,0.974190354347229,0.025809619575738907
gue_emp_H3K4me1__zhihan1996_DNABERT-2-117M__20260514T113259Z,1,1,0.050988148897886276,0.9490118622779846
gue_emp_H3K4me1__zhihan1996_DNABERT-2-117M__20260514T113259Z,0,0,0.6065858602523804,0.39341413974761963
gue_emp_H3K4me1__zhihan1996_DNABERT-2-117M__20260514T113259Z,0,0,0.8092760443687439,0.19072401523590088
gue_emp_H3K4me1__zhihan1996_DNABERT-2-117M__20260514T113259Z,1,1,0.2270406037569046,0.7729593515396118
gue_emp_H3K4me1__zhihan1996_DNABERT-2-117M__20260514T113259Z,1,1,0.04328484833240509,0.9567152261734009
gue_emp_H3K4me1__zhihan1996_DNABERT-2-117M__20260514T113259Z,0,0,0.8369547128677368,0.1630452573299408
gue_emp_H3K4me1__zhihan1996_DNABERT-2-117M__20260514T113259Z,0,0,0.9555686116218567,0.04443143308162689
gue_emp_H3K4me1__zhihan1996_DNABERT-2-117M__20260514T113259Z,1,1,0.2082594335079193,0.7917405366897583
gue_emp_H3K4me1__zhihan1996_DNABERT-2-117M__20260514T113259Z,1,1,0.09154440462589264,0.9084556102752686
gue_emp_H3K4me1__zhihan1996_DNABERT-2-117M__20260514T113259Z,1,0,0.8976953029632568,0.10230471193790436
gue_emp_H3K4me1__zhihan1996_DNABERT-2-117M__20260514T113259Z,0,0,0.9730108976364136,0.026989132165908813
gue_emp_H3K4me1__zhihan1996_DNABERT-2-117M__20260514T113259Z,0,0,0.8032509684562683,0.1967490315437317
gue_emp_H3K4me1__zhihan1996_DNABERT-2-117M__20260514T113259Z,0,0,0.7962924242019653,0.2037075310945511
gue_emp_H3K4me1__zhihan1996_DNABERT-2-117M__20260514T113259Z,1,1,0.19110113382339478,0.8088988661766052
gue_emp_H3K4me1__zhihan1996_DNABERT-2-117M__20260514T113259Z,1,1,0.0443485826253891,0.9556514620780945
gue_emp_H3K4me1__zhihan1996_DNABERT-2-117M__20260514T113259Z,0,0,0.8099533319473267,0.19004666805267334
gue_emp_H3K4me1__zhihan1996_DNABERT-2-117M__20260514T113259Z,1,1,0.21659092605113983,0.783409059047699
gue_emp_H3K4me1__zhihan1996_DNABERT-2-117M__20260514T113259Z,1,1,0.04958902299404144,0.9504110217094421
gue_emp_H3K4me1__zhihan1996_DNABERT-2-117M__20260514T113259Z,0,0,0.9165588617324829,0.08344117552042007
gue_emp_H3K4me1__zhihan1996_DNABERT-2-117M__20260514T113259Z,1,1,0.268317848443985,0.7316821217536926
gue_emp_H3K4me1__zhihan1996_DNABERT-2-117M__20260514T113259Z,0,1,0.22354651987552643,0.7764534950256348
gue_emp_H3K4me1__zhihan1996_DNABERT-2-117M__20260514T113259Z,0,0,0.9354054927825928,0.06459445506334305
gue_emp_H3K4me1__zhihan1996_DNABERT-2-117M__20260514T113259Z,1,0,0.9320833086967468,0.06791667640209198
gue_emp_H3K4me1__zhihan1996_DNABERT-2-117M__20260514T113259Z,1,0,0.7115812301635742,0.2884187400341034
gue_emp_H3K4me1__zhihan1996_DNABERT-2-117M__20260514T113259Z,0,0,0.8919052481651306,0.10809476673603058
gue_emp_H3K4me1__zhihan1996_DNABERT-2-117M__20260514T113259Z,0,0,0.917376697063446,0.08262328058481216
gue_emp_H3K4me1__zhihan1996_DNABERT-2-117M__20260514T113259Z,1,1,0.06662989407777786,0.9333701133728027
gue_emp_H3K4me1__zhihan1996_DNABERT-2-117M__20260514T113259Z,1,1,0.08586245030164719,0.9141375422477722
gue_emp_H3K4me1__zhihan1996_DNABERT-2-117M__20260514T113259Z,1,1,0.15501448512077332,0.8449854850769043
gue_emp_H3K4me1__zhihan1996_DNABERT-2-117M__20260514T113259Z,1,1,0.24355244636535645,0.7564474940299988
gue_emp_H3K4me1__zhihan1996_DNABERT-2-117M__20260514T113259Z,1,1,0.10438598692417145,0.895613968372345
gue_emp_H3K4me1__zhihan1996_DNABERT-2-117M__20260514T113259Z,0,0,0.9407352805137634,0.05926467105746269
gue_emp_H3K4me1__zhihan1996_DNABERT-2-117M__20260514T113259Z,1,1,0.19790910184383392,0.8020908832550049
gue_emp_H3K4me1__zhihan1996_DNABERT-2-117M__20260514T113259Z,1,1,0.06058495119214058,0.9394150376319885
gue_emp_H3K4me1__zhihan1996_DNABERT-2-117M__20260514T113259Z,0,1,0.06804041564464569,0.9319595694541931
gue_emp_H3K4me1__zhihan1996_DNABERT-2-117M__20260514T113259Z,1,1,0.3800972104072571,0.6199027895927429
gue_emp_H3K4me1__zhihan1996_DNABERT-2-117M__20260514T113259Z,1,1,0.15797939896583557,0.842020571231842
gue_emp_H3K4me1__zhihan1996_DNABERT-2-117M__20260514T113259Z,0,0,0.9158841967582703,0.08411581069231033
gue_emp_H3K4me1__zhihan1996_DNABERT-2-117M__20260514T113259Z,0,0,0.9700985550880432,0.029901405796408653
gue_emp_H3K4me1__zhihan1996_DNABERT-2-117M__20260514T113259Z,0,0,0.8487215638160706,0.15127839148044586
gue_emp_H3K4me1__zhihan1996_DNABERT-2-117M__20260514T113259Z,0,1,0.4412967562675476,0.5587032437324524
gue_emp_H3K4me1__zhihan1996_DNABERT-2-117M__20260514T113259Z,0,0,0.95743727684021,0.04256272688508034
gue_emp_H3K4me1__zhihan1996_DNABERT-2-117M__20260514T113259Z,0,0,0.8265018463134766,0.17349815368652344
gue_emp_H3K4me1__zhihan1996_DNABERT-2-117M__20260514T113259Z,1,1,0.10980120301246643,0.890198826789856
gue_emp_H3K4me1__zhihan1996_DNABERT-2-117M__20260514T113259Z,0,0,0.9009662866592407,0.09903369098901749
gue_emp_H3K4me1__zhihan1996_DNABERT-2-117M__20260514T113259Z,0,1,0.4588184654712677,0.5411815047264099
gue_emp_H3K4me1__zhihan1996_DNABERT-2-117M__20260514T113259Z,1,0,0.9568363428115845,0.04316368326544762
gue_emp_H3K4me1__zhihan1996_DNABERT-2-117M__20260514T113259Z,1,1,0.07772741466760635,0.9222726225852966
gue_emp_H3K4me1__zhihan1996_DNABERT-2-117M__20260514T113259Z,0,0,0.928083598613739,0.07191641628742218
gue_emp_H3K4me1__zhihan1996_DNABERT-2-117M__20260514T113259Z,0,1,0.07185126841068268,0.9281486868858337
gue_emp_H3K4me1__zhihan1996_DNABERT-2-117M__20260514T113259Z,0,0,0.8641386032104492,0.13586142659187317
gue_emp_H3K4me1__zhihan1996_DNABERT-2-117M__20260514T113259Z,1,1,0.22936254739761353,0.7706374526023865
gue_emp_H3K4me1__zhihan1996_DNABERT-2-117M__20260514T113259Z,1,1,0.050283972173929214,0.9497160315513611
gue_emp_H3K4me1__zhihan1996_DNABERT-2-117M__20260514T113259Z,0,1,0.13145172595977783,0.8685482740402222
gue_emp_H3K4me1__zhihan1996_DNABERT-2-117M__20260514T113259Z,0,0,0.895613968372345,0.10438598692417145
gue_emp_H3K4me1__zhihan1996_DNABERT-2-117M__20260514T113259Z,0,1,0.08663206547498703,0.9133679866790771
gue_emp_H3K4me1__zhihan1996_DNABERT-2-117M__20260514T113259Z,0,0,0.916857123374939,0.08314291387796402
gue_emp_H3K4me1__zhihan1996_DNABERT-2-117M__20260514T113259Z,1,1,0.35711896419525146,0.6428810358047485
gue_emp_H3K4me1__zhihan1996_DNABERT-2-117M__20260514T113259Z,0,1,0.14694207906723022,0.8530579209327698
gue_emp_H3K4me1__zhihan1996_DNABERT-2-117M__20260514T113259Z,1,1,0.4852471351623535,0.5147528648376465
gue_emp_H3K4me1__zhihan1996_DNABERT-2-117M__20260514T113259Z,0,0,0.9702962636947632,0.02970374934375286
gue_emp_H3K4me1__zhihan1996_DNABERT-2-117M__20260514T113259Z,0,0,0.967563807964325,0.032436154782772064
gue_emp_H3K4me1__zhihan1996_DNABERT-2-117M__20260514T113259Z,1,0,0.9370958209037781,0.0629042461514473
gue_emp_H3K4me1__zhihan1996_DNABERT-2-117M__20260514T113259Z,1,0,0.7380087375640869,0.2619912326335907
gue_emp_H3K4me1__zhihan1996_DNABERT-2-117M__20260514T113259Z,0,0,0.7300493717193604,0.26995065808296204
gue_emp_H3K4me1__zhihan1996_DNABERT-2-117M__20260514T113259Z,1,1,0.05198967084288597,0.9480103254318237
gue_emp_H3K4me1__zhihan1996_DNABERT-2-117M__20260514T113259Z,0,0,0.6679604053497314,0.33203959465026855
gue_emp_H3K4me1__zhihan1996_DNABERT-2-117M__20260514T113259Z,1,1,0.052862897515296936,0.9471371173858643
gue_emp_H3K4me1__zhihan1996_DNABERT-2-117M__20260514T113259Z,1,1,0.49835968017578125,0.5016403198242188
gue_emp_H3K4me1__zhihan1996_DNABERT-2-117M__20260514T113259Z,1,1,0.06614567339420319,0.933854341506958
gue_emp_H3K4me1__zhihan1996_DNABERT-2-117M__20260514T113259Z,1,1,0.09518112242221832,0.9048188328742981
gue_emp_H3K4me1__zhihan1996_DNABERT-2-117M__20260514T113259Z,1,0,0.9480103254318237,0.05198967084288597
gue_emp_H3K4me1__zhihan1996_DNABERT-2-117M__20260514T113259Z,1,1,0.19969788193702698,0.8003020882606506
gue_emp_H3K4me1__zhihan1996_DNABERT-2-117M__20260514T113259Z,0,0,0.9233161807060242,0.07668380439281464
gue_emp_H3K4me1__zhihan1996_DNABERT-2-117M__20260514T113259Z,0,0,0.7302417755126953,0.2697582244873047
gue_emp_H3K4me1__zhihan1996_DNABERT-2-117M__20260514T113259Z,0,0,0.945248007774353,0.054752033203840256
gue_emp_H3K4me1__zhihan1996_DNABERT-2-117M__20260514T113259Z,0,0,0.9679599404335022,0.032040078192949295
gue_emp_H3K4me1__zhihan1996_DNABERT-2-117M__20260514T113259Z,0,0,0.7177048921585083,0.2822950780391693
gue_emp_H3K4me1__zhihan1996_DNABERT-2-117M__20260514T113259Z,0,1,0.08064661920070648,0.9193534255027771
gue_emp_H3K4me1__zhihan1996_DNABERT-2-117M__20260514T113259Z,1,1,0.07450025528669357,0.925499677658081
gue_emp_H3K4me1__zhihan1996_DNABERT-2-117M__20260514T113259Z,0,0,0.8842893242835999,0.11571066826581955
gue_emp_H3K4me1__zhihan1996_DNABERT-2-117M__20260514T113259Z,1,1,0.19475038349628448,0.8052495718002319
gue_emp_H3K4me1__zhihan1996_DNABERT-2-117M__20260514T113259Z,1,1,0.09334688633680344,0.9066531658172607
gue_emp_H3K4me1__zhihan1996_DNABERT-2-117M__20260514T113259Z,0,1,0.054399315267801285,0.945600688457489
gue_emp_H3K4me1__zhihan1996_DNABERT-2-117M__20260514T113259Z,1,1,0.11407211422920227,0.8859278559684753
gue_emp_H3K4me1__zhihan1996_DNABERT-2-117M__20260514T113259Z,1,0,0.8391416668891907,0.16085833311080933
gue_emp_H3K4me1__zhihan1996_DNABERT-2-117M__20260514T113259Z,0,1,0.21816924214363098,0.7818307876586914
gue_emp_H3K4me1__zhihan1996_DNABERT-2-117M__20260514T113259Z,1,1,0.046899259090423584,0.9531008005142212
gue_emp_H3K4me1__zhihan1996_DNABERT-2-117M__20260514T113259Z,1,1,0.24671481549739838,0.7532851696014404
gue_emp_H3K4me1__zhihan1996_DNABERT-2-117M__20260514T113259Z,1,1,0.1214771568775177,0.8785228729248047
gue_emp_H3K4me1__zhihan1996_DNABERT-2-117M__20260514T113259Z,1,1,0.08006926625967026,0.9199306964874268
gue_emp_H3K4me1__zhihan1996_DNABERT-2-117M__20260514T113259Z,0,0,0.6858443021774292,0.3141557574272156
gue_emp_H3K4me1__zhihan1996_DNABERT-2-117M__20260514T113259Z,0,0,0.9119669198989868,0.08803310990333557
gue_emp_H3K4me1__zhihan1996_DNABERT-2-117M__20260514T113259Z,1,1,0.11338311433792114,0.8866168856620789
gue_emp_H3K4me1__zhihan1996_DNABERT-2-117M__20260514T113259Z,1,0,0.957277774810791,0.0427221953868866
gue_emp_H3K4me1__zhihan1996_DNABERT-2-117M__20260514T113259Z,1,1,0.07504072040319443,0.9249592423439026
gue_emp_H3K4me1__zhihan1996_DNABERT-2-117M__20260514T113259Z,0,0,0.8297680616378784,0.17023193836212158
gue_emp_H3K4me1__zhihan1996_DNABERT-2-117M__20260514T113259Z,1,1,0.05394897982478142,0.9460510015487671
gue_emp_H3K4me1__zhihan1996_DNABERT-2-117M__20260514T113259Z,1,1,0.46991556882858276,0.530084490776062
gue_emp_H3K4me1__zhihan1996_DNABERT-2-117M__20260514T113259Z,0,1,0.1201288029551506,0.879871129989624
gue_emp_H3K4me1__zhihan1996_DNABERT-2-117M__20260514T113259Z,1,1,0.03760863095521927,0.9623913168907166
gue_emp_H3K4me1__zhihan1996_DNABERT-2-117M__20260514T113259Z,0,0,0.9054059386253357,0.09459402412176132
gue_emp_H3K4me1__zhihan1996_DNABERT-2-117M__20260514T113259Z,0,1,0.17009402811527252,0.8299059271812439
gue_emp_H3K4me1__zhihan1996_DNABERT-2-117M__20260514T113259Z,1,1,0.19231171905994415,0.807688295841217
gue_emp_H3K4me1__zhihan1996_DNABERT-2-117M__20260514T113259Z,1,1,0.24148939549922943,0.7585106492042542
gue_emp_H3K4me1__zhihan1996_DNABERT-2-117M__20260514T113259Z,1,1,0.10913479328155518,0.8908652067184448
gue_emp_H3K4me1__zhihan1996_DNABERT-2-117M__20260514T113259Z,0,0,0.9706599116325378,0.029340026900172234
gue_emp_H3K4me1__zhihan1996_DNABERT-2-117M__20260514T113259Z,0,0,0.5977839827537537,0.40221598744392395
gue_emp_H3K4me1__zhihan1996_DNABERT-2-117M__20260514T113259Z,1,1,0.16066069900989532,0.8393393158912659
gue_emp_H3K4me1__zhihan1996_DNABERT-2-117M__20260514T113259Z,1,1,0.060863446444272995,0.9391365647315979
gue_emp_H3K4me1__zhihan1996_DNABERT-2-117M__20260514T113259Z,1,1,0.25599411129951477,0.7440058588981628
gue_emp_H3K4me1__zhihan1996_DNABERT-2-117M__20260514T113259Z,0,0,0.9093450307846069,0.09065493941307068
gue_emp_H3K4me1__zhihan1996_DNABERT-2-117M__20260514T113259Z,0,0,0.9761291742324829,0.023870833218097687
gue_emp_H3K4me1__zhihan1996_DNABERT-2-117M__20260514T113259Z,0,1,0.13551785051822662,0.8644821643829346
gue_emp_H3K4me1__zhihan1996_DNABERT-2-117M__20260514T113259Z,1,1,0.08108211308717728,0.9189178347587585
gue_emp_H3K4me1__zhihan1996_DNABERT-2-117M__20260514T113259Z,1,1,0.07779745012521744,0.9222025275230408
gue_emp_H3K4me1__zhihan1996_DNABERT-2-117M__20260514T113259Z,1,1,0.07737810164690018,0.9226218461990356
gue_emp_H3K4me1__zhihan1996_DNABERT-2-117M__20260514T113259Z,1,1,0.08479540795087814,0.9152045845985413
gue_emp_H3K4me1__zhihan1996_DNABERT-2-117M__20260514T113259Z,1,1,0.14681969583034515,0.8531803488731384
gue_emp_H3K4me1__zhihan1996_DNABERT-2-117M__20260514T113259Z,0,0,0.8085212111473083,0.19147881865501404
gue_emp_H3K4me1__zhihan1996_DNABERT-2-117M__20260514T113259Z,1,1,0.10800065845251083,0.891999363899231
gue_emp_H3K4me1__zhihan1996_DNABERT-2-117M__20260514T113259Z,1,1,0.042642392218112946,0.95735764503479
gue_emp_H3K4me1__zhihan1996_DNABERT-2-117M__20260514T113259Z,1,1,0.0781484842300415,0.9218515157699585
gue_emp_H3K4me1__zhihan1996_DNABERT-2-117M__20260514T113259Z,0,0,0.9315248131752014,0.06847517937421799
gue_emp_H3K4me1__zhihan1996_DNABERT-2-117M__20260514T113259Z,1,0,0.6567133665084839,0.3432866930961609
gue_emp_H3K4me1__zhihan1996_DNABERT-2-117M__20260514T113259Z,1,1,0.10951515287160873,0.8904848694801331
gue_emp_H3K4me1__zhihan1996_DNABERT-2-117M__20260514T113259Z,0,0,0.8144221305847168,0.18557791411876678
gue_emp_H3K4me1__zhihan1996_DNABERT-2-117M__20260514T113259Z,0,1,0.13352815806865692,0.8664718866348267
gue_emp_H3K4me1__zhihan1996_DNABERT-2-117M__20260514T113259Z,0,1,0.4021572768688202,0.5978426933288574
gue_emp_H3K4me1__zhihan1996_DNABERT-2-117M__20260514T113259Z,0,0,0.8111530542373657,0.18884700536727905
gue_emp_H3K4me1__zhihan1996_DNABERT-2-117M__20260514T113259Z,0,0,0.8272706270217896,0.17272931337356567
gue_emp_H3K4me1__zhihan1996_DNABERT-2-117M__20260514T113259Z,1,0,0.6784867644309998,0.32151326537132263
gue_emp_H3K4me1__zhihan1996_DNABERT-2-117M__20260514T113259Z,1,1,0.06584469974040985,0.934155285358429
gue_emp_H3K4me1__zhihan1996_DNABERT-2-117M__20260514T113259Z,0,1,0.20946967601776123,0.7905303239822388
gue_emp_H3K4me1__zhihan1996_DNABERT-2-117M__20260514T113259Z,0,0,0.890960156917572,0.10903989523649216
gue_emp_H3K4me1__zhihan1996_DNABERT-2-117M__20260514T113259Z,0,0,0.9499951004981995,0.05000489577651024
gue_emp_H3K4me1__zhihan1996_DNABERT-2-117M__20260514T113259Z,0,1,0.08725224435329437,0.9127477407455444
gue_emp_H3K4me1__zhihan1996_DNABERT-2-117M__20260514T113259Z,0,0,0.9023517370223999,0.09764823317527771
gue_emp_H3K4me1__zhihan1996_DNABERT-2-117M__20260514T113259Z,0,0,0.9349318742752075,0.06506811827421188
gue_emp_H3K4me1__zhihan1996_DNABERT-2-117M__20260514T113259Z,1,0,0.801159143447876,0.1988408863544464
gue_emp_H3K4me1__zhihan1996_DNABERT-2-117M__20260514T113259Z,1,1,0.06284669786691666,0.9371532797813416
gue_emp_H3K4me1__zhihan1996_DNABERT-2-117M__20260514T113259Z,1,0,0.6527949571609497,0.3472050130367279
gue_emp_H3K4me1__zhihan1996_DNABERT-2-117M__20260514T113259Z,1,0,0.8525676131248474,0.14743240177631378
gue_emp_H3K4me1__zhihan1996_DNABERT-2-117M__20260514T113259Z,0,0,0.9401335716247559,0.059866417199373245
gue_emp_H3K4me1__zhihan1996_DNABERT-2-117M__20260514T113259Z,1,1,0.07416428625583649,0.9258357286453247
gue_emp_H3K4me1__zhihan1996_DNABERT-2-117M__20260514T113259Z,0,1,0.45273250341415405,0.547267496585846
gue_emp_H3K4me1__zhihan1996_DNABERT-2-117M__20260514T113259Z,1,1,0.1603974997997284,0.839602530002594
gue_emp_H3K4me1__zhihan1996_DNABERT-2-117M__20260514T113259Z,0,0,0.9553608298301697,0.04463920369744301
gue_emp_H3K4me1__zhihan1996_DNABERT-2-117M__20260514T113259Z,0,0,0.9200026392936707,0.07999736815690994
gue_emp_H3K4me1__zhihan1996_DNABERT-2-117M__20260514T113259Z,0,1,0.3083464205265045,0.6916536092758179
gue_emp_H3K4me1__zhihan1996_DNABERT-2-117M__20260514T113259Z,1,1,0.06119922548532486,0.9388007521629333
gue_emp_H3K4me1__zhihan1996_DNABERT-2-117M__20260514T113259Z,1,1,0.05141511559486389,0.9485848546028137
gue_emp_H3K4me1__zhihan1996_DNABERT-2-117M__20260514T113259Z,0,0,0.8275495767593384,0.17245040833950043
gue_emp_H3K4me1__zhihan1996_DNABERT-2-117M__20260514T113259Z,0,0,0.5822831988334656,0.41771677136421204
gue_emp_H3K4me1__zhihan1996_DNABERT-2-117M__20260514T113259Z,1,1,0.06142403930425644,0.9385759830474854
gue_emp_H3K4me1__zhihan1996_DNABERT-2-117M__20260514T113259Z,1,1,0.08351587504148483,0.9164840579032898
gue_emp_H3K4me1__zhihan1996_DNABERT-2-117M__20260514T113259Z,1,1,0.05305881425738335,0.9469411373138428
gue_emp_H3K4me1__zhihan1996_DNABERT-2-117M__20260514T113259Z,0,0,0.7653303742408752,0.23466964066028595
gue_emp_H3K4me1__zhihan1996_DNABERT-2-117M__20260514T113259Z,0,0,0.9162596464157104,0.08374040573835373
gue_emp_H3K4me1__zhihan1996_DNABERT-2-117M__20260514T113259Z,1,0,0.6565481424331665,0.3434518277645111
gue_emp_H3K4me1__zhihan1996_DNABERT-2-117M__20260514T113259Z,1,1,0.09859886020421982,0.9014011025428772
gue_emp_H3K4me1__zhihan1996_DNABERT-2-117M__20260514T113259Z,1,0,0.7789016962051392,0.22109831869602203
gue_emp_H3K4me1__zhihan1996_DNABERT-2-117M__20260514T113259Z,0,0,0.9721779823303223,0.02782202512025833
gue_emp_H3K4me1__zhihan1996_DNABERT-2-117M__20260514T113259Z,1,0,0.808672308921814,0.19132766127586365
gue_emp_H3K4me1__zhihan1996_DNABERT-2-117M__20260514T113259Z,0,0,0.7528311610221863,0.24716877937316895
gue_emp_H3K4me1__zhihan1996_DNABERT-2-117M__20260514T113259Z,1,1,0.0874079167842865,0.9125921130180359
gue_emp_H3K4me1__zhihan1996_DNABERT-2-117M__20260514T113259Z,1,1,0.08733005076646805,0.9126699566841125
gue_emp_H3K4me1__zhihan1996_DNABERT-2-117M__20260514T113259Z,0,1,0.4217527508735657,0.5782472491264343
gue_emp_H3K4me1__zhihan1996_DNABERT-2-117M__20260514T113259Z,1,0,0.9427180886268616,0.0572819784283638
gue_emp_H3K4me1__zhihan1996_DNABERT-2-117M__20260514T113259Z,1,1,0.04505753144621849,0.9549424648284912
gue_emp_H3K4me1__zhihan1996_DNABERT-2-117M__20260514T113259Z,0,0,0.9503649473190308,0.049635063856840134
gue_emp_H3K4me1__zhihan1996_DNABERT-2-117M__20260514T113259Z,0,1,0.09929539263248444,0.9007046222686768
gue_emp_H3K4me1__zhihan1996_DNABERT-2-117M__20260514T113259Z,1,1,0.26402613520622253,0.7359738349914551
gue_emp_H3K4me1__zhihan1996_DNABERT-2-117M__20260514T113259Z,0,1,0.17766813933849335,0.8223318457603455
gue_emp_H3K4me1__zhihan1996_DNABERT-2-117M__20260514T113259Z,1,1,0.3749051094055176,0.6250948309898376
gue_emp_H3K4me1__zhihan1996_DNABERT-2-117M__20260514T113259Z,0,0,0.9558990597724915,0.04410091042518616
gue_emp_H3K4me1__zhihan1996_DNABERT-2-117M__20260514T113259Z,1,1,0.0694785863161087,0.9305214285850525
gue_emp_H3K4me1__zhihan1996_DNABERT-2-117M__20260514T113259Z,0,1,0.1457829475402832,0.8542170524597168
gue_emp_H3K4me1__zhihan1996_DNABERT-2-117M__20260514T113259Z,0,0,0.9672868847846985,0.03271312639117241
gue_emp_H3K4me1__zhihan1996_DNABERT-2-117M__20260514T113259Z,1,1,0.36886027455329895,0.6311396956443787
gue_emp_H3K4me1__zhihan1996_DNABERT-2-117M__20260514T113259Z,0,0,0.6927978992462158,0.3072021007537842
gue_emp_H3K4me1__zhihan1996_DNABERT-2-117M__20260514T113259Z,1,1,0.08210661262273788,0.9178933501243591
gue_emp_H3K4me1__zhihan1996_DNABERT-2-117M__20260514T113259Z,0,1,0.0819595456123352,0.91804039478302
gue_emp_H3K4me1__zhihan1996_DNABERT-2-117M__20260514T113259Z,1,1,0.06233103945851326,0.9376689791679382
gue_emp_H3K4me1__zhihan1996_DNABERT-2-117M__20260514T113259Z,0,0,0.9394705891609192,0.06052938848733902
gue_emp_H3K4me1__zhihan1996_DNABERT-2-117M__20260514T113259Z,1,1,0.2907794117927551,0.7092205286026001
gue_emp_H3K4me1__zhihan1996_DNABERT-2-117M__20260514T113259Z,0,0,0.9568363428115845,0.04316368326544762
gue_emp_H3K4me1__zhihan1996_DNABERT-2-117M__20260514T113259Z,0,1,0.3247170150279999,0.6752829551696777
gue_emp_H3K4me1__zhihan1996_DNABERT-2-117M__20260514T113259Z,0,0,0.928732693195343,0.07126733660697937
gue_emp_H3K4me1__zhihan1996_DNABERT-2-117M__20260514T113259Z,1,1,0.44652485847473145,0.5534751415252686
gue_emp_H3K4me1__zhihan1996_DNABERT-2-117M__20260514T113259Z,0,0,0.9293122291564941,0.07068779319524765
gue_emp_H3K4me1__zhihan1996_DNABERT-2-117M__20260514T113259Z,0,0,0.5726481080055237,0.4273518919944763
gue_emp_H3K4me1__zhihan1996_DNABERT-2-117M__20260514T113259Z,0,1,0.2779136896133423,0.7220863103866577
gue_emp_H3K4me1__zhihan1996_DNABERT-2-117M__20260514T113259Z,0,0,0.9790558218955994,0.02094420976936817
gue_emp_H3K4me1__zhihan1996_DNABERT-2-117M__20260514T113259Z,1,1,0.14694207906723022,0.8530579209327698
gue_emp_H3K4me1__zhihan1996_DNABERT-2-117M__20260514T113259Z,0,0,0.8907702565193176,0.10922978073358536
gue_emp_H3K4me1__zhihan1996_DNABERT-2-117M__20260514T113259Z,1,0,0.9755303859710693,0.02446967177093029
gue_emp_H3K4me1__zhihan1996_DNABERT-2-117M__20260514T113259Z,0,0,0.9769347906112671,0.023065226152539253
gue_emp_H3K4me1__zhihan1996_DNABERT-2-117M__20260514T113259Z,1,1,0.11328496038913727,0.8867150545120239
gue_emp_H3K4me1__zhihan1996_DNABERT-2-117M__20260514T113259Z,0,0,0.7373946309089661,0.26260536909103394
gue_emp_H3K4me1__zhihan1996_DNABERT-2-117M__20260514T113259Z,1,1,0.04031343758106232,0.9596865773200989
gue_emp_H3K4me1__zhihan1996_DNABERT-2-117M__20260514T113259Z,0,0,0.5037879347801208,0.49621206521987915
gue_emp_H3K4me1__zhihan1996_DNABERT-2-117M__20260514T113259Z,1,1,0.0947614535689354,0.9052385687828064
gue_emp_H3K4me1__zhihan1996_DNABERT-2-117M__20260514T113259Z,1,1,0.0649494007229805,0.9350505471229553
gue_emp_H3K4me1__zhihan1996_DNABERT-2-117M__20260514T113259Z,0,0,0.939024806022644,0.06097518280148506
gue_emp_H3K4me1__zhihan1996_DNABERT-2-117M__20260514T113259Z,1,1,0.2553436756134033,0.7446563243865967
gue_emp_H3K4me1__zhihan1996_DNABERT-2-117M__20260514T113259Z,0,0,0.925499677658081,0.07450025528669357
gue_emp_H3K4me1__zhihan1996_DNABERT-2-117M__20260514T113259Z,0,1,0.14015962183475494,0.8598403930664062
gue_emp_H3K4me1__zhihan1996_DNABERT-2-117M__20260514T113259Z,0,0,0.9650533199310303,0.03494669869542122
gue_emp_H3K4me1__zhihan1996_DNABERT-2-117M__20260514T113259Z,1,1,0.05103541910648346,0.9489645957946777
gue_emp_H3K4me1__zhihan1996_DNABERT-2-117M__20260514T113259Z,1,1,0.30038630962371826,0.6996136903762817
gue_emp_H3K4me1__zhihan1996_DNABERT-2-117M__20260514T113259Z,0,0,0.9645559191703796,0.03544410318136215
gue_emp_H3K4me1__zhihan1996_DNABERT-2-117M__20260514T113259Z,0,1,0.06773144006729126,0.932268500328064
gue_emp_H3K4me1__zhihan1996_DNABERT-2-117M__20260514T113259Z,1,1,0.09825223684310913,0.9017477631568909
gue_emp_H3K4me1__zhihan1996_DNABERT-2-117M__20260514T113259Z,1,1,0.22841456532478333,0.7715854048728943
gue_emp_H3K4me1__zhihan1996_DNABERT-2-117M__20260514T113259Z,1,1,0.13145172595977783,0.8685482740402222
gue_emp_H3K4me1__zhihan1996_DNABERT-2-117M__20260514T113259Z,1,1,0.3439474403858185,0.6560525298118591
gue_emp_H3K4me1__zhihan1996_DNABERT-2-117M__20260514T113259Z,1,1,0.07744785398244858,0.9225521683692932
gue_emp_H3K4me1__zhihan1996_DNABERT-2-117M__20260514T113259Z,0,0,0.7850614786148071,0.2149384766817093
gue_emp_H3K4me1__zhihan1996_DNABERT-2-117M__20260514T113259Z,1,1,0.045521996915340424,0.9544779658317566
gue_emp_H3K4me1__zhihan1996_DNABERT-2-117M__20260514T113259Z,1,1,0.17674264311790466,0.823257327079773
gue_emp_H3K4me1__zhihan1996_DNABERT-2-117M__20260514T113259Z,0,0,0.8980534672737122,0.10194651782512665
gue_emp_H3K4me1__zhihan1996_DNABERT-2-117M__20260514T113259Z,0,0,0.6721703410148621,0.32782965898513794
gue_emp_H3K4me1__zhihan1996_DNABERT-2-117M__20260514T113259Z,1,0,0.7813306450843811,0.21866939961910248
gue_emp_H3K4me1__zhihan1996_DNABERT-2-117M__20260514T113259Z,1,0,0.9709643721580505,0.029035642743110657
gue_emp_H3K4me1__zhihan1996_DNABERT-2-117M__20260514T113259Z,0,0,0.8976953029632568,0.10230471193790436
gue_emp_H3K4me1__zhihan1996_DNABERT-2-117M__20260514T113259Z,1,0,0.9212868809700012,0.07871317118406296
gue_emp_H3K4me1__zhihan1996_DNABERT-2-117M__20260514T113259Z,1,1,0.05515776947140694,0.9448422193527222
gue_emp_H3K4me1__zhihan1996_DNABERT-2-117M__20260514T113259Z,1,1,0.06261702626943588,0.9373829364776611
gue_emp_H3K4me1__zhihan1996_DNABERT-2-117M__20260514T113259Z,1,1,0.08905768394470215,0.9109423160552979
gue_emp_H3K4me1__zhihan1996_DNABERT-2-117M__20260514T113259Z,1,1,0.06064055860042572,0.9393594861030579
gue_emp_H3K4me1__zhihan1996_DNABERT-2-117M__20260514T113259Z,1,1,0.05536169931292534,0.9446382522583008
gue_emp_H3K4me1__zhihan1996_DNABERT-2-117M__20260514T113259Z,1,1,0.039750516414642334,0.9602494835853577
gue_emp_H3K4me1__zhihan1996_DNABERT-2-117M__20260514T113259Z,1,1,0.04035123437643051,0.9596487283706665
gue_emp_H3K4me1__zhihan1996_DNABERT-2-117M__20260514T113259Z,1,1,0.0530097670853138,0.9469902515411377
gue_emp_H3K4me1__zhihan1996_DNABERT-2-117M__20260514T113259Z,0,0,0.9620006084442139,0.03799937665462494
gue_emp_H3K4me1__zhihan1996_DNABERT-2-117M__20260514T113259Z,0,0,0.8766871094703674,0.12331283092498779
gue_emp_H3K4me1__zhihan1996_DNABERT-2-117M__20260514T113259Z,1,1,0.05113009363412857,0.9488699436187744
gue_emp_H3K4me1__zhihan1996_DNABERT-2-117M__20260514T113259Z,0,0,0.967625081539154,0.03237491101026535
gue_emp_H3K4me1__zhihan1996_DNABERT-2-117M__20260514T113259Z,0,0,0.9688562154769897,0.031143832951784134
gue_emp_H3K4me1__zhihan1996_DNABERT-2-117M__20260514T113259Z,1,1,0.05047084763646126,0.9495291709899902
gue_emp_H3K4me1__zhihan1996_DNABERT-2-117M__20260514T113259Z,1,1,0.04935940355062485,0.9506406188011169
gue_emp_H3K4me1__zhihan1996_DNABERT-2-117M__20260514T113259Z,1,0,0.7105780839920044,0.2894219160079956
gue_emp_H3K4me1__zhihan1996_DNABERT-2-117M__20260514T113259Z,1,1,0.29406288266181946,0.7059370875358582
gue_emp_H3K4me1__zhihan1996_DNABERT-2-117M__20260514T113259Z,1,1,0.08381535857915878,0.916184663772583
gue_emp_H3K4me1__zhihan1996_DNABERT-2-117M__20260514T113259Z,0,0,0.9115740656852722,0.0884259045124054
gue_emp_H3K4me1__zhihan1996_DNABERT-2-117M__20260514T113259Z,1,1,0.14694207906723022,0.8530579209327698
gue_emp_H3K4me1__zhihan1996_DNABERT-2-117M__20260514T113259Z,0,0,0.9630919694900513,0.036908067762851715
gue_emp_H3K4me1__zhihan1996_DNABERT-2-117M__20260514T113259Z,1,0,0.9340951442718506,0.06590479612350464
gue_emp_H3K4me1__zhihan1996_DNABERT-2-117M__20260514T113259Z,0,0,0.855549693107605,0.14445030689239502
gue_emp_H3K4me1__zhihan1996_DNABERT-2-117M__20260514T113259Z,0,0,0.5921803116798401,0.4078197479248047
gue_emp_H3K4me1__zhihan1996_DNABERT-2-117M__20260514T113259Z,1,1,0.23519620299339294,0.7648037672042847
gue_emp_H3K4me1__zhihan1996_DNABERT-2-117M__20260514T113259Z,0,0,0.7714993357658386,0.2285006195306778
gue_emp_H3K4me1__zhihan1996_DNABERT-2-117M__20260514T113259Z,1,1,0.2512800693511963,0.7487199306488037
gue_emp_H3K4me1__zhihan1996_DNABERT-2-117M__20260514T113259Z,1,1,0.15739572048187256,0.8426043391227722
gue_emp_H3K4me1__zhihan1996_DNABERT-2-117M__20260514T113259Z,0,0,0.9779045581817627,0.02209547720849514
gue_emp_H3K4me1__zhihan1996_DNABERT-2-117M__20260514T113259Z,1,1,0.11777492612600327,0.8822250962257385
gue_emp_H3K4me1__zhihan1996_DNABERT-2-117M__20260514T113259Z,0,1,0.06754669547080994,0.9324532747268677
gue_emp_H3K4me1__zhihan1996_DNABERT-2-117M__20260514T113259Z,1,1,0.20665378868579865,0.7933462262153625
gue_emp_H3K4me1__zhihan1996_DNABERT-2-117M__20260514T113259Z,1,1,0.15856485068798065,0.8414351940155029
gue_emp_H3K4me1__zhihan1996_DNABERT-2-117M__20260514T113259Z,0,0,0.8853343725204468,0.11466560512781143
gue_emp_H3K4me1__zhihan1996_DNABERT-2-117M__20260514T113259Z,1,1,0.04991218447685242,0.9500877857208252
gue_emp_H3K4me1__zhihan1996_DNABERT-2-117M__20260514T113259Z,1,1,0.062216974794864655,0.9377830028533936
gue_emp_H3K4me1__zhihan1996_DNABERT-2-117M__20260514T113259Z,0,1,0.23161423206329346,0.7683857679367065
gue_emp_H3K4me1__zhihan1996_DNABERT-2-117M__20260514T113259Z,0,0,0.898499608039856,0.10150034725666046
gue_emp_H3K4me1__zhihan1996_DNABERT-2-117M__20260514T113259Z,0,0,0.7814974188804626,0.21850256621837616
gue_emp_H3K4me1__zhihan1996_DNABERT-2-117M__20260514T113259Z,0,1,0.472843199968338,0.5271567702293396
gue_emp_H3K4me1__zhihan1996_DNABERT-2-117M__20260514T113259Z,1,1,0.04791353642940521,0.9520864486694336
gue_emp_H3K4me1__zhihan1996_DNABERT-2-117M__20260514T113259Z,1,1,0.1703699231147766,0.8296300768852234
gue_emp_H3K4me1__zhihan1996_DNABERT-2-117M__20260514T113259Z,0,0,0.929568350315094,0.07043161243200302
gue_emp_H3K4me1__zhihan1996_DNABERT-2-117M__20260514T113259Z,0,0,0.8827314972877502,0.11726853251457214
gue_emp_H3K4me1__zhihan1996_DNABERT-2-117M__20260514T113259Z,1,1,0.14010077714920044,0.8598991632461548
gue_emp_H3K4me1__zhihan1996_DNABERT-2-117M__20260514T113259Z,1,1,0.09442688524723053,0.9055731296539307
gue_emp_H3K4me1__zhihan1996_DNABERT-2-117M__20260514T113259Z,1,1,0.22312305867671967,0.7768769860267639
gue_emp_H3K4me1__zhihan1996_DNABERT-2-117M__20260514T113259Z,0,1,0.07049557566642761,0.92950439453125
gue_emp_H3K4me1__zhihan1996_DNABERT-2-117M__20260514T113259Z,1,1,0.10725032538175583,0.8927496671676636
gue_emp_H3K4me1__zhihan1996_DNABERT-2-117M__20260514T113259Z,0,1,0.3573992848396301,0.6426007151603699
gue_emp_H3K4me1__zhihan1996_DNABERT-2-117M__20260514T113259Z,1,1,0.05556633695960045,0.9444336295127869
gue_emp_H3K4me1__zhihan1996_DNABERT-2-117M__20260514T113259Z,0,0,0.9065704345703125,0.0934295728802681
gue_emp_H3K4me1__zhihan1996_DNABERT-2-117M__20260514T113259Z,0,0,0.9510058760643005,0.04899410158395767
gue_emp_H3K4me1__zhihan1996_DNABERT-2-117M__20260514T113259Z,0,0,0.9630572199821472,0.036942798644304276
gue_emp_H3K4me1__zhihan1996_DNABERT-2-117M__20260514T113259Z,0,0,0.9666317105293274,0.0333683118224144
gue_emp_H3K4me1__zhihan1996_DNABERT-2-117M__20260514T113259Z,1,0,0.9333093762397766,0.06669065356254578
gue_emp_H3K4me1__zhihan1996_DNABERT-2-117M__20260514T113259Z,1,0,0.5531055331230164,0.44689446687698364
gue_emp_H3K4me1__zhihan1996_DNABERT-2-117M__20260514T113259Z,1,0,0.7546439170837402,0.24535614252090454
gue_emp_H3K4me1__zhihan1996_DNABERT-2-117M__20260514T113259Z,1,1,0.03952746465802193,0.960472583770752
gue_emp_H3K4me1__zhihan1996_DNABERT-2-117M__20260514T113259Z,1,1,0.11221037060022354,0.8877896666526794
gue_emp_H3K4me1__zhihan1996_DNABERT-2-117M__20260514T113259Z,1,1,0.09877258539199829,0.9012274742126465
gue_emp_H3K4me1__zhihan1996_DNABERT-2-117M__20260514T113259Z,1,1,0.0723084881901741,0.9276915192604065
gue_emp_H3K4me1__zhihan1996_DNABERT-2-117M__20260514T113259Z,0,1,0.2914344072341919,0.7085656523704529
gue_emp_H3K4me1__zhihan1996_DNABERT-2-117M__20260514T113259Z,1,1,0.08655482530593872,0.9134451746940613
gue_emp_H3K4me1__zhihan1996_DNABERT-2-117M__20260514T113259Z,0,1,0.08374040573835373,0.9162596464157104
gue_emp_H3K4me1__zhihan1996_DNABERT-2-117M__20260514T113259Z,1,1,0.30928441882133484,0.6907155513763428
gue_emp_H3K4me1__zhihan1996_DNABERT-2-117M__20260514T113259Z,0,0,0.9430335760116577,0.056966383010149
gue_emp_H3K4me1__zhihan1996_DNABERT-2-117M__20260514T113259Z,1,0,0.6995623707771301,0.30043765902519226
gue_emp_H3K4me1__zhihan1996_DNABERT-2-117M__20260514T113259Z,1,1,0.09033343195915222,0.9096665382385254
gue_emp_H3K4me1__zhihan1996_DNABERT-2-117M__20260514T113259Z,0,0,0.9787126779556274,0.021287353709340096
gue_emp_H3K4me1__zhihan1996_DNABERT-2-117M__20260514T113259Z,1,1,0.1651887148618698,0.834811270236969
gue_emp_H3K4me1__zhihan1996_DNABERT-2-117M__20260514T113259Z,1,1,0.1527891606092453,0.8472108244895935
gue_emp_H3K4me1__zhihan1996_DNABERT-2-117M__20260514T113259Z,0,0,0.9729852676391602,0.02701479196548462
gue_emp_H3K4me1__zhihan1996_DNABERT-2-117M__20260514T113259Z,1,0,0.8179383277893066,0.18206167221069336
gue_emp_H3K4me1__zhihan1996_DNABERT-2-117M__20260514T113259Z,1,1,0.08374040573835373,0.9162596464157104
gue_emp_H3K4me1__zhihan1996_DNABERT-2-117M__20260514T113259Z,1,1,0.12231338024139404,0.8776865601539612
gue_emp_H3K4me1__zhihan1996_DNABERT-2-117M__20260514T113259Z,0,0,0.9396369457244873,0.06036300212144852
gue_emp_H3K4me1__zhihan1996_DNABERT-2-117M__20260514T113259Z,1,1,0.08021325618028641,0.9197867512702942
gue_emp_H3K4me1__zhihan1996_DNABERT-2-117M__20260514T113259Z,0,1,0.09543373435735703,0.90456622838974
gue_emp_H3K4me1__zhihan1996_DNABERT-2-117M__20260514T113259Z,0,1,0.11813051253557205,0.8818694949150085
gue_emp_H3K4me1__zhihan1996_DNABERT-2-117M__20260514T113259Z,0,1,0.4966126084327698,0.5033873915672302
gue_emp_H3K4me1__zhihan1996_DNABERT-2-117M__20260514T113259Z,1,1,0.0626743733882904,0.937325656414032
gue_emp_H3K4me1__zhihan1996_DNABERT-2-117M__20260514T113259Z,1,1,0.1457829475402832,0.8542170524597168
gue_emp_H3K4me1__zhihan1996_DNABERT-2-117M__20260514T113259Z,1,1,0.037326883524656296,0.9626730680465698
gue_emp_H3K4me1__zhihan1996_DNABERT-2-117M__20260514T113259Z,1,0,0.88373863697052,0.11626138538122177
gue_emp_H3K4me1__zhihan1996_DNABERT-2-117M__20260514T113259Z,1,1,0.17795369029045105,0.8220463395118713
gue_emp_H3K4me1__zhihan1996_DNABERT-2-117M__20260514T113259Z,1,0,0.6744794845581055,0.3255205452442169
gue_emp_H3K4me1__zhihan1996_DNABERT-2-117M__20260514T113259Z,1,1,0.07835981249809265,0.9216402173042297
gue_emp_H3K4me1__zhihan1996_DNABERT-2-117M__20260514T113259Z,0,1,0.055310651659965515,0.9446893334388733
gue_emp_H3K4me1__zhihan1996_DNABERT-2-117M__20260514T113259Z,1,1,0.06596492975950241,0.934035062789917
gue_emp_H3K4me1__zhihan1996_DNABERT-2-117M__20260514T113259Z,0,0,0.9736696481704712,0.02633030340075493
gue_emp_H3K4me1__zhihan1996_DNABERT-2-117M__20260514T113259Z,1,0,0.7933462262153625,0.20665378868579865
gue_emp_H3K4me1__zhihan1996_DNABERT-2-117M__20260514T113259Z,1,1,0.04332530498504639,0.9566746950149536
gue_emp_H3K4me1__zhihan1996_DNABERT-2-117M__20260514T113259Z,1,1,0.059866417199373245,0.9401335716247559
gue_emp_H3K4me1__zhihan1996_DNABERT-2-117M__20260514T113259Z,0,1,0.2423849254846573,0.7576150894165039
gue_emp_H3K4me1__zhihan1996_DNABERT-2-117M__20260514T113259Z,1,1,0.07303237915039062,0.9269675612449646
gue_emp_H3K4me1__zhihan1996_DNABERT-2-117M__20260514T113259Z,1,1,0.05480259656906128,0.9451974034309387
gue_emp_H3K4me1__zhihan1996_DNABERT-2-117M__20260514T113259Z,1,1,0.10847194492816925,0.8915280699729919
gue_emp_H3K4me1__zhihan1996_DNABERT-2-117M__20260514T113259Z,0,0,0.9342753291130066,0.06572467088699341
gue_emp_H3K4me1__zhihan1996_DNABERT-2-117M__20260514T113259Z,1,1,0.39533841609954834,0.6046615839004517
gue_emp_H3K4me1__zhihan1996_DNABERT-2-117M__20260514T113259Z,0,0,0.8787311315536499,0.1212688684463501
gue_emp_H3K4me1__zhihan1996_DNABERT-2-117M__20260514T113259Z,1,1,0.05023736506700516,0.9497627019882202
gue_emp_H3K4me1__zhihan1996_DNABERT-2-117M__20260514T113259Z,0,1,0.3677242398262024,0.6322757005691528
gue_emp_H3K4me1__zhihan1996_DNABERT-2-117M__20260514T113259Z,1,1,0.07744785398244858,0.9225521683692932
gue_emp_H3K4me1__zhihan1996_DNABERT-2-117M__20260514T113259Z,0,0,0.7609172463417053,0.23908273875713348
gue_emp_H3K4me1__zhihan1996_DNABERT-2-117M__20260514T113259Z,1,0,0.6118749380111694,0.38812509179115295
gue_emp_H3K4me1__zhihan1996_DNABERT-2-117M__20260514T113259Z,0,1,0.18257123231887817,0.8174288272857666
gue_emp_H3K4me1__zhihan1996_DNABERT-2-117M__20260514T113259Z,0,1,0.25091278553009033,0.7490872144699097
gue_emp_H3K4me1__zhihan1996_DNABERT-2-117M__20260514T113259Z,1,1,0.1927671730518341,0.8072327971458435
gue_emp_H3K4me1__zhihan1996_DNABERT-2-117M__20260514T113259Z,0,0,0.9714287519454956,0.028571244329214096
gue_emp_H3K4me1__zhihan1996_DNABERT-2-117M__20260514T113259Z,1,1,0.13466209173202515,0.8653379082679749
gue_emp_H3K4me1__zhihan1996_DNABERT-2-117M__20260514T113259Z,0,0,0.6039317846298218,0.39606815576553345
gue_emp_H3K4me1__zhihan1996_DNABERT-2-117M__20260514T113259Z,1,0,0.6757110953330994,0.32428887486457825
gue_emp_H3K4me1__zhihan1996_DNABERT-2-117M__20260514T113259Z,0,1,0.09351230412721634,0.9064877033233643
gue_emp_H3K4me1__zhihan1996_DNABERT-2-117M__20260514T113259Z,1,0,0.7199254631996155,0.2800745666027069
gue_emp_H3K4me1__zhihan1996_DNABERT-2-117M__20260514T113259Z,1,1,0.08795474469661713,0.9120452404022217
gue_emp_H3K4me1__zhihan1996_DNABERT-2-117M__20260514T113259Z,0,0,0.955527126789093,0.044472914189100266
gue_emp_H3K4me1__zhihan1996_DNABERT-2-117M__20260514T113259Z,1,1,0.1732182651758194,0.8267817497253418
gue_emp_H3K4me1__zhihan1996_DNABERT-2-117M__20260514T113259Z,1,1,0.053551625460386276,0.9464484453201294
gue_emp_H3K4me1__zhihan1996_DNABERT-2-117M__20260514T113259Z,1,0,0.8248854875564575,0.1751144677400589
gue_emp_H3K4me1__zhihan1996_DNABERT-2-117M__20260514T113259Z,0,0,0.77390056848526,0.2260993868112564
gue_emp_H3K4me1__zhihan1996_DNABERT-2-117M__20260514T113259Z,0,0,0.9781979322433472,0.021801987662911415
gue_emp_H3K4me1__zhihan1996_DNABERT-2-117M__20260514T113259Z,1,1,0.24562746286392212,0.7543725371360779
gue_emp_H3K4me1__zhihan1996_DNABERT-2-117M__20260514T113259Z,1,1,0.07985373586416245,0.9201462268829346
gue_emp_H3K4me1__zhihan1996_DNABERT-2-117M__20260514T113259Z,0,0,0.9747490882873535,0.02525084838271141
gue_emp_H3K4me1__zhihan1996_DNABERT-2-117M__20260514T113259Z,1,1,0.06412401050329208,0.9358759522438049
gue_emp_H3K4me1__zhihan1996_DNABERT-2-117M__20260514T113259Z,0,0,0.8303191661834717,0.1696808785200119
gue_emp_H3K4me1__zhihan1996_DNABERT-2-117M__20260514T113259Z,0,0,0.7570766806602478,0.2429232895374298
gue_emp_H3K4me1__zhihan1996_DNABERT-2-117M__20260514T113259Z,1,1,0.27713048458099365,0.7228695154190063
gue_emp_H3K4me1__zhihan1996_DNABERT-2-117M__20260514T113259Z,1,1,0.09211450070142746,0.9078854918479919
gue_emp_H3K4me1__zhihan1996_DNABERT-2-117M__20260514T113259Z,1,1,0.1589561253786087,0.8410438895225525
gue_emp_H3K4me1__zhihan1996_DNABERT-2-117M__20260514T113259Z,1,1,0.18359361588954926,0.8164063692092896
gue_emp_H3K4me1__zhihan1996_DNABERT-2-117M__20260514T113259Z,1,0,0.8392734527587891,0.16072656214237213
gue_emp_H3K4me1__zhihan1996_DNABERT-2-117M__20260514T113259Z,1,1,0.052667658776044846,0.9473323225975037
gue_emp_H3K4me1__zhihan1996_DNABERT-2-117M__20260514T113259Z,1,1,0.2048981785774231,0.7951018214225769
gue_emp_H3K4me1__zhihan1996_DNABERT-2-117M__20260514T113259Z,1,1,0.2994123697280884,0.7005876302719116
gue_emp_H3K4me1__zhihan1996_DNABERT-2-117M__20260514T113259Z,1,1,0.07376295328140259,0.9262369871139526
gue_emp_H3K4me1__zhihan1996_DNABERT-2-117M__20260514T113259Z,0,1,0.3968276083469391,0.6031724214553833
gue_emp_H3K4me1__zhihan1996_DNABERT-2-117M__20260514T113259Z,0,0,0.8681575655937195,0.1318424493074417
gue_emp_H3K4me1__zhihan1996_DNABERT-2-117M__20260514T113259Z,0,0,0.9192809462547302,0.08071905374526978
gue_emp_H3K4me1__zhihan1996_DNABERT-2-117M__20260514T113259Z,1,1,0.22832852602005005,0.77167147397995
gue_emp_H3K4me1__zhihan1996_DNABERT-2-117M__20260514T113259Z,1,1,0.15746048092842102,0.8425394892692566
gue_emp_H3K4me1__zhihan1996_DNABERT-2-117M__20260514T113259Z,0,0,0.9105454087257385,0.08945459872484207
gue_emp_H3K4me1__zhihan1996_DNABERT-2-117M__20260514T113259Z,1,1,0.05770532041788101,0.942294716835022
gue_emp_H3K4me1__zhihan1996_DNABERT-2-117M__20260514T113259Z,0,0,0.9587313532829285,0.04126865044236183
gue_emp_H3K4me1__zhihan1996_DNABERT-2-117M__20260514T113259Z,0,0,0.9076402187347412,0.09235979616641998
gue_emp_H3K4me1__zhihan1996_DNABERT-2-117M__20260514T113259Z,1,1,0.06216002628207207,0.9378399848937988
gue_emp_H3K4me1__zhihan1996_DNABERT-2-117M__20260514T113259Z,0,1,0.26359936594963074,0.7364006042480469
gue_emp_H3K4me1__zhihan1996_DNABERT-2-117M__20260514T113259Z,0,0,0.6679604053497314,0.33203959465026855
gue_emp_H3K4me1__zhihan1996_DNABERT-2-117M__20260514T113259Z,0,0,0.9468429088592529,0.053157031536102295
gue_emp_H3K4me1__zhihan1996_DNABERT-2-117M__20260514T113259Z,1,1,0.13307686150074005,0.8669230937957764
gue_emp_H3K4me1__zhihan1996_DNABERT-2-117M__20260514T113259Z,1,1,0.31864413619041443,0.6813558340072632
gue_emp_H3K4me1__zhihan1996_DNABERT-2-117M__20260514T113259Z,0,1,0.11894683539867401,0.8810532093048096
gue_emp_H3K4me1__zhihan1996_DNABERT-2-117M__20260514T113259Z,1,1,0.05208601802587509,0.9479139447212219
gue_emp_H3K4me1__zhihan1996_DNABERT-2-117M__20260514T113259Z,1,1,0.46295860409736633,0.5370413661003113
gue_emp_H3K4me1__zhihan1996_DNABERT-2-117M__20260514T113259Z,1,1,0.16892549395561218,0.8310744762420654
gue_emp_H3K4me1__zhihan1996_DNABERT-2-117M__20260514T113259Z,1,1,0.103748619556427,0.896251380443573
gue_emp_H3K4me1__zhihan1996_DNABERT-2-117M__20260514T113259Z,0,0,0.9697281122207642,0.030271869152784348
gue_emp_H3K4me1__zhihan1996_DNABERT-2-117M__20260514T113259Z,1,1,0.06626641750335693,0.9337335228919983
gue_emp_H3K4me1__zhihan1996_DNABERT-2-117M__20260514T113259Z,1,0,0.8998278379440308,0.10017222166061401
gue_emp_H3K4me1__zhihan1996_DNABERT-2-117M__20260514T113259Z,1,1,0.11606085300445557,0.8839391469955444
gue_emp_H3K4me1__zhihan1996_DNABERT-2-117M__20260514T113259Z,1,1,0.35700690746307373,0.6429930925369263
gue_emp_H3K4me1__zhihan1996_DNABERT-2-117M__20260514T113259Z,0,0,0.9571177959442139,0.04288223758339882
gue_emp_H3K4me1__zhihan1996_DNABERT-2-117M__20260514T113259Z,1,1,0.12490518391132355,0.8750947713851929
gue_emp_H3K4me1__zhihan1996_DNABERT-2-117M__20260514T113259Z,0,1,0.058776553720235825,0.9412234425544739
gue_emp_H3K4me1__zhihan1996_DNABERT-2-117M__20260514T113259Z,0,0,0.9708817005157471,0.029118353500962257
gue_emp_H3K4me1__zhihan1996_DNABERT-2-117M__20260514T113259Z,0,0,0.9554439783096313,0.04455598071217537
gue_emp_H3K4me1__zhihan1996_DNABERT-2-117M__20260514T113259Z,1,1,0.04189131036400795,0.9581087231636047
gue_emp_H3K4me1__zhihan1996_DNABERT-2-117M__20260514T113259Z,1,1,0.20729495584964752,0.7927050590515137
gue_emp_H3K4me1__zhihan1996_DNABERT-2-117M__20260514T113259Z,1,1,0.0904940739274025,0.9095059633255005
gue_emp_H3K4me1__zhihan1996_DNABERT-2-117M__20260514T113259Z,1,1,0.05921025201678276,0.9407896995544434
gue_emp_H3K4me1__zhihan1996_DNABERT-2-117M__20260514T113259Z,1,1,0.16626887023448944,0.8337311148643494
gue_emp_H3K4me1__zhihan1996_DNABERT-2-117M__20260514T113259Z,0,0,0.7230650782585144,0.2769349217414856
gue_emp_H3K4me1__zhihan1996_DNABERT-2-117M__20260514T113259Z,1,1,0.1468808799982071,0.8531191349029541
gue_emp_H3K4me1__zhihan1996_DNABERT-2-117M__20260514T113259Z,0,1,0.3594203591346741,0.6405796408653259
gue_emp_H3K4me1__zhihan1996_DNABERT-2-117M__20260514T113259Z,1,1,0.0809367224574089,0.9190633296966553
gue_emp_H3K4me1__zhihan1996_DNABERT-2-117M__20260514T113259Z,1,1,0.13330236077308655,0.8666976690292358
gue_emp_H3K4me1__zhihan1996_DNABERT-2-117M__20260514T113259Z,1,1,0.08299413323402405,0.9170058369636536
gue_emp_H3K4me1__zhihan1996_DNABERT-2-117M__20260514T113259Z,0,0,0.8028648495674133,0.19713515043258667
gue_emp_H3K4me1__zhihan1996_DNABERT-2-117M__20260514T113259Z,1,0,0.952397346496582,0.04760265350341797
gue_emp_H3K4me1__zhihan1996_DNABERT-2-117M__20260514T113259Z,0,0,0.9458011984825134,0.0541987270116806
gue_emp_H3K4me1__zhihan1996_DNABERT-2-117M__20260514T113259Z,1,1,0.4288312494754791,0.5711687207221985
gue_emp_H3K4me1__zhihan1996_DNABERT-2-117M__20260514T113259Z,1,1,0.08756384253501892,0.9124361872673035
gue_emp_H3K4me1__zhihan1996_DNABERT-2-117M__20260514T113259Z,1,1,0.06210312247276306,0.9378969073295593
gue_emp_H3K4me1__zhihan1996_DNABERT-2-117M__20260514T113259Z,0,1,0.2267836481332779,0.7732163667678833
gue_emp_H3K4me1__zhihan1996_DNABERT-2-117M__20260514T113259Z,0,0,0.575140655040741,0.42485931515693665
gue_emp_H3K4me1__zhihan1996_DNABERT-2-117M__20260514T113259Z,1,1,0.12896330654621124,0.87103670835495
gue_emp_H3K4me1__zhihan1996_DNABERT-2-117M__20260514T113259Z,1,0,0.8372876048088074,0.16271236538887024
gue_emp_H3K4me1__zhihan1996_DNABERT-2-117M__20260514T113259Z,1,1,0.07921033352613449,0.9207897186279297
gue_emp_H3K4me1__zhihan1996_DNABERT-2-117M__20260514T113259Z,0,0,0.6018860936164856,0.3981139063835144
gue_emp_H3K4me1__zhihan1996_DNABERT-2-117M__20260514T113259Z,0,0,0.9602867364883423,0.039713259786367416
gue_emp_H3K4me1__zhihan1996_DNABERT-2-117M__20260514T113259Z,0,0,0.7236512899398804,0.27634865045547485
gue_emp_H3K4me1__zhihan1996_DNABERT-2-117M__20260514T113259Z,1,1,0.19969788193702698,0.8003020882606506
gue_emp_H3K4me1__zhihan1996_DNABERT-2-117M__20260514T113259Z,0,0,0.7669051289558411,0.23309479653835297
gue_emp_H3K4me1__zhihan1996_DNABERT-2-117M__20260514T113259Z,0,0,0.9562273025512695,0.04377273842692375
gue_emp_H3K4me1__zhihan1996_DNABERT-2-117M__20260514T113259Z,1,1,0.16231362521648407,0.8376863598823547
gue_emp_H3K4me1__zhihan1996_DNABERT-2-117M__20260514T113259Z,1,1,0.05561761558055878,0.9443824291229248
gue_emp_H3K4me1__zhihan1996_DNABERT-2-117M__20260514T113259Z,0,1,0.06108710169792175,0.9389128684997559
gue_emp_H3K4me1__zhihan1996_DNABERT-2-117M__20260514T113259Z,1,1,0.08874128758907318,0.9112587571144104
gue_emp_H3K4me1__zhihan1996_DNABERT-2-117M__20260514T113259Z,1,1,0.10650458931922913,0.8934953808784485
gue_emp_H3K4me1__zhihan1996_DNABERT-2-117M__20260514T113259Z,1,1,0.15869519114494324,0.8413047790527344
gue_emp_H3K4me1__zhihan1996_DNABERT-2-117M__20260514T113259Z,0,0,0.9505029916763306,0.049497056752443314
gue_emp_H3K4me1__zhihan1996_DNABERT-2-117M__20260514T113259Z,0,0,0.8847382068634033,0.11526177078485489
gue_emp_H3K4me1__zhihan1996_DNABERT-2-117M__20260514T113259Z,1,1,0.07011259347200394,0.9298873543739319
gue_emp_H3K4me1__zhihan1996_DNABERT-2-117M__20260514T113259Z,0,0,0.958304226398468,0.041695769876241684
gue_emp_H3K4me1__zhihan1996_DNABERT-2-117M__20260514T113259Z,0,0,0.6412257552146912,0.35877418518066406
gue_emp_H3K4me1__zhihan1996_DNABERT-2-117M__20260514T113259Z,1,1,0.11864013969898224,0.881359875202179
gue_emp_H3K4me1__zhihan1996_DNABERT-2-117M__20260514T113259Z,0,0,0.95865398645401,0.041345998644828796
gue_emp_H3K4me1__zhihan1996_DNABERT-2-117M__20260514T113259Z,1,1,0.04280214384198189,0.9571978449821472
gue_emp_H3K4me1__zhihan1996_DNABERT-2-117M__20260514T113259Z,0,0,0.9728049635887146,0.027195055037736893
gue_emp_H3K4me1__zhihan1996_DNABERT-2-117M__20260514T113259Z,1,1,0.1403951644897461,0.8596047759056091
gue_emp_H3K4me1__zhihan1996_DNABERT-2-117M__20260514T113259Z,0,1,0.11616107821464539,0.8838388919830322
gue_emp_H3K4me1__zhihan1996_DNABERT-2-117M__20260514T113259Z,1,0,0.9067357778549194,0.09326425939798355
gue_emp_H3K4me1__zhihan1996_DNABERT-2-117M__20260514T113259Z,1,1,0.07343005388975143,0.9265698790550232
gue_emp_H3K4me1__zhihan1996_DNABERT-2-117M__20260514T113259Z,0,1,0.2114982306957245,0.7885017395019531
gue_emp_H3K4me1__zhihan1996_DNABERT-2-117M__20260514T113259Z,0,0,0.9636775851249695,0.0363224633038044
gue_emp_H3K4me1__zhihan1996_DNABERT-2-117M__20260514T113259Z,1,0,0.7013041377067566,0.2986958920955658
gue_emp_H3K4me1__zhihan1996_DNABERT-2-117M__20260514T113259Z,0,0,0.675550639629364,0.32444941997528076
gue_emp_H3K4me1__zhihan1996_DNABERT-2-117M__20260514T113259Z,1,1,0.285222589969635,0.7147773504257202
gue_emp_H3K4me1__zhihan1996_DNABERT-2-117M__20260514T113259Z,0,0,0.8510265946388245,0.14897339046001434
gue_emp_H3K4me1__zhihan1996_DNABERT-2-117M__20260514T113259Z,0,0,0.8651101589202881,0.13488984107971191
gue_emp_H3K4me1__zhihan1996_DNABERT-2-117M__20260514T113259Z,0,1,0.061819322407245636,0.9381806254386902
gue_emp_H3K4me1__zhihan1996_DNABERT-2-117M__20260514T113259Z,1,1,0.0904940739274025,0.9095059633255005
gue_emp_H3K4me1__zhihan1996_DNABERT-2-117M__20260514T113259Z,0,1,0.11133779585361481,0.8886622190475464
gue_emp_H3K4me1__zhihan1996_DNABERT-2-117M__20260514T113259Z,1,1,0.06025232374668121,0.93974769115448
gue_emp_H3K4me1__zhihan1996_DNABERT-2-117M__20260514T113259Z,1,1,0.1556551456451416,0.8443447947502136
gue_emp_H3K4me1__zhihan1996_DNABERT-2-117M__20260514T113259Z,1,1,0.06853749603033066,0.9314625263214111
gue_emp_H3K4me1__zhihan1996_DNABERT-2-117M__20260514T113259Z,1,1,0.3759641945362091,0.6240357756614685
gue_emp_H3K4me1__zhihan1996_DNABERT-2-117M__20260514T113259Z,1,1,0.3210873305797577,0.6789126396179199
gue_emp_H3K4me1__zhihan1996_DNABERT-2-117M__20260514T113259Z,0,0,0.8537908792495728,0.14620910584926605
gue_emp_H3K4me1__zhihan1996_DNABERT-2-117M__20260514T113259Z,1,1,0.1276526302099228,0.872347354888916
gue_emp_H3K4me1__zhihan1996_DNABERT-2-117M__20260514T113259Z,0,1,0.4728127717971802,0.5271872282028198
gue_emp_H3K4me1__zhihan1996_DNABERT-2-117M__20260514T113259Z,0,1,0.07758752256631851,0.9224124550819397
gue_emp_H3K4me1__zhihan1996_DNABERT-2-117M__20260514T113259Z,1,1,0.38139235973358154,0.6186076402664185
gue_emp_H3K4me1__zhihan1996_DNABERT-2-117M__20260514T113259Z,0,0,0.952175498008728,0.047824520617723465
gue_emp_H3K4me1__zhihan1996_DNABERT-2-117M__20260514T113259Z,0,0,0.8381505608558655,0.16184943914413452
gue_emp_H3K4me1__zhihan1996_DNABERT-2-117M__20260514T113259Z,1,1,0.06791667640209198,0.9320833086967468
gue_emp_H3K4me1__zhihan1996_DNABERT-2-117M__20260514T113259Z,0,1,0.16626887023448944,0.8337311148643494
gue_emp_H3K4me1__zhihan1996_DNABERT-2-117M__20260514T113259Z,0,0,0.7957375049591064,0.20426252484321594
gue_emp_H3K4me1__zhihan1996_DNABERT-2-117M__20260514T113259Z,0,0,0.6248087882995605,0.37519124150276184
gue_emp_H3K4me1__zhihan1996_DNABERT-2-117M__20260514T113259Z,1,0,0.7100757956504822,0.2899242639541626
gue_emp_H3K4me1__zhihan1996_DNABERT-2-117M__20260514T113259Z,0,0,0.83601975440979,0.16398024559020996
gue_emp_H3K4me1__zhihan1996_DNABERT-2-117M__20260514T113259Z,1,1,0.4090437591075897,0.5909562706947327
gue_emp_H3K4me1__zhihan1996_DNABERT-2-117M__20260514T113259Z,0,1,0.0892956405878067,0.9107043743133545
gue_emp_H3K4me1__zhihan1996_DNABERT-2-117M__20260514T113259Z,0,0,0.8164063692092896,0.18359361588954926
gue_emp_H3K4me1__zhihan1996_DNABERT-2-117M__20260514T113259Z,1,1,0.08366549760103226,0.9163345098495483
gue_emp_H3K4me1__zhihan1996_DNABERT-2-117M__20260514T113259Z,1,1,0.06383161246776581,0.936168372631073
gue_emp_H3K4me1__zhihan1996_DNABERT-2-117M__20260514T113259Z,0,0,0.6030263304710388,0.39697369933128357
gue_emp_H3K4me1__zhihan1996_DNABERT-2-117M__20260514T113259Z,0,0,0.8759993314743042,0.12400069832801819
gue_emp_H3K4me1__zhihan1996_DNABERT-2-117M__20260514T113259Z,1,1,0.16317856311798096,0.836821436882019
gue_emp_H3K4me1__zhihan1996_DNABERT-2-117M__20260514T113259Z,1,1,0.08509904891252518,0.9149009585380554
gue_emp_H3K4me1__zhihan1996_DNABERT-2-117M__20260514T113259Z,0,0,0.8485333919525146,0.15146656334400177
gue_emp_H3K4me1__zhihan1996_DNABERT-2-117M__20260514T113259Z,1,1,0.21783629059791565,0.782163679599762
gue_emp_H3K4me1__zhihan1996_DNABERT-2-117M__20260514T113259Z,1,1,0.047691281884908676,0.9523086547851562
gue_emp_H3K4me1__zhihan1996_DNABERT-2-117M__20260514T113259Z,1,1,0.1338108777999878,0.866189181804657
gue_emp_H3K4me1__zhihan1996_DNABERT-2-117M__20260514T113259Z,0,0,0.9569973349571228,0.04300263896584511
gue_emp_H3K4me1__zhihan1996_DNABERT-2-117M__20260514T113259Z,0,0,0.7978719472885132,0.20212800800800323
gue_emp_H3K4me1__zhihan1996_DNABERT-2-117M__20260514T113259Z,0,1,0.38653185963630676,0.6134681105613708
gue_emp_H3K4me1__zhihan1996_DNABERT-2-117M__20260514T113259Z,1,1,0.11466560512781143,0.8853343725204468
gue_emp_H3K4me1__zhihan1996_DNABERT-2-117M__20260514T113259Z,1,1,0.135575070977211,0.8644249439239502
gue_emp_H3K4me1__zhihan1996_DNABERT-2-117M__20260514T113259Z,0,1,0.06884987652301788,0.9311501383781433
gue_emp_H3K4me1__zhihan1996_DNABERT-2-117M__20260514T113259Z,0,1,0.12576161324977875,0.8742383122444153
gue_emp_H3K4me1__zhihan1996_DNABERT-2-117M__20260514T113259Z,1,1,0.06656918674707413,0.9334307909011841
gue_emp_H3K4me1__zhihan1996_DNABERT-2-117M__20260514T113259Z,1,1,0.07376295328140259,0.9262369871139526
gue_emp_H3K4me1__zhihan1996_DNABERT-2-117M__20260514T113259Z,1,1,0.17314834892749786,0.8268516659736633
gue_emp_H3K4me1__zhihan1996_DNABERT-2-117M__20260514T113259Z,1,1,0.10338596999645233,0.8966140151023865
gue_emp_H3K4me1__zhihan1996_DNABERT-2-117M__20260514T113259Z,1,1,0.10594828426837921,0.8940516710281372
gue_emp_H3K4me1__zhihan1996_DNABERT-2-117M__20260514T113259Z,1,1,0.06878729164600372,0.9312127232551575
gue_emp_H3K4me1__zhihan1996_DNABERT-2-117M__20260514T113259Z,1,1,0.05572028458118439,0.9442797303199768
gue_emp_H3K4me1__zhihan1996_DNABERT-2-117M__20260514T113259Z,1,0,0.6384690403938293,0.36153095960617065
gue_emp_H3K4me1__zhihan1996_DNABERT-2-117M__20260514T113259Z,0,0,0.9482983350753784,0.05170163884758949
gue_emp_H3K4me1__zhihan1996_DNABERT-2-117M__20260514T113259Z,1,1,0.0637732744216919,0.9362266659736633
gue_emp_H3K4me1__zhihan1996_DNABERT-2-117M__20260514T113259Z,1,1,0.21174263954162598,0.788257360458374
gue_emp_H3K4me1__zhihan1996_DNABERT-2-117M__20260514T113259Z,1,1,0.2859199345111847,0.7140800356864929
gue_emp_H3K4me1__zhihan1996_DNABERT-2-117M__20260514T113259Z,1,1,0.0631926879286766,0.9368072748184204
gue_emp_H3K4me1__zhihan1996_DNABERT-2-117M__20260514T113259Z,1,1,0.16769519448280334,0.832304835319519
gue_emp_H3K4me1__zhihan1996_DNABERT-2-117M__20260514T113259Z,0,0,0.5711986422538757,0.42880138754844666
gue_emp_H3K4me1__zhihan1996_DNABERT-2-117M__20260514T113259Z,1,0,0.967625081539154,0.03237491101026535
gue_emp_H3K4me1__zhihan1996_DNABERT-2-117M__20260514T113259Z,1,1,0.4938395619392395,0.5061604380607605
gue_emp_H3K4me1__zhihan1996_DNABERT-2-117M__20260514T113259Z,1,1,0.24095314741134644,0.7590468525886536
gue_emp_H3K4me1__zhihan1996_DNABERT-2-117M__20260514T113259Z,0,1,0.1030244380235672,0.896975576877594
gue_emp_H3K4me1__zhihan1996_DNABERT-2-117M__20260514T113259Z,0,1,0.1211128756403923,0.8788871765136719
gue_emp_H3K4me1__zhihan1996_DNABERT-2-117M__20260514T113259Z,1,1,0.2712034285068512,0.7287965416908264
gue_emp_H3K4me1__zhihan1996_DNABERT-2-117M__20260514T113259Z,0,1,0.10875558853149414,0.8912444114685059
gue_emp_H3K4me1__zhihan1996_DNABERT-2-117M__20260514T113259Z,1,1,0.10650458931922913,0.8934953808784485
gue_emp_H3K4me1__zhihan1996_DNABERT-2-117M__20260514T113259Z,0,0,0.7873595356941223,0.21264049410820007
gue_emp_H3K4me1__zhihan1996_DNABERT-2-117M__20260514T113259Z,1,1,0.10493505746126175,0.8950649499893188
gue_emp_H3K4me1__zhihan1996_DNABERT-2-117M__20260514T113259Z,1,1,0.06489011645317078,0.9351099133491516
gue_emp_H3K4me1__zhihan1996_DNABERT-2-117M__20260514T113259Z,1,0,0.5611396431922913,0.43886035680770874
gue_emp_H3K4me1__zhihan1996_DNABERT-2-117M__20260514T113259Z,1,1,0.055310651659965515,0.9446893334388733
gue_emp_H3K4me1__zhihan1996_DNABERT-2-117M__20260514T113259Z,0,1,0.1175214871764183,0.8824785351753235
gue_emp_H3K4me1__zhihan1996_DNABERT-2-117M__20260514T113259Z,0,0,0.9345147609710693,0.06548520922660828
gue_emp_H3K4me1__zhihan1996_DNABERT-2-117M__20260514T113259Z,1,1,0.07133200019598007,0.9286680221557617
gue_emp_H3K4me1__zhihan1996_DNABERT-2-117M__20260514T113259Z,0,0,0.8921873569488525,0.10781263560056686
gue_emp_H3K4me1__zhihan1996_DNABERT-2-117M__20260514T113259Z,0,1,0.10008423030376434,0.8999157547950745
gue_emp_H3K4me1__zhihan1996_DNABERT-2-117M__20260514T113259Z,1,0,0.7751796245574951,0.22482039034366608
gue_emp_H3K4me1__zhihan1996_DNABERT-2-117M__20260514T113259Z,1,0,0.5084792375564575,0.4915207326412201
gue_emp_H3K4me1__zhihan1996_DNABERT-2-117M__20260514T113259Z,0,1,0.10402136296033859,0.8959786295890808
gue_emp_H3K4me1__zhihan1996_DNABERT-2-117M__20260514T113259Z,1,1,0.05834583938121796,0.9416541457176208
gue_emp_H3K4me1__zhihan1996_DNABERT-2-117M__20260514T113259Z,1,1,0.06354044377803802,0.9364595413208008
gue_emp_H3K4me1__zhihan1996_DNABERT-2-117M__20260514T113259Z,1,1,0.058560825884342194,0.941439151763916
gue_emp_H3K4me1__zhihan1996_DNABERT-2-117M__20260514T113259Z,0,1,0.3621792793273926,0.6378207206726074
gue_emp_H3K4me1__zhihan1996_DNABERT-2-117M__20260514T113259Z,1,1,0.21255874633789062,0.7874411940574646
gue_emp_H3K4me1__zhihan1996_DNABERT-2-117M__20260514T113259Z,0,1,0.09154440462589264,0.9084556102752686
gue_emp_H3K4me1__zhihan1996_DNABERT-2-117M__20260514T113259Z,0,1,0.09376094490289688,0.9062390327453613
gue_emp_H3K4me1__zhihan1996_DNABERT-2-117M__20260514T113259Z,0,0,0.9305214285850525,0.0694785863161087
gue_emp_H3K4me1__zhihan1996_DNABERT-2-117M__20260514T113259Z,0,1,0.12485181540250778,0.8751482367515564
gue_emp_H3K4me1__zhihan1996_DNABERT-2-117M__20260514T113259Z,1,0,0.860427737236023,0.13957218825817108
gue_emp_H3K4me1__zhihan1996_DNABERT-2-117M__20260514T113259Z,1,1,0.07956718653440475,0.9204327464103699
gue_emp_H3K4me1__zhihan1996_DNABERT-2-117M__20260514T113259Z,1,1,0.04894862323999405,0.9510514140129089
gue_emp_H3K4me1__zhihan1996_DNABERT-2-117M__20260514T113259Z,0,1,0.14211279153823853,0.8578872084617615
gue_emp_H3K4me1__zhihan1996_DNABERT-2-117M__20260514T113259Z,1,1,0.1519692987203598,0.8480307459831238
gue_emp_H3K4me1__zhihan1996_DNABERT-2-117M__20260514T113259Z,0,0,0.910306453704834,0.08969351649284363
gue_emp_H3K4me1__zhihan1996_DNABERT-2-117M__20260514T113259Z,0,0,0.9174507260322571,0.08254930377006531
gue_emp_H3K4me1__zhihan1996_DNABERT-2-117M__20260514T113259Z,1,1,0.17695587873458862,0.8230441212654114
gue_emp_H3K4me1__zhihan1996_DNABERT-2-117M__20260514T113259Z,1,1,0.44090554118156433,0.5590944886207581
gue_emp_H3K4me1__zhihan1996_DNABERT-2-117M__20260514T113259Z,1,1,0.0699218362569809,0.9300782084465027
gue_emp_H3K4me1__zhihan1996_DNABERT-2-117M__20260514T113259Z,0,0,0.6235774159431458,0.3764225244522095
gue_emp_H3K4me1__zhihan1996_DNABERT-2-117M__20260514T113259Z,0,0,0.9455505013465881,0.05444957688450813
gue_emp_H3K4me1__zhihan1996_DNABERT-2-117M__20260514T113259Z,0,1,0.07409726083278656,0.9259026646614075
gue_emp_H3K4me1__zhihan1996_DNABERT-2-117M__20260514T113259Z,0,0,0.9754135012626648,0.024586498737335205
gue_emp_H3K4me1__zhihan1996_DNABERT-2-117M__20260514T113259Z,1,1,0.35700690746307373,0.6429930925369263
gue_emp_H3K4me1__zhihan1996_DNABERT-2-117M__20260514T113259Z,1,1,0.11971654742956161,0.8802834153175354
gue_emp_H3K4me1__zhihan1996_DNABERT-2-117M__20260514T113259Z,0,1,0.2041831612586975,0.7958168387413025
gue_emp_H3K4me1__zhihan1996_DNABERT-2-117M__20260514T113259Z,1,1,0.05444957688450813,0.9455505013465881
gue_emp_H3K4me1__zhihan1996_DNABERT-2-117M__20260514T113259Z,1,0,0.776707649230957,0.22329238057136536
gue_emp_H3K4me1__zhihan1996_DNABERT-2-117M__20260514T113259Z,0,0,0.6564931273460388,0.3435068726539612
gue_emp_H3K4me1__zhihan1996_DNABERT-2-117M__20260514T113259Z,0,0,0.9771537780761719,0.022846195846796036
gue_emp_H3K4me1__zhihan1996_DNABERT-2-117M__20260514T113259Z,1,1,0.10017222166061401,0.8998278379440308
gue_emp_H3K4me1__zhihan1996_DNABERT-2-117M__20260514T113259Z,1,1,0.18616902828216553,0.8138309121131897
gue_emp_H3K4me1__zhihan1996_DNABERT-2-117M__20260514T113259Z,1,0,0.8492849469184875,0.15071502327919006
gue_emp_H3K4me1__zhihan1996_DNABERT-2-117M__20260514T113259Z,0,1,0.18639105558395386,0.8136088848114014
gue_emp_H3K4me1__zhihan1996_DNABERT-2-117M__20260514T113259Z,1,1,0.12357699871063232,0.8764230012893677
gue_emp_H3K4me1__zhihan1996_DNABERT-2-117M__20260514T113259Z,1,1,0.051605962216854095,0.9483940601348877
gue_emp_H3K4me1__zhihan1996_DNABERT-2-117M__20260514T113259Z,0,0,0.9792947173118591,0.02070525288581848
gue_emp_H3K4me1__zhihan1996_DNABERT-2-117M__20260514T113259Z,1,1,0.08593913912773132,0.9140608906745911
gue_emp_H3K4me1__zhihan1996_DNABERT-2-117M__20260514T113259Z,1,1,0.06371499598026276,0.9362850189208984
gue_emp_H3K4me1__zhihan1996_DNABERT-2-117M__20260514T113259Z,0,0,0.8642531633377075,0.1357468068599701
gue_emp_H3K4me1__zhihan1996_DNABERT-2-117M__20260514T113259Z,0,0,0.898944079875946,0.10105591267347336
gue_emp_H3K4me1__zhihan1996_DNABERT-2-117M__20260514T113259Z,1,1,0.08961381763219833,0.9103862047195435
gue_emp_H3K4me1__zhihan1996_DNABERT-2-117M__20260514T113259Z,0,0,0.8636217713356018,0.1363781839609146
gue_emp_H3K4me1__zhihan1996_DNABERT-2-117M__20260514T113259Z,0,0,0.8414351940155029,0.15856485068798065
gue_emp_H3K4me1__zhihan1996_DNABERT-2-117M__20260514T113259Z,0,1,0.22755517065525055,0.7724448442459106
gue_emp_H3K4me1__zhihan1996_DNABERT-2-117M__20260514T113259Z,1,1,0.06847517937421799,0.9315248131752014
gue_emp_H3K4me1__zhihan1996_DNABERT-2-117M__20260514T113259Z,0,1,0.08874128758907318,0.9112587571144104
gue_emp_H3K4me1__zhihan1996_DNABERT-2-117M__20260514T113259Z,0,0,0.641983687877655,0.3580162823200226
gue_emp_H3K4me1__zhihan1996_DNABERT-2-117M__20260514T113259Z,0,0,0.8398653864860535,0.16013464331626892
gue_emp_H3K4me1__zhihan1996_DNABERT-2-117M__20260514T113259Z,0,0,0.9492005109786987,0.05079945921897888
gue_emp_H3K4me1__zhihan1996_DNABERT-2-117M__20260514T113259Z,1,1,0.07892589271068573,0.9210741519927979
gue_emp_H3K4me1__zhihan1996_DNABERT-2-117M__20260514T113259Z,1,1,0.4511904716491699,0.5488094687461853
gue_emp_H3K4me1__zhihan1996_DNABERT-2-117M__20260514T113259Z,0,1,0.3671568036079407,0.6328431963920593
gue_emp_H3K4me1__zhihan1996_DNABERT-2-117M__20260514T113259Z,1,1,0.1755380630493164,0.8244618773460388
gue_emp_H3K4me1__zhihan1996_DNABERT-2-117M__20260514T113259Z,1,1,0.040502771735191345,0.9594972133636475
gue_emp_H3K4me1__zhihan1996_DNABERT-2-117M__20260514T113259Z,1,0,0.937210738658905,0.06278920918703079
gue_emp_H3K4me1__zhihan1996_DNABERT-2-117M__20260514T113259Z,1,0,0.652296781539917,0.3477031886577606
gue_emp_H3K4me1__zhihan1996_DNABERT-2-117M__20260514T113259Z,1,1,0.40951597690582275,0.590484082698822
gue_emp_H3K4me1__zhihan1996_DNABERT-2-117M__20260514T113259Z,1,1,0.14669741690158844,0.8533025979995728
gue_emp_H3K4me1__zhihan1996_DNABERT-2-117M__20260514T113259Z,0,0,0.7139305472373962,0.28606951236724854
gue_emp_H3K4me1__zhihan1996_DNABERT-2-117M__20260514T113259Z,1,1,0.19544048607349396,0.8045595288276672
gue_emp_H3K4me1__zhihan1996_DNABERT-2-117M__20260514T113259Z,1,1,0.13195426762104034,0.8680456876754761
gue_emp_H3K4me1__zhihan1996_DNABERT-2-117M__20260514T113259Z,0,0,0.9629179239273071,0.03708202391862869
gue_emp_H3K4me1__zhihan1996_DNABERT-2-117M__20260514T113259Z,1,1,0.06590479612350464,0.9340951442718506
gue_emp_H3K4me1__zhihan1996_DNABERT-2-117M__20260514T113259Z,1,1,0.13706977665424347,0.8629302382469177
gue_emp_H3K4me1__zhihan1996_DNABERT-2-117M__20260514T113259Z,1,1,0.29507753252983093,0.7049224376678467
gue_emp_H3K4me1__zhihan1996_DNABERT-2-117M__20260514T113259Z,0,0,0.8645393252372742,0.13546064496040344
gue_emp_H3K4me1__zhihan1996_DNABERT-2-117M__20260514T113259Z,1,1,0.04103744029998779,0.9589625000953674
gue_emp_H3K4me1__zhihan1996_DNABERT-2-117M__20260514T113259Z,1,1,0.20833994448184967,0.7916600704193115
gue_emp_H3K4me1__zhihan1996_DNABERT-2-117M__20260514T113259Z,1,1,0.1196136623620987,0.8803863525390625
gue_emp_H3K4me1__zhihan1996_DNABERT-2-117M__20260514T113259Z,0,1,0.1591520458459854,0.8408479690551758
gue_emp_H3K4me1__zhihan1996_DNABERT-2-117M__20260514T113259Z,0,0,0.9186993837356567,0.08130065351724625
gue_emp_H3K4me1__zhihan1996_DNABERT-2-117M__20260514T113259Z,1,1,0.054048750549554825,0.9459512829780579
gue_emp_H3K4me1__zhihan1996_DNABERT-2-117M__20260514T113259Z,0,1,0.10715685039758682,0.8928431868553162
gue_emp_H3K4me1__zhihan1996_DNABERT-2-117M__20260514T113259Z,1,1,0.16559310257434845,0.8344069123268127
gue_emp_H3K4me1__zhihan1996_DNABERT-2-117M__20260514T113259Z,0,1,0.10585582256317139,0.8941442370414734
gue_emp_H3K4me1__zhihan1996_DNABERT-2-117M__20260514T113259Z,1,0,0.749454140663147,0.250545859336853
gue_emp_H3K4me1__zhihan1996_DNABERT-2-117M__20260514T113259Z,1,0,0.9214990139007568,0.07850097864866257
gue_emp_H3K4me1__zhihan1996_DNABERT-2-117M__20260514T113259Z,1,0,0.9201462268829346,0.07985373586416245
gue_emp_H3K4me1__zhihan1996_DNABERT-2-117M__20260514T113259Z,1,1,0.06910072267055511,0.9308992624282837
gue_emp_H3K4me1__zhihan1996_DNABERT-2-117M__20260514T113259Z,0,0,0.9539660811424255,0.04603390395641327
gue_emp_H3K4me1__zhihan1996_DNABERT-2-117M__20260514T113259Z,0,0,0.9780307412147522,0.021969227120280266
gue_emp_H3K4me1__zhihan1996_DNABERT-2-117M__20260514T113259Z,0,0,0.8608377575874329,0.13916222751140594
gue_emp_H3K4me1__zhihan1996_DNABERT-2-117M__20260514T113259Z,1,1,0.07329727709293365,0.9267027974128723
gue_emp_H3K4me1__zhihan1996_DNABERT-2-117M__20260514T113259Z,1,1,0.05872255191206932,0.9412774443626404
gue_emp_H3K4me1__zhihan1996_DNABERT-2-117M__20260514T113259Z,1,1,0.04463920369744301,0.9553608298301697
gue_emp_H3K4me1__zhihan1996_DNABERT-2-117M__20260514T113259Z,0,0,0.7589575052261353,0.24104247987270355
gue_emp_H3K4me1__zhihan1996_DNABERT-2-117M__20260514T113259Z,0,0,0.9717789888381958,0.02822098508477211
gue_emp_H3K4me1__zhihan1996_DNABERT-2-117M__20260514T113259Z,0,0,0.80935138463974,0.19064868986606598
gue_emp_H3K4me1__zhihan1996_DNABERT-2-117M__20260514T113259Z,0,1,0.32466351985931396,0.675336480140686
gue_emp_H3K4me1__zhihan1996_DNABERT-2-117M__20260514T113259Z,0,0,0.952530026435852,0.047470010817050934
gue_emp_H3K4me1__zhihan1996_DNABERT-2-117M__20260514T113259Z,0,0,0.9241418242454529,0.07585818320512772
gue_emp_H3K4me1__zhihan1996_DNABERT-2-117M__20260514T113259Z,0,0,0.9447912573814392,0.055208686739206314
gue_emp_H3K4me1__zhihan1996_DNABERT-2-117M__20260514T113259Z,0,0,0.9310875535011292,0.06891249865293503
gue_emp_H3K4me1__zhihan1996_DNABERT-2-117M__20260514T113259Z,1,1,0.1695433259010315,0.8304566740989685
gue_emp_H3K4me1__zhihan1996_DNABERT-2-117M__20260514T113259Z,0,0,0.5928728580474854,0.40712714195251465
gue_emp_H3K4me1__zhihan1996_DNABERT-2-117M__20260514T113259Z,1,0,0.7124322652816772,0.28756770491600037
gue_emp_H3K4me1__zhihan1996_DNABERT-2-117M__20260514T113259Z,1,1,0.06313490122556686,0.9368651509284973
gue_emp_H3K4me1__zhihan1996_DNABERT-2-117M__20260514T113259Z,0,0,0.94629967212677,0.05370030552148819
gue_emp_H3K4me1__zhihan1996_DNABERT-2-117M__20260514T113259Z,1,0,0.7818307876586914,0.21816924214363098
gue_emp_H3K4me1__zhihan1996_DNABERT-2-117M__20260514T113259Z,1,1,0.06853749603033066,0.9314625263214111
gue_emp_H3K4me1__zhihan1996_DNABERT-2-117M__20260514T113259Z,0,1,0.07737810164690018,0.9226218461990356
gue_emp_H3K4me1__zhihan1996_DNABERT-2-117M__20260514T113259Z,1,1,0.0934295728802681,0.9065704345703125
gue_emp_H3K4me1__zhihan1996_DNABERT-2-117M__20260514T113259Z,1,1,0.06091929227113724,0.9390807151794434
gue_emp_H3K4me1__zhihan1996_DNABERT-2-117M__20260514T113259Z,0,0,0.9649212956428528,0.03507867455482483
gue_emp_H3K4me1__zhihan1996_DNABERT-2-117M__20260514T113259Z,0,0,0.8900077939033508,0.10999224334955215
gue_emp_H3K4me1__zhihan1996_DNABERT-2-117M__20260514T113259Z,1,1,0.06216002628207207,0.9378399848937988
gue_emp_H3K4me1__zhihan1996_DNABERT-2-117M__20260514T113259Z,1,1,0.08166611194610596,0.918333888053894
gue_emp_H3K4me1__zhihan1996_DNABERT-2-117M__20260514T113259Z,0,0,0.9711838364601135,0.02881619706749916
gue_emp_H3K4me1__zhihan1996_DNABERT-2-117M__20260514T113259Z,1,1,0.048316068947315216,0.9516838788986206
gue_emp_H3K4me1__zhihan1996_DNABERT-2-117M__20260514T113259Z,0,0,0.9696420431137085,0.03035798855125904
gue_emp_H3K4me1__zhihan1996_DNABERT-2-117M__20260514T113259Z,0,1,0.17738297581672668,0.8226170539855957
gue_emp_H3K4me1__zhihan1996_DNABERT-2-117M__20260514T113259Z,1,0,0.53557288646698,0.46442711353302
gue_emp_H3K4me1__zhihan1996_DNABERT-2-117M__20260514T113259Z,1,0,0.896251380443573,0.103748619556427
gue_emp_H3K4me1__zhihan1996_DNABERT-2-117M__20260514T113259Z,0,0,0.5154293775558472,0.48457062244415283
gue_emp_H3K4me1__zhihan1996_DNABERT-2-117M__20260514T113259Z,0,1,0.32756075263023376,0.6724392175674438
gue_emp_H3K4me1__zhihan1996_DNABERT-2-117M__20260514T113259Z,1,1,0.07243961095809937,0.9275604486465454
gue_emp_H3K4me1__zhihan1996_DNABERT-2-117M__20260514T113259Z,0,0,0.8450494408607483,0.15495054423809052
gue_emp_H3K4me1__zhihan1996_DNABERT-2-117M__20260514T113259Z,0,0,0.9300782084465027,0.0699218362569809
gue_emp_H3K4me1__zhihan1996_DNABERT-2-117M__20260514T113259Z,0,0,0.960472583770752,0.03952746465802193
gue_emp_H3K4me1__zhihan1996_DNABERT-2-117M__20260514T113259Z,1,1,0.04586266726255417,0.95413738489151
gue_emp_H3K4me1__zhihan1996_DNABERT-2-117M__20260514T113259Z,1,1,0.23642808198928833,0.7635719180107117
gue_emp_H3K4me1__zhihan1996_DNABERT-2-117M__20260514T113259Z,0,0,0.9305844902992249,0.06941547989845276
gue_emp_H3K4me1__zhihan1996_DNABERT-2-117M__20260514T113259Z,1,1,0.3861556351184845,0.6138443350791931
gue_emp_H3K4me1__zhihan1996_DNABERT-2-117M__20260514T113259Z,1,1,0.0626743733882904,0.937325656414032
gue_emp_H3K4me1__zhihan1996_DNABERT-2-117M__20260514T113259Z,0,0,0.780829668045044,0.21917033195495605
gue_emp_H3K4me1__zhihan1996_DNABERT-2-117M__20260514T113259Z,1,1,0.18293586373329163,0.8170641660690308
gue_emp_H3K4me1__zhihan1996_DNABERT-2-117M__20260514T113259Z,0,1,0.1946738362312317,0.8053262233734131
gue_emp_H3K4me1__zhihan1996_DNABERT-2-117M__20260514T113259Z,0,0,0.7614498138427734,0.23855018615722656
gue_emp_H3K4me1__zhihan1996_DNABERT-2-117M__20260514T113259Z,0,0,0.9551520943641663,0.04484790563583374
gue_emp_H3K4me1__zhihan1996_DNABERT-2-117M__20260514T113259Z,0,1,0.08108211308717728,0.9189178347587585
gue_emp_H3K4me1__zhihan1996_DNABERT-2-117M__20260514T113259Z,1,1,0.05399883911013603,0.9460012316703796
gue_emp_H3K4me1__zhihan1996_DNABERT-2-117M__20260514T113259Z,0,1,0.041152890771627426,0.9588471055030823
gue_emp_H3K4me1__zhihan1996_DNABERT-2-117M__20260514T113259Z,1,1,0.046076808124780655,0.953923225402832
gue_emp_H3K4me1__zhihan1996_DNABERT-2-117M__20260514T113259Z,0,1,0.15323211252689362,0.8467679023742676
gue_emp_H3K4me1__zhihan1996_DNABERT-2-117M__20260514T113259Z,1,1,0.06754669547080994,0.9324532747268677
gue_emp_H3K4me1__zhihan1996_DNABERT-2-117M__20260514T113259Z,0,1,0.2530295252799988,0.746970534324646
gue_emp_H3K4me1__zhihan1996_DNABERT-2-117M__20260514T113259Z,1,0,0.9726495146751404,0.027350496500730515
gue_emp_H3K4me1__zhihan1996_DNABERT-2-117M__20260514T113259Z,1,1,0.06608538329601288,0.9339146018028259
gue_emp_H3K4me1__zhihan1996_DNABERT-2-117M__20260514T113259Z,1,1,0.10438598692417145,0.895613968372345
gue_emp_H3K4me1__zhihan1996_DNABERT-2-117M__20260514T113259Z,0,0,0.5137942433357239,0.4862057566642761
gue_emp_H3K4me1__zhihan1996_DNABERT-2-117M__20260514T113259Z,1,1,0.2934044897556305,0.7065955400466919
gue_emp_H3K4me1__zhihan1996_DNABERT-2-117M__20260514T113259Z,1,1,0.06891249865293503,0.9310875535011292
gue_emp_H3K4me1__zhihan1996_DNABERT-2-117M__20260514T113259Z,0,0,0.6612669825553894,0.33873307704925537
gue_emp_H3K4me1__zhihan1996_DNABERT-2-117M__20260514T113259Z,1,1,0.06596492975950241,0.934035062789917
gue_emp_H3K4me1__zhihan1996_DNABERT-2-117M__20260514T113259Z,0,1,0.41398051381111145,0.5860195159912109
gue_emp_H3K4me1__zhihan1996_DNABERT-2-117M__20260514T113259Z,1,1,0.3960973620414734,0.6039025783538818
gue_emp_H3K4me1__zhihan1996_DNABERT-2-117M__20260514T113259Z,1,0,0.5862119793891907,0.4137880206108093
gue_emp_H3K4me1__zhihan1996_DNABERT-2-117M__20260514T113259Z,0,1,0.29219120740890503,0.707808792591095
gue_emp_H3K4me1__zhihan1996_DNABERT-2-117M__20260514T113259Z,0,0,0.9207183718681335,0.07928158342838287
gue_emp_H3K4me1__zhihan1996_DNABERT-2-117M__20260514T113259Z,0,0,0.8871068358421326,0.11289317160844803
gue_emp_H3K4me1__zhihan1996_DNABERT-2-117M__20260514T113259Z,1,1,0.11211313307285309,0.8878868818283081
gue_emp_H3K4me1__zhihan1996_DNABERT-2-117M__20260514T113259Z,1,1,0.1655256450176239,0.8344743251800537
gue_emp_H3K4me1__zhihan1996_DNABERT-2-117M__20260514T113259Z,1,0,0.6727080941200256,0.32729193568229675
gue_emp_H3K4me1__zhihan1996_DNABERT-2-117M__20260514T113259Z,1,1,0.06797852367162704,0.9320214986801147
gue_emp_H3K4me1__zhihan1996_DNABERT-2-117M__20260514T113259Z,0,0,0.7183968424797058,0.2816031277179718
gue_emp_H3K4me1__zhihan1996_DNABERT-2-117M__20260514T113259Z,1,1,0.04972727969288826,0.9502726793289185
gue_emp_H3K4me1__zhihan1996_DNABERT-2-117M__20260514T113259Z,1,1,0.13528920710086823,0.864710807800293
gue_emp_H3K4me1__zhihan1996_DNABERT-2-117M__20260514T113259Z,1,1,0.03926875442266464,0.9607312679290771
gue_emp_H3K4me1__zhihan1996_DNABERT-2-117M__20260514T113259Z,1,1,0.13846179842948914,0.8615382313728333
gue_emp_H3K4me1__zhihan1996_DNABERT-2-117M__20260514T113259Z,1,1,0.13006427884101868,0.8699357509613037
gue_emp_H3K4me1__zhihan1996_DNABERT-2-117M__20260514T113259Z,0,1,0.053502149879932404,0.9464978575706482
gue_emp_H3K4me1__zhihan1996_DNABERT-2-117M__20260514T113259Z,0,1,0.4255455434322357,0.5744544863700867
gue_emp_H3K4me1__zhihan1996_DNABERT-2-117M__20260514T113259Z,0,0,0.9343951344490051,0.06560483574867249
gue_emp_H3K4me1__zhihan1996_DNABERT-2-117M__20260514T113259Z,0,0,0.9636091589927673,0.036390893161296844
gue_emp_H3K4me1__zhihan1996_DNABERT-2-117M__20260514T113259Z,0,0,0.9040591716766357,0.09594075381755829
gue_emp_H3K4me1__zhihan1996_DNABERT-2-117M__20260514T113259Z,1,0,0.6766732931137085,0.32332664728164673
gue_emp_H3K4me1__zhihan1996_DNABERT-2-117M__20260514T113259Z,1,1,0.14348749816417694,0.8565124869346619
gue_emp_H3K4me1__zhihan1996_DNABERT-2-117M__20260514T113259Z,0,1,0.37410447001457214,0.6258955001831055
gue_emp_H3K4me1__zhihan1996_DNABERT-2-117M__20260514T113259Z,0,0,0.9640854597091675,0.03591449558734894
gue_emp_H3K4me1__zhihan1996_DNABERT-2-117M__20260514T113259Z,1,0,0.9020070433616638,0.09799297899007797
gue_emp_H3K4me1__zhihan1996_DNABERT-2-117M__20260514T113259Z,0,0,0.9770664572715759,0.022933563217520714
gue_emp_H3K4me1__zhihan1996_DNABERT-2-117M__20260514T113259Z,1,1,0.05561761558055878,0.9443824291229248
gue_emp_H3K4me1__zhihan1996_DNABERT-2-117M__20260514T113259Z,1,0,0.8366879820823669,0.16331195831298828
gue_emp_H3K4me1__zhihan1996_DNABERT-2-117M__20260514T113259Z,1,1,0.06204626336693764,0.9379537105560303
gue_emp_H3K4me1__zhihan1996_DNABERT-2-117M__20260514T113259Z,1,1,0.28631889820098877,0.7136811017990112
gue_emp_H3K4me1__zhihan1996_DNABERT-2-117M__20260514T113259Z,1,1,0.075721375644207,0.9242786765098572
gue_emp_H3K4me1__zhihan1996_DNABERT-2-117M__20260514T113259Z,0,0,0.9776499271392822,0.022350111976265907
gue_emp_H3K4me1__zhihan1996_DNABERT-2-117M__20260514T113259Z,1,1,0.0905744805932045,0.9094254970550537
gue_emp_H3K4me1__zhihan1996_DNABERT-2-117M__20260514T113259Z,1,0,0.9675945043563843,0.03240551799535751
gue_emp_H3K4me1__zhihan1996_DNABERT-2-117M__20260514T113259Z,1,0,0.8095772862434387,0.19042274355888367
gue_emp_H3K4me1__zhihan1996_DNABERT-2-117M__20260514T113259Z,1,0,0.9661239385604858,0.03387598320841789
gue_emp_H3K4me1__zhihan1996_DNABERT-2-117M__20260514T113259Z,1,1,0.08601587265729904,0.9139840602874756
gue_emp_H3K4me1__zhihan1996_DNABERT-2-117M__20260514T113259Z,0,0,0.6381872892379761,0.3618127703666687
gue_emp_H3K4me1__zhihan1996_DNABERT-2-117M__20260514T113259Z,1,1,0.08787643909454346,0.9121235609054565
gue_emp_H3K4me1__zhihan1996_DNABERT-2-117M__20260514T113259Z,1,1,0.12863455712795258,0.8713654279708862
gue_emp_H3K4me1__zhihan1996_DNABERT-2-117M__20260514T113259Z,1,1,0.23065973818302155,0.7693402767181396
gue_emp_H3K4me1__zhihan1996_DNABERT-2-117M__20260514T113259Z,1,0,0.6068770885467529,0.3931228816509247
gue_emp_H3K4me1__zhihan1996_DNABERT-2-117M__20260514T113259Z,1,1,0.08404060453176498,0.9159594178199768
gue_emp_H3K4me1__zhihan1996_DNABERT-2-117M__20260514T113259Z,0,1,0.31462937593460083,0.685370683670044
gue_emp_H3K4me1__zhihan1996_DNABERT-2-117M__20260514T113259Z,1,1,0.06412401050329208,0.9358759522438049
gue_emp_H3K4me1__zhihan1996_DNABERT-2-117M__20260514T113259Z,1,0,0.541757345199585,0.45824262499809265
gue_emp_H3K4me1__zhihan1996_DNABERT-2-117M__20260514T113259Z,0,1,0.0772387906908989,0.9227612018585205
gue_emp_H3K4me1__zhihan1996_DNABERT-2-117M__20260514T113259Z,1,0,0.5061671137809753,0.49383291602134705
gue_emp_H3K4me1__zhihan1996_DNABERT-2-117M__20260514T113259Z,0,0,0.8745601773262024,0.1254398673772812
gue_emp_H3K4me1__zhihan1996_DNABERT-2-117M__20260514T113259Z,1,0,0.6558321714401245,0.3441678583621979
gue_emp_H3K4me1__zhihan1996_DNABERT-2-117M__20260514T113259Z,0,0,0.6305142641067505,0.36948567628860474
gue_emp_H3K4me1__zhihan1996_DNABERT-2-117M__20260514T113259Z,0,0,0.9312752485275269,0.06872475892305374
gue_emp_H3K4me1__zhihan1996_DNABERT-2-117M__20260514T113259Z,0,0,0.5163096785545349,0.4836903512477875
gue_emp_H3K4me1__zhihan1996_DNABERT-2-117M__20260514T113259Z,0,0,0.5727825164794922,0.4272174835205078
gue_emp_H3K4me1__zhihan1996_DNABERT-2-117M__20260514T113259Z,0,0,0.7702056169509888,0.22979435324668884
gue_emp_H3K4me1__zhihan1996_DNABERT-2-117M__20260514T113259Z,1,1,0.12700155377388,0.8729984164237976
gue_emp_H3K4me1__zhihan1996_DNABERT-2-117M__20260514T113259Z,1,0,0.8541562557220459,0.1458437740802765
gue_emp_H3K4me1__zhihan1996_DNABERT-2-117M__20260514T113259Z,1,1,0.04581994563341141,0.9541800618171692
gue_emp_H3K4me1__zhihan1996_DNABERT-2-117M__20260514T113259Z,0,0,0.6779538989067078,0.32204607129096985
gue_emp_H3K4me1__zhihan1996_DNABERT-2-117M__20260514T113259Z,0,0,0.6068770885467529,0.3931228816509247
gue_emp_H3K4me1__zhihan1996_DNABERT-2-117M__20260514T113259Z,0,0,0.9457011222839355,0.05429893732070923
gue_emp_H3K4me1__zhihan1996_DNABERT-2-117M__20260514T113259Z,0,0,0.9564718008041382,0.043528132140636444
gue_emp_H3K4me1__zhihan1996_DNABERT-2-117M__20260514T113259Z,1,1,0.05749328061938286,0.9425067901611328
gue_emp_H3K4me1__zhihan1996_DNABERT-2-117M__20260514T113259Z,1,0,0.6929537653923035,0.3070462644100189
gue_emp_H3K4me1__zhihan1996_DNABERT-2-117M__20260514T113259Z,1,1,0.3643251061439514,0.6356749534606934
gue_emp_H3K4me1__zhihan1996_DNABERT-2-117M__20260514T113259Z,1,1,0.0905744805932045,0.9094254970550537
gue_emp_H3K4me1__zhihan1996_DNABERT-2-117M__20260514T113259Z,1,1,0.1796024888753891,0.8203974962234497
gue_emp_H3K4me1__zhihan1996_DNABERT-2-117M__20260514T113259Z,1,1,0.23440666496753693,0.7655933499336243
gue_emp_H3K4me1__zhihan1996_DNABERT-2-117M__20260514T113259Z,1,1,0.2458084672689438,0.754191517829895
gue_emp_H3K4me1__zhihan1996_DNABERT-2-117M__20260514T113259Z,0,0,0.7159208059310913,0.2840792238712311
gue_emp_H3K4me1__zhihan1996_DNABERT-2-117M__20260514T113259Z,0,1,0.16257937252521515,0.8374205827713013
gue_emp_H3K4me1__zhihan1996_DNABERT-2-117M__20260514T113259Z,0,0,0.9601748585700989,0.039825133979320526
gue_emp_H3K4me1__zhihan1996_DNABERT-2-117M__20260514T113259Z,0,0,0.9645892381668091,0.03541072830557823
gue_emp_H3K4me1__zhihan1996_DNABERT-2-117M__20260514T113259Z,0,0,0.8214741349220276,0.17852582037448883
gue_emp_H3K4me1__zhihan1996_DNABERT-2-117M__20260514T113259Z,0,0,0.963949978351593,0.036049988120794296
gue_emp_H3K4me1__zhihan1996_DNABERT-2-117M__20260514T113259Z,0,0,0.9579516053199768,0.0420483723282814
gue_emp_H3K4me1__zhihan1996_DNABERT-2-117M__20260514T113259Z,0,0,0.9750359654426575,0.024964014068245888
gue_emp_H3K4me1__zhihan1996_DNABERT-2-117M__20260514T113259Z,0,0,0.9577545523643494,0.04224549978971481
gue_emp_H3K4me1__zhihan1996_DNABERT-2-117M__20260514T113259Z,1,1,0.08487121760845184,0.9151287078857422
gue_emp_H3K4me1__zhihan1996_DNABERT-2-117M__20260514T113259Z,1,1,0.06554500013589859,0.9344549775123596
gue_emp_H3K4me1__zhihan1996_DNABERT-2-117M__20260514T113259Z,0,0,0.8926093578338623,0.10739067196846008
gue_emp_H3K4me1__zhihan1996_DNABERT-2-117M__20260514T113259Z,1,1,0.08284562826156616,0.9171544313430786
gue_emp_H3K4me1__zhihan1996_DNABERT-2-117M__20260514T113259Z,0,0,0.9437118172645569,0.05628819763660431
gue_emp_H3K4me1__zhihan1996_DNABERT-2-117M__20260514T113259Z,1,1,0.08858346939086914,0.9114164710044861
gue_emp_H3K4me1__zhihan1996_DNABERT-2-117M__20260514T113259Z,1,1,0.054048750549554825,0.9459512829780579
gue_emp_H3K4me1__zhihan1996_DNABERT-2-117M__20260514T113259Z,1,0,0.6975574493408203,0.3024425804615021
gue_emp_H3K4me1__zhihan1996_DNABERT-2-117M__20260514T113259Z,0,1,0.29375892877578735,0.7062410712242126
gue_emp_H3K4me1__zhihan1996_DNABERT-2-117M__20260514T113259Z,1,0,0.8745601773262024,0.1254398673772812
gue_emp_H3K4me1__zhihan1996_DNABERT-2-117M__20260514T113259Z,1,1,0.05037733167409897,0.9496226906776428
gue_emp_H3K4me1__zhihan1996_DNABERT-2-117M__20260514T113259Z,0,1,0.05992140620946884,0.940078616142273
gue_emp_H3K4me1__zhihan1996_DNABERT-2-117M__20260514T113259Z,0,0,0.9772191047668457,0.0227808840572834
gue_emp_H3K4me1__zhihan1996_DNABERT-2-117M__20260514T113259Z,0,0,0.9657383561134338,0.03426161780953407
gue_emp_H3K4me1__zhihan1996_DNABERT-2-117M__20260514T113259Z,1,1,0.060086652636528015,0.9399133324623108
gue_emp_H3K4me1__zhihan1996_DNABERT-2-117M__20260514T113259Z,0,0,0.8613050580024719,0.13869494199752808
gue_emp_H3K4me1__zhihan1996_DNABERT-2-117M__20260514T113259Z,1,0,0.8733229041099548,0.12667711079120636
gue_emp_H3K4me1__zhihan1996_DNABERT-2-117M__20260514T113259Z,0,0,0.8908652067184448,0.10913479328155518
gue_emp_H3K4me1__zhihan1996_DNABERT-2-117M__20260514T113259Z,1,1,0.05370030552148819,0.94629967212677
gue_emp_H3K4me1__zhihan1996_DNABERT-2-117M__20260514T113259Z,1,0,0.5564749240875244,0.443525105714798
gue_emp_H3K4me1__zhihan1996_DNABERT-2-117M__20260514T113259Z,1,1,0.06136776879429817,0.9386322498321533
gue_emp_H3K4me1__zhihan1996_DNABERT-2-117M__20260514T113259Z,0,1,0.06754669547080994,0.9324532747268677
gue_emp_H3K4me1__zhihan1996_DNABERT-2-117M__20260514T113259Z,1,1,0.04564946889877319,0.9543505907058716
gue_emp_H3K4me1__zhihan1996_DNABERT-2-117M__20260514T113259Z,0,0,0.7846492528915405,0.21535073220729828
gue_emp_H3K4me1__zhihan1996_DNABERT-2-117M__20260514T113259Z,0,1,0.3224726617336273,0.6775273680686951
gue_emp_H3K4me1__zhihan1996_DNABERT-2-117M__20260514T113259Z,1,1,0.10557884722948074,0.8944211602210999
gue_emp_H3K4me1__zhihan1996_DNABERT-2-117M__20260514T113259Z,0,0,0.9700418710708618,0.02995811216533184
gue_emp_H3K4me1__zhihan1996_DNABERT-2-117M__20260514T113259Z,1,1,0.08028533309698105,0.9197146892547607
gue_emp_H3K4me1__zhihan1996_DNABERT-2-117M__20260514T113259Z,1,1,0.0943434089422226,0.9056565761566162
gue_emp_H3K4me1__zhihan1996_DNABERT-2-117M__20260514T113259Z,1,1,0.28373175859451294,0.7162681818008423
gue_emp_H3K4me1__zhihan1996_DNABERT-2-117M__20260514T113259Z,0,0,0.9273633360862732,0.07263670116662979
gue_emp_H3K4me1__zhihan1996_DNABERT-2-117M__20260514T113259Z,0,0,0.8153795003890991,0.1846204698085785
gue_emp_H3K4me1__zhihan1996_DNABERT-2-117M__20260514T113259Z,1,1,0.05065838247537613,0.9493416547775269
gue_emp_H3K4me1__zhihan1996_DNABERT-2-117M__20260514T113259Z,1,1,0.17203271389007568,0.8279673457145691
gue_emp_H3K4me1__zhihan1996_DNABERT-2-117M__20260514T113259Z,0,0,0.9322068691253662,0.06779313832521439
gue_emp_H3K4me1__zhihan1996_DNABERT-2-117M__20260514T113259Z,1,0,0.8144221305847168,0.18557791411876678
gue_emp_H3K4me1__zhihan1996_DNABERT-2-117M__20260514T113259Z,0,1,0.06296183168888092,0.9370381236076355
gue_emp_H3K4me1__zhihan1996_DNABERT-2-117M__20260514T113259Z,0,0,0.8445372581481934,0.15546272695064545
gue_emp_H3K4me1__zhihan1996_DNABERT-2-117M__20260514T113259Z,1,1,0.0663873702287674,0.933612585067749
gue_emp_H3K4me1__zhihan1996_DNABERT-2-117M__20260514T113259Z,0,0,0.9662197828292847,0.03378022834658623
gue_emp_H3K4me1__zhihan1996_DNABERT-2-117M__20260514T113259Z,1,1,0.08961381763219833,0.9103862047195435
gue_emp_H3K4me1__zhihan1996_DNABERT-2-117M__20260514T113259Z,0,1,0.09868568927049637,0.9013143181800842
gue_emp_H3K4me1__zhihan1996_DNABERT-2-117M__20260514T113259Z,1,1,0.0636567622423172,0.9363431930541992
gue_emp_H3K4me1__zhihan1996_DNABERT-2-117M__20260514T113259Z,0,0,0.9159594178199768,0.08404060453176498
gue_emp_H3K4me1__zhihan1996_DNABERT-2-117M__20260514T113259Z,1,1,0.0772387906908989,0.9227612018585205
gue_emp_H3K4me1__zhihan1996_DNABERT-2-117M__20260514T113259Z,1,1,0.04663803428411484,0.9533619284629822
gue_emp_H3K4me1__zhihan1996_DNABERT-2-117M__20260514T113259Z,0,0,0.7961340546607971,0.20386599004268646
gue_emp_H3K4me1__zhihan1996_DNABERT-2-117M__20260514T113259Z,1,1,0.28631889820098877,0.7136811017990112
gue_emp_H3K4me1__zhihan1996_DNABERT-2-117M__20260514T113259Z,1,1,0.22764098644256592,0.7723590135574341
gue_emp_H3K4me1__zhihan1996_DNABERT-2-117M__20260514T113259Z,1,1,0.24553699791431427,0.7544629573822021
gue_emp_H3K4me1__zhihan1996_DNABERT-2-117M__20260514T113259Z,1,1,0.13313321769237518,0.8668667674064636
gue_emp_H3K4me1__zhihan1996_DNABERT-2-117M__20260514T113259Z,0,1,0.07871317118406296,0.9212868809700012
gue_emp_H3K4me1__zhihan1996_DNABERT-2-117M__20260514T113259Z,1,1,0.05797139182686806,0.9420285820960999
gue_emp_H3K4me1__zhihan1996_DNABERT-2-117M__20260514T113259Z,1,1,0.04899410158395767,0.9510058760643005
gue_emp_H3K4me1__zhihan1996_DNABERT-2-117M__20260514T113259Z,1,1,0.42056983709335327,0.5794301629066467
gue_emp_H3K4me1__zhihan1996_DNABERT-2-117M__20260514T113259Z,1,1,0.3262714445590973,0.6737285852432251
gue_emp_H3K4me1__zhihan1996_DNABERT-2-117M__20260514T113259Z,1,1,0.05023736506700516,0.9497627019882202
gue_emp_H3K4me1__zhihan1996_DNABERT-2-117M__20260514T113259Z,0,1,0.4861714243888855,0.5138285756111145
gue_emp_H3K4me1__zhihan1996_DNABERT-2-117M__20260514T113259Z,0,1,0.14074909687042236,0.8592509031295776
gue_emp_H3K4me1__zhihan1996_DNABERT-2-117M__20260514T113259Z,1,1,0.09392703324556351,0.9060729146003723
gue_emp_H3K4me1__zhihan1996_DNABERT-2-117M__20260514T113259Z,0,0,0.5693738460540771,0.43062615394592285
gue_emp_H3K4me1__zhihan1996_DNABERT-2-117M__20260514T113259Z,0,1,0.25678539276123047,0.7432146072387695
gue_emp_H3K4me1__zhihan1996_DNABERT-2-117M__20260514T113259Z,1,1,0.09518112242221832,0.9048188328742981
gue_emp_H3K4me1__zhihan1996_DNABERT-2-117M__20260514T113259Z,1,1,0.05065838247537613,0.9493416547775269
gue_emp_H3K4me1__zhihan1996_DNABERT-2-117M__20260514T113259Z,1,0,0.8505306839942932,0.1494692862033844
gue_emp_H3K4me1__zhihan1996_DNABERT-2-117M__20260514T113259Z,1,0,0.6818856596946716,0.318114310503006
gue_emp_H3K4me1__zhihan1996_DNABERT-2-117M__20260514T113259Z,1,0,0.8652240633964539,0.13477592170238495
gue_emp_H3K4me1__zhihan1996_DNABERT-2-117M__20260514T113259Z,1,1,0.08811154961585999,0.9118884801864624
gue_emp_H3K4me1__zhihan1996_DNABERT-2-117M__20260514T113259Z,0,0,0.9354645609855652,0.0645354762673378
gue_emp_H3K4me1__zhihan1996_DNABERT-2-117M__20260514T113259Z,1,1,0.13546064496040344,0.8645393252372742
gue_emp_H3K4me1__zhihan1996_DNABERT-2-117M__20260514T113259Z,0,1,0.12007720023393631,0.8799227476119995
gue_emp_H3K4me1__zhihan1996_DNABERT-2-117M__20260514T113259Z,1,1,0.1245320737361908,0.8754679560661316
gue_emp_H3K4me1__zhihan1996_DNABERT-2-117M__20260514T113259Z,1,0,0.7941455841064453,0.2058544158935547
gue_emp_H3K4me1__zhihan1996_DNABERT-2-117M__20260514T113259Z,0,0,0.9396369457244873,0.06036300212144852
gue_emp_H3K4me1__zhihan1996_DNABERT-2-117M__20260514T113259Z,0,1,0.10141131281852722,0.8985886573791504
gue_emp_H3K4me1__zhihan1996_DNABERT-2-117M__20260514T113259Z,1,1,0.06477170437574387,0.9352282881736755
gue_emp_H3K4me1__zhihan1996_DNABERT-2-117M__20260514T113259Z,1,1,0.23353148996829987,0.7664684653282166
gue_emp_H3K4me1__zhihan1996_DNABERT-2-117M__20260514T113259Z,0,0,0.5929906964302063,0.4070092737674713
gue_emp_H3K4me1__zhihan1996_DNABERT-2-117M__20260514T113259Z,1,1,0.29619598388671875,0.7038039565086365
gue_emp_H3K4me1__zhihan1996_DNABERT-2-117M__20260514T113259Z,1,1,0.4589700400829315,0.5410299897193909
gue_emp_H3K4me1__zhihan1996_DNABERT-2-117M__20260514T113259Z,1,1,0.16377952694892883,0.8362204432487488
gue_emp_H3K4me1__zhihan1996_DNABERT-2-117M__20260514T113259Z,0,1,0.18624302744865417,0.8137569427490234
gue_emp_H3K4me1__zhihan1996_DNABERT-2-117M__20260514T113259Z,1,0,0.8386797904968262,0.16132023930549622
gue_emp_H3K4me1__zhihan1996_DNABERT-2-117M__20260514T113259Z,0,0,0.8860759139060974,0.11392416805028915
